⚙️  Generating plists...
⚙️  Generating project...
⚙️  Writing project...
Created project at /tmp/board1-rc15-preparatory-46903cd0-xke1sctz/rod-worktrees/wt_IOS-SOS-RETRY-001/ios/Godstone.xcodeproj
iOS UI lane: attempted=2 launched=2 raw-rc=1 log=ios-ui-lane.log digest=fb5bf4cca8250c73…
  (*the raw xcodebuild status is EVIDENCE; the verdict comes from `ci/check_lane_results.py`*)

sqlcipher_stage=/var/folders/bg/pd6rztd92f73y6f73sbxdkdc0000gn/T//board1-sqlcipher-ios-simulator
=== scheme LabMeshUI ===
Command line invocation:
    /Applications/Xcode.app/Contents/Developer/usr/bin/xcodebuild -project ios/Godstone.xcodeproj -scheme LabMeshUI -configuration LightDebug -destination "platform=iOS Simulator,name=iPhone 17 Pro Max" CODE_SIGNING_ALLOWED=NO test

Build settings from command line:
    CODE_SIGNING_ALLOWED = NO

Resolve Package Graph


Resolved source packages:
  GodstonePackages: /tmp/board1-rc15-preparatory-46903cd0-xke1sctz/rod-worktrees/wt_IOS-SOS-RETRY-001/ios/Godstone

ComputePackagePrebuildTargetDependencyGraph

Prepare packages

CreateBuildRequest

SendProjectDescription

CreateBuildOperation

ComputeTargetDependencyGraph
note: Building targets in dependency order
note: Target dependency graph (6 targets)
    Target 'LabMeshUITests' in project 'Godstone'
        ➜ Explicit dependency on target 'LabMesh' in project 'Godstone'
    Target 'LabMesh' in project 'Godstone'
        ➜ Explicit dependency on target 'GodstoneMesh-product' in project 'GodstonePackages'
        ➜ Explicit dependency on target 'GodstoneCore-product' in project 'GodstonePackages'
    Target 'GodstoneCore-product' in project 'GodstonePackages'
        ➜ Explicit dependency on target 'GodstoneCore' in project 'GodstonePackages'
    Target 'GodstoneMesh-product' in project 'GodstonePackages'
        ➜ Explicit dependency on target 'GodstoneMesh' in project 'GodstonePackages'
        ➜ Explicit dependency on target 'GodstoneCore' in project 'GodstonePackages'
    Target 'GodstoneMesh' in project 'GodstonePackages'
        ➜ Explicit dependency on target 'GodstoneCore' in project 'GodstonePackages'
    Target 'GodstoneCore' in project 'GodstonePackages' (no dependencies)

GatherProvisioningInputs

CreateBuildDescription

ClangStatCache /Applications/Xcode.app/Contents/Developer/Toolchains/XcodeDefault.xctoolchain/usr/bin/clang-stat-cache /Applications/Xcode.app/Contents/Developer/Platforms/iPhoneSimulator.platform/Developer/SDKs/iPhoneSimulator27.0.sdk /Users/oculus/Library/Developer/Xcode/DerivedData/SDKStatCaches.noindex/iphonesimulator27.0-24A430-8dc58220667be655e1bcc261a7455254.sdkstatcache
    cd /tmp/board1-rc15-preparatory-46903cd0-xke1sctz/rod-worktrees/wt_IOS-SOS-RETRY-001/ios/Godstone.xcodeproj
    /Applications/Xcode.app/Contents/Developer/Toolchains/XcodeDefault.xctoolchain/usr/bin/clang-stat-cache /Applications/Xcode.app/Contents/Developer/Platforms/iPhoneSimulator.platform/Developer/SDKs/iPhoneSimulator27.0.sdk -o /Users/oculus/Library/Developer/Xcode/DerivedData/SDKStatCaches.noindex/iphonesimulator27.0-24A430-8dc58220667be655e1bcc261a7455254.sdkstatcache

SwiftDriver GodstoneMesh normal arm64 com.apple.xcode.tools.swift.compiler (in target 'GodstoneMesh' from project 'GodstonePackages')
    cd /tmp/board1-rc15-preparatory-46903cd0-xke1sctz/rod-worktrees/wt_IOS-SOS-RETRY-001/ios/Godstone.xcodeproj
    builtin-SwiftDriver -- /Applications/Xcode.app/Contents/Developer/Toolchains/XcodeDefault.xctoolchain/usr/bin/swiftc -parse-as-library -module-name GodstoneMesh -Onone @/Users/oculus/Library/Developer/Xcode/DerivedData/Godstone-ddgdvyatfumhzibgcshqctgzrzbk/Build/Intermediates.noindex/GodstonePackages.build/LightDebug-iphonesimulator/GodstoneMesh-t.build/Objects-normal/arm64/GodstoneMesh.SwiftFileList -DSWIFT_PACKAGE -DDEBUG -DSWIFT_MODULE_RESOURCE_BUNDLE_UNAVAILABLE -DXcode -plugin-path /Applications/Xcode.app/Contents/Developer/Toolchains/XcodeDefault.xctoolchain/usr/lib/swift/host/plugins/testing -enable-experimental-feature DebugDescriptionMacro -sdk /Applications/Xcode.app/Contents/Developer/Platforms/iPhoneSimulator.platform/Developer/SDKs/iPhoneSimulator27.0.sdk -target arm64-apple-ios16.0-simulator -g -module-cache-path /Users/oculus/Library/Developer/Xcode/DerivedData/ModuleCache.noindex -Xfrontend -serialize-debugging-options -enable-testing -index-store-path /Users/oculus/Library/Developer/Xcode/DerivedData/Godstone-ddgdvyatfumhzibgcshqctgzrzbk/Index.noindex/DataStore -Xcc -D_LIBCPP_HARDENING_MODE\=_LIBCPP_HARDENING_MODE_DEBUG -swift-version 5 -I /Users/oculus/Library/Developer/Xcode/DerivedData/Godstone-ddgdvyatfumhzibgcshqctgzrzbk/Build/Products/LightDebug-iphonesimulator -Isystem /Applications/Xcode.app/Contents/Developer/Platforms/iPhoneSimulator.platform/Developer/usr/lib -F /Users/oculus/Library/Developer/Xcode/DerivedData/Godstone-ddgdvyatfumhzibgcshqctgzrzbk/Build/Products/LightDebug-iphonesimulator/PackageFrameworks -F /Users/oculus/Library/Developer/Xcode/DerivedData/Godstone-ddgdvyatfumhzibgcshqctgzrzbk/Build/Products/LightDebug-iphonesimulator -F /Applications/Xcode.app/Contents/Developer/Platforms/iPhoneSimulator.platform/Developer/Library/Frameworks -F /Applications/Xcode.app/Contents/Developer/Platforms/iPhoneSimulator.platform/Developer/SDKs/iPhoneSimulator27.0.sdk/Developer/Library/Frameworks -c -j10 -enable-batch-mode -incremental -Xcc -ivfsstatcache -Xcc /Users/oculus/Library/Developer/Xcode/DerivedData/SDKStatCaches.noindex/iphonesimulator27.0-24A430-8dc58220667be655e1bcc261a7455254.sdkstatcache -output-file-map /Users/oculus/Library/Developer/Xcode/DerivedData/Godstone-ddgdvyatfumhzibgcshqctgzrzbk/Build/Intermediates.noindex/GodstonePackages.build/LightDebug-iphonesimulator/GodstoneMesh-t.build/Objects-normal/arm64/GodstoneMesh-OutputFileMap.json -save-temps -no-color-diagnostics -explicit-module-build -module-cache-path /Users/oculus/Library/Developer/Xcode/DerivedData/Godstone-ddgdvyatfumhzibgcshqctgzrzbk/Build/Intermediates.noindex/SwiftExplicitPrecompiledModules -clang-scanner-module-cache-path /Users/oculus/Library/Developer/Xcode/DerivedData/ModuleCache.noindex -sdk-module-cache-path /Users/oculus/Library/Developer/Xcode/DerivedData/SDKExplicitPrecompiledModules -emit-dependencies -emit-module -emit-module-path /Users/oculus/Library/Developer/Xcode/DerivedData/Godstone-ddgdvyatfumhzibgcshqctgzrzbk/Build/Intermediates.noindex/GodstonePackages.build/LightDebug-iphonesimulator/GodstoneMesh-t.build/Objects-normal/arm64/GodstoneMesh.swiftmodule -serialize-diagnostics -dependency-scan-serialize-diagnostics-path /Users/oculus/Library/Developer/Xcode/DerivedData/Godstone-ddgdvyatfumhzibgcshqctgzrzbk/Build/Intermediates.noindex/GodstonePackages.build/LightDebug-iphonesimulator/GodstoneMesh-t.build/Objects-normal/arm64/GodstoneMesh-dependency-scan.dia -validate-clang-modules-once -clang-build-session-file /Users/oculus/Library/Developer/Xcode/DerivedData/ModuleCache.noindex/Session.modulevalidation -Xcc -fmodules-prune-interval\=86400 -Xcc -fmodules-prune-after\=345600 -package-name godstone -emit-const-values -const-gather-protocols-list /Users/oculus/Library/Developer/Xcode/DerivedData/Godstone-ddgdvyatfumhzibgcshqctgzrzbk/Build/Intermediates.noindex/GodstonePackages.build/LightDebug-iphonesimulator/GodstoneMesh-t.build/Objects-normal/arm64/GodstoneMesh_const_extract_protocols.json -Xcc -I/Users/oculus/Library/Developer/Xcode/DerivedData/Godstone-ddgdvyatfumhzibgcshqctgzrzbk/Build/Products/LightDebug-iphonesimulator/include -Xcc -I/Users/oculus/Library/Developer/Xcode/DerivedData/Godstone-ddgdvyatfumhzibgcshqctgzrzbk/Build/Intermediates.noindex/GodstonePackages.build/LightDebug-iphonesimulator/GodstoneMesh-t.build/DerivedSources-normal/arm64 -Xcc -I/Users/oculus/Library/Developer/Xcode/DerivedData/Godstone-ddgdvyatfumhzibgcshqctgzrzbk/Build/Intermediates.noindex/GodstonePackages.build/LightDebug-iphonesimulator/GodstoneMesh-t.build/DerivedSources/arm64 -Xcc -I/Users/oculus/Library/Developer/Xcode/DerivedData/Godstone-ddgdvyatfumhzibgcshqctgzrzbk/Build/Intermediates.noindex/GodstonePackages.build/LightDebug-iphonesimulator/GodstoneMesh-t.build/DerivedSources -Xcc -DSWIFT_PACKAGE -Xcc -DDEBUG\=1 -emit-objc-header -emit-objc-header-path /Users/oculus/Library/Developer/Xcode/DerivedData/Godstone-ddgdvyatfumhzibgcshqctgzrzbk/Build/Intermediates.noindex/GodstonePackages.build/LightDebug-iphonesimulator/GodstoneMesh-t.build/Objects-normal/arm64/GodstoneMesh-Swift.h -working-directory /tmp/board1-rc15-preparatory-46903cd0-xke1sctz/rod-worktrees/wt_IOS-SOS-RETRY-001/ios/Godstone.xcodeproj -experimental-emit-module-separately -disable-cmo

SwiftEmitModule normal arm64 Emitting\ module\ for\ GodstoneMesh (in target 'GodstoneMesh' from project 'GodstonePackages')
/private/tmp/board1-rc15-preparatory-46903cd0-xke1sctz/rod-worktrees/wt_IOS-SOS-RETRY-001/ios/Godstone/Sources/GodstoneMesh/BleTransport.swift:8:16: warning: stored property 'peripheral' of 'Sendable'-conforming struct 'OutboundPhysicalLifetime' contains non-Sendable type 'CBPeripheral'; this is an error in the Swift 6 language mode
   6 |     public let relationKey: RelationKey
   7 |     public let transportEpoch: UInt64
   8 |     public let peripheral: CBPeripheral?
     |                `- warning: stored property 'peripheral' of 'Sendable'-conforming struct 'OutboundPhysicalLifetime' contains non-Sendable type 'CBPeripheral'; this is an error in the Swift 6 language mode
   9 | 
  10 |     public init(relationKey: RelationKey, transportEpoch: UInt64, peripheral: CBPeripheral? = nil) {

/Applications/Xcode.app/Contents/Developer/Platforms/iPhoneSimulator.platform/Developer/SDKs/iPhoneSimulator27.0.sdk/System/Library/Frameworks/CoreBluetooth.framework/Headers/CBPeripheral.h:66:28: note: class 'CBPeripheral' does not conform to the 'Sendable' protocol
 64 |  */
 65 | NS_CLASS_AVAILABLE(10_7, 5_0)
 66 | CB_EXTERN_CLASS @interface CBPeripheral : CBPeer
    |                            `- note: class 'CBPeripheral' does not conform to the 'Sendable' protocol
 67 | 
 68 | /*!

/private/tmp/board1-rc15-preparatory-46903cd0-xke1sctz/rod-worktrees/wt_IOS-SOS-RETRY-001/ios/Godstone/Sources/GodstoneMesh/BleTransport.swift:2:1: warning: add '@preconcurrency' to suppress 'Sendable'-related warnings from module 'CoreBluetooth' [#AddPreconcurrencyImport]
   1 | import Foundation
   2 | import CoreBluetooth
     | `- warning: add '@preconcurrency' to suppress 'Sendable'-related warnings from module 'CoreBluetooth' [#AddPreconcurrencyImport]
   3 | import GodstoneCore
   4 | 

/private/tmp/board1-rc15-preparatory-46903cd0-xke1sctz/rod-worktrees/wt_IOS-SOS-RETRY-001/ios/Godstone/Sources/GodstoneMesh/BleTransport.swift:32:16: warning: stored property 'characteristicUuid' of 'Sendable'-conforming struct 'InboxSubscription' has non-Sendable type 'CBUUID'; this is an error in the Swift 6 language mode
  30 | /// subscription. Presented by the subscribe callback, held with the lease.
  31 | public struct InboxSubscription: Equatable, Sendable {
  32 |     public let characteristicUuid: CBUUID
     |                `- warning: stored property 'characteristicUuid' of 'Sendable'-conforming struct 'InboxSubscription' has non-Sendable type 'CBUUID'; this is an error in the Swift 6 language mode
  33 |     public let maxUpdateLength: Int
  34 | 

/Applications/Xcode.app/Contents/Developer/Platforms/iPhoneSimulator.platform/Developer/SDKs/iPhoneSimulator27.0.sdk/System/Library/Frameworks/CoreBluetooth.framework/Headers/CBUUID.h:85:28: note: class 'CBUUID' does not conform to the 'Sendable' protocol
 83 |  */
 84 | NS_CLASS_AVAILABLE(10_7, 5_0)
 85 | CB_EXTERN_CLASS @interface CBUUID : NSObject <NSCopying>
    |                            `- note: class 'CBUUID' does not conform to the 'Sendable' protocol
 86 | 
 87 | /*!

/private/tmp/board1-rc15-preparatory-46903cd0-xke1sctz/rod-worktrees/wt_IOS-SOS-RETRY-001/ios/Godstone/Sources/GodstoneMesh/BleTransport.swift:48:16: warning: stored property 'retainedCentral' of 'Sendable'-conforming struct 'InboundSubscriptionLifetime' contains non-Sendable type 'CBCentral'; this is an error in the Swift 6 language mode
  46 |     /// this handle - never through a fresh lookup of the subscriber list,
  47 |     /// which a reused identity could have renewed in the meantime.
  48 |     public let retainedCentral: CBCentral?
     |                `- warning: stored property 'retainedCentral' of 'Sendable'-conforming struct 'InboundSubscriptionLifetime' contains non-Sendable type 'CBCentral'; this is an error in the Swift 6 language mode
  49 |     /// The inbox subscription this lease stands for, as presented by the
  50 |     /// callback; nil while the subscription was not distinguishable.

/Applications/Xcode.app/Contents/Developer/Platforms/iPhoneSimulator.platform/Developer/SDKs/iPhoneSimulator27.0.sdk/System/Library/Frameworks/CoreBluetooth.framework/Headers/CBCentral.h:28:28: note: class 'CBCentral' does not conform to the 'Sendable' protocol
26 |  */
27 | NS_CLASS_AVAILABLE(10_9, 6_0)
28 | CB_EXTERN_CLASS @interface CBCentral : CBPeer
   |                            `- note: class 'CBCentral' does not conform to the 'Sendable' protocol
29 | 
30 | /*!

/private/tmp/board1-rc15-preparatory-46903cd0-xke1sctz/rod-worktrees/wt_IOS-SOS-RETRY-001/ios/Godstone/Sources/GodstoneMesh/BleTransport.swift:123:5: warning: 'public' modifier is redundant for property declared in a public extension
 121 | 
 122 | public extension TransportManagerFactory {
 123 |     public var admissionBudgetOverride: Int? { return nil }
     |     `- warning: 'public' modifier is redundant for property declared in a public extension
 124 | }
 125 | 

/private/tmp/board1-rc15-preparatory-46903cd0-xke1sctz/rod-worktrees/wt_IOS-SOS-RETRY-001/ios/Godstone/Sources/GodstoneMesh/BleTransport.swift:550:9: warning: stored property 'timer' of 'Sendable'-conforming struct 'TimerLease' has non-Sendable type 'Timer'; this is an error in the Swift 6 language mode
 548 |     public let deadlineUptimeMillis: UInt64
 549 |     public let handle: TimerKey
 550 |     let timer: Timer
     |         `- warning: stored property 'timer' of 'Sendable'-conforming struct 'TimerLease' has non-Sendable type 'Timer'; this is an error in the Swift 6 language mode
 551 |     let context: ManagerContext?
 552 | 

/Applications/Xcode.app/Contents/Developer/Platforms/iPhoneSimulator.platform/Developer/SDKs/iPhoneSimulator27.0.sdk/System/Library/Frameworks/Foundation.framework/Headers/NSTimer.h:45:12: note: class 'Timer' does not conform to the 'Sendable' protocol
 43 | ///
 44 | /// Do not subclass ``Timer``.
 45 | @interface NSTimer : NSObject
    |            `- note: class 'Timer' does not conform to the 'Sendable' protocol
 46 | 
 47 | /// Initializes a timer object with the specified invocation object.

/private/tmp/board1-rc15-preparatory-46903cd0-xke1sctz/rod-worktrees/wt_IOS-SOS-RETRY-001/ios/Godstone/Sources/GodstoneMesh/BoundRecipientKeyResolver.swift:11:1: warning: conformance to 'Sendable' must occur in the same source file as class 'PeerIdentityRepository'; use '@unchecked Sendable' for retroactive conformance; this is an error in the Swift 6 language mode
 9 | }
10 | 
11 | extension PeerIdentityRepository: PeerIdentityLookupSource {}
   | `- warning: conformance to 'Sendable' must occur in the same source file as class 'PeerIdentityRepository'; use '@unchecked Sendable' for retroactive conformance; this is an error in the Swift 6 language mode
12 | 
13 | /// Read-only durable peer-identity -> ACK signing-key resolver (ADR-003, Phase C8.3).

/private/tmp/board1-rc15-preparatory-46903cd0-xke1sctz/rod-worktrees/wt_IOS-SOS-RETRY-001/ios/Godstone/Sources/GodstoneMesh/PeerIdentityRepository.swift:114:17: warning: stored property 'store' of 'Sendable'-conforming class 'PeerIdentityRepository' has non-Sendable type 'any PeerIdentityStore'; this is an error in the Swift 6 language mode
112 | /// and post-mutation readback verification (ADR-003, Phase C8.2B).
113 | internal final class PeerIdentityRepository {
114 |     private let store: PeerIdentityStore
    |                 `- warning: stored property 'store' of 'Sendable'-conforming class 'PeerIdentityRepository' has non-Sendable type 'any PeerIdentityStore'; this is an error in the Swift 6 language mode
115 | 
116 |     init(store: PeerIdentityStore) {

/private/tmp/board1-rc15-preparatory-46903cd0-xke1sctz/rod-worktrees/wt_IOS-SOS-RETRY-001/ios/Godstone/Sources/GodstoneMesh/PeerIdentityStore.swift:223:19: note: protocol 'PeerIdentityStore' does not conform to the 'Sendable' protocol
 221 | 
 222 | /// Storage protocol for peer identity repository backend (ADR-003, Phase C8.2B).
 223 | internal protocol PeerIdentityStore: AnyObject {
     |                   `- note: protocol 'PeerIdentityStore' does not conform to the 'Sendable' protocol
 224 |     func inImmediateTransaction<T>(_ block: (PeerIdentityStore) throws -> T) throws -> T
 225 | 

/private/tmp/board1-rc15-preparatory-46903cd0-xke1sctz/rod-worktrees/wt_IOS-SOS-RETRY-001/ios/Godstone/Sources/GodstoneMesh/LabRuntime.swift:1942:17: warning: stored property 'trustStore' of 'Sendable'-conforming struct 'LabEstateSeam' contains non-Sendable type 'SqlitePeerIdentityStore'; this is an error in the Swift 6 language mode
1940 |     private let paths: [String: URL]
1941 |     private let drain: LabEstateDrainSeam?
1942 |     private let trustStore: SqlitePeerIdentityStore?
     |                 `- warning: stored property 'trustStore' of 'Sendable'-conforming struct 'LabEstateSeam' contains non-Sendable type 'SqlitePeerIdentityStore'; this is an error in the Swift 6 language mode
1943 |     internal let keychain: any LocalIdentityKeychain = HarnessIdentityKeychain()
1944 |     /// The lab carries no encrypted private store (its stores are plaintext files under Application Support), so

/private/tmp/board1-rc15-preparatory-46903cd0-xke1sctz/rod-worktrees/wt_IOS-SOS-RETRY-001/ios/Godstone/Sources/GodstoneMesh/PeerIdentityStore.swift:288:22: note: class 'SqlitePeerIdentityStore' does not conform to the 'Sendable' protocol
 286 | 
 287 | /// Production SQLite-backed peer identity store with fixed FileProtectionType.complete (ADR-003, Phase C8.2B).
 288 | internal final class SqlitePeerIdentityStore: PeerIdentityStore {
     |                      `- note: class 'SqlitePeerIdentityStore' does not conform to the 'Sendable' protocol
 289 |     private var handle: OpaquePointer?
 290 | 

/private/tmp/board1-rc15-preparatory-46903cd0-xke1sctz/rod-worktrees/wt_IOS-SOS-RETRY-001/ios/Godstone/Sources/GodstoneMesh/LabRuntime.swift:1946:18: warning: stored property 'dekProvider' of 'Sendable'-conforming struct 'LabEstateSeam' contains non-Sendable type 'any PrivateStoreKeyProvider'; this is an error in the Swift 6 language mode
1944 |     /// The lab carries no encrypted private store (its stores are plaintext files under Application Support), so
1945 |     /// there is no DEK to erase and the vault answereth `.absent` -- the tri-state doctrine's own honest word.
1946 |     internal let dekProvider: (any PrivateStoreKeyProvider)? = nil
     |                  `- warning: stored property 'dekProvider' of 'Sendable'-conforming struct 'LabEstateSeam' contains non-Sendable type 'any PrivateStoreKeyProvider'; this is an error in the Swift 6 language mode
1947 | 
1948 |     /// - Parameters:

/private/tmp/board1-rc15-preparatory-46903cd0-xke1sctz/rod-worktrees/wt_IOS-SOS-RETRY-001/ios/Godstone/Sources/GodstoneMesh/PrivateStoreKeyProvider.swift:66:17: note: protocol 'PrivateStoreKeyProvider' does not conform to the 'Sendable' protocol
 64 | /// `DefaultPrivateStoreKeyProvider`; the court injects a fake to drive wrong-DEK,
 65 | /// Keychain-unavailable, locked-device and protection-failure decisions on the host.
 66 | public protocol PrivateStoreKeyProvider: AnyObject {
    |                 `- note: protocol 'PrivateStoreKeyProvider' does not conform to the 'Sendable' protocol
 67 |     /// The pinned DEK length in bytes (AES-256).
 68 |     var dekByteCount: Int { get }

/private/tmp/board1-rc15-preparatory-46903cd0-xke1sctz/rod-worktrees/wt_IOS-SOS-RETRY-001/ios/Godstone/Sources/GodstoneMesh/MeshRuntime.swift:1309:17: warning: no calls to throwing functions occur within 'try' expression [#UnnecessaryEffectMarker]
1307 |             invalidateRuntime: { [invalidator, messageStore, peerIdentityStore,
1308 |                                  adoptedMessageConnection, adoptedPeerConnection] in
1309 |                 try invalidator.invalidateForWipe()
     |                 `- warning: no calls to throwing functions occur within 'try' expression [#UnnecessaryEffectMarker]
1310 |                 messageStore.close()
1311 |                 peerIdentityStore.close()

/private/tmp/board1-rc15-preparatory-46903cd0-xke1sctz/rod-worktrees/wt_IOS-SOS-RETRY-001/ios/Godstone/Sources/GodstoneMesh/MeshRuntime.swift:1528:13: warning: stored property 'dekProvider' of 'Sendable'-conforming struct 'DefaultRecoveryEstate' contains non-Sendable type 'any PrivateStoreKeyProvider'; this is an error in the Swift 6 language mode
1526 |         let peerStoreUrl: URL
1527 |         let keychain: any LocalIdentityKeychain
1528 |         let dekProvider: (any PrivateStoreKeyProvider)?
     |             `- warning: stored property 'dekProvider' of 'Sendable'-conforming struct 'DefaultRecoveryEstate' contains non-Sendable type 'any PrivateStoreKeyProvider'; this is an error in the Swift 6 language mode
1529 |         /// The composition's ONE owner registry; the production recovery road drains and closes through IT.
1530 |         let registry: EstateOwnerRegistry

/private/tmp/board1-rc15-preparatory-46903cd0-xke1sctz/rod-worktrees/wt_IOS-SOS-RETRY-001/ios/Godstone/Sources/GodstoneMesh/PrivateStoreKeyProvider.swift:66:17: note: protocol 'PrivateStoreKeyProvider' does not conform to the 'Sendable' protocol
 64 | /// `DefaultPrivateStoreKeyProvider`; the court injects a fake to drive wrong-DEK,
 65 | /// Keychain-unavailable, locked-device and protection-failure decisions on the host.
 66 | public protocol PrivateStoreKeyProvider: AnyObject {
    |                 `- note: protocol 'PrivateStoreKeyProvider' does not conform to the 'Sendable' protocol
 67 |     /// The pinned DEK length in bytes (AES-256).
 68 |     var dekByteCount: Int { get }

/private/tmp/board1-rc15-preparatory-46903cd0-xke1sctz/rod-worktrees/wt_IOS-SOS-RETRY-001/ios/Godstone/Sources/GodstoneMesh/MeshRuntime.swift:1533:13: warning: stored property 'liveTransportSeam' of 'Sendable'-conforming struct 'DefaultRecoveryEstate' contains non-Sendable type 'any TransportRuntimeSeam'; this is an error in the Swift 6 language mode
1531 |         /// The runtime's live transport seam, when one is running; `nil` at create time, where the registry's own
1532 |         /// positive cold proof is what the drain rung stands on.
1533 |         let liveTransportSeam: TransportRuntimeSeam?
     |             `- warning: stored property 'liveTransportSeam' of 'Sendable'-conforming struct 'DefaultRecoveryEstate' contains non-Sendable type 'any TransportRuntimeSeam'; this is an error in the Swift 6 language mode
1534 |         /// The runtime's owner invalidation/close hook, carried across rather than dropped.
1535 |         let invalidateLiveOwners: () -> Void

/private/tmp/board1-rc15-preparatory-46903cd0-xke1sctz/rod-worktrees/wt_IOS-SOS-RETRY-001/ios/Godstone/Sources/GodstoneMesh/CrashResumableWipe.swift:203:17: note: protocol 'TransportRuntimeSeam' does not conform to the 'Sendable' protocol
201 | }
202 | 
203 | public protocol TransportRuntimeSeam: AnyObject {
    |                 `- note: protocol 'TransportRuntimeSeam' does not conform to the 'Sendable' protocol
204 |     func drainTransport() -> RuntimeDrainReceipt
205 |     /// Whether THIS process lifetime has drained the transport; a reboot starts un-quiesced.

/private/tmp/board1-rc15-preparatory-46903cd0-xke1sctz/rod-worktrees/wt_IOS-SOS-RETRY-001/ios/Godstone/Sources/GodstoneMesh/MeshRuntime.swift:1535:13: warning: stored property 'invalidateLiveOwners' of 'Sendable'-conforming struct 'DefaultRecoveryEstate' has non-Sendable type '() -> ()'; this is an error in the Swift 6 language mode
1533 |         let liveTransportSeam: TransportRuntimeSeam?
1534 |         /// The runtime's owner invalidation/close hook, carried across rather than dropped.
1535 |         let invalidateLiveOwners: () -> Void
     |             |- warning: stored property 'invalidateLiveOwners' of 'Sendable'-conforming struct 'DefaultRecoveryEstate' has non-Sendable type '() -> ()'; this is an error in the Swift 6 language mode
     |             `- note: a function type must be marked '@Sendable' to conform to 'Sendable'
1536 |         internal init(messageStoreUrl: URL, peerStoreUrl: URL,
1537 |                       keychain: any LocalIdentityKeychain,

/private/tmp/board1-rc15-preparatory-46903cd0-xke1sctz/rod-worktrees/wt_IOS-SOS-RETRY-001/ios/Godstone/Sources/GodstoneMesh/MessageStore.swift:66:10: warning: associated value 'created' of 'Sendable'-conforming enum 'OutboundEnqueueResult' has non-Sendable type 'FrameV2'; this is an error in the Swift 6 language mode
  64 | public enum OutboundEnqueueResult: Sendable, Equatable {
  65 |     /// A new DIRECT message was atomically persisted in held_frames and delivery_state (QUEUED_DURABLY).
  66 |     case created(FrameV2)
     |          `- warning: associated value 'created' of 'Sendable'-conforming enum 'OutboundEnqueueResult' has non-Sendable type 'FrameV2'; this is an error in the Swift 6 language mode
  67 |     /// An idempotent retry of the SAME logical message with matching SINGLE_RECIPIENT binding and exact canonical frame.
  68 |     case alreadyQueuedSameBinding(FrameV2)

/private/tmp/board1-rc15-preparatory-46903cd0-xke1sctz/rod-worktrees/wt_IOS-SOS-RETRY-001/ios/Godstone/Sources/GodstoneMesh/WireV2.swift:7:15: note: consider making struct 'FrameV2' conform to the 'Sendable' protocol
  5 | 
  6 | /// GMP/2 frame. Header is 32 bytes, big-endian.
  7 | public struct FrameV2: Equatable {
    |               `- note: consider making struct 'FrameV2' conform to the 'Sendable' protocol
  8 |     public static let magic: UInt16 = 0x4753
  9 |     public static let version: UInt8 = 0x02

/private/tmp/board1-rc15-preparatory-46903cd0-xke1sctz/rod-worktrees/wt_IOS-SOS-RETRY-001/ios/Godstone/Sources/GodstoneMesh/MessageStore.swift:68:10: warning: associated value 'alreadyQueuedSameBinding' of 'Sendable'-conforming enum 'OutboundEnqueueResult' has non-Sendable type 'FrameV2'; this is an error in the Swift 6 language mode
  66 |     case created(FrameV2)
  67 |     /// An idempotent retry of the SAME logical message with matching SINGLE_RECIPIENT binding and exact canonical frame.
  68 |     case alreadyQueuedSameBinding(FrameV2)
     |          `- warning: associated value 'alreadyQueuedSameBinding' of 'Sendable'-conforming enum 'OutboundEnqueueResult' has non-Sendable type 'FrameV2'; this is an error in the Swift 6 language mode
  69 |     /// A held frame exists with matching msg_id but its fields/content differ from requested frame.
  70 |     case canonicalFrameMismatch

/private/tmp/board1-rc15-preparatory-46903cd0-xke1sctz/rod-worktrees/wt_IOS-SOS-RETRY-001/ios/Godstone/Sources/GodstoneMesh/WireV2.swift:7:15: note: consider making struct 'FrameV2' conform to the 'Sendable' protocol
  5 | 
  6 | /// GMP/2 frame. Header is 32 bytes, big-endian.
  7 | public struct FrameV2: Equatable {
    |               `- note: consider making struct 'FrameV2' conform to the 'Sendable' protocol
  8 |     public static let magic: UInt16 = 0x4753
  9 |     public static let version: UInt8 = 0x02

/private/tmp/board1-rc15-preparatory-46903cd0-xke1sctz/rod-worktrees/wt_IOS-SOS-RETRY-001/ios/Godstone/Sources/GodstoneMesh/SchemaMigration.swift:78:16: warning: stored property 'apply' of 'Sendable'-conforming struct 'MigrationStep' contains non-Sendable type '(any MigrationExecutor) -> ()'; this is an error in the Swift 6 language mode
 76 |     public let to: Int
 77 |     public let statements: [String]
 78 |     public let apply: MigrationApply?
    |                |- warning: stored property 'apply' of 'Sendable'-conforming struct 'MigrationStep' contains non-Sendable type '(any MigrationExecutor) -> ()'; this is an error in the Swift 6 language mode
    |                `- note: a function type must be marked '@Sendable' to conform to 'Sendable'
 79 |     public init(from: Int, to: Int, statements: [String], apply: MigrationApply? = nil) { self.from = from; self.to = to; self.statements = statements; self.apply = apply }
 80 | }


SwiftCompile normal arm64 (in target 'GodstoneMesh' from project 'GodstonePackages')
    cd /tmp/board1-rc15-preparatory-46903cd0-xke1sctz/rod-worktrees/wt_IOS-SOS-RETRY-001/ios/Godstone.xcodeproj
    

/private/tmp/board1-rc15-preparatory-46903cd0-xke1sctz/rod-worktrees/wt_IOS-SOS-RETRY-001/ios/Godstone/Sources/GodstoneMesh/SosCommand.swift:44:16: warning: stored property 'frame' of 'Sendable'-conforming struct 'ActiveSos' has non-Sendable type 'FrameV2'; this is an error in the Swift 6 language mode
 42 |     public let msgId: Data
 43 |     public let state: DeliveryState
 44 |     public let frame: FrameV2
    |                `- warning: stored property 'frame' of 'Sendable'-conforming struct 'ActiveSos' has non-Sendable type 'FrameV2'; this is an error in the Swift 6 language mode
 45 |     /// When this node committed the pair, when it remembers; nil when the
 46 |     /// tables cannot name the instant (honest silence over a fabricated clock).

/private/tmp/board1-rc15-preparatory-46903cd0-xke1sctz/rod-worktrees/wt_IOS-SOS-RETRY-001/ios/Godstone/Sources/GodstoneMesh/WireV2.swift:7:15: note: consider making struct 'FrameV2' conform to the 'Sendable' protocol
  5 | 
  6 | /// GMP/2 frame. Header is 32 bytes, big-endian.
  7 | public struct FrameV2: Equatable {
    |               `- note: consider making struct 'FrameV2' conform to the 'Sendable' protocol
  8 |     public static let magic: UInt16 = 0x4753
  9 |     public static let version: UInt8 = 0x02

/private/tmp/board1-rc15-preparatory-46903cd0-xke1sctz/rod-worktrees/wt_IOS-SOS-RETRY-001/ios/Godstone/Sources/GodstoneMesh/SyncControlOwner.swift:42:14: warning: associated value 'answered(frame:)' of 'Sendable'-conforming enum 'OwnerDecision' contains non-Sendable type 'FrameV2'; this is an error in the Swift 6 language mode
 40 |         case ignored(reason: String)
 41 |         case refused(reason: String)
 42 |         case answered(frame: FrameV2)
    |              `- warning: associated value 'answered(frame:)' of 'Sendable'-conforming enum 'OwnerDecision' contains non-Sendable type 'FrameV2'; this is an error in the Swift 6 language mode
 43 |         case delivered(frames: [FrameV2])
 44 |     }

/private/tmp/board1-rc15-preparatory-46903cd0-xke1sctz/rod-worktrees/wt_IOS-SOS-RETRY-001/ios/Godstone/Sources/GodstoneMesh/WireV2.swift:7:15: note: consider making struct 'FrameV2' conform to the 'Sendable' protocol
  5 | 
  6 | /// GMP/2 frame. Header is 32 bytes, big-endian.
  7 | public struct FrameV2: Equatable {
    |               `- note: consider making struct 'FrameV2' conform to the 'Sendable' protocol
  8 |     public static let magic: UInt16 = 0x4753
  9 |     public static let version: UInt8 = 0x02

/private/tmp/board1-rc15-preparatory-46903cd0-xke1sctz/rod-worktrees/wt_IOS-SOS-RETRY-001/ios/Godstone/Sources/GodstoneMesh/SyncControlOwner.swift:43:14: warning: associated value 'delivered(frames:)' of 'Sendable'-conforming enum 'OwnerDecision' contains non-Sendable type 'FrameV2'; this is an error in the Swift 6 language mode
 41 |         case refused(reason: String)
 42 |         case answered(frame: FrameV2)
 43 |         case delivered(frames: [FrameV2])
    |              `- warning: associated value 'delivered(frames:)' of 'Sendable'-conforming enum 'OwnerDecision' contains non-Sendable type 'FrameV2'; this is an error in the Swift 6 language mode
 44 |     }
 45 | 

/private/tmp/board1-rc15-preparatory-46903cd0-xke1sctz/rod-worktrees/wt_IOS-SOS-RETRY-001/ios/Godstone/Sources/GodstoneMesh/WireV2.swift:7:15: note: consider making struct 'FrameV2' conform to the 'Sendable' protocol
  5 | 
  6 | /// GMP/2 frame. Header is 32 bytes, big-endian.
  7 | public struct FrameV2: Equatable {
    |               `- note: consider making struct 'FrameV2' conform to the 'Sendable' protocol
  8 |     public static let magic: UInt16 = 0x4753
  9 |     public static let version: UInt8 = 0x02

/private/tmp/board1-rc15-preparatory-46903cd0-xke1sctz/rod-worktrees/wt_IOS-SOS-RETRY-001/ios/Godstone/Sources/GodstoneMesh/SyncPump.swift:46:16: warning: stored property 'frame' of 'Sendable'-conforming struct 'ForwardCopy' has non-Sendable type 'FrameV2'; this is an error in the Swift 6 language mode
 44 | /// exactly once -- and every retry re-emiteth these exact bytes.
 45 | public struct ForwardCopy: Equatable, Sendable {
 46 |     public let frame: FrameV2
    |                `- warning: stored property 'frame' of 'Sendable'-conforming struct 'ForwardCopy' has non-Sendable type 'FrameV2'; this is an error in the Swift 6 language mode
 47 |     /// The immediate hop it arrived from, which is never offered it back.
 48 |     public let fromPeer: Data?

/private/tmp/board1-rc15-preparatory-46903cd0-xke1sctz/rod-worktrees/wt_IOS-SOS-RETRY-001/ios/Godstone/Sources/GodstoneMesh/WireV2.swift:7:15: note: consider making struct 'FrameV2' conform to the 'Sendable' protocol
  5 | 
  6 | /// GMP/2 frame. Header is 32 bytes, big-endian.
  7 | public struct FrameV2: Equatable {
    |               `- note: consider making struct 'FrameV2' conform to the 'Sendable' protocol
  8 |     public static let magic: UInt16 = 0x4753
  9 |     public static let version: UInt8 = 0x02

/private/tmp/board1-rc15-preparatory-46903cd0-xke1sctz/rod-worktrees/wt_IOS-SOS-RETRY-001/ios/Godstone/Sources/GodstoneMesh/TrustedHandshakeController.swift:39:9: warning: stored property 'noiseSession' of 'Sendable'-conforming struct 'DefaultHs3Writer' has non-Sendable type 'NoiseSession'; this is an error in the Swift 6 language mode
 37 | 
 38 | internal struct DefaultHs3Writer: Hs3Writer {
 39 |     let noiseSession: NoiseSession
    |         `- warning: stored property 'noiseSession' of 'Sendable'-conforming struct 'DefaultHs3Writer' has non-Sendable type 'NoiseSession'; this is an error in the Swift 6 language mode
 40 |     func writeHs3(payload: Data) throws -> Data {
 41 |         try noiseSession.writeMessage3(payload: payload)

/private/tmp/board1-rc15-preparatory-46903cd0-xke1sctz/rod-worktrees/wt_IOS-SOS-RETRY-001/ios/Godstone/Sources/GodstoneMesh/NoiseSession.swift:48:20: note: class 'NoiseSession' does not conform to the 'Sendable' protocol
 46 | }
 47 | 
 48 | public final class NoiseSession {
    |                    `- note: class 'NoiseSession' does not conform to the 'Sendable' protocol
 49 | 
 50 |     public enum Role { case initiator, responder }

[#AddPreconcurrencyImport]: <https://docs.swift.org/compiler/documentation/diagnostics/add-preconcurrency-import>
[#UnnecessaryEffectMarker]: <https://docs.swift.org/compiler/documentation/diagnostics/unnecessary-effect-marker>
SwiftCompile normal arm64 Compiling\ SQLCipherTrustedExpectation.swift /private/tmp/board1-rc15-preparatory-46903cd0-xke1sctz/rod-worktrees/wt_IOS-SOS-RETRY-001/ios/Godstone/Sources/GodstoneMesh/SQLCipherTrustedExpectation.swift (in target 'GodstoneMesh' from project 'GodstonePackages')

SwiftCompile normal arm64 /private/tmp/board1-rc15-preparatory-46903cd0-xke1sctz/rod-worktrees/wt_IOS-SOS-RETRY-001/ios/Godstone/Sources/GodstoneMesh/SQLCipherTrustedExpectation.swift (in target 'GodstoneMesh' from project 'GodstonePackages')
    cd /tmp/board1-rc15-preparatory-46903cd0-xke1sctz/rod-worktrees/wt_IOS-SOS-RETRY-001/ios/Godstone.xcodeproj
    builtin-SwiftPerFileCompile SQLCipherTrustedExpectation.swift

SwiftDriverJobDiscovery normal arm64 Compiling SQLCipherTrustedExpectation.swift (in target 'GodstoneMesh' from project 'GodstonePackages')

SwiftDriverJobDiscovery normal arm64 Emitting module for GodstoneMesh (in target 'GodstoneMesh' from project 'GodstonePackages')

SwiftDriver\ Compilation\ Requirements GodstoneMesh normal arm64 com.apple.xcode.tools.swift.compiler (in target 'GodstoneMesh' from project 'GodstonePackages')
    cd /tmp/board1-rc15-preparatory-46903cd0-xke1sctz/rod-worktrees/wt_IOS-SOS-RETRY-001/ios/Godstone.xcodeproj
    builtin-Swift-Compilation-Requirements -- /Applications/Xcode.app/Contents/Developer/Toolchains/XcodeDefault.xctoolchain/usr/bin/swiftc -parse-as-library -module-name GodstoneMesh -Onone @/Users/oculus/Library/Developer/Xcode/DerivedData/Godstone-ddgdvyatfumhzibgcshqctgzrzbk/Build/Intermediates.noindex/GodstonePackages.build/LightDebug-iphonesimulator/GodstoneMesh-t.build/Objects-normal/arm64/GodstoneMesh.SwiftFileList -DSWIFT_PACKAGE -DDEBUG -DSWIFT_MODULE_RESOURCE_BUNDLE_UNAVAILABLE -DXcode -plugin-path /Applications/Xcode.app/Contents/Developer/Toolchains/XcodeDefault.xctoolchain/usr/lib/swift/host/plugins/testing -enable-experimental-feature DebugDescriptionMacro -sdk /Applications/Xcode.app/Contents/Developer/Platforms/iPhoneSimulator.platform/Developer/SDKs/iPhoneSimulator27.0.sdk -target arm64-apple-ios16.0-simulator -g -module-cache-path /Users/oculus/Library/Developer/Xcode/DerivedData/ModuleCache.noindex -Xfrontend -serialize-debugging-options -enable-testing -index-store-path /Users/oculus/Library/Developer/Xcode/DerivedData/Godstone-ddgdvyatfumhzibgcshqctgzrzbk/Index.noindex/DataStore -Xcc -D_LIBCPP_HARDENING_MODE\=_LIBCPP_HARDENING_MODE_DEBUG -swift-version 5 -I /Users/oculus/Library/Developer/Xcode/DerivedData/Godstone-ddgdvyatfumhzibgcshqctgzrzbk/Build/Products/LightDebug-iphonesimulator -Isystem /Applications/Xcode.app/Contents/Developer/Platforms/iPhoneSimulator.platform/Developer/usr/lib -F /Users/oculus/Library/Developer/Xcode/DerivedData/Godstone-ddgdvyatfumhzibgcshqctgzrzbk/Build/Products/LightDebug-iphonesimulator/PackageFrameworks -F /Users/oculus/Library/Developer/Xcode/DerivedData/Godstone-ddgdvyatfumhzibgcshqctgzrzbk/Build/Products/LightDebug-iphonesimulator -F /Applications/Xcode.app/Contents/Developer/Platforms/iPhoneSimulator.platform/Developer/Library/Frameworks -F /Applications/Xcode.app/Contents/Developer/Platforms/iPhoneSimulator.platform/Developer/SDKs/iPhoneSimulator27.0.sdk/Developer/Library/Frameworks -c -j10 -enable-batch-mode -incremental -Xcc -ivfsstatcache -Xcc /Users/oculus/Library/Developer/Xcode/DerivedData/SDKStatCaches.noindex/iphonesimulator27.0-24A430-8dc58220667be655e1bcc261a7455254.sdkstatcache -output-file-map /Users/oculus/Library/Developer/Xcode/DerivedData/Godstone-ddgdvyatfumhzibgcshqctgzrzbk/Build/Intermediates.noindex/GodstonePackages.build/LightDebug-iphonesimulator/GodstoneMesh-t.build/Objects-normal/arm64/GodstoneMesh-OutputFileMap.json -save-temps -no-color-diagnostics -explicit-module-build -module-cache-path /Users/oculus/Library/Developer/Xcode/DerivedData/Godstone-ddgdvyatfumhzibgcshqctgzrzbk/Build/Intermediates.noindex/SwiftExplicitPrecompiledModules -clang-scanner-module-cache-path /Users/oculus/Library/Developer/Xcode/DerivedData/ModuleCache.noindex -sdk-module-cache-path /Users/oculus/Library/Developer/Xcode/DerivedData/SDKExplicitPrecompiledModules -emit-dependencies -emit-module -emit-module-path /Users/oculus/Library/Developer/Xcode/DerivedData/Godstone-ddgdvyatfumhzibgcshqctgzrzbk/Build/Intermediates.noindex/GodstonePackages.build/LightDebug-iphonesimulator/GodstoneMesh-t.build/Objects-normal/arm64/GodstoneMesh.swiftmodule -serialize-diagnostics -dependency-scan-serialize-diagnostics-path /Users/oculus/Library/Developer/Xcode/DerivedData/Godstone-ddgdvyatfumhzibgcshqctgzrzbk/Build/Intermediates.noindex/GodstonePackages.build/LightDebug-iphonesimulator/GodstoneMesh-t.build/Objects-normal/arm64/GodstoneMesh-dependency-scan.dia -validate-clang-modules-once -clang-build-session-file /Users/oculus/Library/Developer/Xcode/DerivedData/ModuleCache.noindex/Session.modulevalidation -Xcc -fmodules-prune-interval\=86400 -Xcc -fmodules-prune-after\=345600 -package-name godstone -emit-const-values -const-gather-protocols-list /Users/oculus/Library/Developer/Xcode/DerivedData/Godstone-ddgdvyatfumhzibgcshqctgzrzbk/Build/Intermediates.noindex/GodstonePackages.build/LightDebug-iphonesimulator/GodstoneMesh-t.build/Objects-normal/arm64/GodstoneMesh_const_extract_protocols.json -Xcc -I/Users/oculus/Library/Developer/Xcode/DerivedData/Godstone-ddgdvyatfumhzibgcshqctgzrzbk/Build/Products/LightDebug-iphonesimulator/include -Xcc -I/Users/oculus/Library/Developer/Xcode/DerivedData/Godstone-ddgdvyatfumhzibgcshqctgzrzbk/Build/Intermediates.noindex/GodstonePackages.build/LightDebug-iphonesimulator/GodstoneMesh-t.build/DerivedSources-normal/arm64 -Xcc -I/Users/oculus/Library/Developer/Xcode/DerivedData/Godstone-ddgdvyatfumhzibgcshqctgzrzbk/Build/Intermediates.noindex/GodstonePackages.build/LightDebug-iphonesimulator/GodstoneMesh-t.build/DerivedSources/arm64 -Xcc -I/Users/oculus/Library/Developer/Xcode/DerivedData/Godstone-ddgdvyatfumhzibgcshqctgzrzbk/Build/Intermediates.noindex/GodstonePackages.build/LightDebug-iphonesimulator/GodstoneMesh-t.build/DerivedSources -Xcc -DSWIFT_PACKAGE -Xcc -DDEBUG\=1 -emit-objc-header -emit-objc-header-path /Users/oculus/Library/Developer/Xcode/DerivedData/Godstone-ddgdvyatfumhzibgcshqctgzrzbk/Build/Intermediates.noindex/GodstonePackages.build/LightDebug-iphonesimulator/GodstoneMesh-t.build/Objects-normal/arm64/GodstoneMesh-Swift.h -working-directory /tmp/board1-rc15-preparatory-46903cd0-xke1sctz/rod-worktrees/wt_IOS-SOS-RETRY-001/ios/Godstone.xcodeproj -experimental-emit-module-separately -disable-cmo

SwiftDriver\ Compilation GodstoneMesh normal arm64 com.apple.xcode.tools.swift.compiler (in target 'GodstoneMesh' from project 'GodstonePackages')
    cd /tmp/board1-rc15-preparatory-46903cd0-xke1sctz/rod-worktrees/wt_IOS-SOS-RETRY-001/ios/Godstone.xcodeproj
    builtin-Swift-Compilation -- /Applications/Xcode.app/Contents/Developer/Toolchains/XcodeDefault.xctoolchain/usr/bin/swiftc -parse-as-library -module-name GodstoneMesh -Onone @/Users/oculus/Library/Developer/Xcode/DerivedData/Godstone-ddgdvyatfumhzibgcshqctgzrzbk/Build/Intermediates.noindex/GodstonePackages.build/LightDebug-iphonesimulator/GodstoneMesh-t.build/Objects-normal/arm64/GodstoneMesh.SwiftFileList -DSWIFT_PACKAGE -DDEBUG -DSWIFT_MODULE_RESOURCE_BUNDLE_UNAVAILABLE -DXcode -plugin-path /Applications/Xcode.app/Contents/Developer/Toolchains/XcodeDefault.xctoolchain/usr/lib/swift/host/plugins/testing -enable-experimental-feature DebugDescriptionMacro -sdk /Applications/Xcode.app/Contents/Developer/Platforms/iPhoneSimulator.platform/Developer/SDKs/iPhoneSimulator27.0.sdk -target arm64-apple-ios16.0-simulator -g -module-cache-path /Users/oculus/Library/Developer/Xcode/DerivedData/ModuleCache.noindex -Xfrontend -serialize-debugging-options -enable-testing -index-store-path /Users/oculus/Library/Developer/Xcode/DerivedData/Godstone-ddgdvyatfumhzibgcshqctgzrzbk/Index.noindex/DataStore -Xcc -D_LIBCPP_HARDENING_MODE\=_LIBCPP_HARDENING_MODE_DEBUG -swift-version 5 -I /Users/oculus/Library/Developer/Xcode/DerivedData/Godstone-ddgdvyatfumhzibgcshqctgzrzbk/Build/Products/LightDebug-iphonesimulator -Isystem /Applications/Xcode.app/Contents/Developer/Platforms/iPhoneSimulator.platform/Developer/usr/lib -F /Users/oculus/Library/Developer/Xcode/DerivedData/Godstone-ddgdvyatfumhzibgcshqctgzrzbk/Build/Products/LightDebug-iphonesimulator/PackageFrameworks -F /Users/oculus/Library/Developer/Xcode/DerivedData/Godstone-ddgdvyatfumhzibgcshqctgzrzbk/Build/Products/LightDebug-iphonesimulator -F /Applications/Xcode.app/Contents/Developer/Platforms/iPhoneSimulator.platform/Developer/Library/Frameworks -F /Applications/Xcode.app/Contents/Developer/Platforms/iPhoneSimulator.platform/Developer/SDKs/iPhoneSimulator27.0.sdk/Developer/Library/Frameworks -c -j10 -enable-batch-mode -incremental -Xcc -ivfsstatcache -Xcc /Users/oculus/Library/Developer/Xcode/DerivedData/SDKStatCaches.noindex/iphonesimulator27.0-24A430-8dc58220667be655e1bcc261a7455254.sdkstatcache -output-file-map /Users/oculus/Library/Developer/Xcode/DerivedData/Godstone-ddgdvyatfumhzibgcshqctgzrzbk/Build/Intermediates.noindex/GodstonePackages.build/LightDebug-iphonesimulator/GodstoneMesh-t.build/Objects-normal/arm64/GodstoneMesh-OutputFileMap.json -save-temps -no-color-diagnostics -explicit-module-build -module-cache-path /Users/oculus/Library/Developer/Xcode/DerivedData/Godstone-ddgdvyatfumhzibgcshqctgzrzbk/Build/Intermediates.noindex/SwiftExplicitPrecompiledModules -clang-scanner-module-cache-path /Users/oculus/Library/Developer/Xcode/DerivedData/ModuleCache.noindex -sdk-module-cache-path /Users/oculus/Library/Developer/Xcode/DerivedData/SDKExplicitPrecompiledModules -emit-dependencies -emit-module -emit-module-path /Users/oculus/Library/Developer/Xcode/DerivedData/Godstone-ddgdvyatfumhzibgcshqctgzrzbk/Build/Intermediates.noindex/GodstonePackages.build/LightDebug-iphonesimulator/GodstoneMesh-t.build/Objects-normal/arm64/GodstoneMesh.swiftmodule -serialize-diagnostics -dependency-scan-serialize-diagnostics-path /Users/oculus/Library/Developer/Xcode/DerivedData/Godstone-ddgdvyatfumhzibgcshqctgzrzbk/Build/Intermediates.noindex/GodstonePackages.build/LightDebug-iphonesimulator/GodstoneMesh-t.build/Objects-normal/arm64/GodstoneMesh-dependency-scan.dia -validate-clang-modules-once -clang-build-session-file /Users/oculus/Library/Developer/Xcode/DerivedData/ModuleCache.noindex/Session.modulevalidation -Xcc -fmodules-prune-interval\=86400 -Xcc -fmodules-prune-after\=345600 -package-name godstone -emit-const-values -const-gather-protocols-list /Users/oculus/Library/Developer/Xcode/DerivedData/Godstone-ddgdvyatfumhzibgcshqctgzrzbk/Build/Intermediates.noindex/GodstonePackages.build/LightDebug-iphonesimulator/GodstoneMesh-t.build/Objects-normal/arm64/GodstoneMesh_const_extract_protocols.json -Xcc -I/Users/oculus/Library/Developer/Xcode/DerivedData/Godstone-ddgdvyatfumhzibgcshqctgzrzbk/Build/Products/LightDebug-iphonesimulator/include -Xcc -I/Users/oculus/Library/Developer/Xcode/DerivedData/Godstone-ddgdvyatfumhzibgcshqctgzrzbk/Build/Intermediates.noindex/GodstonePackages.build/LightDebug-iphonesimulator/GodstoneMesh-t.build/DerivedSources-normal/arm64 -Xcc -I/Users/oculus/Library/Developer/Xcode/DerivedData/Godstone-ddgdvyatfumhzibgcshqctgzrzbk/Build/Intermediates.noindex/GodstonePackages.build/LightDebug-iphonesimulator/GodstoneMesh-t.build/DerivedSources/arm64 -Xcc -I/Users/oculus/Library/Developer/Xcode/DerivedData/Godstone-ddgdvyatfumhzibgcshqctgzrzbk/Build/Intermediates.noindex/GodstonePackages.build/LightDebug-iphonesimulator/GodstoneMesh-t.build/DerivedSources -Xcc -DSWIFT_PACKAGE -Xcc -DDEBUG\=1 -emit-objc-header -emit-objc-header-path /Users/oculus/Library/Developer/Xcode/DerivedData/Godstone-ddgdvyatfumhzibgcshqctgzrzbk/Build/Intermediates.noindex/GodstonePackages.build/LightDebug-iphonesimulator/GodstoneMesh-t.build/Objects-normal/arm64/GodstoneMesh-Swift.h -working-directory /tmp/board1-rc15-preparatory-46903cd0-xke1sctz/rod-worktrees/wt_IOS-SOS-RETRY-001/ios/Godstone.xcodeproj -experimental-emit-module-separately -disable-cmo

Copy /Users/oculus/Library/Developer/Xcode/DerivedData/Godstone-ddgdvyatfumhzibgcshqctgzrzbk/Build/Products/LightDebug-iphonesimulator/GodstoneMesh.swiftmodule/Project/arm64-apple-ios-simulator.swiftsourceinfo /Users/oculus/Library/Developer/Xcode/DerivedData/Godstone-ddgdvyatfumhzibgcshqctgzrzbk/Build/Intermediates.noindex/GodstonePackages.build/LightDebug-iphonesimulator/GodstoneMesh-t.build/Objects-normal/arm64/GodstoneMesh.swiftsourceinfo (in target 'GodstoneMesh' from project 'GodstonePackages')
    cd /tmp/board1-rc15-preparatory-46903cd0-xke1sctz/rod-worktrees/wt_IOS-SOS-RETRY-001/ios/Godstone
    builtin-copy -exclude .DS_Store -exclude CVS -exclude .svn -exclude .git -exclude .hg -resolve-src-symlinks -rename /Users/oculus/Library/Developer/Xcode/DerivedData/Godstone-ddgdvyatfumhzibgcshqctgzrzbk/Build/Intermediates.noindex/GodstonePackages.build/LightDebug-iphonesimulator/GodstoneMesh-t.build/Objects-normal/arm64/GodstoneMesh.swiftsourceinfo /Users/oculus/Library/Developer/Xcode/DerivedData/Godstone-ddgdvyatfumhzibgcshqctgzrzbk/Build/Products/LightDebug-iphonesimulator/GodstoneMesh.swiftmodule/Project/arm64-apple-ios-simulator.swiftsourceinfo

Copy /Users/oculus/Library/Developer/Xcode/DerivedData/Godstone-ddgdvyatfumhzibgcshqctgzrzbk/Build/Products/LightDebug-iphonesimulator/GodstoneMesh.swiftmodule/arm64-apple-ios-simulator.abi.json /Users/oculus/Library/Developer/Xcode/DerivedData/Godstone-ddgdvyatfumhzibgcshqctgzrzbk/Build/Intermediates.noindex/GodstonePackages.build/LightDebug-iphonesimulator/GodstoneMesh-t.build/Objects-normal/arm64/GodstoneMesh.abi.json (in target 'GodstoneMesh' from project 'GodstonePackages')
    cd /tmp/board1-rc15-preparatory-46903cd0-xke1sctz/rod-worktrees/wt_IOS-SOS-RETRY-001/ios/Godstone
    builtin-copy -exclude .DS_Store -exclude CVS -exclude .svn -exclude .git -exclude .hg -resolve-src-symlinks -rename /Users/oculus/Library/Developer/Xcode/DerivedData/Godstone-ddgdvyatfumhzibgcshqctgzrzbk/Build/Intermediates.noindex/GodstonePackages.build/LightDebug-iphonesimulator/GodstoneMesh-t.build/Objects-normal/arm64/GodstoneMesh.abi.json /Users/oculus/Library/Developer/Xcode/DerivedData/Godstone-ddgdvyatfumhzibgcshqctgzrzbk/Build/Products/LightDebug-iphonesimulator/GodstoneMesh.swiftmodule/arm64-apple-ios-simulator.abi.json

SwiftDriver LabMesh normal arm64 com.apple.xcode.tools.swift.compiler (in target 'LabMesh' from project 'Godstone')
    cd /tmp/board1-rc15-preparatory-46903cd0-xke1sctz/rod-worktrees/wt_IOS-SOS-RETRY-001/ios
    builtin-SwiftDriver -- /Applications/Xcode.app/Contents/Developer/Toolchains/XcodeDefault.xctoolchain/usr/bin/swiftc -module-name GodstoneLabMesh -Onone @/Users/oculus/Library/Developer/Xcode/DerivedData/Godstone-ddgdvyatfumhzibgcshqctgzrzbk/Build/Intermediates.noindex/Godstone.build/LightDebug-iphonesimulator/LabMesh.build/Objects-normal/arm64/GodstoneLabMesh.SwiftFileList -DDEBUG -DLABMESH -enable-bare-slash-regex -enable-experimental-feature DebugDescriptionMacro -sdk /Applications/Xcode.app/Contents/Developer/Platforms/iPhoneSimulator.platform/Developer/SDKs/iPhoneSimulator27.0.sdk -target arm64-apple-ios16.0-simulator -g -module-cache-path /Users/oculus/Library/Developer/Xcode/DerivedData/ModuleCache.noindex -Xfrontend -serialize-debugging-options -enable-testing -index-store-path /Users/oculus/Library/Developer/Xcode/DerivedData/Godstone-ddgdvyatfumhzibgcshqctgzrzbk/Index.noindex/DataStore -Xcc -D_LIBCPP_HARDENING_MODE\=_LIBCPP_HARDENING_MODE_DEBUG -swift-version 5 -I /Users/oculus/Library/Developer/Xcode/DerivedData/Godstone-ddgdvyatfumhzibgcshqctgzrzbk/Build/Products/LightDebug-iphonesimulator -F /Users/oculus/Library/Developer/Xcode/DerivedData/Godstone-ddgdvyatfumhzibgcshqctgzrzbk/Build/Products/LightDebug-iphonesimulator/PackageFrameworks -F /Users/oculus/Library/Developer/Xcode/DerivedData/Godstone-ddgdvyatfumhzibgcshqctgzrzbk/Build/Products/LightDebug-iphonesimulator -c -j10 -enable-batch-mode -incremental -Xcc -ivfsstatcache -Xcc /Users/oculus/Library/Developer/Xcode/DerivedData/SDKStatCaches.noindex/iphonesimulator27.0-24A430-8dc58220667be655e1bcc261a7455254.sdkstatcache -output-file-map /Users/oculus/Library/Developer/Xcode/DerivedData/Godstone-ddgdvyatfumhzibgcshqctgzrzbk/Build/Intermediates.noindex/Godstone.build/LightDebug-iphonesimulator/LabMesh.build/Objects-normal/arm64/LabMesh-OutputFileMap.json -save-temps -no-color-diagnostics -explicit-module-build -module-cache-path /Users/oculus/Library/Developer/Xcode/DerivedData/Godstone-ddgdvyatfumhzibgcshqctgzrzbk/Build/Intermediates.noindex/SwiftExplicitPrecompiledModules -clang-scanner-module-cache-path /Users/oculus/Library/Developer/Xcode/DerivedData/ModuleCache.noindex -sdk-module-cache-path /Users/oculus/Library/Developer/Xcode/DerivedData/SDKExplicitPrecompiledModules -emit-dependencies -emit-module -emit-module-path /Users/oculus/Library/Developer/Xcode/DerivedData/Godstone-ddgdvyatfumhzibgcshqctgzrzbk/Build/Intermediates.noindex/Godstone.build/LightDebug-iphonesimulator/LabMesh.build/Objects-normal/arm64/GodstoneLabMesh.swiftmodule -serialize-diagnostics -dependency-scan-serialize-diagnostics-path /Users/oculus/Library/Developer/Xcode/DerivedData/Godstone-ddgdvyatfumhzibgcshqctgzrzbk/Build/Intermediates.noindex/Godstone.build/LightDebug-iphonesimulator/LabMesh.build/Objects-normal/arm64/GodstoneLabMesh-dependency-scan.dia -validate-clang-modules-once -clang-build-session-file /Users/oculus/Library/Developer/Xcode/DerivedData/ModuleCache.noindex/Session.modulevalidation -Xcc -fmodules-prune-interval\=86400 -Xcc -fmodules-prune-after\=345600 -emit-const-values -const-gather-protocols-list /Users/oculus/Library/Developer/Xcode/DerivedData/Godstone-ddgdvyatfumhzibgcshqctgzrzbk/Build/Intermediates.noindex/Godstone.build/LightDebug-iphonesimulator/LabMesh.build/Objects-normal/arm64/LabMesh_const_extract_protocols.json -Xcc -iquote -Xcc /Users/oculus/Library/Developer/Xcode/DerivedData/Godstone-ddgdvyatfumhzibgcshqctgzrzbk/Build/Intermediates.noindex/Godstone.build/LightDebug-iphonesimulator/LabMesh.build/GodstoneLabMesh-generated-files.hmap -Xcc -I/Users/oculus/Library/Developer/Xcode/DerivedData/Godstone-ddgdvyatfumhzibgcshqctgzrzbk/Build/Intermediates.noindex/Godstone.build/LightDebug-iphonesimulator/LabMesh.build/GodstoneLabMesh-own-target-headers.hmap -Xcc -I/Users/oculus/Library/Developer/Xcode/DerivedData/Godstone-ddgdvyatfumhzibgcshqctgzrzbk/Build/Intermediates.noindex/Godstone.build/LightDebug-iphonesimulator/LabMesh.build/GodstoneLabMesh-all-non-framework-target-headers.hmap -Xcc -ivfsoverlay -Xcc /Users/oculus/Library/Developer/Xcode/DerivedData/Godstone-ddgdvyatfumhzibgcshqctgzrzbk/Build/Intermediates.noindex/Godstone.build/LightDebug-iphonesimulator/Godstone-4fea8a13e8e9aefd7e747d7a3bbbcde9-VFS-iphonesimulator/all-product-headers.yaml -Xcc -iquote -Xcc /Users/oculus/Library/Developer/Xcode/DerivedData/Godstone-ddgdvyatfumhzibgcshqctgzrzbk/Build/Intermediates.noindex/Godstone.build/LightDebug-iphonesimulator/LabMesh.build/GodstoneLabMesh-project-headers.hmap -Xcc -I/Users/oculus/Library/Developer/Xcode/DerivedData/Godstone-ddgdvyatfumhzibgcshqctgzrzbk/Build/Products/LightDebug-iphonesimulator/include -Xcc -I/Users/oculus/Library/Developer/Xcode/DerivedData/Godstone-ddgdvyatfumhzibgcshqctgzrzbk/Build/Intermediates.noindex/Godstone.build/LightDebug-iphonesimulator/LabMesh.build/DerivedSources-normal/arm64 -Xcc -I/Users/oculus/Library/Developer/Xcode/DerivedData/Godstone-ddgdvyatfumhzibgcshqctgzrzbk/Build/Intermediates.noindex/Godstone.build/LightDebug-iphonesimulator/LabMesh.build/DerivedSources/arm64 -Xcc -I/Users/oculus/Library/Developer/Xcode/DerivedData/Godstone-ddgdvyatfumhzibgcshqctgzrzbk/Build/Intermediates.noindex/Godstone.build/LightDebug-iphonesimulator/LabMesh.build/DerivedSources -Xcc -DDEBUG\=1 -emit-objc-header -emit-objc-header-path /Users/oculus/Library/Developer/Xcode/DerivedData/Godstone-ddgdvyatfumhzibgcshqctgzrzbk/Build/Intermediates.noindex/Godstone.build/LightDebug-iphonesimulator/LabMesh.build/Objects-normal/arm64/GodstoneLabMesh-Swift.h -working-directory /tmp/board1-rc15-preparatory-46903cd0-xke1sctz/rod-worktrees/wt_IOS-SOS-RETRY-001/ios -experimental-emit-module-separately -disable-cmo

ExtractAppIntentsMetadata (in target 'GodstoneMesh' from project 'GodstonePackages')
    cd /tmp/board1-rc15-preparatory-46903cd0-xke1sctz/rod-worktrees/wt_IOS-SOS-RETRY-001/ios/Godstone
    /Applications/Xcode.app/Contents/Developer/Toolchains/XcodeDefault.xctoolchain/usr/bin/appintentsmetadataprocessor --toolchain-dir /Applications/Xcode.app/Contents/Developer/Toolchains/XcodeDefault.xctoolchain --module-name GodstoneMesh --sdk-root /Applications/Xcode.app/Contents/Developer/Platforms/iPhoneSimulator.platform/Developer/SDKs/iPhoneSimulator27.0.sdk --xcode-version 27A266a --platform-family iOS --deployment-target 16.0 --bundle-identifier godstone.GodstoneMesh --output /Users/oculus/Library/Developer/Xcode/DerivedData/Godstone-ddgdvyatfumhzibgcshqctgzrzbk/Build/Products/LightDebug-iphonesimulator/GodstoneMesh.appintents --target-triple arm64-apple-ios16.0-simulator --binary-file /Users/oculus/Library/Developer/Xcode/DerivedData/Godstone-ddgdvyatfumhzibgcshqctgzrzbk/Build/Products/LightDebug-iphonesimulator/GodstoneMesh.o --dependency-file /Users/oculus/Library/Developer/Xcode/DerivedData/Godstone-ddgdvyatfumhzibgcshqctgzrzbk/Build/Intermediates.noindex/GodstonePackages.build/LightDebug-iphonesimulator/GodstoneMesh-t.build/Objects-normal/arm64/GodstoneMesh_dependency_info.dat --stringsdata-file /Users/oculus/Library/Developer/Xcode/DerivedData/Godstone-ddgdvyatfumhzibgcshqctgzrzbk/Build/Intermediates.noindex/GodstonePackages.build/LightDebug-iphonesimulator/GodstoneMesh-t.build/Objects-normal/arm64/ExtractedAppShortcutsMetadata.stringsdata --source-file-list /Users/oculus/Library/Developer/Xcode/DerivedData/Godstone-ddgdvyatfumhzibgcshqctgzrzbk/Build/Intermediates.noindex/GodstonePackages.build/LightDebug-iphonesimulator/GodstoneMesh-t.build/Objects-normal/arm64/GodstoneMesh.SwiftFileList --metadata-file-list /Users/oculus/Library/Developer/Xcode/DerivedData/Godstone-ddgdvyatfumhzibgcshqctgzrzbk/Build/Intermediates.noindex/GodstonePackages.build/LightDebug-iphonesimulator/GodstoneMesh-t.build/GodstoneMesh.DependencyMetadataFileList --static-metadata-file-list /Users/oculus/Library/Developer/Xcode/DerivedData/Godstone-ddgdvyatfumhzibgcshqctgzrzbk/Build/Intermediates.noindex/GodstonePackages.build/LightDebug-iphonesimulator/GodstoneMesh-t.build/GodstoneMesh.DependencyStaticMetadataFileList --swift-const-vals-list /Users/oculus/Library/Developer/Xcode/DerivedData/Godstone-ddgdvyatfumhzibgcshqctgzrzbk/Build/Intermediates.noindex/GodstonePackages.build/LightDebug-iphonesimulator/GodstoneMesh-t.build/Objects-normal/arm64/GodstoneMesh.SwiftConstValuesFileList --force --compile-time-extraction --deployment-aware-processing --no-app-shortcuts-localization
2026-10-05 07:19:57.696 appintentsmetadataprocessor[27959:52812760] Starting appintentsmetadataprocessor export
2026-10-05 07:19:57.889 appintentsmetadataprocessor[27959:52812760] Extracted no relevant App Intents symbols, skipping writing output

SwiftEmitModule normal arm64 Emitting\ module\ for\ GodstoneLabMesh (in target 'LabMesh' from project 'Godstone')

SwiftCompile normal arm64 (in target 'LabMesh' from project 'Godstone')
    cd /tmp/board1-rc15-preparatory-46903cd0-xke1sctz/rod-worktrees/wt_IOS-SOS-RETRY-001/ios
    

SwiftCompile normal arm64 Compiling\ LabMeshRootApp.swift /tmp/board1-rc15-preparatory-46903cd0-xke1sctz/rod-worktrees/wt_IOS-SOS-RETRY-001/ios/Godstone/Sources/LabMesh/LabMeshRootApp.swift (in target 'LabMesh' from project 'Godstone')

SwiftCompile normal arm64 /tmp/board1-rc15-preparatory-46903cd0-xke1sctz/rod-worktrees/wt_IOS-SOS-RETRY-001/ios/Godstone/Sources/LabMesh/LabMeshRootApp.swift (in target 'LabMesh' from project 'Godstone')
    cd /tmp/board1-rc15-preparatory-46903cd0-xke1sctz/rod-worktrees/wt_IOS-SOS-RETRY-001/ios
    builtin-SwiftPerFileCompile LabMeshRootApp.swift

SwiftDriverJobDiscovery normal arm64 Emitting module for GodstoneLabMesh (in target 'LabMesh' from project 'Godstone')

SwiftDriver\ Compilation\ Requirements LabMesh normal arm64 com.apple.xcode.tools.swift.compiler (in target 'LabMesh' from project 'Godstone')
    cd /tmp/board1-rc15-preparatory-46903cd0-xke1sctz/rod-worktrees/wt_IOS-SOS-RETRY-001/ios
    builtin-Swift-Compilation-Requirements -- /Applications/Xcode.app/Contents/Developer/Toolchains/XcodeDefault.xctoolchain/usr/bin/swiftc -module-name GodstoneLabMesh -Onone @/Users/oculus/Library/Developer/Xcode/DerivedData/Godstone-ddgdvyatfumhzibgcshqctgzrzbk/Build/Intermediates.noindex/Godstone.build/LightDebug-iphonesimulator/LabMesh.build/Objects-normal/arm64/GodstoneLabMesh.SwiftFileList -DDEBUG -DLABMESH -enable-bare-slash-regex -enable-experimental-feature DebugDescriptionMacro -sdk /Applications/Xcode.app/Contents/Developer/Platforms/iPhoneSimulator.platform/Developer/SDKs/iPhoneSimulator27.0.sdk -target arm64-apple-ios16.0-simulator -g -module-cache-path /Users/oculus/Library/Developer/Xcode/DerivedData/ModuleCache.noindex -Xfrontend -serialize-debugging-options -enable-testing -index-store-path /Users/oculus/Library/Developer/Xcode/DerivedData/Godstone-ddgdvyatfumhzibgcshqctgzrzbk/Index.noindex/DataStore -Xcc -D_LIBCPP_HARDENING_MODE\=_LIBCPP_HARDENING_MODE_DEBUG -swift-version 5 -I /Users/oculus/Library/Developer/Xcode/DerivedData/Godstone-ddgdvyatfumhzibgcshqctgzrzbk/Build/Products/LightDebug-iphonesimulator -F /Users/oculus/Library/Developer/Xcode/DerivedData/Godstone-ddgdvyatfumhzibgcshqctgzrzbk/Build/Products/LightDebug-iphonesimulator/PackageFrameworks -F /Users/oculus/Library/Developer/Xcode/DerivedData/Godstone-ddgdvyatfumhzibgcshqctgzrzbk/Build/Products/LightDebug-iphonesimulator -c -j10 -enable-batch-mode -incremental -Xcc -ivfsstatcache -Xcc /Users/oculus/Library/Developer/Xcode/DerivedData/SDKStatCaches.noindex/iphonesimulator27.0-24A430-8dc58220667be655e1bcc261a7455254.sdkstatcache -output-file-map /Users/oculus/Library/Developer/Xcode/DerivedData/Godstone-ddgdvyatfumhzibgcshqctgzrzbk/Build/Intermediates.noindex/Godstone.build/LightDebug-iphonesimulator/LabMesh.build/Objects-normal/arm64/LabMesh-OutputFileMap.json -save-temps -no-color-diagnostics -explicit-module-build -module-cache-path /Users/oculus/Library/Developer/Xcode/DerivedData/Godstone-ddgdvyatfumhzibgcshqctgzrzbk/Build/Intermediates.noindex/SwiftExplicitPrecompiledModules -clang-scanner-module-cache-path /Users/oculus/Library/Developer/Xcode/DerivedData/ModuleCache.noindex -sdk-module-cache-path /Users/oculus/Library/Developer/Xcode/DerivedData/SDKExplicitPrecompiledModules -emit-dependencies -emit-module -emit-module-path /Users/oculus/Library/Developer/Xcode/DerivedData/Godstone-ddgdvyatfumhzibgcshqctgzrzbk/Build/Intermediates.noindex/Godstone.build/LightDebug-iphonesimulator/LabMesh.build/Objects-normal/arm64/GodstoneLabMesh.swiftmodule -serialize-diagnostics -dependency-scan-serialize-diagnostics-path /Users/oculus/Library/Developer/Xcode/DerivedData/Godstone-ddgdvyatfumhzibgcshqctgzrzbk/Build/Intermediates.noindex/Godstone.build/LightDebug-iphonesimulator/LabMesh.build/Objects-normal/arm64/GodstoneLabMesh-dependency-scan.dia -validate-clang-modules-once -clang-build-session-file /Users/oculus/Library/Developer/Xcode/DerivedData/ModuleCache.noindex/Session.modulevalidation -Xcc -fmodules-prune-interval\=86400 -Xcc -fmodules-prune-after\=345600 -emit-const-values -const-gather-protocols-list /Users/oculus/Library/Developer/Xcode/DerivedData/Godstone-ddgdvyatfumhzibgcshqctgzrzbk/Build/Intermediates.noindex/Godstone.build/LightDebug-iphonesimulator/LabMesh.build/Objects-normal/arm64/LabMesh_const_extract_protocols.json -Xcc -iquote -Xcc /Users/oculus/Library/Developer/Xcode/DerivedData/Godstone-ddgdvyatfumhzibgcshqctgzrzbk/Build/Intermediates.noindex/Godstone.build/LightDebug-iphonesimulator/LabMesh.build/GodstoneLabMesh-generated-files.hmap -Xcc -I/Users/oculus/Library/Developer/Xcode/DerivedData/Godstone-ddgdvyatfumhzibgcshqctgzrzbk/Build/Intermediates.noindex/Godstone.build/LightDebug-iphonesimulator/LabMesh.build/GodstoneLabMesh-own-target-headers.hmap -Xcc -I/Users/oculus/Library/Developer/Xcode/DerivedData/Godstone-ddgdvyatfumhzibgcshqctgzrzbk/Build/Intermediates.noindex/Godstone.build/LightDebug-iphonesimulator/LabMesh.build/GodstoneLabMesh-all-non-framework-target-headers.hmap -Xcc -ivfsoverlay -Xcc /Users/oculus/Library/Developer/Xcode/DerivedData/Godstone-ddgdvyatfumhzibgcshqctgzrzbk/Build/Intermediates.noindex/Godstone.build/LightDebug-iphonesimulator/Godstone-4fea8a13e8e9aefd7e747d7a3bbbcde9-VFS-iphonesimulator/all-product-headers.yaml -Xcc -iquote -Xcc /Users/oculus/Library/Developer/Xcode/DerivedData/Godstone-ddgdvyatfumhzibgcshqctgzrzbk/Build/Intermediates.noindex/Godstone.build/LightDebug-iphonesimulator/LabMesh.build/GodstoneLabMesh-project-headers.hmap -Xcc -I/Users/oculus/Library/Developer/Xcode/DerivedData/Godstone-ddgdvyatfumhzibgcshqctgzrzbk/Build/Products/LightDebug-iphonesimulator/include -Xcc -I/Users/oculus/Library/Developer/Xcode/DerivedData/Godstone-ddgdvyatfumhzibgcshqctgzrzbk/Build/Intermediates.noindex/Godstone.build/LightDebug-iphonesimulator/LabMesh.build/DerivedSources-normal/arm64 -Xcc -I/Users/oculus/Library/Developer/Xcode/DerivedData/Godstone-ddgdvyatfumhzibgcshqctgzrzbk/Build/Intermediates.noindex/Godstone.build/LightDebug-iphonesimulator/LabMesh.build/DerivedSources/arm64 -Xcc -I/Users/oculus/Library/Developer/Xcode/DerivedData/Godstone-ddgdvyatfumhzibgcshqctgzrzbk/Build/Intermediates.noindex/Godstone.build/LightDebug-iphonesimulator/LabMesh.build/DerivedSources -Xcc -DDEBUG\=1 -emit-objc-header -emit-objc-header-path /Users/oculus/Library/Developer/Xcode/DerivedData/Godstone-ddgdvyatfumhzibgcshqctgzrzbk/Build/Intermediates.noindex/Godstone.build/LightDebug-iphonesimulator/LabMesh.build/Objects-normal/arm64/GodstoneLabMesh-Swift.h -working-directory /tmp/board1-rc15-preparatory-46903cd0-xke1sctz/rod-worktrees/wt_IOS-SOS-RETRY-001/ios -experimental-emit-module-separately -disable-cmo

Copy /Users/oculus/Library/Developer/Xcode/DerivedData/Godstone-ddgdvyatfumhzibgcshqctgzrzbk/Build/Products/LightDebug-iphonesimulator/GodstoneLabMesh.swiftmodule/Project/arm64-apple-ios-simulator.swiftsourceinfo /Users/oculus/Library/Developer/Xcode/DerivedData/Godstone-ddgdvyatfumhzibgcshqctgzrzbk/Build/Intermediates.noindex/Godstone.build/LightDebug-iphonesimulator/LabMesh.build/Objects-normal/arm64/GodstoneLabMesh.swiftsourceinfo (in target 'LabMesh' from project 'Godstone')
    cd /tmp/board1-rc15-preparatory-46903cd0-xke1sctz/rod-worktrees/wt_IOS-SOS-RETRY-001/ios
    builtin-copy -exclude .DS_Store -exclude CVS -exclude .svn -exclude .git -exclude .hg -resolve-src-symlinks -rename /Users/oculus/Library/Developer/Xcode/DerivedData/Godstone-ddgdvyatfumhzibgcshqctgzrzbk/Build/Intermediates.noindex/Godstone.build/LightDebug-iphonesimulator/LabMesh.build/Objects-normal/arm64/GodstoneLabMesh.swiftsourceinfo /Users/oculus/Library/Developer/Xcode/DerivedData/Godstone-ddgdvyatfumhzibgcshqctgzrzbk/Build/Products/LightDebug-iphonesimulator/GodstoneLabMesh.swiftmodule/Project/arm64-apple-ios-simulator.swiftsourceinfo

Copy /Users/oculus/Library/Developer/Xcode/DerivedData/Godstone-ddgdvyatfumhzibgcshqctgzrzbk/Build/Products/LightDebug-iphonesimulator/GodstoneLabMesh.swiftmodule/arm64-apple-ios-simulator.abi.json /Users/oculus/Library/Developer/Xcode/DerivedData/Godstone-ddgdvyatfumhzibgcshqctgzrzbk/Build/Intermediates.noindex/Godstone.build/LightDebug-iphonesimulator/LabMesh.build/Objects-normal/arm64/GodstoneLabMesh.abi.json (in target 'LabMesh' from project 'Godstone')
    cd /tmp/board1-rc15-preparatory-46903cd0-xke1sctz/rod-worktrees/wt_IOS-SOS-RETRY-001/ios
    builtin-copy -exclude .DS_Store -exclude CVS -exclude .svn -exclude .git -exclude .hg -resolve-src-symlinks -rename /Users/oculus/Library/Developer/Xcode/DerivedData/Godstone-ddgdvyatfumhzibgcshqctgzrzbk/Build/Intermediates.noindex/Godstone.build/LightDebug-iphonesimulator/LabMesh.build/Objects-normal/arm64/GodstoneLabMesh.abi.json /Users/oculus/Library/Developer/Xcode/DerivedData/Godstone-ddgdvyatfumhzibgcshqctgzrzbk/Build/Products/LightDebug-iphonesimulator/GodstoneLabMesh.swiftmodule/arm64-apple-ios-simulator.abi.json

SwiftDriverJobDiscovery normal arm64 Compiling LabMeshRootApp.swift (in target 'LabMesh' from project 'Godstone')

SwiftDriver\ Compilation LabMesh normal arm64 com.apple.xcode.tools.swift.compiler (in target 'LabMesh' from project 'Godstone')
    cd /tmp/board1-rc15-preparatory-46903cd0-xke1sctz/rod-worktrees/wt_IOS-SOS-RETRY-001/ios
    builtin-Swift-Compilation -- /Applications/Xcode.app/Contents/Developer/Toolchains/XcodeDefault.xctoolchain/usr/bin/swiftc -module-name GodstoneLabMesh -Onone @/Users/oculus/Library/Developer/Xcode/DerivedData/Godstone-ddgdvyatfumhzibgcshqctgzrzbk/Build/Intermediates.noindex/Godstone.build/LightDebug-iphonesimulator/LabMesh.build/Objects-normal/arm64/GodstoneLabMesh.SwiftFileList -DDEBUG -DLABMESH -enable-bare-slash-regex -enable-experimental-feature DebugDescriptionMacro -sdk /Applications/Xcode.app/Contents/Developer/Platforms/iPhoneSimulator.platform/Developer/SDKs/iPhoneSimulator27.0.sdk -target arm64-apple-ios16.0-simulator -g -module-cache-path /Users/oculus/Library/Developer/Xcode/DerivedData/ModuleCache.noindex -Xfrontend -serialize-debugging-options -enable-testing -index-store-path /Users/oculus/Library/Developer/Xcode/DerivedData/Godstone-ddgdvyatfumhzibgcshqctgzrzbk/Index.noindex/DataStore -Xcc -D_LIBCPP_HARDENING_MODE\=_LIBCPP_HARDENING_MODE_DEBUG -swift-version 5 -I /Users/oculus/Library/Developer/Xcode/DerivedData/Godstone-ddgdvyatfumhzibgcshqctgzrzbk/Build/Products/LightDebug-iphonesimulator -F /Users/oculus/Library/Developer/Xcode/DerivedData/Godstone-ddgdvyatfumhzibgcshqctgzrzbk/Build/Products/LightDebug-iphonesimulator/PackageFrameworks -F /Users/oculus/Library/Developer/Xcode/DerivedData/Godstone-ddgdvyatfumhzibgcshqctgzrzbk/Build/Products/LightDebug-iphonesimulator -c -j10 -enable-batch-mode -incremental -Xcc -ivfsstatcache -Xcc /Users/oculus/Library/Developer/Xcode/DerivedData/SDKStatCaches.noindex/iphonesimulator27.0-24A430-8dc58220667be655e1bcc261a7455254.sdkstatcache -output-file-map /Users/oculus/Library/Developer/Xcode/DerivedData/Godstone-ddgdvyatfumhzibgcshqctgzrzbk/Build/Intermediates.noindex/Godstone.build/LightDebug-iphonesimulator/LabMesh.build/Objects-normal/arm64/LabMesh-OutputFileMap.json -save-temps -no-color-diagnostics -explicit-module-build -module-cache-path /Users/oculus/Library/Developer/Xcode/DerivedData/Godstone-ddgdvyatfumhzibgcshqctgzrzbk/Build/Intermediates.noindex/SwiftExplicitPrecompiledModules -clang-scanner-module-cache-path /Users/oculus/Library/Developer/Xcode/DerivedData/ModuleCache.noindex -sdk-module-cache-path /Users/oculus/Library/Developer/Xcode/DerivedData/SDKExplicitPrecompiledModules -emit-dependencies -emit-module -emit-module-path /Users/oculus/Library/Developer/Xcode/DerivedData/Godstone-ddgdvyatfumhzibgcshqctgzrzbk/Build/Intermediates.noindex/Godstone.build/LightDebug-iphonesimulator/LabMesh.build/Objects-normal/arm64/GodstoneLabMesh.swiftmodule -serialize-diagnostics -dependency-scan-serialize-diagnostics-path /Users/oculus/Library/Developer/Xcode/DerivedData/Godstone-ddgdvyatfumhzibgcshqctgzrzbk/Build/Intermediates.noindex/Godstone.build/LightDebug-iphonesimulator/LabMesh.build/Objects-normal/arm64/GodstoneLabMesh-dependency-scan.dia -validate-clang-modules-once -clang-build-session-file /Users/oculus/Library/Developer/Xcode/DerivedData/ModuleCache.noindex/Session.modulevalidation -Xcc -fmodules-prune-interval\=86400 -Xcc -fmodules-prune-after\=345600 -emit-const-values -const-gather-protocols-list /Users/oculus/Library/Developer/Xcode/DerivedData/Godstone-ddgdvyatfumhzibgcshqctgzrzbk/Build/Intermediates.noindex/Godstone.build/LightDebug-iphonesimulator/LabMesh.build/Objects-normal/arm64/LabMesh_const_extract_protocols.json -Xcc -iquote -Xcc /Users/oculus/Library/Developer/Xcode/DerivedData/Godstone-ddgdvyatfumhzibgcshqctgzrzbk/Build/Intermediates.noindex/Godstone.build/LightDebug-iphonesimulator/LabMesh.build/GodstoneLabMesh-generated-files.hmap -Xcc -I/Users/oculus/Library/Developer/Xcode/DerivedData/Godstone-ddgdvyatfumhzibgcshqctgzrzbk/Build/Intermediates.noindex/Godstone.build/LightDebug-iphonesimulator/LabMesh.build/GodstoneLabMesh-own-target-headers.hmap -Xcc -I/Users/oculus/Library/Developer/Xcode/DerivedData/Godstone-ddgdvyatfumhzibgcshqctgzrzbk/Build/Intermediates.noindex/Godstone.build/LightDebug-iphonesimulator/LabMesh.build/GodstoneLabMesh-all-non-framework-target-headers.hmap -Xcc -ivfsoverlay -Xcc /Users/oculus/Library/Developer/Xcode/DerivedData/Godstone-ddgdvyatfumhzibgcshqctgzrzbk/Build/Intermediates.noindex/Godstone.build/LightDebug-iphonesimulator/Godstone-4fea8a13e8e9aefd7e747d7a3bbbcde9-VFS-iphonesimulator/all-product-headers.yaml -Xcc -iquote -Xcc /Users/oculus/Library/Developer/Xcode/DerivedData/Godstone-ddgdvyatfumhzibgcshqctgzrzbk/Build/Intermediates.noindex/Godstone.build/LightDebug-iphonesimulator/LabMesh.build/GodstoneLabMesh-project-headers.hmap -Xcc -I/Users/oculus/Library/Developer/Xcode/DerivedData/Godstone-ddgdvyatfumhzibgcshqctgzrzbk/Build/Products/LightDebug-iphonesimulator/include -Xcc -I/Users/oculus/Library/Developer/Xcode/DerivedData/Godstone-ddgdvyatfumhzibgcshqctgzrzbk/Build/Intermediates.noindex/Godstone.build/LightDebug-iphonesimulator/LabMesh.build/DerivedSources-normal/arm64 -Xcc -I/Users/oculus/Library/Developer/Xcode/DerivedData/Godstone-ddgdvyatfumhzibgcshqctgzrzbk/Build/Intermediates.noindex/Godstone.build/LightDebug-iphonesimulator/LabMesh.build/DerivedSources/arm64 -Xcc -I/Users/oculus/Library/Developer/Xcode/DerivedData/Godstone-ddgdvyatfumhzibgcshqctgzrzbk/Build/Intermediates.noindex/Godstone.build/LightDebug-iphonesimulator/LabMesh.build/DerivedSources -Xcc -DDEBUG\=1 -emit-objc-header -emit-objc-header-path /Users/oculus/Library/Developer/Xcode/DerivedData/Godstone-ddgdvyatfumhzibgcshqctgzrzbk/Build/Intermediates.noindex/Godstone.build/LightDebug-iphonesimulator/LabMesh.build/Objects-normal/arm64/GodstoneLabMesh-Swift.h -working-directory /tmp/board1-rc15-preparatory-46903cd0-xke1sctz/rod-worktrees/wt_IOS-SOS-RETRY-001/ios -experimental-emit-module-separately -disable-cmo

Ld /Users/oculus/Library/Developer/Xcode/DerivedData/Godstone-ddgdvyatfumhzibgcshqctgzrzbk/Build/Products/LightDebug-iphonesimulator/GodstoneLabMesh.app/GodstoneLabMesh.debug.dylib normal (in target 'LabMesh' from project 'Godstone')
    cd /tmp/board1-rc15-preparatory-46903cd0-xke1sctz/rod-worktrees/wt_IOS-SOS-RETRY-001/ios
    /Applications/Xcode.app/Contents/Developer/Toolchains/XcodeDefault.xctoolchain/usr/bin/clang -Xlinker -reproducible -target arm64-apple-ios16.0-simulator -dynamiclib -isysroot /Applications/Xcode.app/Contents/Developer/Platforms/iPhoneSimulator.platform/Developer/SDKs/iPhoneSimulator27.0.sdk -O0 -Xlinker -no_warn_duplicate_libraries -L/Users/oculus/Library/Developer/Xcode/DerivedData/Godstone-ddgdvyatfumhzibgcshqctgzrzbk/Build/Intermediates.noindex/EagerLinkingTBDs/LightDebug-iphonesimulator -L/Users/oculus/Library/Developer/Xcode/DerivedData/Godstone-ddgdvyatfumhzibgcshqctgzrzbk/Build/Products/LightDebug-iphonesimulator -F/Users/oculus/Library/Developer/Xcode/DerivedData/Godstone-ddgdvyatfumhzibgcshqctgzrzbk/Build/Intermediates.noindex/EagerLinkingTBDs/LightDebug-iphonesimulator -F/Users/oculus/Library/Developer/Xcode/DerivedData/Godstone-ddgdvyatfumhzibgcshqctgzrzbk/Build/Products/LightDebug-iphonesimulator/PackageFrameworks -F/Users/oculus/Library/Developer/Xcode/DerivedData/Godstone-ddgdvyatfumhzibgcshqctgzrzbk/Build/Products/LightDebug-iphonesimulator -filelist /Users/oculus/Library/Developer/Xcode/DerivedData/Godstone-ddgdvyatfumhzibgcshqctgzrzbk/Build/Intermediates.noindex/Godstone.build/LightDebug-iphonesimulator/LabMesh.build/Objects-normal/arm64/GodstoneLabMesh.LinkFileList -install_name @rpath/GodstoneLabMesh.debug.dylib -Xlinker -rpath -Xlinker /usr/lib/swift -Xlinker -rpath -Xlinker @executable_path/Frameworks -Xlinker -dead_strip -Xlinker -object_path_lto -Xlinker /Users/oculus/Library/Developer/Xcode/DerivedData/Godstone-ddgdvyatfumhzibgcshqctgzrzbk/Build/Intermediates.noindex/Godstone.build/LightDebug-iphonesimulator/LabMesh.build/Objects-normal/arm64/GodstoneLabMesh_lto.o -rdynamic -Xlinker -no_deduplicate -Xlinker -objc_abi_version -Xlinker 2 -Xlinker -dependency_info -Xlinker /Users/oculus/Library/Developer/Xcode/DerivedData/Godstone-ddgdvyatfumhzibgcshqctgzrzbk/Build/Intermediates.noindex/Godstone.build/LightDebug-iphonesimulator/LabMesh.build/Objects-normal/arm64/GodstoneLabMesh_dependency_info.dat -fobjc-link-runtime -L/Applications/Xcode.app/Contents/Developer/Toolchains/XcodeDefault.xctoolchain/usr/lib/swift/iphonesimulator -L/usr/lib/swift -Xlinker -add_ast_path -Xlinker /Users/oculus/Library/Developer/Xcode/DerivedData/Godstone-ddgdvyatfumhzibgcshqctgzrzbk/Build/Intermediates.noindex/Godstone.build/LightDebug-iphonesimulator/LabMesh.build/Objects-normal/arm64/GodstoneLabMesh.swiftmodule -Xlinker -alias -Xlinker _main -Xlinker ___debug_main_executable_dylib_entry_point -o /Users/oculus/Library/Developer/Xcode/DerivedData/Godstone-ddgdvyatfumhzibgcshqctgzrzbk/Build/Products/LightDebug-iphonesimulator/GodstoneLabMesh.app/GodstoneLabMesh.debug.dylib

ConstructStubExecutorLinkFileList /Users/oculus/Library/Developer/Xcode/DerivedData/Godstone-ddgdvyatfumhzibgcshqctgzrzbk/Build/Intermediates.noindex/Godstone.build/LightDebug-iphonesimulator/LabMesh.build/GodstoneLabMesh-ExecutorLinkFileList-normal-arm64.txt (in target 'LabMesh' from project 'Godstone')
    cd /tmp/board1-rc15-preparatory-46903cd0-xke1sctz/rod-worktrees/wt_IOS-SOS-RETRY-001/ios
    construct-stub-executor-link-file-list /Users/oculus/Library/Developer/Xcode/DerivedData/Godstone-ddgdvyatfumhzibgcshqctgzrzbk/Build/Products/LightDebug-iphonesimulator/GodstoneLabMesh.app/GodstoneLabMesh.debug.dylib /Applications/Xcode.app/Contents/Developer/Platforms/iPhoneSimulator.platform/Developer/usr/lib/libPreviewsJITStubExecutor_no_swift_entry_point.a /Applications/Xcode.app/Contents/Developer/Platforms/iPhoneSimulator.platform/Developer/usr/lib/libPreviewsJITStubExecutor.a --output /Users/oculus/Library/Developer/Xcode/DerivedData/Godstone-ddgdvyatfumhzibgcshqctgzrzbk/Build/Intermediates.noindex/Godstone.build/LightDebug-iphonesimulator/LabMesh.build/GodstoneLabMesh-ExecutorLinkFileList-normal-arm64.txt
note: Using stub executor library with Swift entry point. (in target 'LabMesh' from project 'Godstone')

Ld /Users/oculus/Library/Developer/Xcode/DerivedData/Godstone-ddgdvyatfumhzibgcshqctgzrzbk/Build/Products/LightDebug-iphonesimulator/GodstoneLabMesh.app/GodstoneLabMesh normal (in target 'LabMesh' from project 'Godstone')
    cd /tmp/board1-rc15-preparatory-46903cd0-xke1sctz/rod-worktrees/wt_IOS-SOS-RETRY-001/ios
    /Applications/Xcode.app/Contents/Developer/Toolchains/XcodeDefault.xctoolchain/usr/bin/clang -Xlinker -reproducible -target arm64-apple-ios16.0-simulator -isysroot /Applications/Xcode.app/Contents/Developer/Platforms/iPhoneSimulator.platform/Developer/SDKs/iPhoneSimulator27.0.sdk -O0 -Xlinker -no_warn_duplicate_libraries -L/Users/oculus/Library/Developer/Xcode/DerivedData/Godstone-ddgdvyatfumhzibgcshqctgzrzbk/Build/Products/LightDebug-iphonesimulator -F/Users/oculus/Library/Developer/Xcode/DerivedData/Godstone-ddgdvyatfumhzibgcshqctgzrzbk/Build/Products/LightDebug-iphonesimulator/PackageFrameworks -F/Users/oculus/Library/Developer/Xcode/DerivedData/Godstone-ddgdvyatfumhzibgcshqctgzrzbk/Build/Products/LightDebug-iphonesimulator -Xlinker -rpath -Xlinker @executable_path -Xlinker -rpath -Xlinker @executable_path/Frameworks -rdynamic -Xlinker -no_deduplicate -Xlinker -objc_abi_version -Xlinker 2 -e ___debug_blank_executor_main -Xlinker -sectcreate -Xlinker __TEXT -Xlinker __debug_dylib -Xlinker /Users/oculus/Library/Developer/Xcode/DerivedData/Godstone-ddgdvyatfumhzibgcshqctgzrzbk/Build/Intermediates.noindex/Godstone.build/LightDebug-iphonesimulator/LabMesh.build/GodstoneLabMesh-DebugDylibPath-normal-arm64.txt -Xlinker -sectcreate -Xlinker __TEXT -Xlinker __debug_instlnm -Xlinker /Users/oculus/Library/Developer/Xcode/DerivedData/Godstone-ddgdvyatfumhzibgcshqctgzrzbk/Build/Intermediates.noindex/Godstone.build/LightDebug-iphonesimulator/LabMesh.build/GodstoneLabMesh-DebugDylibInstallName-normal-arm64.txt -Xlinker -filelist -Xlinker /Users/oculus/Library/Developer/Xcode/DerivedData/Godstone-ddgdvyatfumhzibgcshqctgzrzbk/Build/Intermediates.noindex/Godstone.build/LightDebug-iphonesimulator/LabMesh.build/GodstoneLabMesh-ExecutorLinkFileList-normal-arm64.txt /Users/oculus/Library/Developer/Xcode/DerivedData/Godstone-ddgdvyatfumhzibgcshqctgzrzbk/Build/Products/LightDebug-iphonesimulator/GodstoneLabMesh.app/GodstoneLabMesh.debug.dylib -o /Users/oculus/Library/Developer/Xcode/DerivedData/Godstone-ddgdvyatfumhzibgcshqctgzrzbk/Build/Products/LightDebug-iphonesimulator/GodstoneLabMesh.app/GodstoneLabMesh

ExtractAppIntentsMetadata (in target 'LabMesh' from project 'Godstone')
    cd /tmp/board1-rc15-preparatory-46903cd0-xke1sctz/rod-worktrees/wt_IOS-SOS-RETRY-001/ios
    /Applications/Xcode.app/Contents/Developer/Toolchains/XcodeDefault.xctoolchain/usr/bin/appintentsmetadataprocessor --toolchain-dir /Applications/Xcode.app/Contents/Developer/Toolchains/XcodeDefault.xctoolchain --module-name GodstoneLabMesh --sdk-root /Applications/Xcode.app/Contents/Developer/Platforms/iPhoneSimulator.platform/Developer/SDKs/iPhoneSimulator27.0.sdk --xcode-version 27A266a --platform-family iOS --deployment-target 16.0 --bundle-identifier io.godstone.labmesh --output /Users/oculus/Library/Developer/Xcode/DerivedData/Godstone-ddgdvyatfumhzibgcshqctgzrzbk/Build/Products/LightDebug-iphonesimulator/GodstoneLabMesh.app --target-triple arm64-apple-ios16.0-simulator --binary-file /Users/oculus/Library/Developer/Xcode/DerivedData/Godstone-ddgdvyatfumhzibgcshqctgzrzbk/Build/Products/LightDebug-iphonesimulator/GodstoneLabMesh.app/GodstoneLabMesh --dependency-file /Users/oculus/Library/Developer/Xcode/DerivedData/Godstone-ddgdvyatfumhzibgcshqctgzrzbk/Build/Intermediates.noindex/Godstone.build/LightDebug-iphonesimulator/LabMesh.build/Objects-normal/arm64/GodstoneLabMesh_dependency_info.dat --stringsdata-file /Users/oculus/Library/Developer/Xcode/DerivedData/Godstone-ddgdvyatfumhzibgcshqctgzrzbk/Build/Intermediates.noindex/Godstone.build/LightDebug-iphonesimulator/LabMesh.build/Objects-normal/arm64/ExtractedAppShortcutsMetadata.stringsdata --source-file-list /Users/oculus/Library/Developer/Xcode/DerivedData/Godstone-ddgdvyatfumhzibgcshqctgzrzbk/Build/Intermediates.noindex/Godstone.build/LightDebug-iphonesimulator/LabMesh.build/Objects-normal/arm64/GodstoneLabMesh.SwiftFileList --metadata-file-list /Users/oculus/Library/Developer/Xcode/DerivedData/Godstone-ddgdvyatfumhzibgcshqctgzrzbk/Build/Intermediates.noindex/Godstone.build/LightDebug-iphonesimulator/LabMesh.build/GodstoneLabMesh.DependencyMetadataFileList --static-metadata-file-list /Users/oculus/Library/Developer/Xcode/DerivedData/Godstone-ddgdvyatfumhzibgcshqctgzrzbk/Build/Intermediates.noindex/Godstone.build/LightDebug-iphonesimulator/LabMesh.build/GodstoneLabMesh.DependencyStaticMetadataFileList --swift-const-vals-list /Users/oculus/Library/Developer/Xcode/DerivedData/Godstone-ddgdvyatfumhzibgcshqctgzrzbk/Build/Intermediates.noindex/Godstone.build/LightDebug-iphonesimulator/LabMesh.build/Objects-normal/arm64/GodstoneLabMesh.SwiftConstValuesFileList --compile-time-extraction --deployment-aware-processing --no-app-shortcuts-localization
2026-10-05 07:19:59.931 appintentsmetadataprocessor[27979:52812903] Starting appintentsmetadataprocessor export
2026-10-05 07:19:59.932 appintentsmetadataprocessor[27979:52812903] warning: Metadata extraction skipped, no AppIntents.framework dependency found

CopySwiftLibs /Users/oculus/Library/Developer/Xcode/DerivedData/Godstone-ddgdvyatfumhzibgcshqctgzrzbk/Build/Products/LightDebug-iphonesimulator/GodstoneLabMesh.app (in target 'LabMesh' from project 'Godstone')
    cd /tmp/board1-rc15-preparatory-46903cd0-xke1sctz/rod-worktrees/wt_IOS-SOS-RETRY-001/ios
    builtin-swiftStdLibTool --copy --verbose --scan-executable /Users/oculus/Library/Developer/Xcode/DerivedData/Godstone-ddgdvyatfumhzibgcshqctgzrzbk/Build/Products/LightDebug-iphonesimulator/GodstoneLabMesh.app/GodstoneLabMesh.debug.dylib --scan-folder /Users/oculus/Library/Developer/Xcode/DerivedData/Godstone-ddgdvyatfumhzibgcshqctgzrzbk/Build/Products/LightDebug-iphonesimulator/GodstoneLabMesh.app/Frameworks --scan-folder /Users/oculus/Library/Developer/Xcode/DerivedData/Godstone-ddgdvyatfumhzibgcshqctgzrzbk/Build/Products/LightDebug-iphonesimulator/GodstoneLabMesh.app/PlugIns --scan-folder /Users/oculus/Library/Developer/Xcode/DerivedData/Godstone-ddgdvyatfumhzibgcshqctgzrzbk/Build/Products/LightDebug-iphonesimulator/GodstoneLabMesh.app/SystemExtensions --scan-folder /Users/oculus/Library/Developer/Xcode/DerivedData/Godstone-ddgdvyatfumhzibgcshqctgzrzbk/Build/Products/LightDebug-iphonesimulator/GodstoneLabMesh.app/Extensions --platform iphonesimulator --toolchain /Applications/Xcode.app/Contents/Developer/Toolchains/XcodeDefault.xctoolchain --destination /Users/oculus/Library/Developer/Xcode/DerivedData/Godstone-ddgdvyatfumhzibgcshqctgzrzbk/Build/Products/LightDebug-iphonesimulator/GodstoneLabMesh.app/Frameworks --strip-bitcode --strip-bitcode-tool /Applications/Xcode.app/Contents/Developer/Toolchains/XcodeDefault.xctoolchain/usr/bin/bitcode_strip --emit-dependency-info /Users/oculus/Library/Developer/Xcode/DerivedData/Godstone-ddgdvyatfumhzibgcshqctgzrzbk/Build/Intermediates.noindex/Godstone.build/LightDebug-iphonesimulator/LabMesh.build/SwiftStdLibToolInputDependencies.dep --filter-for-swift-os
Ignoring --strip-bitcode because --sign was not passed

PruneExplicitPrecompiledModules /Users/oculus/Library/Developer/Xcode/DerivedData/Godstone-ddgdvyatfumhzibgcshqctgzrzbk/Build/Intermediates.noindex/ExplicitPrecompiledModules

PruneExplicitPrecompiledModules /Users/oculus/Library/Developer/Xcode/DerivedData/Godstone-ddgdvyatfumhzibgcshqctgzrzbk/Build/Intermediates.noindex/SwiftExplicitPrecompiledModules

PruneExplicitPrecompiledModules /Users/oculus/Library/Developer/Xcode/DerivedData/SDKExplicitPrecompiledModules

2026-10-05 07:20:01.449781+0530 LabMeshUITests-Runner[27987:52813117] [Default] Running tests...
    t =      nans Interface orientation changed to Portrait
Test Suite 'All tests' started at 2026-10-05 07:20:02.641.
Test Suite 'LabMeshUITests.xctest' started at 2026-10-05 07:20:02.642.
Test Suite 'LabMeshAccessibilityUITests' started at 2026-10-05 07:20:02.642.
Test Case '-[LabMeshUITests.LabMeshAccessibilityUITests testGSINT001EveryEssentialControlIsReachableLabelledEnabledAndBigEnough]' started.
    t =     0.01s Start Test at 2026-10-05 07:20:02.649
    t =     0.03s Set Up
    t =     0.03s Open io.godstone.labmesh
    t =     0.04s     Launch io.godstone.labmesh
2026-10-05 07:20:02.877 xcodebuild[27935:52812459] [MT] IDELaunchParametersSnapshot: debugger version lookup failed for path '<nil>': noURL
2026-10-05 07:20:02.877 xcodebuild[27935:52812459] [MT] IDELaunchParametersSnapshot: no debugger version
objc[27987]: Class UIAccessibilityLoaderWebShared is implemented in both /Library/Developer/CoreSimulator/Volumes/iOS_23F77/Library/Developer/CoreSimulator/Profiles/Runtimes/iOS 26.5.simruntime/Contents/Resources/RuntimeRoot/System/Library/AccessibilityBundles/WebCore.axbundle/WebCore (0x1093c8310) and /Library/Developer/CoreSimulator/Volumes/iOS_23F77/Library/Developer/CoreSimulator/Profiles/Runtimes/iOS 26.5.simruntime/Contents/Resources/RuntimeRoot/System/Library/AccessibilityBundles/WebKit.axbundle/WebKit (0x108c68398). This may cause spurious casting failures and mysterious crashes. One of the duplicates must be removed or renamed.
    t =     0.85s         Setting up automation session
    t =     1.46s         Wait for io.godstone.labmesh to idle
    t =     2.91s Checking existence of `"lab.tab.conversation" Button`
    t =     2.99s Checking existence of `"lab.tab.conversation" Button`
    t =     3.16s Checking existence of `"lab.tab.conversation" Button`
    t =     3.18s Checking existence of `"lab.tab.conversation" Button`
    t =     3.36s Checking existence of `"lab.tab.conversation" Button`
    t =     3.37s Checking existence of `"lab.tab.conversation" Button`
    t =     3.55s Checking existence of `"lab.tab.conversation" Button`
    t =     3.58s Waiting 20.0s for "lab.tab.conversation" Button to exist
    t =     4.65s     Checking `Expect predicate `existsNoRetry == 1` for object "lab.tab.conversation" Button`
    t =     4.65s         Checking existence of `"lab.tab.conversation" Button`
    t =     4.67s Tap "lab.tab.conversation" Button
    t =     4.67s     Wait for io.godstone.labmesh to idle
    t =     4.67s     Find the "lab.tab.conversation" Button
    t =     4.69s     Check for interrupting elements affecting "lab.tab.conversation" Button
    t =     4.71s     Synthesize event
    t =     5.00s     Wait for io.godstone.labmesh to idle
    t =     5.76s Waiting 20.0s for "lab.conversation.recipient" Any to exist
    t =     6.83s     Checking `Expect predicate `existsNoRetry == 1` for object "lab.conversation.recipient" Any`
    t =     6.83s         Checking existence of `"lab.conversation.recipient" Any`
    t =     6.89s Checking existence of `"lab.conversation.recipient" Any`
    t =     6.92s Find the "lab.conversation.recipient" Any
    t =     6.95s Find the "lab.conversation.recipient" Button
    t =     6.99s Find the "lab.conversation.recipient" Button
    t =     7.02s Find the "lab.conversation.recipient" Button
    t =     7.08s Find the "lab.conversation.recipient" Button
    t =     7.11s Find the "lab.conversation.recipient" Button
    t =     7.14s Find the "lab.conversation.recipient" Button
    t =     7.19s Waiting 20.0s for "lab.conversation.send" Any to exist
    t =     8.26s     Checking `Expect predicate `existsNoRetry == 1` for object "lab.conversation.send" Any`
    t =     8.26s         Checking existence of `"lab.conversation.send" Any`
    t =     8.35s Checking existence of `"lab.conversation.send" Any`
    t =     8.38s Find the "lab.conversation.send" Any
    t =     8.42s Find the "lab.conversation.send" Button
    t =     8.47s Checking existence of `ScrollView (First Match)`
    t =     8.48s Swipe up ScrollView (First Match)
    t =     8.48s     Wait for io.godstone.labmesh to idle
    t =     8.48s     Find the ScrollView (First Match)
    t =     8.49s     Check for interrupting elements affecting ScrollView
    t =     8.51s     Synthesize event
    t =     8.95s     Wait for io.godstone.labmesh to idle
    t =     9.49s Checking existence of `"lab.conversation.send" Button`
    t =     9.53s Find the "lab.conversation.send" Button
    t =     9.57s Find the "lab.conversation.send" Button
    t =     9.61s Find the "lab.conversation.send" Button
    t =     9.64s Find the "lab.conversation.send" Button
    t =     9.68s Find the "lab.conversation.send" Button
    t =     9.71s Find the "lab.conversation.send" Button
    t =     9.75s Checking existence of `"lab.tab.sos" Button`
    t =     9.76s Waiting 20.0s for "lab.tab.sos" Button to exist
    t =    10.83s     Checking `Expect predicate `existsNoRetry == 1` for object "lab.tab.sos" Button`
    t =    10.83s         Checking existence of `"lab.tab.sos" Button`
    t =    10.85s Tap "lab.tab.sos" Button
    t =    10.85s     Wait for io.godstone.labmesh to idle
    t =    10.85s     Find the "lab.tab.sos" Button
    t =    10.87s     Check for interrupting elements affecting "lab.tab.sos" Button
    t =    10.89s     Synthesize event
    t =    11.18s     Wait for io.godstone.labmesh to idle
    t =    12.59s Waiting 20.0s for "lab.sos.hold" Any to exist
    t =    13.67s     Checking `Expect predicate `existsNoRetry == 1` for object "lab.sos.hold" Any`
    t =    13.67s         Checking existence of `"lab.sos.hold" Any`
    t =    13.71s Checking existence of `"lab.sos.hold" Any`
    t =    13.74s Find the "lab.sos.hold" Any
    t =    13.77s Find the "lab.sos.hold" StaticText
    t =    13.81s Find the "lab.sos.hold" StaticText
    t =    13.84s Find the "lab.sos.hold" StaticText
    t =    13.87s Waiting 20.0s for "lab.sos.cancel" Any to exist
    t =    14.95s     Checking `Expect predicate `existsNoRetry == 1` for object "lab.sos.cancel" Any`
    t =    14.95s         Checking existence of `"lab.sos.cancel" Any`
    t =    14.99s Checking existence of `"lab.sos.cancel" Any`
    t =    15.02s Find the "lab.sos.cancel" Any
    t =    15.06s Find the "lab.sos.cancel" Button
    t =    15.09s Find the "lab.sos.cancel" Button
    t =    15.12s Find the "lab.sos.cancel" Button
    t =    15.16s Waiting 20.0s for "lab.sos.retry" Any to exist
    t =    16.23s     Checking `Expect predicate `existsNoRetry == 1` for object "lab.sos.retry" Any`
    t =    16.23s         Checking existence of `"lab.sos.retry" Any`
    t =    16.29s         Capturing element debug description
    t =    17.25s     Checking `Expect predicate `existsNoRetry == 1` for object "lab.sos.retry" Any`
    t =    17.25s         Checking existence of `"lab.sos.retry" Any`
    t =    17.31s         Capturing element debug description
    t =    18.17s     Checking `Expect predicate `existsNoRetry == 1` for object "lab.sos.retry" Any`
    t =    18.17s         Checking existence of `"lab.sos.retry" Any`
    t =    18.23s         Capturing element debug description
    t =    19.19s     Checking `Expect predicate `existsNoRetry == 1` for object "lab.sos.retry" Any`
    t =    19.19s         Checking existence of `"lab.sos.retry" Any`
    t =    19.24s         Capturing element debug description
    t =    20.21s     Checking `Expect predicate `existsNoRetry == 1` for object "lab.sos.retry" Any`
    t =    20.21s         Checking existence of `"lab.sos.retry" Any`
    t =    20.26s         Capturing element debug description
    t =    21.23s     Checking `Expect predicate `existsNoRetry == 1` for object "lab.sos.retry" Any`
    t =    21.23s         Checking existence of `"lab.sos.retry" Any`
    t =    21.29s         Capturing element debug description
    t =    22.25s     Checking `Expect predicate `existsNoRetry == 1` for object "lab.sos.retry" Any`
    t =    22.25s         Checking existence of `"lab.sos.retry" Any`
    t =    22.31s         Capturing element debug description
    t =    23.17s     Checking `Expect predicate `existsNoRetry == 1` for object "lab.sos.retry" Any`
    t =    23.17s         Checking existence of `"lab.sos.retry" Any`
    t =    23.23s         Capturing element debug description
    t =    24.19s     Checking `Expect predicate `existsNoRetry == 1` for object "lab.sos.retry" Any`
    t =    24.19s         Checking existence of `"lab.sos.retry" Any`
    t =    24.24s         Capturing element debug description
    t =    25.21s     Checking `Expect predicate `existsNoRetry == 1` for object "lab.sos.retry" Any`
    t =    25.21s         Checking existence of `"lab.sos.retry" Any`
    t =    25.26s         Capturing element debug description
    t =    26.21s     Checking `Expect predicate `existsNoRetry == 1` for object "lab.sos.retry" Any`
    t =    26.21s         Checking existence of `"lab.sos.retry" Any`
    t =    26.28s         Capturing element debug description
    t =    27.23s     Checking `Expect predicate `existsNoRetry == 1` for object "lab.sos.retry" Any`
    t =    27.23s         Checking existence of `"lab.sos.retry" Any`
    t =    27.29s         Capturing element debug description
    t =    28.24s     Checking `Expect predicate `existsNoRetry == 1` for object "lab.sos.retry" Any`
    t =    28.24s         Checking existence of `"lab.sos.retry" Any`
    t =    28.32s         Capturing element debug description
    t =    29.17s     Checking `Expect predicate `existsNoRetry == 1` for object "lab.sos.retry" Any`
    t =    29.17s         Checking existence of `"lab.sos.retry" Any`
    t =    29.23s         Capturing element debug description
    t =    30.17s     Checking `Expect predicate `existsNoRetry == 1` for object "lab.sos.retry" Any`
    t =    30.17s         Checking existence of `"lab.sos.retry" Any`
    t =    30.23s         Capturing element debug description
    t =    31.19s     Checking `Expect predicate `existsNoRetry == 1` for object "lab.sos.retry" Any`
    t =    31.19s         Checking existence of `"lab.sos.retry" Any`
    t =    31.25s         Capturing element debug description
    t =    32.20s     Checking `Expect predicate `existsNoRetry == 1` for object "lab.sos.retry" Any`
    t =    32.20s         Checking existence of `"lab.sos.retry" Any`
    t =    32.26s         Capturing element debug description
    t =    33.22s     Checking `Expect predicate `existsNoRetry == 1` for object "lab.sos.retry" Any`
    t =    33.22s         Checking existence of `"lab.sos.retry" Any`
    t =    33.29s         Capturing element debug description
    t =    34.23s     Checking `Expect predicate `existsNoRetry == 1` for object "lab.sos.retry" Any`
    t =    34.23s         Checking existence of `"lab.sos.retry" Any`
    t =    34.30s         Capturing element debug description
    t =    35.16s     Checking `Expect predicate `existsNoRetry == 1` for object "lab.sos.retry" Any`
    t =    35.16s         Checking existence of `"lab.sos.retry" Any`
    t =    35.23s         Capturing element debug description
    t =    35.23s     Checking existence of `"lab.sos.retry" Any`
    t =    35.30s Collecting debug information to assist test failure triage
    t =    35.30s     Requesting snapshot of accessibility hierarchy for app with pid 28016
/tmp/board1-rc15-preparatory-46903cd0-xke1sctz/rod-worktrees/wt_IOS-SOS-RETRY-001/ios/Godstone/Tests/LabMeshUITests/LabMeshAccessibilityUITests.swift:302: error: -[LabMeshUITests.LabMeshAccessibilityUITests testGSINT001EveryEssentialControlIsReachableLabelledEnabledAndBigEnough] : XCTAssertTrue failed - *** THE ESSENTIAL CONTROL 'lab.sos.retry' ('Retry') MUST BE REACHABLE ON THE SOS SURFACE. ***
    t =    35.55s Tear Down
Test Case '-[LabMeshUITests.LabMeshAccessibilityUITests testGSINT001EveryEssentialControlIsReachableLabelledEnabledAndBigEnough]' failed (35.798 seconds).
Test Case '-[LabMeshUITests.LabMeshAccessibilityUITests testGSINT001TheDistressStateSurvivesRelaunchInTheSharedVocabulary]' started.
    t =     0.00s Start Test at 2026-10-05 07:20:38.448
    t =     0.03s Set Up
    t =     0.03s Open io.godstone.labmesh
    t =     0.03s     Launch io.godstone.labmesh
    t =     0.03s         Terminate io.godstone.labmesh:28016
2026-10-05 07:20:39.504 xcodebuild[27935:52812459] [MT] IDELaunchParametersSnapshot: debugger version lookup failed for path '<nil>': noURL
2026-10-05 07:20:39.504 xcodebuild[27935:52812459] [MT] IDELaunchParametersSnapshot: no debugger version
    t =     1.27s         Setting up automation session
    t =     2.00s         Wait for io.godstone.labmesh to idle
    t =     3.36s Checking existence of `"lab.tab.sos" Button`
    t =     3.43s Checking existence of `"lab.tab.sos" Button`
    t =     3.60s Checking existence of `"lab.tab.sos" Button`
    t =     3.63s Checking existence of `"lab.tab.sos" Button`
    t =     3.79s Checking existence of `"lab.tab.sos" Button`
    t =     3.82s Checking existence of `"lab.tab.sos" Button`
    t =     3.98s Checking existence of `"lab.tab.sos" Button`
    t =     4.01s Waiting 20.0s for "lab.tab.sos" Button to exist
    t =     5.06s     Checking `Expect predicate `existsNoRetry == 1` for object "lab.tab.sos" Button`
    t =     5.06s         Checking existence of `"lab.tab.sos" Button`
    t =     5.09s Tap "lab.tab.sos" Button
    t =     5.09s     Wait for io.godstone.labmesh to idle
    t =     5.10s     Find the "lab.tab.sos" Button
    t =     5.11s     Check for interrupting elements affecting "lab.tab.sos" Button
    t =     5.13s     Synthesize event
    t =     5.43s     Wait for io.godstone.labmesh to idle
    t =     6.82s Waiting 20.0s for "lab.sos.send" Button to exist
    t =     7.90s     Checking `Expect predicate `existsNoRetry == 1` for object "lab.sos.send" Button`
    t =     7.90s         Checking existence of `"lab.sos.send" Button`
    t =     7.92s Tap "lab.sos.send" Button
    t =     7.92s     Wait for io.godstone.labmesh to idle
    t =     7.92s     Find the "lab.sos.send" Button
    t =     7.94s     Check for interrupting elements affecting "lab.sos.send" Button
    t =     7.96s     Synthesize event
    t =     8.26s     Wait for io.godstone.labmesh to idle
    t =     9.32s Checking `Expect predicate `value BEGINSWITH "active: "` for object "lab.sos.state" Any`
    t =     9.32s     Find the "lab.sos.state" Any
    t =     9.37s Find the "lab.sos.state" Other
    t =     9.40s Terminate io.godstone.labmesh:28169
    t =    10.48s Open io.godstone.labmesh
    t =    10.48s     Launch io.godstone.labmesh
2026-10-05 07:20:48.930 xcodebuild[27935:52812459] [MT] IDELaunchParametersSnapshot: debugger version lookup failed for path '<nil>': noURL
2026-10-05 07:20:48.930 xcodebuild[27935:52812459] [MT] IDELaunchParametersSnapshot: no debugger version
    t =    10.69s         Setting up automation session
    t =    11.36s         Wait for io.godstone.labmesh to idle
    t =    12.71s Checking existence of `"lab.tab.sos" Button`
    t =    12.77s Checking existence of `"lab.tab.sos" Button`
    t =    12.95s Checking existence of `"lab.tab.sos" Button`
    t =    12.96s Checking existence of `"lab.tab.sos" Button`
    t =    13.13s Checking existence of `"lab.tab.sos" Button`
    t =    13.16s Checking existence of `"lab.tab.sos" Button`
    t =    13.32s Checking existence of `"lab.tab.sos" Button`
    t =    13.35s Waiting 20.0s for "lab.tab.sos" Button to exist
    t =    14.41s     Checking `Expect predicate `existsNoRetry == 1` for object "lab.tab.sos" Button`
    t =    14.41s         Checking existence of `"lab.tab.sos" Button`
    t =    14.46s Tap "lab.tab.sos" Button
    t =    14.46s     Wait for io.godstone.labmesh to idle
    t =    14.46s     Find the "lab.tab.sos" Button
    t =    14.48s     Check for interrupting elements affecting "lab.tab.sos" Button
    t =    14.49s     Synthesize event
    t =    14.78s     Wait for io.godstone.labmesh to idle
    t =    16.19s Waiting 20.0s for "lab.sos.state" Any to exist
    t =    17.25s     Checking `Expect predicate `existsNoRetry == 1` for object "lab.sos.state" Any`
    t =    17.25s         Checking existence of `"lab.sos.state" Any`
    t =    17.30s Find the "lab.sos.state" Any
    t =    17.33s Tear Down
Test Case '-[LabMeshUITests.LabMeshAccessibilityUITests testGSINT001TheDistressStateSurvivesRelaunchInTheSharedVocabulary]' passed (17.590 seconds).
Test Case '-[LabMeshUITests.LabMeshAccessibilityUITests testGSINT001TheLargestTextScaleReallyEnlargesTheLaidOutLayout]' started.
    t =     0.00s Start Test at 2026-10-05 07:20:56.039
    t =     0.02s Set Up
    t =     0.03s Open io.godstone.labmesh
    t =     0.03s     Launch io.godstone.labmesh
    t =     0.03s         Terminate io.godstone.labmesh:28202
2026-10-05 07:20:57.144 xcodebuild[27935:52812459] [MT] IDELaunchParametersSnapshot: debugger version lookup failed for path '<nil>': noURL
2026-10-05 07:20:57.144 xcodebuild[27935:52812459] [MT] IDELaunchParametersSnapshot: no debugger version
    t =     1.31s         Setting up automation session
    t =     1.99s         Wait for io.godstone.labmesh to idle
    t =     3.33s Checking existence of `"lab.tab.conversation" Button`
    t =     3.39s Checking existence of `"lab.tab.conversation" Button`
    t =     3.56s Checking existence of `"lab.tab.conversation" Button`
    t =     3.57s Checking existence of `"lab.tab.conversation" Button`
    t =     3.73s Checking existence of `"lab.tab.conversation" Button`
    t =     3.76s Checking existence of `"lab.tab.conversation" Button`
    t =     3.93s Checking existence of `"lab.tab.conversation" Button`
    t =     3.97s Waiting 40.0s for "lab.tab.conversation" Button to exist
    t =     5.04s     Checking `Expect predicate `existsNoRetry == 1` for object "lab.tab.conversation" Button`
    t =     5.04s         Checking existence of `"lab.tab.conversation" Button`
    t =     5.07s Tap "lab.tab.conversation" Button
    t =     5.07s     Wait for io.godstone.labmesh to idle
    t =     5.07s     Find the "lab.tab.conversation" Button
    t =     5.09s     Check for interrupting elements affecting "lab.tab.conversation" Button
    t =     5.10s     Synthesize event
    t =     5.39s     Wait for io.godstone.labmesh to idle
    t =     6.16s Waiting 30.0s for "lab.conversation.field" TextField to exist
    t =     7.22s     Checking `Expect predicate `existsNoRetry == 1` for object "lab.conversation.field" TextField`
    t =     7.22s         Checking existence of `"lab.conversation.field" TextField`
    t =     7.24s Find the "lab.conversation.field" TextField
    t =     7.26s Open io.godstone.labmesh
    t =     7.26s     Launch io.godstone.labmesh
    t =     7.26s         Terminate io.godstone.labmesh:28235
2026-10-05 07:21:04.363 xcodebuild[27935:52812459] [MT] IDELaunchParametersSnapshot: debugger version lookup failed for path '<nil>': noURL
2026-10-05 07:21:04.363 xcodebuild[27935:52812459] [MT] IDELaunchParametersSnapshot: no debugger version
    t =     8.53s         Setting up automation session
    t =     9.23s         Wait for io.godstone.labmesh to idle
    t =    10.56s Checking existence of `"lab.tab.conversation" Button`
    t =    10.62s Checking existence of `"lab.tab.conversation" Button`
    t =    10.78s Checking existence of `"lab.tab.conversation" Button`
    t =    10.80s Checking existence of `"lab.tab.conversation" Button`
    t =    10.97s Checking existence of `"lab.tab.conversation" Button`
    t =    10.99s Checking existence of `"lab.tab.conversation" Button`
    t =    11.18s Checking existence of `"lab.tab.conversation" Button`
    t =    11.20s Waiting 40.0s for "lab.tab.conversation" Button to exist
    t =    12.23s     Checking `Expect predicate `existsNoRetry == 1` for object "lab.tab.conversation" Button`
    t =    12.23s         Checking existence of `"lab.tab.conversation" Button`
    t =    12.25s Tap "lab.tab.conversation" Button
    t =    12.25s     Wait for io.godstone.labmesh to idle
    t =    12.26s     Find the "lab.tab.conversation" Button
    t =    12.27s     Check for interrupting elements affecting "lab.tab.conversation" Button
    t =    12.30s     Synthesize event
    t =    12.60s     Wait for io.godstone.labmesh to idle
    t =    13.36s Waiting 30.0s for "lab.conversation.field" TextField to exist
    t =    14.44s     Checking `Expect predicate `existsNoRetry == 1` for object "lab.conversation.field" TextField`
    t =    14.44s         Checking existence of `"lab.conversation.field" TextField`
    t =    14.46s Find the "lab.conversation.field" TextField
    t =    14.48s Tear Down
Test Case '-[LabMeshUITests.LabMeshAccessibilityUITests testGSINT001TheLargestTextScaleReallyEnlargesTheLaidOutLayout]' passed (14.727 seconds).
Test Case '-[LabMeshUITests.LabMeshAccessibilityUITests testGSINT001TheOutcomeChangeReachesTheAnnouncementDoor]' started.
    t =     0.00s Start Test at 2026-10-05 07:21:10.766
    t =     0.02s Set Up
    t =     0.03s Open io.godstone.labmesh
    t =     0.03s     Launch io.godstone.labmesh
    t =     0.03s         Terminate io.godstone.labmesh:28285
2026-10-05 07:21:11.869 xcodebuild[27935:52812459] [MT] IDELaunchParametersSnapshot: debugger version lookup failed for path '<nil>': noURL
2026-10-05 07:21:11.869 xcodebuild[27935:52812459] [MT] IDELaunchParametersSnapshot: no debugger version
    t =     1.31s         Setting up automation session
    t =     1.95s         Wait for io.godstone.labmesh to idle
    t =     3.25s Checking existence of `"lab.tab.conversation" Button`
    t =     3.31s Checking existence of `"lab.tab.conversation" Button`
    t =     3.49s Checking existence of `"lab.tab.conversation" Button`
    t =     3.69s Checking existence of `"lab.tab.conversation" Button`
    t =     3.90s Checking existence of `"lab.tab.conversation" Button`
    t =     3.97s Waiting 20.0s for "lab.tab.conversation" Button to exist
    t =     5.03s     Checking `Expect predicate `existsNoRetry == 1` for object "lab.tab.conversation" Button`
    t =     5.03s         Checking existence of `"lab.tab.conversation" Button`
    t =     5.06s Tap "lab.tab.conversation" Button
    t =     5.06s     Wait for io.godstone.labmesh to idle
    t =     5.06s     Find the "lab.tab.conversation" Button
    t =     5.08s     Check for interrupting elements affecting "lab.tab.conversation" Button
    t =     5.10s     Synthesize event
    t =     5.40s     Wait for io.godstone.labmesh to idle
    t =     6.15s Waiting 20.0s for "lab.a11y.announced" Any to exist
    t =     7.20s     Checking `Expect predicate `existsNoRetry == 1` for object "lab.a11y.announced" Any`
    t =     7.20s         Checking existence of `"lab.a11y.announced" Any`
    t =     7.24s Waiting 20.0s for "lab.conversation.octets" Any to exist
    t =     8.30s     Checking `Expect predicate `existsNoRetry == 1` for object "lab.conversation.octets" Any`
    t =     8.30s         Checking existence of `"lab.conversation.octets" Any`
    t =     8.37s Waiting 20.0s for "lab.conversation.linkstate" StaticText to exist
    t =     9.41s     Checking `Expect predicate `existsNoRetry == 1` for object "lab.conversation.linkstate" StaticText`
    t =     9.41s         Checking existence of `"lab.conversation.linkstate" StaticText`
    t =     9.44s Find the "lab.conversation.octets" Any
    t =     9.48s Find the "lab.conversation.octets" Other
    t =     9.52s Waiting 20.0s for "lab.conversation.field" TextField to exist
    t =    10.59s     Checking `Expect predicate `existsNoRetry == 1` for object "lab.conversation.field" TextField`
    t =    10.59s         Checking existence of `"lab.conversation.field" TextField`
    t =    10.62s Tap "lab.conversation.field" TextField
    t =    10.62s     Wait for io.godstone.labmesh to idle
    t =    10.63s     Find the "lab.conversation.field" TextField
    t =    10.64s     Check for interrupting elements affecting "lab.conversation.field" TextField
    t =    10.66s     Synthesize event
    t =    10.96s     Wait for io.godstone.labmesh to idle
    t =    11.02s Type '⛵️ الطريق مسدود' into "lab.conversation.field" TextField
    t =    11.02s     Wait for io.godstone.labmesh to idle
    t =    11.40s     Find the "lab.conversation.field" TextField
    t =    11.43s     Check for interrupting elements affecting "lab.conversation.field" TextField
    t =    11.47s     Synthesize event
    t =    11.90s     Wait for io.godstone.labmesh to idle
    t =    12.94s Checking `Expect predicate `value != "32/400 octets"` for object "lab.conversation.octets" Other`
    t =    12.94s     Find the "lab.conversation.octets" Other
    t =    13.05s Find the "lab.conversation.octets" Other
    t =    13.14s Get number of matches for: Descendants matching type Keyboard
    t =    13.16s Type '
' into Target Application 'io.godstone.labmesh'
    t =    13.16s     Wait for io.godstone.labmesh to idle
    t =    13.16s     Find the Target Application 'io.godstone.labmesh'
    t =    13.17s     Check for interrupting elements affecting "GodstoneLabMesh" Application
    t =    13.19s     Synthesize event
    t =    13.20s         Get number of matches for: Elements containing elements matching predicate 'hasKeyboardFocus == 1'
    t =    13.43s     Wait for io.godstone.labmesh to idle
    t =    14.32s Waiting 10.0s for "lab.conversation.recipient" Any to exist
    t =    15.39s     Checking `Expect predicate `existsNoRetry == 1` for object "lab.conversation.recipient" Any`
    t =    15.39s         Checking existence of `"lab.conversation.recipient" Any`
    t =    15.43s Tap "lab.conversation.recipient" Any
    t =    15.43s     Wait for io.godstone.labmesh to idle
    t =    15.43s     Find the "lab.conversation.recipient" Any
    t =    15.47s     Check for interrupting elements affecting "lab.conversation.recipient" Button
    t =    15.50s     Synthesize event
    t =    15.79s     Wait for io.godstone.labmesh to idle
    t =    16.92s Waiting 3.0s for "B" Button to exist
    t =    17.98s     Checking `Expect predicate `existsNoRetry == 1` for object "B" Button`
    t =    17.98s         Checking existence of `"B" Button`
    t =    18.02s Tap "B" Button
    t =    18.02s     Wait for io.godstone.labmesh to idle
    t =    18.02s     Find the "B" Button
    t =    18.04s     Check for interrupting elements affecting "B" Button
    t =    18.06s     Synthesize event
    t =    18.35s     Wait for io.godstone.labmesh to idle
    t =    19.74s Find the "lab.conversation.linkstate" StaticText
    t =    19.78s Find the "lab.conversation.linkstate" StaticText
    t =    19.80s Waiting 20.0s for "lab.conversation.send" Button to exist
    t =    20.84s     Checking `Expect predicate `existsNoRetry == 1` for object "lab.conversation.send" Button`
    t =    20.84s         Checking existence of `"lab.conversation.send" Button`
    t =    20.87s Checking existence of `"lab.conversation.send" Button`
    t =    20.88s Find the "lab.conversation.send" Button
    t =    20.90s Find the "lab.conversation.send" Button
    t =    20.93s Waiting 20.0s for "lab.conversation.outcome" Any to exist
    t =    22.00s     Checking `Expect predicate `existsNoRetry == 1` for object "lab.conversation.outcome" Any`
    t =    22.00s         Checking existence of `"lab.conversation.outcome" Any`
    t =    22.07s Tap "lab.conversation.send" Button
    t =    22.07s     Wait for io.godstone.labmesh to idle
    t =    22.07s     Find the "lab.conversation.send" Button
    t =    22.09s     Check for interrupting elements affecting "lab.conversation.send" Button
    t =    22.11s     Synthesize event
    t =    22.40s     Wait for io.godstone.labmesh to idle
    t =    23.94s Checking `Expect predicate `label != "nothing sent yet"` for object "lab.conversation.outcome" Any`
    t =    23.94s     Find the "lab.conversation.outcome" Any
    t =    23.99s Find the "lab.conversation.outcome" StaticText
    t =    24.03s Find the "lab.a11y.announced" Any
    t =    24.07s Find the "lab.a11y.announced" Other
    t =    24.11s Tear Down
Test Case '-[LabMeshUITests.LabMeshAccessibilityUITests testGSINT001TheOutcomeChangeReachesTheAnnouncementDoor]' passed (24.345 seconds).
Test Case '-[LabMeshUITests.LabMeshAccessibilityUITests testGSINT001TheRecipientSelectionMovesTheRenderedState]' started.
    t =     0.00s Start Test at 2026-10-05 07:21:35.112
    t =     0.02s Set Up
    t =     0.03s Open io.godstone.labmesh
    t =     0.03s     Launch io.godstone.labmesh
    t =     0.03s         Terminate io.godstone.labmesh:28314
2026-10-05 07:21:36.211 xcodebuild[27935:52812459] [MT] IDELaunchParametersSnapshot: debugger version lookup failed for path '<nil>': noURL
2026-10-05 07:21:36.211 xcodebuild[27935:52812459] [MT] IDELaunchParametersSnapshot: no debugger version
    t =     1.31s         Setting up automation session
    t =     1.98s         Wait for io.godstone.labmesh to idle
    t =     3.33s Checking existence of `"lab.tab.conversation" Button`
    t =     3.39s Checking existence of `"lab.tab.conversation" Button`
    t =     3.57s Checking existence of `"lab.tab.conversation" Button`
    t =     3.58s Checking existence of `"lab.tab.conversation" Button`
    t =     3.75s Checking existence of `"lab.tab.conversation" Button`
    t =     3.76s Waiting 20.0s for "lab.tab.conversation" Button to exist
    t =     4.81s     Checking `Expect predicate `existsNoRetry == 1` for object "lab.tab.conversation" Button`
    t =     4.81s         Checking existence of `"lab.tab.conversation" Button`
    t =     4.84s Tap "lab.tab.conversation" Button
    t =     4.84s     Wait for io.godstone.labmesh to idle
    t =     4.84s     Find the "lab.tab.conversation" Button
    t =     4.86s     Check for interrupting elements affecting "lab.tab.conversation" Button
    t =     4.87s     Synthesize event
    t =     5.17s     Wait for io.godstone.labmesh to idle
    t =     5.92s Waiting 20.0s for "lab.conversation.linkstate" StaticText to exist
    t =     6.98s     Checking `Expect predicate `existsNoRetry == 1` for object "lab.conversation.linkstate" StaticText`
    t =     6.98s         Checking existence of `"lab.conversation.linkstate" StaticText`
    t =     7.01s Waiting 20.0s for "lab.conversation.recipient" Any to exist
    t =     8.08s     Checking `Expect predicate `existsNoRetry == 1` for object "lab.conversation.recipient" Any`
    t =     8.08s         Checking existence of `"lab.conversation.recipient" Any`
    t =     8.13s Find the "lab.conversation.linkstate" StaticText
    t =     8.14s Tap "lab.conversation.recipient" Any
    t =     8.14s     Wait for io.godstone.labmesh to idle
    t =     8.15s     Find the "lab.conversation.recipient" Any
    t =     8.18s     Check for interrupting elements affecting "lab.conversation.recipient" Button
    t =     8.21s     Synthesize event
    t =     8.50s     Wait for io.godstone.labmesh to idle
    t =     9.63s Waiting 5.0s for "R" Button to exist
    t =    10.69s     Checking `Expect predicate `existsNoRetry == 1` for object "R" Button`
    t =    10.69s         Checking existence of `"R" Button`
    t =    10.72s Tap "R" Button
    t =    10.72s     Wait for io.godstone.labmesh to idle
    t =    10.73s     Find the "R" Button
    t =    10.75s     Check for interrupting elements affecting "R" Button
    t =    10.77s     Synthesize event
    t =    11.07s     Wait for io.godstone.labmesh to idle
    t =    12.48s Find the "lab.conversation.linkstate" StaticText
    t =    12.51s Tear Down
Test Case '-[LabMeshUITests.LabMeshAccessibilityUITests testGSINT001TheRecipientSelectionMovesTheRenderedState]' passed (12.762 seconds).
Test Case '-[LabMeshUITests.LabMeshAccessibilityUITests testGSINT001TheRosterSurvivesDefaultScaleLTR]' started.
    t =     0.00s Start Test at 2026-10-05 07:21:47.874
    t =     0.02s Set Up
    t =     0.02s Open io.godstone.labmesh
    t =     0.03s     Launch io.godstone.labmesh
    t =     0.03s         Terminate io.godstone.labmesh:28398
2026-10-05 07:21:48.970 xcodebuild[27935:52812459] [MT] IDELaunchParametersSnapshot: debugger version lookup failed for path '<nil>': noURL
2026-10-05 07:21:48.970 xcodebuild[27935:52812459] [MT] IDELaunchParametersSnapshot: no debugger version
    t =     1.31s         Setting up automation session
    t =     1.93s         Wait for io.godstone.labmesh to idle
    t =     3.27s Checking existence of `"lab.tab.conversation" Button`
    t =     3.32s Checking existence of `"lab.tab.conversation" Button`
    t =     3.49s Checking existence of `"lab.tab.conversation" Button`
    t =     3.50s Checking existence of `"lab.tab.conversation" Button`
    t =     3.68s Checking existence of `"lab.tab.conversation" Button`
    t =     3.69s Checking existence of `"lab.tab.conversation" Button`
    t =     3.87s Checking existence of `"lab.tab.conversation" Button`
    t =     3.89s Waiting 40.0s for "lab.tab.conversation" Button to exist
    t =     4.94s     Checking `Expect predicate `existsNoRetry == 1` for object "lab.tab.conversation" Button`
    t =     4.94s         Checking existence of `"lab.tab.conversation" Button`
    t =     4.97s Tap "lab.tab.conversation" Button
    t =     4.97s     Wait for io.godstone.labmesh to idle
    t =     4.97s     Find the "lab.tab.conversation" Button
    t =     4.99s     Check for interrupting elements affecting "lab.tab.conversation" Button
    t =     5.01s     Synthesize event
    t =     5.30s     Wait for io.godstone.labmesh to idle
    t =     6.05s Waiting 30.0s for "lab.conversation.field" Any to exist
    t =     7.09s     Checking `Expect predicate `existsNoRetry == 1` for object "lab.conversation.field" Any`
    t =     7.09s         Checking existence of `"lab.conversation.field" Any`
    t =     7.12s Checking existence of `"lab.conversation.field" Any`
    t =     7.16s Find the "lab.conversation.field" Any
    t =     7.19s Waiting 30.0s for "lab.conversation.send" Any to exist
    t =     8.27s     Checking `Expect predicate `existsNoRetry == 1` for object "lab.conversation.send" Any`
    t =     8.27s         Checking existence of `"lab.conversation.send" Any`
    t =     8.31s Checking existence of `"lab.conversation.send" Any`
    t =     8.34s Find the "lab.conversation.send" Any
    t =     8.41s Waiting 30.0s for "lab.conversation.octets" Any to exist
    t =     9.45s     Checking `Expect predicate `existsNoRetry == 1` for object "lab.conversation.octets" Any`
    t =     9.45s         Checking existence of `"lab.conversation.octets" Any`
    t =     9.51s Checking existence of `"lab.conversation.octets" Any`
    t =     9.54s Find the "lab.conversation.octets" Any
    t =     9.58s Waiting 30.0s for "lab.conversation.linkstate" Any to exist
    t =    10.63s     Checking `Expect predicate `existsNoRetry == 1` for object "lab.conversation.linkstate" Any`
    t =    10.63s         Checking existence of `"lab.conversation.linkstate" Any`
    t =    10.68s Checking existence of `"lab.conversation.linkstate" Any`
    t =    10.71s Find the "lab.conversation.linkstate" Any
    t =    10.75s Waiting 30.0s for "lab.conversation.outcome" Any to exist
    t =    11.79s     Checking `Expect predicate `existsNoRetry == 1` for object "lab.conversation.outcome" Any`
    t =    11.79s         Checking existence of `"lab.conversation.outcome" Any`
    t =    11.84s Find the "lab.conversation.outcome" Any
    t =    11.87s Waiting 30.0s for "lab.conversation.recipient" Any to exist
    t =    12.94s     Checking `Expect predicate `existsNoRetry == 1` for object "lab.conversation.recipient" Any`
    t =    12.94s         Checking existence of `"lab.conversation.recipient" Any`
    t =    12.99s Find the "lab.conversation.recipient" Any
    t =    13.06s Find the "lab.conversation.recipient" Button
    t =    13.09s Find the "lab.conversation.recipient" Button
    t =    13.12s Checking existence of `"lab.conversation.recipient" Button`
    t =    13.15s Find the "lab.conversation.recipient" Button
    t =    13.19s Waiting 30.0s for "lab.conversation.send" Any to exist
    t =    14.23s     Checking `Expect predicate `existsNoRetry == 1` for object "lab.conversation.send" Any`
    t =    14.23s         Checking existence of `"lab.conversation.send" Any`
    t =    14.27s Find the "lab.conversation.send" Any
    t =    14.30s Find the "lab.conversation.send" Button
    t =    14.34s Find the "lab.conversation.send" Button
    t =    14.37s Checking existence of `"lab.conversation.send" Button`
    t =    14.40s Find the "lab.conversation.send" Button
    t =    14.43s Checking existence of `"lab.conversation.send" Button`
    t =    14.45s Find the "lab.conversation.send" Button
    t =    14.47s Find the "lab.conversation.send" Button
    t =    14.49s Checking existence of `ScrollView (First Match)`
    t =    14.50s Swipe up ScrollView (First Match)
    t =    14.50s     Wait for io.godstone.labmesh to idle
    t =    14.50s     Find the ScrollView (First Match)
    t =    14.51s     Check for interrupting elements affecting ScrollView
    t =    14.52s     Synthesize event
    t =    14.96s     Wait for io.godstone.labmesh to idle
    t =    15.54s Checking existence of `"lab.conversation.send" Button`
    t =    15.56s Find the "lab.conversation.send" Button
    t =    15.58s Find the "lab.conversation.send" Button
    t =    15.60s Tap "lab.conversation.send" Button
    t =    15.60s     Wait for io.godstone.labmesh to idle
    t =    15.61s     Find the "lab.conversation.send" Button
    t =    15.62s     Check for interrupting elements affecting "lab.conversation.send" Button
    t =    15.64s     Synthesize event
    t =    15.92s     Wait for io.godstone.labmesh to idle
    t =    15.93s Checking existence of `"lab.tab.sos" Button`
    t =    15.94s Waiting 40.0s for "lab.tab.sos" Button to exist
    t =    17.00s     Checking `Expect predicate `existsNoRetry == 1` for object "lab.tab.sos" Button`
    t =    17.00s         Checking existence of `"lab.tab.sos" Button`
    t =    17.03s Tap "lab.tab.sos" Button
    t =    17.03s     Wait for io.godstone.labmesh to idle
    t =    17.03s     Find the "lab.tab.sos" Button
    t =    17.05s     Check for interrupting elements affecting "lab.tab.sos" Button
    t =    17.06s     Synthesize event
    t =    17.36s     Wait for io.godstone.labmesh to idle
    t =    18.56s Waiting 30.0s for "lab.sos.hold" Any to exist
    t =    19.63s     Checking `Expect predicate `existsNoRetry == 1` for object "lab.sos.hold" Any`
    t =    19.63s         Checking existence of `"lab.sos.hold" Any`
    t =    19.67s Find the "lab.sos.hold" Any
    t =    19.70s Find the "lab.sos.hold" StaticText
    t =    19.73s Checking existence of `"lab.sos.hold" StaticText`
    t =    19.76s Find the "lab.sos.hold" StaticText
    t =    19.80s Waiting 30.0s for "lab.sos.cancel" Any to exist
    t =    20.86s     Checking `Expect predicate `existsNoRetry == 1` for object "lab.sos.cancel" Any`
    t =    20.86s         Checking existence of `"lab.sos.cancel" Any`
    t =    20.90s Find the "lab.sos.cancel" Any
    t =    20.94s Find the "lab.sos.cancel" Button
    t =    20.97s Checking existence of `"lab.sos.cancel" Button`
    t =    21.00s Find the "lab.sos.cancel" Button
    t =    21.04s Waiting 30.0s for "lab.sos.retry" Any to exist
    t =    22.10s     Checking `Expect predicate `existsNoRetry == 1` for object "lab.sos.retry" Any`
    t =    22.10s         Checking existence of `"lab.sos.retry" Any`
    t =    22.16s         Capturing element debug description
    t =    23.10s     Checking `Expect predicate `existsNoRetry == 1` for object "lab.sos.retry" Any`
    t =    23.10s         Checking existence of `"lab.sos.retry" Any`
    t =    23.16s         Capturing element debug description
    t =    24.12s     Checking `Expect predicate `existsNoRetry == 1` for object "lab.sos.retry" Any`
    t =    24.12s         Checking existence of `"lab.sos.retry" Any`
    t =    24.18s         Capturing element debug description
    t =    25.13s     Checking `Expect predicate `existsNoRetry == 1` for object "lab.sos.retry" Any`
    t =    25.13s         Checking existence of `"lab.sos.retry" Any`
    t =    25.18s         Capturing element debug description
    t =    26.11s     Checking `Expect predicate `existsNoRetry == 1` for object "lab.sos.retry" Any`
    t =    26.11s         Checking existence of `"lab.sos.retry" Any`
    t =    26.17s         Capturing element debug description
    t =    27.14s     Checking `Expect predicate `existsNoRetry == 1` for object "lab.sos.retry" Any`
    t =    27.14s         Checking existence of `"lab.sos.retry" Any`
    t =    27.19s         Capturing element debug description
    t =    28.04s     Checking `Expect predicate `existsNoRetry == 1` for object "lab.sos.retry" Any`
    t =    28.05s         Checking existence of `"lab.sos.retry" Any`
    t =    28.10s         Capturing element debug description
    t =    29.14s     Checking `Expect predicate `existsNoRetry == 1` for object "lab.sos.retry" Any`
    t =    29.14s         Checking existence of `"lab.sos.retry" Any`
    t =    29.20s         Capturing element debug description
    t =    30.05s     Checking `Expect predicate `existsNoRetry == 1` for object "lab.sos.retry" Any`
    t =    30.05s         Checking existence of `"lab.sos.retry" Any`
    t =    30.11s         Capturing element debug description
    t =    31.06s     Checking `Expect predicate `existsNoRetry == 1` for object "lab.sos.retry" Any`
    t =    31.06s         Checking existence of `"lab.sos.retry" Any`
    t =    31.11s         Capturing element debug description
    t =    32.08s     Checking `Expect predicate `existsNoRetry == 1` for object "lab.sos.retry" Any`
    t =    32.08s         Checking existence of `"lab.sos.retry" Any`
    t =    32.16s         Capturing element debug description
    t =    33.11s     Checking `Expect predicate `existsNoRetry == 1` for object "lab.sos.retry" Any`
    t =    33.11s         Checking existence of `"lab.sos.retry" Any`
    t =    33.17s         Capturing element debug description
    t =    34.10s     Checking `Expect predicate `existsNoRetry == 1` for object "lab.sos.retry" Any`
    t =    34.10s         Checking existence of `"lab.sos.retry" Any`
    t =    34.17s         Capturing element debug description
    t =    35.13s     Checking `Expect predicate `existsNoRetry == 1` for object "lab.sos.retry" Any`
    t =    35.13s         Checking existence of `"lab.sos.retry" Any`
    t =    35.21s         Capturing element debug description
    t =    36.05s     Checking `Expect predicate `existsNoRetry == 1` for object "lab.sos.retry" Any`
    t =    36.05s         Checking existence of `"lab.sos.retry" Any`
    t =    36.22s         Capturing element debug description
    t =    37.05s     Checking `Expect predicate `existsNoRetry == 1` for object "lab.sos.retry" Any`
    t =    37.06s         Checking existence of `"lab.sos.retry" Any`
    t =    37.19s         Capturing element debug description
    t =    38.14s     Checking `Expect predicate `existsNoRetry == 1` for object "lab.sos.retry" Any`
    t =    38.14s         Checking existence of `"lab.sos.retry" Any`
    t =    38.35s         Capturing element debug description
    t =    39.07s     Checking `Expect predicate `existsNoRetry == 1` for object "lab.sos.retry" Any`
    t =    39.07s         Checking existence of `"lab.sos.retry" Any`
    t =    39.38s         Capturing element debug description
    t =    40.10s     Checking `Expect predicate `existsNoRetry == 1` for object "lab.sos.retry" Any`
    t =    40.10s         Checking existence of `"lab.sos.retry" Any`
    t =    40.31s         Capturing element debug description
    t =    41.04s     Checking `Expect predicate `existsNoRetry == 1` for object "lab.sos.retry" Any`
    t =    41.04s         Checking existence of `"lab.sos.retry" Any`
    t =    41.16s         Capturing element debug description
    t =    42.10s     Checking `Expect predicate `existsNoRetry == 1` for object "lab.sos.retry" Any`
    t =    42.10s         Checking existence of `"lab.sos.retry" Any`
    t =    42.19s         Capturing element debug description
    t =    43.05s     Checking `Expect predicate `existsNoRetry == 1` for object "lab.sos.retry" Any`
    t =    43.05s         Checking existence of `"lab.sos.retry" Any`
    t =    43.20s         Capturing element debug description
    t =    44.14s     Checking `Expect predicate `existsNoRetry == 1` for object "lab.sos.retry" Any`
    t =    44.14s         Checking existence of `"lab.sos.retry" Any`
    t =    44.21s         Capturing element debug description
    t =    45.04s     Checking `Expect predicate `existsNoRetry == 1` for object "lab.sos.retry" Any`
    t =    45.04s         Checking existence of `"lab.sos.retry" Any`
    t =    45.14s         Capturing element debug description
    t =    46.08s     Checking `Expect predicate `existsNoRetry == 1` for object "lab.sos.retry" Any`
    t =    46.08s         Checking existence of `"lab.sos.retry" Any`
    t =    46.21s         Capturing element debug description
    t =    47.07s     Checking `Expect predicate `existsNoRetry == 1` for object "lab.sos.retry" Any`
    t =    47.07s         Checking existence of `"lab.sos.retry" Any`
    t =    47.14s         Capturing element debug description
    t =    48.07s     Checking `Expect predicate `existsNoRetry == 1` for object "lab.sos.retry" Any`
    t =    48.07s         Checking existence of `"lab.sos.retry" Any`
    t =    48.13s         Capturing element debug description
    t =    49.08s     Checking `Expect predicate `existsNoRetry == 1` for object "lab.sos.retry" Any`
    t =    49.08s         Checking existence of `"lab.sos.retry" Any`
    t =    49.14s         Capturing element debug description
    t =    50.09s     Checking `Expect predicate `existsNoRetry == 1` for object "lab.sos.retry" Any`
    t =    50.09s         Checking existence of `"lab.sos.retry" Any`
    t =    50.15s         Capturing element debug description
    t =    51.05s     Checking `Expect predicate `existsNoRetry == 1` for object "lab.sos.retry" Any`
    t =    51.05s         Checking existence of `"lab.sos.retry" Any`
    t =    51.11s         Capturing element debug description
    t =    51.11s     Checking existence of `"lab.sos.retry" Any`
    t =    51.15s Collecting debug information to assist test failure triage
    t =    51.15s     Requesting snapshot of accessibility hierarchy for app with pid 28461
/tmp/board1-rc15-preparatory-46903cd0-xke1sctz/rod-worktrees/wt_IOS-SOS-RETRY-001/ios/Godstone/Tests/LabMeshUITests/LabMeshAccessibilityUITests.swift:586: error: -[LabMeshUITests.LabMeshAccessibilityUITests testGSINT001TheRosterSurvivesDefaultScaleLTR] : XCTAssertTrue failed - *** [$label] THE ESSENTIAL 'lab.sos.retry' ('Retry') MUST STAND ON THE SOS SURFACE IN THIS COMBINATION. ***
    t =    51.17s Tear Down
Test Case '-[LabMeshUITests.LabMeshAccessibilityUITests testGSINT001TheRosterSurvivesDefaultScaleLTR]' failed (51.422 seconds).
Test Case '-[LabMeshUITests.LabMeshAccessibilityUITests testGSINT001TheRosterSurvivesDefaultScaleRTL]' started.
    t =     0.00s Start Test at 2026-10-05 07:22:39.296
    t =     0.03s Set Up
    t =     0.03s Open io.godstone.labmesh
    t =     0.03s     Launch io.godstone.labmesh
    t =     0.03s         Terminate io.godstone.labmesh:28461
2026-10-05 07:22:40.405 xcodebuild[27935:52812459] [MT] IDELaunchParametersSnapshot: debugger version lookup failed for path '<nil>': noURL
2026-10-05 07:22:40.405 xcodebuild[27935:52812459] [MT] IDELaunchParametersSnapshot: no debugger version
    t =     1.53s         Setting up automation session
    t =     2.11s         Wait for io.godstone.labmesh to idle
    t =     3.46s Checking existence of `"lab.tab.conversation" Button`
    t =     3.52s Checking existence of `"lab.tab.conversation" Button`
    t =     3.70s Checking existence of `"lab.tab.conversation" Button`
    t =     3.71s Checking existence of `"lab.tab.conversation" Button`
    t =     3.88s Checking existence of `"lab.tab.conversation" Button`
    t =     3.90s Checking existence of `"lab.tab.conversation" Button`
    t =     4.07s Checking existence of `"lab.tab.conversation" Button`
    t =     4.12s Waiting 40.0s for "lab.tab.conversation" Button to exist
    t =     5.16s     Checking `Expect predicate `existsNoRetry == 1` for object "lab.tab.conversation" Button`
    t =     5.16s         Checking existence of `"lab.tab.conversation" Button`
    t =     5.28s Tap "lab.tab.conversation" Button
    t =     5.28s     Wait for io.godstone.labmesh to idle
    t =     5.29s     Find the "lab.tab.conversation" Button
    t =     5.35s     Check for interrupting elements affecting "lab.tab.conversation" Button
    t =     5.37s     Synthesize event
    t =     5.67s     Wait for io.godstone.labmesh to idle
    t =     6.42s Waiting 30.0s for "lab.conversation.field" Any to exist
    t =     7.47s     Checking `Expect predicate `existsNoRetry == 1` for object "lab.conversation.field" Any`
    t =     7.47s         Checking existence of `"lab.conversation.field" Any`
    t =     7.55s Checking existence of `"lab.conversation.field" Any`
    t =     7.60s Find the "lab.conversation.field" Any
    t =     7.67s Waiting 30.0s for "lab.conversation.send" Any to exist
    t =     8.71s     Checking `Expect predicate `existsNoRetry == 1` for object "lab.conversation.send" Any`
    t =     8.72s         Checking existence of `"lab.conversation.send" Any`
    t =     8.78s Checking existence of `"lab.conversation.send" Any`
    t =     8.82s Find the "lab.conversation.send" Any
    t =     8.90s Waiting 30.0s for "lab.conversation.octets" Any to exist
    t =     9.96s     Checking `Expect predicate `existsNoRetry == 1` for object "lab.conversation.octets" Any`
    t =     9.97s         Checking existence of `"lab.conversation.octets" Any`
    t =    10.09s Checking existence of `"lab.conversation.octets" Any`
    t =    10.14s Find the "lab.conversation.octets" Any
    t =    10.18s Waiting 30.0s for "lab.conversation.linkstate" Any to exist
    t =    11.24s     Checking `Expect predicate `existsNoRetry == 1` for object "lab.conversation.linkstate" Any`
    t =    11.24s         Checking existence of `"lab.conversation.linkstate" Any`
    t =    11.34s Checking existence of `"lab.conversation.linkstate" Any`
    t =    11.38s Find the "lab.conversation.linkstate" Any
    t =    11.42s Waiting 30.0s for "lab.conversation.outcome" Any to exist
    t =    12.47s     Checking `Expect predicate `existsNoRetry == 1` for object "lab.conversation.outcome" Any`
    t =    12.47s         Checking existence of `"lab.conversation.outcome" Any`
    t =    12.51s Find the "lab.conversation.outcome" Any
    t =    12.55s Waiting 30.0s for "lab.conversation.recipient" Any to exist
    t =    13.61s     Checking `Expect predicate `existsNoRetry == 1` for object "lab.conversation.recipient" Any`
    t =    13.61s         Checking existence of `"lab.conversation.recipient" Any`
    t =    13.64s Find the "lab.conversation.recipient" Any
    t =    13.67s Find the "lab.conversation.recipient" Button
    t =    13.70s Find the "lab.conversation.recipient" Button
    t =    13.73s Checking existence of `"lab.conversation.recipient" Button`
    t =    13.75s Find the "lab.conversation.recipient" Button
    t =    13.78s Waiting 30.0s for "lab.conversation.send" Any to exist
    t =    14.83s     Checking `Expect predicate `existsNoRetry == 1` for object "lab.conversation.send" Any`
    t =    14.83s         Checking existence of `"lab.conversation.send" Any`
    t =    14.88s Find the "lab.conversation.send" Any
    t =    14.91s Find the "lab.conversation.send" Button
    t =    14.94s Find the "lab.conversation.send" Button
    t =    14.97s Checking existence of `"lab.conversation.send" Button`
    t =    15.00s Find the "lab.conversation.send" Button
    t =    15.03s Checking existence of `"lab.conversation.send" Button`
    t =    15.05s Find the "lab.conversation.send" Button
    t =    15.06s Find the "lab.conversation.send" Button
    t =    15.09s Checking existence of `ScrollView (First Match)`
    t =    15.09s Swipe up ScrollView (First Match)
    t =    15.09s     Wait for io.godstone.labmesh to idle
    t =    15.09s     Find the ScrollView (First Match)
    t =    15.10s     Check for interrupting elements affecting ScrollView
    t =    15.12s     Synthesize event
    t =    15.55s     Wait for io.godstone.labmesh to idle
    t =    16.14s Checking existence of `"lab.conversation.send" Button`
    t =    16.26s Find the "lab.conversation.send" Button
    t =    16.30s Find the "lab.conversation.send" Button
    t =    16.33s Tap "lab.conversation.send" Button
    t =    16.33s     Wait for io.godstone.labmesh to idle
    t =    16.33s     Find the "lab.conversation.send" Button
    t =    16.35s     Check for interrupting elements affecting "lab.conversation.send" Button
    t =    16.37s     Synthesize event
    t =    16.67s     Wait for io.godstone.labmesh to idle
    t =    16.67s Checking existence of `"lab.tab.sos" Button`
    t =    16.69s Waiting 40.0s for "lab.tab.sos" Button to exist
    t =    17.75s     Checking `Expect predicate `existsNoRetry == 1` for object "lab.tab.sos" Button`
    t =    17.75s         Checking existence of `"lab.tab.sos" Button`
    t =    17.78s Tap "lab.tab.sos" Button
    t =    17.78s     Wait for io.godstone.labmesh to idle
    t =    17.79s     Find the "lab.tab.sos" Button
    t =    17.80s     Check for interrupting elements affecting "lab.tab.sos" Button
    t =    17.82s     Synthesize event
    t =    18.11s     Wait for io.godstone.labmesh to idle
    t =    19.32s Waiting 30.0s for "lab.sos.hold" Any to exist
    t =    20.38s     Checking `Expect predicate `existsNoRetry == 1` for object "lab.sos.hold" Any`
    t =    20.38s         Checking existence of `"lab.sos.hold" Any`
    t =    20.54s Find the "lab.sos.hold" Any
    t =    20.60s Find the "lab.sos.hold" StaticText
    t =    20.95s Checking existence of `"lab.sos.hold" StaticText`
    t =    20.99s Find the "lab.sos.hold" StaticText
    t =    21.05s Waiting 30.0s for "lab.sos.cancel" Any to exist
    t =    22.11s     Checking `Expect predicate `existsNoRetry == 1` for object "lab.sos.cancel" Any`
    t =    22.12s         Checking existence of `"lab.sos.cancel" Any`
    t =    22.16s Find the "lab.sos.cancel" Any
    t =    22.18s Find the "lab.sos.cancel" Button
    t =    22.21s Checking existence of `"lab.sos.cancel" Button`
    t =    22.24s Find the "lab.sos.cancel" Button
    t =    22.27s Waiting 30.0s for "lab.sos.retry" Any to exist
    t =    23.33s     Checking `Expect predicate `existsNoRetry == 1` for object "lab.sos.retry" Any`
    t =    23.33s         Checking existence of `"lab.sos.retry" Any`
    t =    23.55s         Capturing element debug description
    t =    24.28s     Checking `Expect predicate `existsNoRetry == 1` for object "lab.sos.retry" Any`
    t =    24.28s         Checking existence of `"lab.sos.retry" Any`
    t =    24.47s         Capturing element debug description
    t =    25.31s     Checking `Expect predicate `existsNoRetry == 1` for object "lab.sos.retry" Any`
    t =    25.31s         Checking existence of `"lab.sos.retry" Any`
    t =    25.42s         Capturing element debug description
    t =    26.36s     Checking `Expect predicate `existsNoRetry == 1` for object "lab.sos.retry" Any`
    t =    26.37s         Checking existence of `"lab.sos.retry" Any`
    t =    26.51s         Capturing element debug description
    t =    27.35s     Checking `Expect predicate `existsNoRetry == 1` for object "lab.sos.retry" Any`
    t =    27.35s         Checking existence of `"lab.sos.retry" Any`
    t =    27.41s         Capturing element debug description
    t =    28.36s     Checking `Expect predicate `existsNoRetry == 1` for object "lab.sos.retry" Any`
    t =    28.37s         Checking existence of `"lab.sos.retry" Any`
    t =    28.42s         Capturing element debug description
    t =    29.28s     Checking `Expect predicate `existsNoRetry == 1` for object "lab.sos.retry" Any`
    t =    29.28s         Checking existence of `"lab.sos.retry" Any`
    t =    29.34s         Capturing element debug description
    t =    30.27s     Checking `Expect predicate `existsNoRetry == 1` for object "lab.sos.retry" Any`
    t =    30.27s         Checking existence of `"lab.sos.retry" Any`
    t =    30.33s         Capturing element debug description
    t =    31.28s     Checking `Expect predicate `existsNoRetry == 1` for object "lab.sos.retry" Any`
    t =    31.28s         Checking existence of `"lab.sos.retry" Any`
    t =    31.33s         Capturing element debug description
    t =    32.29s     Checking `Expect predicate `existsNoRetry == 1` for object "lab.sos.retry" Any`
    t =    32.29s         Checking existence of `"lab.sos.retry" Any`
    t =    32.35s         Capturing element debug description
    t =    33.31s     Checking `Expect predicate `existsNoRetry == 1` for object "lab.sos.retry" Any`
    t =    33.31s         Checking existence of `"lab.sos.retry" Any`
    t =    33.36s         Capturing element debug description
    t =    34.30s     Checking `Expect predicate `existsNoRetry == 1` for object "lab.sos.retry" Any`
    t =    34.30s         Checking existence of `"lab.sos.retry" Any`
    t =    34.35s         Capturing element debug description
    t =    35.31s     Checking `Expect predicate `existsNoRetry == 1` for object "lab.sos.retry" Any`
    t =    35.32s         Checking existence of `"lab.sos.retry" Any`
    t =    35.46s         Capturing element debug description
    t =    36.29s     Checking `Expect predicate `existsNoRetry == 1` for object "lab.sos.retry" Any`
    t =    36.29s         Checking existence of `"lab.sos.retry" Any`
    t =    36.45s         Capturing element debug description
    t =    37.30s     Checking `Expect predicate `existsNoRetry == 1` for object "lab.sos.retry" Any`
    t =    37.30s         Checking existence of `"lab.sos.retry" Any`
    t =    37.48s         Capturing element debug description
    t =    38.31s     Checking `Expect predicate `existsNoRetry == 1` for object "lab.sos.retry" Any`
    t =    38.32s         Checking existence of `"lab.sos.retry" Any`
    t =    38.44s         Capturing element debug description
    t =    39.28s     Checking `Expect predicate `existsNoRetry == 1` for object "lab.sos.retry" Any`
    t =    39.28s         Checking existence of `"lab.sos.retry" Any`
    t =    39.47s         Capturing element debug description
    t =    40.32s     Checking `Expect predicate `existsNoRetry == 1` for object "lab.sos.retry" Any`
    t =    40.32s         Checking existence of `"lab.sos.retry" Any`
    t =    40.38s         Capturing element debug description
    t =    41.35s     Checking `Expect predicate `existsNoRetry == 1` for object "lab.sos.retry" Any`
    t =    41.35s         Checking existence of `"lab.sos.retry" Any`
    t =    41.45s         Capturing element debug description
    t =    42.28s     Checking `Expect predicate `existsNoRetry == 1` for object "lab.sos.retry" Any`
    t =    42.28s         Checking existence of `"lab.sos.retry" Any`
    t =    42.34s         Capturing element debug description
    t =    43.28s     Checking `Expect predicate `existsNoRetry == 1` for object "lab.sos.retry" Any`
    t =    43.28s         Checking existence of `"lab.sos.retry" Any`
    t =    43.36s         Capturing element debug description
    t =    44.30s     Checking `Expect predicate `existsNoRetry == 1` for object "lab.sos.retry" Any`
    t =    44.30s         Checking existence of `"lab.sos.retry" Any`
    t =    44.46s         Capturing element debug description
    t =    45.30s     Checking `Expect predicate `existsNoRetry == 1` for object "lab.sos.retry" Any`
    t =    45.30s         Checking existence of `"lab.sos.retry" Any`
    t =    45.37s         Capturing element debug description
    t =    46.31s     Checking `Expect predicate `existsNoRetry == 1` for object "lab.sos.retry" Any`
    t =    46.31s         Checking existence of `"lab.sos.retry" Any`
    t =    46.65s         Capturing element debug description
    t =    47.28s     Checking `Expect predicate `existsNoRetry == 1` for object "lab.sos.retry" Any`
    t =    47.28s         Checking existence of `"lab.sos.retry" Any`
    t =    47.42s         Capturing element debug description
    t =    48.36s     Checking `Expect predicate `existsNoRetry == 1` for object "lab.sos.retry" Any`
    t =    48.37s         Checking existence of `"lab.sos.retry" Any`
    t =    48.51s         Capturing element debug description
    t =    49.36s     Checking `Expect predicate `existsNoRetry == 1` for object "lab.sos.retry" Any`
    t =    49.37s         Checking existence of `"lab.sos.retry" Any`
    t =    49.42s         Capturing element debug description
    t =    50.27s     Checking `Expect predicate `existsNoRetry == 1` for object "lab.sos.retry" Any`
    t =    50.28s         Checking existence of `"lab.sos.retry" Any`
    t =    50.33s         Capturing element debug description
    t =    51.28s     Checking `Expect predicate `existsNoRetry == 1` for object "lab.sos.retry" Any`
    t =    51.28s         Checking existence of `"lab.sos.retry" Any`
    t =    51.33s         Capturing element debug description
    t =    52.28s     Checking `Expect predicate `existsNoRetry == 1` for object "lab.sos.retry" Any`
    t =    52.28s         Checking existence of `"lab.sos.retry" Any`
    t =    52.34s         Capturing element debug description
    t =    52.34s     Checking existence of `"lab.sos.retry" Any`
    t =    52.38s Collecting debug information to assist test failure triage
    t =    52.38s     Requesting snapshot of accessibility hierarchy for app with pid 28944
/tmp/board1-rc15-preparatory-46903cd0-xke1sctz/rod-worktrees/wt_IOS-SOS-RETRY-001/ios/Godstone/Tests/LabMeshUITests/LabMeshAccessibilityUITests.swift:586: error: -[LabMeshUITests.LabMeshAccessibilityUITests testGSINT001TheRosterSurvivesDefaultScaleRTL] : XCTAssertTrue failed - *** [$label] THE ESSENTIAL 'lab.sos.retry' ('Retry') MUST STAND ON THE SOS SURFACE IN THIS COMBINATION. ***
    t =    52.40s Tear Down
Test Case '-[LabMeshUITests.LabMeshAccessibilityUITests testGSINT001TheRosterSurvivesDefaultScaleRTL]' failed (52.650 seconds).
Test Case '-[LabMeshUITests.LabMeshAccessibilityUITests testGSINT001TheRosterSurvivesLargestScaleLTR]' started.
    t =     0.00s Start Test at 2026-10-05 07:23:31.946
    t =     0.02s Set Up
    t =     0.02s Open io.godstone.labmesh
    t =     0.03s     Launch io.godstone.labmesh
    t =     0.03s         Terminate io.godstone.labmesh:28944
2026-10-05 07:23:33.045 xcodebuild[27935:52812459] [MT] IDELaunchParametersSnapshot: debugger version lookup failed for path '<nil>': noURL
2026-10-05 07:23:33.045 xcodebuild[27935:52812459] [MT] IDELaunchParametersSnapshot: no debugger version
    t =     1.31s         Setting up automation session
    t =     1.96s         Wait for io.godstone.labmesh to idle
    t =     3.33s Checking existence of `"lab.tab.conversation" Button`
    t =     3.47s Checking existence of `"lab.tab.conversation" Button`
    t =     3.65s Checking existence of `"lab.tab.conversation" Button`
    t =     3.67s Checking existence of `"lab.tab.conversation" Button`
    t =     3.84s Checking existence of `"lab.tab.conversation" Button`
    t =     3.85s Checking existence of `"lab.tab.conversation" Button`
    t =     4.01s Checking existence of `"lab.tab.conversation" Button`
    t =     4.04s Waiting 40.0s for "lab.tab.conversation" Button to exist
    t =     5.10s     Checking `Expect predicate `existsNoRetry == 1` for object "lab.tab.conversation" Button`
    t =     5.10s         Checking existence of `"lab.tab.conversation" Button`
    t =     5.16s Tap "lab.tab.conversation" Button
    t =     5.16s     Wait for io.godstone.labmesh to idle
    t =     5.17s     Find the "lab.tab.conversation" Button
    t =     5.21s     Check for interrupting elements affecting "lab.tab.conversation" Button
    t =     5.23s     Synthesize event
    t =     5.52s     Wait for io.godstone.labmesh to idle
    t =     6.29s Waiting 30.0s for "lab.conversation.field" Any to exist
    t =     7.36s     Checking `Expect predicate `existsNoRetry == 1` for object "lab.conversation.field" Any`
    t =     7.36s         Checking existence of `"lab.conversation.field" Any`
    t =     7.42s Checking existence of `"lab.conversation.field" Any`
    t =     7.45s Find the "lab.conversation.field" Any
    t =     7.48s Waiting 30.0s for "lab.conversation.send" Any to exist
    t =     8.54s     Checking `Expect predicate `existsNoRetry == 1` for object "lab.conversation.send" Any`
    t =     8.54s         Checking existence of `"lab.conversation.send" Any`
    t =     8.58s Checking existence of `"lab.conversation.send" Any`
    t =     8.62s Find the "lab.conversation.send" Any
    t =     8.70s Waiting 30.0s for "lab.conversation.octets" Any to exist
    t =     9.75s     Checking `Expect predicate `existsNoRetry == 1` for object "lab.conversation.octets" Any`
    t =     9.75s         Checking existence of `"lab.conversation.octets" Any`
    t =     9.80s Checking existence of `"lab.conversation.octets" Any`
    t =     9.85s Find the "lab.conversation.octets" Any
    t =     9.88s Waiting 30.0s for "lab.conversation.linkstate" Any to exist
    t =    10.95s     Checking `Expect predicate `existsNoRetry == 1` for object "lab.conversation.linkstate" Any`
    t =    10.95s         Checking existence of `"lab.conversation.linkstate" Any`
    t =    11.05s Checking existence of `"lab.conversation.linkstate" Any`
    t =    11.09s Find the "lab.conversation.linkstate" Any
    t =    11.13s Waiting 30.0s for "lab.conversation.outcome" Any to exist
    t =    12.18s     Checking `Expect predicate `existsNoRetry == 1` for object "lab.conversation.outcome" Any`
    t =    12.18s         Checking existence of `"lab.conversation.outcome" Any`
    t =    12.28s Find the "lab.conversation.outcome" Any
    t =    12.32s Waiting 30.0s for "lab.conversation.recipient" Any to exist
    t =    13.36s     Checking `Expect predicate `existsNoRetry == 1` for object "lab.conversation.recipient" Any`
    t =    13.37s         Checking existence of `"lab.conversation.recipient" Any`
    t =    13.41s Find the "lab.conversation.recipient" Any
    t =    13.44s Find the "lab.conversation.recipient" Button
    t =    13.47s Checking existence of `"lab.conversation.recipient" Button`
    t =    13.50s Find the "lab.conversation.recipient" Button
    t =    13.54s Waiting 30.0s for "lab.conversation.send" Any to exist
    t =    14.60s     Checking `Expect predicate `existsNoRetry == 1` for object "lab.conversation.send" Any`
    t =    14.60s         Checking existence of `"lab.conversation.send" Any`
    t =    14.65s Find the "lab.conversation.send" Any
    t =    14.69s Find the "lab.conversation.send" Button
    t =    14.72s Checking existence of `"lab.conversation.send" Button`
    t =    14.75s Find the "lab.conversation.send" Button
    t =    14.78s Checking existence of `"lab.tab.sos" Button`
    t =    14.79s Waiting 40.0s for "lab.tab.sos" Button to exist
    t =    15.86s     Checking `Expect predicate `existsNoRetry == 1` for object "lab.tab.sos" Button`
    t =    15.86s         Checking existence of `"lab.tab.sos" Button`
    t =    15.88s Tap "lab.tab.sos" Button
    t =    15.88s     Wait for io.godstone.labmesh to idle
    t =    15.88s     Find the "lab.tab.sos" Button
    t =    15.90s     Check for interrupting elements affecting "lab.tab.sos" Button
    t =    15.91s     Synthesize event
    t =    16.20s     Wait for io.godstone.labmesh to idle
    t =    17.61s Waiting 30.0s for "lab.sos.hold" Any to exist
    t =    18.67s     Checking `Expect predicate `existsNoRetry == 1` for object "lab.sos.hold" Any`
    t =    18.67s         Checking existence of `"lab.sos.hold" Any`
    t =    18.72s Find the "lab.sos.hold" Any
    t =    18.75s Find the "lab.sos.hold" StaticText
    t =    18.78s Checking existence of `"lab.sos.hold" StaticText`
    t =    18.81s Find the "lab.sos.hold" StaticText
    t =    18.84s Waiting 30.0s for "lab.sos.cancel" Any to exist
    t =    19.90s     Checking `Expect predicate `existsNoRetry == 1` for object "lab.sos.cancel" Any`
    t =    19.90s         Checking existence of `"lab.sos.cancel" Any`
    t =    20.10s Find the "lab.sos.cancel" Any
    t =    20.18s Find the "lab.sos.cancel" Button
    t =    20.36s Checking existence of `"lab.sos.cancel" Button`
    t =    20.57s Find the "lab.sos.cancel" Button
    t =    20.63s Waiting 30.0s for "lab.sos.retry" Any to exist
    t =    21.70s     Checking `Expect predicate `existsNoRetry == 1` for object "lab.sos.retry" Any`
    t =    21.70s         Checking existence of `"lab.sos.retry" Any`
    t =    21.78s         Capturing element debug description
    t =    22.64s     Checking `Expect predicate `existsNoRetry == 1` for object "lab.sos.retry" Any`
    t =    22.64s         Checking existence of `"lab.sos.retry" Any`
    t =    22.70s         Capturing element debug description
    t =    23.65s     Checking `Expect predicate `existsNoRetry == 1` for object "lab.sos.retry" Any`
    t =    23.65s         Checking existence of `"lab.sos.retry" Any`
    t =    23.75s         Capturing element debug description
    t =    24.70s     Checking `Expect predicate `existsNoRetry == 1` for object "lab.sos.retry" Any`
    t =    24.70s         Checking existence of `"lab.sos.retry" Any`
    t =    24.83s         Capturing element debug description
    t =    25.66s     Checking `Expect predicate `existsNoRetry == 1` for object "lab.sos.retry" Any`
    t =    25.67s         Checking existence of `"lab.sos.retry" Any`
    t =    25.86s         Capturing element debug description
    t =    26.70s     Checking `Expect predicate `existsNoRetry == 1` for object "lab.sos.retry" Any`
    t =    26.70s         Checking existence of `"lab.sos.retry" Any`
    t =    26.80s         Capturing element debug description
    t =    27.65s     Checking `Expect predicate `existsNoRetry == 1` for object "lab.sos.retry" Any`
    t =    27.65s         Checking existence of `"lab.sos.retry" Any`
    t =    27.71s         Capturing element debug description
    t =    28.66s     Checking `Expect predicate `existsNoRetry == 1` for object "lab.sos.retry" Any`
    t =    28.66s         Checking existence of `"lab.sos.retry" Any`
    t =    28.71s         Capturing element debug description
    t =    29.66s     Checking `Expect predicate `existsNoRetry == 1` for object "lab.sos.retry" Any`
    t =    29.66s         Checking existence of `"lab.sos.retry" Any`
    t =    29.71s         Capturing element debug description
    t =    30.65s     Checking `Expect predicate `existsNoRetry == 1` for object "lab.sos.retry" Any`
    t =    30.65s         Checking existence of `"lab.sos.retry" Any`
    t =    30.71s         Capturing element debug description
    t =    31.67s     Checking `Expect predicate `existsNoRetry == 1` for object "lab.sos.retry" Any`
    t =    31.67s         Checking existence of `"lab.sos.retry" Any`
    t =    31.73s         Capturing element debug description
    t =    32.69s     Checking `Expect predicate `existsNoRetry == 1` for object "lab.sos.retry" Any`
    t =    32.69s         Checking existence of `"lab.sos.retry" Any`
    t =    32.75s         Capturing element debug description
    t =    33.70s     Checking `Expect predicate `existsNoRetry == 1` for object "lab.sos.retry" Any`
    t =    33.70s         Checking existence of `"lab.sos.retry" Any`
    t =    33.76s         Capturing element debug description
    t =    34.70s     Checking `Expect predicate `existsNoRetry == 1` for object "lab.sos.retry" Any`
    t =    34.70s         Checking existence of `"lab.sos.retry" Any`
    t =    34.75s         Capturing element debug description
    t =    35.68s     Checking `Expect predicate `existsNoRetry == 1` for object "lab.sos.retry" Any`
    t =    35.68s         Checking existence of `"lab.sos.retry" Any`
    t =    35.74s         Capturing element debug description
    t =    36.69s     Checking `Expect predicate `existsNoRetry == 1` for object "lab.sos.retry" Any`
    t =    36.69s         Checking existence of `"lab.sos.retry" Any`
    t =    36.97s         Capturing element debug description
    t =    37.72s     Checking `Expect predicate `existsNoRetry == 1` for object "lab.sos.retry" Any`
    t =    37.72s         Checking existence of `"lab.sos.retry" Any`
    t =    38.00s         Capturing element debug description
    t =    38.65s     Checking `Expect predicate `existsNoRetry == 1` for object "lab.sos.retry" Any`
    t =    38.65s         Checking existence of `"lab.sos.retry" Any`
    t =    38.79s         Capturing element debug description
    t =    39.64s     Checking `Expect predicate `existsNoRetry == 1` for object "lab.sos.retry" Any`
    t =    39.64s         Checking existence of `"lab.sos.retry" Any`
    t =    39.71s         Capturing element debug description
    t =    40.66s     Checking `Expect predicate `existsNoRetry == 1` for object "lab.sos.retry" Any`
    t =    40.67s         Checking existence of `"lab.sos.retry" Any`
    t =    40.79s         Capturing element debug description
    t =    41.73s     Checking `Expect predicate `existsNoRetry == 1` for object "lab.sos.retry" Any`
    t =    41.73s         Checking existence of `"lab.sos.retry" Any`
    t =    41.81s         Capturing element debug description
    t =    42.65s     Checking `Expect predicate `existsNoRetry == 1` for object "lab.sos.retry" Any`
    t =    42.65s         Checking existence of `"lab.sos.retry" Any`
    t =    42.73s         Capturing element debug description
    t =    43.69s     Checking `Expect predicate `existsNoRetry == 1` for object "lab.sos.retry" Any`
    t =    43.69s         Checking existence of `"lab.sos.retry" Any`
    t =    43.76s         Capturing element debug description
    t =    44.72s     Checking `Expect predicate `existsNoRetry == 1` for object "lab.sos.retry" Any`
    t =    44.72s         Checking existence of `"lab.sos.retry" Any`
    t =    44.81s         Capturing element debug description
    t =    45.64s     Checking `Expect predicate `existsNoRetry == 1` for object "lab.sos.retry" Any`
    t =    45.64s         Checking existence of `"lab.sos.retry" Any`
    t =    45.73s         Capturing element debug description
    t =    46.67s     Checking `Expect predicate `existsNoRetry == 1` for object "lab.sos.retry" Any`
    t =    46.67s         Checking existence of `"lab.sos.retry" Any`
    t =    46.74s         Capturing element debug description
    t =    47.71s     Checking `Expect predicate `existsNoRetry == 1` for object "lab.sos.retry" Any`
    t =    47.71s         Checking existence of `"lab.sos.retry" Any`
    t =    48.46s         Capturing element debug description
    t =    48.67s     Checking `Expect predicate `existsNoRetry == 1` for object "lab.sos.retry" Any`
    t =    48.67s         Checking existence of `"lab.sos.retry" Any`
    t =    48.99s         Capturing element debug description
    t =    49.73s     Checking `Expect predicate `existsNoRetry == 1` for object "lab.sos.retry" Any`
    t =    49.73s         Checking existence of `"lab.sos.retry" Any`
    t =    49.87s         Capturing element debug description
    t =    50.64s     Checking `Expect predicate `existsNoRetry == 1` for object "lab.sos.retry" Any`
    t =    50.64s         Checking existence of `"lab.sos.retry" Any`
    t =    50.71s         Capturing element debug description
    t =    50.72s     Checking existence of `"lab.sos.retry" Any`
    t =    50.78s Collecting debug information to assist test failure triage
    t =    50.78s     Requesting snapshot of accessibility hierarchy for app with pid 29604
/tmp/board1-rc15-preparatory-46903cd0-xke1sctz/rod-worktrees/wt_IOS-SOS-RETRY-001/ios/Godstone/Tests/LabMeshUITests/LabMeshAccessibilityUITests.swift:586: error: -[LabMeshUITests.LabMeshAccessibilityUITests testGSINT001TheRosterSurvivesLargestScaleLTR] : XCTAssertTrue failed - *** [$label] THE ESSENTIAL 'lab.sos.retry' ('Retry') MUST STAND ON THE SOS SURFACE IN THIS COMBINATION. ***
    t =    50.81s Tear Down
Test Case '-[LabMeshUITests.LabMeshAccessibilityUITests testGSINT001TheRosterSurvivesLargestScaleLTR]' failed (51.084 seconds).
Test Case '-[LabMeshUITests.LabMeshAccessibilityUITests testGSINT001TheRosterSurvivesLargestScaleRTL]' started.
    t =     0.00s Start Test at 2026-10-05 07:24:23.031
    t =     0.02s Set Up
    t =     0.03s Open io.godstone.labmesh
    t =     0.03s     Launch io.godstone.labmesh
    t =     0.03s         Terminate io.godstone.labmesh:29604
2026-10-05 07:24:24.138 xcodebuild[27935:52812459] [MT] IDELaunchParametersSnapshot: debugger version lookup failed for path '<nil>': noURL
2026-10-05 07:24:24.138 xcodebuild[27935:52812459] [MT] IDELaunchParametersSnapshot: no debugger version
    t =     1.32s         Setting up automation session
    t =     2.00s         Wait for io.godstone.labmesh to idle
    t =     3.34s Checking existence of `"lab.tab.conversation" Button`
    t =     3.40s Checking existence of `"lab.tab.conversation" Button`
    t =     3.57s Checking existence of `"lab.tab.conversation" Button`
    t =     3.59s Checking existence of `"lab.tab.conversation" Button`
    t =     3.76s Checking existence of `"lab.tab.conversation" Button`
    t =     3.78s Checking existence of `"lab.tab.conversation" Button`
    t =     3.95s Checking existence of `"lab.tab.conversation" Button`
    t =     3.98s Waiting 40.0s for "lab.tab.conversation" Button to exist
    t =     5.05s     Checking `Expect predicate `existsNoRetry == 1` for object "lab.tab.conversation" Button`
    t =     5.05s         Checking existence of `"lab.tab.conversation" Button`
    t =     5.11s Tap "lab.tab.conversation" Button
    t =     5.11s     Wait for io.godstone.labmesh to idle
    t =     5.12s     Find the "lab.tab.conversation" Button
    t =     5.14s     Check for interrupting elements affecting "lab.tab.conversation" Button
    t =     5.16s     Synthesize event
    t =     5.45s     Wait for io.godstone.labmesh to idle
    t =     6.22s Waiting 30.0s for "lab.conversation.field" Any to exist
    t =     7.28s     Checking `Expect predicate `existsNoRetry == 1` for object "lab.conversation.field" Any`
    t =     7.28s         Checking existence of `"lab.conversation.field" Any`
    t =     7.33s Checking existence of `"lab.conversation.field" Any`
    t =     7.37s Find the "lab.conversation.field" Any
    t =     7.41s Waiting 30.0s for "lab.conversation.send" Any to exist
    t =     8.47s     Checking `Expect predicate `existsNoRetry == 1` for object "lab.conversation.send" Any`
    t =     8.47s         Checking existence of `"lab.conversation.send" Any`
    t =     8.53s Checking existence of `"lab.conversation.send" Any`
    t =     8.57s Find the "lab.conversation.send" Any
    t =     8.63s Waiting 30.0s for "lab.conversation.octets" Any to exist
    t =     9.69s     Checking `Expect predicate `existsNoRetry == 1` for object "lab.conversation.octets" Any`
    t =     9.69s         Checking existence of `"lab.conversation.octets" Any`
    t =     9.73s Checking existence of `"lab.conversation.octets" Any`
    t =     9.76s Find the "lab.conversation.octets" Any
    t =     9.79s Waiting 30.0s for "lab.conversation.linkstate" Any to exist
    t =    10.84s     Checking `Expect predicate `existsNoRetry == 1` for object "lab.conversation.linkstate" Any`
    t =    10.84s         Checking existence of `"lab.conversation.linkstate" Any`
    t =    10.90s Checking existence of `"lab.conversation.linkstate" Any`
    t =    10.94s Find the "lab.conversation.linkstate" Any
    t =    10.98s Waiting 30.0s for "lab.conversation.outcome" Any to exist
    t =    12.02s     Checking `Expect predicate `existsNoRetry == 1` for object "lab.conversation.outcome" Any`
    t =    12.02s         Checking existence of `"lab.conversation.outcome" Any`
    t =    12.15s Find the "lab.conversation.outcome" Any
    t =    12.19s Waiting 30.0s for "lab.conversation.recipient" Any to exist
    t =    13.25s     Checking `Expect predicate `existsNoRetry == 1` for object "lab.conversation.recipient" Any`
    t =    13.25s         Checking existence of `"lab.conversation.recipient" Any`
    t =    13.32s Find the "lab.conversation.recipient" Any
    t =    13.37s Find the "lab.conversation.recipient" Button
    t =    13.44s Checking existence of `"lab.conversation.recipient" Button`
    t =    13.50s Find the "lab.conversation.recipient" Button
    t =    13.57s Waiting 30.0s for "lab.conversation.send" Any to exist
    t =    14.61s     Checking `Expect predicate `existsNoRetry == 1` for object "lab.conversation.send" Any`
    t =    14.61s         Checking existence of `"lab.conversation.send" Any`
    t =    14.66s Find the "lab.conversation.send" Any
    t =    14.70s Find the "lab.conversation.send" Button
    t =    14.74s Checking existence of `"lab.conversation.send" Button`
    t =    14.78s Find the "lab.conversation.send" Button
    t =    14.81s Checking existence of `"lab.tab.sos" Button`
    t =    14.83s Waiting 40.0s for "lab.tab.sos" Button to exist
    t =    15.89s     Checking `Expect predicate `existsNoRetry == 1` for object "lab.tab.sos" Button`
    t =    15.89s         Checking existence of `"lab.tab.sos" Button`
    t =    15.91s Tap "lab.tab.sos" Button
    t =    15.91s     Wait for io.godstone.labmesh to idle
    t =    15.91s     Find the "lab.tab.sos" Button
    t =    15.93s     Check for interrupting elements affecting "lab.tab.sos" Button
    t =    15.94s     Synthesize event
    t =    16.23s     Wait for io.godstone.labmesh to idle
    t =    17.64s Waiting 30.0s for "lab.sos.hold" Any to exist
    t =    18.70s     Checking `Expect predicate `existsNoRetry == 1` for object "lab.sos.hold" Any`
    t =    18.70s         Checking existence of `"lab.sos.hold" Any`
    t =    18.74s Find the "lab.sos.hold" Any
    t =    18.77s Find the "lab.sos.hold" StaticText
    t =    18.80s Checking existence of `"lab.sos.hold" StaticText`
    t =    18.82s Find the "lab.sos.hold" StaticText
    t =    18.85s Waiting 30.0s for "lab.sos.cancel" Any to exist
    t =    19.91s     Checking `Expect predicate `existsNoRetry == 1` for object "lab.sos.cancel" Any`
    t =    19.91s         Checking existence of `"lab.sos.cancel" Any`
    t =    20.07s Find the "lab.sos.cancel" Any
    t =    20.10s Find the "lab.sos.cancel" Button
    t =    20.14s Checking existence of `"lab.sos.cancel" Button`
    t =    20.17s Find the "lab.sos.cancel" Button
    t =    20.20s Waiting 30.0s for "lab.sos.retry" Any to exist
    t =    21.26s     Checking `Expect predicate `existsNoRetry == 1` for object "lab.sos.retry" Any`
    t =    21.26s         Checking existence of `"lab.sos.retry" Any`
    t =    21.33s         Capturing element debug description
    t =    22.28s     Checking `Expect predicate `existsNoRetry == 1` for object "lab.sos.retry" Any`
    t =    22.28s         Checking existence of `"lab.sos.retry" Any`
    t =    22.34s         Capturing element debug description
    t =    23.28s     Checking `Expect predicate `existsNoRetry == 1` for object "lab.sos.retry" Any`
    t =    23.28s         Checking existence of `"lab.sos.retry" Any`
    t =    23.42s         Capturing element debug description
    t =    24.27s     Checking `Expect predicate `existsNoRetry == 1` for object "lab.sos.retry" Any`
    t =    24.27s         Checking existence of `"lab.sos.retry" Any`
    t =    24.35s         Capturing element debug description
    t =    25.30s     Checking `Expect predicate `existsNoRetry == 1` for object "lab.sos.retry" Any`
    t =    25.30s         Checking existence of `"lab.sos.retry" Any`
    t =    25.35s         Capturing element debug description
    t =    26.20s     Checking `Expect predicate `existsNoRetry == 1` for object "lab.sos.retry" Any`
    t =    26.21s         Checking existence of `"lab.sos.retry" Any`
    t =    26.28s         Capturing element debug description
    t =    27.23s     Checking `Expect predicate `existsNoRetry == 1` for object "lab.sos.retry" Any`
    t =    27.23s         Checking existence of `"lab.sos.retry" Any`
    t =    27.29s         Capturing element debug description
    t =    28.24s     Checking `Expect predicate `existsNoRetry == 1` for object "lab.sos.retry" Any`
    t =    28.24s         Checking existence of `"lab.sos.retry" Any`
    t =    28.33s         Capturing element debug description
    t =    29.28s     Checking `Expect predicate `existsNoRetry == 1` for object "lab.sos.retry" Any`
    t =    29.28s         Checking existence of `"lab.sos.retry" Any`
    t =    29.46s         Capturing element debug description
    t =    30.30s     Checking `Expect predicate `existsNoRetry == 1` for object "lab.sos.retry" Any`
    t =    30.30s         Checking existence of `"lab.sos.retry" Any`
    t =    30.36s         Capturing element debug description
    t =    31.21s     Checking `Expect predicate `existsNoRetry == 1` for object "lab.sos.retry" Any`
    t =    31.21s         Checking existence of `"lab.sos.retry" Any`
    t =    31.28s         Capturing element debug description
    t =    32.25s     Checking `Expect predicate `existsNoRetry == 1` for object "lab.sos.retry" Any`
    t =    32.25s         Checking existence of `"lab.sos.retry" Any`
    t =    32.30s         Capturing element debug description
    t =    33.25s     Checking `Expect predicate `existsNoRetry == 1` for object "lab.sos.retry" Any`
    t =    33.25s         Checking existence of `"lab.sos.retry" Any`
    t =    33.31s         Capturing element debug description
    t =    34.24s     Checking `Expect predicate `existsNoRetry == 1` for object "lab.sos.retry" Any`
    t =    34.24s         Checking existence of `"lab.sos.retry" Any`
    t =    34.29s         Capturing element debug description
    t =    35.25s     Checking `Expect predicate `existsNoRetry == 1` for object "lab.sos.retry" Any`
    t =    35.25s         Checking existence of `"lab.sos.retry" Any`
    t =    35.31s         Capturing element debug description
    t =    36.25s     Checking `Expect predicate `existsNoRetry == 1` for object "lab.sos.retry" Any`
    t =    36.25s         Checking existence of `"lab.sos.retry" Any`
    t =    36.31s         Capturing element debug description
    t =    37.27s     Checking `Expect predicate `existsNoRetry == 1` for object "lab.sos.retry" Any`
    t =    37.27s         Checking existence of `"lab.sos.retry" Any`
    t =    37.33s         Capturing element debug description
    t =    38.28s     Checking `Expect predicate `existsNoRetry == 1` for object "lab.sos.retry" Any`
    t =    38.28s         Checking existence of `"lab.sos.retry" Any`
    t =    38.33s         Capturing element debug description
    t =    39.28s     Checking `Expect predicate `existsNoRetry == 1` for object "lab.sos.retry" Any`
    t =    39.28s         Checking existence of `"lab.sos.retry" Any`
    t =    39.33s         Capturing element debug description
    t =    40.28s     Checking `Expect predicate `existsNoRetry == 1` for object "lab.sos.retry" Any`
    t =    40.28s         Checking existence of `"lab.sos.retry" Any`
    t =    40.34s         Capturing element debug description
    t =    41.30s     Checking `Expect predicate `existsNoRetry == 1` for object "lab.sos.retry" Any`
    t =    41.30s         Checking existence of `"lab.sos.retry" Any`
    t =    41.35s         Capturing element debug description
    t =    42.21s     Checking `Expect predicate `existsNoRetry == 1` for object "lab.sos.retry" Any`
    t =    42.21s         Checking existence of `"lab.sos.retry" Any`
    t =    42.30s         Capturing element debug description
    t =    43.25s     Checking `Expect predicate `existsNoRetry == 1` for object "lab.sos.retry" Any`
    t =    43.25s         Checking existence of `"lab.sos.retry" Any`
    t =    43.31s         Capturing element debug description
    t =    44.23s     Checking `Expect predicate `existsNoRetry == 1` for object "lab.sos.retry" Any`
    t =    44.23s         Checking existence of `"lab.sos.retry" Any`
    t =    44.29s         Capturing element debug description
    t =    45.23s     Checking `Expect predicate `existsNoRetry == 1` for object "lab.sos.retry" Any`
    t =    45.23s         Checking existence of `"lab.sos.retry" Any`
    t =    45.32s         Capturing element debug description
    t =    46.27s     Checking `Expect predicate `existsNoRetry == 1` for object "lab.sos.retry" Any`
    t =    46.27s         Checking existence of `"lab.sos.retry" Any`
    t =    46.33s         Capturing element debug description
    t =    47.28s     Checking `Expect predicate `existsNoRetry == 1` for object "lab.sos.retry" Any`
    t =    47.28s         Checking existence of `"lab.sos.retry" Any`
    t =    47.34s         Capturing element debug description
    t =    48.30s     Checking `Expect predicate `existsNoRetry == 1` for object "lab.sos.retry" Any`
    t =    48.30s         Checking existence of `"lab.sos.retry" Any`
    t =    48.37s         Capturing element debug description
    t =    49.21s     Checking `Expect predicate `existsNoRetry == 1` for object "lab.sos.retry" Any`
    t =    49.21s         Checking existence of `"lab.sos.retry" Any`
    t =    49.26s         Capturing element debug description
    t =    50.21s     Checking `Expect predicate `existsNoRetry == 1` for object "lab.sos.retry" Any`
    t =    50.21s         Checking existence of `"lab.sos.retry" Any`
    t =    50.27s         Capturing element debug description
    t =    50.27s     Checking existence of `"lab.sos.retry" Any`
    t =    50.32s Collecting debug information to assist test failure triage
    t =    50.32s     Requesting snapshot of accessibility hierarchy for app with pid 30253
/tmp/board1-rc15-preparatory-46903cd0-xke1sctz/rod-worktrees/wt_IOS-SOS-RETRY-001/ios/Godstone/Tests/LabMeshUITests/LabMeshAccessibilityUITests.swift:586: error: -[LabMeshUITests.LabMeshAccessibilityUITests testGSINT001TheRosterSurvivesLargestScaleRTL] : XCTAssertTrue failed - *** [$label] THE ESSENTIAL 'lab.sos.retry' ('Retry') MUST STAND ON THE SOS SURFACE IN THIS COMBINATION. ***
    t =    50.34s Tear Down
Test Case '-[LabMeshUITests.LabMeshAccessibilityUITests testGSINT001TheRosterSurvivesLargestScaleRTL]' failed (50.598 seconds).
Test Case '-[LabMeshUITests.LabMeshAccessibilityUITests testGSINT001TheSosStateSpeaksTheSharedVocabularyAndItsChangeReachesTheAnnouncementDoor]' started.
    t =     0.00s Start Test at 2026-10-05 07:25:13.630
    t =     0.02s Set Up
    t =     0.03s Open io.godstone.labmesh
    t =     0.03s     Launch io.godstone.labmesh
    t =     0.03s         Terminate io.godstone.labmesh:30253
2026-10-05 07:25:14.735 xcodebuild[27935:52812459] [MT] IDELaunchParametersSnapshot: debugger version lookup failed for path '<nil>': noURL
2026-10-05 07:25:14.735 xcodebuild[27935:52812459] [MT] IDELaunchParametersSnapshot: no debugger version
    t =     1.32s         Setting up automation session
    t =     2.03s         Wait for io.godstone.labmesh to idle
    t =     3.41s Checking existence of `"lab.tab.sos" Button`
    t =     3.48s Checking existence of `"lab.tab.sos" Button`
    t =     3.66s Checking existence of `"lab.tab.sos" Button`
    t =     3.67s Checking existence of `"lab.tab.sos" Button`
    t =     3.84s Checking existence of `"lab.tab.sos" Button`
    t =     3.87s Checking existence of `"lab.tab.sos" Button`
    t =     4.04s Checking existence of `"lab.tab.sos" Button`
    t =     4.07s Waiting 20.0s for "lab.tab.sos" Button to exist
    t =     5.13s     Checking `Expect predicate `existsNoRetry == 1` for object "lab.tab.sos" Button`
    t =     5.13s         Checking existence of `"lab.tab.sos" Button`
    t =     5.16s Tap "lab.tab.sos" Button
    t =     5.16s     Wait for io.godstone.labmesh to idle
    t =     5.16s     Find the "lab.tab.sos" Button
    t =     5.18s     Check for interrupting elements affecting "lab.tab.sos" Button
    t =     5.20s     Synthesize event
    t =     5.48s     Wait for io.godstone.labmesh to idle
    t =     6.89s Waiting 20.0s for "lab.sos.state" Any to exist
    t =     7.96s     Checking `Expect predicate `existsNoRetry == 1` for object "lab.sos.state" Any`
    t =     7.97s         Checking existence of `"lab.sos.state" Any`
    t =     8.01s Waiting 20.0s for "lab.sos.announced" Any to exist
    t =     9.07s     Checking `Expect predicate `existsNoRetry == 1` for object "lab.sos.announced" Any`
    t =     9.07s         Checking existence of `"lab.sos.announced" Any`
    t =     9.11s Waiting 20.0s for "lab.sos.send" Button to exist
    t =    10.16s     Checking `Expect predicate `existsNoRetry == 1` for object "lab.sos.send" Button`
    t =    10.17s         Checking existence of `"lab.sos.send" Button`
    t =    10.19s Checking existence of `"lab.sos.send" Button`
    t =    10.20s Find the "lab.sos.send" Button
    t =    10.22s Find the "lab.sos.send" Button
    t =    10.24s Tap "lab.sos.send" Button
    t =    10.24s     Wait for io.godstone.labmesh to idle
    t =    10.24s     Find the "lab.sos.send" Button
    t =    10.26s     Check for interrupting elements affecting "lab.sos.send" Button
    t =    10.28s     Synthesize event
    t =    10.57s     Wait for io.godstone.labmesh to idle
    t =    11.61s Checking `Expect predicate `value BEGINSWITH "active: "` for object "lab.sos.state" Any`
    t =    11.62s     Find the "lab.sos.state" Any
    t =    11.68s Find the "lab.sos.state" Other
    t =    11.71s Find the "lab.sos.announced" Any
    t =    11.74s Find the "lab.sos.announced" Other
    t =    11.78s Tear Down
Test Case '-[LabMeshUITests.LabMeshAccessibilityUITests testGSINT001TheSosStateSpeaksTheSharedVocabularyAndItsChangeReachesTheAnnouncementDoor]' passed (12.007 seconds).
Test Case '-[LabMeshUITests.LabMeshAccessibilityUITests testGSINT001TheTrustSurfacesAreOperableNotMerelyLabelled]' started.
    t =     0.00s Start Test at 2026-10-05 07:25:25.637
    t =     0.02s Set Up
    t =     0.02s Open io.godstone.labmesh
    t =     0.03s     Launch io.godstone.labmesh
    t =     0.03s         Terminate io.godstone.labmesh:30695
2026-10-05 07:25:26.746 xcodebuild[27935:52812459] [MT] IDELaunchParametersSnapshot: debugger version lookup failed for path '<nil>': noURL
2026-10-05 07:25:26.746 xcodebuild[27935:52812459] [MT] IDELaunchParametersSnapshot: no debugger version
    t =     1.32s         Setting up automation session
    t =     2.00s         Wait for io.godstone.labmesh to idle
    t =     3.33s Checking existence of `"lab.tab.contacts" Button`
    t =     3.41s Checking existence of `"lab.tab.contacts" Button`
    t =     3.58s Checking existence of `"lab.tab.contacts" Button`
    t =     3.60s Checking existence of `"lab.tab.contacts" Button`
    t =     3.77s Checking existence of `"lab.tab.contacts" Button`
    t =     3.80s Waiting 20.0s for "lab.tab.contacts" Button to exist
    t =     4.87s     Checking `Expect predicate `existsNoRetry == 1` for object "lab.tab.contacts" Button`
    t =     4.87s         Checking existence of `"lab.tab.contacts" Button`
    t =     4.89s Tap "lab.tab.contacts" Button
    t =     4.90s     Wait for io.godstone.labmesh to idle
    t =     4.90s     Find the "lab.tab.contacts" Button
    t =     4.92s     Check for interrupting elements affecting "lab.tab.contacts" Button
    t =     4.94s     Synthesize event
    t =     5.24s     Wait for io.godstone.labmesh to idle
    t =     6.58s Waiting 20.0s for "lab.trust.fingerprint" Any to exist
    t =     7.64s     Checking `Expect predicate `existsNoRetry == 1` for object "lab.trust.fingerprint" Any`
    t =     7.64s         Checking existence of `"lab.trust.fingerprint" Any`
    t =     7.68s Find the "lab.trust.fingerprint" Any
    t =     7.71s Find the "lab.trust.fingerprint" Other
    t =     7.75s Waiting 20.0s for "lab.trust.status" Any to exist
    t =     8.81s     Checking `Expect predicate `existsNoRetry == 1` for object "lab.trust.status" Any`
    t =     8.81s         Checking existence of `"lab.trust.status" Any`
    t =     8.86s Find the "lab.trust.status" Any
    t =     8.89s Find the "lab.trust.status" Other
    t =     8.93s Waiting 20.0s for "lab.trust.confirm" Button to exist
    t =     9.97s     Checking `Expect predicate `existsNoRetry == 1` for object "lab.trust.confirm" Button`
    t =     9.97s         Checking existence of `"lab.trust.confirm" Button`
    t =    10.00s Find the "lab.trust.confirm" Button
    t =    10.01s Find the "lab.trust.confirm" Button
    t =    10.03s Checking existence of `"lab.trust.confirm" Button`
    t =    10.04s Find the "lab.trust.confirm" Button
    t =    10.06s Find the "lab.trust.confirm" Button
    t =    10.08s Checking existence of `ScrollView (First Match)`
    t =    10.09s Swipe up ScrollView (First Match)
    t =    10.09s     Wait for io.godstone.labmesh to idle
    t =    10.09s     Find the ScrollView (First Match)
    t =    10.10s     Check for interrupting elements affecting ScrollView
    t =    10.11s     Synthesize event
    t =    10.55s     Wait for io.godstone.labmesh to idle
    t =    11.07s Checking existence of `"lab.trust.confirm" Button`
    t =    11.09s Find the "lab.trust.confirm" Button
    t =    11.10s Find the "lab.trust.confirm" Button
    t =    11.12s Find the "lab.trust.confirm" Button
    t =    11.14s Waiting 20.0s for "lab.trust.approve" Button to exist
    t =    12.20s     Checking `Expect predicate `existsNoRetry == 1` for object "lab.trust.approve" Button`
    t =    12.20s         Checking existence of `"lab.trust.approve" Button`
    t =    12.22s Find the "lab.trust.approve" Button
    t =    12.24s Find the "lab.trust.approve" Button
    t =    12.25s Checking existence of `"lab.trust.approve" Button`
    t =    12.26s Find the "lab.trust.approve" Button
    t =    12.28s Find the "lab.trust.approve" Button
    t =    12.29s Find the "lab.trust.approve" Button
    t =    12.31s Waiting 20.0s for "lab.trust.revoke" Button to exist
    t =    13.36s     Checking `Expect predicate `existsNoRetry == 1` for object "lab.trust.revoke" Button`
    t =    13.36s         Checking existence of `"lab.trust.revoke" Button`
    t =    13.38s Find the "lab.trust.revoke" Button
    t =    13.40s Find the "lab.trust.revoke" Button
    t =    13.41s Checking existence of `"lab.trust.revoke" Button`
    t =    13.43s Find the "lab.trust.revoke" Button
    t =    13.45s Find the "lab.trust.revoke" Button
    t =    13.47s Find the "lab.trust.revoke" Button
    t =    13.49s Tear Down
Test Case '-[LabMeshUITests.LabMeshAccessibilityUITests testGSINT001TheTrustSurfacesAreOperableNotMerelyLabelled]' passed (13.721 seconds).
Test Suite 'LabMeshAccessibilityUITests' failed at 2026-10-05 07:25:39.358.
	 Executed 11 tests, with 5 failures (0 unexpected) in 336.704 (336.716) seconds
Test Suite 'LabMeshUITests' started at 2026-10-05 07:25:39.359.
Test Case '-[LabMeshUITests.LabMeshUITests testG1ANormalBootReallyOpensPrivateStores]' started.
    t =     0.00s Start Test at 2026-10-05 07:25:39.360
    t =     0.02s Set Up
    t =     0.03s Open io.godstone.labmesh
    t =     0.03s     Launch io.godstone.labmesh
    t =     0.03s         Terminate io.godstone.labmesh:30735
2026-10-05 07:25:40.480 xcodebuild[27935:52812459] [MT] IDELaunchParametersSnapshot: debugger version lookup failed for path '<nil>': noURL
2026-10-05 07:25:40.480 xcodebuild[27935:52812459] [MT] IDELaunchParametersSnapshot: no debugger version
    t =     1.33s         Setting up automation session
    t =     2.02s         Wait for io.godstone.labmesh to idle
    t =     3.38s Checking existence of `"lab.tab.diagnostics" Button`
    t =     3.44s Checking existence of `"lab.tab.diagnostics" Button`
    t =     3.61s Checking existence of `"lab.tab.diagnostics" Button`
    t =     3.63s Checking existence of `"lab.tab.diagnostics" Button`
    t =     3.79s Checking existence of `"lab.tab.diagnostics" Button`
    t =     3.81s Checking existence of `"lab.tab.diagnostics" Button`
    t =     3.97s Checking existence of `"lab.tab.diagnostics" Button`
    t =     3.99s Waiting 25.0s for "lab.tab.diagnostics" Button to exist
    t =     5.02s     Checking `Expect predicate `existsNoRetry == 1` for object "lab.tab.diagnostics" Button`
    t =     5.02s         Checking existence of `"lab.tab.diagnostics" Button`
    t =     5.05s Checking existence of `"lab.tab.diagnostics" Button`
    t =     5.06s Tap "lab.tab.diagnostics" Button
    t =     5.06s     Wait for io.godstone.labmesh to idle
    t =     5.07s     Find the "lab.tab.diagnostics" Button
    t =     5.08s     Check for interrupting elements affecting "lab.tab.diagnostics" Button
    t =     5.10s     Synthesize event
    t =     5.39s     Wait for io.godstone.labmesh to idle
    t =     6.68s Waiting 20.0s for "lab.diagnostics.privateopens" StaticText to exist
    t =     7.75s     Checking `Expect predicate `existsNoRetry == 1` for object "lab.diagnostics.privateopens" StaticText`
    t =     7.75s         Checking existence of `"lab.diagnostics.privateopens" StaticText`
    t =     7.77s Find the "lab.diagnostics.privateopens" StaticText
    t =     7.79s Tear Down
Test Case '-[LabMeshUITests.LabMeshUITests testG1ANormalBootReallyOpensPrivateStores]' passed (8.027 seconds).
Test Case '-[LabMeshUITests.LabMeshUITests testG1TheCorruptRecordDeniesRetryAndTheOperatorWipeEarnsTheGraphBack]' started.
    t =     0.00s Start Test at 2026-10-05 07:25:47.387
    t =     0.02s Set Up
    t =     0.03s Open io.godstone.labmesh
    t =     0.03s     Launch io.godstone.labmesh
    t =     0.03s         Terminate io.godstone.labmesh:30789
2026-10-05 07:25:48.471 xcodebuild[27935:52812459] [MT] IDELaunchParametersSnapshot: debugger version lookup failed for path '<nil>': noURL
2026-10-05 07:25:48.471 xcodebuild[27935:52812459] [MT] IDELaunchParametersSnapshot: no debugger version
    t =     1.30s         Setting up automation session
    t =     1.92s         Wait for io.godstone.labmesh to idle
    t =     3.27s Checking existence of `"lab.tab.diagnostics" Button`
    t =     3.34s Checking existence of `"lab.tab.diagnostics" Button`
    t =     3.52s Checking existence of `"lab.tab.diagnostics" Button`
    t =     3.54s Checking existence of `"lab.tab.diagnostics" Button`
    t =     3.71s Checking existence of `"lab.tab.diagnostics" Button`
    t =     3.74s Checking existence of `"lab.tab.diagnostics" Button`
    t =     3.91s Checking existence of `"lab.tab.diagnostics" Button`
    t =     3.94s Waiting 25.0s for "lab.tab.diagnostics" Button to exist
    t =     5.01s     Checking `Expect predicate `existsNoRetry == 1` for object "lab.tab.diagnostics" Button`
    t =     5.01s         Checking existence of `"lab.tab.diagnostics" Button`
    t =     5.04s Terminate io.godstone.labmesh:30820
    t =     6.11s Open io.godstone.labmesh
    t =     6.11s     Launch io.godstone.labmesh
2026-10-05 07:25:53.500 xcodebuild[27935:52812459] [MT] IDELaunchParametersSnapshot: debugger version lookup failed for path '<nil>': noURL
2026-10-05 07:25:53.500 xcodebuild[27935:52812459] [MT] IDELaunchParametersSnapshot: no debugger version
    t =     6.32s         Setting up automation session
    t =     6.95s         Wait for io.godstone.labmesh to idle
    t =     8.15s Waiting 25.0s for "lab.recovery.decision" StaticText to exist
    t =     9.19s     Checking `Expect predicate `existsNoRetry == 1` for object "lab.recovery.decision" StaticText`
    t =     9.19s         Checking existence of `"lab.recovery.decision" StaticText`
    t =     9.23s Find the "lab.recovery.decision" StaticText
    t =     9.24s Find the "lab.recovery.bootstrap" StaticText
    t =     9.24s Find the "lab.recovery.gate" StaticText
    t =     9.26s Find the "lab.recovery.gate" StaticText
    t =     9.26s Checking existence of `"lab.recovery.retry" Button`
    t =     9.27s Waiting 20.0s for "lab.recovery.resolve" Button to exist
    t =    10.32s     Checking `Expect predicate `existsNoRetry == 1` for object "lab.recovery.resolve" Button`
    t =    10.32s         Checking existence of `"lab.recovery.resolve" Button`
    t =    10.34s Find the "lab.recovery.resolve" Button
    t =    10.35s Tap "lab.recovery.resolve" Button
    t =    10.35s     Wait for io.godstone.labmesh to idle
    t =    10.35s     Find the "lab.recovery.resolve" Button
    t =    10.36s     Check for interrupting elements affecting "lab.recovery.resolve" Button
    t =    10.38s     Synthesize event
    t =    10.67s     Wait for io.godstone.labmesh to idle
    t =    10.68s Waiting 30.0s for "lab.recovery.operatorwipe" StaticText to exist
    t =    11.72s     Checking `Expect predicate `existsNoRetry == 1` for object "lab.recovery.operatorwipe" StaticText`
    t =    11.72s         Checking existence of `"lab.recovery.operatorwipe" StaticText`
    t =    11.77s Find the "lab.recovery.operatorwipe" StaticText
    t =    11.78s Checking existence of `"lab.tab.diagnostics" Button`
    t =    11.80s Waiting 30.0s for "lab.tab.diagnostics" Button to exist
    t =    12.84s     Checking `Expect predicate `existsNoRetry == 1` for object "lab.tab.diagnostics" Button`
    t =    12.84s         Checking existence of `"lab.tab.diagnostics" Button`
    t =    12.86s Checking existence of `"lab.tab.diagnostics" Button`
    t =    12.88s Tap "lab.tab.diagnostics" Button
    t =    12.88s     Wait for io.godstone.labmesh to idle
    t =    12.88s     Find the "lab.tab.diagnostics" Button
    t =    12.90s     Check for interrupting elements affecting "lab.tab.diagnostics" Button
    t =    12.92s     Synthesize event
    t =    13.21s     Wait for io.godstone.labmesh to idle
    t =    14.67s Waiting 20.0s for "lab.diagnostics.privateopens" StaticText to exist
    t =    15.74s     Checking `Expect predicate `existsNoRetry == 1` for object "lab.diagnostics.privateopens" StaticText`
    t =    15.74s         Checking existence of `"lab.diagnostics.privateopens" StaticText`
    t =    15.80s Find the "lab.diagnostics.privateopens" StaticText
    t =    15.81s Tear Down
Test Case '-[LabMeshUITests.LabMeshUITests testG1TheCorruptRecordDeniesRetryAndTheOperatorWipeEarnsTheGraphBack]' passed (16.070 seconds).
Test Case '-[LabMeshUITests.LabMeshUITests testG1TheIntermediateRungBootsRecoveryOnlyAndResumesFromIt]' started.
    t =     0.00s Start Test at 2026-10-05 07:26:03.458
    t =     0.02s Set Up
    t =     0.02s Open io.godstone.labmesh
    t =     0.03s     Launch io.godstone.labmesh
    t =     0.03s         Terminate io.godstone.labmesh:30834
2026-10-05 07:26:04.546 xcodebuild[27935:52812459] [MT] IDELaunchParametersSnapshot: debugger version lookup failed for path '<nil>': noURL
2026-10-05 07:26:04.546 xcodebuild[27935:52812459] [MT] IDELaunchParametersSnapshot: no debugger version
    t =     1.29s         Setting up automation session
    t =     1.95s         Wait for io.godstone.labmesh to idle
    t =     3.31s Checking existence of `"lab.tab.diagnostics" Button`
    t =     3.37s Checking existence of `"lab.tab.diagnostics" Button`
    t =     3.55s Checking existence of `"lab.tab.diagnostics" Button`
    t =     3.56s Checking existence of `"lab.tab.diagnostics" Button`
    t =     3.73s Checking existence of `"lab.tab.diagnostics" Button`
    t =     3.75s Waiting 25.0s for "lab.tab.diagnostics" Button to exist
    t =     4.81s     Checking `Expect predicate `existsNoRetry == 1` for object "lab.tab.diagnostics" Button`
    t =     4.81s         Checking existence of `"lab.tab.diagnostics" Button`
    t =     4.84s Terminate io.godstone.labmesh:30873
    t =     5.90s Open io.godstone.labmesh
    t =     5.91s     Launch io.godstone.labmesh
2026-10-05 07:26:09.365 xcodebuild[27935:52812459] [MT] IDELaunchParametersSnapshot: debugger version lookup failed for path '<nil>': noURL
2026-10-05 07:26:09.365 xcodebuild[27935:52812459] [MT] IDELaunchParametersSnapshot: no debugger version
    t =     6.11s         Setting up automation session
    t =     6.73s         Wait for io.godstone.labmesh to idle
    t =     7.93s Waiting 25.0s for "lab.recovery.decision" StaticText to exist
    t =     8.99s     Checking `Expect predicate `existsNoRetry == 1` for object "lab.recovery.decision" StaticText`
    t =     8.99s         Checking existence of `"lab.recovery.decision" StaticText`
    t =     9.02s Find the "lab.recovery.rung" StaticText
    t =     9.03s Find the "lab.recovery.decision" StaticText
    t =     9.04s Find the "lab.recovery.decision" StaticText
    t =     9.05s Find the "lab.recovery.gate" StaticText
    t =     9.06s Find the "lab.recovery.privateopens" StaticText
    t =     9.06s Waiting 20.0s for "lab.recovery.retry" Button to exist
    t =    10.12s     Checking `Expect predicate `existsNoRetry == 1` for object "lab.recovery.retry" Button`
    t =    10.12s         Checking existence of `"lab.recovery.retry" Button`
    t =    10.12s Checking existence of `"lab.recovery.resolve" Button`
    t =    10.13s Tap "lab.recovery.retry" Button
    t =    10.13s     Wait for io.godstone.labmesh to idle
    t =    10.13s     Find the "lab.recovery.retry" Button
    t =    10.14s     Check for interrupting elements affecting "lab.recovery.retry" Button
    t =    10.15s     Synthesize event
    t =    10.44s     Wait for io.godstone.labmesh to idle
    t =    10.44s Checking existence of `"lab.tab.diagnostics" Button`
    t =    10.48s Waiting 30.0s for "lab.tab.diagnostics" Button to exist
    t =    11.54s     Checking `Expect predicate `existsNoRetry == 1` for object "lab.tab.diagnostics" Button`
    t =    11.54s         Checking existence of `"lab.tab.diagnostics" Button`
    t =    11.56s Tap "lab.tab.diagnostics" Button
    t =    11.56s     Wait for io.godstone.labmesh to idle
    t =    11.57s     Find the "lab.tab.diagnostics" Button
    t =    11.58s     Check for interrupting elements affecting "lab.tab.diagnostics" Button
    t =    11.60s     Synthesize event
    t =    11.89s     Wait for io.godstone.labmesh to idle
    t =    13.18s Waiting 20.0s for "lab.diagnostics.privateopens" StaticText to exist
    t =    14.22s     Checking `Expect predicate `existsNoRetry == 1` for object "lab.diagnostics.privateopens" StaticText`
    t =    14.22s         Checking existence of `"lab.diagnostics.privateopens" StaticText`
    t =    14.25s Find the "lab.diagnostics.privateopens" StaticText
    t =    14.27s Tear Down
Test Case '-[LabMeshUITests.LabMeshUITests testG1TheIntermediateRungBootsRecoveryOnlyAndResumesFromIt]' passed (14.521 seconds).
Test Case '-[LabMeshUITests.LabMeshUITests testG1ThePendingRecoveryBootsRecoveryOnlyAndRetriesAResume]' started.
    t =     0.00s Start Test at 2026-10-05 07:26:17.980
    t =     0.03s Set Up
    t =     0.03s Open io.godstone.labmesh
    t =     0.03s     Launch io.godstone.labmesh
    t =     0.03s         Terminate io.godstone.labmesh:30896
2026-10-05 07:26:19.088 xcodebuild[27935:52812459] [MT] IDELaunchParametersSnapshot: debugger version lookup failed for path '<nil>': noURL
2026-10-05 07:26:19.088 xcodebuild[27935:52812459] [MT] IDELaunchParametersSnapshot: no debugger version
    t =     1.32s         Setting up automation session
    t =     1.98s         Wait for io.godstone.labmesh to idle
    t =     3.30s Checking existence of `"lab.tab.diagnostics" Button`
    t =     3.36s Checking existence of `"lab.tab.diagnostics" Button`
    t =     3.54s Checking existence of `"lab.tab.diagnostics" Button`
    t =     3.55s Checking existence of `"lab.tab.diagnostics" Button`
    t =     3.72s Checking existence of `"lab.tab.diagnostics" Button`
    t =     3.75s Checking existence of `"lab.tab.diagnostics" Button`
    t =     3.77s Waiting 25.0s for "lab.tab.diagnostics" Button to exist
    t =     4.82s     Checking `Expect predicate `existsNoRetry == 1` for object "lab.tab.diagnostics" Button`
    t =     4.82s         Checking existence of `"lab.tab.diagnostics" Button`
    t =     4.85s Terminate io.godstone.labmesh:30940
    t =     5.93s Open io.godstone.labmesh
    t =     5.93s     Launch io.godstone.labmesh
2026-10-05 07:26:23.916 xcodebuild[27935:52812459] [MT] IDELaunchParametersSnapshot: debugger version lookup failed for path '<nil>': noURL
2026-10-05 07:26:23.916 xcodebuild[27935:52812459] [MT] IDELaunchParametersSnapshot: no debugger version
    t =     6.15s         Setting up automation session
    t =     6.77s         Wait for io.godstone.labmesh to idle
    t =     7.97s Waiting 25.0s for "lab.recovery.decision" StaticText to exist
    t =     9.03s     Checking `Expect predicate `existsNoRetry == 1` for object "lab.recovery.decision" StaticText`
    t =     9.03s         Checking existence of `"lab.recovery.decision" StaticText`
    t =     9.07s Find the "lab.recovery.decision" StaticText
    t =     9.08s Find the "lab.recovery.rung" StaticText
    t =     9.08s Find the "lab.recovery.privateopens" StaticText
    t =     9.09s Checking existence of `"lab.tab.identity" Button`
    t =     9.10s Checking existence of `"lab.tab.identity" Button`
    t =     9.11s Checking existence of `"lab.tab.contacts" Button`
    t =     9.11s Checking existence of `"lab.tab.contacts" Button`
    t =     9.12s Checking existence of `"lab.tab.conversation" Button`
    t =     9.13s Checking existence of `"lab.tab.conversation" Button`
    t =     9.14s Checking existence of `"lab.tab.sos" Button`
    t =     9.14s Checking existence of `"lab.tab.sos" Button`
    t =     9.15s Checking existence of `"lab.tab.diagnostics" Button`
    t =     9.16s Checking existence of `"lab.tab.diagnostics" Button`
    t =     9.17s Find the "lab.recovery.gate" StaticText
    t =     9.18s Find the "lab.recovery.gate" StaticText
    t =     9.18s Waiting 20.0s for "lab.recovery.retry" Button to exist
    t =    10.22s     Checking `Expect predicate `existsNoRetry == 1` for object "lab.recovery.retry" Button`
    t =    10.22s         Checking existence of `"lab.recovery.retry" Button`
    t =    10.24s Checking existence of `"lab.recovery.resolve" Button`
    t =    10.25s Tap "lab.recovery.retry" Button
    t =    10.25s     Wait for io.godstone.labmesh to idle
    t =    10.25s     Find the "lab.recovery.retry" Button
    t =    10.26s     Check for interrupting elements affecting "lab.recovery.retry" Button
    t =    10.28s     Synthesize event
    t =    10.57s     Wait for io.godstone.labmesh to idle
    t =    10.57s Checking existence of `"lab.tab.diagnostics" Button`
    t =    10.60s Waiting 30.0s for "lab.tab.diagnostics" Button to exist
    t =    11.64s     Checking `Expect predicate `existsNoRetry == 1` for object "lab.tab.diagnostics" Button`
    t =    11.64s         Checking existence of `"lab.tab.diagnostics" Button`
    t =    11.67s Tap "lab.tab.diagnostics" Button
    t =    11.67s     Wait for io.godstone.labmesh to idle
    t =    11.67s     Find the "lab.tab.diagnostics" Button
    t =    11.69s     Check for interrupting elements affecting "lab.tab.diagnostics" Button
    t =    11.71s     Synthesize event
    t =    12.00s     Wait for io.godstone.labmesh to idle
    t =    13.29s Waiting 20.0s for "lab.diagnostics.privateopens" StaticText to exist
    t =    14.36s     Checking `Expect predicate `existsNoRetry == 1` for object "lab.diagnostics.privateopens" StaticText`
    t =    14.37s         Checking existence of `"lab.diagnostics.privateopens" StaticText`
    t =    14.39s Find the "lab.diagnostics.privateopens" StaticText
    t =    14.41s Terminate io.godstone.labmesh:30954
    t =    15.48s Open io.godstone.labmesh
    t =    15.48s     Launch io.godstone.labmesh
2026-10-05 07:26:33.466 xcodebuild[27935:52812459] [MT] IDELaunchParametersSnapshot: debugger version lookup failed for path '<nil>': noURL
2026-10-05 07:26:33.466 xcodebuild[27935:52812459] [MT] IDELaunchParametersSnapshot: no debugger version
    t =    15.70s         Setting up automation session
    t =    16.30s         Wait for io.godstone.labmesh to idle
    t =    17.61s Checking existence of `"lab.tab.diagnostics" Button`
    t =    17.66s Checking existence of `"lab.tab.diagnostics" Button`
    t =    17.83s Checking existence of `"lab.tab.diagnostics" Button`
    t =    17.85s Checking existence of `"lab.tab.diagnostics" Button`
    t =    18.02s Checking existence of `"lab.tab.diagnostics" Button`
    t =    18.04s Waiting 30.0s for "lab.tab.diagnostics" Button to exist
    t =    19.09s     Checking `Expect predicate `existsNoRetry == 1` for object "lab.tab.diagnostics" Button`
    t =    19.09s         Checking existence of `"lab.tab.diagnostics" Button`
    t =    19.12s Checking existence of `"lab.recovery.decision" StaticText`
    t =    19.13s Tear Down
Test Case '-[LabMeshUITests.LabMeshUITests testG1ThePendingRecoveryBootsRecoveryOnlyAndRetriesAResume]' passed (19.376 seconds).
Test Case '-[LabMeshUITests.LabMeshUITests testGSINT001ACancelledSosHoldDoesNotReachTheRuntime]' started.
    t =     0.00s Start Test at 2026-10-05 07:26:37.356
    t =     0.02s Set Up
    t =     0.02s Open io.godstone.labmesh
    t =     0.03s     Launch io.godstone.labmesh
    t =     0.03s         Terminate io.godstone.labmesh:30983
2026-10-05 07:26:38.463 xcodebuild[27935:52812459] [MT] IDELaunchParametersSnapshot: debugger version lookup failed for path '<nil>': noURL
2026-10-05 07:26:38.463 xcodebuild[27935:52812459] [MT] IDELaunchParametersSnapshot: no debugger version
    t =     1.31s         Setting up automation session
    t =     1.99s         Wait for io.godstone.labmesh to idle
    t =     3.31s Checking existence of `"lab.tab.sos" Button`
    t =     3.38s Checking existence of `"lab.tab.sos" Button`
    t =     3.55s Checking existence of `"lab.tab.sos" Button`
    t =     3.56s Checking existence of `"lab.tab.sos" Button`
    t =     3.74s Checking existence of `"lab.tab.sos" Button`
    t =     3.76s Waiting 20.0s for "lab.tab.sos" Button to exist
    t =     4.81s     Checking `Expect predicate `existsNoRetry == 1` for object "lab.tab.sos" Button`
    t =     4.81s         Checking existence of `"lab.tab.sos" Button`
    t =     4.84s Tap "lab.tab.sos" Button
    t =     4.84s     Wait for io.godstone.labmesh to idle
    t =     4.84s     Find the "lab.tab.sos" Button
    t =     4.86s     Check for interrupting elements affecting "lab.tab.sos" Button
    t =     4.88s     Synthesize event
    t =     5.16s     Wait for io.godstone.labmesh to idle
    t =     6.56s Waiting 20.0s for "lab.sos.hold" StaticText to exist
    t =     7.61s     Checking `Expect predicate `existsNoRetry == 1` for object "lab.sos.hold" StaticText`
    t =     7.61s         Checking existence of `"lab.sos.hold" StaticText`
    t =     7.63s Checking existence of `"lab.sos.hold" StaticText`
    t =     7.65s Waiting 20.0s for "lab.sos.admitted" StaticText to exist
    t =     8.69s     Checking `Expect predicate `existsNoRetry == 1` for object "lab.sos.admitted" StaticText`
    t =     8.69s         Checking existence of `"lab.sos.admitted" StaticText`
    t =     8.71s Find the "lab.sos.admitted" StaticText
    t =     8.72s Press "lab.sos.hold" StaticText for 0.2 seconds
    t =     8.72s     Wait for io.godstone.labmesh to idle
    t =     8.73s     Find the "lab.sos.hold" StaticText
    t =     8.74s     Check for interrupting elements affecting "lab.sos.hold" StaticText
    t =     8.76s     Synthesize event
    t =     9.20s     Wait for io.godstone.labmesh to idle
    t =     9.20s Waiting 10.0s for StaticText (First Match) to exist
    t =    10.26s     Checking `Expect predicate `existsNoRetry == 1` for object StaticText (First Match)`
    t =    10.26s         Checking existence of `StaticText (First Match)`
    t =    10.29s Find the "lab.sos.admitted" StaticText
    t =    10.30s Tear Down
Test Case '-[LabMeshUITests.LabMeshUITests testGSINT001ACancelledSosHoldDoesNotReachTheRuntime]' passed (10.557 seconds).
Test Case '-[LabMeshUITests.LabMeshUITests testGSINT001AStaleRotationCandidateIsRefusedWithTheExactString]' started.
    t =     0.00s Start Test at 2026-10-05 07:26:47.914
    t =     0.02s Set Up
    t =     0.03s Open io.godstone.labmesh
    t =     0.03s     Launch io.godstone.labmesh
    t =     0.03s         Terminate io.godstone.labmesh:31012
2026-10-05 07:26:49.015 xcodebuild[27935:52812459] [MT] IDELaunchParametersSnapshot: debugger version lookup failed for path '<nil>': noURL
2026-10-05 07:26:49.015 xcodebuild[27935:52812459] [MT] IDELaunchParametersSnapshot: no debugger version
    t =     1.31s         Setting up automation session
    t =     2.03s         Wait for io.godstone.labmesh to idle
    t =     3.36s Checking existence of `"lab.tab.contacts" Button`
    t =     3.43s Checking existence of `"lab.tab.contacts" Button`
    t =     3.60s Checking existence of `"lab.tab.contacts" Button`
    t =     3.61s Checking existence of `"lab.tab.contacts" Button`
    t =     3.79s Checking existence of `"lab.tab.contacts" Button`
    t =     3.82s Waiting 20.0s for "lab.tab.contacts" Button to exist
    t =     4.87s     Checking `Expect predicate `existsNoRetry == 1` for object "lab.tab.contacts" Button`
    t =     4.88s         Checking existence of `"lab.tab.contacts" Button`
    t =     4.91s Tap "lab.tab.contacts" Button
    t =     4.91s     Wait for io.godstone.labmesh to idle
    t =     4.91s     Find the "lab.tab.contacts" Button
    t =     4.94s     Check for interrupting elements affecting "lab.tab.contacts" Button
    t =     4.96s     Synthesize event
    t =     5.24s     Wait for io.godstone.labmesh to idle
    t =     6.59s Waiting 20.0s for "lab.trust.outcome" StaticText to exist
    t =     7.65s     Checking `Expect predicate `existsNoRetry == 1` for object "lab.trust.outcome" StaticText`
    t =     7.65s         Checking existence of `"lab.trust.outcome" StaticText`
    t =     7.68s Waiting 20.0s for "lab.trust.approve" Button to exist
    t =     8.75s     Checking `Expect predicate `existsNoRetry == 1` for object "lab.trust.approve" Button`
    t =     8.75s         Checking existence of `"lab.trust.approve" Button`
    t =     8.78s Waiting 20.0s for "lab.trust.seedrotation" Button to exist
    t =     9.82s     Checking `Expect predicate `existsNoRetry == 1` for object "lab.trust.seedrotation" Button`
    t =     9.82s         Checking existence of `"lab.trust.seedrotation" Button`
    t =     9.85s Find the "lab.trust.seedrotation" Button
    t =     9.87s Checking existence of `ScrollView (First Match)`
    t =     9.88s Swipe up ScrollView (First Match)
    t =     9.88s     Wait for io.godstone.labmesh to idle
    t =     9.88s     Find the ScrollView (First Match)
    t =     9.89s     Check for interrupting elements affecting ScrollView
    t =     9.90s     Synthesize event
    t =    10.34s     Wait for io.godstone.labmesh to idle
    t =    10.86s Find the "lab.trust.seedrotation" Button
    t =    10.88s Tap "lab.trust.seedrotation" Button
    t =    10.88s     Wait for io.godstone.labmesh to idle
    t =    10.89s     Find the "lab.trust.seedrotation" Button
    t =    10.91s     Check for interrupting elements affecting "lab.trust.seedrotation" Button
    t =    10.93s     Synthesize event
    t =    11.23s     Wait for io.godstone.labmesh to idle
    t =    11.24s Waiting 20.0s for "lab.trust.status" Any to exist
    t =    12.28s     Checking `Expect predicate `existsNoRetry == 1` for object "lab.trust.status" Any`
    t =    12.28s         Checking existence of `"lab.trust.status" Any`
    t =    13.35s Checking `Expect predicate `value CONTAINS "ROTATION_PENDING"` for object "lab.trust.status" Any`
    t =    13.35s     Find the "lab.trust.status" Any
    t =    13.38s Find the "lab.trust.seedrotation" Button
    t =    13.40s Tap "lab.trust.seedrotation" Button
    t =    13.40s     Wait for io.godstone.labmesh to idle
    t =    13.40s     Find the "lab.trust.seedrotation" Button
    t =    13.41s     Check for interrupting elements affecting "lab.trust.seedrotation" Button
    t =    13.43s     Synthesize event
    t =    13.73s     Wait for io.godstone.labmesh to idle
    t =    13.73s Find the "lab.trust.approve" Button
    t =    13.76s Tap "lab.trust.approve" Button
    t =    13.77s     Wait for io.godstone.labmesh to idle
    t =    13.77s     Find the "lab.trust.approve" Button
    t =    13.79s     Check for interrupting elements affecting "lab.trust.approve" Button
    t =    13.80s     Synthesize event
    t =    14.09s     Wait for io.godstone.labmesh to idle
    t =    15.14s Checking `Expect predicate `label == "refused: that rotation is no longer pending: nothing was approved"` for object "lab.trust.outcome" StaticText`
    t =    15.14s     Find the "lab.trust.outcome" StaticText
    t =    15.17s Find the "lab.trust.outcome" StaticText
    t =    15.18s Tear Down
Test Case '-[LabMeshUITests.LabMeshUITests testGSINT001AStaleRotationCandidateIsRefusedWithTheExactString]' passed (15.420 seconds).
Test Case '-[LabMeshUITests.LabMeshUITests testGSINT001ControlsRemainAddressableUnderRTLAndLargeText]' started.
    t =     0.00s Start Test at 2026-10-05 07:27:03.334
    t =     0.02s Set Up
    t =     0.02s Open io.godstone.labmesh
    t =     0.03s     Launch io.godstone.labmesh
    t =     0.03s         Terminate io.godstone.labmesh:31047
2026-10-05 07:27:04.431 xcodebuild[27935:52812459] [MT] IDELaunchParametersSnapshot: debugger version lookup failed for path '<nil>': noURL
2026-10-05 07:27:04.431 xcodebuild[27935:52812459] [MT] IDELaunchParametersSnapshot: no debugger version
    t =     1.31s         Setting up automation session
    t =     1.99s         Wait for io.godstone.labmesh to idle
    t =     3.32s Checking existence of `"lab.tab.conversation" Button`
    t =     3.38s Checking existence of `"lab.tab.conversation" Button`
    t =     3.55s Checking existence of `"lab.tab.conversation" Button`
    t =     3.56s Checking existence of `"lab.tab.conversation" Button`
    t =     3.73s Checking existence of `"lab.tab.conversation" Button`
    t =     3.75s Checking existence of `"lab.tab.conversation" Button`
    t =     3.92s Checking existence of `"lab.tab.conversation" Button`
    t =     3.95s Waiting 20.0s for "lab.tab.conversation" Button to exist
    t =     5.01s     Checking `Expect predicate `existsNoRetry == 1` for object "lab.tab.conversation" Button`
    t =     5.01s         Checking existence of `"lab.tab.conversation" Button`
    t =     5.04s Tap "lab.tab.conversation" Button
    t =     5.04s     Wait for io.godstone.labmesh to idle
    t =     5.04s     Find the "lab.tab.conversation" Button
    t =     5.06s     Check for interrupting elements affecting "lab.tab.conversation" Button
    t =     5.08s     Synthesize event
    t =     5.37s     Wait for io.godstone.labmesh to idle
    t =     6.12s Waiting 20.0s for "lab.conversation.field" TextField to exist
    t =     7.18s     Checking `Expect predicate `existsNoRetry == 1` for object "lab.conversation.field" TextField`
    t =     7.18s         Checking existence of `"lab.conversation.field" TextField`
    t =     7.20s Checking existence of `"lab.conversation.send" Button`
    t =     7.22s Tap "lab.conversation.field" TextField
    t =     7.22s     Wait for io.godstone.labmesh to idle
    t =     7.22s     Find the "lab.conversation.field" TextField
    t =     7.24s     Check for interrupting elements affecting "lab.conversation.field" TextField
    t =     7.26s     Synthesize event
    t =     7.26s         Scroll element to visible
    t =     7.27s         Find the "lab.conversation.field" TextField
    t =     7.30s         Computed hit point {220, 456.91666666666669} after scrolling to visible
    t =     7.58s     Wait for io.godstone.labmesh to idle
    t =     9.07s Type 'الطريق مسدود' into "lab.conversation.field" TextField
    t =     9.07s     Wait for io.godstone.labmesh to idle
    t =     9.08s     Find the "lab.conversation.field" TextField
    t =     9.12s     Check for interrupting elements affecting "lab.conversation.field" TextField
    t =     9.15s     Synthesize event
    t =     9.55s     Wait for io.godstone.labmesh to idle
    t =     9.55s Get number of matches for: Descendants matching type Keyboard
    t =     9.57s Checking existence of `"Return" Button`
    t =     9.60s Tap "Return" Button
    t =     9.60s     Wait for io.godstone.labmesh to idle
    t =     9.60s     Find the "Return" Button
    t =     9.63s     Check for interrupting elements affecting "Return" Button
    t =     9.66s     Synthesize event
    t =     9.96s     Wait for io.godstone.labmesh to idle
    t =    11.78s Get number of matches for: Descendants matching type Keyboard
    t =    11.79s Checking existence of `"lab.tab.contacts" Button`
    t =    11.81s Checking existence of `"lab.tab.contacts" Button`
    t =    11.83s Tap "lab.tab.contacts" Button
    t =    11.83s     Wait for io.godstone.labmesh to idle
    t =    11.83s     Find the "lab.tab.contacts" Button
    t =    11.85s     Check for interrupting elements affecting "lab.tab.contacts" Button
    t =    11.86s     Synthesize event
    t =    12.15s     Wait for io.godstone.labmesh to idle
    t =    13.64s Waiting 20.0s for "lab.trust.confirm" Button to exist
    t =    14.69s     Checking `Expect predicate `existsNoRetry == 1` for object "lab.trust.confirm" Button`
    t =    14.70s         Checking existence of `"lab.trust.confirm" Button`
    t =    14.72s Get all elements bound by index for: Descendants matching type Button
    t =    14.74s Checking existence of `Button (Element at index 0)`
    t =    14.75s Find the Button (Element at index 0)
    t =    14.76s Checking existence of `Button (Element at index 1)`
    t =    14.77s Find the Button (Element at index 1)
    t =    14.79s Checking existence of `Button (Element at index 2)`
    t =    14.80s Find the Button (Element at index 2)
    t =    14.81s Checking existence of `Button (Element at index 3)`
    t =    14.82s Find the Button (Element at index 3)
    t =    14.83s Checking existence of `Button (Element at index 4)`
    t =    14.84s Find the Button (Element at index 4)
    t =    14.86s Checking existence of `Button (Element at index 5)`
    t =    14.87s Find the Button (Element at index 5)
    t =    14.88s Checking existence of `Button (Element at index 6)`
    t =    14.89s Find the Button (Element at index 6)
    t =    14.90s Checking existence of `Button (Element at index 7)`
    t =    14.92s Find the Button (Element at index 7)
    t =    14.93s Checking existence of `Button (Element at index 8)`
    t =    14.94s Find the Button (Element at index 8)
    t =    14.95s Checking existence of `Button (Element at index 9)`
    t =    14.96s Find the Button (Element at index 9)
    t =    14.98s Tear Down
Test Case '-[LabMeshUITests.LabMeshUITests testGSINT001ControlsRemainAddressableUnderRTLAndLargeText]' passed (15.246 seconds).
Test Case '-[LabMeshUITests.LabMeshUITests testGSINT001TheAcknowledgedGenerationRungAndArtifactsSurviveTheProcess]' started.
    t =     0.00s Start Test at 2026-10-05 07:27:18.580
    t =     0.02s Set Up
    t =     0.02s Open io.godstone.labmesh
    t =     0.03s     Launch io.godstone.labmesh
    t =     0.03s         Terminate io.godstone.labmesh:31119
2026-10-05 07:27:19.681 xcodebuild[27935:52812459] [MT] IDELaunchParametersSnapshot: debugger version lookup failed for path '<nil>': noURL
2026-10-05 07:27:19.681 xcodebuild[27935:52812459] [MT] IDELaunchParametersSnapshot: no debugger version
    t =     1.31s         Setting up automation session
    t =     2.02s         Wait for io.godstone.labmesh to idle
    t =     3.39s Checking existence of `"lab.tab.diagnostics" Button`
    t =     3.47s Checking existence of `"lab.tab.diagnostics" Button`
    t =     3.64s Checking existence of `"lab.tab.diagnostics" Button`
    t =     3.66s Checking existence of `"lab.tab.diagnostics" Button`
    t =     3.83s Checking existence of `"lab.tab.diagnostics" Button`
    t =     3.85s Waiting 25.0s for "lab.tab.diagnostics" Button to exist
    t =     4.90s     Checking `Expect predicate `existsNoRetry == 1` for object "lab.tab.diagnostics" Button`
    t =     4.90s         Checking existence of `"lab.tab.diagnostics" Button`
    t =     4.93s Terminate io.godstone.labmesh:31181
    t =     6.00s Open io.godstone.labmesh
    t =     6.00s     Launch io.godstone.labmesh
2026-10-05 07:27:24.582 xcodebuild[27935:52812459] [MT] IDELaunchParametersSnapshot: debugger version lookup failed for path '<nil>': noURL
2026-10-05 07:27:24.582 xcodebuild[27935:52812459] [MT] IDELaunchParametersSnapshot: no debugger version
    t =     6.21s         Setting up automation session
    t =     6.87s         Wait for io.godstone.labmesh to idle
    t =     8.20s Checking existence of `"lab.tab.diagnostics" Button`
    t =     8.27s Checking existence of `"lab.tab.diagnostics" Button`
    t =     8.44s Checking existence of `"lab.tab.diagnostics" Button`
    t =     8.46s Checking existence of `"lab.tab.diagnostics" Button`
    t =     8.63s Checking existence of `"lab.tab.diagnostics" Button`
    t =     8.65s Waiting 30.0s for "lab.tab.diagnostics" Button to exist
    t =     9.70s     Checking `Expect predicate `existsNoRetry == 1` for object "lab.tab.diagnostics" Button`
    t =     9.70s         Checking existence of `"lab.tab.diagnostics" Button`
    t =     9.73s Tap "lab.tab.diagnostics" Button
    t =     9.73s     Wait for io.godstone.labmesh to idle
    t =     9.73s     Find the "lab.tab.diagnostics" Button
    t =     9.74s     Check for interrupting elements affecting "lab.tab.diagnostics" Button
    t =     9.76s     Synthesize event
    t =    10.05s     Wait for io.godstone.labmesh to idle
    t =    11.36s Waiting 25.0s for "lab.diagnostics.generation" StaticText to exist
    t =    12.40s     Checking `Expect predicate `existsNoRetry == 1` for object "lab.diagnostics.generation" StaticText`
    t =    12.40s         Checking existence of `"lab.diagnostics.generation" StaticText`
    t =    12.44s Find the "lab.diagnostics.generation" StaticText
    t =    12.45s Find the "lab.diagnostics.generation" StaticText
    t =    12.47s Waiting 25.0s for "lab.diagnostics.liverung" StaticText to exist
    t =    13.52s     Checking `Expect predicate `existsNoRetry == 1` for object "lab.diagnostics.liverung" StaticText`
    t =    13.52s         Checking existence of `"lab.diagnostics.liverung" StaticText`
    t =    13.54s Find the "lab.diagnostics.liverung" StaticText
    t =    13.55s Terminate io.godstone.labmesh:31195
    t =    14.63s Open io.godstone.labmesh
    t =    14.63s     Launch io.godstone.labmesh
2026-10-05 07:27:33.216 xcodebuild[27935:52812459] [MT] IDELaunchParametersSnapshot: debugger version lookup failed for path '<nil>': noURL
2026-10-05 07:27:33.216 xcodebuild[27935:52812459] [MT] IDELaunchParametersSnapshot: no debugger version
    t =    14.84s         Setting up automation session
    t =    15.52s         Wait for io.godstone.labmesh to idle
    t =    16.85s Checking existence of `"lab.tab.diagnostics" Button`
    t =    16.92s Checking existence of `"lab.tab.diagnostics" Button`
    t =    17.10s Checking existence of `"lab.tab.diagnostics" Button`
    t =    17.11s Checking existence of `"lab.tab.diagnostics" Button`
    t =    17.28s Checking existence of `"lab.tab.diagnostics" Button`
    t =    17.30s Checking existence of `"lab.tab.diagnostics" Button`
    t =    17.46s Checking existence of `"lab.tab.diagnostics" Button`
    t =    17.49s Waiting 30.0s for "lab.tab.diagnostics" Button to exist
    t =    18.55s     Checking `Expect predicate `existsNoRetry == 1` for object "lab.tab.diagnostics" Button`
    t =    18.55s         Checking existence of `"lab.tab.diagnostics" Button`
    t =    18.58s Tap "lab.tab.diagnostics" Button
    t =    18.58s     Wait for io.godstone.labmesh to idle
    t =    18.58s     Find the "lab.tab.diagnostics" Button
    t =    18.60s     Check for interrupting elements affecting "lab.tab.diagnostics" Button
    t =    18.62s     Synthesize event
    t =    18.91s     Wait for io.godstone.labmesh to idle
    t =    20.34s Waiting 30.0s for "lab.diagnostics.generation" StaticText to exist
    t =    21.39s     Checking `Expect predicate `existsNoRetry == 1` for object "lab.diagnostics.generation" StaticText`
    t =    21.39s         Checking existence of `"lab.diagnostics.generation" StaticText`
    t =    21.41s Find the "lab.diagnostics.generation" StaticText
    t =    21.43s Find the "lab.diagnostics.generation" StaticText
    t =    21.44s Checking existence of `"lab.diagnostics.beginwipe" Button`
    t =    21.45s Find the "lab.diagnostics.beginwipe" Button
    t =    21.47s Find the "lab.diagnostics.beginwipe" Button
    t =    21.49s Waiting 25.0s for "lab.diagnostics.wiperesult" StaticText to exist
    t =    22.54s     Checking `Expect predicate `existsNoRetry == 1` for object "lab.diagnostics.wiperesult" StaticText`
    t =    22.54s         Checking existence of `"lab.diagnostics.wiperesult" StaticText`
    t =    22.57s Tap "lab.diagnostics.beginwipe" Button
    t =    22.57s     Wait for io.godstone.labmesh to idle
    t =    22.57s     Find the "lab.diagnostics.beginwipe" Button
    t =    22.59s     Check for interrupting elements affecting "lab.diagnostics.beginwipe" Button
    t =    22.61s     Synthesize event
    t =    22.91s     Wait for io.godstone.labmesh to idle
    t =    22.91s Waiting 25.0s for "lab.diagnostics.resumewipe" Button to exist
    t =    23.98s     Checking `Expect predicate `existsNoRetry == 1` for object "lab.diagnostics.resumewipe" Button`
    t =    23.98s         Checking existence of `"lab.diagnostics.resumewipe" Button`
    t =    24.00s Find the "lab.diagnostics.resumewipe" Button
    t =    24.03s Checking existence of `ScrollView (First Match)`
    t =    24.04s Swipe up ScrollView (First Match)
    t =    24.04s     Wait for io.godstone.labmesh to idle
    t =    24.05s     Find the ScrollView (First Match)
    t =    24.06s     Check for interrupting elements affecting ScrollView
    t =    24.08s     Synthesize event
    t =    24.53s     Wait for io.godstone.labmesh to idle
    t =    24.97s Find the "lab.diagnostics.resumewipe" Button
    t =    25.01s Find the "lab.diagnostics.wiperesult" StaticText
    t =    25.02s Find the "lab.diagnostics.wiperesult" StaticText
    t =    25.04s Tap "lab.diagnostics.resumewipe" Button
    t =    25.04s     Wait for io.godstone.labmesh to idle
    t =    25.04s     Find the "lab.diagnostics.resumewipe" Button
    t =    25.06s     Check for interrupting elements affecting "lab.diagnostics.resumewipe" Button
    t =    25.08s     Synthesize event
    t =    25.37s     Wait for io.godstone.labmesh to idle
    t =    25.38s Find the "lab.diagnostics.wiperesult" StaticText
    t =    25.40s Waiting 25.0s for "lab.diagnostics.wipeartifacts" StaticText to exist
    t =    26.46s     Checking `Expect predicate `existsNoRetry == 1` for object "lab.diagnostics.wipeartifacts" StaticText`
    t =    26.46s         Checking existence of `"lab.diagnostics.wipeartifacts" StaticText`
    t =    26.48s Find the "lab.diagnostics.wipeartifacts" StaticText
    t =    26.49s Find the "lab.diagnostics.wipeartifacts" StaticText
    t =    26.51s Terminate io.godstone.labmesh:31248
    t =    27.60s Open io.godstone.labmesh
    t =    27.60s     Launch io.godstone.labmesh
2026-10-05 07:27:46.183 xcodebuild[27935:52812459] [MT] IDELaunchParametersSnapshot: debugger version lookup failed for path '<nil>': noURL
2026-10-05 07:27:46.183 xcodebuild[27935:52812459] [MT] IDELaunchParametersSnapshot: no debugger version
    t =    27.81s         Setting up automation session
    t =    28.46s         Wait for io.godstone.labmesh to idle
    t =    29.81s Checking existence of `"lab.tab.diagnostics" Button`
    t =    29.88s Checking existence of `"lab.tab.diagnostics" Button`
    t =    30.06s Checking existence of `"lab.tab.diagnostics" Button`
    t =    30.07s Checking existence of `"lab.tab.diagnostics" Button`
    t =    30.24s Checking existence of `"lab.tab.diagnostics" Button`
    t =    30.25s Checking existence of `"lab.tab.diagnostics" Button`
    t =    30.43s Checking existence of `"lab.tab.diagnostics" Button`
    t =    30.46s Waiting 30.0s for "lab.tab.diagnostics" Button to exist
    t =    31.52s     Checking `Expect predicate `existsNoRetry == 1` for object "lab.tab.diagnostics" Button`
    t =    31.52s         Checking existence of `"lab.tab.diagnostics" Button`
    t =    31.55s Tap "lab.tab.diagnostics" Button
    t =    31.55s     Wait for io.godstone.labmesh to idle
    t =    31.55s     Find the "lab.tab.diagnostics" Button
    t =    31.57s     Check for interrupting elements affecting "lab.tab.diagnostics" Button
    t =    31.59s     Synthesize event
    t =    31.89s     Wait for io.godstone.labmesh to idle
    t =    33.18s Waiting 30.0s for "lab.diagnostics.generation" StaticText to exist
    t =    34.22s     Checking `Expect predicate `existsNoRetry == 1` for object "lab.diagnostics.generation" StaticText`
    t =    34.22s         Checking existence of `"lab.diagnostics.generation" StaticText`
    t =    34.25s Find the "lab.diagnostics.generation" StaticText
    t =    34.27s Find the "lab.diagnostics.generation" StaticText
    t =    34.28s Waiting 25.0s for "lab.diagnostics.liverung" StaticText to exist
    t =    35.32s     Checking `Expect predicate `existsNoRetry == 1` for object "lab.diagnostics.liverung" StaticText`
    t =    35.32s         Checking existence of `"lab.diagnostics.liverung" StaticText`
    t =    35.35s Find the "lab.diagnostics.liverung" StaticText
    t =    35.36s Waiting 25.0s for "lab.diagnostics.wipestate" StaticText to exist
    t =    36.43s     Checking `Expect predicate `existsNoRetry == 1` for object "lab.diagnostics.wipestate" StaticText`
    t =    36.43s         Checking existence of `"lab.diagnostics.wipestate" StaticText`
    t =    36.47s Find the "lab.diagnostics.wipestate" StaticText
    t =    36.49s Tear Down
Test Case '-[LabMeshUITests.LabMeshUITests testGSINT001TheAcknowledgedGenerationRungAndArtifactsSurviveTheProcess]' passed (36.801 seconds).
Test Case '-[LabMeshUITests.LabMeshUITests testGSINT001TheBoundedComposeCountsOctetsAndUpdatesItsReadout]' started.
    t =     0.00s Start Test at 2026-10-05 07:27:55.381
    t =     0.03s Set Up
    t =     0.03s Open io.godstone.labmesh
    t =     0.03s     Launch io.godstone.labmesh
    t =     0.03s         Terminate io.godstone.labmesh:31303
2026-10-05 07:27:56.580 xcodebuild[27935:52812459] [MT] IDELaunchParametersSnapshot: debugger version lookup failed for path '<nil>': noURL
2026-10-05 07:27:56.581 xcodebuild[27935:52812459] [MT] IDELaunchParametersSnapshot: no debugger version
    t =     1.41s         Setting up automation session
    t =     2.05s         Wait for io.godstone.labmesh to idle
    t =     3.38s Checking existence of `"lab.tab.conversation" Button`
    t =     3.44s Checking existence of `"lab.tab.conversation" Button`
    t =     3.61s Checking existence of `"lab.tab.conversation" Button`
    t =     3.62s Checking existence of `"lab.tab.conversation" Button`
    t =     3.80s Checking existence of `"lab.tab.conversation" Button`
    t =     3.81s Checking existence of `"lab.tab.conversation" Button`
    t =     3.99s Checking existence of `"lab.tab.conversation" Button`
    t =     4.01s Waiting 20.0s for "lab.tab.conversation" Button to exist
    t =     5.08s     Checking `Expect predicate `existsNoRetry == 1` for object "lab.tab.conversation" Button`
    t =     5.08s         Checking existence of `"lab.tab.conversation" Button`
    t =     5.11s Tap "lab.tab.conversation" Button
    t =     5.11s     Wait for io.godstone.labmesh to idle
    t =     5.12s     Find the "lab.tab.conversation" Button
    t =     5.13s     Check for interrupting elements affecting "lab.tab.conversation" Button
    t =     5.15s     Synthesize event
    t =     5.44s     Wait for io.godstone.labmesh to idle
    t =     6.19s Waiting 20.0s for "lab.conversation.field" TextField to exist
    t =     7.23s     Checking `Expect predicate `existsNoRetry == 1` for object "lab.conversation.field" TextField`
    t =     7.23s         Checking existence of `"lab.conversation.field" TextField`
    t =     7.26s Waiting 20.0s for "lab.conversation.octets" Any to exist
    t =     8.30s     Checking `Expect predicate `existsNoRetry == 1` for object "lab.conversation.octets" Any`
    t =     8.30s         Checking existence of `"lab.conversation.octets" Any`
    t =     8.32s Find the "lab.conversation.octets" Any
    t =     8.34s Tap "lab.conversation.field" TextField
    t =     8.34s     Wait for io.godstone.labmesh to idle
    t =     8.34s     Find the "lab.conversation.field" TextField
    t =     8.36s     Check for interrupting elements affecting "lab.conversation.field" TextField
    t =     8.37s     Synthesize event
    t =     8.67s     Wait for io.godstone.labmesh to idle
    t =     8.73s Type '⛵️ الطريق مسدود' into "lab.conversation.field" TextField
    t =     8.73s     Wait for io.godstone.labmesh to idle
    t =     9.12s     Find the "lab.conversation.field" TextField
    t =     9.15s     Check for interrupting elements affecting "lab.conversation.field" TextField
    t =     9.18s     Synthesize event
    t =     9.61s     Wait for io.godstone.labmesh to idle
    t =    11.04s Checking `Expect predicate `value != "32/400 octets"` for object "lab.conversation.octets" Other`
    t =    11.04s     Find the "lab.conversation.octets" Other
    t =    11.08s Find the "lab.conversation.octets" Other
    t =    11.10s Tear Down
Test Case '-[LabMeshUITests.LabMeshUITests testGSINT001TheBoundedComposeCountsOctetsAndUpdatesItsReadout]' passed (11.340 seconds).
Test Case '-[LabMeshUITests.LabMeshUITests testGSINT001TheDistressStateSurvivesARelaunchAndACancelDoesNotUnAuthor]' started.
    t =     0.00s Start Test at 2026-10-05 07:28:06.722
    t =     0.02s Set Up
    t =     0.02s Open io.godstone.labmesh
    t =     0.03s     Launch io.godstone.labmesh
    t =     0.03s         Terminate io.godstone.labmesh:31340
2026-10-05 07:28:07.836 xcodebuild[27935:52812459] [MT] IDELaunchParametersSnapshot: debugger version lookup failed for path '<nil>': noURL
2026-10-05 07:28:07.836 xcodebuild[27935:52812459] [MT] IDELaunchParametersSnapshot: no debugger version
    t =     1.33s         Setting up automation session
    t =     2.03s         Wait for io.godstone.labmesh to idle
    t =     3.38s Checking existence of `"lab.tab.sos" Button`
    t =     3.44s Checking existence of `"lab.tab.sos" Button`
    t =     3.60s Checking existence of `"lab.tab.sos" Button`
    t =     3.62s Checking existence of `"lab.tab.sos" Button`
    t =     3.79s Checking existence of `"lab.tab.sos" Button`
    t =     3.82s Checking existence of `"lab.tab.sos" Button`
    t =     3.83s Waiting 20.0s for "lab.tab.sos" Button to exist
    t =     4.88s     Checking `Expect predicate `existsNoRetry == 1` for object "lab.tab.sos" Button`
    t =     4.88s         Checking existence of `"lab.tab.sos" Button`
    t =     4.90s Tap "lab.tab.sos" Button
    t =     4.90s     Wait for io.godstone.labmesh to idle
    t =     4.91s     Find the "lab.tab.sos" Button
    t =     4.93s     Check for interrupting elements affecting "lab.tab.sos" Button
    t =     4.95s     Synthesize event
    t =     5.23s     Wait for io.godstone.labmesh to idle
    t =     6.63s Waiting 20.0s for "lab.sos.state" Any to exist
    t =     7.65s     Checking `Expect predicate `existsNoRetry == 1` for object "lab.sos.state" Any`
    t =     7.65s         Checking existence of `"lab.sos.state" Any`
    t =     7.68s Waiting 20.0s for "lab.sos.send" Button to exist
    t =     8.74s     Checking `Expect predicate `existsNoRetry == 1` for object "lab.sos.send" Button`
    t =     8.74s         Checking existence of `"lab.sos.send" Button`
    t =     8.76s Tap "lab.sos.send" Button
    t =     8.76s     Wait for io.godstone.labmesh to idle
    t =     8.77s     Find the "lab.sos.send" Button
    t =     8.79s     Check for interrupting elements affecting "lab.sos.send" Button
    t =     8.81s     Synthesize event
    t =     9.09s     Wait for io.godstone.labmesh to idle
    t =    10.16s Checking `Expect predicate `value BEGINSWITH "active: "` for object "lab.sos.state" Any`
    t =    10.16s     Find the "lab.sos.state" Any
    t =    10.19s Find the "lab.sos.state" Other
    t =    10.20s Terminate io.godstone.labmesh:31378
    t =    11.27s Open io.godstone.labmesh
    t =    11.27s     Launch io.godstone.labmesh
2026-10-05 07:28:17.991 xcodebuild[27935:52812459] [MT] IDELaunchParametersSnapshot: debugger version lookup failed for path '<nil>': noURL
2026-10-05 07:28:17.991 xcodebuild[27935:52812459] [MT] IDELaunchParametersSnapshot: no debugger version
    t =    11.48s         Setting up automation session
    t =    12.10s         Wait for io.godstone.labmesh to idle
    t =    13.44s Checking existence of `"lab.tab.sos" Button`
    t =    13.50s Checking existence of `"lab.tab.sos" Button`
    t =    13.68s Checking existence of `"lab.tab.sos" Button`
    t =    13.69s Checking existence of `"lab.tab.sos" Button`
    t =    13.87s Checking existence of `"lab.tab.sos" Button`
    t =    13.88s Checking existence of `"lab.tab.sos" Button`
    t =    14.06s Checking existence of `"lab.tab.sos" Button`
    t =    14.08s Waiting 20.0s for "lab.tab.sos" Button to exist
    t =    15.15s     Checking `Expect predicate `existsNoRetry == 1` for object "lab.tab.sos" Button`
    t =    15.15s         Checking existence of `"lab.tab.sos" Button`
    t =    15.18s Tap "lab.tab.sos" Button
    t =    15.18s     Wait for io.godstone.labmesh to idle
    t =    15.18s     Find the "lab.tab.sos" Button
    t =    15.20s     Check for interrupting elements affecting "lab.tab.sos" Button
    t =    15.22s     Synthesize event
    t =    15.52s     Wait for io.godstone.labmesh to idle
    t =    16.92s Waiting 20.0s for "lab.sos.state" Any to exist
    t =    17.96s     Checking `Expect predicate `existsNoRetry == 1` for object "lab.sos.state" Any`
    t =    17.96s         Checking existence of `"lab.sos.state" Any`
    t =    19.03s Checking `Expect predicate `value BEGINSWITH "active: "` for object "lab.sos.state" Any`
    t =    19.03s     Find the "lab.sos.state" Any
    t =    19.05s Find the "lab.sos.state" Other
    t =    19.06s Waiting 20.0s for "lab.sos.cancel" Button to exist
    t =    20.14s     Checking `Expect predicate `existsNoRetry == 1` for object "lab.sos.cancel" Button`
    t =    20.14s         Checking existence of `"lab.sos.cancel" Button`
    t =    20.17s Tap "lab.sos.cancel" Button
    t =    20.17s     Wait for io.godstone.labmesh to idle
    t =    20.17s     Find the "lab.sos.cancel" Button
    t =    20.19s     Check for interrupting elements affecting "lab.sos.cancel" Button
    t =    20.21s     Synthesize event
    t =    20.50s     Wait for io.godstone.labmesh to idle
    t =    21.57s Checking `Expect predicate `value BEGINSWITH "terminal: "` for object "lab.sos.state" Other`
    t =    21.57s     Find the "lab.sos.state" Other
    t =    21.60s Find the "lab.sos.state" Other
    t =    21.61s Terminate io.godstone.labmesh:31432
    t =    22.66s Open io.godstone.labmesh
    t =    22.66s     Launch io.godstone.labmesh
2026-10-05 07:28:29.382 xcodebuild[27935:52812459] [MT] IDELaunchParametersSnapshot: debugger version lookup failed for path '<nil>': noURL
2026-10-05 07:28:29.382 xcodebuild[27935:52812459] [MT] IDELaunchParametersSnapshot: no debugger version
    t =    22.87s         Setting up automation session
    t =    23.53s         Wait for io.godstone.labmesh to idle
    t =    24.85s Checking existence of `"lab.tab.sos" Button`
    t =    24.92s Checking existence of `"lab.tab.sos" Button`
    t =    25.09s Checking existence of `"lab.tab.sos" Button`
    t =    25.11s Checking existence of `"lab.tab.sos" Button`
    t =    25.27s Checking existence of `"lab.tab.sos" Button`
    t =    25.29s Waiting 20.0s for "lab.tab.sos" Button to exist
    t =    26.34s     Checking `Expect predicate `existsNoRetry == 1` for object "lab.tab.sos" Button`
    t =    26.34s         Checking existence of `"lab.tab.sos" Button`
    t =    26.37s Tap "lab.tab.sos" Button
    t =    26.37s     Wait for io.godstone.labmesh to idle
    t =    26.37s     Find the "lab.tab.sos" Button
    t =    26.39s     Check for interrupting elements affecting "lab.tab.sos" Button
    t =    26.41s     Synthesize event
    t =    26.70s     Wait for io.godstone.labmesh to idle
    t =    28.10s Waiting 20.0s for "lab.sos.state" Any to exist
    t =    29.16s     Checking `Expect predicate `existsNoRetry == 1` for object "lab.sos.state" Any`
    t =    29.16s         Checking existence of `"lab.sos.state" Any`
    t =    29.18s Find the "lab.sos.state" Any
    t =    29.19s Tear Down
Test Case '-[LabMeshUITests.LabMeshUITests testGSINT001TheDistressStateSurvivesARelaunchAndACancelDoesNotUnAuthor]' passed (29.469 seconds).
Test Case '-[LabMeshUITests.LabMeshUITests testGSINT001TheDurableSendVerdictSurvivesARelaunch]' started.
    t =     0.00s Start Test at 2026-10-05 07:28:36.191
    t =     0.02s Set Up
    t =     0.03s Open io.godstone.labmesh
    t =     0.03s     Launch io.godstone.labmesh
    t =     0.03s         Terminate io.godstone.labmesh:31469
2026-10-05 07:28:37.280 xcodebuild[27935:52812459] [MT] IDELaunchParametersSnapshot: debugger version lookup failed for path '<nil>': noURL
2026-10-05 07:28:37.280 xcodebuild[27935:52812459] [MT] IDELaunchParametersSnapshot: no debugger version
    t =     1.30s         Setting up automation session
    t =     1.95s         Wait for io.godstone.labmesh to idle
    t =     3.27s Checking existence of `"lab.tab.conversation" Button`
    t =     3.33s Checking existence of `"lab.tab.conversation" Button`
    t =     3.51s Checking existence of `"lab.tab.conversation" Button`
    t =     3.52s Checking existence of `"lab.tab.conversation" Button`
    t =     3.69s Checking existence of `"lab.tab.conversation" Button`
    t =     3.71s Checking existence of `"lab.tab.conversation" Button`
    t =     3.88s Checking existence of `"lab.tab.conversation" Button`
    t =     3.90s Waiting 20.0s for "lab.tab.conversation" Button to exist
    t =     4.95s     Checking `Expect predicate `existsNoRetry == 1` for object "lab.tab.conversation" Button`
    t =     4.95s         Checking existence of `"lab.tab.conversation" Button`
    t =     4.98s Tap "lab.tab.conversation" Button
    t =     4.98s     Wait for io.godstone.labmesh to idle
    t =     4.98s     Find the "lab.tab.conversation" Button
    t =     5.00s     Check for interrupting elements affecting "lab.tab.conversation" Button
    t =     5.02s     Synthesize event
    t =     5.31s     Wait for io.godstone.labmesh to idle
    t =     6.06s Waiting 20.0s for "lab.conversation.send" Button to exist
    t =     7.11s     Checking `Expect predicate `existsNoRetry == 1` for object "lab.conversation.send" Button`
    t =     7.11s         Checking existence of `"lab.conversation.send" Button`
    t =     7.14s Waiting 20.0s for "lab.conversation.durable" Any to exist
    t =     8.19s     Checking `Expect predicate `existsNoRetry == 1` for object "lab.conversation.durable" Any`
    t =     8.19s         Checking existence of `"lab.conversation.durable" Any`
    t =     8.21s Tap "lab.conversation.send" Button
    t =     8.21s     Wait for io.godstone.labmesh to idle
    t =     8.21s     Find the "lab.conversation.send" Button
    t =     8.23s     Check for interrupting elements affecting "lab.conversation.send" Button
    t =     8.24s     Synthesize event
    t =     8.25s         Scroll element to visible
    t =     8.25s         Find the "lab.conversation.send" Button
    t =     8.27s         Computed hit point {52.25, 480.75} after scrolling to visible
    t =     8.56s     Wait for io.godstone.labmesh to idle
    t =    10.04s Checking `Expect predicate `value BEGINSWITH "found:"` for object "lab.conversation.durable" Any`
    t =    10.04s     Find the "lab.conversation.durable" Any
    t =    10.06s Find the "lab.conversation.durable" Other
    t =    10.07s Terminate io.godstone.labmesh:31506
    t =    11.13s Open io.godstone.labmesh
    t =    11.13s     Launch io.godstone.labmesh
2026-10-05 07:28:47.326 xcodebuild[27935:52812459] [MT] IDELaunchParametersSnapshot: debugger version lookup failed for path '<nil>': noURL
2026-10-05 07:28:47.326 xcodebuild[27935:52812459] [MT] IDELaunchParametersSnapshot: no debugger version
    t =    11.34s         Setting up automation session
    t =    11.99s         Wait for io.godstone.labmesh to idle
    t =    13.26s Checking existence of `"lab.tab.conversation" Button`
    t =    13.32s Checking existence of `"lab.tab.conversation" Button`
    t =    13.50s Checking existence of `"lab.tab.conversation" Button`
    t =    13.51s Checking existence of `"lab.tab.conversation" Button`
    t =    13.69s Checking existence of `"lab.tab.conversation" Button`
    t =    13.71s Checking existence of `"lab.tab.conversation" Button`
    t =    13.88s Checking existence of `"lab.tab.conversation" Button`
    t =    13.91s Waiting 20.0s for "lab.tab.conversation" Button to exist
    t =    14.94s     Checking `Expect predicate `existsNoRetry == 1` for object "lab.tab.conversation" Button`
    t =    14.94s         Checking existence of `"lab.tab.conversation" Button`
    t =    14.97s Tap "lab.tab.conversation" Button
    t =    14.97s     Wait for io.godstone.labmesh to idle
    t =    14.97s     Find the "lab.tab.conversation" Button
    t =    14.99s     Check for interrupting elements affecting "lab.tab.conversation" Button
    t =    15.01s     Synthesize event
    t =    15.30s     Wait for io.godstone.labmesh to idle
    t =    16.05s Waiting 20.0s for "lab.conversation.durable" Any to exist
    t =    17.10s     Checking `Expect predicate `existsNoRetry == 1` for object "lab.conversation.durable" Any`
    t =    17.10s         Checking existence of `"lab.conversation.durable" Any`
    t =    17.13s Find the "lab.conversation.durable" Any
    t =    17.16s Tear Down
Test Case '-[LabMeshUITests.LabMeshUITests testGSINT001TheDurableSendVerdictSurvivesARelaunch]' passed (17.390 seconds).
Test Case '-[LabMeshUITests.LabMeshUITests testGSINT001TheEssentialRetryControlStandsAndActs]' started.
    t =     0.00s Start Test at 2026-10-05 07:28:53.582
    t =     0.02s Set Up
    t =     0.03s Open io.godstone.labmesh
    t =     0.03s     Launch io.godstone.labmesh
    t =     0.03s         Terminate io.godstone.labmesh:31565
2026-10-05 07:28:54.704 xcodebuild[27935:52812459] [MT] IDELaunchParametersSnapshot: debugger version lookup failed for path '<nil>': noURL
2026-10-05 07:28:54.704 xcodebuild[27935:52812459] [MT] IDELaunchParametersSnapshot: no debugger version
    t =     1.33s         Setting up automation session
    t =     1.95s         Wait for io.godstone.labmesh to idle
    t =     3.28s Checking existence of `"lab.tab.sos" Button`
    t =     3.33s Checking existence of `"lab.tab.sos" Button`
    t =     3.51s Checking existence of `"lab.tab.sos" Button`
    t =     3.52s Checking existence of `"lab.tab.sos" Button`
    t =     3.69s Checking existence of `"lab.tab.sos" Button`
    t =     3.71s Checking existence of `"lab.tab.sos" Button`
    t =     3.88s Checking existence of `"lab.tab.sos" Button`
    t =     3.90s Waiting 20.0s for "lab.tab.sos" Button to exist
    t =     4.96s     Checking `Expect predicate `existsNoRetry == 1` for object "lab.tab.sos" Button`
    t =     4.96s         Checking existence of `"lab.tab.sos" Button`
    t =     4.99s Tap "lab.tab.sos" Button
    t =     4.99s     Wait for io.godstone.labmesh to idle
    t =     4.99s     Find the "lab.tab.sos" Button
    t =     5.01s     Check for interrupting elements affecting "lab.tab.sos" Button
    t =     5.03s     Synthesize event
    t =     5.32s     Wait for io.godstone.labmesh to idle
    t =     6.72s Waiting 25.0s for "lab.sos.retry" Button to exist
    t =     7.76s     Checking `Expect predicate `existsNoRetry == 1` for object "lab.sos.retry" Button`
    t =     7.76s         Checking existence of `"lab.sos.retry" Button`
    t =     7.80s         Capturing element debug description
    t =     8.75s     Checking `Expect predicate `existsNoRetry == 1` for object "lab.sos.retry" Button`
    t =     8.75s         Checking existence of `"lab.sos.retry" Button`
    t =     8.77s         Capturing element debug description
    t =     9.73s     Checking `Expect predicate `existsNoRetry == 1` for object "lab.sos.retry" Button`
    t =     9.73s         Checking existence of `"lab.sos.retry" Button`
    t =     9.75s         Capturing element debug description
    t =    10.80s     Checking `Expect predicate `existsNoRetry == 1` for object "lab.sos.retry" Button`
    t =    10.80s         Checking existence of `"lab.sos.retry" Button`
    t =    10.82s         Capturing element debug description
    t =    11.77s     Checking `Expect predicate `existsNoRetry == 1` for object "lab.sos.retry" Button`
    t =    11.77s         Checking existence of `"lab.sos.retry" Button`
    t =    11.79s         Capturing element debug description
    t =    12.73s     Checking `Expect predicate `existsNoRetry == 1` for object "lab.sos.retry" Button`
    t =    12.73s         Checking existence of `"lab.sos.retry" Button`
    t =    12.75s         Capturing element debug description
    t =    13.80s     Checking `Expect predicate `existsNoRetry == 1` for object "lab.sos.retry" Button`
    t =    13.80s         Checking existence of `"lab.sos.retry" Button`
    t =    13.82s         Capturing element debug description
    t =    14.77s     Checking `Expect predicate `existsNoRetry == 1` for object "lab.sos.retry" Button`
    t =    14.77s         Checking existence of `"lab.sos.retry" Button`
    t =    14.79s         Capturing element debug description
    t =    15.73s     Checking `Expect predicate `existsNoRetry == 1` for object "lab.sos.retry" Button`
    t =    15.73s         Checking existence of `"lab.sos.retry" Button`
    t =    15.75s         Capturing element debug description
    t =    16.78s     Checking `Expect predicate `existsNoRetry == 1` for object "lab.sos.retry" Button`
    t =    16.78s         Checking existence of `"lab.sos.retry" Button`
    t =    16.81s         Capturing element debug description
    t =    17.76s     Checking `Expect predicate `existsNoRetry == 1` for object "lab.sos.retry" Button`
    t =    17.76s         Checking existence of `"lab.sos.retry" Button`
    t =    17.78s         Capturing element debug description
    t =    18.81s     Checking `Expect predicate `existsNoRetry == 1` for object "lab.sos.retry" Button`
    t =    18.81s         Checking existence of `"lab.sos.retry" Button`
    t =    18.84s         Capturing element debug description
    t =    19.80s     Checking `Expect predicate `existsNoRetry == 1` for object "lab.sos.retry" Button`
    t =    19.80s         Checking existence of `"lab.sos.retry" Button`
    t =    19.82s         Capturing element debug description
    t =    20.76s     Checking `Expect predicate `existsNoRetry == 1` for object "lab.sos.retry" Button`
    t =    20.76s         Checking existence of `"lab.sos.retry" Button`
    t =    20.78s         Capturing element debug description
    t =    21.73s     Checking `Expect predicate `existsNoRetry == 1` for object "lab.sos.retry" Button`
    t =    21.73s         Checking existence of `"lab.sos.retry" Button`
    t =    21.75s         Capturing element debug description
    t =    22.80s     Checking `Expect predicate `existsNoRetry == 1` for object "lab.sos.retry" Button`
    t =    22.81s         Checking existence of `"lab.sos.retry" Button`
    t =    22.83s         Capturing element debug description
    t =    23.75s     Checking `Expect predicate `existsNoRetry == 1` for object "lab.sos.retry" Button`
    t =    23.75s         Checking existence of `"lab.sos.retry" Button`
    t =    23.76s         Capturing element debug description
    t =    24.80s     Checking `Expect predicate `existsNoRetry == 1` for object "lab.sos.retry" Button`
    t =    24.81s         Checking existence of `"lab.sos.retry" Button`
    t =    24.83s         Capturing element debug description
    t =    25.76s     Checking `Expect predicate `existsNoRetry == 1` for object "lab.sos.retry" Button`
    t =    25.76s         Checking existence of `"lab.sos.retry" Button`
    t =    25.78s         Capturing element debug description
    t =    26.73s     Checking `Expect predicate `existsNoRetry == 1` for object "lab.sos.retry" Button`
    t =    26.73s         Checking existence of `"lab.sos.retry" Button`
    t =    26.75s         Capturing element debug description
    t =    27.82s     Checking `Expect predicate `existsNoRetry == 1` for object "lab.sos.retry" Button`
    t =    27.82s         Checking existence of `"lab.sos.retry" Button`
    t =    27.83s         Capturing element debug description
    t =    28.78s     Checking `Expect predicate `existsNoRetry == 1` for object "lab.sos.retry" Button`
    t =    28.78s         Checking existence of `"lab.sos.retry" Button`
    t =    28.80s         Capturing element debug description
    t =    29.76s     Checking `Expect predicate `existsNoRetry == 1` for object "lab.sos.retry" Button`
    t =    29.76s         Checking existence of `"lab.sos.retry" Button`
    t =    29.78s         Capturing element debug description
    t =    30.73s     Checking `Expect predicate `existsNoRetry == 1` for object "lab.sos.retry" Button`
    t =    30.73s         Checking existence of `"lab.sos.retry" Button`
    t =    30.75s         Capturing element debug description
    t =    31.73s     Checking `Expect predicate `existsNoRetry == 1` for object "lab.sos.retry" Button`
    t =    31.73s         Checking existence of `"lab.sos.retry" Button`
    t =    31.75s         Capturing element debug description
    t =    31.75s     Checking existence of `"lab.sos.retry" Button`
    t =    31.76s Collecting debug information to assist test failure triage
    t =    31.76s     Requesting snapshot of accessibility hierarchy for app with pid 31587
/tmp/board1-rc15-preparatory-46903cd0-xke1sctz/rod-worktrees/wt_IOS-SOS-RETRY-001/ios/Godstone/Tests/LabMeshUITests/LabMeshUITests.swift:590: error: -[LabMeshUITests.LabMeshUITests testGSINT001TheEssentialRetryControlStandsAndActs] : XCTAssertTrue failed - *** THE CONTRACT'S OWN ESSENTIAL `retry` CONTROL MUST STAND ON THE SOS SURFACE -- it is in `AccessibilityContract.essentialControls` and the shared Android lab renders it. ***
    t =    31.79s Tear Down
Test Case '-[LabMeshUITests.LabMeshUITests testGSINT001TheEssentialRetryControlStandsAndActs]' failed (32.025 seconds).
Test Case '-[LabMeshUITests.LabMeshUITests testGSINT001TheLiveTreeCarriesTheRenderedSemantics]' started.
    t =     0.00s Start Test at 2026-10-05 07:29:25.608
    t =     0.02s Set Up
    t =     0.03s Open io.godstone.labmesh
    t =     0.03s     Launch io.godstone.labmesh
    t =     0.03s         Terminate io.godstone.labmesh:31587
2026-10-05 07:29:26.723 xcodebuild[27935:52812459] [MT] IDELaunchParametersSnapshot: debugger version lookup failed for path '<nil>': noURL
2026-10-05 07:29:26.723 xcodebuild[27935:52812459] [MT] IDELaunchParametersSnapshot: no debugger version
    t =     1.33s         Setting up automation session
    t =     2.03s         Wait for io.godstone.labmesh to idle
    t =     3.39s Checking existence of `"lab.tab.conversation" Button`
    t =     3.46s Checking existence of `"lab.tab.conversation" Button`
    t =     3.63s Checking existence of `"lab.tab.conversation" Button`
    t =     3.65s Checking existence of `"lab.tab.conversation" Button`
    t =     3.82s Checking existence of `"lab.tab.conversation" Button`
    t =     3.85s Checking existence of `"lab.tab.conversation" Button`
    t =     3.86s Waiting 20.0s for "lab.tab.conversation" Button to exist
    t =     4.92s     Checking `Expect predicate `existsNoRetry == 1` for object "lab.tab.conversation" Button`
    t =     4.92s         Checking existence of `"lab.tab.conversation" Button`
    t =     4.95s Tap "lab.tab.conversation" Button
    t =     4.95s     Wait for io.godstone.labmesh to idle
    t =     4.95s     Find the "lab.tab.conversation" Button
    t =     4.97s     Check for interrupting elements affecting "lab.tab.conversation" Button
    t =     4.99s     Synthesize event
    t =     5.29s     Wait for io.godstone.labmesh to idle
    t =     6.05s Waiting 20.0s for "lab.conversation.octets" Any to exist
    t =     7.10s     Checking `Expect predicate `existsNoRetry == 1` for object "lab.conversation.octets" Any`
    t =     7.10s         Checking existence of `"lab.conversation.octets" Any`
    t =     7.12s Find the "lab.conversation.octets" Any
    t =     7.14s Find the "lab.conversation.octets" Other
    t =     7.16s Get all elements bound by index for: Descendants matching type Button
    t =     7.17s Checking existence of `Button (Element at index 0)`
    t =     7.19s Find the Button (Element at index 0)
    t =     7.20s Checking existence of `Button (Element at index 1)`
    t =     7.21s Find the Button (Element at index 1)
    t =     7.23s Checking existence of `Button (Element at index 2)`
    t =     7.24s Find the Button (Element at index 2)
    t =     7.25s Checking existence of `Button (Element at index 3)`
    t =     7.27s Find the Button (Element at index 3)
    t =     7.28s Checking existence of `Button (Element at index 4)`
    t =     7.29s Find the Button (Element at index 4)
    t =     7.30s Checking existence of `Button (Element at index 5)`
    t =     7.32s Find the Button (Element at index 5)
    t =     7.34s Checking existence of `Button (Element at index 6)`
    t =     7.35s Find the Button (Element at index 6)
    t =     7.37s Checking existence of `Button (Element at index 7)`
    t =     7.38s Find the Button (Element at index 7)
    t =     7.39s Checking existence of `"lab.tab.contacts" Button`
    t =     7.41s Checking existence of `"lab.tab.contacts" Button`
    t =     7.43s Tap "lab.tab.contacts" Button
    t =     7.43s     Wait for io.godstone.labmesh to idle
    t =     7.43s     Find the "lab.tab.contacts" Button
    t =     7.45s     Check for interrupting elements affecting "lab.tab.contacts" Button
    t =     7.48s     Synthesize event
    t =     7.77s     Wait for io.godstone.labmesh to idle
    t =     9.25s Waiting 20.0s for "lab.trust.status" Any to exist
    t =    10.30s     Checking `Expect predicate `existsNoRetry == 1` for object "lab.trust.status" Any`
    t =    10.31s         Checking existence of `"lab.trust.status" Any`
    t =    10.34s Checking existence of `"lab.tab.sos" Button`
    t =    10.35s Checking existence of `"lab.tab.sos" Button`
    t =    10.37s Tap "lab.tab.sos" Button
    t =    10.37s     Wait for io.godstone.labmesh to idle
    t =    10.37s     Find the "lab.tab.sos" Button
    t =    10.39s     Check for interrupting elements affecting "lab.tab.sos" Button
    t =    10.41s     Synthesize event
    t =    10.70s     Wait for io.godstone.labmesh to idle
    t =    12.08s Waiting 20.0s for "lab.sos.state" Any to exist
    t =    13.13s     Checking `Expect predicate `existsNoRetry == 1` for object "lab.sos.state" Any`
    t =    13.13s         Checking existence of `"lab.sos.state" Any`
    t =    13.16s Find the "lab.sos.state" Any
    t =    13.17s Tear Down
Test Case '-[LabMeshUITests.LabMeshUITests testGSINT001TheLiveTreeCarriesTheRenderedSemantics]' passed (13.420 seconds).
Test Case '-[LabMeshUITests.LabMeshUITests testGSINT001TheSosJourneyRendersAControlRatherThanALabel]' started.
    t =     0.00s Start Test at 2026-10-05 07:29:39.028
    t =     0.02s Set Up
    t =     0.03s Open io.godstone.labmesh
    t =     0.03s     Launch io.godstone.labmesh
    t =     0.03s         Terminate io.godstone.labmesh:31723
2026-10-05 07:29:40.139 xcodebuild[27935:52812459] [MT] IDELaunchParametersSnapshot: debugger version lookup failed for path '<nil>': noURL
2026-10-05 07:29:40.140 xcodebuild[27935:52812459] [MT] IDELaunchParametersSnapshot: no debugger version
    t =     1.32s         Setting up automation session
    t =     1.96s         Wait for io.godstone.labmesh to idle
    t =     3.29s Checking existence of `"lab.tab.sos" Button`
    t =     3.34s Checking existence of `"lab.tab.sos" Button`
    t =     3.51s Checking existence of `"lab.tab.sos" Button`
    t =     3.53s Checking existence of `"lab.tab.sos" Button`
    t =     3.69s Checking existence of `"lab.tab.sos" Button`
    t =     3.71s Checking existence of `"lab.tab.sos" Button`
    t =     3.89s Checking existence of `"lab.tab.sos" Button`
    t =     3.91s Waiting 20.0s for "lab.tab.sos" Button to exist
    t =     4.97s     Checking `Expect predicate `existsNoRetry == 1` for object "lab.tab.sos" Button`
    t =     4.97s         Checking existence of `"lab.tab.sos" Button`
    t =     5.00s Tap "lab.tab.sos" Button
    t =     5.00s     Wait for io.godstone.labmesh to idle
    t =     5.00s     Find the "lab.tab.sos" Button
    t =     5.02s     Check for interrupting elements affecting "lab.tab.sos" Button
    t =     5.04s     Synthesize event
    t =     5.34s     Wait for io.godstone.labmesh to idle
    t =     6.73s Waiting 20.0s for "lab.sos.hold" StaticText to exist
    t =     7.78s     Checking `Expect predicate `existsNoRetry == 1` for object "lab.sos.hold" StaticText`
    t =     7.78s         Checking existence of `"lab.sos.hold" StaticText`
    t =     7.80s Checking existence of `"lab.sos.send" Button`
    t =     7.81s Waiting 20.0s for "lab.sos.admitted" StaticText to exist
    t =     8.87s     Checking `Expect predicate `existsNoRetry == 1` for object "lab.sos.admitted" StaticText`
    t =     8.87s         Checking existence of `"lab.sos.admitted" StaticText`
    t =     8.88s Find the "lab.sos.admitted" StaticText
    t =     8.89s Checking existence of `"lab.sos.send" Button`
    t =     8.90s Tap "lab.sos.send" Button
    t =     8.90s     Wait for io.godstone.labmesh to idle
    t =     8.91s     Find the "lab.sos.send" Button
    t =     8.92s     Check for interrupting elements affecting "lab.sos.send" Button
    t =     8.93s     Synthesize event
    t =     9.22s     Wait for io.godstone.labmesh to idle
    t =     9.23s Find the "lab.sos.admitted" StaticText
    t =     9.26s Tear Down
Test Case '-[LabMeshUITests.LabMeshUITests testGSINT001TheSosJourneyRendersAControlRatherThanALabel]' passed (9.483 seconds).
Test Case '-[LabMeshUITests.LabMeshUITests testGSINT001TheTrustControlsCarryTheirExactAccessibilityLabels]' started.
    t =     0.00s Start Test at 2026-10-05 07:29:48.511
    t =     0.02s Set Up
    t =     0.02s Open io.godstone.labmesh
    t =     0.03s     Launch io.godstone.labmesh
    t =     0.03s         Terminate io.godstone.labmesh:31767
2026-10-05 07:29:49.614 xcodebuild[27935:52812459] [MT] IDELaunchParametersSnapshot: debugger version lookup failed for path '<nil>': noURL
2026-10-05 07:29:49.614 xcodebuild[27935:52812459] [MT] IDELaunchParametersSnapshot: no debugger version
    t =     1.31s         Setting up automation session
    t =     1.97s         Wait for io.godstone.labmesh to idle
    t =     3.31s Checking existence of `"lab.tab.contacts" Button`
    t =     3.36s Checking existence of `"lab.tab.contacts" Button`
    t =     3.53s Checking existence of `"lab.tab.contacts" Button`
    t =     3.55s Checking existence of `"lab.tab.contacts" Button`
    t =     3.72s Checking existence of `"lab.tab.contacts" Button`
    t =     3.74s Checking existence of `"lab.tab.contacts" Button`
    t =     3.76s Waiting 20.0s for "lab.tab.contacts" Button to exist
    t =     4.82s     Checking `Expect predicate `existsNoRetry == 1` for object "lab.tab.contacts" Button`
    t =     4.82s         Checking existence of `"lab.tab.contacts" Button`
    t =     4.85s Tap "lab.tab.contacts" Button
    t =     4.85s     Wait for io.godstone.labmesh to idle
    t =     4.85s     Find the "lab.tab.contacts" Button
    t =     4.87s     Check for interrupting elements affecting "lab.tab.contacts" Button
    t =     4.88s     Synthesize event
    t =     5.28s     Wait for io.godstone.labmesh to idle
    t =     6.68s Waiting 20.0s for "lab.trust.confirm" Button to exist
    t =     7.72s     Checking `Expect predicate `existsNoRetry == 1` for object "lab.trust.confirm" Button`
    t =     7.72s         Checking existence of `"lab.trust.confirm" Button`
    t =     7.75s Checking existence of `"lab.trust.approve" Button`
    t =     7.76s Checking existence of `"lab.trust.revoke" Button`
    t =     7.77s Find the "lab.trust.confirm" Button
    t =     7.79s Find the "lab.trust.approve" Button
    t =     7.80s Find the "lab.trust.revoke" Button
    t =     7.81s Waiting 20.0s for "lab.trust.fingerprint" Any to exist
    t =     8.88s     Checking `Expect predicate `existsNoRetry == 1` for object "lab.trust.fingerprint" Any`
    t =     8.88s         Checking existence of `"lab.trust.fingerprint" Any`
    t =     8.89s Find the "lab.trust.fingerprint" Any
    t =     8.90s Tear Down
Test Case '-[LabMeshUITests.LabMeshUITests testGSINT001TheTrustControlsCarryTheirExactAccessibilityLabels]' passed (9.154 seconds).
Test Case '-[LabMeshUITests.LabMeshUITests testGSINT001TheTrustJourneyIsPerformedRatherThanMerelyLabelled]' started.
    t =     0.00s Start Test at 2026-10-05 07:29:57.666
    t =     0.02s Set Up
    t =     0.02s Open io.godstone.labmesh
    t =     0.03s     Launch io.godstone.labmesh
    t =     0.03s         Terminate io.godstone.labmesh:31798
2026-10-05 07:29:58.764 xcodebuild[27935:52812459] [MT] IDELaunchParametersSnapshot: debugger version lookup failed for path '<nil>': noURL
2026-10-05 07:29:58.764 xcodebuild[27935:52812459] [MT] IDELaunchParametersSnapshot: no debugger version
    t =     1.30s         Setting up automation session
    t =     1.95s         Wait for io.godstone.labmesh to idle
    t =     3.26s Checking existence of `"lab.tab.contacts" Button`
    t =     3.33s Checking existence of `"lab.tab.contacts" Button`
    t =     3.50s Checking existence of `"lab.tab.contacts" Button`
    t =     3.52s Checking existence of `"lab.tab.contacts" Button`
    t =     3.70s Checking existence of `"lab.tab.contacts" Button`
    t =     3.72s Waiting 20.0s for "lab.tab.contacts" Button to exist
    t =     4.78s     Checking `Expect predicate `existsNoRetry == 1` for object "lab.tab.contacts" Button`
    t =     4.78s         Checking existence of `"lab.tab.contacts" Button`
    t =     4.81s Tap "lab.tab.contacts" Button
    t =     4.81s     Wait for io.godstone.labmesh to idle
    t =     4.81s     Find the "lab.tab.contacts" Button
    t =     4.83s     Check for interrupting elements affecting "lab.tab.contacts" Button
    t =     4.84s     Synthesize event
    t =     5.13s     Wait for io.godstone.labmesh to idle
    t =     6.54s Waiting 20.0s for "lab.trust.recipient" Button to exist
    t =     7.61s     Checking `Expect predicate `existsNoRetry == 1` for object "lab.trust.recipient" Button`
    t =     7.61s         Checking existence of `"lab.trust.recipient" Button`
    t =     7.64s Waiting 20.0s for "lab.trust.fingerprint" Any to exist
    t =     8.70s     Checking `Expect predicate `existsNoRetry == 1` for object "lab.trust.fingerprint" Any`
    t =     8.70s         Checking existence of `"lab.trust.fingerprint" Any`
    t =     8.75s Find the "lab.trust.fingerprint" Any
    t =     8.78s Waiting 20.0s for "lab.trust.outcome" StaticText to exist
    t =     9.83s     Checking `Expect predicate `existsNoRetry == 1` for object "lab.trust.outcome" StaticText`
    t =     9.83s         Checking existence of `"lab.trust.outcome" StaticText`
    t =     9.96s Waiting 20.0s for "lab.trust.confirm" Button to exist
    t =    11.03s     Checking `Expect predicate `existsNoRetry == 1` for object "lab.trust.confirm" Button`
    t =    11.03s         Checking existence of `"lab.trust.confirm" Button`
    t =    11.06s Find the "lab.trust.confirm" Button
    t =    11.08s Checking existence of `ScrollView (First Match)`
    t =    11.09s Swipe up ScrollView (First Match)
    t =    11.09s     Wait for io.godstone.labmesh to idle
    t =    11.10s     Find the ScrollView (First Match)
    t =    11.11s     Check for interrupting elements affecting ScrollView
    t =    11.13s     Synthesize event
    t =    11.58s     Wait for io.godstone.labmesh to idle
    t =    12.11s Find the "lab.trust.confirm" Button
    t =    12.14s Find the "lab.trust.outcome" StaticText
    t =    12.15s Tap "lab.trust.confirm" Button
    t =    12.15s     Wait for io.godstone.labmesh to idle
    t =    12.16s     Find the "lab.trust.confirm" Button
    t =    12.17s     Check for interrupting elements affecting "lab.trust.confirm" Button
    t =    12.19s     Synthesize event
    t =    12.48s     Wait for io.godstone.labmesh to idle
    t =    13.55s Checking `Expect predicate `label != "idle"` for object "lab.trust.outcome" StaticText`
    t =    13.56s     Find the "lab.trust.outcome" StaticText
    t =    13.59s Waiting 20.0s for "lab.trust.approve" Button to exist
    t =    14.67s     Checking `Expect predicate `existsNoRetry == 1` for object "lab.trust.approve" Button`
    t =    14.67s         Checking existence of `"lab.trust.approve" Button`
    t =    14.68s Find the "lab.trust.approve" Button
    t =    14.71s Find the "lab.trust.outcome" StaticText
    t =    14.73s Tap "lab.trust.approve" Button
    t =    14.73s     Wait for io.godstone.labmesh to idle
    t =    14.73s     Find the "lab.trust.approve" Button
    t =    14.75s     Check for interrupting elements affecting "lab.trust.approve" Button
    t =    14.77s     Synthesize event
    t =    15.06s     Wait for io.godstone.labmesh to idle
    t =    16.11s Checking `Expect predicate `label != "applied: fingerprint confirmed for contact-b087 at generation 0"` for object "lab.trust.outcome" StaticText`
    t =    16.11s     Find the "lab.trust.outcome" StaticText
    t =    16.14s Waiting 20.0s for "lab.trust.revoke" Button to exist
    t =    17.18s     Checking `Expect predicate `existsNoRetry == 1` for object "lab.trust.revoke" Button`
    t =    17.18s         Checking existence of `"lab.trust.revoke" Button`
    t =    17.21s Find the "lab.trust.revoke" Button
    t =    17.24s Find the "lab.trust.outcome" StaticText
    t =    17.25s Tap "lab.trust.revoke" Button
    t =    17.25s     Wait for io.godstone.labmesh to idle
    t =    17.25s     Find the "lab.trust.revoke" Button
    t =    17.27s     Check for interrupting elements affecting "lab.trust.revoke" Button
    t =    17.28s     Synthesize event
    t =    17.58s     Wait for io.godstone.labmesh to idle
    t =    18.65s Checking `Expect predicate `label != "refused: no rotation candidate was displayed for 'A'"` for object "lab.trust.outcome" StaticText`
    t =    18.65s     Find the "lab.trust.outcome" StaticText
    t =    18.67s Tear Down
Test Case '-[LabMeshUITests.LabMeshUITests testGSINT001TheTrustJourneyIsPerformedRatherThanMerelyLabelled]' passed (18.893 seconds).
Test Case '-[LabMeshUITests.LabMeshUITests testGSINT001TheWipeControlReportsTheRuntimesOwnState]' started.
    t =     0.00s Start Test at 2026-10-05 07:30:16.560
    t =     0.02s Set Up
    t =     0.02s Open io.godstone.labmesh
    t =     0.03s     Launch io.godstone.labmesh
    t =     0.03s         Terminate io.godstone.labmesh:31830
2026-10-05 07:30:17.667 xcodebuild[27935:52812459] [MT] IDELaunchParametersSnapshot: debugger version lookup failed for path '<nil>': noURL
2026-10-05 07:30:17.667 xcodebuild[27935:52812459] [MT] IDELaunchParametersSnapshot: no debugger version
    t =     1.32s         Setting up automation session
    t =     1.95s         Wait for io.godstone.labmesh to idle
    t =     3.28s Checking existence of `"lab.tab.diagnostics" Button`
    t =     3.34s Checking existence of `"lab.tab.diagnostics" Button`
    t =     3.52s Checking existence of `"lab.tab.diagnostics" Button`
    t =     3.53s Checking existence of `"lab.tab.diagnostics" Button`
    t =     3.70s Checking existence of `"lab.tab.diagnostics" Button`
    t =     3.73s Checking existence of `"lab.tab.diagnostics" Button`
    t =     3.89s Checking existence of `"lab.tab.diagnostics" Button`
    t =     3.91s Waiting 20.0s for "lab.tab.diagnostics" Button to exist
    t =     4.98s     Checking `Expect predicate `existsNoRetry == 1` for object "lab.tab.diagnostics" Button`
    t =     4.98s         Checking existence of `"lab.tab.diagnostics" Button`
    t =     5.01s Tap "lab.tab.diagnostics" Button
    t =     5.01s     Wait for io.godstone.labmesh to idle
    t =     5.01s     Find the "lab.tab.diagnostics" Button
    t =     5.03s     Check for interrupting elements affecting "lab.tab.diagnostics" Button
    t =     5.04s     Synthesize event
    t =     5.33s     Wait for io.godstone.labmesh to idle
    t =     6.65s Waiting 20.0s for "lab.diagnostics.wipestate" StaticText to exist
    t =     7.69s     Checking `Expect predicate `existsNoRetry == 1` for object "lab.diagnostics.wipestate" StaticText`
    t =     7.69s         Checking existence of `"lab.diagnostics.wipestate" StaticText`
    t =     7.72s Find the "lab.diagnostics.wipestate" StaticText
    t =     7.73s Waiting 20.0s for "lab.diagnostics.wiperung" StaticText to exist
    t =     8.80s     Checking `Expect predicate `existsNoRetry == 1` for object "lab.diagnostics.wiperung" StaticText`
    t =     8.80s         Checking existence of `"lab.diagnostics.wiperung" StaticText`
    t =     8.83s Waiting 20.0s for "lab.diagnostics.wipeartifacts" StaticText to exist
    t =     9.89s     Checking `Expect predicate `existsNoRetry == 1` for object "lab.diagnostics.wipeartifacts" StaticText`
    t =     9.89s         Checking existence of `"lab.diagnostics.wipeartifacts" StaticText`
    t =     9.91s Waiting 20.0s for "lab.diagnostics.startuprecovery" StaticText to exist
    t =    10.95s     Checking `Expect predicate `existsNoRetry == 1` for object "lab.diagnostics.startuprecovery" StaticText`
    t =    10.95s         Checking existence of `"lab.diagnostics.startuprecovery" StaticText`
    t =    10.98s Checking existence of `"lab.diagnostics.beginwipe" Button`
    t =    10.99s Find the "lab.diagnostics.beginwipe" Button
    t =    11.00s Waiting 20.0s for "lab.diagnostics.wiperesult" StaticText to exist
    t =    12.04s     Checking `Expect predicate `existsNoRetry == 1` for object "lab.diagnostics.wiperesult" StaticText`
    t =    12.04s         Checking existence of `"lab.diagnostics.wiperesult" StaticText`
    t =    12.06s Tap "lab.diagnostics.beginwipe" Button
    t =    12.06s     Wait for io.godstone.labmesh to idle
    t =    12.06s     Find the "lab.diagnostics.beginwipe" Button
    t =    12.08s     Check for interrupting elements affecting "lab.diagnostics.beginwipe" Button
    t =    12.09s     Synthesize event
    t =    12.38s     Wait for io.godstone.labmesh to idle
    t =    12.39s Find the "lab.diagnostics.wiperesult" StaticText
    t =    12.41s Find the "lab.diagnostics.wiperesult" StaticText
    t =    12.42s Checking existence of `"lab.diagnostics.resumewipe" Button`
    t =    12.43s Find the "lab.diagnostics.resumewipe" Button
    t =    12.46s Checking existence of `ScrollView (First Match)`
    t =    12.47s Swipe up ScrollView (First Match)
    t =    12.47s     Wait for io.godstone.labmesh to idle
    t =    12.47s     Find the ScrollView (First Match)
    t =    12.48s     Check for interrupting elements affecting ScrollView
    t =    12.50s     Synthesize event
    t =    12.94s     Wait for io.godstone.labmesh to idle
    t =    13.38s Find the "lab.diagnostics.resumewipe" Button
    t =    13.40s Tap "lab.diagnostics.resumewipe" Button
    t =    13.40s     Wait for io.godstone.labmesh to idle
    t =    13.41s     Find the "lab.diagnostics.resumewipe" Button
    t =    13.42s     Check for interrupting elements affecting "lab.diagnostics.resumewipe" Button
    t =    13.43s     Synthesize event
    t =    13.72s     Wait for io.godstone.labmesh to idle
    t =    13.73s Waiting 20.0s for "lab.diagnostics.wipeartifacts" StaticText to exist
    t =    14.78s     Checking `Expect predicate `existsNoRetry == 1` for object "lab.diagnostics.wipeartifacts" StaticText`
    t =    14.78s         Checking existence of `"lab.diagnostics.wipeartifacts" StaticText`
    t =    14.80s Find the "lab.diagnostics.wipeartifacts" StaticText
    t =    14.81s Find the "lab.diagnostics.wipeartifacts" StaticText
    t =    14.82s Terminate io.godstone.labmesh:31914
    t =    15.89s Open io.godstone.labmesh
    t =    15.89s     Launch io.godstone.labmesh
2026-10-05 07:30:32.450 xcodebuild[27935:52812459] [MT] IDELaunchParametersSnapshot: debugger version lookup failed for path '<nil>': noURL
2026-10-05 07:30:32.450 xcodebuild[27935:52812459] [MT] IDELaunchParametersSnapshot: no debugger version
    t =    16.10s         Setting up automation session
    t =    16.76s         Wait for io.godstone.labmesh to idle
    t =    18.07s Checking existence of `"lab.tab.diagnostics" Button`
    t =    18.14s Checking existence of `"lab.tab.diagnostics" Button`
    t =    18.31s Checking existence of `"lab.tab.diagnostics" Button`
    t =    18.33s Checking existence of `"lab.tab.diagnostics" Button`
    t =    18.49s Checking existence of `"lab.tab.diagnostics" Button`
    t =    18.52s Waiting 30.0s for "lab.tab.diagnostics" Button to exist
    t =    19.58s     Checking `Expect predicate `existsNoRetry == 1` for object "lab.tab.diagnostics" Button`
    t =    19.58s         Checking existence of `"lab.tab.diagnostics" Button`
    t =    19.61s Tap "lab.tab.diagnostics" Button
    t =    19.61s     Wait for io.godstone.labmesh to idle
    t =    19.61s     Find the "lab.tab.diagnostics" Button
    t =    19.62s     Check for interrupting elements affecting "lab.tab.diagnostics" Button
    t =    19.65s     Synthesize event
    t =    19.94s     Wait for io.godstone.labmesh to idle
    t =    21.23s Waiting 30.0s for "lab.diagnostics.wipestate" StaticText to exist
    t =    22.29s     Checking `Expect predicate `existsNoRetry == 1` for object "lab.diagnostics.wipestate" StaticText`
    t =    22.29s         Checking existence of `"lab.diagnostics.wipestate" StaticText`
    t =    22.30s Find the "lab.diagnostics.wipestate" StaticText
    t =    22.32s Tear Down
Test Case '-[LabMeshUITests.LabMeshUITests testGSINT001TheWipeControlReportsTheRuntimesOwnState]' passed (22.568 seconds).
Test Case '-[LabMeshUITests.LabMeshUITests testGSINT001TypeSelectRecipientAndSendReachesARenderedOutcome]' started.
    t =     0.00s Start Test at 2026-10-05 07:30:39.128
    t =     0.02s Set Up
    t =     0.02s Open io.godstone.labmesh
    t =     0.03s     Launch io.godstone.labmesh
    t =     0.03s         Terminate io.godstone.labmesh:31957
2026-10-05 07:30:40.214 xcodebuild[27935:52812459] [MT] IDELaunchParametersSnapshot: debugger version lookup failed for path '<nil>': noURL
2026-10-05 07:30:40.214 xcodebuild[27935:52812459] [MT] IDELaunchParametersSnapshot: no debugger version
    t =     1.29s         Setting up automation session
    t =     1.94s         Wait for io.godstone.labmesh to idle
    t =     3.26s Checking existence of `"lab.tab.conversation" Button`
    t =     3.32s Checking existence of `"lab.tab.conversation" Button`
    t =     3.49s Checking existence of `"lab.tab.conversation" Button`
    t =     3.50s Checking existence of `"lab.tab.conversation" Button`
    t =     3.68s Checking existence of `"lab.tab.conversation" Button`
    t =     3.69s Checking existence of `"lab.tab.conversation" Button`
    t =     3.71s Waiting 20.0s for "lab.tab.conversation" Button to exist
    t =     4.75s     Checking `Expect predicate `existsNoRetry == 1` for object "lab.tab.conversation" Button`
    t =     4.75s         Checking existence of `"lab.tab.conversation" Button`
    t =     4.78s Tap "lab.tab.conversation" Button
    t =     4.78s     Wait for io.godstone.labmesh to idle
    t =     4.78s     Find the "lab.tab.conversation" Button
    t =     4.80s     Check for interrupting elements affecting "lab.tab.conversation" Button
    t =     4.82s     Synthesize event
    t =     5.11s     Wait for io.godstone.labmesh to idle
    t =     5.86s Waiting 20.0s for "lab.conversation.linkstate" StaticText to exist
    t =     6.89s     Checking `Expect predicate `existsNoRetry == 1` for object "lab.conversation.linkstate" StaticText`
    t =     6.89s         Checking existence of `"lab.conversation.linkstate" StaticText`
    t =     6.92s Checking existence of `"lab.conversation.recipient" Button`
    t =     6.93s Find the "lab.conversation.linkstate" StaticText
    t =     6.95s Tap "lab.conversation.recipient" Button
    t =     6.95s     Wait for io.godstone.labmesh to idle
    t =     6.95s     Find the "lab.conversation.recipient" Button
    t =     6.97s     Check for interrupting elements affecting "lab.conversation.recipient" Button
    t =     6.99s     Synthesize event
    t =     7.28s     Wait for io.godstone.labmesh to idle
    t =     8.41s Waiting 5.0s for "R" Button to exist
    t =     9.47s     Checking `Expect predicate `existsNoRetry == 1` for object "R" Button`
    t =     9.47s         Checking existence of `"R" Button`
    t =     9.52s Tap "R" Button
    t =     9.52s     Wait for io.godstone.labmesh to idle
    t =     9.52s     Find the "R" Button
    t =     9.56s     Check for interrupting elements affecting "R" Button
    t =     9.58s     Synthesize event
    t =     9.86s     Wait for io.godstone.labmesh to idle
    t =    11.28s Find the "lab.conversation.linkstate" StaticText
    t =    11.31s Waiting 20.0s for "lab.conversation.field" TextField to exist
    t =    12.37s     Checking `Expect predicate `existsNoRetry == 1` for object "lab.conversation.field" TextField`
    t =    12.37s         Checking existence of `"lab.conversation.field" TextField`
    t =    12.39s Tap "lab.conversation.field" TextField
    t =    12.39s     Wait for io.godstone.labmesh to idle
    t =    12.40s     Find the "lab.conversation.field" TextField
    t =    12.41s     Check for interrupting elements affecting "lab.conversation.field" TextField
    t =    12.43s     Synthesize event
    t =    12.72s     Wait for io.godstone.labmesh to idle
    t =    12.76s Type 'the mill road is c...' into "lab.conversation.field" TextField
    t =    12.76s     Wait for io.godstone.labmesh to idle
    t =    13.14s     Find the "lab.conversation.field" TextField
    t =    13.18s     Check for interrupting elements affecting "lab.conversation.field" TextField
    t =    13.21s     Synthesize event
    t =    14.18s     Wait for io.godstone.labmesh to idle
    t =    14.19s Checking existence of `"lab.conversation.send" Button`
    t =    14.21s Find the "lab.conversation.send" Button
    t =    14.24s Tap "lab.conversation.send" Button
    t =    14.24s     Wait for io.godstone.labmesh to idle
    t =    14.24s     Find the "lab.conversation.send" Button
    t =    14.27s     Check for interrupting elements affecting "lab.conversation.send" Button
    t =    14.30s     Synthesize event
    t =    14.31s         Scroll element to visible
    t =    14.31s         Find the "lab.conversation.send" Button
    t =    14.34s         Computed hit point {52.25, 318.5} after scrolling to visible
    t =    14.63s     Wait for io.godstone.labmesh to idle
    t =    15.09s Waiting 20.0s for "lab.conversation.outcome" StaticText to exist
    t =    16.15s     Checking `Expect predicate `existsNoRetry == 1` for object "lab.conversation.outcome" StaticText`
    t =    16.15s         Checking existence of `"lab.conversation.outcome" StaticText`
    t =    16.19s Waiting 20.0s for "lab.conversation.admitted" StaticText to exist
    t =    17.25s     Checking `Expect predicate `existsNoRetry == 1` for object "lab.conversation.admitted" StaticText`
    t =    17.25s         Checking existence of `"lab.conversation.admitted" StaticText`
    t =    17.29s Find the "lab.conversation.admitted" StaticText
    t =    17.31s Tap "lab.conversation.send" Button
    t =    17.31s     Wait for io.godstone.labmesh to idle
    t =    17.31s     Find the "lab.conversation.send" Button
    t =    17.34s     Check for interrupting elements affecting "lab.conversation.send" Button
    t =    17.37s     Synthesize event
    t =    17.66s     Wait for io.godstone.labmesh to idle
    t =    17.67s Find the "lab.conversation.admitted" StaticText
    t =    17.70s Checking existence of `"lab.conversation.admitted" StaticText`
    t =    17.72s Waiting 20.0s for "lab.conversation.durable" Any to exist
    t =    18.78s     Checking `Expect predicate `existsNoRetry == 1` for object "lab.conversation.durable" Any`
    t =    18.78s         Checking existence of `"lab.conversation.durable" Any`
    t =    18.81s Waiting 20.0s for "lab.conversation.intent" Any to exist
    t =    19.85s     Checking `Expect predicate `existsNoRetry == 1` for object "lab.conversation.intent" Any`
    t =    19.85s         Checking existence of `"lab.conversation.intent" Any`
    t =    19.88s Find the "lab.conversation.durable" Any
    t =    19.91s Find the "lab.conversation.durable" Other
    t =    19.93s Find the "lab.conversation.outcome" StaticText
    t =    19.96s Tear Down
Test Case '-[LabMeshUITests.LabMeshUITests testGSINT001TypeSelectRecipientAndSendReachesARenderedOutcome]' passed (20.208 seconds).
Test Suite 'LabMeshUITests' failed at 2026-10-05 07:30:59.337.
	 Executed 18 tests, with 1 failure (0 unexpected) in 319.969 (319.978) seconds
Test Suite 'LabMeshUITests.xctest' failed at 2026-10-05 07:30:59.337.
	 Executed 29 tests, with 6 failures (0 unexpected) in 656.673 (656.695) seconds
Test Suite 'All tests' failed at 2026-10-05 07:30:59.338.
	 Executed 29 tests, with 6 failures (0 unexpected) in 656.673 (656.697) seconds
2026-10-05 07:40:59.706 xcodebuild[27935:52846443]  IDETestOperationsObserverDebug: Failure collecting diagnostics from simulator: Timed out after 600.0 seconds while waiting for a response from the invoked process
2026-10-05 07:40:59.802 xcodebuild[27935:52812459] [MT] IDETestOperationsObserverDebug: 1259.726 elapsed -- Testing started completed.
2026-10-05 07:40:59.802 xcodebuild[27935:52812459] [MT] IDETestOperationsObserverDebug: 0.000 sec, +0.000 sec -- start
2026-10-05 07:40:59.803 xcodebuild[27935:52812459] [MT] IDETestOperationsObserverDebug: 1259.726 sec, +1259.726 sec -- end

Test session results, code coverage, and logs:
	/Users/oculus/Library/Developer/Xcode/DerivedData/Godstone-ddgdvyatfumhzibgcshqctgzrzbk/Logs/Test/Test-LabMeshUI-2026.10.05_07-19-54-+0530.xcresult

Failing tests:
	LabMeshAccessibilityUITests.testGSINT001EveryEssentialControlIsReachableLabelledEnabledAndBigEnough()
	LabMeshAccessibilityUITests.testGSINT001TheRosterSurvivesDefaultScaleLTR()
	LabMeshAccessibilityUITests.testGSINT001TheRosterSurvivesDefaultScaleRTL()
	LabMeshAccessibilityUITests.testGSINT001TheRosterSurvivesLargestScaleLTR()
	LabMeshAccessibilityUITests.testGSINT001TheRosterSurvivesLargestScaleRTL()
	LabMeshUITests.testGSINT001TheEssentialRetryControlStandsAndActs()

** TEST FAILED **

Testing started
=== scheme GodstoneArchiveUI ===
Command line invocation:
    /Applications/Xcode.app/Contents/Developer/usr/bin/xcodebuild -project ios/Godstone.xcodeproj -scheme GodstoneArchiveUI -configuration LightDebug -destination "platform=iOS Simulator,name=iPhone 17 Pro Max" CODE_SIGNING_ALLOWED=NO test

Build settings from command line:
    CODE_SIGNING_ALLOWED = NO

Resolve Package Graph


Resolved source packages:
  GodstonePackages: /tmp/board1-rc15-preparatory-46903cd0-xke1sctz/rod-worktrees/wt_IOS-SOS-RETRY-001/ios/Godstone

ComputePackagePrebuildTargetDependencyGraph

Prepare packages

CreateBuildRequest

SendProjectDescription

CreateBuildOperation

ComputeTargetDependencyGraph
note: Building targets in dependency order
note: Target dependency graph (4 targets)
    Target 'GodstoneArchiveUITests' in project 'Godstone'
        ➜ Explicit dependency on target 'Godstone' in project 'Godstone'
    Target 'Godstone' in project 'Godstone'
        ➜ Explicit dependency on target 'GodstoneCore-product' in project 'GodstonePackages'
    Target 'GodstoneCore-product' in project 'GodstonePackages'
        ➜ Explicit dependency on target 'GodstoneCore' in project 'GodstonePackages'
    Target 'GodstoneCore' in project 'GodstonePackages' (no dependencies)

GatherProvisioningInputs

CreateBuildDescription

ClangStatCache /Applications/Xcode.app/Contents/Developer/Toolchains/XcodeDefault.xctoolchain/usr/bin/clang-stat-cache /Applications/Xcode.app/Contents/Developer/Platforms/iPhoneSimulator.platform/Developer/SDKs/iPhoneSimulator27.0.sdk /Users/oculus/Library/Developer/Xcode/DerivedData/SDKStatCaches.noindex/iphonesimulator27.0-24A430-8dc58220667be655e1bcc261a7455254.sdkstatcache
    cd /tmp/board1-rc15-preparatory-46903cd0-xke1sctz/rod-worktrees/wt_IOS-SOS-RETRY-001/ios/Godstone.xcodeproj
    /Applications/Xcode.app/Contents/Developer/Toolchains/XcodeDefault.xctoolchain/usr/bin/clang-stat-cache /Applications/Xcode.app/Contents/Developer/Platforms/iPhoneSimulator.platform/Developer/SDKs/iPhoneSimulator27.0.sdk -o /Users/oculus/Library/Developer/Xcode/DerivedData/SDKStatCaches.noindex/iphonesimulator27.0-24A430-8dc58220667be655e1bcc261a7455254.sdkstatcache

PruneExplicitPrecompiledModules /Users/oculus/Library/Developer/Xcode/DerivedData/Godstone-ddgdvyatfumhzibgcshqctgzrzbk/Build/Intermediates.noindex/ExplicitPrecompiledModules

PruneExplicitPrecompiledModules /Users/oculus/Library/Developer/Xcode/DerivedData/SDKExplicitPrecompiledModules

PruneExplicitPrecompiledModules /Users/oculus/Library/Developer/Xcode/DerivedData/Godstone-ddgdvyatfumhzibgcshqctgzrzbk/Build/Intermediates.noindex/SwiftExplicitPrecompiledModules

2026-10-05 07:41:06.163980+0530 GodstoneArchiveUITests-Runner[35692:52877576] [Default] Running tests...
    t =      nans Interface orientation changed to Portrait
Test Suite 'All tests' started at 2026-10-05 07:41:07.364.
Test Suite 'GodstoneArchiveUITests.xctest' started at 2026-10-05 07:41:07.365.
Test Suite 'GodstoneArchiveUITests' started at 2026-10-05 07:41:07.365.
Test Case '-[GodstoneArchiveUITests.GodstoneArchiveUITests testARCHIVEPROVAMetadataQueryFaultIsToldSanitisedAndEarnethItsRetry]' started.
    t =     0.00s Start Test at 2026-10-05 07:41:07.365
    t =     0.02s Set Up
    t =     0.06s Open io.godstone.app
    t =     0.06s     Launch io.godstone.app
2026-10-05 07:41:07.616 xcodebuild[35662:52877200] [MT] IDELaunchParametersSnapshot: debugger version lookup failed for path '<nil>': noURL
2026-10-05 07:41:07.616 xcodebuild[35662:52877200] [MT] IDELaunchParametersSnapshot: no debugger version
objc[35692]: Class UIAccessibilityLoaderWebShared is implemented in both /Library/Developer/CoreSimulator/Volumes/iOS_23F77/Library/Developer/CoreSimulator/Profiles/Runtimes/iOS 26.5.simruntime/Contents/Resources/RuntimeRoot/System/Library/AccessibilityBundles/WebCore.axbundle/WebCore (0x10a038310) and /Library/Developer/CoreSimulator/Volumes/iOS_23F77/Library/Developer/CoreSimulator/Profiles/Runtimes/iOS 26.5.simruntime/Contents/Resources/RuntimeRoot/System/Library/AccessibilityBundles/WebKit.axbundle/WebKit (0x10948c398). This may cause spurious casting failures and mysterious crashes. One of the duplicates must be removed or renamed.
    t =     0.66s         Setting up automation session
Resolve Package Graph

    t =     1.35s         Wait for io.godstone.app to idle
    t =     2.81s Checking existence of `SearchField (First Match)`
    t =     2.86s Waiting 20.0s for Button (First Match) to exist
    t =     3.93s     Checking `Expect predicate `existsNoRetry == 1` for object Button (First Match)`
    t =     3.93s         Checking existence of `Button (First Match)`
    t =     3.96s Tap Button (First Match)
    t =     3.96s     Wait for io.godstone.app to idle
    t =     3.96s     Find the Button (First Match)
    t =     3.98s     Check for interrupting elements affecting "archive.document.1" Button
    t =     4.00s     Synthesize event
    t =     4.29s     Wait for io.godstone.app to idle
    t =     5.15s Waiting 20.0s for "archive.provenance.error" StaticText to exist
    t =     6.22s     Checking `Expect predicate `existsNoRetry == 1` for object "archive.provenance.error" StaticText`
    t =     6.22s         Checking existence of `"archive.provenance.error" StaticText`
    t =     6.34s Find the "archive.provenance.error" StaticText
    t =     6.36s Waiting 20.0s for StaticText (First Match) to exist
    t =     7.43s     Checking `Expect predicate `existsNoRetry == 1` for object StaticText (First Match)`
    t =     7.43s         Checking existence of `StaticText (First Match)`
    t =     7.45s Checking existence of `"Document is empty" StaticText`
    t =     7.47s Waiting 10.0s for "archive.provenance.retry" Button to exist
    t =     8.54s     Checking `Expect predicate `existsNoRetry == 1` for object "archive.provenance.retry" Button`
    t =     8.54s         Checking existence of `"archive.provenance.retry" Button`
    t =     8.59s Tap "archive.provenance.retry" Button
    t =     8.59s     Wait for io.godstone.app to idle
    t =     8.59s     Find the "archive.provenance.retry" Button
    t =     8.61s     Check for interrupting elements affecting "archive.provenance.retry" Button
    t =     8.62s     Synthesize event
    t =     8.92s     Wait for io.godstone.app to idle
    t =     8.92s Waiting 20.0s for StaticText (First Match) to exist
    t =     9.99s     Checking `Expect predicate `existsNoRetry == 1` for object StaticText (First Match)`
    t =    10.00s         Checking existence of `StaticText (First Match)`
    t =    10.10s Checking existence of `ActivityIndicator (First Match)`
    t =    10.13s Tear Down
Test Case '-[GodstoneArchiveUITests.GodstoneArchiveUITests testARCHIVEPROVAMetadataQueryFaultIsToldSanitisedAndEarnethItsRetry]' passed (10.709 seconds).
Test Case '-[GodstoneArchiveUITests.GodstoneArchiveUITests testARCHIVEPROVAresolvedCitationIsNeverToldAsAWoe]' started.
    t =     0.00s Start Test at 2026-10-05 07:41:18.075
    t =     0.03s Set Up
    t =     0.06s Open io.godstone.app
    t =     0.06s     Launch io.godstone.app
    t =     0.06s         Terminate io.godstone.app:35700
Resolve Package Graph

2026-10-05 07:41:19.222 xcodebuild[35662:52877200] [MT] IDELaunchParametersSnapshot: debugger version lookup failed for path '<nil>': noURL
2026-10-05 07:41:19.222 xcodebuild[35662:52877200] [MT] IDELaunchParametersSnapshot: no debugger version
    t =     1.36s         Setting up automation session
    t =     2.05s         Wait for io.godstone.app to idle
    t =     3.44s Checking existence of `SearchField (First Match)`
    t =     3.54s Waiting 20.0s for Button (First Match) to exist
    t =     4.61s     Checking `Expect predicate `existsNoRetry == 1` for object Button (First Match)`
    t =     4.61s         Checking existence of `Button (First Match)`
    t =     4.65s Tap Button (First Match)
    t =     4.65s     Wait for io.godstone.app to idle
    t =     4.65s     Find the Button (First Match)
    t =     4.68s     Check for interrupting elements affecting "archive.document.1" Button
    t =     4.70s     Synthesize event
    t =     5.00s     Wait for io.godstone.app to idle
    t =     5.89s Waiting 20.0s for StaticText (First Match) to exist
    t =     6.96s     Checking `Expect predicate `existsNoRetry == 1` for object StaticText (First Match)`
    t =     6.96s         Checking existence of `StaticText (First Match)`
    t =     7.01s Waiting 20.0s for "archive.provenance.line" StaticText to exist
    t =     8.09s     Checking `Expect predicate `existsNoRetry == 1` for object "archive.provenance.line" StaticText`
    t =     8.09s         Checking existence of `"archive.provenance.line" StaticText`
    t =     8.12s Checking existence of `"archive.provenance.error" StaticText`
    t =     8.14s Checking existence of `"archive.provenance.retry" Button`
    t =     8.15s Tear Down
Test Case '-[GodstoneArchiveUITests.GodstoneArchiveUITests testARCHIVEPROVAresolvedCitationIsNeverToldAsAWoe]' passed (8.406 seconds).
Test Case '-[GodstoneArchiveUITests.GodstoneArchiveUITests testARCHIVEPROVTheCitationLineRenderethTheDocumentsOwnProvenance]' started.
    t =     0.00s Start Test at 2026-10-05 07:41:26.482
    t =     0.02s Set Up
    t =     0.07s Open io.godstone.app
    t =     0.07s     Launch io.godstone.app
    t =     0.07s         Terminate io.godstone.app:35915
2026-10-05 07:41:27.638 xcodebuild[35662:52877200] [MT] IDELaunchParametersSnapshot: debugger version lookup failed for path '<nil>': noURL
2026-10-05 07:41:27.638 xcodebuild[35662:52877200] [MT] IDELaunchParametersSnapshot: no debugger version
    t =     1.37s         Setting up automation session
    t =     2.07s         Wait for io.godstone.app to idle
    t =     3.49s Checking existence of `SearchField (First Match)`
    t =     3.52s Waiting 20.0s for Button (First Match) to exist
    t =     4.58s     Checking `Expect predicate `existsNoRetry == 1` for object Button (First Match)`
    t =     4.58s         Checking existence of `Button (First Match)`
    t =     4.61s Tap Button (First Match)
    t =     4.61s     Wait for io.godstone.app to idle
    t =     4.61s     Find the Button (First Match)
    t =     4.63s     Check for interrupting elements affecting "archive.document.1" Button
    t =     4.65s     Synthesize event
    t =     4.94s     Wait for io.godstone.app to idle
    t =     5.81s Waiting 20.0s for "archive.provenance.line" StaticText to exist
    t =     6.88s     Checking `Expect predicate `existsNoRetry == 1` for object "archive.provenance.line" StaticText`
    t =     6.88s         Checking existence of `"archive.provenance.line" StaticText`
    t =     6.92s Find the "archive.provenance.line" StaticText
    t =     6.93s Checking existence of `"archive.provenance.error" StaticText`
    t =     6.95s Tear Down
Test Case '-[GodstoneArchiveUITests.GodstoneArchiveUITests testARCHIVEPROVTheCitationLineRenderethTheDocumentsOwnProvenance]' passed (7.173 seconds).
Test Case '-[GodstoneArchiveUITests.GodstoneArchiveUITests testGSA005ANonFirstSearchHitOpensItsOwnDocument]' started.
    t =     0.00s Start Test at 2026-10-05 07:41:33.655
    t =     0.02s Set Up
    t =     0.06s Open io.godstone.app
    t =     0.06s     Launch io.godstone.app
    t =     0.06s         Terminate io.godstone.app:36004
2026-10-05 07:41:34.795 xcodebuild[35662:52877200] [MT] IDELaunchParametersSnapshot: debugger version lookup failed for path '<nil>': noURL
2026-10-05 07:41:34.796 xcodebuild[35662:52877200] [MT] IDELaunchParametersSnapshot: no debugger version
    t =     1.36s         Setting up automation session
    t =     2.01s         Wait for io.godstone.app to idle
    t =     3.40s Checking existence of `SearchField (First Match)`
    t =     3.45s Waiting 20.0s for SearchField (First Match) to exist
    t =     4.50s     Checking `Expect predicate `existsNoRetry == 1` for object SearchField (First Match)`
    t =     4.50s         Checking existence of `SearchField (First Match)`
    t =     4.59s Tap SearchField (First Match)
    t =     4.59s     Wait for io.godstone.app to idle
    t =     4.59s     Find the SearchField (First Match)
    t =     4.62s     Check for interrupting elements affecting "Search every document" SearchField
    t =     4.64s     Synthesize event
    t =     4.93s     Wait for io.godstone.app to idle
    t =     5.84s Waiting 10.0s for Keyboard (First Match) to exist
    t =     6.90s     Checking `Expect predicate `existsNoRetry == 1` for object Keyboard (First Match)`
    t =     6.91s         Checking existence of `Keyboard (First Match)`
    t =     6.92s Type 'bleeding
' into "Search every document" SearchField
    t =     6.92s     Wait for io.godstone.app to idle
    t =     6.93s     Find the "Search every document" SearchField
    t =     6.98s     Check for interrupting elements affecting "Search every document" SearchField
    t =     7.00s     Synthesize event
    t =     7.35s     Wait for io.godstone.app to idle
    t =     7.96s Waiting 20.0s for "archive.search.results" StaticText to exist
    t =     9.01s     Checking `Expect predicate `existsNoRetry == 1` for object "archive.search.results" StaticText`
    t =     9.01s         Checking existence of `"archive.search.results" StaticText`
    t =     9.17s Waiting 20.0s for Button (First Match) to exist
    t =    10.24s     Checking `Expect predicate `existsNoRetry == 1` for object Button (First Match)`
    t =    10.24s         Checking existence of `Button (First Match)`
    t =    10.41s Get number of matches for: Elements matching predicate 'identifier BEGINSWITH "archive.search.hit."'
    t =    10.44s Find the Button (Element at index 1)
    t =    10.46s Tap "archive.search.hit.2" Button
    t =    10.46s     Wait for io.godstone.app to idle
    t =    10.47s     Find the "archive.search.hit.2" Button
    t =    10.49s     Check for interrupting elements affecting "archive.search.hit.2" Button
    t =    10.53s     Synthesize event
    t =    10.82s     Wait for io.godstone.app to idle
    t =    12.66s Waiting 20.0s for NavigationBar (First Match) to exist
    t =    13.71s     Checking `Expect predicate `existsNoRetry == 1` for object NavigationBar (First Match)`
    t =    13.71s         Checking existence of `NavigationBar (First Match)`
    t =    13.73s Find the NavigationBar (First Match)
    t =    13.74s Waiting 20.0s for StaticText (First Match) to exist
    t =    14.78s     Checking `Expect predicate `existsNoRetry == 1` for object StaticText (First Match)`
    t =    14.78s         Checking existence of `StaticText (First Match)`
    t =    14.82s Tear Down
Test Case '-[GodstoneArchiveUITests.GodstoneArchiveUITests testGSA005ANonFirstSearchHitOpensItsOwnDocument]' passed (15.073 seconds).
Test Case '-[GodstoneArchiveUITests.GodstoneArchiveUITests testGSA005AnOpenedDocumentOffersARenderedWayOut]' started.
    t =     0.00s Start Test at 2026-10-05 07:41:48.728
    t =     0.02s Set Up
    t =     0.06s Open io.godstone.app
    t =     0.06s     Launch io.godstone.app
    t =     0.06s         Terminate io.godstone.app:36106
2026-10-05 07:41:49.861 xcodebuild[35662:52877200] [MT] IDELaunchParametersSnapshot: debugger version lookup failed for path '<nil>': noURL
2026-10-05 07:41:49.861 xcodebuild[35662:52877200] [MT] IDELaunchParametersSnapshot: no debugger version
    t =     1.34s         Setting up automation session
    t =     2.00s         Wait for io.godstone.app to idle
    t =     3.37s Checking existence of `SearchField (First Match)`
    t =     3.44s Waiting 20.0s for Any (First Match) to exist
    t =     4.48s     Checking `Expect predicate `existsNoRetry == 1` for object Any (First Match)`
    t =     4.48s         Checking existence of `Any (First Match)`
    t =     4.51s Tap Any (First Match)
    t =     4.51s     Wait for io.godstone.app to idle
    t =     4.51s     Find the Any (First Match)
    t =     4.54s     Check for interrupting elements affecting "archive.document.1" Button
    t =     4.56s     Synthesize event
    t =     4.85s     Wait for io.godstone.app to idle
    t =     5.72s Waiting 20.0s for "archive.back" Button to exist
    t =     6.77s     Checking `Expect predicate `existsNoRetry == 1` for object "archive.back" Button`
    t =     6.77s         Checking existence of `"archive.back" Button`
    t =     6.81s Get number of matches for: Descendants matching type Keyboard
    t =     7.87s Get number of matches for: Descendants matching type Keyboard
    t =     7.90s Waiting 20.0s for "archive.back" Button to exist
    t =     8.94s     Checking `Expect predicate `existsNoRetry == 1` for object "archive.back" Button`
    t =     8.94s         Checking existence of `"archive.back" Button`
    t =     9.02s Tap "archive.back" Button
    t =     9.02s     Wait for io.godstone.app to idle
    t =     9.02s     Find the "archive.back" Button
    t =     9.03s     Check for interrupting elements affecting "archive.back" Button
    t =     9.06s     Synthesize event
    t =     9.35s     Wait for io.godstone.app to idle
    t =     9.70s Waiting 20.0s for Any (First Match) to exist
    t =    10.77s     Checking `Expect predicate `existsNoRetry == 1` for object Any (First Match)`
    t =    10.77s         Checking existence of `Any (First Match)`
    t =    11.01s Tear Down
Test Case '-[GodstoneArchiveUITests.GodstoneArchiveUITests testGSA005AnOpenedDocumentOffersARenderedWayOut]' passed (11.346 seconds).
Test Case '-[GodstoneArchiveUITests.GodstoneArchiveUITests testGSA005BrowseReturnCarriesNoFalseQuery]' started.
    t =     0.00s Start Test at 2026-10-05 07:42:00.075
    t =     0.02s Set Up
    t =     0.06s Open io.godstone.app
    t =     0.06s     Launch io.godstone.app
    t =     0.06s         Terminate io.godstone.app:36256
2026-10-05 07:42:01.225 xcodebuild[35662:52877200] [MT] IDELaunchParametersSnapshot: debugger version lookup failed for path '<nil>': noURL
2026-10-05 07:42:01.225 xcodebuild[35662:52877200] [MT] IDELaunchParametersSnapshot: no debugger version
    t =     1.37s         Setting up automation session
    t =     2.09s         Wait for io.godstone.app to idle
    t =     3.47s Checking existence of `SearchField (First Match)`
    t =     3.52s Waiting 20.0s for Button (First Match) to exist
    t =     4.58s     Checking `Expect predicate `existsNoRetry == 1` for object Button (First Match)`
    t =     4.58s         Checking existence of `Button (First Match)`
    t =     4.61s Tap Button (First Match)
    t =     4.61s     Wait for io.godstone.app to idle
    t =     4.61s     Find the Button (First Match)
    t =     4.64s     Check for interrupting elements affecting "archive.document.1" Button
    t =     4.65s     Synthesize event
    t =     4.94s     Wait for io.godstone.app to idle
    t =     6.81s Waiting 20.0s for "archive.back" Button to exist
    t =     7.86s     Checking `Expect predicate `existsNoRetry == 1` for object "archive.back" Button`
    t =     7.86s         Checking existence of `"archive.back" Button`
    t =     7.89s Tap "archive.back" Button
    t =     7.89s     Wait for io.godstone.app to idle
    t =     7.89s     Find the "archive.back" Button
    t =     7.90s     Check for interrupting elements affecting "archive.back" Button
    t =     7.92s     Synthesize event
    t =     8.21s     Wait for io.godstone.app to idle
    t =     8.56s Waiting 20.0s for Button (First Match) to exist
    t =     9.63s     Checking `Expect predicate `existsNoRetry == 1` for object Button (First Match)`
    t =     9.63s         Checking existence of `Button (First Match)`
    t =     9.66s Checking existence of `SearchField (First Match)`
    t =     9.68s Find the SearchField (First Match)
    t =     9.70s Tear Down
Test Case '-[GodstoneArchiveUITests.GodstoneArchiveUITests testGSA005BrowseReturnCarriesNoFalseQuery]' passed (9.957 seconds).
Test Case '-[GodstoneArchiveUITests.GodstoneArchiveUITests testGSA005DocumentReopensAfterCleanProcessDeath]' started.
    t =     0.00s Start Test at 2026-10-05 07:42:10.032
    t =     0.02s Set Up
    t =     0.06s Open io.godstone.app
    t =     0.06s     Launch io.godstone.app
    t =     0.06s         Terminate io.godstone.app:36341
2026-10-05 07:42:11.162 xcodebuild[35662:52877200] [MT] IDELaunchParametersSnapshot: debugger version lookup failed for path '<nil>': noURL
2026-10-05 07:42:11.162 xcodebuild[35662:52877200] [MT] IDELaunchParametersSnapshot: no debugger version
    t =     1.34s         Setting up automation session
    t =     2.05s         Wait for io.godstone.app to idle
    t =     3.45s Checking existence of `SearchField (First Match)`
    t =     3.51s Waiting 20.0s for Button (First Match) to exist
    t =     4.56s     Checking `Expect predicate `existsNoRetry == 1` for object Button (First Match)`
    t =     4.56s         Checking existence of `Button (First Match)`
    t =     4.61s Tap Button (First Match)
    t =     4.61s     Wait for io.godstone.app to idle
    t =     4.61s     Find the Button (First Match)
    t =     4.65s     Check for interrupting elements affecting "archive.document.1" Button
    t =     4.67s     Synthesize event
    t =     4.96s     Wait for io.godstone.app to idle
    t =     6.87s Waiting 20.0s for StaticText (First Match) to exist
    t =     7.91s     Checking `Expect predicate `existsNoRetry == 1` for object StaticText (First Match)`
    t =     7.91s         Checking existence of `StaticText (First Match)`
    t =     8.10s Get number of matches for: Elements matching predicate 'identifier BEGINSWITH "archive.passage."'
    t =     8.12s Pressing Home button
    t =    11.60s Terminate io.godstone.app:36549
    t =    14.72s Open io.godstone.app
2026-10-05 07:42:24.756 xcodebuild[35662:52877200] [MT] IDELaunchParametersSnapshot: debugger version lookup failed for path '<nil>': noURL
2026-10-05 07:42:24.756 xcodebuild[35662:52877200] [MT] IDELaunchParametersSnapshot: no debugger version
    t =    14.72s     Launch io.godstone.app
    t =    14.93s         Setting up automation session
    t =    15.62s         Wait for io.godstone.app to idle
    t =    17.18s Checking existence of `SearchField (First Match)`
    t =    17.22s Checking existence of `"Archive unavailable" StaticText`
    t =    17.46s Checking existence of `SearchField (First Match)`
    t =    17.48s Checking existence of `"Archive unavailable" StaticText`
    t =    17.70s Checking existence of `SearchField (First Match)`
    t =    17.73s Checking existence of `"Archive unavailable" StaticText`
    t =    17.95s Checking existence of `SearchField (First Match)`
    t =    17.98s Checking existence of `"Archive unavailable" StaticText`
    t =    18.20s Checking existence of `SearchField (First Match)`
    t =    18.23s Checking existence of `"Archive unavailable" StaticText`
    t =    18.45s Checking existence of `SearchField (First Match)`
    t =    18.48s Checking existence of `"Archive unavailable" StaticText`
    t =    18.71s Checking existence of `SearchField (First Match)`
    t =    18.74s Checking existence of `"Archive unavailable" StaticText`
    t =    18.96s Checking existence of `SearchField (First Match)`
    t =    19.01s Checking existence of `"Archive unavailable" StaticText`
    t =    19.23s Checking existence of `SearchField (First Match)`
    t =    19.28s Checking existence of `"Archive unavailable" StaticText`
    t =    19.51s Checking existence of `SearchField (First Match)`
    t =    19.55s Checking existence of `"Archive unavailable" StaticText`
    t =    19.77s Checking existence of `SearchField (First Match)`
    t =    19.80s Checking existence of `"Archive unavailable" StaticText`
    t =    20.03s Checking existence of `SearchField (First Match)`
    t =    20.06s Checking existence of `"Archive unavailable" StaticText`
    t =    20.28s Checking existence of `SearchField (First Match)`
    t =    20.33s Checking existence of `"Archive unavailable" StaticText`
    t =    20.56s Checking existence of `SearchField (First Match)`
    t =    20.58s Checking existence of `"Archive unavailable" StaticText`
    t =    20.80s Checking existence of `SearchField (First Match)`
    t =    20.83s Checking existence of `"Archive unavailable" StaticText`
    t =    21.05s Checking existence of `SearchField (First Match)`
    t =    21.08s Checking existence of `"Archive unavailable" StaticText`
    t =    21.31s Checking existence of `SearchField (First Match)`
    t =    21.34s Checking existence of `"Archive unavailable" StaticText`
    t =    21.56s Checking existence of `SearchField (First Match)`
    t =    21.59s Checking existence of `"Archive unavailable" StaticText`
    t =    21.82s Checking existence of `SearchField (First Match)`
    t =    21.84s Checking existence of `"Archive unavailable" StaticText`
    t =    22.06s Checking existence of `SearchField (First Match)`
    t =    22.09s Checking existence of `"Archive unavailable" StaticText`
    t =    22.31s Checking existence of `SearchField (First Match)`
    t =    22.34s Checking existence of `"Archive unavailable" StaticText`
    t =    22.56s Checking existence of `SearchField (First Match)`
    t =    22.75s Checking existence of `"Archive unavailable" StaticText`
    t =    22.98s Checking existence of `SearchField (First Match)`
    t =    23.01s Checking existence of `"Archive unavailable" StaticText`
    t =    23.23s Checking existence of `SearchField (First Match)`
    t =    23.42s Checking existence of `"Archive unavailable" StaticText`
    t =    23.70s Checking existence of `SearchField (First Match)`
    t =    23.73s Checking existence of `"Archive unavailable" StaticText`
    t =    23.95s Checking existence of `SearchField (First Match)`
    t =    23.98s Checking existence of `"Archive unavailable" StaticText`
    t =    24.21s Checking existence of `SearchField (First Match)`
    t =    24.24s Checking existence of `"Archive unavailable" StaticText`
    t =    24.46s Checking existence of `SearchField (First Match)`
    t =    24.49s Checking existence of `"Archive unavailable" StaticText`
    t =    24.71s Checking existence of `SearchField (First Match)`
    t =    24.75s Checking existence of `"Archive unavailable" StaticText`
    t =    24.96s Checking existence of `SearchField (First Match)`
    t =    24.99s Checking existence of `"Archive unavailable" StaticText`
    t =    25.21s Checking existence of `SearchField (First Match)`
    t =    25.29s Checking existence of `"Archive unavailable" StaticText`
    t =    25.51s Checking existence of `SearchField (First Match)`
    t =    25.54s Checking existence of `"Archive unavailable" StaticText`
    t =    25.76s Checking existence of `SearchField (First Match)`
    t =    25.80s Checking existence of `"Archive unavailable" StaticText`
    t =    26.03s Checking existence of `SearchField (First Match)`
    t =    26.06s Checking existence of `"Archive unavailable" StaticText`
    t =    26.28s Checking existence of `SearchField (First Match)`
    t =    26.37s Checking existence of `"Archive unavailable" StaticText`
    t =    26.59s Checking existence of `SearchField (First Match)`
    t =    26.62s Checking existence of `"Archive unavailable" StaticText`
    t =    26.84s Checking existence of `SearchField (First Match)`
    t =    26.88s Checking existence of `"Archive unavailable" StaticText`
    t =    27.10s Checking existence of `SearchField (First Match)`
    t =    27.15s Checking existence of `"Archive unavailable" StaticText`
    t =    27.38s Checking existence of `SearchField (First Match)`
    t =    27.41s Checking existence of `"Archive unavailable" StaticText`
    t =    27.63s Checking existence of `SearchField (First Match)`
    t =    27.67s Checking existence of `"Archive unavailable" StaticText`
    t =    27.88s Checking existence of `SearchField (First Match)`
    t =    27.91s Checking existence of `"Archive unavailable" StaticText`
    t =    28.13s Checking existence of `SearchField (First Match)`
    t =    28.16s Checking existence of `"Archive unavailable" StaticText`
    t =    28.38s Checking existence of `SearchField (First Match)`
    t =    28.41s Checking existence of `"Archive unavailable" StaticText`
    t =    28.63s Checking existence of `SearchField (First Match)`
    t =    28.67s Checking existence of `"Archive unavailable" StaticText`
    t =    28.88s Checking existence of `SearchField (First Match)`
    t =    28.92s Checking existence of `"Archive unavailable" StaticText`
    t =    29.14s Checking existence of `SearchField (First Match)`
    t =    29.18s Checking existence of `"Archive unavailable" StaticText`
    t =    29.40s Checking existence of `SearchField (First Match)`
    t =    29.43s Checking existence of `"Archive unavailable" StaticText`
    t =    29.65s Checking existence of `SearchField (First Match)`
    t =    29.69s Checking existence of `"Archive unavailable" StaticText`
    t =    29.91s Checking existence of `SearchField (First Match)`
    t =    29.95s Checking existence of `"Archive unavailable" StaticText`
    t =    30.17s Checking existence of `SearchField (First Match)`
    t =    30.26s Checking existence of `"Archive unavailable" StaticText`
    t =    30.48s Checking existence of `SearchField (First Match)`
    t =    30.65s Checking existence of `"Archive unavailable" StaticText`
    t =    30.87s Checking existence of `SearchField (First Match)`
    t =    30.90s Checking existence of `"Archive unavailable" StaticText`
    t =    31.12s Checking existence of `SearchField (First Match)`
    t =    31.27s Checking existence of `"Archive unavailable" StaticText`
    t =    31.48s Checking existence of `SearchField (First Match)`
    t =    31.67s Checking existence of `"Archive unavailable" StaticText`
    t =    31.90s Checking existence of `SearchField (First Match)`
    t =    32.03s Checking existence of `"Archive unavailable" StaticText`
    t =    32.26s Checking existence of `SearchField (First Match)`
    t =    32.36s Checking existence of `"Archive unavailable" StaticText`
    t =    32.57s Checking existence of `SearchField (First Match)`
    t =    32.64s Checking existence of `"Archive unavailable" StaticText`
    t =    32.86s Checking existence of `SearchField (First Match)`
    t =    32.92s Checking existence of `"Archive unavailable" StaticText`
    t =    33.14s Checking existence of `SearchField (First Match)`
    t =    33.20s Checking existence of `"Archive unavailable" StaticText`
    t =    33.43s Checking existence of `SearchField (First Match)`
    t =    33.47s Checking existence of `"Archive unavailable" StaticText`
    t =    33.70s Checking existence of `SearchField (First Match)`
    t =    33.73s Checking existence of `"Archive unavailable" StaticText`
    t =    33.95s Checking existence of `SearchField (First Match)`
    t =    33.99s Checking existence of `"Archive unavailable" StaticText`
    t =    34.21s Checking existence of `SearchField (First Match)`
    t =    34.24s Checking existence of `"Archive unavailable" StaticText`
    t =    34.46s Checking existence of `SearchField (First Match)`
    t =    34.49s Checking existence of `"Archive unavailable" StaticText`
    t =    34.72s Checking existence of `SearchField (First Match)`
    t =    34.75s Checking existence of `"Archive unavailable" StaticText`
    t =    34.96s Checking existence of `SearchField (First Match)`
    t =    35.00s Checking existence of `"Archive unavailable" StaticText`
    t =    35.22s Checking existence of `SearchField (First Match)`
    t =    35.27s Checking existence of `"Archive unavailable" StaticText`
    t =    35.49s Checking existence of `SearchField (First Match)`
    t =    35.52s Checking existence of `"Archive unavailable" StaticText`
    t =    35.73s Checking existence of `SearchField (First Match)`
    t =    35.77s Checking existence of `"Archive unavailable" StaticText`
    t =    35.98s Checking existence of `SearchField (First Match)`
    t =    36.02s Checking existence of `"Archive unavailable" StaticText`
    t =    36.24s Checking existence of `SearchField (First Match)`
    t =    36.28s Checking existence of `"Archive unavailable" StaticText`
    t =    36.50s Checking existence of `SearchField (First Match)`
    t =    36.53s Checking existence of `"Archive unavailable" StaticText`
    t =    36.76s Checking existence of `SearchField (First Match)`
    t =    36.78s Checking existence of `"Archive unavailable" StaticText`
    t =    37.00s Checking existence of `SearchField (First Match)`
    t =    37.03s Checking existence of `"Archive unavailable" StaticText`
    t =    37.25s Checking existence of `SearchField (First Match)`
    t =    37.28s Checking existence of `"Archive unavailable" StaticText`
    t =    37.50s Checking existence of `SearchField (First Match)`
    t =    37.53s Checking existence of `"Archive unavailable" StaticText`
    t =    37.75s Checking existence of `SearchField (First Match)`
    t =    37.79s Checking existence of `"Archive unavailable" StaticText`
    t =    38.01s Checking existence of `SearchField (First Match)`
    t =    38.04s Checking existence of `"Archive unavailable" StaticText`
    t =    38.26s Checking existence of `SearchField (First Match)`
    t =    38.48s Checking existence of `"Archive unavailable" StaticText`
    t =    38.71s Checking existence of `SearchField (First Match)`
    t =    38.74s Checking existence of `"Archive unavailable" StaticText`
    t =    38.97s Checking existence of `SearchField (First Match)`
    t =    39.00s Checking existence of `"Archive unavailable" StaticText`
    t =    39.23s Checking existence of `SearchField (First Match)`
    t =    39.36s Checking existence of `"Archive unavailable" StaticText`
    t =    39.59s Checking existence of `SearchField (First Match)`
    t =    39.62s Checking existence of `"Archive unavailable" StaticText`
    t =    39.85s Checking existence of `SearchField (First Match)`
    t =    39.88s Checking existence of `"Archive unavailable" StaticText`
    t =    40.11s Checking existence of `SearchField (First Match)`
    t =    40.14s Checking existence of `"Archive unavailable" StaticText`
    t =    40.36s Checking existence of `SearchField (First Match)`
    t =    40.39s Checking existence of `"Archive unavailable" StaticText`
    t =    40.61s Checking existence of `SearchField (First Match)`
    t =    40.64s Checking existence of `"Archive unavailable" StaticText`
    t =    40.87s Checking existence of `SearchField (First Match)`
    t =    40.89s Checking existence of `"Archive unavailable" StaticText`
    t =    41.11s Checking existence of `SearchField (First Match)`
    t =    41.29s Checking existence of `"Archive unavailable" StaticText`
    t =    41.51s Checking existence of `SearchField (First Match)`
    t =    41.64s Checking existence of `"Archive unavailable" StaticText`
    t =    41.86s Checking existence of `SearchField (First Match)`
    t =    41.90s Checking existence of `"Archive unavailable" StaticText`
    t =    42.12s Checking existence of `SearchField (First Match)`
    t =    42.37s Checking existence of `"Archive unavailable" StaticText`
    t =    42.59s Checking existence of `SearchField (First Match)`
    t =    42.64s Checking existence of `"Archive unavailable" StaticText`
    t =    42.87s Checking existence of `SearchField (First Match)`
    t =    42.90s Checking existence of `"Archive unavailable" StaticText`
    t =    43.13s Checking existence of `SearchField (First Match)`
    t =    43.16s Checking existence of `"Archive unavailable" StaticText`
    t =    43.39s Checking existence of `SearchField (First Match)`
    t =    43.42s Checking existence of `"Archive unavailable" StaticText`
    t =    43.64s Checking existence of `SearchField (First Match)`
    t =    43.68s Checking existence of `"Archive unavailable" StaticText`
    t =    43.90s Checking existence of `SearchField (First Match)`
    t =    43.93s Checking existence of `"Archive unavailable" StaticText`
    t =    44.15s Checking existence of `SearchField (First Match)`
    t =    44.18s Checking existence of `"Archive unavailable" StaticText`
    t =    44.40s Checking existence of `SearchField (First Match)`
    t =    44.43s Checking existence of `"Archive unavailable" StaticText`
    t =    44.66s Checking existence of `SearchField (First Match)`
    t =    44.77s Checking existence of `"Archive unavailable" StaticText`
    t =    44.99s Checking existence of `SearchField (First Match)`
    t =    45.14s Checking existence of `"Archive unavailable" StaticText`
    t =    45.36s Checking existence of `SearchField (First Match)`
    t =    45.52s Checking existence of `"Archive unavailable" StaticText`
    t =    45.74s Checking existence of `SearchField (First Match)`
    t =    45.78s Checking existence of `"Archive unavailable" StaticText`
    t =    46.00s Checking existence of `SearchField (First Match)`
    t =    46.14s Checking existence of `"Archive unavailable" StaticText`
    t =    46.37s Checking existence of `SearchField (First Match)`
    t =    46.41s Checking existence of `"Archive unavailable" StaticText`
    t =    46.62s Checking existence of `SearchField (First Match)`
    t =    47.01s Checking existence of `"Archive unavailable" StaticText`
    t =    47.25s Waiting 20.0s for StaticText (First Match) to exist
    t =    48.29s     Checking `Expect predicate `existsNoRetry == 1` for object StaticText (First Match)`
    t =    48.29s         Checking existence of `StaticText (First Match)`
    t =    48.32s Tear Down
Test Case '-[GodstoneArchiveUITests.GodstoneArchiveUITests testGSA005DocumentReopensAfterCleanProcessDeath]' passed (48.630 seconds).
Test Case '-[GodstoneArchiveUITests.GodstoneArchiveUITests testGSA005ScrollingRevealsALaterPassage]' started.
    t =     0.00s Start Test at 2026-10-05 07:42:58.662
    t =     0.02s Set Up
    t =     0.06s Open io.godstone.app
    t =     0.06s     Launch io.godstone.app
    t =     0.06s         Terminate io.godstone.app:36709
2026-10-05 07:42:59.771 xcodebuild[35662:52877200] [MT] IDELaunchParametersSnapshot: debugger version lookup failed for path '<nil>': noURL
2026-10-05 07:42:59.771 xcodebuild[35662:52877200] [MT] IDELaunchParametersSnapshot: no debugger version
    t =     1.31s         Setting up automation session
    t =     1.99s         Wait for io.godstone.app to idle
    t =     3.41s Checking existence of `SearchField (First Match)`
    t =     3.47s Waiting 20.0s for Button (First Match) to exist
    t =     4.51s     Checking `Expect predicate `existsNoRetry == 1` for object Button (First Match)`
    t =     4.51s         Checking existence of `Button (First Match)`
    t =     4.54s Tap Button (First Match)
    t =     4.54s     Wait for io.godstone.app to idle
    t =     4.54s     Find the Button (First Match)
    t =     4.56s     Check for interrupting elements affecting "archive.document.1" Button
    t =     4.58s     Synthesize event
    t =     4.87s     Wait for io.godstone.app to idle
    t =     6.75s Waiting 20.0s for StaticText (First Match) to exist
    t =     7.77s     Checking `Expect predicate `existsNoRetry == 1` for object StaticText (First Match)`
    t =     7.77s         Checking existence of `StaticText (First Match)`
    t =     7.81s Get number of matches for: Elements matching predicate 'identifier BEGINSWITH "archive.passage."'
    t =     7.82s Get number of matches for: Elements matching predicate 'identifier BEGINSWITH "archive.passage."'
    t =     7.83s Checking existence of `StaticText (Element at index 9)`
    t =     7.85s Find the StaticText (Element at index 9)
    t =     7.87s Swipe up Target Application 'io.godstone.app'
    t =     7.87s     Wait for io.godstone.app to idle
    t =     7.87s     Find the Target Application 'io.godstone.app'
    t =     7.88s     Check for interrupting elements affecting "Godstone" Application
    t =     7.90s     Synthesize event
    t =     8.32s     Wait for io.godstone.app to idle
    t =    10.46s Checking existence of `"archive.passage.5" StaticText`
    t =    10.48s Find the "archive.passage.5" StaticText
    t =    10.51s Tear Down
Test Case '-[GodstoneArchiveUITests.GodstoneArchiveUITests testGSA005ScrollingRevealsALaterPassage]' passed (10.778 seconds).
Test Case '-[GodstoneArchiveUITests.GodstoneArchiveUITests testGSA005SearchOpenThenBackReturnsToTheSubmittedQuery]' started.
    t =     0.00s Start Test at 2026-10-05 07:43:09.441
    t =     0.02s Set Up
    t =     0.07s Open io.godstone.app
    t =     0.07s     Launch io.godstone.app
    t =     0.07s         Terminate io.godstone.app:37043
2026-10-05 07:43:10.556 xcodebuild[35662:52877200] [MT] IDELaunchParametersSnapshot: debugger version lookup failed for path '<nil>': noURL
2026-10-05 07:43:10.556 xcodebuild[35662:52877200] [MT] IDELaunchParametersSnapshot: no debugger version
    t =     1.32s         Setting up automation session
    t =     2.04s         Wait for io.godstone.app to idle
    t =     3.42s Checking existence of `SearchField (First Match)`
    t =     3.51s Waiting 20.0s for SearchField (First Match) to exist
    t =     4.55s     Checking `Expect predicate `existsNoRetry == 1` for object SearchField (First Match)`
    t =     4.55s         Checking existence of `SearchField (First Match)`
    t =     4.58s Tap SearchField (First Match)
    t =     4.58s     Wait for io.godstone.app to idle
    t =     4.58s     Find the SearchField (First Match)
    t =     4.64s     Check for interrupting elements affecting "Search every document" SearchField
    t =     4.66s     Synthesize event
    t =     4.96s     Wait for io.godstone.app to idle
    t =     5.86s Waiting 10.0s for Keyboard (First Match) to exist
    t =     6.90s     Checking `Expect predicate `existsNoRetry == 1` for object Keyboard (First Match)`
    t =     6.90s         Checking existence of `Keyboard (First Match)`
    t =     6.91s Type 'bleeding
' into "Search every document" SearchField
    t =     6.91s     Wait for io.godstone.app to idle
    t =     6.92s     Find the "Search every document" SearchField
    t =     6.97s     Check for interrupting elements affecting "Search every document" SearchField
    t =     7.00s     Synthesize event
    t =     7.35s     Wait for io.godstone.app to idle
    t =     7.99s Waiting 20.0s for "archive.search.results" StaticText to exist
    t =     9.02s     Checking `Expect predicate `existsNoRetry == 1` for object "archive.search.results" StaticText`
    t =     9.02s         Checking existence of `"archive.search.results" StaticText`
    t =     9.10s Waiting 20.0s for Button (First Match) to exist
    t =    10.13s     Checking `Expect predicate `existsNoRetry == 1` for object Button (First Match)`
    t =    10.13s         Checking existence of `Button (First Match)`
    t =    10.18s Find the Button (First Match)
    t =    10.21s Get number of matches for: Descendants matching type Keyboard
    t =    11.26s Get number of matches for: Descendants matching type Keyboard
    t =    11.30s Tap "archive.search.hit.1" Button
    t =    11.30s     Wait for io.godstone.app to idle
    t =    11.30s     Find the "archive.search.hit.1" Button
    t =    11.34s     Check for interrupting elements affecting "archive.search.hit.1" Button
    t =    11.41s     Synthesize event
    t =    11.72s     Wait for io.godstone.app to idle
    t =    12.56s Waiting 20.0s for "archive.back" Button to exist
    t =    13.60s     Checking `Expect predicate `existsNoRetry == 1` for object "archive.back" Button`
    t =    13.60s         Checking existence of `"archive.back" Button`
    t =    13.64s Get number of matches for: Descendants matching type Keyboard
    t =    14.70s Get number of matches for: Descendants matching type Keyboard
    t =    14.72s Tap "archive.back" Button
    t =    14.72s     Wait for io.godstone.app to idle
    t =    14.73s     Find the "archive.back" Button
    t =    14.74s     Check for interrupting elements affecting "archive.back" Button
    t =    14.76s     Synthesize event
    t =    15.06s     Wait for io.godstone.app to idle
    t =    15.45s Waiting 20.0s for "archive.search.results" StaticText to exist
    t =    16.47s     Checking `Expect predicate `existsNoRetry == 1` for object "archive.search.results" StaticText`
    t =    16.47s         Checking existence of `"archive.search.results" StaticText`
    t =    16.51s Waiting 20.0s for SearchField (First Match) to exist
    t =    17.53s     Checking `Expect predicate `existsNoRetry == 1` for object SearchField (First Match)`
    t =    17.53s         Checking existence of `SearchField (First Match)`
    t =    18.65s Checking `Expect predicate `value == "bleeding"` for object SearchField (First Match)`
    t =    18.65s     Find the SearchField (First Match)
    t =    18.69s Waiting 20.0s for "archive.search.hit.1" Button to exist
    t =    19.75s     Checking `Expect predicate `existsNoRetry == 1` for object "archive.search.hit.1" Button`
    t =    19.75s         Checking existence of `"archive.search.hit.1" Button`
    t =    19.78s Tear Down
Test Case '-[GodstoneArchiveUITests.GodstoneArchiveUITests testGSA005SearchOpenThenBackReturnsToTheSubmittedQuery]' passed (20.064 seconds).
Test Case '-[GodstoneArchiveUITests.GodstoneArchiveUITests testGSFINAL006TheWholeRestorationJourneyInOneSequence]' started.
    t =     0.00s Start Test at 2026-10-05 07:43:29.505
    t =     0.02s Set Up
    t =     0.06s Open io.godstone.app
    t =     0.06s     Launch io.godstone.app
    t =     0.06s         Terminate io.godstone.app:37271
2026-10-05 07:43:30.638 xcodebuild[35662:52877200] [MT] IDELaunchParametersSnapshot: debugger version lookup failed for path '<nil>': noURL
2026-10-05 07:43:30.638 xcodebuild[35662:52877200] [MT] IDELaunchParametersSnapshot: no debugger version
    t =     1.34s         Setting up automation session
    t =     2.04s         Wait for io.godstone.app to idle
    t =     3.40s Checking existence of `SearchField (First Match)`
    t =     3.50s Waiting 20.0s for SearchField (First Match) to exist
    t =     4.53s     Checking `Expect predicate `existsNoRetry == 1` for object SearchField (First Match)`
    t =     4.53s         Checking existence of `SearchField (First Match)`
    t =     4.56s Tap SearchField (First Match)
    t =     4.56s     Wait for io.godstone.app to idle
    t =     4.57s     Find the SearchField (First Match)
    t =     4.59s     Check for interrupting elements affecting "Search every document" SearchField
    t =     4.61s     Synthesize event
    t =     4.90s     Wait for io.godstone.app to idle
    t =     5.74s Waiting 10.0s for Keyboard (First Match) to exist
    t =     6.82s     Checking `Expect predicate `existsNoRetry == 1` for object Keyboard (First Match)`
    t =     6.82s         Checking existence of `Keyboard (First Match)`
    t =     6.84s Type 'bleeding
' into "Search every document" SearchField
    t =     6.84s     Wait for io.godstone.app to idle
    t =     6.84s     Find the "Search every document" SearchField
    t =     6.90s     Check for interrupting elements affecting "Search every document" SearchField
    t =     6.92s     Synthesize event
    t =     7.28s     Wait for io.godstone.app to idle
    t =     7.89s Waiting 20.0s for "archive.search.results" StaticText to exist
    t =     8.96s     Checking `Expect predicate `existsNoRetry == 1` for object "archive.search.results" StaticText`
    t =     8.96s         Checking existence of `"archive.search.results" StaticText`
    t =     9.06s Waiting 20.0s for Button (First Match) to exist
    t =    10.11s     Checking `Expect predicate `existsNoRetry == 1` for object Button (First Match)`
    t =    10.11s         Checking existence of `Button (First Match)`
    t =    10.15s Get number of matches for: Elements matching predicate 'identifier BEGINSWITH "archive.search.hit."'
    t =    10.17s Find the Button (Element at index 1)
    t =    10.19s Get number of matches for: Descendants matching type Keyboard
    t =    11.27s Get number of matches for: Descendants matching type Keyboard
    t =    11.29s Tap "archive.search.hit.2" Button
    t =    11.29s     Wait for io.godstone.app to idle
    t =    11.30s     Find the "archive.search.hit.2" Button
    t =    11.31s     Check for interrupting elements affecting "archive.search.hit.2" Button
    t =    11.33s     Synthesize event
    t =    11.62s     Wait for io.godstone.app to idle
    t =    12.46s Waiting 20.0s for StaticText (First Match) to exist
    t =    13.52s     Checking `Expect predicate `existsNoRetry == 1` for object StaticText (First Match)`
    t =    13.52s         Checking existence of `StaticText (First Match)`
    t =    13.71s Get number of matches for: Elements matching predicate 'identifier BEGINSWITH "archive.passage."'
    t =    13.72s Get number of matches for: Elements matching predicate 'identifier BEGINSWITH "archive.passage."'
    t =    13.74s Find the StaticText (Element at index 9)
    t =    13.76s Checking existence of `"archive.passage.5" StaticText`
    t =    13.77s Find the "archive.passage.5" StaticText
    t =    13.79s Swipe up Target Application 'io.godstone.app'
    t =    13.79s     Wait for io.godstone.app to idle
    t =    13.79s     Find the Target Application 'io.godstone.app'
    t =    13.81s     Check for interrupting elements affecting "Godstone" Application
    t =    13.83s     Synthesize event
    t =    14.26s     Wait for io.godstone.app to idle
    t =    16.55s Checking existence of `"archive.passage.5" StaticText`
    t =    16.57s Find the "archive.passage.5" StaticText
    t =    16.60s Checking existence of `"archive.passage.5" StaticText`
    t =    16.61s Find the "archive.passage.5" StaticText
    t =    16.63s Checking existence of `"archive.passage.5" StaticText`
    t =    16.65s Find the "archive.passage.5" StaticText
    t =    16.67s Checking existence of `"archive.passage.5" StaticText`
    t =    16.69s Find the "archive.passage.5" StaticText
    t =    16.71s Checking existence of `"archive.passage.5" StaticText`
    t =    16.72s Find the "archive.passage.5" StaticText
    t =    16.74s Checking existence of `"archive.passage.5" StaticText`
    t =    16.76s Find the "archive.passage.5" StaticText
    t =    16.78s Checking existence of `"archive.passage.5" StaticText`
    t =    16.79s Find the "archive.passage.5" StaticText
    t =    16.82s Checking existence of `"archive.passage.5" StaticText`
    t =    16.83s Find the "archive.passage.5" StaticText
    t =    16.85s Checking existence of `"archive.passage.5" StaticText`
    t =    16.86s Find the "archive.passage.5" StaticText
    t =    16.88s Checking existence of `"archive.passage.5" StaticText`
    t =    16.90s Find the "archive.passage.5" StaticText
    t =    16.92s Checking existence of `"archive.passage.5" StaticText`
    t =    16.93s Find the "archive.passage.5" StaticText
    t =    16.95s Checking existence of `"archive.passage.5" StaticText`
    t =    16.97s Find the "archive.passage.5" StaticText
    t =    16.99s Pressing Home button
    t =    20.46s Terminate io.godstone.app:37512
    t =    22.59s Open io.godstone.app
    t =    22.59s     Launch io.godstone.app
2026-10-05 07:43:52.091 xcodebuild[35662:52877200] [MT] IDELaunchParametersSnapshot: debugger version lookup failed for path '<nil>': noURL
2026-10-05 07:43:52.091 xcodebuild[35662:52877200] [MT] IDELaunchParametersSnapshot: no debugger version
    t =    22.80s         Setting up automation session
    t =    23.43s         Wait for io.godstone.app to idle
    t =    24.88s Checking existence of `SearchField (First Match)`
    t =    25.34s Checking existence of `"Archive unavailable" StaticText`
    t =    25.58s Checking existence of `SearchField (First Match)`
    t =    25.62s Checking existence of `"Archive unavailable" StaticText`
    t =    25.85s Checking existence of `SearchField (First Match)`
    t =    25.89s Checking existence of `"Archive unavailable" StaticText`
    t =    26.12s Checking existence of `SearchField (First Match)`
    t =    26.15s Checking existence of `"Archive unavailable" StaticText`
    t =    26.38s Checking existence of `SearchField (First Match)`
    t =    26.42s Checking existence of `"Archive unavailable" StaticText`
    t =    26.64s Checking existence of `SearchField (First Match)`
    t =    26.68s Checking existence of `"Archive unavailable" StaticText`
    t =    26.91s Checking existence of `SearchField (First Match)`
    t =    26.95s Checking existence of `"Archive unavailable" StaticText`
    t =    27.20s Checking existence of `SearchField (First Match)`
    t =    27.24s Checking existence of `"Archive unavailable" StaticText`
    t =    27.47s Checking existence of `SearchField (First Match)`
    t =    27.51s Checking existence of `"Archive unavailable" StaticText`
    t =    27.73s Checking existence of `SearchField (First Match)`
    t =    27.88s Checking existence of `"Archive unavailable" StaticText`
    t =    28.10s Checking existence of `SearchField (First Match)`
    t =    28.14s Checking existence of `"Archive unavailable" StaticText`
    t =    28.37s Checking existence of `SearchField (First Match)`
    t =    28.40s Checking existence of `"Archive unavailable" StaticText`
    t =    28.62s Checking existence of `SearchField (First Match)`
    t =    28.65s Checking existence of `"Archive unavailable" StaticText`
    t =    28.87s Checking existence of `SearchField (First Match)`
    t =    28.99s Checking existence of `"Archive unavailable" StaticText`
    t =    29.21s Checking existence of `SearchField (First Match)`
    t =    29.36s Checking existence of `"Archive unavailable" StaticText`
    t =    29.59s Checking existence of `SearchField (First Match)`
    t =    29.73s Checking existence of `"Archive unavailable" StaticText`
    t =    29.95s Checking existence of `SearchField (First Match)`
    t =    29.99s Checking existence of `"Archive unavailable" StaticText`
    t =    30.21s Checking existence of `SearchField (First Match)`
    t =    30.25s Checking existence of `"Archive unavailable" StaticText`
    t =    30.47s Checking existence of `SearchField (First Match)`
    t =    30.50s Checking existence of `"Archive unavailable" StaticText`
    t =    30.72s Checking existence of `SearchField (First Match)`
    t =    30.76s Checking existence of `"Archive unavailable" StaticText`
    t =    30.97s Checking existence of `SearchField (First Match)`
    t =    31.01s Checking existence of `"Archive unavailable" StaticText`
    t =    31.23s Checking existence of `SearchField (First Match)`
    t =    31.26s Checking existence of `"Archive unavailable" StaticText`
    t =    31.47s Checking existence of `SearchField (First Match)`
    t =    31.52s Checking existence of `"Archive unavailable" StaticText`
    t =    31.74s Checking existence of `SearchField (First Match)`
    t =    31.77s Checking existence of `"Archive unavailable" StaticText`
    t =    31.99s Checking existence of `SearchField (First Match)`
    t =    32.04s Checking existence of `"Archive unavailable" StaticText`
    t =    32.26s Checking existence of `SearchField (First Match)`
    t =    32.30s Checking existence of `"Archive unavailable" StaticText`
    t =    32.53s Checking existence of `SearchField (First Match)`
    t =    32.56s Checking existence of `"Archive unavailable" StaticText`
    t =    32.78s Checking existence of `SearchField (First Match)`
    t =    32.80s Checking existence of `"Archive unavailable" StaticText`
    t =    33.02s Checking existence of `SearchField (First Match)`
    t =    33.05s Checking existence of `"Archive unavailable" StaticText`
    t =    33.27s Checking existence of `SearchField (First Match)`
    t =    33.39s Checking existence of `"Archive unavailable" StaticText`
    t =    33.61s Checking existence of `SearchField (First Match)`
    t =    33.74s Checking existence of `"Archive unavailable" StaticText`
    t =    33.96s Checking existence of `SearchField (First Match)`
    t =    34.00s Checking existence of `"Archive unavailable" StaticText`
    t =    34.22s Checking existence of `SearchField (First Match)`
    t =    34.25s Checking existence of `"Archive unavailable" StaticText`
    t =    34.47s Checking existence of `SearchField (First Match)`
    t =    34.50s Checking existence of `"Archive unavailable" StaticText`
    t =    34.72s Checking existence of `SearchField (First Match)`
    t =    34.87s Checking existence of `"Archive unavailable" StaticText`
    t =    35.10s Checking existence of `SearchField (First Match)`
    t =    35.24s Checking existence of `"Archive unavailable" StaticText`
    t =    35.47s Checking existence of `SearchField (First Match)`
    t =    35.62s Checking existence of `"Archive unavailable" StaticText`
    t =    35.85s Checking existence of `SearchField (First Match)`
    t =    35.99s Checking existence of `"Archive unavailable" StaticText`
    t =    36.21s Checking existence of `SearchField (First Match)`
    t =    36.25s Checking existence of `"Archive unavailable" StaticText`
    t =    36.47s Checking existence of `SearchField (First Match)`
    t =    36.51s Checking existence of `"Archive unavailable" StaticText`
    t =    36.73s Checking existence of `SearchField (First Match)`
    t =    36.77s Checking existence of `"Archive unavailable" StaticText`
    t =    36.99s Checking existence of `SearchField (First Match)`
    t =    37.03s Checking existence of `"Archive unavailable" StaticText`
    t =    37.26s Checking existence of `SearchField (First Match)`
    t =    37.30s Checking existence of `"Archive unavailable" StaticText`
    t =    37.52s Checking existence of `SearchField (First Match)`
    t =    37.56s Checking existence of `"Archive unavailable" StaticText`
    t =    37.79s Checking existence of `SearchField (First Match)`
    t =    37.83s Checking existence of `"Archive unavailable" StaticText`
    t =    38.06s Checking existence of `SearchField (First Match)`
    t =    38.09s Checking existence of `"Archive unavailable" StaticText`
    t =    38.31s Checking existence of `SearchField (First Match)`
    t =    38.36s Checking existence of `"Archive unavailable" StaticText`
    t =    38.59s Checking existence of `SearchField (First Match)`
    t =    38.62s Checking existence of `"Archive unavailable" StaticText`
    t =    38.85s Checking existence of `SearchField (First Match)`
    t =    38.87s Checking existence of `"Archive unavailable" StaticText`
    t =    39.09s Checking existence of `SearchField (First Match)`
    t =    39.12s Checking existence of `"Archive unavailable" StaticText`
    t =    39.35s Checking existence of `SearchField (First Match)`
    t =    39.38s Checking existence of `"Archive unavailable" StaticText`
    t =    39.60s Checking existence of `SearchField (First Match)`
    t =    39.63s Checking existence of `"Archive unavailable" StaticText`
    t =    39.84s Checking existence of `SearchField (First Match)`
    t =    39.87s Checking existence of `"Archive unavailable" StaticText`
    t =    40.09s Checking existence of `SearchField (First Match)`
    t =    40.12s Checking existence of `"Archive unavailable" StaticText`
    t =    40.35s Checking existence of `SearchField (First Match)`
    t =    40.38s Checking existence of `"Archive unavailable" StaticText`
    t =    40.60s Checking existence of `SearchField (First Match)`
    t =    40.63s Checking existence of `"Archive unavailable" StaticText`
    t =    40.86s Checking existence of `SearchField (First Match)`
    t =    40.89s Checking existence of `"Archive unavailable" StaticText`
    t =    41.11s Checking existence of `SearchField (First Match)`
    t =    41.15s Checking existence of `"Archive unavailable" StaticText`
    t =    41.37s Checking existence of `SearchField (First Match)`
    t =    41.41s Checking existence of `"Archive unavailable" StaticText`
    t =    41.64s Checking existence of `SearchField (First Match)`
    t =    41.67s Checking existence of `"Archive unavailable" StaticText`
    t =    41.89s Checking existence of `SearchField (First Match)`
    t =    41.93s Checking existence of `"Archive unavailable" StaticText`
    t =    42.16s Checking existence of `SearchField (First Match)`
    t =    42.19s Checking existence of `"Archive unavailable" StaticText`
    t =    42.41s Checking existence of `SearchField (First Match)`
    t =    42.44s Checking existence of `"Archive unavailable" StaticText`
    t =    42.67s Checking existence of `SearchField (First Match)`
    t =    42.70s Checking existence of `"Archive unavailable" StaticText`
    t =    42.92s Checking existence of `SearchField (First Match)`
    t =    42.94s Checking existence of `"Archive unavailable" StaticText`
    t =    43.16s Checking existence of `SearchField (First Match)`
    t =    43.18s Checking existence of `"Archive unavailable" StaticText`
    t =    43.40s Checking existence of `SearchField (First Match)`
    t =    43.43s Checking existence of `"Archive unavailable" StaticText`
    t =    43.65s Checking existence of `SearchField (First Match)`
    t =    43.68s Checking existence of `"Archive unavailable" StaticText`
    t =    43.90s Checking existence of `SearchField (First Match)`
    t =    43.94s Checking existence of `"Archive unavailable" StaticText`
    t =    44.16s Checking existence of `SearchField (First Match)`
    t =    44.19s Checking existence of `"Archive unavailable" StaticText`
    t =    44.41s Checking existence of `SearchField (First Match)`
    t =    44.43s Checking existence of `"Archive unavailable" StaticText`
    t =    44.66s Checking existence of `SearchField (First Match)`
    t =    44.69s Checking existence of `"Archive unavailable" StaticText`
    t =    44.91s Checking existence of `SearchField (First Match)`
    t =    44.95s Checking existence of `"Archive unavailable" StaticText`
    t =    45.17s Checking existence of `SearchField (First Match)`
    t =    45.20s Checking existence of `"Archive unavailable" StaticText`
    t =    45.42s Checking existence of `SearchField (First Match)`
    t =    45.53s Checking existence of `"Archive unavailable" StaticText`
    t =    45.76s Checking existence of `SearchField (First Match)`
    t =    45.82s Checking existence of `"Archive unavailable" StaticText`
    t =    46.04s Checking existence of `SearchField (First Match)`
    t =    46.08s Checking existence of `"Archive unavailable" StaticText`
    t =    46.30s Checking existence of `SearchField (First Match)`
    t =    46.40s Checking existence of `"Archive unavailable" StaticText`
    t =    46.62s Checking existence of `SearchField (First Match)`
    t =    46.75s Checking existence of `"Archive unavailable" StaticText`
    t =    46.98s Checking existence of `SearchField (First Match)`
    t =    47.16s Checking existence of `"Archive unavailable" StaticText`
    t =    47.42s Checking existence of `SearchField (First Match)`
    t =    47.53s Checking existence of `"Archive unavailable" StaticText`
    t =    47.77s Checking existence of `SearchField (First Match)`
    t =    47.86s Checking existence of `"Archive unavailable" StaticText`
    t =    48.09s Checking existence of `SearchField (First Match)`
    t =    48.13s Checking existence of `"Archive unavailable" StaticText`
    t =    48.35s Checking existence of `SearchField (First Match)`
    t =    48.38s Checking existence of `"Archive unavailable" StaticText`
    t =    48.61s Checking existence of `SearchField (First Match)`
    t =    48.64s Checking existence of `"Archive unavailable" StaticText`
    t =    48.86s Checking existence of `SearchField (First Match)`
    t =    48.88s Checking existence of `"Archive unavailable" StaticText`
    t =    49.10s Checking existence of `SearchField (First Match)`
    t =    49.12s Checking existence of `"Archive unavailable" StaticText`
    t =    49.34s Checking existence of `SearchField (First Match)`
    t =    49.37s Checking existence of `"Archive unavailable" StaticText`
    t =    49.59s Checking existence of `SearchField (First Match)`
    t =    49.66s Checking existence of `"Archive unavailable" StaticText`
    t =    49.88s Checking existence of `SearchField (First Match)`
    t =    50.01s Checking existence of `"Archive unavailable" StaticText`
    t =    50.23s Checking existence of `SearchField (First Match)`
    t =    50.39s Checking existence of `"Archive unavailable" StaticText`
    t =    50.61s Checking existence of `SearchField (First Match)`
    t =    50.75s Checking existence of `"Archive unavailable" StaticText`
    t =    50.98s Checking existence of `SearchField (First Match)`
    t =    51.02s Checking existence of `"Archive unavailable" StaticText`
    t =    51.24s Checking existence of `SearchField (First Match)`
    t =    51.39s Checking existence of `"Archive unavailable" StaticText`
    t =    51.60s Checking existence of `SearchField (First Match)`
    t =    51.64s Checking existence of `"Archive unavailable" StaticText`
    t =    51.87s Checking existence of `SearchField (First Match)`
    t =    51.90s Checking existence of `"Archive unavailable" StaticText`
    t =    52.13s Checking existence of `SearchField (First Match)`
    t =    52.17s Checking existence of `"Archive unavailable" StaticText`
    t =    52.39s Checking existence of `SearchField (First Match)`
    t =    52.44s Checking existence of `"Archive unavailable" StaticText`
    t =    52.67s Checking existence of `SearchField (First Match)`
    t =    52.71s Checking existence of `"Archive unavailable" StaticText`
    t =    52.94s Checking existence of `SearchField (First Match)`
    t =    52.97s Checking existence of `"Archive unavailable" StaticText`
    t =    53.20s Checking existence of `SearchField (First Match)`
    t =    53.23s Checking existence of `"Archive unavailable" StaticText`
    t =    53.44s Checking existence of `SearchField (First Match)`
    t =    53.48s Checking existence of `"Archive unavailable" StaticText`
    t =    53.72s Checking existence of `SearchField (First Match)`
    t =    53.75s Checking existence of `"Archive unavailable" StaticText`
    t =    53.98s Checking existence of `SearchField (First Match)`
    t =    54.01s Checking existence of `"Archive unavailable" StaticText`
    t =    54.23s Checking existence of `SearchField (First Match)`
    t =    54.26s Checking existence of `"Archive unavailable" StaticText`
    t =    54.48s Checking existence of `SearchField (First Match)`
    t =    54.51s Checking existence of `"Archive unavailable" StaticText`
    t =    54.73s Checking existence of `SearchField (First Match)`
    t =    54.75s Checking existence of `"Archive unavailable" StaticText`
    t =    54.97s Waiting 20.0s for StaticText (First Match) to exist
    t =    56.02s     Checking `Expect predicate `existsNoRetry == 1` for object StaticText (First Match)`
    t =    56.02s         Checking existence of `StaticText (First Match)`
    t =    56.04s Waiting 20.0s for "archive.passage.5" StaticText to exist
    t =    57.07s     Checking `Expect predicate `existsNoRetry == 1` for object "archive.passage.5" StaticText`
    t =    57.07s         Checking existence of `"archive.passage.5" StaticText`
    t =    57.10s Waiting 20.0s for "archive.back" Button to exist
    t =    58.13s     Checking `Expect predicate `existsNoRetry == 1` for object "archive.back" Button`
    t =    58.13s         Checking existence of `"archive.back" Button`
    t =    58.15s Get number of matches for: Descendants matching type Keyboard
    t =    59.20s Get number of matches for: Descendants matching type Keyboard
    t =    59.21s Tap "archive.back" Button
    t =    59.21s     Wait for io.godstone.app to idle
    t =    59.21s     Find the "archive.back" Button
    t =    59.22s     Check for interrupting elements affecting "archive.back" Button
    t =    59.24s     Synthesize event
    t =    59.53s     Wait for io.godstone.app to idle
    t =    60.37s Checking existence of `Any (First Match)`
    t =    60.50s Find the Any (First Match)
    t =    60.53s Checking existence of `StaticText (First Match)`
    t =    60.60s Waiting 20.0s for "archive.search.results" StaticText to exist
    t =    61.63s     Checking `Expect predicate `existsNoRetry == 1` for object "archive.search.results" StaticText`
    t =    61.63s         Checking existence of `"archive.search.results" StaticText`
    t =    61.67s Waiting 20.0s for "archive.search.hit.2" Button to exist
    t =    62.70s     Checking `Expect predicate `existsNoRetry == 1` for object "archive.search.hit.2" Button`
    t =    62.70s         Checking existence of `"archive.search.hit.2" Button`
    t =    62.73s Tear Down
Test Case '-[GodstoneArchiveUITests.GodstoneArchiveUITests testGSFINAL006TheWholeRestorationJourneyInOneSequence]' passed (63.080 seconds).
Test Case '-[GodstoneArchiveUITests.GodstoneArchiveUITests testGSINT001TheLightRosterSurvivesDefaultScaleLTR]' started.
    t =     0.00s Start Test at 2026-10-05 07:44:32.585
    t =     0.03s Set Up
    t =     0.06s Open io.godstone.app
    t =     0.06s     Launch io.godstone.app
    t =     0.06s         Terminate io.godstone.app:37803
2026-10-05 07:44:33.706 xcodebuild[35662:52877200] [MT] IDELaunchParametersSnapshot: debugger version lookup failed for path '<nil>': noURL
2026-10-05 07:44:33.706 xcodebuild[35662:52877200] [MT] IDELaunchParametersSnapshot: no debugger version
    t =     1.54s         Setting up automation session
    t =     2.20s         Wait for io.godstone.app to idle
    t =     3.63s Waiting 40.0s for SearchField (First Match) to exist
    t =     4.65s     Checking `Expect predicate `existsNoRetry == 1` for object SearchField (First Match)`
    t =     4.65s         Checking existence of `SearchField (First Match)`
    t =     4.71s Get number of matches for: Elements matching predicate 'identifier BEGINSWITH "archive.document."'
    t =     4.73s Get number of matches for: Elements matching predicate 'identifier BEGINSWITH "archive.document."'
    t =     4.74s Checking existence of `Any (Element at index 0)`
    t =     4.75s Find the Any (Element at index 0)
    t =     4.77s Find the "archive.document.1" Button
    t =     4.78s Checking existence of `Any (Element at index 1)`
    t =     4.80s Find the Any (Element at index 1)
    t =     4.81s Find the "archive.document.2" Button
    t =     4.83s Checking existence of `"lab.conversation.send" Any`
    t =     4.90s Checking existence of `"lab.sos.hold" Any`
    t =     4.94s Checking existence of `"lab.sos.cancel" Any`
    t =     4.99s Checking existence of `"lab.sos.retry" Any`
    t =     5.03s Checking existence of `"lab.conversation.recipient" Any`
    t =     5.08s Checking existence of `Any (Element at index 0)`
    t =     5.09s Tap Any (Element at index 0)
    t =     5.09s     Wait for io.godstone.app to idle
    t =     5.09s     Find the Any (Element at index 0)
    t =     5.11s     Check for interrupting elements affecting "archive.document.1" Button
    t =     5.13s     Synthesize event
    t =     5.42s     Wait for io.godstone.app to idle
    t =     6.29s Waiting 25.0s for "archive.back" Button to exist
    t =     7.34s     Checking `Expect predicate `existsNoRetry == 1` for object "archive.back" Button`
    t =     7.34s         Checking existence of `"archive.back" Button`
    t =     7.37s Find the "archive.back" Button
    t =     7.38s Find the "archive.back" Button
    t =     7.39s Checking existence of `"archive.back" Button`
    t =     7.40s Find the "archive.back" Button
    t =     7.42s Tap "archive.back" Button
    t =     7.42s     Wait for io.godstone.app to idle
    t =     7.42s     Find the "archive.back" Button
    t =     7.43s     Check for interrupting elements affecting "archive.back" Button
    t =     7.45s     Synthesize event
    t =     7.74s     Wait for io.godstone.app to idle
    t =     8.08s Waiting 25.0s for Any (First Match) to exist
    t =     9.11s     Checking `Expect predicate `existsNoRetry == 1` for object Any (First Match)`
    t =     9.11s         Checking existence of `Any (First Match)`
    t =     9.14s Tear Down
Test Case '-[GodstoneArchiveUITests.GodstoneArchiveUITests testGSINT001TheLightRosterSurvivesDefaultScaleLTR]' passed (9.371 seconds).
Test Case '-[GodstoneArchiveUITests.GodstoneArchiveUITests testGSINT001TheLightRosterSurvivesDefaultScaleRTL]' started.
    t =     0.00s Start Test at 2026-10-05 07:44:41.957
    t =     0.02s Set Up
    t =     0.05s Open io.godstone.app
    t =     0.06s     Launch io.godstone.app
    t =     0.06s         Terminate io.godstone.app:38231
2026-10-05 07:44:43.062 xcodebuild[35662:52877200] [MT] IDELaunchParametersSnapshot: debugger version lookup failed for path '<nil>': noURL
2026-10-05 07:44:43.062 xcodebuild[35662:52877200] [MT] IDELaunchParametersSnapshot: no debugger version
    t =     1.32s         Setting up automation session
    t =     1.91s         Wait for io.godstone.app to idle
    t =     3.24s Waiting 40.0s for SearchField (First Match) to exist
    t =     4.28s     Checking `Expect predicate `existsNoRetry == 1` for object SearchField (First Match)`
    t =     4.28s         Checking existence of `SearchField (First Match)`
    t =     4.46s Get number of matches for: Elements matching predicate 'identifier BEGINSWITH "archive.document."'
    t =     4.48s Get number of matches for: Elements matching predicate 'identifier BEGINSWITH "archive.document."'
    t =     4.50s Checking existence of `Any (Element at index 0)`
    t =     4.51s Find the Any (Element at index 0)
    t =     4.54s Find the "archive.document.1" Button
    t =     4.55s Checking existence of `Any (Element at index 1)`
    t =     4.63s Find the Any (Element at index 1)
    t =     4.69s Find the "archive.document.2" Button
    t =     4.70s Checking existence of `"lab.conversation.send" Any`
    t =     4.75s Checking existence of `"lab.sos.hold" Any`
    t =     4.81s Checking existence of `"lab.sos.cancel" Any`
    t =     4.86s Checking existence of `"lab.sos.retry" Any`
    t =     4.90s Checking existence of `"lab.conversation.recipient" Any`
    t =     4.95s Checking existence of `Any (Element at index 0)`
    t =     4.97s Tap Any (Element at index 0)
    t =     4.97s     Wait for io.godstone.app to idle
    t =     4.97s     Find the Any (Element at index 0)
    t =     4.98s     Check for interrupting elements affecting "archive.document.1" Button
    t =     5.00s     Synthesize event
    t =     5.29s     Wait for io.godstone.app to idle
    t =     6.18s Waiting 25.0s for "archive.back" Button to exist
    t =     7.21s     Checking `Expect predicate `existsNoRetry == 1` for object "archive.back" Button`
    t =     7.21s         Checking existence of `"archive.back" Button`
    t =     7.23s Find the "archive.back" Button
    t =     7.25s Find the "archive.back" Button
    t =     7.26s Checking existence of `"archive.back" Button`
    t =     7.28s Find the "archive.back" Button
    t =     7.30s Tap "archive.back" Button
    t =     7.30s     Wait for io.godstone.app to idle
    t =     7.30s     Find the "archive.back" Button
    t =     7.32s     Check for interrupting elements affecting "archive.back" Button
    t =     7.34s     Synthesize event
    t =     7.64s     Wait for io.godstone.app to idle
    t =     7.99s Waiting 25.0s for Any (First Match) to exist
    t =     9.01s     Checking `Expect predicate `existsNoRetry == 1` for object Any (First Match)`
    t =     9.01s         Checking existence of `Any (First Match)`
    t =     9.04s Tear Down
Test Case '-[GodstoneArchiveUITests.GodstoneArchiveUITests testGSINT001TheLightRosterSurvivesDefaultScaleRTL]' passed (9.300 seconds).
Test Case '-[GodstoneArchiveUITests.GodstoneArchiveUITests testGSINT001TheLightRosterSurvivesLargestScaleLTR]' started.
    t =     0.00s Start Test at 2026-10-05 07:44:51.257
    t =     0.02s Set Up
    t =     0.06s Open io.godstone.app
    t =     0.06s     Launch io.godstone.app
    t =     0.06s         Terminate io.godstone.app:38334
2026-10-05 07:44:52.346 xcodebuild[35662:52877200] [MT] IDELaunchParametersSnapshot: debugger version lookup failed for path '<nil>': noURL
2026-10-05 07:44:52.346 xcodebuild[35662:52877200] [MT] IDELaunchParametersSnapshot: no debugger version
    t =     1.29s         Setting up automation session
    t =     1.93s         Wait for io.godstone.app to idle
    t =     3.30s Waiting 40.0s for SearchField (First Match) to exist
    t =     4.37s     Checking `Expect predicate `existsNoRetry == 1` for object SearchField (First Match)`
    t =     4.37s         Checking existence of `SearchField (First Match)`
    t =     4.55s Get number of matches for: Elements matching predicate 'identifier BEGINSWITH "archive.document."'
    t =     4.57s Get number of matches for: Elements matching predicate 'identifier BEGINSWITH "archive.document."'
    t =     4.59s Checking existence of `Any (Element at index 0)`
    t =     4.60s Find the Any (Element at index 0)
    t =     4.62s Find the "archive.document.1" Button
    t =     4.64s Checking existence of `Any (Element at index 1)`
    t =     4.66s Find the Any (Element at index 1)
    t =     4.67s Find the "archive.document.2" Button
    t =     4.69s Checking existence of `"lab.conversation.send" Any`
    t =     4.75s Checking existence of `"lab.sos.hold" Any`
    t =     4.80s Checking existence of `"lab.sos.cancel" Any`
    t =     4.89s Checking existence of `"lab.sos.retry" Any`
    t =     4.97s Checking existence of `"lab.conversation.recipient" Any`
    t =     5.03s Tear Down
Test Case '-[GodstoneArchiveUITests.GodstoneArchiveUITests testGSINT001TheLightRosterSurvivesLargestScaleLTR]' passed (5.389 seconds).
Test Case '-[GodstoneArchiveUITests.GodstoneArchiveUITests testGSINT001TheLightRosterSurvivesLargestScaleRTL]' started.
    t =     0.00s Start Test at 2026-10-05 07:44:56.647
    t =     0.03s Set Up
    t =     0.06s Open io.godstone.app
    t =     0.06s     Launch io.godstone.app
    t =     0.06s         Terminate io.godstone.app:38448
2026-10-05 07:44:57.797 xcodebuild[35662:52877200] [MT] IDELaunchParametersSnapshot: debugger version lookup failed for path '<nil>': noURL
2026-10-05 07:44:57.797 xcodebuild[35662:52877200] [MT] IDELaunchParametersSnapshot: no debugger version
    t =     1.37s         Setting up automation session
    t =     2.12s         Wait for io.godstone.app to idle
    t =     3.50s Waiting 40.0s for SearchField (First Match) to exist
    t =     4.57s     Checking `Expect predicate `existsNoRetry == 1` for object SearchField (First Match)`
    t =     4.57s         Checking existence of `SearchField (First Match)`
    t =     4.63s Get number of matches for: Elements matching predicate 'identifier BEGINSWITH "archive.document."'
    t =     4.65s Get number of matches for: Elements matching predicate 'identifier BEGINSWITH "archive.document."'
    t =     4.66s Checking existence of `Any (Element at index 0)`
    t =     4.68s Find the Any (Element at index 0)
    t =     4.70s Find the "archive.document.1" Button
    t =     4.71s Checking existence of `Any (Element at index 1)`
    t =     4.72s Find the Any (Element at index 1)
    t =     4.74s Find the "archive.document.2" Button
    t =     4.75s Checking existence of `"lab.conversation.send" Any`
    t =     4.81s Checking existence of `"lab.sos.hold" Any`
    t =     4.86s Checking existence of `"lab.sos.cancel" Any`
    t =     4.91s Checking existence of `"lab.sos.retry" Any`
    t =     4.96s Checking existence of `"lab.conversation.recipient" Any`
    t =     5.01s Tear Down
Test Case '-[GodstoneArchiveUITests.GodstoneArchiveUITests testGSINT001TheLightRosterSurvivesLargestScaleRTL]' passed (5.233 seconds).
Test Suite 'GodstoneArchiveUITests' passed at 2026-10-05 07:45:01.880.
	 Executed 14 tests, with 0 failures (0 unexpected) in 234.508 (234.515) seconds
Test Suite 'GodstoneArchiveUITests.xctest' passed at 2026-10-05 07:45:01.880.
	 Executed 14 tests, with 0 failures (0 unexpected) in 234.508 (234.516) seconds
Test Suite 'All tests' passed at 2026-10-05 07:45:01.881.
	 Executed 14 tests, with 0 failures (0 unexpected) in 234.508 (234.517) seconds
2026-10-05 07:45:02.198 xcodebuild[35662:52877200] [MT] IDETestOperationsObserverDebug: 237.007 elapsed -- Testing started completed.
2026-10-05 07:45:02.198 xcodebuild[35662:52877200] [MT] IDETestOperationsObserverDebug: 0.000 sec, +0.000 sec -- start
2026-10-05 07:45:02.198 xcodebuild[35662:52877200] [MT] IDETestOperationsObserverDebug: 237.007 sec, +237.007 sec -- end

Test session results, code coverage, and logs:
	/Users/oculus/Library/Developer/Xcode/DerivedData/Godstone-ddgdvyatfumhzibgcshqctgzrzbk/Logs/Test/Test-GodstoneArchiveUI-2026.10.05_07-41-03-+0530.xcresult

** TEST SUCCEEDED **

Testing started
