⚙️  Generating plists...
⚙️  Generating project...
⚙️  Writing project...
Created project at /tmp/board1-rc15-preparatory-46903cd0-xke1sctz/rod-worktrees/wt_IOS-WIPE-UX-002/ios/Godstone.xcodeproj
iOS UI lane: attempted=2 launched=2 raw-rc=0 log=ios-ui-lane.log digest=6428ac1eecdb7b21…
  (*the raw xcodebuild status is EVIDENCE; the verdict comes from `ci/check_lane_results.py`*)

sqlcipher_stage=/var/folders/bg/pd6rztd92f73y6f73sbxdkdc0000gn/T//board1-sqlcipher-ios-simulator
=== scheme LabMeshUI ===
Command line invocation:
    /Applications/Xcode.app/Contents/Developer/usr/bin/xcodebuild -project ios/Godstone.xcodeproj -scheme LabMeshUI -configuration LightDebug -destination "platform=iOS Simulator,name=iPhone 17 Pro Max" CODE_SIGNING_ALLOWED=NO test

Build settings from command line:
    CODE_SIGNING_ALLOWED = NO

Resolve Package Graph


Resolved source packages:
  GodstonePackages: /tmp/board1-rc15-preparatory-46903cd0-xke1sctz/rod-worktrees/wt_IOS-WIPE-UX-002/ios/Godstone

ComputePackagePrebuildTargetDependencyGraph

Prepare packages

CreateBuildRequest

SendProjectDescription

CreateBuildOperation

ComputeTargetDependencyGraph
note: Building targets in dependency order
note: Target dependency graph (6 targets)
    Target 'LabMeshUITests' in project 'Godstone'
        ➜ Explicit dependency on target 'LabMesh' in project 'Godstone'
    Target 'LabMesh' in project 'Godstone'
        ➜ Explicit dependency on target 'GodstoneMesh-product' in project 'GodstonePackages'
        ➜ Explicit dependency on target 'GodstoneCore-product' in project 'GodstonePackages'
    Target 'GodstoneCore-product' in project 'GodstonePackages'
        ➜ Explicit dependency on target 'GodstoneCore' in project 'GodstonePackages'
    Target 'GodstoneMesh-product' in project 'GodstonePackages'
        ➜ Explicit dependency on target 'GodstoneMesh' in project 'GodstonePackages'
        ➜ Explicit dependency on target 'GodstoneCore' in project 'GodstonePackages'
    Target 'GodstoneMesh' in project 'GodstonePackages'
        ➜ Explicit dependency on target 'GodstoneCore' in project 'GodstonePackages'
    Target 'GodstoneCore' in project 'GodstonePackages' (no dependencies)

GatherProvisioningInputs

CreateBuildDescription

ClangStatCache /Applications/Xcode.app/Contents/Developer/Toolchains/XcodeDefault.xctoolchain/usr/bin/clang-stat-cache /Applications/Xcode.app/Contents/Developer/Platforms/iPhoneSimulator.platform/Developer/SDKs/iPhoneSimulator27.0.sdk /Users/oculus/Library/Developer/Xcode/DerivedData/SDKStatCaches.noindex/iphonesimulator27.0-24A430-8dc58220667be655e1bcc261a7455254.sdkstatcache
    cd /tmp/board1-rc15-preparatory-46903cd0-xke1sctz/rod-worktrees/wt_IOS-WIPE-UX-002/ios/Godstone.xcodeproj
    /Applications/Xcode.app/Contents/Developer/Toolchains/XcodeDefault.xctoolchain/usr/bin/clang-stat-cache /Applications/Xcode.app/Contents/Developer/Platforms/iPhoneSimulator.platform/Developer/SDKs/iPhoneSimulator27.0.sdk -o /Users/oculus/Library/Developer/Xcode/DerivedData/SDKStatCaches.noindex/iphonesimulator27.0-24A430-8dc58220667be655e1bcc261a7455254.sdkstatcache

SwiftDriver GodstoneMesh normal arm64 com.apple.xcode.tools.swift.compiler (in target 'GodstoneMesh' from project 'GodstonePackages')
    cd /tmp/board1-rc15-preparatory-46903cd0-xke1sctz/rod-worktrees/wt_IOS-WIPE-UX-002/ios/Godstone.xcodeproj
    builtin-SwiftDriver -- /Applications/Xcode.app/Contents/Developer/Toolchains/XcodeDefault.xctoolchain/usr/bin/swiftc -parse-as-library -module-name GodstoneMesh -Onone @/Users/oculus/Library/Developer/Xcode/DerivedData/Godstone-dwsupgxygdsnqugzqfrqouqbblve/Build/Intermediates.noindex/GodstonePackages.build/LightDebug-iphonesimulator/GodstoneMesh-t.build/Objects-normal/arm64/GodstoneMesh.SwiftFileList -DSWIFT_PACKAGE -DDEBUG -DSWIFT_MODULE_RESOURCE_BUNDLE_UNAVAILABLE -DXcode -plugin-path /Applications/Xcode.app/Contents/Developer/Toolchains/XcodeDefault.xctoolchain/usr/lib/swift/host/plugins/testing -enable-experimental-feature DebugDescriptionMacro -sdk /Applications/Xcode.app/Contents/Developer/Platforms/iPhoneSimulator.platform/Developer/SDKs/iPhoneSimulator27.0.sdk -target arm64-apple-ios16.0-simulator -g -module-cache-path /Users/oculus/Library/Developer/Xcode/DerivedData/ModuleCache.noindex -Xfrontend -serialize-debugging-options -enable-testing -index-store-path /Users/oculus/Library/Developer/Xcode/DerivedData/Godstone-dwsupgxygdsnqugzqfrqouqbblve/Index.noindex/DataStore -Xcc -D_LIBCPP_HARDENING_MODE\=_LIBCPP_HARDENING_MODE_DEBUG -swift-version 5 -I /Users/oculus/Library/Developer/Xcode/DerivedData/Godstone-dwsupgxygdsnqugzqfrqouqbblve/Build/Products/LightDebug-iphonesimulator -Isystem /Applications/Xcode.app/Contents/Developer/Platforms/iPhoneSimulator.platform/Developer/usr/lib -F /Users/oculus/Library/Developer/Xcode/DerivedData/Godstone-dwsupgxygdsnqugzqfrqouqbblve/Build/Products/LightDebug-iphonesimulator/PackageFrameworks -F /Users/oculus/Library/Developer/Xcode/DerivedData/Godstone-dwsupgxygdsnqugzqfrqouqbblve/Build/Products/LightDebug-iphonesimulator -F /Applications/Xcode.app/Contents/Developer/Platforms/iPhoneSimulator.platform/Developer/Library/Frameworks -F /Applications/Xcode.app/Contents/Developer/Platforms/iPhoneSimulator.platform/Developer/SDKs/iPhoneSimulator27.0.sdk/Developer/Library/Frameworks -c -j10 -enable-batch-mode -incremental -Xcc -ivfsstatcache -Xcc /Users/oculus/Library/Developer/Xcode/DerivedData/SDKStatCaches.noindex/iphonesimulator27.0-24A430-8dc58220667be655e1bcc261a7455254.sdkstatcache -output-file-map /Users/oculus/Library/Developer/Xcode/DerivedData/Godstone-dwsupgxygdsnqugzqfrqouqbblve/Build/Intermediates.noindex/GodstonePackages.build/LightDebug-iphonesimulator/GodstoneMesh-t.build/Objects-normal/arm64/GodstoneMesh-OutputFileMap.json -save-temps -no-color-diagnostics -explicit-module-build -module-cache-path /Users/oculus/Library/Developer/Xcode/DerivedData/Godstone-dwsupgxygdsnqugzqfrqouqbblve/Build/Intermediates.noindex/SwiftExplicitPrecompiledModules -clang-scanner-module-cache-path /Users/oculus/Library/Developer/Xcode/DerivedData/ModuleCache.noindex -sdk-module-cache-path /Users/oculus/Library/Developer/Xcode/DerivedData/SDKExplicitPrecompiledModules -emit-dependencies -emit-module -emit-module-path /Users/oculus/Library/Developer/Xcode/DerivedData/Godstone-dwsupgxygdsnqugzqfrqouqbblve/Build/Intermediates.noindex/GodstonePackages.build/LightDebug-iphonesimulator/GodstoneMesh-t.build/Objects-normal/arm64/GodstoneMesh.swiftmodule -serialize-diagnostics -dependency-scan-serialize-diagnostics-path /Users/oculus/Library/Developer/Xcode/DerivedData/Godstone-dwsupgxygdsnqugzqfrqouqbblve/Build/Intermediates.noindex/GodstonePackages.build/LightDebug-iphonesimulator/GodstoneMesh-t.build/Objects-normal/arm64/GodstoneMesh-dependency-scan.dia -validate-clang-modules-once -clang-build-session-file /Users/oculus/Library/Developer/Xcode/DerivedData/ModuleCache.noindex/Session.modulevalidation -Xcc -fmodules-prune-interval\=86400 -Xcc -fmodules-prune-after\=345600 -package-name godstone -emit-const-values -const-gather-protocols-list /Users/oculus/Library/Developer/Xcode/DerivedData/Godstone-dwsupgxygdsnqugzqfrqouqbblve/Build/Intermediates.noindex/GodstonePackages.build/LightDebug-iphonesimulator/GodstoneMesh-t.build/Objects-normal/arm64/GodstoneMesh_const_extract_protocols.json -Xcc -I/Users/oculus/Library/Developer/Xcode/DerivedData/Godstone-dwsupgxygdsnqugzqfrqouqbblve/Build/Products/LightDebug-iphonesimulator/include -Xcc -I/Users/oculus/Library/Developer/Xcode/DerivedData/Godstone-dwsupgxygdsnqugzqfrqouqbblve/Build/Intermediates.noindex/GodstonePackages.build/LightDebug-iphonesimulator/GodstoneMesh-t.build/DerivedSources-normal/arm64 -Xcc -I/Users/oculus/Library/Developer/Xcode/DerivedData/Godstone-dwsupgxygdsnqugzqfrqouqbblve/Build/Intermediates.noindex/GodstonePackages.build/LightDebug-iphonesimulator/GodstoneMesh-t.build/DerivedSources/arm64 -Xcc -I/Users/oculus/Library/Developer/Xcode/DerivedData/Godstone-dwsupgxygdsnqugzqfrqouqbblve/Build/Intermediates.noindex/GodstonePackages.build/LightDebug-iphonesimulator/GodstoneMesh-t.build/DerivedSources -Xcc -DSWIFT_PACKAGE -Xcc -DDEBUG\=1 -emit-objc-header -emit-objc-header-path /Users/oculus/Library/Developer/Xcode/DerivedData/Godstone-dwsupgxygdsnqugzqfrqouqbblve/Build/Intermediates.noindex/GodstonePackages.build/LightDebug-iphonesimulator/GodstoneMesh-t.build/Objects-normal/arm64/GodstoneMesh-Swift.h -working-directory /tmp/board1-rc15-preparatory-46903cd0-xke1sctz/rod-worktrees/wt_IOS-WIPE-UX-002/ios/Godstone.xcodeproj -experimental-emit-module-separately -disable-cmo

SwiftCompile normal arm64 Compiling\ SQLCipherTrustedExpectation.swift /private/tmp/board1-rc15-preparatory-46903cd0-xke1sctz/rod-worktrees/wt_IOS-WIPE-UX-002/ios/Godstone/Sources/GodstoneMesh/SQLCipherTrustedExpectation.swift (in target 'GodstoneMesh' from project 'GodstonePackages')

SwiftCompile normal arm64 /private/tmp/board1-rc15-preparatory-46903cd0-xke1sctz/rod-worktrees/wt_IOS-WIPE-UX-002/ios/Godstone/Sources/GodstoneMesh/SQLCipherTrustedExpectation.swift (in target 'GodstoneMesh' from project 'GodstonePackages')
    cd /tmp/board1-rc15-preparatory-46903cd0-xke1sctz/rod-worktrees/wt_IOS-WIPE-UX-002/ios/Godstone.xcodeproj
    builtin-SwiftPerFileCompile SQLCipherTrustedExpectation.swift

SwiftEmitModule normal arm64 Emitting\ module\ for\ GodstoneMesh (in target 'GodstoneMesh' from project 'GodstonePackages')
/private/tmp/board1-rc15-preparatory-46903cd0-xke1sctz/rod-worktrees/wt_IOS-WIPE-UX-002/ios/Godstone/Sources/GodstoneMesh/BleTransport.swift:8:16: warning: stored property 'peripheral' of 'Sendable'-conforming struct 'OutboundPhysicalLifetime' contains non-Sendable type 'CBPeripheral'; this is an error in the Swift 6 language mode
   6 |     public let relationKey: RelationKey
   7 |     public let transportEpoch: UInt64
   8 |     public let peripheral: CBPeripheral?
     |                `- warning: stored property 'peripheral' of 'Sendable'-conforming struct 'OutboundPhysicalLifetime' contains non-Sendable type 'CBPeripheral'; this is an error in the Swift 6 language mode
   9 | 
  10 |     public init(relationKey: RelationKey, transportEpoch: UInt64, peripheral: CBPeripheral? = nil) {

/Applications/Xcode.app/Contents/Developer/Platforms/iPhoneSimulator.platform/Developer/SDKs/iPhoneSimulator27.0.sdk/System/Library/Frameworks/CoreBluetooth.framework/Headers/CBPeripheral.h:66:28: note: class 'CBPeripheral' does not conform to the 'Sendable' protocol
 64 |  */
 65 | NS_CLASS_AVAILABLE(10_7, 5_0)
 66 | CB_EXTERN_CLASS @interface CBPeripheral : CBPeer
    |                            `- note: class 'CBPeripheral' does not conform to the 'Sendable' protocol
 67 | 
 68 | /*!

/private/tmp/board1-rc15-preparatory-46903cd0-xke1sctz/rod-worktrees/wt_IOS-WIPE-UX-002/ios/Godstone/Sources/GodstoneMesh/BleTransport.swift:2:1: warning: add '@preconcurrency' to suppress 'Sendable'-related warnings from module 'CoreBluetooth' [#AddPreconcurrencyImport]
   1 | import Foundation
   2 | import CoreBluetooth
     | `- warning: add '@preconcurrency' to suppress 'Sendable'-related warnings from module 'CoreBluetooth' [#AddPreconcurrencyImport]
   3 | import GodstoneCore
   4 | 

/private/tmp/board1-rc15-preparatory-46903cd0-xke1sctz/rod-worktrees/wt_IOS-WIPE-UX-002/ios/Godstone/Sources/GodstoneMesh/BleTransport.swift:32:16: warning: stored property 'characteristicUuid' of 'Sendable'-conforming struct 'InboxSubscription' has non-Sendable type 'CBUUID'; this is an error in the Swift 6 language mode
  30 | /// subscription. Presented by the subscribe callback, held with the lease.
  31 | public struct InboxSubscription: Equatable, Sendable {
  32 |     public let characteristicUuid: CBUUID
     |                `- warning: stored property 'characteristicUuid' of 'Sendable'-conforming struct 'InboxSubscription' has non-Sendable type 'CBUUID'; this is an error in the Swift 6 language mode
  33 |     public let maxUpdateLength: Int
  34 | 

/Applications/Xcode.app/Contents/Developer/Platforms/iPhoneSimulator.platform/Developer/SDKs/iPhoneSimulator27.0.sdk/System/Library/Frameworks/CoreBluetooth.framework/Headers/CBUUID.h:85:28: note: class 'CBUUID' does not conform to the 'Sendable' protocol
 83 |  */
 84 | NS_CLASS_AVAILABLE(10_7, 5_0)
 85 | CB_EXTERN_CLASS @interface CBUUID : NSObject <NSCopying>
    |                            `- note: class 'CBUUID' does not conform to the 'Sendable' protocol
 86 | 
 87 | /*!

/private/tmp/board1-rc15-preparatory-46903cd0-xke1sctz/rod-worktrees/wt_IOS-WIPE-UX-002/ios/Godstone/Sources/GodstoneMesh/BleTransport.swift:48:16: warning: stored property 'retainedCentral' of 'Sendable'-conforming struct 'InboundSubscriptionLifetime' contains non-Sendable type 'CBCentral'; this is an error in the Swift 6 language mode
  46 |     /// this handle - never through a fresh lookup of the subscriber list,
  47 |     /// which a reused identity could have renewed in the meantime.
  48 |     public let retainedCentral: CBCentral?
     |                `- warning: stored property 'retainedCentral' of 'Sendable'-conforming struct 'InboundSubscriptionLifetime' contains non-Sendable type 'CBCentral'; this is an error in the Swift 6 language mode
  49 |     /// The inbox subscription this lease stands for, as presented by the
  50 |     /// callback; nil while the subscription was not distinguishable.

/Applications/Xcode.app/Contents/Developer/Platforms/iPhoneSimulator.platform/Developer/SDKs/iPhoneSimulator27.0.sdk/System/Library/Frameworks/CoreBluetooth.framework/Headers/CBCentral.h:28:28: note: class 'CBCentral' does not conform to the 'Sendable' protocol
26 |  */
27 | NS_CLASS_AVAILABLE(10_9, 6_0)
28 | CB_EXTERN_CLASS @interface CBCentral : CBPeer
   |                            `- note: class 'CBCentral' does not conform to the 'Sendable' protocol
29 | 
30 | /*!

/private/tmp/board1-rc15-preparatory-46903cd0-xke1sctz/rod-worktrees/wt_IOS-WIPE-UX-002/ios/Godstone/Sources/GodstoneMesh/BleTransport.swift:123:5: warning: 'public' modifier is redundant for property declared in a public extension
 121 | 
 122 | public extension TransportManagerFactory {
 123 |     public var admissionBudgetOverride: Int? { return nil }
     |     `- warning: 'public' modifier is redundant for property declared in a public extension
 124 | }
 125 | 

/private/tmp/board1-rc15-preparatory-46903cd0-xke1sctz/rod-worktrees/wt_IOS-WIPE-UX-002/ios/Godstone/Sources/GodstoneMesh/BleTransport.swift:550:9: warning: stored property 'timer' of 'Sendable'-conforming struct 'TimerLease' has non-Sendable type 'Timer'; this is an error in the Swift 6 language mode
 548 |     public let deadlineUptimeMillis: UInt64
 549 |     public let handle: TimerKey
 550 |     let timer: Timer
     |         `- warning: stored property 'timer' of 'Sendable'-conforming struct 'TimerLease' has non-Sendable type 'Timer'; this is an error in the Swift 6 language mode
 551 |     let context: ManagerContext?
 552 | 

/Applications/Xcode.app/Contents/Developer/Platforms/iPhoneSimulator.platform/Developer/SDKs/iPhoneSimulator27.0.sdk/System/Library/Frameworks/Foundation.framework/Headers/NSTimer.h:45:12: note: class 'Timer' does not conform to the 'Sendable' protocol
 43 | ///
 44 | /// Do not subclass ``Timer``.
 45 | @interface NSTimer : NSObject
    |            `- note: class 'Timer' does not conform to the 'Sendable' protocol
 46 | 
 47 | /// Initializes a timer object with the specified invocation object.

/private/tmp/board1-rc15-preparatory-46903cd0-xke1sctz/rod-worktrees/wt_IOS-WIPE-UX-002/ios/Godstone/Sources/GodstoneMesh/BoundRecipientKeyResolver.swift:11:1: warning: conformance to 'Sendable' must occur in the same source file as class 'PeerIdentityRepository'; use '@unchecked Sendable' for retroactive conformance; this is an error in the Swift 6 language mode
 9 | }
10 | 
11 | extension PeerIdentityRepository: PeerIdentityLookupSource {}
   | `- warning: conformance to 'Sendable' must occur in the same source file as class 'PeerIdentityRepository'; use '@unchecked Sendable' for retroactive conformance; this is an error in the Swift 6 language mode
12 | 
13 | /// Read-only durable peer-identity -> ACK signing-key resolver (ADR-003, Phase C8.3).

/private/tmp/board1-rc15-preparatory-46903cd0-xke1sctz/rod-worktrees/wt_IOS-WIPE-UX-002/ios/Godstone/Sources/GodstoneMesh/PeerIdentityRepository.swift:114:17: warning: stored property 'store' of 'Sendable'-conforming class 'PeerIdentityRepository' has non-Sendable type 'any PeerIdentityStore'; this is an error in the Swift 6 language mode
112 | /// and post-mutation readback verification (ADR-003, Phase C8.2B).
113 | internal final class PeerIdentityRepository {
114 |     private let store: PeerIdentityStore
    |                 `- warning: stored property 'store' of 'Sendable'-conforming class 'PeerIdentityRepository' has non-Sendable type 'any PeerIdentityStore'; this is an error in the Swift 6 language mode
115 | 
116 |     init(store: PeerIdentityStore) {

/private/tmp/board1-rc15-preparatory-46903cd0-xke1sctz/rod-worktrees/wt_IOS-WIPE-UX-002/ios/Godstone/Sources/GodstoneMesh/PeerIdentityStore.swift:223:19: note: protocol 'PeerIdentityStore' does not conform to the 'Sendable' protocol
 221 | 
 222 | /// Storage protocol for peer identity repository backend (ADR-003, Phase C8.2B).
 223 | internal protocol PeerIdentityStore: AnyObject {
     |                   `- note: protocol 'PeerIdentityStore' does not conform to the 'Sendable' protocol
 224 |     func inImmediateTransaction<T>(_ block: (PeerIdentityStore) throws -> T) throws -> T
 225 | 

/private/tmp/board1-rc15-preparatory-46903cd0-xke1sctz/rod-worktrees/wt_IOS-WIPE-UX-002/ios/Godstone/Sources/GodstoneMesh/LabRuntime.swift:1942:17: warning: stored property 'trustStore' of 'Sendable'-conforming struct 'LabEstateSeam' contains non-Sendable type 'SqlitePeerIdentityStore'; this is an error in the Swift 6 language mode
1940 |     private let paths: [String: URL]
1941 |     private let drain: LabEstateDrainSeam?
1942 |     private let trustStore: SqlitePeerIdentityStore?
     |                 `- warning: stored property 'trustStore' of 'Sendable'-conforming struct 'LabEstateSeam' contains non-Sendable type 'SqlitePeerIdentityStore'; this is an error in the Swift 6 language mode
1943 |     internal let keychain: any LocalIdentityKeychain = HarnessIdentityKeychain()
1944 |     /// The lab carries no encrypted private store (its stores are plaintext files under Application Support), so

/private/tmp/board1-rc15-preparatory-46903cd0-xke1sctz/rod-worktrees/wt_IOS-WIPE-UX-002/ios/Godstone/Sources/GodstoneMesh/PeerIdentityStore.swift:288:22: note: class 'SqlitePeerIdentityStore' does not conform to the 'Sendable' protocol
 286 | 
 287 | /// Production SQLite-backed peer identity store with fixed FileProtectionType.complete (ADR-003, Phase C8.2B).
 288 | internal final class SqlitePeerIdentityStore: PeerIdentityStore {
     |                      `- note: class 'SqlitePeerIdentityStore' does not conform to the 'Sendable' protocol
 289 |     private var handle: OpaquePointer?
 290 | 

/private/tmp/board1-rc15-preparatory-46903cd0-xke1sctz/rod-worktrees/wt_IOS-WIPE-UX-002/ios/Godstone/Sources/GodstoneMesh/LabRuntime.swift:1946:18: warning: stored property 'dekProvider' of 'Sendable'-conforming struct 'LabEstateSeam' contains non-Sendable type 'any PrivateStoreKeyProvider'; this is an error in the Swift 6 language mode
1944 |     /// The lab carries no encrypted private store (its stores are plaintext files under Application Support), so
1945 |     /// there is no DEK to erase and the vault answereth `.absent` -- the tri-state doctrine's own honest word.
1946 |     internal let dekProvider: (any PrivateStoreKeyProvider)? = nil
     |                  `- warning: stored property 'dekProvider' of 'Sendable'-conforming struct 'LabEstateSeam' contains non-Sendable type 'any PrivateStoreKeyProvider'; this is an error in the Swift 6 language mode
1947 | 
1948 |     /// - Parameters:

/private/tmp/board1-rc15-preparatory-46903cd0-xke1sctz/rod-worktrees/wt_IOS-WIPE-UX-002/ios/Godstone/Sources/GodstoneMesh/PrivateStoreKeyProvider.swift:66:17: note: protocol 'PrivateStoreKeyProvider' does not conform to the 'Sendable' protocol
 64 | /// `DefaultPrivateStoreKeyProvider`; the court injects a fake to drive wrong-DEK,
 65 | /// Keychain-unavailable, locked-device and protection-failure decisions on the host.
 66 | public protocol PrivateStoreKeyProvider: AnyObject {
    |                 `- note: protocol 'PrivateStoreKeyProvider' does not conform to the 'Sendable' protocol
 67 |     /// The pinned DEK length in bytes (AES-256).
 68 |     var dekByteCount: Int { get }

/private/tmp/board1-rc15-preparatory-46903cd0-xke1sctz/rod-worktrees/wt_IOS-WIPE-UX-002/ios/Godstone/Sources/GodstoneMesh/MeshRuntime.swift:1309:17: warning: no calls to throwing functions occur within 'try' expression [#UnnecessaryEffectMarker]
1307 |             invalidateRuntime: { [invalidator, messageStore, peerIdentityStore,
1308 |                                  adoptedMessageConnection, adoptedPeerConnection] in
1309 |                 try invalidator.invalidateForWipe()
     |                 `- warning: no calls to throwing functions occur within 'try' expression [#UnnecessaryEffectMarker]
1310 |                 messageStore.close()
1311 |                 peerIdentityStore.close()

/private/tmp/board1-rc15-preparatory-46903cd0-xke1sctz/rod-worktrees/wt_IOS-WIPE-UX-002/ios/Godstone/Sources/GodstoneMesh/MeshRuntime.swift:1528:13: warning: stored property 'dekProvider' of 'Sendable'-conforming struct 'DefaultRecoveryEstate' contains non-Sendable type 'any PrivateStoreKeyProvider'; this is an error in the Swift 6 language mode
1526 |         let peerStoreUrl: URL
1527 |         let keychain: any LocalIdentityKeychain
1528 |         let dekProvider: (any PrivateStoreKeyProvider)?
     |             `- warning: stored property 'dekProvider' of 'Sendable'-conforming struct 'DefaultRecoveryEstate' contains non-Sendable type 'any PrivateStoreKeyProvider'; this is an error in the Swift 6 language mode
1529 |         /// The composition's ONE owner registry; the production recovery road drains and closes through IT.
1530 |         let registry: EstateOwnerRegistry

/private/tmp/board1-rc15-preparatory-46903cd0-xke1sctz/rod-worktrees/wt_IOS-WIPE-UX-002/ios/Godstone/Sources/GodstoneMesh/PrivateStoreKeyProvider.swift:66:17: note: protocol 'PrivateStoreKeyProvider' does not conform to the 'Sendable' protocol
 64 | /// `DefaultPrivateStoreKeyProvider`; the court injects a fake to drive wrong-DEK,
 65 | /// Keychain-unavailable, locked-device and protection-failure decisions on the host.
 66 | public protocol PrivateStoreKeyProvider: AnyObject {
    |                 `- note: protocol 'PrivateStoreKeyProvider' does not conform to the 'Sendable' protocol
 67 |     /// The pinned DEK length in bytes (AES-256).
 68 |     var dekByteCount: Int { get }

/private/tmp/board1-rc15-preparatory-46903cd0-xke1sctz/rod-worktrees/wt_IOS-WIPE-UX-002/ios/Godstone/Sources/GodstoneMesh/MeshRuntime.swift:1533:13: warning: stored property 'liveTransportSeam' of 'Sendable'-conforming struct 'DefaultRecoveryEstate' contains non-Sendable type 'any TransportRuntimeSeam'; this is an error in the Swift 6 language mode
1531 |         /// The runtime's live transport seam, when one is running; `nil` at create time, where the registry's own
1532 |         /// positive cold proof is what the drain rung stands on.
1533 |         let liveTransportSeam: TransportRuntimeSeam?
     |             `- warning: stored property 'liveTransportSeam' of 'Sendable'-conforming struct 'DefaultRecoveryEstate' contains non-Sendable type 'any TransportRuntimeSeam'; this is an error in the Swift 6 language mode
1534 |         /// The runtime's owner invalidation/close hook, carried across rather than dropped.
1535 |         let invalidateLiveOwners: () -> Void

/private/tmp/board1-rc15-preparatory-46903cd0-xke1sctz/rod-worktrees/wt_IOS-WIPE-UX-002/ios/Godstone/Sources/GodstoneMesh/CrashResumableWipe.swift:203:17: note: protocol 'TransportRuntimeSeam' does not conform to the 'Sendable' protocol
201 | }
202 | 
203 | public protocol TransportRuntimeSeam: AnyObject {
    |                 `- note: protocol 'TransportRuntimeSeam' does not conform to the 'Sendable' protocol
204 |     func drainTransport() -> RuntimeDrainReceipt
205 |     /// Whether THIS process lifetime has drained the transport; a reboot starts un-quiesced.

/private/tmp/board1-rc15-preparatory-46903cd0-xke1sctz/rod-worktrees/wt_IOS-WIPE-UX-002/ios/Godstone/Sources/GodstoneMesh/MeshRuntime.swift:1535:13: warning: stored property 'invalidateLiveOwners' of 'Sendable'-conforming struct 'DefaultRecoveryEstate' has non-Sendable type '() -> ()'; this is an error in the Swift 6 language mode
1533 |         let liveTransportSeam: TransportRuntimeSeam?
1534 |         /// The runtime's owner invalidation/close hook, carried across rather than dropped.
1535 |         let invalidateLiveOwners: () -> Void
     |             |- warning: stored property 'invalidateLiveOwners' of 'Sendable'-conforming struct 'DefaultRecoveryEstate' has non-Sendable type '() -> ()'; this is an error in the Swift 6 language mode
     |             `- note: a function type must be marked '@Sendable' to conform to 'Sendable'
1536 |         internal init(messageStoreUrl: URL, peerStoreUrl: URL,
1537 |                       keychain: any LocalIdentityKeychain,

/private/tmp/board1-rc15-preparatory-46903cd0-xke1sctz/rod-worktrees/wt_IOS-WIPE-UX-002/ios/Godstone/Sources/GodstoneMesh/MessageStore.swift:66:10: warning: associated value 'created' of 'Sendable'-conforming enum 'OutboundEnqueueResult' has non-Sendable type 'FrameV2'; this is an error in the Swift 6 language mode
  64 | public enum OutboundEnqueueResult: Sendable, Equatable {
  65 |     /// A new DIRECT message was atomically persisted in held_frames and delivery_state (QUEUED_DURABLY).
  66 |     case created(FrameV2)
     |          `- warning: associated value 'created' of 'Sendable'-conforming enum 'OutboundEnqueueResult' has non-Sendable type 'FrameV2'; this is an error in the Swift 6 language mode
  67 |     /// An idempotent retry of the SAME logical message with matching SINGLE_RECIPIENT binding and exact canonical frame.
  68 |     case alreadyQueuedSameBinding(FrameV2)

/private/tmp/board1-rc15-preparatory-46903cd0-xke1sctz/rod-worktrees/wt_IOS-WIPE-UX-002/ios/Godstone/Sources/GodstoneMesh/WireV2.swift:7:15: note: consider making struct 'FrameV2' conform to the 'Sendable' protocol
  5 | 
  6 | /// GMP/2 frame. Header is 32 bytes, big-endian.
  7 | public struct FrameV2: Equatable {
    |               `- note: consider making struct 'FrameV2' conform to the 'Sendable' protocol
  8 |     public static let magic: UInt16 = 0x4753
  9 |     public static let version: UInt8 = 0x02

/private/tmp/board1-rc15-preparatory-46903cd0-xke1sctz/rod-worktrees/wt_IOS-WIPE-UX-002/ios/Godstone/Sources/GodstoneMesh/MessageStore.swift:68:10: warning: associated value 'alreadyQueuedSameBinding' of 'Sendable'-conforming enum 'OutboundEnqueueResult' has non-Sendable type 'FrameV2'; this is an error in the Swift 6 language mode
  66 |     case created(FrameV2)
  67 |     /// An idempotent retry of the SAME logical message with matching SINGLE_RECIPIENT binding and exact canonical frame.
  68 |     case alreadyQueuedSameBinding(FrameV2)
     |          `- warning: associated value 'alreadyQueuedSameBinding' of 'Sendable'-conforming enum 'OutboundEnqueueResult' has non-Sendable type 'FrameV2'; this is an error in the Swift 6 language mode
  69 |     /// A held frame exists with matching msg_id but its fields/content differ from requested frame.
  70 |     case canonicalFrameMismatch

/private/tmp/board1-rc15-preparatory-46903cd0-xke1sctz/rod-worktrees/wt_IOS-WIPE-UX-002/ios/Godstone/Sources/GodstoneMesh/WireV2.swift:7:15: note: consider making struct 'FrameV2' conform to the 'Sendable' protocol
  5 | 
  6 | /// GMP/2 frame. Header is 32 bytes, big-endian.
  7 | public struct FrameV2: Equatable {
    |               `- note: consider making struct 'FrameV2' conform to the 'Sendable' protocol
  8 |     public static let magic: UInt16 = 0x4753
  9 |     public static let version: UInt8 = 0x02

/private/tmp/board1-rc15-preparatory-46903cd0-xke1sctz/rod-worktrees/wt_IOS-WIPE-UX-002/ios/Godstone/Sources/GodstoneMesh/SchemaMigration.swift:78:16: warning: stored property 'apply' of 'Sendable'-conforming struct 'MigrationStep' contains non-Sendable type '(any MigrationExecutor) -> ()'; this is an error in the Swift 6 language mode
 76 |     public let to: Int
 77 |     public let statements: [String]
 78 |     public let apply: MigrationApply?
    |                |- warning: stored property 'apply' of 'Sendable'-conforming struct 'MigrationStep' contains non-Sendable type '(any MigrationExecutor) -> ()'; this is an error in the Swift 6 language mode
    |                `- note: a function type must be marked '@Sendable' to conform to 'Sendable'
 79 |     public init(from: Int, to: Int, statements: [String], apply: MigrationApply? = nil) { self.from = from; self.to = to; self.statements = statements; self.apply = apply }
 80 | }


SwiftCompile normal arm64 (in target 'GodstoneMesh' from project 'GodstonePackages')
    cd /tmp/board1-rc15-preparatory-46903cd0-xke1sctz/rod-worktrees/wt_IOS-WIPE-UX-002/ios/Godstone.xcodeproj
    

/private/tmp/board1-rc15-preparatory-46903cd0-xke1sctz/rod-worktrees/wt_IOS-WIPE-UX-002/ios/Godstone/Sources/GodstoneMesh/SosCommand.swift:44:16: warning: stored property 'frame' of 'Sendable'-conforming struct 'ActiveSos' has non-Sendable type 'FrameV2'; this is an error in the Swift 6 language mode
 42 |     public let msgId: Data
 43 |     public let state: DeliveryState
 44 |     public let frame: FrameV2
    |                `- warning: stored property 'frame' of 'Sendable'-conforming struct 'ActiveSos' has non-Sendable type 'FrameV2'; this is an error in the Swift 6 language mode
 45 |     /// When this node committed the pair, when it remembers; nil when the
 46 |     /// tables cannot name the instant (honest silence over a fabricated clock).

/private/tmp/board1-rc15-preparatory-46903cd0-xke1sctz/rod-worktrees/wt_IOS-WIPE-UX-002/ios/Godstone/Sources/GodstoneMesh/WireV2.swift:7:15: note: consider making struct 'FrameV2' conform to the 'Sendable' protocol
  5 | 
  6 | /// GMP/2 frame. Header is 32 bytes, big-endian.
  7 | public struct FrameV2: Equatable {
    |               `- note: consider making struct 'FrameV2' conform to the 'Sendable' protocol
  8 |     public static let magic: UInt16 = 0x4753
  9 |     public static let version: UInt8 = 0x02

/private/tmp/board1-rc15-preparatory-46903cd0-xke1sctz/rod-worktrees/wt_IOS-WIPE-UX-002/ios/Godstone/Sources/GodstoneMesh/SyncControlOwner.swift:42:14: warning: associated value 'answered(frame:)' of 'Sendable'-conforming enum 'OwnerDecision' contains non-Sendable type 'FrameV2'; this is an error in the Swift 6 language mode
 40 |         case ignored(reason: String)
 41 |         case refused(reason: String)
 42 |         case answered(frame: FrameV2)
    |              `- warning: associated value 'answered(frame:)' of 'Sendable'-conforming enum 'OwnerDecision' contains non-Sendable type 'FrameV2'; this is an error in the Swift 6 language mode
 43 |         case delivered(frames: [FrameV2])
 44 |     }

/private/tmp/board1-rc15-preparatory-46903cd0-xke1sctz/rod-worktrees/wt_IOS-WIPE-UX-002/ios/Godstone/Sources/GodstoneMesh/WireV2.swift:7:15: note: consider making struct 'FrameV2' conform to the 'Sendable' protocol
  5 | 
  6 | /// GMP/2 frame. Header is 32 bytes, big-endian.
  7 | public struct FrameV2: Equatable {
    |               `- note: consider making struct 'FrameV2' conform to the 'Sendable' protocol
  8 |     public static let magic: UInt16 = 0x4753
  9 |     public static let version: UInt8 = 0x02

/private/tmp/board1-rc15-preparatory-46903cd0-xke1sctz/rod-worktrees/wt_IOS-WIPE-UX-002/ios/Godstone/Sources/GodstoneMesh/SyncControlOwner.swift:43:14: warning: associated value 'delivered(frames:)' of 'Sendable'-conforming enum 'OwnerDecision' contains non-Sendable type 'FrameV2'; this is an error in the Swift 6 language mode
 41 |         case refused(reason: String)
 42 |         case answered(frame: FrameV2)
 43 |         case delivered(frames: [FrameV2])
    |              `- warning: associated value 'delivered(frames:)' of 'Sendable'-conforming enum 'OwnerDecision' contains non-Sendable type 'FrameV2'; this is an error in the Swift 6 language mode
 44 |     }
 45 | 

/private/tmp/board1-rc15-preparatory-46903cd0-xke1sctz/rod-worktrees/wt_IOS-WIPE-UX-002/ios/Godstone/Sources/GodstoneMesh/WireV2.swift:7:15: note: consider making struct 'FrameV2' conform to the 'Sendable' protocol
  5 | 
  6 | /// GMP/2 frame. Header is 32 bytes, big-endian.
  7 | public struct FrameV2: Equatable {
    |               `- note: consider making struct 'FrameV2' conform to the 'Sendable' protocol
  8 |     public static let magic: UInt16 = 0x4753
  9 |     public static let version: UInt8 = 0x02

/private/tmp/board1-rc15-preparatory-46903cd0-xke1sctz/rod-worktrees/wt_IOS-WIPE-UX-002/ios/Godstone/Sources/GodstoneMesh/SyncPump.swift:46:16: warning: stored property 'frame' of 'Sendable'-conforming struct 'ForwardCopy' has non-Sendable type 'FrameV2'; this is an error in the Swift 6 language mode
 44 | /// exactly once -- and every retry re-emiteth these exact bytes.
 45 | public struct ForwardCopy: Equatable, Sendable {
 46 |     public let frame: FrameV2
    |                `- warning: stored property 'frame' of 'Sendable'-conforming struct 'ForwardCopy' has non-Sendable type 'FrameV2'; this is an error in the Swift 6 language mode
 47 |     /// The immediate hop it arrived from, which is never offered it back.
 48 |     public let fromPeer: Data?

/private/tmp/board1-rc15-preparatory-46903cd0-xke1sctz/rod-worktrees/wt_IOS-WIPE-UX-002/ios/Godstone/Sources/GodstoneMesh/WireV2.swift:7:15: note: consider making struct 'FrameV2' conform to the 'Sendable' protocol
  5 | 
  6 | /// GMP/2 frame. Header is 32 bytes, big-endian.
  7 | public struct FrameV2: Equatable {
    |               `- note: consider making struct 'FrameV2' conform to the 'Sendable' protocol
  8 |     public static let magic: UInt16 = 0x4753
  9 |     public static let version: UInt8 = 0x02

/private/tmp/board1-rc15-preparatory-46903cd0-xke1sctz/rod-worktrees/wt_IOS-WIPE-UX-002/ios/Godstone/Sources/GodstoneMesh/TrustedHandshakeController.swift:39:9: warning: stored property 'noiseSession' of 'Sendable'-conforming struct 'DefaultHs3Writer' has non-Sendable type 'NoiseSession'; this is an error in the Swift 6 language mode
 37 | 
 38 | internal struct DefaultHs3Writer: Hs3Writer {
 39 |     let noiseSession: NoiseSession
    |         `- warning: stored property 'noiseSession' of 'Sendable'-conforming struct 'DefaultHs3Writer' has non-Sendable type 'NoiseSession'; this is an error in the Swift 6 language mode
 40 |     func writeHs3(payload: Data) throws -> Data {
 41 |         try noiseSession.writeMessage3(payload: payload)

/private/tmp/board1-rc15-preparatory-46903cd0-xke1sctz/rod-worktrees/wt_IOS-WIPE-UX-002/ios/Godstone/Sources/GodstoneMesh/NoiseSession.swift:48:20: note: class 'NoiseSession' does not conform to the 'Sendable' protocol
 46 | }
 47 | 
 48 | public final class NoiseSession {
    |                    `- note: class 'NoiseSession' does not conform to the 'Sendable' protocol
 49 | 
 50 |     public enum Role { case initiator, responder }

[#AddPreconcurrencyImport]: <https://docs.swift.org/compiler/documentation/diagnostics/add-preconcurrency-import>
[#UnnecessaryEffectMarker]: <https://docs.swift.org/compiler/documentation/diagnostics/unnecessary-effect-marker>
SwiftCompile normal arm64 Compiling\ LabRuntime.swift /private/tmp/board1-rc15-preparatory-46903cd0-xke1sctz/rod-worktrees/wt_IOS-WIPE-UX-002/ios/Godstone/Sources/GodstoneMesh/LabRuntime.swift (in target 'GodstoneMesh' from project 'GodstonePackages')
/private/tmp/board1-rc15-preparatory-46903cd0-xke1sctz/rod-worktrees/wt_IOS-WIPE-UX-002/ios/Godstone/Sources/GodstoneMesh/LabRuntime.swift:1942:17: warning: stored property 'trustStore' of 'Sendable'-conforming struct 'LabEstateSeam' contains non-Sendable type 'SqlitePeerIdentityStore'; this is an error in the Swift 6 language mode
1940 |     private let paths: [String: URL]
1941 |     private let drain: LabEstateDrainSeam?
1942 |     private let trustStore: SqlitePeerIdentityStore?
     |                 `- warning: stored property 'trustStore' of 'Sendable'-conforming struct 'LabEstateSeam' contains non-Sendable type 'SqlitePeerIdentityStore'; this is an error in the Swift 6 language mode
1943 |     internal let keychain: any LocalIdentityKeychain = HarnessIdentityKeychain()
1944 |     /// The lab carries no encrypted private store (its stores are plaintext files under Application Support), so

/private/tmp/board1-rc15-preparatory-46903cd0-xke1sctz/rod-worktrees/wt_IOS-WIPE-UX-002/ios/Godstone/Sources/GodstoneMesh/PeerIdentityStore.swift:288:22: note: class 'SqlitePeerIdentityStore' does not conform to the 'Sendable' protocol
 286 | 
 287 | /// Production SQLite-backed peer identity store with fixed FileProtectionType.complete (ADR-003, Phase C8.2B).
 288 | internal final class SqlitePeerIdentityStore: PeerIdentityStore {
     |                      `- note: class 'SqlitePeerIdentityStore' does not conform to the 'Sendable' protocol
 289 |     private var handle: OpaquePointer?
 290 | 

/private/tmp/board1-rc15-preparatory-46903cd0-xke1sctz/rod-worktrees/wt_IOS-WIPE-UX-002/ios/Godstone/Sources/GodstoneMesh/LabRuntime.swift:1946:18: warning: stored property 'dekProvider' of 'Sendable'-conforming struct 'LabEstateSeam' contains non-Sendable type 'any PrivateStoreKeyProvider'; this is an error in the Swift 6 language mode
1944 |     /// The lab carries no encrypted private store (its stores are plaintext files under Application Support), so
1945 |     /// there is no DEK to erase and the vault answereth `.absent` -- the tri-state doctrine's own honest word.
1946 |     internal let dekProvider: (any PrivateStoreKeyProvider)? = nil
     |                  `- warning: stored property 'dekProvider' of 'Sendable'-conforming struct 'LabEstateSeam' contains non-Sendable type 'any PrivateStoreKeyProvider'; this is an error in the Swift 6 language mode
1947 | 
1948 |     /// - Parameters:

/private/tmp/board1-rc15-preparatory-46903cd0-xke1sctz/rod-worktrees/wt_IOS-WIPE-UX-002/ios/Godstone/Sources/GodstoneMesh/PrivateStoreKeyProvider.swift:66:17: note: protocol 'PrivateStoreKeyProvider' does not conform to the 'Sendable' protocol
 64 | /// `DefaultPrivateStoreKeyProvider`; the court injects a fake to drive wrong-DEK,
 65 | /// Keychain-unavailable, locked-device and protection-failure decisions on the host.
 66 | public protocol PrivateStoreKeyProvider: AnyObject {
    |                 `- note: protocol 'PrivateStoreKeyProvider' does not conform to the 'Sendable' protocol
 67 |     /// The pinned DEK length in bytes (AES-256).
 68 |     var dekByteCount: Int { get }

/private/tmp/board1-rc15-preparatory-46903cd0-xke1sctz/rod-worktrees/wt_IOS-WIPE-UX-002/ios/Godstone/Sources/GodstoneMesh/LabRuntime.swift:525:23: warning: value 'fromNode' was defined but never used; consider replacing with boolean test [#NoUsage]
 523 |         // pair's node ids are bound to the peer handle -- the same relation the transport delegate would bind.
 524 |         for from in labels {
 525 |             guard let fromNode = harness.node(from) else { continue }
     |                       `- warning: value 'fromNode' was defined but never used; consider replacing with boolean test [#NoUsage]
 526 |             for to in harness.linkedPeerLabels(from) {
 527 |                 guard let toNode = harness.node(to), let peerHandle = harness.transportHandle(for: to) else { continue }

/private/tmp/board1-rc15-preparatory-46903cd0-xke1sctz/rod-worktrees/wt_IOS-WIPE-UX-002/ios/Godstone/Sources/GodstoneMesh/LabRuntime.swift:420:27: warning: no calls to throwing functions occur within 'try' expression [#UnnecessaryEffectMarker]
 418 |                 // *** G1: THE REAL PRIVATE-STORE DOOR IS REACHED *HERE*, SO THE WITNESS IS RAISED HERE. ***
 419 |                 LabRecoveryOpenProbe.notePrivateStoreOpen(url.path)
 420 |                 durable = try SqliteMessageStore(url: url, maxBytes: 64 * 1024 * 1024)
     |                           `- warning: no calls to throwing functions occur within 'try' expression [#UnnecessaryEffectMarker]
 421 |                 nodeStores[label] = durable
 422 |                 // *EVERY LABEL'S FILE, SO THE WIPE CAN REACH THE WHOLE LAB ESTATE AND NOT ONE LABEL'S SLICE.*

[#NoUsage]: <https://docs.swift.org/compiler/documentation/diagnostics/no-usage>
[#UnnecessaryEffectMarker]: <https://docs.swift.org/compiler/documentation/diagnostics/unnecessary-effect-marker>

SwiftCompile normal arm64 /private/tmp/board1-rc15-preparatory-46903cd0-xke1sctz/rod-worktrees/wt_IOS-WIPE-UX-002/ios/Godstone/Sources/GodstoneMesh/LabRuntime.swift (in target 'GodstoneMesh' from project 'GodstonePackages')
    cd /tmp/board1-rc15-preparatory-46903cd0-xke1sctz/rod-worktrees/wt_IOS-WIPE-UX-002/ios/Godstone.xcodeproj
    builtin-SwiftPerFileCompile LabRuntime.swift

SwiftDriverJobDiscovery normal arm64 Compiling SQLCipherTrustedExpectation.swift (in target 'GodstoneMesh' from project 'GodstonePackages')

SwiftDriverJobDiscovery normal arm64 Compiling LabRuntime.swift (in target 'GodstoneMesh' from project 'GodstonePackages')

SwiftDriverJobDiscovery normal arm64 Emitting module for GodstoneMesh (in target 'GodstoneMesh' from project 'GodstonePackages')

SwiftDriver\ Compilation\ Requirements GodstoneMesh normal arm64 com.apple.xcode.tools.swift.compiler (in target 'GodstoneMesh' from project 'GodstonePackages')
    cd /tmp/board1-rc15-preparatory-46903cd0-xke1sctz/rod-worktrees/wt_IOS-WIPE-UX-002/ios/Godstone.xcodeproj
    builtin-Swift-Compilation-Requirements -- /Applications/Xcode.app/Contents/Developer/Toolchains/XcodeDefault.xctoolchain/usr/bin/swiftc -parse-as-library -module-name GodstoneMesh -Onone @/Users/oculus/Library/Developer/Xcode/DerivedData/Godstone-dwsupgxygdsnqugzqfrqouqbblve/Build/Intermediates.noindex/GodstonePackages.build/LightDebug-iphonesimulator/GodstoneMesh-t.build/Objects-normal/arm64/GodstoneMesh.SwiftFileList -DSWIFT_PACKAGE -DDEBUG -DSWIFT_MODULE_RESOURCE_BUNDLE_UNAVAILABLE -DXcode -plugin-path /Applications/Xcode.app/Contents/Developer/Toolchains/XcodeDefault.xctoolchain/usr/lib/swift/host/plugins/testing -enable-experimental-feature DebugDescriptionMacro -sdk /Applications/Xcode.app/Contents/Developer/Platforms/iPhoneSimulator.platform/Developer/SDKs/iPhoneSimulator27.0.sdk -target arm64-apple-ios16.0-simulator -g -module-cache-path /Users/oculus/Library/Developer/Xcode/DerivedData/ModuleCache.noindex -Xfrontend -serialize-debugging-options -enable-testing -index-store-path /Users/oculus/Library/Developer/Xcode/DerivedData/Godstone-dwsupgxygdsnqugzqfrqouqbblve/Index.noindex/DataStore -Xcc -D_LIBCPP_HARDENING_MODE\=_LIBCPP_HARDENING_MODE_DEBUG -swift-version 5 -I /Users/oculus/Library/Developer/Xcode/DerivedData/Godstone-dwsupgxygdsnqugzqfrqouqbblve/Build/Products/LightDebug-iphonesimulator -Isystem /Applications/Xcode.app/Contents/Developer/Platforms/iPhoneSimulator.platform/Developer/usr/lib -F /Users/oculus/Library/Developer/Xcode/DerivedData/Godstone-dwsupgxygdsnqugzqfrqouqbblve/Build/Products/LightDebug-iphonesimulator/PackageFrameworks -F /Users/oculus/Library/Developer/Xcode/DerivedData/Godstone-dwsupgxygdsnqugzqfrqouqbblve/Build/Products/LightDebug-iphonesimulator -F /Applications/Xcode.app/Contents/Developer/Platforms/iPhoneSimulator.platform/Developer/Library/Frameworks -F /Applications/Xcode.app/Contents/Developer/Platforms/iPhoneSimulator.platform/Developer/SDKs/iPhoneSimulator27.0.sdk/Developer/Library/Frameworks -c -j10 -enable-batch-mode -incremental -Xcc -ivfsstatcache -Xcc /Users/oculus/Library/Developer/Xcode/DerivedData/SDKStatCaches.noindex/iphonesimulator27.0-24A430-8dc58220667be655e1bcc261a7455254.sdkstatcache -output-file-map /Users/oculus/Library/Developer/Xcode/DerivedData/Godstone-dwsupgxygdsnqugzqfrqouqbblve/Build/Intermediates.noindex/GodstonePackages.build/LightDebug-iphonesimulator/GodstoneMesh-t.build/Objects-normal/arm64/GodstoneMesh-OutputFileMap.json -save-temps -no-color-diagnostics -explicit-module-build -module-cache-path /Users/oculus/Library/Developer/Xcode/DerivedData/Godstone-dwsupgxygdsnqugzqfrqouqbblve/Build/Intermediates.noindex/SwiftExplicitPrecompiledModules -clang-scanner-module-cache-path /Users/oculus/Library/Developer/Xcode/DerivedData/ModuleCache.noindex -sdk-module-cache-path /Users/oculus/Library/Developer/Xcode/DerivedData/SDKExplicitPrecompiledModules -emit-dependencies -emit-module -emit-module-path /Users/oculus/Library/Developer/Xcode/DerivedData/Godstone-dwsupgxygdsnqugzqfrqouqbblve/Build/Intermediates.noindex/GodstonePackages.build/LightDebug-iphonesimulator/GodstoneMesh-t.build/Objects-normal/arm64/GodstoneMesh.swiftmodule -serialize-diagnostics -dependency-scan-serialize-diagnostics-path /Users/oculus/Library/Developer/Xcode/DerivedData/Godstone-dwsupgxygdsnqugzqfrqouqbblve/Build/Intermediates.noindex/GodstonePackages.build/LightDebug-iphonesimulator/GodstoneMesh-t.build/Objects-normal/arm64/GodstoneMesh-dependency-scan.dia -validate-clang-modules-once -clang-build-session-file /Users/oculus/Library/Developer/Xcode/DerivedData/ModuleCache.noindex/Session.modulevalidation -Xcc -fmodules-prune-interval\=86400 -Xcc -fmodules-prune-after\=345600 -package-name godstone -emit-const-values -const-gather-protocols-list /Users/oculus/Library/Developer/Xcode/DerivedData/Godstone-dwsupgxygdsnqugzqfrqouqbblve/Build/Intermediates.noindex/GodstonePackages.build/LightDebug-iphonesimulator/GodstoneMesh-t.build/Objects-normal/arm64/GodstoneMesh_const_extract_protocols.json -Xcc -I/Users/oculus/Library/Developer/Xcode/DerivedData/Godstone-dwsupgxygdsnqugzqfrqouqbblve/Build/Products/LightDebug-iphonesimulator/include -Xcc -I/Users/oculus/Library/Developer/Xcode/DerivedData/Godstone-dwsupgxygdsnqugzqfrqouqbblve/Build/Intermediates.noindex/GodstonePackages.build/LightDebug-iphonesimulator/GodstoneMesh-t.build/DerivedSources-normal/arm64 -Xcc -I/Users/oculus/Library/Developer/Xcode/DerivedData/Godstone-dwsupgxygdsnqugzqfrqouqbblve/Build/Intermediates.noindex/GodstonePackages.build/LightDebug-iphonesimulator/GodstoneMesh-t.build/DerivedSources/arm64 -Xcc -I/Users/oculus/Library/Developer/Xcode/DerivedData/Godstone-dwsupgxygdsnqugzqfrqouqbblve/Build/Intermediates.noindex/GodstonePackages.build/LightDebug-iphonesimulator/GodstoneMesh-t.build/DerivedSources -Xcc -DSWIFT_PACKAGE -Xcc -DDEBUG\=1 -emit-objc-header -emit-objc-header-path /Users/oculus/Library/Developer/Xcode/DerivedData/Godstone-dwsupgxygdsnqugzqfrqouqbblve/Build/Intermediates.noindex/GodstonePackages.build/LightDebug-iphonesimulator/GodstoneMesh-t.build/Objects-normal/arm64/GodstoneMesh-Swift.h -working-directory /tmp/board1-rc15-preparatory-46903cd0-xke1sctz/rod-worktrees/wt_IOS-WIPE-UX-002/ios/Godstone.xcodeproj -experimental-emit-module-separately -disable-cmo

SwiftDriver\ Compilation GodstoneMesh normal arm64 com.apple.xcode.tools.swift.compiler (in target 'GodstoneMesh' from project 'GodstonePackages')
    cd /tmp/board1-rc15-preparatory-46903cd0-xke1sctz/rod-worktrees/wt_IOS-WIPE-UX-002/ios/Godstone.xcodeproj
    builtin-Swift-Compilation -- /Applications/Xcode.app/Contents/Developer/Toolchains/XcodeDefault.xctoolchain/usr/bin/swiftc -parse-as-library -module-name GodstoneMesh -Onone @/Users/oculus/Library/Developer/Xcode/DerivedData/Godstone-dwsupgxygdsnqugzqfrqouqbblve/Build/Intermediates.noindex/GodstonePackages.build/LightDebug-iphonesimulator/GodstoneMesh-t.build/Objects-normal/arm64/GodstoneMesh.SwiftFileList -DSWIFT_PACKAGE -DDEBUG -DSWIFT_MODULE_RESOURCE_BUNDLE_UNAVAILABLE -DXcode -plugin-path /Applications/Xcode.app/Contents/Developer/Toolchains/XcodeDefault.xctoolchain/usr/lib/swift/host/plugins/testing -enable-experimental-feature DebugDescriptionMacro -sdk /Applications/Xcode.app/Contents/Developer/Platforms/iPhoneSimulator.platform/Developer/SDKs/iPhoneSimulator27.0.sdk -target arm64-apple-ios16.0-simulator -g -module-cache-path /Users/oculus/Library/Developer/Xcode/DerivedData/ModuleCache.noindex -Xfrontend -serialize-debugging-options -enable-testing -index-store-path /Users/oculus/Library/Developer/Xcode/DerivedData/Godstone-dwsupgxygdsnqugzqfrqouqbblve/Index.noindex/DataStore -Xcc -D_LIBCPP_HARDENING_MODE\=_LIBCPP_HARDENING_MODE_DEBUG -swift-version 5 -I /Users/oculus/Library/Developer/Xcode/DerivedData/Godstone-dwsupgxygdsnqugzqfrqouqbblve/Build/Products/LightDebug-iphonesimulator -Isystem /Applications/Xcode.app/Contents/Developer/Platforms/iPhoneSimulator.platform/Developer/usr/lib -F /Users/oculus/Library/Developer/Xcode/DerivedData/Godstone-dwsupgxygdsnqugzqfrqouqbblve/Build/Products/LightDebug-iphonesimulator/PackageFrameworks -F /Users/oculus/Library/Developer/Xcode/DerivedData/Godstone-dwsupgxygdsnqugzqfrqouqbblve/Build/Products/LightDebug-iphonesimulator -F /Applications/Xcode.app/Contents/Developer/Platforms/iPhoneSimulator.platform/Developer/Library/Frameworks -F /Applications/Xcode.app/Contents/Developer/Platforms/iPhoneSimulator.platform/Developer/SDKs/iPhoneSimulator27.0.sdk/Developer/Library/Frameworks -c -j10 -enable-batch-mode -incremental -Xcc -ivfsstatcache -Xcc /Users/oculus/Library/Developer/Xcode/DerivedData/SDKStatCaches.noindex/iphonesimulator27.0-24A430-8dc58220667be655e1bcc261a7455254.sdkstatcache -output-file-map /Users/oculus/Library/Developer/Xcode/DerivedData/Godstone-dwsupgxygdsnqugzqfrqouqbblve/Build/Intermediates.noindex/GodstonePackages.build/LightDebug-iphonesimulator/GodstoneMesh-t.build/Objects-normal/arm64/GodstoneMesh-OutputFileMap.json -save-temps -no-color-diagnostics -explicit-module-build -module-cache-path /Users/oculus/Library/Developer/Xcode/DerivedData/Godstone-dwsupgxygdsnqugzqfrqouqbblve/Build/Intermediates.noindex/SwiftExplicitPrecompiledModules -clang-scanner-module-cache-path /Users/oculus/Library/Developer/Xcode/DerivedData/ModuleCache.noindex -sdk-module-cache-path /Users/oculus/Library/Developer/Xcode/DerivedData/SDKExplicitPrecompiledModules -emit-dependencies -emit-module -emit-module-path /Users/oculus/Library/Developer/Xcode/DerivedData/Godstone-dwsupgxygdsnqugzqfrqouqbblve/Build/Intermediates.noindex/GodstonePackages.build/LightDebug-iphonesimulator/GodstoneMesh-t.build/Objects-normal/arm64/GodstoneMesh.swiftmodule -serialize-diagnostics -dependency-scan-serialize-diagnostics-path /Users/oculus/Library/Developer/Xcode/DerivedData/Godstone-dwsupgxygdsnqugzqfrqouqbblve/Build/Intermediates.noindex/GodstonePackages.build/LightDebug-iphonesimulator/GodstoneMesh-t.build/Objects-normal/arm64/GodstoneMesh-dependency-scan.dia -validate-clang-modules-once -clang-build-session-file /Users/oculus/Library/Developer/Xcode/DerivedData/ModuleCache.noindex/Session.modulevalidation -Xcc -fmodules-prune-interval\=86400 -Xcc -fmodules-prune-after\=345600 -package-name godstone -emit-const-values -const-gather-protocols-list /Users/oculus/Library/Developer/Xcode/DerivedData/Godstone-dwsupgxygdsnqugzqfrqouqbblve/Build/Intermediates.noindex/GodstonePackages.build/LightDebug-iphonesimulator/GodstoneMesh-t.build/Objects-normal/arm64/GodstoneMesh_const_extract_protocols.json -Xcc -I/Users/oculus/Library/Developer/Xcode/DerivedData/Godstone-dwsupgxygdsnqugzqfrqouqbblve/Build/Products/LightDebug-iphonesimulator/include -Xcc -I/Users/oculus/Library/Developer/Xcode/DerivedData/Godstone-dwsupgxygdsnqugzqfrqouqbblve/Build/Intermediates.noindex/GodstonePackages.build/LightDebug-iphonesimulator/GodstoneMesh-t.build/DerivedSources-normal/arm64 -Xcc -I/Users/oculus/Library/Developer/Xcode/DerivedData/Godstone-dwsupgxygdsnqugzqfrqouqbblve/Build/Intermediates.noindex/GodstonePackages.build/LightDebug-iphonesimulator/GodstoneMesh-t.build/DerivedSources/arm64 -Xcc -I/Users/oculus/Library/Developer/Xcode/DerivedData/Godstone-dwsupgxygdsnqugzqfrqouqbblve/Build/Intermediates.noindex/GodstonePackages.build/LightDebug-iphonesimulator/GodstoneMesh-t.build/DerivedSources -Xcc -DSWIFT_PACKAGE -Xcc -DDEBUG\=1 -emit-objc-header -emit-objc-header-path /Users/oculus/Library/Developer/Xcode/DerivedData/Godstone-dwsupgxygdsnqugzqfrqouqbblve/Build/Intermediates.noindex/GodstonePackages.build/LightDebug-iphonesimulator/GodstoneMesh-t.build/Objects-normal/arm64/GodstoneMesh-Swift.h -working-directory /tmp/board1-rc15-preparatory-46903cd0-xke1sctz/rod-worktrees/wt_IOS-WIPE-UX-002/ios/Godstone.xcodeproj -experimental-emit-module-separately -disable-cmo

Copy /Users/oculus/Library/Developer/Xcode/DerivedData/Godstone-dwsupgxygdsnqugzqfrqouqbblve/Build/Products/LightDebug-iphonesimulator/GodstoneMesh.swiftmodule/Project/arm64-apple-ios-simulator.swiftsourceinfo /Users/oculus/Library/Developer/Xcode/DerivedData/Godstone-dwsupgxygdsnqugzqfrqouqbblve/Build/Intermediates.noindex/GodstonePackages.build/LightDebug-iphonesimulator/GodstoneMesh-t.build/Objects-normal/arm64/GodstoneMesh.swiftsourceinfo (in target 'GodstoneMesh' from project 'GodstonePackages')
    cd /tmp/board1-rc15-preparatory-46903cd0-xke1sctz/rod-worktrees/wt_IOS-WIPE-UX-002/ios/Godstone
    builtin-copy -exclude .DS_Store -exclude CVS -exclude .svn -exclude .git -exclude .hg -resolve-src-symlinks -rename /Users/oculus/Library/Developer/Xcode/DerivedData/Godstone-dwsupgxygdsnqugzqfrqouqbblve/Build/Intermediates.noindex/GodstonePackages.build/LightDebug-iphonesimulator/GodstoneMesh-t.build/Objects-normal/arm64/GodstoneMesh.swiftsourceinfo /Users/oculus/Library/Developer/Xcode/DerivedData/Godstone-dwsupgxygdsnqugzqfrqouqbblve/Build/Products/LightDebug-iphonesimulator/GodstoneMesh.swiftmodule/Project/arm64-apple-ios-simulator.swiftsourceinfo

Copy /Users/oculus/Library/Developer/Xcode/DerivedData/Godstone-dwsupgxygdsnqugzqfrqouqbblve/Build/Products/LightDebug-iphonesimulator/GodstoneMesh.swiftmodule/arm64-apple-ios-simulator.abi.json /Users/oculus/Library/Developer/Xcode/DerivedData/Godstone-dwsupgxygdsnqugzqfrqouqbblve/Build/Intermediates.noindex/GodstonePackages.build/LightDebug-iphonesimulator/GodstoneMesh-t.build/Objects-normal/arm64/GodstoneMesh.abi.json (in target 'GodstoneMesh' from project 'GodstonePackages')
    cd /tmp/board1-rc15-preparatory-46903cd0-xke1sctz/rod-worktrees/wt_IOS-WIPE-UX-002/ios/Godstone
    builtin-copy -exclude .DS_Store -exclude CVS -exclude .svn -exclude .git -exclude .hg -resolve-src-symlinks -rename /Users/oculus/Library/Developer/Xcode/DerivedData/Godstone-dwsupgxygdsnqugzqfrqouqbblve/Build/Intermediates.noindex/GodstonePackages.build/LightDebug-iphonesimulator/GodstoneMesh-t.build/Objects-normal/arm64/GodstoneMesh.abi.json /Users/oculus/Library/Developer/Xcode/DerivedData/Godstone-dwsupgxygdsnqugzqfrqouqbblve/Build/Products/LightDebug-iphonesimulator/GodstoneMesh.swiftmodule/arm64-apple-ios-simulator.abi.json

Ld /Users/oculus/Library/Developer/Xcode/DerivedData/Godstone-dwsupgxygdsnqugzqfrqouqbblve/Build/Products/LightDebug-iphonesimulator/GodstoneMesh.o normal (in target 'GodstoneMesh' from project 'GodstonePackages')
    cd /tmp/board1-rc15-preparatory-46903cd0-xke1sctz/rod-worktrees/wt_IOS-WIPE-UX-002/ios/Godstone
    /Applications/Xcode.app/Contents/Developer/Toolchains/XcodeDefault.xctoolchain/usr/bin/clang -Xlinker -reproducible -target arm64-apple-ios16.0-simulator -r -isysroot /Applications/Xcode.app/Contents/Developer/Platforms/iPhoneSimulator.platform/Developer/SDKs/iPhoneSimulator27.0.sdk -O0 -Xlinker -no_warn_duplicate_libraries -F/Users/oculus/Library/Developer/Xcode/DerivedData/Godstone-dwsupgxygdsnqugzqfrqouqbblve/Build/Intermediates.noindex/EagerLinkingTBDs/LightDebug-iphonesimulator -F/Users/oculus/Library/Developer/Xcode/DerivedData/Godstone-dwsupgxygdsnqugzqfrqouqbblve/Build/Products/LightDebug-iphonesimulator/PackageFrameworks -F/Users/oculus/Library/Developer/Xcode/DerivedData/Godstone-dwsupgxygdsnqugzqfrqouqbblve/Build/Products/LightDebug-iphonesimulator -iframework /Applications/Xcode.app/Contents/Developer/Platforms/iPhoneSimulator.platform/Developer/Library/Frameworks -iframework /Applications/Xcode.app/Contents/Developer/Platforms/iPhoneSimulator.platform/Developer/SDKs/iPhoneSimulator27.0.sdk/Developer/Library/Frameworks -filelist /Users/oculus/Library/Developer/Xcode/DerivedData/Godstone-dwsupgxygdsnqugzqfrqouqbblve/Build/Intermediates.noindex/GodstonePackages.build/LightDebug-iphonesimulator/GodstoneMesh-t.build/Objects-normal/arm64/GodstoneMesh.LinkFileList -nostdlib -Xlinker -object_path_lto -Xlinker /Users/oculus/Library/Developer/Xcode/DerivedData/Godstone-dwsupgxygdsnqugzqfrqouqbblve/Build/Intermediates.noindex/GodstonePackages.build/LightDebug-iphonesimulator/GodstoneMesh-t.build/Objects-normal/arm64/GodstoneMesh_lto.o -Xlinker -no_deduplicate -Xlinker -objc_abi_version -Xlinker 2 -Xlinker -dependency_info -Xlinker /Users/oculus/Library/Developer/Xcode/DerivedData/Godstone-dwsupgxygdsnqugzqfrqouqbblve/Build/Intermediates.noindex/GodstonePackages.build/LightDebug-iphonesimulator/GodstoneMesh-t.build/Objects-normal/arm64/GodstoneMesh_dependency_info.dat -fobjc-link-runtime -L/Applications/Xcode.app/Contents/Developer/Toolchains/XcodeDefault.xctoolchain/usr/lib/swift/iphonesimulator -L/usr/lib/swift -Xlinker -add_ast_path -Xlinker /Users/oculus/Library/Developer/Xcode/DerivedData/Godstone-dwsupgxygdsnqugzqfrqouqbblve/Build/Intermediates.noindex/GodstonePackages.build/LightDebug-iphonesimulator/GodstoneMesh-t.build/Objects-normal/arm64/GodstoneMesh.swiftmodule -o /Users/oculus/Library/Developer/Xcode/DerivedData/Godstone-dwsupgxygdsnqugzqfrqouqbblve/Build/Products/LightDebug-iphonesimulator/GodstoneMesh.o

ExtractAppIntentsMetadata (in target 'GodstoneMesh' from project 'GodstonePackages')
    cd /tmp/board1-rc15-preparatory-46903cd0-xke1sctz/rod-worktrees/wt_IOS-WIPE-UX-002/ios/Godstone
    /Applications/Xcode.app/Contents/Developer/Toolchains/XcodeDefault.xctoolchain/usr/bin/appintentsmetadataprocessor --toolchain-dir /Applications/Xcode.app/Contents/Developer/Toolchains/XcodeDefault.xctoolchain --module-name GodstoneMesh --sdk-root /Applications/Xcode.app/Contents/Developer/Platforms/iPhoneSimulator.platform/Developer/SDKs/iPhoneSimulator27.0.sdk --xcode-version 27A266a --platform-family iOS --deployment-target 16.0 --bundle-identifier godstone.GodstoneMesh --output /Users/oculus/Library/Developer/Xcode/DerivedData/Godstone-dwsupgxygdsnqugzqfrqouqbblve/Build/Products/LightDebug-iphonesimulator/GodstoneMesh.appintents --target-triple arm64-apple-ios16.0-simulator --binary-file /Users/oculus/Library/Developer/Xcode/DerivedData/Godstone-dwsupgxygdsnqugzqfrqouqbblve/Build/Products/LightDebug-iphonesimulator/GodstoneMesh.o --dependency-file /Users/oculus/Library/Developer/Xcode/DerivedData/Godstone-dwsupgxygdsnqugzqfrqouqbblve/Build/Intermediates.noindex/GodstonePackages.build/LightDebug-iphonesimulator/GodstoneMesh-t.build/Objects-normal/arm64/GodstoneMesh_dependency_info.dat --stringsdata-file /Users/oculus/Library/Developer/Xcode/DerivedData/Godstone-dwsupgxygdsnqugzqfrqouqbblve/Build/Intermediates.noindex/GodstonePackages.build/LightDebug-iphonesimulator/GodstoneMesh-t.build/Objects-normal/arm64/ExtractedAppShortcutsMetadata.stringsdata --source-file-list /Users/oculus/Library/Developer/Xcode/DerivedData/Godstone-dwsupgxygdsnqugzqfrqouqbblve/Build/Intermediates.noindex/GodstonePackages.build/LightDebug-iphonesimulator/GodstoneMesh-t.build/Objects-normal/arm64/GodstoneMesh.SwiftFileList --metadata-file-list /Users/oculus/Library/Developer/Xcode/DerivedData/Godstone-dwsupgxygdsnqugzqfrqouqbblve/Build/Intermediates.noindex/GodstonePackages.build/LightDebug-iphonesimulator/GodstoneMesh-t.build/GodstoneMesh.DependencyMetadataFileList --static-metadata-file-list /Users/oculus/Library/Developer/Xcode/DerivedData/Godstone-dwsupgxygdsnqugzqfrqouqbblve/Build/Intermediates.noindex/GodstonePackages.build/LightDebug-iphonesimulator/GodstoneMesh-t.build/GodstoneMesh.DependencyStaticMetadataFileList --swift-const-vals-list /Users/oculus/Library/Developer/Xcode/DerivedData/Godstone-dwsupgxygdsnqugzqfrqouqbblve/Build/Intermediates.noindex/GodstonePackages.build/LightDebug-iphonesimulator/GodstoneMesh-t.build/Objects-normal/arm64/GodstoneMesh.SwiftConstValuesFileList --force --compile-time-extraction --deployment-aware-processing --no-app-shortcuts-localization
2026-10-05 06:53:02.742 appintentsmetadataprocessor[10278:52676672] Starting appintentsmetadataprocessor export
2026-10-05 06:53:02.828 appintentsmetadataprocessor[10278:52676672] Extracted no relevant App Intents symbols, skipping writing output

Ld /Users/oculus/Library/Developer/Xcode/DerivedData/Godstone-dwsupgxygdsnqugzqfrqouqbblve/Build/Products/LightDebug-iphonesimulator/GodstoneLabMesh.app/GodstoneLabMesh.debug.dylib normal (in target 'LabMesh' from project 'Godstone')
    cd /tmp/board1-rc15-preparatory-46903cd0-xke1sctz/rod-worktrees/wt_IOS-WIPE-UX-002/ios
    /Applications/Xcode.app/Contents/Developer/Toolchains/XcodeDefault.xctoolchain/usr/bin/clang -Xlinker -reproducible -target arm64-apple-ios16.0-simulator -dynamiclib -isysroot /Applications/Xcode.app/Contents/Developer/Platforms/iPhoneSimulator.platform/Developer/SDKs/iPhoneSimulator27.0.sdk -O0 -Xlinker -no_warn_duplicate_libraries -L/Users/oculus/Library/Developer/Xcode/DerivedData/Godstone-dwsupgxygdsnqugzqfrqouqbblve/Build/Intermediates.noindex/EagerLinkingTBDs/LightDebug-iphonesimulator -L/Users/oculus/Library/Developer/Xcode/DerivedData/Godstone-dwsupgxygdsnqugzqfrqouqbblve/Build/Products/LightDebug-iphonesimulator -F/Users/oculus/Library/Developer/Xcode/DerivedData/Godstone-dwsupgxygdsnqugzqfrqouqbblve/Build/Intermediates.noindex/EagerLinkingTBDs/LightDebug-iphonesimulator -F/Users/oculus/Library/Developer/Xcode/DerivedData/Godstone-dwsupgxygdsnqugzqfrqouqbblve/Build/Products/LightDebug-iphonesimulator/PackageFrameworks -F/Users/oculus/Library/Developer/Xcode/DerivedData/Godstone-dwsupgxygdsnqugzqfrqouqbblve/Build/Products/LightDebug-iphonesimulator -filelist /Users/oculus/Library/Developer/Xcode/DerivedData/Godstone-dwsupgxygdsnqugzqfrqouqbblve/Build/Intermediates.noindex/Godstone.build/LightDebug-iphonesimulator/LabMesh.build/Objects-normal/arm64/GodstoneLabMesh.LinkFileList -install_name @rpath/GodstoneLabMesh.debug.dylib -Xlinker -rpath -Xlinker /usr/lib/swift -Xlinker -rpath -Xlinker @executable_path/Frameworks -Xlinker -dead_strip -Xlinker -object_path_lto -Xlinker /Users/oculus/Library/Developer/Xcode/DerivedData/Godstone-dwsupgxygdsnqugzqfrqouqbblve/Build/Intermediates.noindex/Godstone.build/LightDebug-iphonesimulator/LabMesh.build/Objects-normal/arm64/GodstoneLabMesh_lto.o -rdynamic -Xlinker -no_deduplicate -Xlinker -objc_abi_version -Xlinker 2 -Xlinker -dependency_info -Xlinker /Users/oculus/Library/Developer/Xcode/DerivedData/Godstone-dwsupgxygdsnqugzqfrqouqbblve/Build/Intermediates.noindex/Godstone.build/LightDebug-iphonesimulator/LabMesh.build/Objects-normal/arm64/GodstoneLabMesh_dependency_info.dat -fobjc-link-runtime -L/Applications/Xcode.app/Contents/Developer/Toolchains/XcodeDefault.xctoolchain/usr/lib/swift/iphonesimulator -L/usr/lib/swift -Xlinker -add_ast_path -Xlinker /Users/oculus/Library/Developer/Xcode/DerivedData/Godstone-dwsupgxygdsnqugzqfrqouqbblve/Build/Intermediates.noindex/Godstone.build/LightDebug-iphonesimulator/LabMesh.build/Objects-normal/arm64/GodstoneLabMesh.swiftmodule -Xlinker -alias -Xlinker _main -Xlinker ___debug_main_executable_dylib_entry_point -o /Users/oculus/Library/Developer/Xcode/DerivedData/Godstone-dwsupgxygdsnqugzqfrqouqbblve/Build/Products/LightDebug-iphonesimulator/GodstoneLabMesh.app/GodstoneLabMesh.debug.dylib

ConstructStubExecutorLinkFileList /Users/oculus/Library/Developer/Xcode/DerivedData/Godstone-dwsupgxygdsnqugzqfrqouqbblve/Build/Intermediates.noindex/Godstone.build/LightDebug-iphonesimulator/LabMesh.build/GodstoneLabMesh-ExecutorLinkFileList-normal-arm64.txt (in target 'LabMesh' from project 'Godstone')
    cd /tmp/board1-rc15-preparatory-46903cd0-xke1sctz/rod-worktrees/wt_IOS-WIPE-UX-002/ios
    construct-stub-executor-link-file-list /Users/oculus/Library/Developer/Xcode/DerivedData/Godstone-dwsupgxygdsnqugzqfrqouqbblve/Build/Products/LightDebug-iphonesimulator/GodstoneLabMesh.app/GodstoneLabMesh.debug.dylib /Applications/Xcode.app/Contents/Developer/Platforms/iPhoneSimulator.platform/Developer/usr/lib/libPreviewsJITStubExecutor_no_swift_entry_point.a /Applications/Xcode.app/Contents/Developer/Platforms/iPhoneSimulator.platform/Developer/usr/lib/libPreviewsJITStubExecutor.a --output /Users/oculus/Library/Developer/Xcode/DerivedData/Godstone-dwsupgxygdsnqugzqfrqouqbblve/Build/Intermediates.noindex/Godstone.build/LightDebug-iphonesimulator/LabMesh.build/GodstoneLabMesh-ExecutorLinkFileList-normal-arm64.txt
note: Using stub executor library with Swift entry point. (in target 'LabMesh' from project 'Godstone')

Ld /Users/oculus/Library/Developer/Xcode/DerivedData/Godstone-dwsupgxygdsnqugzqfrqouqbblve/Build/Products/LightDebug-iphonesimulator/GodstoneLabMesh.app/GodstoneLabMesh normal (in target 'LabMesh' from project 'Godstone')
    cd /tmp/board1-rc15-preparatory-46903cd0-xke1sctz/rod-worktrees/wt_IOS-WIPE-UX-002/ios
    /Applications/Xcode.app/Contents/Developer/Toolchains/XcodeDefault.xctoolchain/usr/bin/clang -Xlinker -reproducible -target arm64-apple-ios16.0-simulator -isysroot /Applications/Xcode.app/Contents/Developer/Platforms/iPhoneSimulator.platform/Developer/SDKs/iPhoneSimulator27.0.sdk -O0 -Xlinker -no_warn_duplicate_libraries -L/Users/oculus/Library/Developer/Xcode/DerivedData/Godstone-dwsupgxygdsnqugzqfrqouqbblve/Build/Products/LightDebug-iphonesimulator -F/Users/oculus/Library/Developer/Xcode/DerivedData/Godstone-dwsupgxygdsnqugzqfrqouqbblve/Build/Products/LightDebug-iphonesimulator/PackageFrameworks -F/Users/oculus/Library/Developer/Xcode/DerivedData/Godstone-dwsupgxygdsnqugzqfrqouqbblve/Build/Products/LightDebug-iphonesimulator -Xlinker -rpath -Xlinker @executable_path -Xlinker -rpath -Xlinker @executable_path/Frameworks -rdynamic -Xlinker -no_deduplicate -Xlinker -objc_abi_version -Xlinker 2 -e ___debug_blank_executor_main -Xlinker -sectcreate -Xlinker __TEXT -Xlinker __debug_dylib -Xlinker /Users/oculus/Library/Developer/Xcode/DerivedData/Godstone-dwsupgxygdsnqugzqfrqouqbblve/Build/Intermediates.noindex/Godstone.build/LightDebug-iphonesimulator/LabMesh.build/GodstoneLabMesh-DebugDylibPath-normal-arm64.txt -Xlinker -sectcreate -Xlinker __TEXT -Xlinker __debug_instlnm -Xlinker /Users/oculus/Library/Developer/Xcode/DerivedData/Godstone-dwsupgxygdsnqugzqfrqouqbblve/Build/Intermediates.noindex/Godstone.build/LightDebug-iphonesimulator/LabMesh.build/GodstoneLabMesh-DebugDylibInstallName-normal-arm64.txt -Xlinker -filelist -Xlinker /Users/oculus/Library/Developer/Xcode/DerivedData/Godstone-dwsupgxygdsnqugzqfrqouqbblve/Build/Intermediates.noindex/Godstone.build/LightDebug-iphonesimulator/LabMesh.build/GodstoneLabMesh-ExecutorLinkFileList-normal-arm64.txt /Users/oculus/Library/Developer/Xcode/DerivedData/Godstone-dwsupgxygdsnqugzqfrqouqbblve/Build/Products/LightDebug-iphonesimulator/GodstoneLabMesh.app/GodstoneLabMesh.debug.dylib -o /Users/oculus/Library/Developer/Xcode/DerivedData/Godstone-dwsupgxygdsnqugzqfrqouqbblve/Build/Products/LightDebug-iphonesimulator/GodstoneLabMesh.app/GodstoneLabMesh

ExtractAppIntentsMetadata (in target 'LabMesh' from project 'Godstone')
    cd /tmp/board1-rc15-preparatory-46903cd0-xke1sctz/rod-worktrees/wt_IOS-WIPE-UX-002/ios
    /Applications/Xcode.app/Contents/Developer/Toolchains/XcodeDefault.xctoolchain/usr/bin/appintentsmetadataprocessor --toolchain-dir /Applications/Xcode.app/Contents/Developer/Toolchains/XcodeDefault.xctoolchain --module-name GodstoneLabMesh --sdk-root /Applications/Xcode.app/Contents/Developer/Platforms/iPhoneSimulator.platform/Developer/SDKs/iPhoneSimulator27.0.sdk --xcode-version 27A266a --platform-family iOS --deployment-target 16.0 --bundle-identifier io.godstone.labmesh --output /Users/oculus/Library/Developer/Xcode/DerivedData/Godstone-dwsupgxygdsnqugzqfrqouqbblve/Build/Products/LightDebug-iphonesimulator/GodstoneLabMesh.app --target-triple arm64-apple-ios16.0-simulator --binary-file /Users/oculus/Library/Developer/Xcode/DerivedData/Godstone-dwsupgxygdsnqugzqfrqouqbblve/Build/Products/LightDebug-iphonesimulator/GodstoneLabMesh.app/GodstoneLabMesh --dependency-file /Users/oculus/Library/Developer/Xcode/DerivedData/Godstone-dwsupgxygdsnqugzqfrqouqbblve/Build/Intermediates.noindex/Godstone.build/LightDebug-iphonesimulator/LabMesh.build/Objects-normal/arm64/GodstoneLabMesh_dependency_info.dat --stringsdata-file /Users/oculus/Library/Developer/Xcode/DerivedData/Godstone-dwsupgxygdsnqugzqfrqouqbblve/Build/Intermediates.noindex/Godstone.build/LightDebug-iphonesimulator/LabMesh.build/Objects-normal/arm64/ExtractedAppShortcutsMetadata.stringsdata --source-file-list /Users/oculus/Library/Developer/Xcode/DerivedData/Godstone-dwsupgxygdsnqugzqfrqouqbblve/Build/Intermediates.noindex/Godstone.build/LightDebug-iphonesimulator/LabMesh.build/Objects-normal/arm64/GodstoneLabMesh.SwiftFileList --metadata-file-list /Users/oculus/Library/Developer/Xcode/DerivedData/Godstone-dwsupgxygdsnqugzqfrqouqbblve/Build/Intermediates.noindex/Godstone.build/LightDebug-iphonesimulator/LabMesh.build/GodstoneLabMesh.DependencyMetadataFileList --static-metadata-file-list /Users/oculus/Library/Developer/Xcode/DerivedData/Godstone-dwsupgxygdsnqugzqfrqouqbblve/Build/Intermediates.noindex/Godstone.build/LightDebug-iphonesimulator/LabMesh.build/GodstoneLabMesh.DependencyStaticMetadataFileList --swift-const-vals-list /Users/oculus/Library/Developer/Xcode/DerivedData/Godstone-dwsupgxygdsnqugzqfrqouqbblve/Build/Intermediates.noindex/Godstone.build/LightDebug-iphonesimulator/LabMesh.build/Objects-normal/arm64/GodstoneLabMesh.SwiftConstValuesFileList --compile-time-extraction --deployment-aware-processing --no-app-shortcuts-localization
2026-10-05 06:53:03.147 appintentsmetadataprocessor[10283:52676719] Starting appintentsmetadataprocessor export
2026-10-05 06:53:03.147 appintentsmetadataprocessor[10283:52676719] warning: Metadata extraction skipped, no AppIntents.framework dependency found

CopySwiftLibs /Users/oculus/Library/Developer/Xcode/DerivedData/Godstone-dwsupgxygdsnqugzqfrqouqbblve/Build/Products/LightDebug-iphonesimulator/GodstoneLabMesh.app (in target 'LabMesh' from project 'Godstone')
    cd /tmp/board1-rc15-preparatory-46903cd0-xke1sctz/rod-worktrees/wt_IOS-WIPE-UX-002/ios
    builtin-swiftStdLibTool --copy --verbose --scan-executable /Users/oculus/Library/Developer/Xcode/DerivedData/Godstone-dwsupgxygdsnqugzqfrqouqbblve/Build/Products/LightDebug-iphonesimulator/GodstoneLabMesh.app/GodstoneLabMesh.debug.dylib --scan-folder /Users/oculus/Library/Developer/Xcode/DerivedData/Godstone-dwsupgxygdsnqugzqfrqouqbblve/Build/Products/LightDebug-iphonesimulator/GodstoneLabMesh.app/Frameworks --scan-folder /Users/oculus/Library/Developer/Xcode/DerivedData/Godstone-dwsupgxygdsnqugzqfrqouqbblve/Build/Products/LightDebug-iphonesimulator/GodstoneLabMesh.app/PlugIns --scan-folder /Users/oculus/Library/Developer/Xcode/DerivedData/Godstone-dwsupgxygdsnqugzqfrqouqbblve/Build/Products/LightDebug-iphonesimulator/GodstoneLabMesh.app/SystemExtensions --scan-folder /Users/oculus/Library/Developer/Xcode/DerivedData/Godstone-dwsupgxygdsnqugzqfrqouqbblve/Build/Products/LightDebug-iphonesimulator/GodstoneLabMesh.app/Extensions --platform iphonesimulator --toolchain /Applications/Xcode.app/Contents/Developer/Toolchains/XcodeDefault.xctoolchain --destination /Users/oculus/Library/Developer/Xcode/DerivedData/Godstone-dwsupgxygdsnqugzqfrqouqbblve/Build/Products/LightDebug-iphonesimulator/GodstoneLabMesh.app/Frameworks --strip-bitcode --strip-bitcode-tool /Applications/Xcode.app/Contents/Developer/Toolchains/XcodeDefault.xctoolchain/usr/bin/bitcode_strip --emit-dependency-info /Users/oculus/Library/Developer/Xcode/DerivedData/Godstone-dwsupgxygdsnqugzqfrqouqbblve/Build/Intermediates.noindex/Godstone.build/LightDebug-iphonesimulator/LabMesh.build/SwiftStdLibToolInputDependencies.dep --filter-for-swift-os
Ignoring --strip-bitcode because --sign was not passed

PruneExplicitPrecompiledModules /Users/oculus/Library/Developer/Xcode/DerivedData/Godstone-dwsupgxygdsnqugzqfrqouqbblve/Build/Intermediates.noindex/SwiftExplicitPrecompiledModules

PruneExplicitPrecompiledModules /Users/oculus/Library/Developer/Xcode/DerivedData/SDKExplicitPrecompiledModules

PruneExplicitPrecompiledModules /Users/oculus/Library/Developer/Xcode/DerivedData/Godstone-dwsupgxygdsnqugzqfrqouqbblve/Build/Intermediates.noindex/ExplicitPrecompiledModules

2026-10-05 06:53:04.136746+0530 LabMeshUITests-Runner[10296:52676893] [Default] Running tests...
    t =      nans Interface orientation changed to Portrait
Test Suite 'All tests' started at 2026-10-05 06:53:04.705.
Test Suite 'LabMeshUITests.xctest' started at 2026-10-05 06:53:04.705.
Test Suite 'LabMeshAccessibilityUITests' started at 2026-10-05 06:53:04.705.
Test Case '-[LabMeshUITests.LabMeshAccessibilityUITests testGSINT001EveryEssentialControlIsReachableLabelledEnabledAndBigEnough]' started.
    t =     0.00s Start Test at 2026-10-05 06:53:04.706
    t =     0.02s Set Up
    t =     0.02s Open io.godstone.labmesh
    t =     0.02s     Launch io.godstone.labmesh
2026-10-05 06:53:04.775 xcodebuild[10179:52675962] [MT] IDELaunchParametersSnapshot: debugger version lookup failed for path '<nil>': noURL
2026-10-05 06:53:04.775 xcodebuild[10179:52675962] [MT] IDELaunchParametersSnapshot: no debugger version
    t =     0.48s         Setting up automation session
objc[10296]: Class UIAccessibilityLoaderWebShared is implemented in both /Library/Developer/CoreSimulator/Volumes/iOS_23F77/Library/Developer/CoreSimulator/Profiles/Runtimes/iOS 26.5.simruntime/Contents/Resources/RuntimeRoot/System/Library/AccessibilityBundles/WebCore.axbundle/WebCore (0x107828310) and /Library/Developer/CoreSimulator/Volumes/iOS_23F77/Library/Developer/CoreSimulator/Profiles/Runtimes/iOS 26.5.simruntime/Contents/Resources/RuntimeRoot/System/Library/AccessibilityBundles/WebKit.axbundle/WebKit (0x107128398). This may cause spurious casting failures and mysterious crashes. One of the duplicates must be removed or renamed.
    t =     1.06s         Wait for io.godstone.labmesh to idle
    t =     2.49s Checking existence of `"lab.tab.conversation" Button`
    t =     2.62s Checking existence of `"lab.tab.conversation" Button`
    t =     2.93s Checking existence of `"lab.tab.conversation" Button`
    t =     2.99s Checking existence of `"lab.tab.conversation" Button`
    t =     3.18s Checking existence of `"lab.tab.conversation" Button`
    t =     3.26s Waiting 20.0s for "lab.tab.conversation" Button to exist
    t =     4.33s     Checking `Expect predicate `existsNoRetry == 1` for object "lab.tab.conversation" Button`
    t =     4.33s         Checking existence of `"lab.tab.conversation" Button`
    t =     4.36s Tap "lab.tab.conversation" Button
    t =     4.36s     Wait for io.godstone.labmesh to idle
    t =     4.36s     Find the "lab.tab.conversation" Button
    t =     4.38s     Check for interrupting elements affecting "lab.tab.conversation" Button
    t =     4.40s     Synthesize event
    t =     4.69s     Wait for io.godstone.labmesh to idle
    t =     5.45s Waiting 20.0s for "lab.conversation.recipient" Any to exist
    t =     6.52s     Checking `Expect predicate `existsNoRetry == 1` for object "lab.conversation.recipient" Any`
    t =     6.52s         Checking existence of `"lab.conversation.recipient" Any`
    t =     6.58s Checking existence of `"lab.conversation.recipient" Any`
    t =     6.62s Find the "lab.conversation.recipient" Any
    t =     6.65s Find the "lab.conversation.recipient" Button
    t =     6.87s Find the "lab.conversation.recipient" Button
    t =     6.96s Find the "lab.conversation.recipient" Button
    t =     7.01s Find the "lab.conversation.recipient" Button
    t =     7.07s Find the "lab.conversation.recipient" Button
    t =     7.15s Find the "lab.conversation.recipient" Button
    t =     7.21s Waiting 20.0s for "lab.conversation.send" Any to exist
    t =     8.28s     Checking `Expect predicate `existsNoRetry == 1` for object "lab.conversation.send" Any`
    t =     8.28s         Checking existence of `"lab.conversation.send" Any`
    t =     8.49s Checking existence of `"lab.conversation.send" Any`
    t =     8.57s Find the "lab.conversation.send" Any
    t =     8.66s Find the "lab.conversation.send" Button
    t =     8.74s Checking existence of `ScrollView (First Match)`
    t =     8.75s Swipe up ScrollView (First Match)
    t =     8.75s     Wait for io.godstone.labmesh to idle
    t =     8.75s     Find the ScrollView (First Match)
    t =     8.78s     Check for interrupting elements affecting ScrollView
    t =     8.80s     Synthesize event
    t =     9.25s     Wait for io.godstone.labmesh to idle
    t =     9.79s Checking existence of `"lab.conversation.send" Button`
    t =     9.84s Find the "lab.conversation.send" Button
    t =     9.88s Find the "lab.conversation.send" Button
    t =     9.92s Find the "lab.conversation.send" Button
    t =     9.96s Find the "lab.conversation.send" Button
    t =     9.99s Find the "lab.conversation.send" Button
    t =    10.02s Find the "lab.conversation.send" Button
    t =    10.06s Checking existence of `"lab.tab.sos" Button`
    t =    10.08s Waiting 20.0s for "lab.tab.sos" Button to exist
    t =    11.14s     Checking `Expect predicate `existsNoRetry == 1` for object "lab.tab.sos" Button`
    t =    11.14s         Checking existence of `"lab.tab.sos" Button`
    t =    11.17s Tap "lab.tab.sos" Button
    t =    11.17s     Wait for io.godstone.labmesh to idle
    t =    11.17s     Find the "lab.tab.sos" Button
    t =    11.18s     Check for interrupting elements affecting "lab.tab.sos" Button
    t =    11.20s     Synthesize event
    t =    11.48s     Wait for io.godstone.labmesh to idle
    t =    12.70s Waiting 20.0s for "lab.sos.hold" Any to exist
    t =    13.77s     Checking `Expect predicate `existsNoRetry == 1` for object "lab.sos.hold" Any`
    t =    13.77s         Checking existence of `"lab.sos.hold" Any`
    t =    13.82s Checking existence of `"lab.sos.hold" Any`
    t =    13.86s Find the "lab.sos.hold" Any
    t =    13.89s Find the "lab.sos.hold" StaticText
    t =    13.92s Find the "lab.sos.hold" StaticText
    t =    13.97s Find the "lab.sos.hold" StaticText
    t =    14.00s Waiting 20.0s for "lab.sos.cancel" Any to exist
    t =    15.07s     Checking `Expect predicate `existsNoRetry == 1` for object "lab.sos.cancel" Any`
    t =    15.07s         Checking existence of `"lab.sos.cancel" Any`
    t =    15.12s Checking existence of `"lab.sos.cancel" Any`
    t =    15.14s Find the "lab.sos.cancel" Any
    t =    15.17s Find the "lab.sos.cancel" Button
    t =    15.21s Find the "lab.sos.cancel" Button
    t =    15.24s Find the "lab.sos.cancel" Button
    t =    15.27s Waiting 20.0s for "lab.sos.retry" Any to exist
    t =    16.34s     Checking `Expect predicate `existsNoRetry == 1` for object "lab.sos.retry" Any`
    t =    16.34s         Checking existence of `"lab.sos.retry" Any`
    t =    16.38s Checking existence of `"lab.sos.retry" Any`
    t =    16.41s Find the "lab.sos.retry" Any
    t =    16.44s Find the "lab.sos.retry" Button
    t =    16.47s Checking existence of `ScrollView (First Match)`
    t =    16.48s Swipe up ScrollView (First Match)
    t =    16.48s     Wait for io.godstone.labmesh to idle
    t =    16.48s     Find the ScrollView (First Match)
    t =    16.49s     Check for interrupting elements affecting ScrollView
    t =    16.50s     Synthesize event
    t =    16.94s     Wait for io.godstone.labmesh to idle
    t =    17.43s Checking existence of `"lab.sos.retry" Button`
    t =    17.47s Find the "lab.sos.retry" Button
    t =    17.50s Find the "lab.sos.retry" Button
    t =    17.53s Find the "lab.sos.retry" Button
    t =    17.56s Find the "lab.sos.retry" Button
    t =    17.58s Tear Down
Test Case '-[LabMeshUITests.LabMeshAccessibilityUITests testGSINT001EveryEssentialControlIsReachableLabelledEnabledAndBigEnough]' passed (17.834 seconds).
Test Case '-[LabMeshUITests.LabMeshAccessibilityUITests testGSINT001TheDistressStateSurvivesRelaunchInTheSharedVocabulary]' started.
    t =     0.00s Start Test at 2026-10-05 06:53:22.541
    t =     0.02s Set Up
    t =     0.02s Open io.godstone.labmesh
    t =     0.03s     Launch io.godstone.labmesh
    t =     0.03s         Terminate io.godstone.labmesh:10307
2026-10-05 06:53:23.648 xcodebuild[10179:52675962] [MT] IDELaunchParametersSnapshot: debugger version lookup failed for path '<nil>': noURL
2026-10-05 06:53:23.648 xcodebuild[10179:52675962] [MT] IDELaunchParametersSnapshot: no debugger version
    t =     1.31s         Setting up automation session
    t =     1.96s         Wait for io.godstone.labmesh to idle
    t =     3.27s Checking existence of `"lab.tab.sos" Button`
    t =     3.33s Checking existence of `"lab.tab.sos" Button`
    t =     3.50s Checking existence of `"lab.tab.sos" Button`
    t =     3.52s Checking existence of `"lab.tab.sos" Button`
    t =     3.69s Checking existence of `"lab.tab.sos" Button`
    t =     3.72s Waiting 20.0s for "lab.tab.sos" Button to exist
    t =     4.79s     Checking `Expect predicate `existsNoRetry == 1` for object "lab.tab.sos" Button`
    t =     4.79s         Checking existence of `"lab.tab.sos" Button`
    t =     4.82s Tap "lab.tab.sos" Button
    t =     4.82s     Wait for io.godstone.labmesh to idle
    t =     4.82s     Find the "lab.tab.sos" Button
    t =     4.83s     Check for interrupting elements affecting "lab.tab.sos" Button
    t =     4.85s     Synthesize event
    t =     5.13s     Wait for io.godstone.labmesh to idle
    t =     6.53s Waiting 20.0s for "lab.sos.send" Button to exist
    t =     7.61s     Checking `Expect predicate `existsNoRetry == 1` for object "lab.sos.send" Button`
    t =     7.61s         Checking existence of `"lab.sos.send" Button`
    t =     7.64s Tap "lab.sos.send" Button
    t =     7.64s     Wait for io.godstone.labmesh to idle
    t =     7.65s     Find the "lab.sos.send" Button
    t =     7.66s     Check for interrupting elements affecting "lab.sos.send" Button
    t =     7.68s     Synthesize event
    t =     7.97s     Wait for io.godstone.labmesh to idle
    t =     9.04s Checking `Expect predicate `value BEGINSWITH "active: "` for object "lab.sos.state" Any`
    t =     9.04s     Find the "lab.sos.state" Any
    t =     9.08s Find the "lab.sos.state" Other
    t =     9.13s Terminate io.godstone.labmesh:10482
    t =    10.21s Open io.godstone.labmesh
    t =    10.21s     Launch io.godstone.labmesh
2026-10-05 06:53:32.749 xcodebuild[10179:52675962] [MT] IDELaunchParametersSnapshot: debugger version lookup failed for path '<nil>': noURL
2026-10-05 06:53:32.749 xcodebuild[10179:52675962] [MT] IDELaunchParametersSnapshot: no debugger version
    t =    10.42s         Setting up automation session
    t =    11.04s         Wait for io.godstone.labmesh to idle
    t =    12.38s Checking existence of `"lab.tab.sos" Button`
    t =    12.50s Checking existence of `"lab.tab.sos" Button`
    t =    12.67s Checking existence of `"lab.tab.sos" Button`
    t =    12.72s Checking existence of `"lab.tab.sos" Button`
    t =    12.89s Checking existence of `"lab.tab.sos" Button`
    t =    12.96s Checking existence of `"lab.tab.sos" Button`
    t =    13.18s Checking existence of `"lab.tab.sos" Button`
    t =    13.20s Waiting 20.0s for "lab.tab.sos" Button to exist
    t =    14.26s     Checking `Expect predicate `existsNoRetry == 1` for object "lab.tab.sos" Button`
    t =    14.26s         Checking existence of `"lab.tab.sos" Button`
    t =    14.34s Tap "lab.tab.sos" Button
    t =    14.34s     Wait for io.godstone.labmesh to idle
    t =    14.35s     Find the "lab.tab.sos" Button
    t =    14.37s     Check for interrupting elements affecting "lab.tab.sos" Button
    t =    14.39s     Synthesize event
    t =    14.69s     Wait for io.godstone.labmesh to idle
    t =    16.08s Waiting 20.0s for "lab.sos.state" Any to exist
    t =    17.13s     Checking `Expect predicate `existsNoRetry == 1` for object "lab.sos.state" Any`
    t =    17.13s         Checking existence of `"lab.sos.state" Any`
    t =    17.18s Find the "lab.sos.state" Any
    t =    17.22s Tear Down
Test Case '-[LabMeshUITests.LabMeshAccessibilityUITests testGSINT001TheDistressStateSurvivesRelaunchInTheSharedVocabulary]' passed (17.484 seconds).
Test Case '-[LabMeshUITests.LabMeshAccessibilityUITests testGSINT001TheLargestTextScaleReallyEnlargesTheLaidOutLayout]' started.
    t =     0.00s Start Test at 2026-10-05 06:53:40.025
    t =     0.02s Set Up
    t =     0.03s Open io.godstone.labmesh
    t =     0.03s     Launch io.godstone.labmesh
    t =     0.03s         Terminate io.godstone.labmesh:10659
2026-10-05 06:53:41.140 xcodebuild[10179:52675962] [MT] IDELaunchParametersSnapshot: debugger version lookup failed for path '<nil>': noURL
2026-10-05 06:53:41.140 xcodebuild[10179:52675962] [MT] IDELaunchParametersSnapshot: no debugger version
    t =     1.33s         Setting up automation session
    t =     2.01s         Wait for io.godstone.labmesh to idle
    t =     3.35s Checking existence of `"lab.tab.conversation" Button`
    t =     3.49s Checking existence of `"lab.tab.conversation" Button`
    t =     3.66s Checking existence of `"lab.tab.conversation" Button`
    t =     3.74s Checking existence of `"lab.tab.conversation" Button`
    t =     3.90s Checking existence of `"lab.tab.conversation" Button`
    t =     3.99s Checking existence of `"lab.tab.conversation" Button`
    t =     4.00s Waiting 40.0s for "lab.tab.conversation" Button to exist
    t =     5.05s     Checking `Expect predicate `existsNoRetry == 1` for object "lab.tab.conversation" Button`
    t =     5.05s         Checking existence of `"lab.tab.conversation" Button`
    t =     5.12s Tap "lab.tab.conversation" Button
    t =     5.12s     Wait for io.godstone.labmesh to idle
    t =     5.12s     Find the "lab.tab.conversation" Button
    t =     5.14s     Check for interrupting elements affecting "lab.tab.conversation" Button
    t =     5.16s     Synthesize event
    t =     5.46s     Wait for io.godstone.labmesh to idle
    t =     6.21s Waiting 30.0s for "lab.conversation.field" TextField to exist
    t =     7.27s     Checking `Expect predicate `existsNoRetry == 1` for object "lab.conversation.field" TextField`
    t =     7.27s         Checking existence of `"lab.conversation.field" TextField`
    t =     7.31s Find the "lab.conversation.field" TextField
    t =     7.34s Open io.godstone.labmesh
    t =     7.34s     Launch io.godstone.labmesh
    t =     7.34s         Terminate io.godstone.labmesh:10763
2026-10-05 06:53:48.465 xcodebuild[10179:52675962] [MT] IDELaunchParametersSnapshot: debugger version lookup failed for path '<nil>': noURL
2026-10-05 06:53:48.465 xcodebuild[10179:52675962] [MT] IDELaunchParametersSnapshot: no debugger version
    t =     8.65s         Setting up automation session
    t =     9.28s         Wait for io.godstone.labmesh to idle
    t =    10.58s Checking existence of `"lab.tab.conversation" Button`
    t =    10.67s Checking existence of `"lab.tab.conversation" Button`
    t =    10.84s Checking existence of `"lab.tab.conversation" Button`
    t =    10.86s Checking existence of `"lab.tab.conversation" Button`
    t =    11.03s Checking existence of `"lab.tab.conversation" Button`
    t =    11.06s Waiting 40.0s for "lab.tab.conversation" Button to exist
    t =    12.10s     Checking `Expect predicate `existsNoRetry == 1` for object "lab.tab.conversation" Button`
    t =    12.10s         Checking existence of `"lab.tab.conversation" Button`
    t =    12.13s Tap "lab.tab.conversation" Button
    t =    12.13s     Wait for io.godstone.labmesh to idle
    t =    12.14s     Find the "lab.tab.conversation" Button
    t =    12.16s     Check for interrupting elements affecting "lab.tab.conversation" Button
    t =    12.17s     Synthesize event
    t =    12.46s     Wait for io.godstone.labmesh to idle
    t =    13.23s Waiting 30.0s for "lab.conversation.field" TextField to exist
    t =    14.31s     Checking `Expect predicate `existsNoRetry == 1` for object "lab.conversation.field" TextField`
    t =    14.31s         Checking existence of `"lab.conversation.field" TextField`
    t =    14.36s Find the "lab.conversation.field" TextField
    t =    14.39s Tear Down
Test Case '-[LabMeshUITests.LabMeshAccessibilityUITests testGSINT001TheLargestTextScaleReallyEnlargesTheLaidOutLayout]' passed (14.634 seconds).
Test Case '-[LabMeshUITests.LabMeshAccessibilityUITests testGSINT001TheOutcomeChangeReachesTheAnnouncementDoor]' started.
    t =     0.00s Start Test at 2026-10-05 06:53:54.660
    t =     0.02s Set Up
    t =     0.03s Open io.godstone.labmesh
    t =     0.03s     Launch io.godstone.labmesh
    t =     0.03s         Terminate io.godstone.labmesh:10841
2026-10-05 06:53:55.764 xcodebuild[10179:52675962] [MT] IDELaunchParametersSnapshot: debugger version lookup failed for path '<nil>': noURL
2026-10-05 06:53:55.764 xcodebuild[10179:52675962] [MT] IDELaunchParametersSnapshot: no debugger version
    t =     1.31s         Setting up automation session
    t =     1.90s         Wait for io.godstone.labmesh to idle
    t =     3.20s Checking existence of `"lab.tab.conversation" Button`
    t =     3.29s Checking existence of `"lab.tab.conversation" Button`
    t =     3.47s Checking existence of `"lab.tab.conversation" Button`
    t =     3.50s Checking existence of `"lab.tab.conversation" Button`
    t =     3.67s Checking existence of `"lab.tab.conversation" Button`
    t =     3.74s Checking existence of `"lab.tab.conversation" Button`
    t =     3.91s Checking existence of `"lab.tab.conversation" Button`
    t =     3.95s Waiting 20.0s for "lab.tab.conversation" Button to exist
    t =     4.99s     Checking `Expect predicate `existsNoRetry == 1` for object "lab.tab.conversation" Button`
    t =     4.99s         Checking existence of `"lab.tab.conversation" Button`
    t =     5.02s Tap "lab.tab.conversation" Button
    t =     5.02s     Wait for io.godstone.labmesh to idle
    t =     5.02s     Find the "lab.tab.conversation" Button
    t =     5.04s     Check for interrupting elements affecting "lab.tab.conversation" Button
    t =     5.05s     Synthesize event
    t =     5.34s     Wait for io.godstone.labmesh to idle
    t =     6.10s Waiting 20.0s for "lab.a11y.announced" Any to exist
    t =     7.15s     Checking `Expect predicate `existsNoRetry == 1` for object "lab.a11y.announced" Any`
    t =     7.15s         Checking existence of `"lab.a11y.announced" Any`
    t =     7.30s Waiting 20.0s for "lab.conversation.octets" Any to exist
    t =     8.37s     Checking `Expect predicate `existsNoRetry == 1` for object "lab.conversation.octets" Any`
    t =     8.37s         Checking existence of `"lab.conversation.octets" Any`
    t =     8.42s Waiting 20.0s for "lab.conversation.linkstate" StaticText to exist
    t =     9.49s     Checking `Expect predicate `existsNoRetry == 1` for object "lab.conversation.linkstate" StaticText`
    t =     9.49s         Checking existence of `"lab.conversation.linkstate" StaticText`
    t =     9.53s Find the "lab.conversation.octets" Any
    t =     9.57s Find the "lab.conversation.octets" Other
    t =     9.61s Waiting 20.0s for "lab.conversation.field" TextField to exist
    t =    10.65s     Checking `Expect predicate `existsNoRetry == 1` for object "lab.conversation.field" TextField`
    t =    10.65s         Checking existence of `"lab.conversation.field" TextField`
    t =    10.67s Tap "lab.conversation.field" TextField
    t =    10.67s     Wait for io.godstone.labmesh to idle
    t =    10.67s     Find the "lab.conversation.field" TextField
    t =    10.69s     Check for interrupting elements affecting "lab.conversation.field" TextField
    t =    10.70s     Synthesize event
    t =    10.99s     Wait for io.godstone.labmesh to idle
    t =    11.03s Type '⛵️ الطريق مسدود' into "lab.conversation.field" TextField
    t =    11.03s     Wait for io.godstone.labmesh to idle
    t =    11.41s     Find the "lab.conversation.field" TextField
    t =    11.47s     Check for interrupting elements affecting "lab.conversation.field" TextField
    t =    11.49s     Synthesize event
    t =    11.92s     Wait for io.godstone.labmesh to idle
    t =    12.97s Checking `Expect predicate `value != "32/400 octets"` for object "lab.conversation.octets" Other`
    t =    12.97s     Find the "lab.conversation.octets" Other
    t =    13.06s Find the "lab.conversation.octets" Other
    t =    13.13s Get number of matches for: Descendants matching type Keyboard
    t =    13.15s Type '
' into Target Application 'io.godstone.labmesh'
    t =    13.15s     Wait for io.godstone.labmesh to idle
    t =    13.15s     Find the Target Application 'io.godstone.labmesh'
    t =    13.17s     Check for interrupting elements affecting "GodstoneLabMesh" Application
    t =    13.19s     Synthesize event
    t =    13.19s         Get number of matches for: Elements containing elements matching predicate 'hasKeyboardFocus == 1'
    t =    13.42s     Wait for io.godstone.labmesh to idle
    t =    14.40s Waiting 10.0s for "lab.conversation.recipient" Any to exist
    t =    15.44s     Checking `Expect predicate `existsNoRetry == 1` for object "lab.conversation.recipient" Any`
    t =    15.44s         Checking existence of `"lab.conversation.recipient" Any`
    t =    15.59s Tap "lab.conversation.recipient" Any
    t =    15.59s     Wait for io.godstone.labmesh to idle
    t =    15.59s     Find the "lab.conversation.recipient" Any
    t =    15.65s     Check for interrupting elements affecting "lab.conversation.recipient" Button
    t =    15.71s     Synthesize event
    t =    16.00s     Wait for io.godstone.labmesh to idle
    t =    17.13s Waiting 3.0s for "B" Button to exist
    t =    18.19s     Checking `Expect predicate `existsNoRetry == 1` for object "B" Button`
    t =    18.19s         Checking existence of `"B" Button`
    t =    18.22s Tap "B" Button
    t =    18.22s     Wait for io.godstone.labmesh to idle
    t =    18.23s     Find the "B" Button
    t =    18.25s     Check for interrupting elements affecting "B" Button
    t =    18.30s     Synthesize event
    t =    18.61s     Wait for io.godstone.labmesh to idle
    t =    20.01s Find the "lab.conversation.linkstate" StaticText
    t =    20.04s Find the "lab.conversation.linkstate" StaticText
    t =    20.06s Waiting 20.0s for "lab.conversation.send" Button to exist
    t =    21.09s     Checking `Expect predicate `existsNoRetry == 1` for object "lab.conversation.send" Button`
    t =    21.09s         Checking existence of `"lab.conversation.send" Button`
    t =    21.16s Checking existence of `"lab.conversation.send" Button`
    t =    21.17s Find the "lab.conversation.send" Button
    t =    21.20s Find the "lab.conversation.send" Button
    t =    21.23s Waiting 20.0s for "lab.conversation.outcome" Any to exist
    t =    22.28s     Checking `Expect predicate `existsNoRetry == 1` for object "lab.conversation.outcome" Any`
    t =    22.28s         Checking existence of `"lab.conversation.outcome" Any`
    t =    22.45s Tap "lab.conversation.send" Button
    t =    22.45s     Wait for io.godstone.labmesh to idle
    t =    22.46s     Find the "lab.conversation.send" Button
    t =    22.47s     Check for interrupting elements affecting "lab.conversation.send" Button
    t =    22.50s     Synthesize event
    t =    22.79s     Wait for io.godstone.labmesh to idle
    t =    24.34s Checking `Expect predicate `label != "nothing sent yet"` for object "lab.conversation.outcome" Any`
    t =    24.35s     Find the "lab.conversation.outcome" Any
    t =    24.39s Find the "lab.conversation.outcome" StaticText
    t =    24.44s Find the "lab.a11y.announced" Any
    t =    24.49s Find the "lab.a11y.announced" Other
    t =    24.53s Tear Down
Test Case '-[LabMeshUITests.LabMeshAccessibilityUITests testGSINT001TheOutcomeChangeReachesTheAnnouncementDoor]' passed (24.783 seconds).
Test Case '-[LabMeshUITests.LabMeshAccessibilityUITests testGSINT001TheRecipientSelectionMovesTheRenderedState]' started.
    t =     0.00s Start Test at 2026-10-05 06:54:19.443
    t =     0.03s Set Up
    t =     0.03s Open io.godstone.labmesh
    t =     0.03s     Launch io.godstone.labmesh
    t =     0.03s         Terminate io.godstone.labmesh:10932
2026-10-05 06:54:20.540 xcodebuild[10179:52675962] [MT] IDELaunchParametersSnapshot: debugger version lookup failed for path '<nil>': noURL
2026-10-05 06:54:20.540 xcodebuild[10179:52675962] [MT] IDELaunchParametersSnapshot: no debugger version
    t =     1.31s         Setting up automation session
    t =     1.96s         Wait for io.godstone.labmesh to idle
    t =     3.28s Checking existence of `"lab.tab.conversation" Button`
    t =     3.35s Checking existence of `"lab.tab.conversation" Button`
    t =     3.52s Checking existence of `"lab.tab.conversation" Button`
    t =     3.53s Checking existence of `"lab.tab.conversation" Button`
    t =     3.70s Checking existence of `"lab.tab.conversation" Button`
    t =     3.72s Checking existence of `"lab.tab.conversation" Button`
    t =     3.90s Checking existence of `"lab.tab.conversation" Button`
    t =     3.92s Waiting 20.0s for "lab.tab.conversation" Button to exist
    t =     4.95s     Checking `Expect predicate `existsNoRetry == 1` for object "lab.tab.conversation" Button`
    t =     4.96s         Checking existence of `"lab.tab.conversation" Button`
    t =     4.98s Tap "lab.tab.conversation" Button
    t =     4.98s     Wait for io.godstone.labmesh to idle
    t =     4.98s     Find the "lab.tab.conversation" Button
    t =     5.00s     Check for interrupting elements affecting "lab.tab.conversation" Button
    t =     5.02s     Synthesize event
    t =     5.31s     Wait for io.godstone.labmesh to idle
    t =     6.08s Waiting 20.0s for "lab.conversation.linkstate" StaticText to exist
    t =     7.14s     Checking `Expect predicate `existsNoRetry == 1` for object "lab.conversation.linkstate" StaticText`
    t =     7.14s         Checking existence of `"lab.conversation.linkstate" StaticText`
    t =     7.16s Waiting 20.0s for "lab.conversation.recipient" Any to exist
    t =     8.22s     Checking `Expect predicate `existsNoRetry == 1` for object "lab.conversation.recipient" Any`
    t =     8.22s         Checking existence of `"lab.conversation.recipient" Any`
    t =     8.25s Find the "lab.conversation.linkstate" StaticText
    t =     8.27s Tap "lab.conversation.recipient" Any
    t =     8.27s     Wait for io.godstone.labmesh to idle
    t =     8.27s     Find the "lab.conversation.recipient" Any
    t =     8.31s     Check for interrupting elements affecting "lab.conversation.recipient" Button
    t =     8.33s     Synthesize event
    t =     8.62s     Wait for io.godstone.labmesh to idle
    t =     9.75s Waiting 5.0s for "R" Button to exist
    t =    10.80s     Checking `Expect predicate `existsNoRetry == 1` for object "R" Button`
    t =    10.80s         Checking existence of `"R" Button`
    t =    10.86s Tap "R" Button
    t =    10.86s     Wait for io.godstone.labmesh to idle
    t =    10.87s     Find the "R" Button
    t =    10.89s     Check for interrupting elements affecting "R" Button
    t =    10.91s     Synthesize event
    t =    11.21s     Wait for io.godstone.labmesh to idle
    t =    12.62s Find the "lab.conversation.linkstate" StaticText
    t =    12.66s Tear Down
Test Case '-[LabMeshUITests.LabMeshAccessibilityUITests testGSINT001TheRecipientSelectionMovesTheRenderedState]' passed (13.079 seconds).
Test Case '-[LabMeshUITests.LabMeshAccessibilityUITests testGSINT001TheRosterSurvivesDefaultScaleLTR]' started.
    t =     0.00s Start Test at 2026-10-05 06:54:32.523
    t =     0.03s Set Up
    t =     0.03s Open io.godstone.labmesh
    t =     0.03s     Launch io.godstone.labmesh
    t =     0.03s         Terminate io.godstone.labmesh:11169
2026-10-05 06:54:33.615 xcodebuild[10179:52675962] [MT] IDELaunchParametersSnapshot: debugger version lookup failed for path '<nil>': noURL
2026-10-05 06:54:33.615 xcodebuild[10179:52675962] [MT] IDELaunchParametersSnapshot: no debugger version
    t =     1.31s         Setting up automation session
    t =     2.09s         Wait for io.godstone.labmesh to idle
    t =     3.44s Checking existence of `"lab.tab.conversation" Button`
    t =     3.56s Checking existence of `"lab.tab.conversation" Button`
    t =     3.74s Checking existence of `"lab.tab.conversation" Button`
    t =     3.79s Checking existence of `"lab.tab.conversation" Button`
    t =     3.96s Checking existence of `"lab.tab.conversation" Button`
    t =     4.04s Waiting 40.0s for "lab.tab.conversation" Button to exist
    t =     5.09s     Checking `Expect predicate `existsNoRetry == 1` for object "lab.tab.conversation" Button`
    t =     5.09s         Checking existence of `"lab.tab.conversation" Button`
    t =     5.12s Tap "lab.tab.conversation" Button
    t =     5.12s     Wait for io.godstone.labmesh to idle
    t =     5.12s     Find the "lab.tab.conversation" Button
    t =     5.14s     Check for interrupting elements affecting "lab.tab.conversation" Button
    t =     5.15s     Synthesize event
    t =     5.44s     Wait for io.godstone.labmesh to idle
    t =     6.20s Waiting 30.0s for "lab.conversation.field" Any to exist
    t =     7.27s     Checking `Expect predicate `existsNoRetry == 1` for object "lab.conversation.field" Any`
    t =     7.27s         Checking existence of `"lab.conversation.field" Any`
    t =     7.31s Checking existence of `"lab.conversation.field" Any`
    t =     7.35s Find the "lab.conversation.field" Any
    t =     7.38s Waiting 30.0s for "lab.conversation.send" Any to exist
    t =     8.41s     Checking `Expect predicate `existsNoRetry == 1` for object "lab.conversation.send" Any`
    t =     8.41s         Checking existence of `"lab.conversation.send" Any`
    t =     8.46s Checking existence of `"lab.conversation.send" Any`
    t =     8.50s Find the "lab.conversation.send" Any
    t =     8.53s Waiting 30.0s for "lab.conversation.octets" Any to exist
    t =     9.59s     Checking `Expect predicate `existsNoRetry == 1` for object "lab.conversation.octets" Any`
    t =     9.59s         Checking existence of `"lab.conversation.octets" Any`
    t =     9.80s Checking existence of `"lab.conversation.octets" Any`
    t =     9.88s Find the "lab.conversation.octets" Any
    t =     9.95s Waiting 30.0s for "lab.conversation.linkstate" Any to exist
    t =    10.99s     Checking `Expect predicate `existsNoRetry == 1` for object "lab.conversation.linkstate" Any`
    t =    10.99s         Checking existence of `"lab.conversation.linkstate" Any`
    t =    11.11s Checking existence of `"lab.conversation.linkstate" Any`
    t =    11.19s Find the "lab.conversation.linkstate" Any
    t =    11.27s Waiting 30.0s for "lab.conversation.outcome" Any to exist
    t =    12.33s     Checking `Expect predicate `existsNoRetry == 1` for object "lab.conversation.outcome" Any`
    t =    12.33s         Checking existence of `"lab.conversation.outcome" Any`
    t =    12.39s Find the "lab.conversation.outcome" Any
    t =    12.43s Waiting 30.0s for "lab.conversation.recipient" Any to exist
    t =    13.49s     Checking `Expect predicate `existsNoRetry == 1` for object "lab.conversation.recipient" Any`
    t =    13.49s         Checking existence of `"lab.conversation.recipient" Any`
    t =    13.53s Find the "lab.conversation.recipient" Any
    t =    13.56s Find the "lab.conversation.recipient" Button
    t =    13.59s Find the "lab.conversation.recipient" Button
    t =    13.62s Checking existence of `"lab.conversation.recipient" Button`
    t =    13.65s Find the "lab.conversation.recipient" Button
    t =    13.68s Waiting 30.0s for "lab.conversation.send" Any to exist
    t =    14.74s     Checking `Expect predicate `existsNoRetry == 1` for object "lab.conversation.send" Any`
    t =    14.74s         Checking existence of `"lab.conversation.send" Any`
    t =    14.80s Find the "lab.conversation.send" Any
    t =    14.84s Find the "lab.conversation.send" Button
    t =    14.87s Find the "lab.conversation.send" Button
    t =    14.90s Checking existence of `"lab.conversation.send" Button`
    t =    14.93s Find the "lab.conversation.send" Button
    t =    14.97s Checking existence of `"lab.conversation.send" Button`
    t =    14.98s Find the "lab.conversation.send" Button
    t =    14.99s Find the "lab.conversation.send" Button
    t =    15.02s Checking existence of `ScrollView (First Match)`
    t =    15.02s Swipe up ScrollView (First Match)
    t =    15.02s     Wait for io.godstone.labmesh to idle
    t =    15.03s     Find the ScrollView (First Match)
    t =    15.03s     Check for interrupting elements affecting ScrollView
    t =    15.05s     Synthesize event
    t =    15.48s     Wait for io.godstone.labmesh to idle
    t =    16.01s Checking existence of `"lab.conversation.send" Button`
    t =    16.03s Find the "lab.conversation.send" Button
    t =    16.05s Find the "lab.conversation.send" Button
    t =    16.07s Tap "lab.conversation.send" Button
    t =    16.07s     Wait for io.godstone.labmesh to idle
    t =    16.08s     Find the "lab.conversation.send" Button
    t =    16.09s     Check for interrupting elements affecting "lab.conversation.send" Button
    t =    16.11s     Synthesize event
    t =    16.39s     Wait for io.godstone.labmesh to idle
    t =    16.39s Checking existence of `"lab.tab.sos" Button`
    t =    16.41s Waiting 40.0s for "lab.tab.sos" Button to exist
    t =    17.46s     Checking `Expect predicate `existsNoRetry == 1` for object "lab.tab.sos" Button`
    t =    17.46s         Checking existence of `"lab.tab.sos" Button`
    t =    17.48s Tap "lab.tab.sos" Button
    t =    17.48s     Wait for io.godstone.labmesh to idle
    t =    17.48s     Find the "lab.tab.sos" Button
    t =    17.50s     Check for interrupting elements affecting "lab.tab.sos" Button
    t =    17.53s     Synthesize event
    t =    17.82s     Wait for io.godstone.labmesh to idle
    t =    19.22s Waiting 30.0s for "lab.sos.hold" Any to exist
    t =    20.28s     Checking `Expect predicate `existsNoRetry == 1` for object "lab.sos.hold" Any`
    t =    20.28s         Checking existence of `"lab.sos.hold" Any`
    t =    20.38s Find the "lab.sos.hold" Any
    t =    20.46s Find the "lab.sos.hold" StaticText
    t =    20.61s Checking existence of `"lab.sos.hold" StaticText`
    t =    20.65s Find the "lab.sos.hold" StaticText
    t =    20.70s Waiting 30.0s for "lab.sos.cancel" Any to exist
    t =    21.76s     Checking `Expect predicate `existsNoRetry == 1` for object "lab.sos.cancel" Any`
    t =    21.76s         Checking existence of `"lab.sos.cancel" Any`
    t =    21.81s Find the "lab.sos.cancel" Any
    t =    21.84s Find the "lab.sos.cancel" Button
    t =    21.87s Checking existence of `"lab.sos.cancel" Button`
    t =    21.90s Find the "lab.sos.cancel" Button
    t =    21.94s Waiting 30.0s for "lab.sos.retry" Any to exist
    t =    22.96s     Checking `Expect predicate `existsNoRetry == 1` for object "lab.sos.retry" Any`
    t =    22.97s         Checking existence of `"lab.sos.retry" Any`
    t =    23.01s Find the "lab.sos.retry" Any
    t =    23.03s Find the "lab.sos.retry" Button
    t =    23.06s Checking existence of `"lab.sos.retry" Button`
    t =    23.09s Find the "lab.sos.retry" Button
    t =    23.12s Waiting 30.0s for "lab.sos.state" Any to exist
    t =    24.17s     Checking `Expect predicate `existsNoRetry == 1` for object "lab.sos.state" Any`
    t =    24.17s         Checking existence of `"lab.sos.state" Any`
    t =    24.23s Waiting 30.0s for "lab.sos.announced" Any to exist
    t =    25.29s     Checking `Expect predicate `existsNoRetry == 1` for object "lab.sos.announced" Any`
    t =    25.29s         Checking existence of `"lab.sos.announced" Any`
    t =    25.36s Waiting 30.0s for "lab.sos.outcome" Any to exist
    t =    26.41s     Checking `Expect predicate `existsNoRetry == 1` for object "lab.sos.outcome" Any`
    t =    26.41s         Checking existence of `"lab.sos.outcome" Any`
    t =    26.46s Find the "lab.sos.state" Any
    t =    26.50s Get all elements bound by index for: Descendants matching type Button
    t =    26.51s Checking existence of `Button (Element at index 0)`
    t =    26.52s Find the Button (Element at index 0)
    t =    26.54s Checking existence of `Button (Element at index 1)`
    t =    26.55s Find the Button (Element at index 1)
    t =    26.56s Checking existence of `Button (Element at index 2)`
    t =    26.59s Find the Button (Element at index 2)
    t =    26.65s Checking existence of `Button (Element at index 3)`
    t =    26.66s Find the Button (Element at index 3)
    t =    26.69s Checking existence of `Button (Element at index 4)`
    t =    26.71s Find the Button (Element at index 4)
    t =    26.74s Checking existence of `Button (Element at index 5)`
    t =    26.75s Find the Button (Element at index 5)
    t =    26.78s Checking existence of `Button (Element at index 6)`
    t =    26.80s Find the Button (Element at index 6)
    t =    26.81s Checking existence of `Button (Element at index 7)`
    t =    26.83s Find the Button (Element at index 7)
    t =    26.84s Tear Down
Test Case '-[LabMeshUITests.LabMeshAccessibilityUITests testGSINT001TheRosterSurvivesDefaultScaleLTR]' passed (27.108 seconds).
Test Case '-[LabMeshUITests.LabMeshAccessibilityUITests testGSINT001TheRosterSurvivesDefaultScaleRTL]' started.
    t =     0.00s Start Test at 2026-10-05 06:54:59.631
    t =     0.03s Set Up
    t =     0.03s Open io.godstone.labmesh
    t =     0.03s     Launch io.godstone.labmesh
    t =     0.03s         Terminate io.godstone.labmesh:11404
2026-10-05 06:55:00.710 xcodebuild[10179:52675962] [MT] IDELaunchParametersSnapshot: debugger version lookup failed for path '<nil>': noURL
2026-10-05 06:55:00.710 xcodebuild[10179:52675962] [MT] IDELaunchParametersSnapshot: no debugger version
    t =     1.29s         Setting up automation session
    t =     1.95s         Wait for io.godstone.labmesh to idle
    t =     3.30s Checking existence of `"lab.tab.conversation" Button`
    t =     3.38s Checking existence of `"lab.tab.conversation" Button`
    t =     3.54s Checking existence of `"lab.tab.conversation" Button`
    t =     3.56s Checking existence of `"lab.tab.conversation" Button`
    t =     3.73s Checking existence of `"lab.tab.conversation" Button`
    t =     3.75s Waiting 40.0s for "lab.tab.conversation" Button to exist
    t =     4.82s     Checking `Expect predicate `existsNoRetry == 1` for object "lab.tab.conversation" Button`
    t =     4.82s         Checking existence of `"lab.tab.conversation" Button`
    t =     4.84s Tap "lab.tab.conversation" Button
    t =     4.84s     Wait for io.godstone.labmesh to idle
    t =     4.85s     Find the "lab.tab.conversation" Button
    t =     4.86s     Check for interrupting elements affecting "lab.tab.conversation" Button
    t =     4.87s     Synthesize event
    t =     5.16s     Wait for io.godstone.labmesh to idle
    t =     5.91s Waiting 30.0s for "lab.conversation.field" Any to exist
    t =     6.96s     Checking `Expect predicate `existsNoRetry == 1` for object "lab.conversation.field" Any`
    t =     6.96s         Checking existence of `"lab.conversation.field" Any`
    t =     7.00s Checking existence of `"lab.conversation.field" Any`
    t =     7.06s Find the "lab.conversation.field" Any
    t =     7.09s Waiting 30.0s for "lab.conversation.send" Any to exist
    t =     8.15s     Checking `Expect predicate `existsNoRetry == 1` for object "lab.conversation.send" Any`
    t =     8.15s         Checking existence of `"lab.conversation.send" Any`
    t =     8.41s Checking existence of `"lab.conversation.send" Any`
    t =     8.47s Find the "lab.conversation.send" Any
    t =     8.53s Waiting 30.0s for "lab.conversation.octets" Any to exist
    t =     9.57s     Checking `Expect predicate `existsNoRetry == 1` for object "lab.conversation.octets" Any`
    t =     9.57s         Checking existence of `"lab.conversation.octets" Any`
    t =     9.66s Checking existence of `"lab.conversation.octets" Any`
    t =     9.69s Find the "lab.conversation.octets" Any
    t =    10.01s Waiting 30.0s for "lab.conversation.linkstate" Any to exist
    t =    11.06s     Checking `Expect predicate `existsNoRetry == 1` for object "lab.conversation.linkstate" Any`
    t =    11.06s         Checking existence of `"lab.conversation.linkstate" Any`
    t =    11.10s Checking existence of `"lab.conversation.linkstate" Any`
    t =    11.13s Find the "lab.conversation.linkstate" Any
    t =    11.17s Waiting 30.0s for "lab.conversation.outcome" Any to exist
    t =    12.21s     Checking `Expect predicate `existsNoRetry == 1` for object "lab.conversation.outcome" Any`
    t =    12.21s         Checking existence of `"lab.conversation.outcome" Any`
    t =    12.31s Find the "lab.conversation.outcome" Any
    t =    12.35s Waiting 30.0s for "lab.conversation.recipient" Any to exist
    t =    13.38s     Checking `Expect predicate `existsNoRetry == 1` for object "lab.conversation.recipient" Any`
    t =    13.38s         Checking existence of `"lab.conversation.recipient" Any`
    t =    13.43s Find the "lab.conversation.recipient" Any
    t =    13.47s Find the "lab.conversation.recipient" Button
    t =    13.50s Find the "lab.conversation.recipient" Button
    t =    13.55s Checking existence of `"lab.conversation.recipient" Button`
    t =    13.58s Find the "lab.conversation.recipient" Button
    t =    13.62s Waiting 30.0s for "lab.conversation.send" Any to exist
    t =    14.66s     Checking `Expect predicate `existsNoRetry == 1` for object "lab.conversation.send" Any`
    t =    14.66s         Checking existence of `"lab.conversation.send" Any`
    t =    14.76s Find the "lab.conversation.send" Any
    t =    14.81s Find the "lab.conversation.send" Button
    t =    14.85s Find the "lab.conversation.send" Button
    t =    14.88s Checking existence of `"lab.conversation.send" Button`
    t =    14.92s Find the "lab.conversation.send" Button
    t =    14.97s Checking existence of `"lab.conversation.send" Button`
    t =    14.98s Find the "lab.conversation.send" Button
    t =    15.00s Find the "lab.conversation.send" Button
    t =    15.03s Checking existence of `ScrollView (First Match)`
    t =    15.04s Swipe up ScrollView (First Match)
    t =    15.04s     Wait for io.godstone.labmesh to idle
    t =    15.04s     Find the ScrollView (First Match)
    t =    15.06s     Check for interrupting elements affecting ScrollView
    t =    15.07s     Synthesize event
    t =    15.51s     Wait for io.godstone.labmesh to idle
    t =    16.09s Checking existence of `"lab.conversation.send" Button`
    t =    16.11s Find the "lab.conversation.send" Button
    t =    16.13s Find the "lab.conversation.send" Button
    t =    16.16s Tap "lab.conversation.send" Button
    t =    16.16s     Wait for io.godstone.labmesh to idle
    t =    16.17s     Find the "lab.conversation.send" Button
    t =    16.18s     Check for interrupting elements affecting "lab.conversation.send" Button
    t =    16.20s     Synthesize event
    t =    16.50s     Wait for io.godstone.labmesh to idle
    t =    16.50s Checking existence of `"lab.tab.sos" Button`
    t =    16.52s Waiting 40.0s for "lab.tab.sos" Button to exist
    t =    17.57s     Checking `Expect predicate `existsNoRetry == 1` for object "lab.tab.sos" Button`
    t =    17.57s         Checking existence of `"lab.tab.sos" Button`
    t =    17.59s Tap "lab.tab.sos" Button
    t =    17.59s     Wait for io.godstone.labmesh to idle
    t =    17.59s     Find the "lab.tab.sos" Button
    t =    17.61s     Check for interrupting elements affecting "lab.tab.sos" Button
    t =    17.62s     Synthesize event
    t =    17.91s     Wait for io.godstone.labmesh to idle
    t =    19.12s Waiting 30.0s for "lab.sos.hold" Any to exist
    t =    20.18s     Checking `Expect predicate `existsNoRetry == 1` for object "lab.sos.hold" Any`
    t =    20.18s         Checking existence of `"lab.sos.hold" Any`
    t =    20.21s Find the "lab.sos.hold" Any
    t =    20.24s Find the "lab.sos.hold" StaticText
    t =    20.27s Checking existence of `"lab.sos.hold" StaticText`
    t =    20.30s Find the "lab.sos.hold" StaticText
    t =    20.33s Waiting 30.0s for "lab.sos.cancel" Any to exist
    t =    21.38s     Checking `Expect predicate `existsNoRetry == 1` for object "lab.sos.cancel" Any`
    t =    21.38s         Checking existence of `"lab.sos.cancel" Any`
    t =    21.41s Find the "lab.sos.cancel" Any
    t =    21.44s Find the "lab.sos.cancel" Button
    t =    21.47s Checking existence of `"lab.sos.cancel" Button`
    t =    21.50s Find the "lab.sos.cancel" Button
    t =    21.53s Waiting 30.0s for "lab.sos.retry" Any to exist
    t =    22.58s     Checking `Expect predicate `existsNoRetry == 1` for object "lab.sos.retry" Any`
    t =    22.58s         Checking existence of `"lab.sos.retry" Any`
    t =    22.64s Find the "lab.sos.retry" Any
    t =    22.66s Find the "lab.sos.retry" Button
    t =    22.69s Checking existence of `"lab.sos.retry" Button`
    t =    22.72s Find the "lab.sos.retry" Button
    t =    22.75s Waiting 30.0s for "lab.sos.state" Any to exist
    t =    23.79s     Checking `Expect predicate `existsNoRetry == 1` for object "lab.sos.state" Any`
    t =    23.79s         Checking existence of `"lab.sos.state" Any`
    t =    23.83s Waiting 30.0s for "lab.sos.announced" Any to exist
    t =    24.90s     Checking `Expect predicate `existsNoRetry == 1` for object "lab.sos.announced" Any`
    t =    24.90s         Checking existence of `"lab.sos.announced" Any`
    t =    24.94s Waiting 30.0s for "lab.sos.outcome" Any to exist
    t =    25.98s     Checking `Expect predicate `existsNoRetry == 1` for object "lab.sos.outcome" Any`
    t =    25.98s         Checking existence of `"lab.sos.outcome" Any`
    t =    26.02s Find the "lab.sos.state" Any
    t =    26.05s Get all elements bound by index for: Descendants matching type Button
    t =    26.06s Checking existence of `Button (Element at index 0)`
    t =    26.07s Find the Button (Element at index 0)
    t =    26.08s Checking existence of `Button (Element at index 1)`
    t =    26.09s Find the Button (Element at index 1)
    t =    26.10s Checking existence of `Button (Element at index 2)`
    t =    26.11s Find the Button (Element at index 2)
    t =    26.12s Checking existence of `Button (Element at index 3)`
    t =    26.13s Find the Button (Element at index 3)
    t =    26.14s Checking existence of `Button (Element at index 4)`
    t =    26.15s Find the Button (Element at index 4)
    t =    26.16s Checking existence of `Button (Element at index 5)`
    t =    26.17s Find the Button (Element at index 5)
    t =    26.19s Checking existence of `Button (Element at index 6)`
    t =    26.20s Find the Button (Element at index 6)
    t =    26.21s Checking existence of `Button (Element at index 7)`
    t =    26.22s Find the Button (Element at index 7)
    t =    26.23s Tear Down
Test Case '-[LabMeshUITests.LabMeshAccessibilityUITests testGSINT001TheRosterSurvivesDefaultScaleRTL]' passed (26.466 seconds).
Test Case '-[LabMeshUITests.LabMeshAccessibilityUITests testGSINT001TheRosterSurvivesLargestScaleLTR]' started.
    t =     0.00s Start Test at 2026-10-05 06:55:26.098
    t =     0.02s Set Up
    t =     0.03s Open io.godstone.labmesh
    t =     0.03s     Launch io.godstone.labmesh
    t =     0.03s         Terminate io.godstone.labmesh:11688
2026-10-05 06:55:27.214 xcodebuild[10179:52675962] [MT] IDELaunchParametersSnapshot: debugger version lookup failed for path '<nil>': noURL
2026-10-05 06:55:27.214 xcodebuild[10179:52675962] [MT] IDELaunchParametersSnapshot: no debugger version
    t =     1.32s         Setting up automation session
    t =     1.99s         Wait for io.godstone.labmesh to idle
    t =     3.34s Checking existence of `"lab.tab.conversation" Button`
    t =     3.40s Checking existence of `"lab.tab.conversation" Button`
    t =     3.57s Checking existence of `"lab.tab.conversation" Button`
    t =     3.58s Checking existence of `"lab.tab.conversation" Button`
    t =     3.76s Checking existence of `"lab.tab.conversation" Button`
    t =     3.77s Checking existence of `"lab.tab.conversation" Button`
    t =     3.94s Checking existence of `"lab.tab.conversation" Button`
    t =     3.96s Waiting 40.0s for "lab.tab.conversation" Button to exist
    t =     5.02s     Checking `Expect predicate `existsNoRetry == 1` for object "lab.tab.conversation" Button`
    t =     5.02s         Checking existence of `"lab.tab.conversation" Button`
    t =     5.04s Tap "lab.tab.conversation" Button
    t =     5.04s     Wait for io.godstone.labmesh to idle
    t =     5.05s     Find the "lab.tab.conversation" Button
    t =     5.06s     Check for interrupting elements affecting "lab.tab.conversation" Button
    t =     5.08s     Synthesize event
    t =     5.37s     Wait for io.godstone.labmesh to idle
    t =     6.13s Waiting 30.0s for "lab.conversation.field" Any to exist
    t =     7.18s     Checking `Expect predicate `existsNoRetry == 1` for object "lab.conversation.field" Any`
    t =     7.18s         Checking existence of `"lab.conversation.field" Any`
    t =     7.26s Checking existence of `"lab.conversation.field" Any`
    t =     7.30s Find the "lab.conversation.field" Any
    t =     7.33s Waiting 30.0s for "lab.conversation.send" Any to exist
    t =     8.37s     Checking `Expect predicate `existsNoRetry == 1` for object "lab.conversation.send" Any`
    t =     8.37s         Checking existence of `"lab.conversation.send" Any`
    t =     8.42s Checking existence of `"lab.conversation.send" Any`
    t =     8.46s Find the "lab.conversation.send" Any
    t =     8.51s Waiting 30.0s for "lab.conversation.octets" Any to exist
    t =     9.56s     Checking `Expect predicate `existsNoRetry == 1` for object "lab.conversation.octets" Any`
    t =     9.56s         Checking existence of `"lab.conversation.octets" Any`
    t =     9.60s Checking existence of `"lab.conversation.octets" Any`
    t =     9.63s Find the "lab.conversation.octets" Any
    t =     9.67s Waiting 30.0s for "lab.conversation.linkstate" Any to exist
    t =    10.73s     Checking `Expect predicate `existsNoRetry == 1` for object "lab.conversation.linkstate" Any`
    t =    10.73s         Checking existence of `"lab.conversation.linkstate" Any`
    t =    10.78s Checking existence of `"lab.conversation.linkstate" Any`
    t =    10.81s Find the "lab.conversation.linkstate" Any
    t =    10.85s Waiting 30.0s for "lab.conversation.outcome" Any to exist
    t =    11.90s     Checking `Expect predicate `existsNoRetry == 1` for object "lab.conversation.outcome" Any`
    t =    11.90s         Checking existence of `"lab.conversation.outcome" Any`
    t =    11.94s Find the "lab.conversation.outcome" Any
    t =    11.98s Waiting 30.0s for "lab.conversation.recipient" Any to exist
    t =    13.02s     Checking `Expect predicate `existsNoRetry == 1` for object "lab.conversation.recipient" Any`
    t =    13.02s         Checking existence of `"lab.conversation.recipient" Any`
    t =    13.07s Find the "lab.conversation.recipient" Any
    t =    13.10s Find the "lab.conversation.recipient" Button
    t =    13.14s Checking existence of `"lab.conversation.recipient" Button`
    t =    13.17s Find the "lab.conversation.recipient" Button
    t =    13.20s Waiting 30.0s for "lab.conversation.send" Any to exist
    t =    14.25s     Checking `Expect predicate `existsNoRetry == 1` for object "lab.conversation.send" Any`
    t =    14.25s         Checking existence of `"lab.conversation.send" Any`
    t =    14.28s Find the "lab.conversation.send" Any
    t =    14.32s Find the "lab.conversation.send" Button
    t =    14.35s Checking existence of `"lab.conversation.send" Button`
    t =    14.39s Find the "lab.conversation.send" Button
    t =    14.43s Checking existence of `"lab.tab.sos" Button`
    t =    14.44s Waiting 40.0s for "lab.tab.sos" Button to exist
    t =    15.50s     Checking `Expect predicate `existsNoRetry == 1` for object "lab.tab.sos" Button`
    t =    15.50s         Checking existence of `"lab.tab.sos" Button`
    t =    15.52s Tap "lab.tab.sos" Button
    t =    15.52s     Wait for io.godstone.labmesh to idle
    t =    15.52s     Find the "lab.tab.sos" Button
    t =    15.54s     Check for interrupting elements affecting "lab.tab.sos" Button
    t =    15.56s     Synthesize event
    t =    15.85s     Wait for io.godstone.labmesh to idle
    t =    17.38s Waiting 30.0s for "lab.sos.hold" Any to exist
    t =    18.43s     Checking `Expect predicate `existsNoRetry == 1` for object "lab.sos.hold" Any`
    t =    18.43s         Checking existence of `"lab.sos.hold" Any`
    t =    18.47s Find the "lab.sos.hold" Any
    t =    18.51s Find the "lab.sos.hold" StaticText
    t =    18.54s Checking existence of `"lab.sos.hold" StaticText`
    t =    18.57s Find the "lab.sos.hold" StaticText
    t =    18.60s Waiting 30.0s for "lab.sos.cancel" Any to exist
    t =    19.64s     Checking `Expect predicate `existsNoRetry == 1` for object "lab.sos.cancel" Any`
    t =    19.64s         Checking existence of `"lab.sos.cancel" Any`
    t =    19.68s Find the "lab.sos.cancel" Any
    t =    19.71s Find the "lab.sos.cancel" Button
    t =    19.75s Checking existence of `"lab.sos.cancel" Button`
    t =    19.78s Find the "lab.sos.cancel" Button
    t =    19.81s Waiting 30.0s for "lab.sos.retry" Any to exist
    t =    20.85s     Checking `Expect predicate `existsNoRetry == 1` for object "lab.sos.retry" Any`
    t =    20.85s         Checking existence of `"lab.sos.retry" Any`
    t =    20.89s Find the "lab.sos.retry" Any
    t =    20.93s Find the "lab.sos.retry" Button
    t =    20.96s Checking existence of `"lab.sos.retry" Button`
    t =    20.99s Find the "lab.sos.retry" Button
    t =    21.03s Waiting 30.0s for "lab.sos.state" Any to exist
    t =    22.08s     Checking `Expect predicate `existsNoRetry == 1` for object "lab.sos.state" Any`
    t =    22.08s         Checking existence of `"lab.sos.state" Any`
    t =    22.13s Waiting 30.0s for "lab.sos.announced" Any to exist
    t =    23.17s     Checking `Expect predicate `existsNoRetry == 1` for object "lab.sos.announced" Any`
    t =    23.17s         Checking existence of `"lab.sos.announced" Any`
    t =    23.21s Waiting 30.0s for "lab.sos.outcome" Any to exist
    t =    24.27s     Checking `Expect predicate `existsNoRetry == 1` for object "lab.sos.outcome" Any`
    t =    24.27s         Checking existence of `"lab.sos.outcome" Any`
    t =    24.30s Find the "lab.sos.state" Any
    t =    24.34s Get all elements bound by index for: Descendants matching type Button
    t =    24.35s Checking existence of `Button (Element at index 0)`
    t =    24.36s Find the Button (Element at index 0)
    t =    24.37s Checking existence of `Button (Element at index 1)`
    t =    24.38s Find the Button (Element at index 1)
    t =    24.39s Checking existence of `Button (Element at index 2)`
    t =    24.40s Find the Button (Element at index 2)
    t =    24.42s Checking existence of `Button (Element at index 3)`
    t =    24.43s Find the Button (Element at index 3)
    t =    24.44s Checking existence of `Button (Element at index 4)`
    t =    24.45s Find the Button (Element at index 4)
    t =    24.46s Checking existence of `Button (Element at index 5)`
    t =    24.47s Find the Button (Element at index 5)
    t =    24.48s Checking existence of `Button (Element at index 6)`
    t =    24.50s Find the Button (Element at index 6)
    t =    24.51s Checking existence of `Button (Element at index 7)`
    t =    24.52s Find the Button (Element at index 7)
    t =    24.53s Tear Down
Test Case '-[LabMeshUITests.LabMeshAccessibilityUITests testGSINT001TheRosterSurvivesLargestScaleLTR]' passed (24.791 seconds).
Test Case '-[LabMeshUITests.LabMeshAccessibilityUITests testGSINT001TheRosterSurvivesLargestScaleRTL]' started.
    t =     0.00s Start Test at 2026-10-05 06:55:50.889
    t =     0.02s Set Up
    t =     0.03s Open io.godstone.labmesh
    t =     0.03s     Launch io.godstone.labmesh
    t =     0.03s         Terminate io.godstone.labmesh:11981
2026-10-05 06:55:51.981 xcodebuild[10179:52675962] [MT] IDELaunchParametersSnapshot: debugger version lookup failed for path '<nil>': noURL
2026-10-05 06:55:51.981 xcodebuild[10179:52675962] [MT] IDELaunchParametersSnapshot: no debugger version
    t =     1.30s         Setting up automation session
    t =     1.99s         Wait for io.godstone.labmesh to idle
    t =     3.35s Checking existence of `"lab.tab.conversation" Button`
    t =     3.41s Checking existence of `"lab.tab.conversation" Button`
    t =     3.59s Checking existence of `"lab.tab.conversation" Button`
    t =     3.60s Checking existence of `"lab.tab.conversation" Button`
    t =     3.78s Checking existence of `"lab.tab.conversation" Button`
    t =     3.80s Waiting 40.0s for "lab.tab.conversation" Button to exist
    t =     4.85s     Checking `Expect predicate `existsNoRetry == 1` for object "lab.tab.conversation" Button`
    t =     4.85s         Checking existence of `"lab.tab.conversation" Button`
    t =     4.87s Tap "lab.tab.conversation" Button
    t =     4.87s     Wait for io.godstone.labmesh to idle
    t =     4.88s     Find the "lab.tab.conversation" Button
    t =     4.89s     Check for interrupting elements affecting "lab.tab.conversation" Button
    t =     4.91s     Synthesize event
    t =     5.20s     Wait for io.godstone.labmesh to idle
    t =     5.95s Waiting 30.0s for "lab.conversation.field" Any to exist
    t =     7.02s     Checking `Expect predicate `existsNoRetry == 1` for object "lab.conversation.field" Any`
    t =     7.03s         Checking existence of `"lab.conversation.field" Any`
    t =     7.07s Checking existence of `"lab.conversation.field" Any`
    t =     7.11s Find the "lab.conversation.field" Any
    t =     7.14s Waiting 30.0s for "lab.conversation.send" Any to exist
    t =     8.19s     Checking `Expect predicate `existsNoRetry == 1` for object "lab.conversation.send" Any`
    t =     8.19s         Checking existence of `"lab.conversation.send" Any`
    t =     8.26s Checking existence of `"lab.conversation.send" Any`
    t =     8.30s Find the "lab.conversation.send" Any
    t =     8.33s Waiting 30.0s for "lab.conversation.octets" Any to exist
    t =     9.38s     Checking `Expect predicate `existsNoRetry == 1` for object "lab.conversation.octets" Any`
    t =     9.39s         Checking existence of `"lab.conversation.octets" Any`
    t =     9.42s Checking existence of `"lab.conversation.octets" Any`
    t =     9.46s Find the "lab.conversation.octets" Any
    t =     9.49s Waiting 30.0s for "lab.conversation.linkstate" Any to exist
    t =    10.54s     Checking `Expect predicate `existsNoRetry == 1` for object "lab.conversation.linkstate" Any`
    t =    10.54s         Checking existence of `"lab.conversation.linkstate" Any`
    t =    10.59s Checking existence of `"lab.conversation.linkstate" Any`
    t =    10.62s Find the "lab.conversation.linkstate" Any
    t =    10.65s Waiting 30.0s for "lab.conversation.outcome" Any to exist
    t =    11.69s     Checking `Expect predicate `existsNoRetry == 1` for object "lab.conversation.outcome" Any`
    t =    11.69s         Checking existence of `"lab.conversation.outcome" Any`
    t =    11.74s Find the "lab.conversation.outcome" Any
    t =    11.78s Waiting 30.0s for "lab.conversation.recipient" Any to exist
    t =    12.84s     Checking `Expect predicate `existsNoRetry == 1` for object "lab.conversation.recipient" Any`
    t =    12.84s         Checking existence of `"lab.conversation.recipient" Any`
    t =    12.90s Find the "lab.conversation.recipient" Any
    t =    12.93s Find the "lab.conversation.recipient" Button
    t =    12.96s Checking existence of `"lab.conversation.recipient" Button`
    t =    12.99s Find the "lab.conversation.recipient" Button
    t =    13.01s Waiting 30.0s for "lab.conversation.send" Any to exist
    t =    14.07s     Checking `Expect predicate `existsNoRetry == 1` for object "lab.conversation.send" Any`
    t =    14.07s         Checking existence of `"lab.conversation.send" Any`
    t =    14.16s Find the "lab.conversation.send" Any
    t =    14.19s Find the "lab.conversation.send" Button
    t =    14.23s Checking existence of `"lab.conversation.send" Button`
    t =    14.27s Find the "lab.conversation.send" Button
    t =    14.30s Checking existence of `"lab.tab.sos" Button`
    t =    14.32s Waiting 40.0s for "lab.tab.sos" Button to exist
    t =    15.37s     Checking `Expect predicate `existsNoRetry == 1` for object "lab.tab.sos" Button`
    t =    15.37s         Checking existence of `"lab.tab.sos" Button`
    t =    15.40s Tap "lab.tab.sos" Button
    t =    15.40s     Wait for io.godstone.labmesh to idle
    t =    15.40s     Find the "lab.tab.sos" Button
    t =    15.42s     Check for interrupting elements affecting "lab.tab.sos" Button
    t =    15.44s     Synthesize event
    t =    15.73s     Wait for io.godstone.labmesh to idle
    t =    16.95s Waiting 30.0s for "lab.sos.hold" Any to exist
    t =    18.01s     Checking `Expect predicate `existsNoRetry == 1` for object "lab.sos.hold" Any`
    t =    18.01s         Checking existence of `"lab.sos.hold" Any`
    t =    18.05s Find the "lab.sos.hold" Any
    t =    18.08s Find the "lab.sos.hold" StaticText
    t =    18.11s Checking existence of `"lab.sos.hold" StaticText`
    t =    18.15s Find the "lab.sos.hold" StaticText
    t =    18.18s Waiting 30.0s for "lab.sos.cancel" Any to exist
    t =    19.22s     Checking `Expect predicate `existsNoRetry == 1` for object "lab.sos.cancel" Any`
    t =    19.22s         Checking existence of `"lab.sos.cancel" Any`
    t =    19.27s Find the "lab.sos.cancel" Any
    t =    19.31s Find the "lab.sos.cancel" Button
    t =    19.34s Checking existence of `"lab.sos.cancel" Button`
    t =    19.37s Find the "lab.sos.cancel" Button
    t =    19.40s Waiting 30.0s for "lab.sos.retry" Any to exist
    t =    20.45s     Checking `Expect predicate `existsNoRetry == 1` for object "lab.sos.retry" Any`
    t =    20.45s         Checking existence of `"lab.sos.retry" Any`
    t =    20.49s Find the "lab.sos.retry" Any
    t =    20.53s Find the "lab.sos.retry" Button
    t =    20.56s Checking existence of `"lab.sos.retry" Button`
    t =    20.60s Find the "lab.sos.retry" Button
    t =    20.64s Waiting 30.0s for "lab.sos.state" Any to exist
    t =    21.69s     Checking `Expect predicate `existsNoRetry == 1` for object "lab.sos.state" Any`
    t =    21.69s         Checking existence of `"lab.sos.state" Any`
    t =    21.74s Waiting 30.0s for "lab.sos.announced" Any to exist
    t =    22.81s     Checking `Expect predicate `existsNoRetry == 1` for object "lab.sos.announced" Any`
    t =    22.82s         Checking existence of `"lab.sos.announced" Any`
    t =    22.86s Waiting 30.0s for "lab.sos.outcome" Any to exist
    t =    23.92s     Checking `Expect predicate `existsNoRetry == 1` for object "lab.sos.outcome" Any`
    t =    23.92s         Checking existence of `"lab.sos.outcome" Any`
    t =    23.97s Find the "lab.sos.state" Any
    t =    24.01s Get all elements bound by index for: Descendants matching type Button
    t =    24.02s Checking existence of `Button (Element at index 0)`
    t =    24.03s Find the Button (Element at index 0)
    t =    24.04s Checking existence of `Button (Element at index 1)`
    t =    24.06s Find the Button (Element at index 1)
    t =    24.07s Checking existence of `Button (Element at index 2)`
    t =    24.08s Find the Button (Element at index 2)
    t =    24.09s Checking existence of `Button (Element at index 3)`
    t =    24.11s Find the Button (Element at index 3)
    t =    24.12s Checking existence of `Button (Element at index 4)`
    t =    24.13s Find the Button (Element at index 4)
    t =    24.15s Checking existence of `Button (Element at index 5)`
    t =    24.16s Find the Button (Element at index 5)
    t =    24.17s Checking existence of `Button (Element at index 6)`
    t =    24.19s Find the Button (Element at index 6)
    t =    24.21s Checking existence of `Button (Element at index 7)`
    t =    24.22s Find the Button (Element at index 7)
    t =    24.24s Tear Down
Test Case '-[LabMeshUITests.LabMeshAccessibilityUITests testGSINT001TheRosterSurvivesLargestScaleRTL]' passed (24.477 seconds).
Test Case '-[LabMeshUITests.LabMeshAccessibilityUITests testGSINT001TheSosStateSpeaksTheSharedVocabularyAndItsChangeReachesTheAnnouncementDoor]' started.
    t =     0.00s Start Test at 2026-10-05 06:56:15.367
    t =     0.03s Set Up
    t =     0.03s Open io.godstone.labmesh
    t =     0.03s     Launch io.godstone.labmesh
    t =     0.03s         Terminate io.godstone.labmesh:12076
2026-10-05 06:56:16.466 xcodebuild[10179:52675962] [MT] IDELaunchParametersSnapshot: debugger version lookup failed for path '<nil>': noURL
2026-10-05 06:56:16.466 xcodebuild[10179:52675962] [MT] IDELaunchParametersSnapshot: no debugger version
    t =     1.31s         Setting up automation session
    t =     2.00s         Wait for io.godstone.labmesh to idle
    t =     3.37s Checking existence of `"lab.tab.sos" Button`
    t =     3.45s Checking existence of `"lab.tab.sos" Button`
    t =     3.62s Checking existence of `"lab.tab.sos" Button`
    t =     3.64s Checking existence of `"lab.tab.sos" Button`
    t =     3.81s Checking existence of `"lab.tab.sos" Button`
    t =     3.83s Waiting 20.0s for "lab.tab.sos" Button to exist
    t =     4.87s     Checking `Expect predicate `existsNoRetry == 1` for object "lab.tab.sos" Button`
    t =     4.87s         Checking existence of `"lab.tab.sos" Button`
    t =     4.90s Tap "lab.tab.sos" Button
    t =     4.90s     Wait for io.godstone.labmesh to idle
    t =     4.91s     Find the "lab.tab.sos" Button
    t =     4.92s     Check for interrupting elements affecting "lab.tab.sos" Button
    t =     4.94s     Synthesize event
    t =     5.23s     Wait for io.godstone.labmesh to idle
    t =     6.61s Waiting 20.0s for "lab.sos.state" Any to exist
    t =     7.66s     Checking `Expect predicate `existsNoRetry == 1` for object "lab.sos.state" Any`
    t =     7.66s         Checking existence of `"lab.sos.state" Any`
    t =     7.73s Waiting 20.0s for "lab.sos.announced" Any to exist
    t =     8.79s     Checking `Expect predicate `existsNoRetry == 1` for object "lab.sos.announced" Any`
    t =     8.79s         Checking existence of `"lab.sos.announced" Any`
    t =     8.83s Waiting 20.0s for "lab.sos.send" Button to exist
    t =     9.88s     Checking `Expect predicate `existsNoRetry == 1` for object "lab.sos.send" Button`
    t =     9.88s         Checking existence of `"lab.sos.send" Button`
    t =     9.90s Checking existence of `"lab.sos.send" Button`
    t =     9.91s Find the "lab.sos.send" Button
    t =     9.92s Find the "lab.sos.send" Button
    t =     9.94s Tap "lab.sos.send" Button
    t =     9.94s     Wait for io.godstone.labmesh to idle
    t =     9.95s     Find the "lab.sos.send" Button
    t =     9.96s     Check for interrupting elements affecting "lab.sos.send" Button
    t =     9.97s     Synthesize event
    t =    10.26s     Wait for io.godstone.labmesh to idle
    t =    11.30s Checking `Expect predicate `value BEGINSWITH "active: "` for object "lab.sos.state" Any`
    t =    11.31s     Find the "lab.sos.state" Any
    t =    11.36s Find the "lab.sos.state" Other
    t =    11.39s Find the "lab.sos.announced" Any
    t =    11.43s Find the "lab.sos.announced" Other
    t =    11.47s Tear Down
Test Case '-[LabMeshUITests.LabMeshAccessibilityUITests testGSINT001TheSosStateSpeaksTheSharedVocabularyAndItsChangeReachesTheAnnouncementDoor]' passed (11.699 seconds).
Test Case '-[LabMeshUITests.LabMeshAccessibilityUITests testGSINT001TheTrustSurfacesAreOperableNotMerelyLabelled]' started.
    t =     0.00s Start Test at 2026-10-05 06:56:27.066
    t =     0.02s Set Up
    t =     0.02s Open io.godstone.labmesh
    t =     0.03s     Launch io.godstone.labmesh
    t =     0.03s         Terminate io.godstone.labmesh:12174
2026-10-05 06:56:28.164 xcodebuild[10179:52675962] [MT] IDELaunchParametersSnapshot: debugger version lookup failed for path '<nil>': noURL
2026-10-05 06:56:28.164 xcodebuild[10179:52675962] [MT] IDELaunchParametersSnapshot: no debugger version
    t =     1.31s         Setting up automation session
    t =     2.01s         Wait for io.godstone.labmesh to idle
    t =     3.36s Checking existence of `"lab.tab.contacts" Button`
    t =     3.43s Checking existence of `"lab.tab.contacts" Button`
    t =     3.61s Checking existence of `"lab.tab.contacts" Button`
    t =     3.62s Checking existence of `"lab.tab.contacts" Button`
    t =     3.79s Checking existence of `"lab.tab.contacts" Button`
    t =     3.80s Checking existence of `"lab.tab.contacts" Button`
    t =     3.82s Waiting 20.0s for "lab.tab.contacts" Button to exist
    t =     4.85s     Checking `Expect predicate `existsNoRetry == 1` for object "lab.tab.contacts" Button`
    t =     4.85s         Checking existence of `"lab.tab.contacts" Button`
    t =     4.87s Tap "lab.tab.contacts" Button
    t =     4.87s     Wait for io.godstone.labmesh to idle
    t =     4.87s     Find the "lab.tab.contacts" Button
    t =     4.89s     Check for interrupting elements affecting "lab.tab.contacts" Button
    t =     4.91s     Synthesize event
    t =     5.20s     Wait for io.godstone.labmesh to idle
    t =     6.36s Waiting 20.0s for "lab.trust.fingerprint" Any to exist
    t =     7.41s     Checking `Expect predicate `existsNoRetry == 1` for object "lab.trust.fingerprint" Any`
    t =     7.41s         Checking existence of `"lab.trust.fingerprint" Any`
    t =     7.46s Find the "lab.trust.fingerprint" Any
    t =     7.50s Find the "lab.trust.fingerprint" Other
    t =     7.53s Waiting 20.0s for "lab.trust.status" Any to exist
    t =     8.56s     Checking `Expect predicate `existsNoRetry == 1` for object "lab.trust.status" Any`
    t =     8.56s         Checking existence of `"lab.trust.status" Any`
    t =     8.61s Find the "lab.trust.status" Any
    t =     8.64s Find the "lab.trust.status" Other
    t =     8.67s Waiting 20.0s for "lab.trust.confirm" Button to exist
    t =     9.73s     Checking `Expect predicate `existsNoRetry == 1` for object "lab.trust.confirm" Button`
    t =     9.73s         Checking existence of `"lab.trust.confirm" Button`
    t =     9.75s Find the "lab.trust.confirm" Button
    t =     9.76s Find the "lab.trust.confirm" Button
    t =     9.78s Checking existence of `"lab.trust.confirm" Button`
    t =     9.79s Find the "lab.trust.confirm" Button
    t =     9.81s Find the "lab.trust.confirm" Button
    t =     9.83s Checking existence of `ScrollView (First Match)`
    t =     9.84s Swipe up ScrollView (First Match)
    t =     9.84s     Wait for io.godstone.labmesh to idle
    t =     9.84s     Find the ScrollView (First Match)
    t =     9.85s     Check for interrupting elements affecting ScrollView
    t =     9.87s     Synthesize event
    t =    10.30s     Wait for io.godstone.labmesh to idle
    t =    10.84s Checking existence of `"lab.trust.confirm" Button`
    t =    10.86s Find the "lab.trust.confirm" Button
    t =    10.88s Find the "lab.trust.confirm" Button
    t =    10.90s Find the "lab.trust.confirm" Button
    t =    10.91s Waiting 20.0s for "lab.trust.approve" Button to exist
    t =    11.96s     Checking `Expect predicate `existsNoRetry == 1` for object "lab.trust.approve" Button`
    t =    11.96s         Checking existence of `"lab.trust.approve" Button`
    t =    11.99s Find the "lab.trust.approve" Button
    t =    12.00s Find the "lab.trust.approve" Button
    t =    12.02s Checking existence of `"lab.trust.approve" Button`
    t =    12.03s Find the "lab.trust.approve" Button
    t =    12.05s Find the "lab.trust.approve" Button
    t =    12.07s Find the "lab.trust.approve" Button
    t =    12.09s Waiting 20.0s for "lab.trust.revoke" Button to exist
    t =    13.14s     Checking `Expect predicate `existsNoRetry == 1` for object "lab.trust.revoke" Button`
    t =    13.14s         Checking existence of `"lab.trust.revoke" Button`
    t =    13.17s Find the "lab.trust.revoke" Button
    t =    13.19s Find the "lab.trust.revoke" Button
    t =    13.22s Checking existence of `"lab.trust.revoke" Button`
    t =    13.23s Find the "lab.trust.revoke" Button
    t =    13.25s Find the "lab.trust.revoke" Button
    t =    13.28s Find the "lab.trust.revoke" Button
    t =    13.29s Tear Down
Test Case '-[LabMeshUITests.LabMeshAccessibilityUITests testGSINT001TheTrustSurfacesAreOperableNotMerelyLabelled]' passed (13.559 seconds).
Test Suite 'LabMeshAccessibilityUITests' passed at 2026-10-05 06:56:40.625.
	 Executed 11 tests, with 0 failures (0 unexpected) in 215.914 (215.920) seconds
Test Suite 'LabMeshUITests' started at 2026-10-05 06:56:40.626.
Test Case '-[LabMeshUITests.LabMeshUITests testG1ANormalBootReallyOpensPrivateStores]' started.
    t =     0.00s Start Test at 2026-10-05 06:56:40.626
    t =     0.03s Set Up
    t =     0.03s Open io.godstone.labmesh
    t =     0.03s     Launch io.godstone.labmesh
    t =     0.03s         Terminate io.godstone.labmesh:12223
2026-10-05 06:56:41.748 xcodebuild[10179:52675962] [MT] IDELaunchParametersSnapshot: debugger version lookup failed for path '<nil>': noURL
2026-10-05 06:56:41.748 xcodebuild[10179:52675962] [MT] IDELaunchParametersSnapshot: no debugger version
    t =     1.33s         Setting up automation session
    t =     2.01s         Wait for io.godstone.labmesh to idle
    t =     3.38s Checking existence of `"lab.tab.diagnostics" Button`
    t =     3.44s Checking existence of `"lab.tab.diagnostics" Button`
    t =     3.62s Checking existence of `"lab.tab.diagnostics" Button`
    t =     3.63s Checking existence of `"lab.tab.diagnostics" Button`
    t =     3.80s Checking existence of `"lab.tab.diagnostics" Button`
    t =     3.83s Waiting 25.0s for "lab.tab.diagnostics" Button to exist
    t =     4.86s     Checking `Expect predicate `existsNoRetry == 1` for object "lab.tab.diagnostics" Button`
    t =     4.86s         Checking existence of `"lab.tab.diagnostics" Button`
    t =     4.89s Checking existence of `"lab.tab.diagnostics" Button`
    t =     4.91s Tap "lab.tab.diagnostics" Button
    t =     4.91s     Wait for io.godstone.labmesh to idle
    t =     4.91s     Find the "lab.tab.diagnostics" Button
    t =     4.92s     Check for interrupting elements affecting "lab.tab.diagnostics" Button
    t =     4.94s     Synthesize event
    t =     5.24s     Wait for io.godstone.labmesh to idle
    t =     6.55s Waiting 20.0s for "lab.diagnostics.privateopens" StaticText to exist
    t =     7.61s     Checking `Expect predicate `existsNoRetry == 1` for object "lab.diagnostics.privateopens" StaticText`
    t =     7.61s         Checking existence of `"lab.diagnostics.privateopens" StaticText`
    t =     7.64s Find the "lab.diagnostics.privateopens" StaticText
    t =     7.65s Tear Down
Test Case '-[LabMeshUITests.LabMeshUITests testG1ANormalBootReallyOpensPrivateStores]' passed (7.888 seconds).
Test Case '-[LabMeshUITests.LabMeshUITests testG1TheCorruptRecordDeniesRetryAndTheOperatorWipeEarnsTheGraphBack]' started.
    t =     0.00s Start Test at 2026-10-05 06:56:48.515
    t =     0.03s Set Up
    t =     0.03s Open io.godstone.labmesh
    t =     0.03s     Launch io.godstone.labmesh
    t =     0.03s         Terminate io.godstone.labmesh:12296
2026-10-05 06:56:49.606 xcodebuild[10179:52675962] [MT] IDELaunchParametersSnapshot: debugger version lookup failed for path '<nil>': noURL
2026-10-05 06:56:49.606 xcodebuild[10179:52675962] [MT] IDELaunchParametersSnapshot: no debugger version
    t =     1.30s         Setting up automation session
    t =     1.92s         Wait for io.godstone.labmesh to idle
    t =     3.27s Checking existence of `"lab.tab.diagnostics" Button`
    t =     3.35s Checking existence of `"lab.tab.diagnostics" Button`
    t =     3.53s Checking existence of `"lab.tab.diagnostics" Button`
    t =     3.55s Checking existence of `"lab.tab.diagnostics" Button`
    t =     3.72s Checking existence of `"lab.tab.diagnostics" Button`
    t =     3.74s Checking existence of `"lab.tab.diagnostics" Button`
    t =     3.91s Checking existence of `"lab.tab.diagnostics" Button`
    t =     3.93s Waiting 25.0s for "lab.tab.diagnostics" Button to exist
    t =     4.98s     Checking `Expect predicate `existsNoRetry == 1` for object "lab.tab.diagnostics" Button`
    t =     4.98s         Checking existence of `"lab.tab.diagnostics" Button`
    t =     5.01s Terminate io.godstone.labmesh:12325
    t =     6.08s Open io.godstone.labmesh
    t =     6.09s     Launch io.godstone.labmesh
2026-10-05 06:56:54.601 xcodebuild[10179:52675962] [MT] IDELaunchParametersSnapshot: debugger version lookup failed for path '<nil>': noURL
2026-10-05 06:56:54.601 xcodebuild[10179:52675962] [MT] IDELaunchParametersSnapshot: no debugger version
    t =     6.29s         Setting up automation session
    t =     6.91s         Wait for io.godstone.labmesh to idle
    t =     8.12s Waiting 25.0s for "lab.recovery.decision" StaticText to exist
    t =     9.16s     Checking `Expect predicate `existsNoRetry == 1` for object "lab.recovery.decision" StaticText`
    t =     9.17s         Checking existence of `"lab.recovery.decision" StaticText`
    t =     9.20s Find the "lab.recovery.decision" StaticText
    t =     9.21s Find the "lab.recovery.bootstrap" StaticText
    t =     9.22s Find the "lab.recovery.gate" StaticText
    t =     9.23s Find the "lab.recovery.gate" StaticText
    t =     9.24s Checking existence of `"lab.recovery.retry" Button`
    t =     9.25s Waiting 20.0s for "lab.recovery.resolve" Button to exist
    t =    10.30s     Checking `Expect predicate `existsNoRetry == 1` for object "lab.recovery.resolve" Button`
    t =    10.30s         Checking existence of `"lab.recovery.resolve" Button`
    t =    10.31s Find the "lab.recovery.resolve" Button
    t =    10.32s Tap "lab.recovery.resolve" Button
    t =    10.32s     Wait for io.godstone.labmesh to idle
    t =    10.32s     Find the "lab.recovery.resolve" Button
    t =    10.33s     Check for interrupting elements affecting "lab.recovery.resolve" Button
    t =    10.34s     Synthesize event
    t =    10.63s     Wait for io.godstone.labmesh to idle
    t =    10.64s Waiting 30.0s for "lab.recovery.operatorwipe" StaticText to exist
    t =    11.69s     Checking `Expect predicate `existsNoRetry == 1` for object "lab.recovery.operatorwipe" StaticText`
    t =    11.69s         Checking existence of `"lab.recovery.operatorwipe" StaticText`
    t =    11.73s Find the "lab.recovery.operatorwipe" StaticText
    t =    11.74s Checking existence of `"lab.tab.diagnostics" Button`
    t =    11.76s Waiting 30.0s for "lab.tab.diagnostics" Button to exist
    t =    12.79s     Checking `Expect predicate `existsNoRetry == 1` for object "lab.tab.diagnostics" Button`
    t =    12.79s         Checking existence of `"lab.tab.diagnostics" Button`
    t =    12.81s Checking existence of `"lab.tab.diagnostics" Button`
    t =    12.82s Tap "lab.tab.diagnostics" Button
    t =    12.82s     Wait for io.godstone.labmesh to idle
    t =    12.83s     Find the "lab.tab.diagnostics" Button
    t =    12.85s     Check for interrupting elements affecting "lab.tab.diagnostics" Button
    t =    12.87s     Synthesize event
    t =    13.16s     Wait for io.godstone.labmesh to idle
    t =    14.46s Waiting 20.0s for "lab.diagnostics.privateopens" StaticText to exist
    t =    15.53s     Checking `Expect predicate `existsNoRetry == 1` for object "lab.diagnostics.privateopens" StaticText`
    t =    15.53s         Checking existence of `"lab.diagnostics.privateopens" StaticText`
    t =    15.56s Find the "lab.diagnostics.privateopens" StaticText
    t =    15.57s Tear Down
Test Case '-[LabMeshUITests.LabMeshUITests testG1TheCorruptRecordDeniesRetryAndTheOperatorWipeEarnsTheGraphBack]' passed (15.811 seconds).
Test Case '-[LabMeshUITests.LabMeshUITests testG1TheIntermediateRungBootsRecoveryOnlyAndResumesFromIt]' started.
    t =     0.00s Start Test at 2026-10-05 06:57:04.327
    t =     0.02s Set Up
    t =     0.02s Open io.godstone.labmesh
    t =     0.03s     Launch io.godstone.labmesh
    t =     0.03s         Terminate io.godstone.labmesh:12339
2026-10-05 06:57:05.414 xcodebuild[10179:52675962] [MT] IDELaunchParametersSnapshot: debugger version lookup failed for path '<nil>': noURL
2026-10-05 06:57:05.414 xcodebuild[10179:52675962] [MT] IDELaunchParametersSnapshot: no debugger version
    t =     1.30s         Setting up automation session
    t =     1.96s         Wait for io.godstone.labmesh to idle
    t =     3.31s Checking existence of `"lab.tab.diagnostics" Button`
    t =     3.38s Checking existence of `"lab.tab.diagnostics" Button`
    t =     3.55s Checking existence of `"lab.tab.diagnostics" Button`
    t =     3.56s Checking existence of `"lab.tab.diagnostics" Button`
    t =     3.73s Checking existence of `"lab.tab.diagnostics" Button`
    t =     3.75s Checking existence of `"lab.tab.diagnostics" Button`
    t =     3.93s Checking existence of `"lab.tab.diagnostics" Button`
    t =     3.95s Waiting 25.0s for "lab.tab.diagnostics" Button to exist
    t =     5.01s     Checking `Expect predicate `existsNoRetry == 1` for object "lab.tab.diagnostics" Button`
    t =     5.01s         Checking existence of `"lab.tab.diagnostics" Button`
    t =     5.14s Terminate io.godstone.labmesh:12378
    t =     6.23s Open io.godstone.labmesh
    t =     6.23s     Launch io.godstone.labmesh
2026-10-05 06:57:10.558 xcodebuild[10179:52675962] [MT] IDELaunchParametersSnapshot: debugger version lookup failed for path '<nil>': noURL
2026-10-05 06:57:10.558 xcodebuild[10179:52675962] [MT] IDELaunchParametersSnapshot: no debugger version
    t =     6.44s         Setting up automation session
    t =     7.11s         Wait for io.godstone.labmesh to idle
    t =     8.29s Waiting 25.0s for "lab.recovery.decision" StaticText to exist
    t =     9.35s     Checking `Expect predicate `existsNoRetry == 1` for object "lab.recovery.decision" StaticText`
    t =     9.35s         Checking existence of `"lab.recovery.decision" StaticText`
    t =     9.39s Find the "lab.recovery.rung" StaticText
    t =     9.39s Find the "lab.recovery.decision" StaticText
    t =     9.40s Find the "lab.recovery.decision" StaticText
    t =     9.41s Find the "lab.recovery.gate" StaticText
    t =     9.41s Find the "lab.recovery.privateopens" StaticText
    t =     9.42s Waiting 20.0s for "lab.recovery.retry" Button to exist
    t =    10.46s     Checking `Expect predicate `existsNoRetry == 1` for object "lab.recovery.retry" Button`
    t =    10.46s         Checking existence of `"lab.recovery.retry" Button`
    t =    10.47s Checking existence of `"lab.recovery.resolve" Button`
    t =    10.48s Tap "lab.recovery.retry" Button
    t =    10.48s     Wait for io.godstone.labmesh to idle
    t =    10.49s     Find the "lab.recovery.retry" Button
    t =    10.49s     Check for interrupting elements affecting "lab.recovery.retry" Button
    t =    10.50s     Synthesize event
    t =    10.79s     Wait for io.godstone.labmesh to idle
    t =    10.79s Checking existence of `"lab.tab.diagnostics" Button`
    t =    10.82s Waiting 30.0s for "lab.tab.diagnostics" Button to exist
    t =    11.84s     Checking `Expect predicate `existsNoRetry == 1` for object "lab.tab.diagnostics" Button`
    t =    11.84s         Checking existence of `"lab.tab.diagnostics" Button`
    t =    11.87s Tap "lab.tab.diagnostics" Button
    t =    11.87s     Wait for io.godstone.labmesh to idle
    t =    11.87s     Find the "lab.tab.diagnostics" Button
    t =    11.89s     Check for interrupting elements affecting "lab.tab.diagnostics" Button
    t =    11.90s     Synthesize event
    t =    12.19s     Wait for io.godstone.labmesh to idle
    t =    13.48s Waiting 20.0s for "lab.diagnostics.privateopens" StaticText to exist
    t =    14.54s     Checking `Expect predicate `existsNoRetry == 1` for object "lab.diagnostics.privateopens" StaticText`
    t =    14.54s         Checking existence of `"lab.diagnostics.privateopens" StaticText`
    t =    14.58s Find the "lab.diagnostics.privateopens" StaticText
    t =    14.59s Tear Down
Test Case '-[LabMeshUITests.LabMeshUITests testG1TheIntermediateRungBootsRecoveryOnlyAndResumesFromIt]' passed (14.876 seconds).
Test Case '-[LabMeshUITests.LabMeshUITests testG1ThePendingRecoveryBootsRecoveryOnlyAndRetriesAResume]' started.
    t =     0.00s Start Test at 2026-10-05 06:57:19.203
    t =     0.03s Set Up
    t =     0.03s Open io.godstone.labmesh
    t =     0.03s     Launch io.godstone.labmesh
    t =     0.03s         Terminate io.godstone.labmesh:12394
2026-10-05 06:57:20.334 xcodebuild[10179:52675962] [MT] IDELaunchParametersSnapshot: debugger version lookup failed for path '<nil>': noURL
2026-10-05 06:57:20.334 xcodebuild[10179:52675962] [MT] IDELaunchParametersSnapshot: no debugger version
    t =     1.38s         Setting up automation session
    t =     2.06s         Wait for io.godstone.labmesh to idle
    t =     3.41s Checking existence of `"lab.tab.diagnostics" Button`
    t =     3.47s Checking existence of `"lab.tab.diagnostics" Button`
    t =     3.64s Checking existence of `"lab.tab.diagnostics" Button`
    t =     3.76s Checking existence of `"lab.tab.diagnostics" Button`
    t =     3.93s Checking existence of `"lab.tab.diagnostics" Button`
    t =     4.01s Checking existence of `"lab.tab.diagnostics" Button`
    t =     4.18s Checking existence of `"lab.tab.diagnostics" Button`
    t =     4.26s Waiting 25.0s for "lab.tab.diagnostics" Button to exist
    t =     5.31s     Checking `Expect predicate `existsNoRetry == 1` for object "lab.tab.diagnostics" Button`
    t =     5.31s         Checking existence of `"lab.tab.diagnostics" Button`
    t =     5.33s Terminate io.godstone.labmesh:12555
    t =     6.42s Open io.godstone.labmesh
    t =     6.42s     Launch io.godstone.labmesh
2026-10-05 06:57:25.626 xcodebuild[10179:52675962] [MT] IDELaunchParametersSnapshot: debugger version lookup failed for path '<nil>': noURL
2026-10-05 06:57:25.626 xcodebuild[10179:52675962] [MT] IDELaunchParametersSnapshot: no debugger version
    t =     6.64s         Setting up automation session
    t =     7.33s         Wait for io.godstone.labmesh to idle
    t =     8.54s Waiting 25.0s for "lab.recovery.decision" StaticText to exist
    t =     9.58s     Checking `Expect predicate `existsNoRetry == 1` for object "lab.recovery.decision" StaticText`
    t =     9.58s         Checking existence of `"lab.recovery.decision" StaticText`
    t =     9.62s Find the "lab.recovery.decision" StaticText
    t =     9.63s Find the "lab.recovery.rung" StaticText
    t =     9.63s Find the "lab.recovery.privateopens" StaticText
    t =     9.64s Checking existence of `"lab.tab.identity" Button`
    t =     9.65s Checking existence of `"lab.tab.identity" Button`
    t =     9.66s Checking existence of `"lab.tab.contacts" Button`
    t =     9.67s Checking existence of `"lab.tab.contacts" Button`
    t =     9.67s Checking existence of `"lab.tab.conversation" Button`
    t =     9.68s Checking existence of `"lab.tab.conversation" Button`
    t =     9.69s Checking existence of `"lab.tab.sos" Button`
    t =     9.70s Checking existence of `"lab.tab.sos" Button`
    t =     9.71s Checking existence of `"lab.tab.diagnostics" Button`
    t =     9.71s Checking existence of `"lab.tab.diagnostics" Button`
    t =     9.72s Find the "lab.recovery.gate" StaticText
    t =     9.73s Find the "lab.recovery.gate" StaticText
    t =     9.74s Waiting 20.0s for "lab.recovery.retry" Button to exist
    t =    10.78s     Checking `Expect predicate `existsNoRetry == 1` for object "lab.recovery.retry" Button`
    t =    10.78s         Checking existence of `"lab.recovery.retry" Button`
    t =    10.79s Checking existence of `"lab.recovery.resolve" Button`
    t =    10.80s Tap "lab.recovery.retry" Button
    t =    10.80s     Wait for io.godstone.labmesh to idle
    t =    10.81s     Find the "lab.recovery.retry" Button
    t =    10.82s     Check for interrupting elements affecting "lab.recovery.retry" Button
    t =    10.84s     Synthesize event
    t =    11.13s     Wait for io.godstone.labmesh to idle
    t =    11.13s Checking existence of `"lab.tab.diagnostics" Button`
    t =    11.17s Waiting 30.0s for "lab.tab.diagnostics" Button to exist
    t =    12.21s     Checking `Expect predicate `existsNoRetry == 1` for object "lab.tab.diagnostics" Button`
    t =    12.21s         Checking existence of `"lab.tab.diagnostics" Button`
    t =    12.24s Tap "lab.tab.diagnostics" Button
    t =    12.24s     Wait for io.godstone.labmesh to idle
    t =    12.24s     Find the "lab.tab.diagnostics" Button
    t =    12.26s     Check for interrupting elements affecting "lab.tab.diagnostics" Button
    t =    12.28s     Synthesize event
    t =    12.58s     Wait for io.godstone.labmesh to idle
    t =    13.89s Waiting 20.0s for "lab.diagnostics.privateopens" StaticText to exist
    t =    14.94s     Checking `Expect predicate `existsNoRetry == 1` for object "lab.diagnostics.privateopens" StaticText`
    t =    14.94s         Checking existence of `"lab.diagnostics.privateopens" StaticText`
    t =    14.97s Find the "lab.diagnostics.privateopens" StaticText
    t =    14.98s Terminate io.godstone.labmesh:12631
    t =    16.05s Open io.godstone.labmesh
    t =    16.05s     Launch io.godstone.labmesh
2026-10-05 06:57:35.258 xcodebuild[10179:52675962] [MT] IDELaunchParametersSnapshot: debugger version lookup failed for path '<nil>': noURL
2026-10-05 06:57:35.258 xcodebuild[10179:52675962] [MT] IDELaunchParametersSnapshot: no debugger version
    t =    16.26s         Setting up automation session
    t =    16.92s         Wait for io.godstone.labmesh to idle
    t =    18.21s Checking existence of `"lab.tab.diagnostics" Button`
    t =    18.30s Checking existence of `"lab.tab.diagnostics" Button`
    t =    18.48s Checking existence of `"lab.tab.diagnostics" Button`
    t =    18.49s Checking existence of `"lab.tab.diagnostics" Button`
    t =    18.66s Checking existence of `"lab.tab.diagnostics" Button`
    t =    18.69s Waiting 30.0s for "lab.tab.diagnostics" Button to exist
    t =    19.73s     Checking `Expect predicate `existsNoRetry == 1` for object "lab.tab.diagnostics" Button`
    t =    19.73s         Checking existence of `"lab.tab.diagnostics" Button`
    t =    19.75s Checking existence of `"lab.recovery.decision" StaticText`
    t =    19.77s Tear Down
Test Case '-[LabMeshUITests.LabMeshUITests testG1ThePendingRecoveryBootsRecoveryOnlyAndRetriesAResume]' passed (20.030 seconds).
Test Case '-[LabMeshUITests.LabMeshUITests testGSINT001ACancelledSosHoldDoesNotReachTheRuntime]' started.
    t =     0.00s Start Test at 2026-10-05 06:57:39.233
    t =     0.02s Set Up
    t =     0.03s Open io.godstone.labmesh
    t =     0.03s     Launch io.godstone.labmesh
    t =     0.03s         Terminate io.godstone.labmesh:12728
2026-10-05 06:57:40.339 xcodebuild[10179:52675962] [MT] IDELaunchParametersSnapshot: debugger version lookup failed for path '<nil>': noURL
2026-10-05 06:57:40.339 xcodebuild[10179:52675962] [MT] IDELaunchParametersSnapshot: no debugger version
    t =     1.32s         Setting up automation session
    t =     1.95s         Wait for io.godstone.labmesh to idle
    t =     3.24s Checking existence of `"lab.tab.sos" Button`
    t =     3.36s Checking existence of `"lab.tab.sos" Button`
    t =     3.56s Checking existence of `"lab.tab.sos" Button`
    t =     3.62s Checking existence of `"lab.tab.sos" Button`
    t =     3.64s Waiting 20.0s for "lab.tab.sos" Button to exist
    t =     4.70s     Checking `Expect predicate `existsNoRetry == 1` for object "lab.tab.sos" Button`
    t =     4.70s         Checking existence of `"lab.tab.sos" Button`
    t =     4.78s Tap "lab.tab.sos" Button
    t =     4.78s     Wait for io.godstone.labmesh to idle
    t =     4.79s     Find the "lab.tab.sos" Button
    t =     4.83s     Check for interrupting elements affecting "lab.tab.sos" Button
    t =     4.88s     Synthesize event
    t =     5.19s     Wait for io.godstone.labmesh to idle
    t =     6.57s Waiting 20.0s for "lab.sos.hold" StaticText to exist
    t =     7.61s     Checking `Expect predicate `existsNoRetry == 1` for object "lab.sos.hold" StaticText`
    t =     7.61s         Checking existence of `"lab.sos.hold" StaticText`
    t =     7.65s Checking existence of `"lab.sos.hold" StaticText`
    t =     7.66s Waiting 20.0s for "lab.sos.admitted" StaticText to exist
    t =     8.73s     Checking `Expect predicate `existsNoRetry == 1` for object "lab.sos.admitted" StaticText`
    t =     8.73s         Checking existence of `"lab.sos.admitted" StaticText`
    t =     8.77s Find the "lab.sos.admitted" StaticText
    t =     8.78s Press "lab.sos.hold" StaticText for 0.2 seconds
    t =     8.78s     Wait for io.godstone.labmesh to idle
    t =     8.79s     Find the "lab.sos.hold" StaticText
    t =     8.81s     Check for interrupting elements affecting "lab.sos.hold" StaticText
    t =     8.83s     Synthesize event
    t =     9.27s     Wait for io.godstone.labmesh to idle
    t =     9.27s Waiting 10.0s for StaticText (First Match) to exist
    t =    10.31s     Checking `Expect predicate `existsNoRetry == 1` for object StaticText (First Match)`
    t =    10.31s         Checking existence of `StaticText (First Match)`
    t =    10.40s Find the "lab.sos.admitted" StaticText
    t =    10.42s Tear Down
Test Case '-[LabMeshUITests.LabMeshUITests testGSINT001ACancelledSosHoldDoesNotReachTheRuntime]' passed (10.644 seconds).
Test Case '-[LabMeshUITests.LabMeshUITests testGSINT001AStaleRotationCandidateIsRefusedWithTheExactString]' started.
    t =     0.00s Start Test at 2026-10-05 06:57:49.877
    t =     0.02s Set Up
    t =     0.03s Open io.godstone.labmesh
    t =     0.03s     Launch io.godstone.labmesh
    t =     0.03s         Terminate io.godstone.labmesh:12803
2026-10-05 06:57:50.909 xcodebuild[10179:52675962] [MT] IDELaunchParametersSnapshot: debugger version lookup failed for path '<nil>': noURL
2026-10-05 06:57:50.909 xcodebuild[10179:52675962] [MT] IDELaunchParametersSnapshot: no debugger version
    t =     1.24s         Setting up automation session
    t =     1.90s         Wait for io.godstone.labmesh to idle
    t =     3.19s Checking existence of `"lab.tab.contacts" Button`
    t =     3.25s Checking existence of `"lab.tab.contacts" Button`
    t =     3.43s Checking existence of `"lab.tab.contacts" Button`
    t =     3.44s Checking existence of `"lab.tab.contacts" Button`
    t =     3.62s Checking existence of `"lab.tab.contacts" Button`
    t =     3.64s Waiting 20.0s for "lab.tab.contacts" Button to exist
    t =     4.69s     Checking `Expect predicate `existsNoRetry == 1` for object "lab.tab.contacts" Button`
    t =     4.69s         Checking existence of `"lab.tab.contacts" Button`
    t =     4.72s Tap "lab.tab.contacts" Button
    t =     4.72s     Wait for io.godstone.labmesh to idle
    t =     4.72s     Find the "lab.tab.contacts" Button
    t =     4.74s     Check for interrupting elements affecting "lab.tab.contacts" Button
    t =     4.75s     Synthesize event
    t =     5.04s     Wait for io.godstone.labmesh to idle
    t =     6.45s Waiting 20.0s for "lab.trust.outcome" StaticText to exist
    t =     7.50s     Checking `Expect predicate `existsNoRetry == 1` for object "lab.trust.outcome" StaticText`
    t =     7.50s         Checking existence of `"lab.trust.outcome" StaticText`
    t =     7.53s Waiting 20.0s for "lab.trust.approve" Button to exist
    t =     8.60s     Checking `Expect predicate `existsNoRetry == 1` for object "lab.trust.approve" Button`
    t =     8.60s         Checking existence of `"lab.trust.approve" Button`
    t =     8.63s Waiting 20.0s for "lab.trust.seedrotation" Button to exist
    t =     9.66s     Checking `Expect predicate `existsNoRetry == 1` for object "lab.trust.seedrotation" Button`
    t =     9.66s         Checking existence of `"lab.trust.seedrotation" Button`
    t =     9.69s Find the "lab.trust.seedrotation" Button
    t =     9.71s Checking existence of `ScrollView (First Match)`
    t =     9.72s Swipe up ScrollView (First Match)
    t =     9.72s     Wait for io.godstone.labmesh to idle
    t =     9.72s     Find the ScrollView (First Match)
    t =     9.74s     Check for interrupting elements affecting ScrollView
    t =     9.76s     Synthesize event
    t =    10.22s     Wait for io.godstone.labmesh to idle
    t =    10.74s Find the "lab.trust.seedrotation" Button
    t =    10.79s Tap "lab.trust.seedrotation" Button
    t =    10.79s     Wait for io.godstone.labmesh to idle
    t =    10.79s     Find the "lab.trust.seedrotation" Button
    t =    10.81s     Check for interrupting elements affecting "lab.trust.seedrotation" Button
    t =    10.83s     Synthesize event
    t =    11.12s     Wait for io.godstone.labmesh to idle
    t =    11.13s Waiting 20.0s for "lab.trust.status" Any to exist
    t =    12.16s     Checking `Expect predicate `existsNoRetry == 1` for object "lab.trust.status" Any`
    t =    12.16s         Checking existence of `"lab.trust.status" Any`
    t =    13.26s Checking `Expect predicate `value CONTAINS "ROTATION_PENDING"` for object "lab.trust.status" Any`
    t =    13.26s     Find the "lab.trust.status" Any
    t =    13.37s Find the "lab.trust.seedrotation" Button
    t =    13.40s Tap "lab.trust.seedrotation" Button
    t =    13.40s     Wait for io.godstone.labmesh to idle
    t =    13.40s     Find the "lab.trust.seedrotation" Button
    t =    13.42s     Check for interrupting elements affecting "lab.trust.seedrotation" Button
    t =    13.44s     Synthesize event
    t =    13.74s     Wait for io.godstone.labmesh to idle
    t =    13.74s Find the "lab.trust.approve" Button
    t =    13.78s Tap "lab.trust.approve" Button
    t =    13.78s     Wait for io.godstone.labmesh to idle
    t =    13.78s     Find the "lab.trust.approve" Button
    t =    13.80s     Check for interrupting elements affecting "lab.trust.approve" Button
    t =    13.82s     Synthesize event
    t =    14.12s     Wait for io.godstone.labmesh to idle
    t =    15.16s Checking `Expect predicate `label == "refused: that rotation is no longer pending: nothing was approved"` for object "lab.trust.outcome" StaticText`
    t =    15.16s     Find the "lab.trust.outcome" StaticText
    t =    15.21s Find the "lab.trust.outcome" StaticText
    t =    15.23s Tear Down
Test Case '-[LabMeshUITests.LabMeshUITests testGSINT001AStaleRotationCandidateIsRefusedWithTheExactString]' passed (15.471 seconds).
Test Case '-[LabMeshUITests.LabMeshUITests testGSINT001ControlsRemainAddressableUnderRTLAndLargeText]' started.
    t =     0.00s Start Test at 2026-10-05 06:58:05.349
    t =     0.03s Set Up
    t =     0.03s Open io.godstone.labmesh
    t =     0.03s     Launch io.godstone.labmesh
    t =     0.03s         Terminate io.godstone.labmesh:12877
2026-10-05 06:58:06.439 xcodebuild[10179:52675962] [MT] IDELaunchParametersSnapshot: debugger version lookup failed for path '<nil>': noURL
2026-10-05 06:58:06.441 xcodebuild[10179:52675962] [MT] IDELaunchParametersSnapshot: no debugger version
    t =     1.30s         Setting up automation session
    t =     2.00s         Wait for io.godstone.labmesh to idle
    t =     3.35s Checking existence of `"lab.tab.conversation" Button`
    t =     3.42s Checking existence of `"lab.tab.conversation" Button`
    t =     3.59s Checking existence of `"lab.tab.conversation" Button`
    t =     3.61s Checking existence of `"lab.tab.conversation" Button`
    t =     3.77s Checking existence of `"lab.tab.conversation" Button`
    t =     3.80s Waiting 20.0s for "lab.tab.conversation" Button to exist
    t =     4.85s     Checking `Expect predicate `existsNoRetry == 1` for object "lab.tab.conversation" Button`
    t =     4.85s         Checking existence of `"lab.tab.conversation" Button`
    t =     4.87s Tap "lab.tab.conversation" Button
    t =     4.87s     Wait for io.godstone.labmesh to idle
    t =     4.88s     Find the "lab.tab.conversation" Button
    t =     4.89s     Check for interrupting elements affecting "lab.tab.conversation" Button
    t =     4.92s     Synthesize event
    t =     5.21s     Wait for io.godstone.labmesh to idle
    t =     5.96s Waiting 20.0s for "lab.conversation.field" TextField to exist
    t =     7.01s     Checking `Expect predicate `existsNoRetry == 1` for object "lab.conversation.field" TextField`
    t =     7.01s         Checking existence of `"lab.conversation.field" TextField`
    t =     7.04s Checking existence of `"lab.conversation.send" Button`
    t =     7.05s Tap "lab.conversation.field" TextField
    t =     7.05s     Wait for io.godstone.labmesh to idle
    t =     7.06s     Find the "lab.conversation.field" TextField
    t =     7.07s     Check for interrupting elements affecting "lab.conversation.field" TextField
    t =     7.08s     Synthesize event
    t =     7.09s         Scroll element to visible
    t =     7.09s         Find the "lab.conversation.field" TextField
    t =     7.11s         Computed hit point {220, 456.91666666666669} after scrolling to visible
    t =     7.39s     Wait for io.godstone.labmesh to idle
    t =     8.77s Type 'الطريق مسدود' into "lab.conversation.field" TextField
    t =     8.77s     Wait for io.godstone.labmesh to idle
    t =     8.77s     Find the "lab.conversation.field" TextField
    t =     8.81s     Check for interrupting elements affecting "lab.conversation.field" TextField
    t =     8.83s     Synthesize event
    t =     9.23s     Wait for io.godstone.labmesh to idle
    t =     9.24s Get number of matches for: Descendants matching type Keyboard
    t =     9.25s Checking existence of `"Return" Button`
    t =     9.28s Tap "Return" Button
    t =     9.28s     Wait for io.godstone.labmesh to idle
    t =     9.28s     Find the "Return" Button
    t =     9.31s     Check for interrupting elements affecting "Return" Button
    t =     9.34s     Synthesize event
    t =     9.63s     Wait for io.godstone.labmesh to idle
    t =    11.48s Get number of matches for: Descendants matching type Keyboard
    t =    11.51s Checking existence of `"lab.tab.contacts" Button`
    t =    11.52s Checking existence of `"lab.tab.contacts" Button`
    t =    11.53s Tap "lab.tab.contacts" Button
    t =    11.53s     Wait for io.godstone.labmesh to idle
    t =    11.54s     Find the "lab.tab.contacts" Button
    t =    11.55s     Check for interrupting elements affecting "lab.tab.contacts" Button
    t =    11.57s     Synthesize event
    t =    11.86s     Wait for io.godstone.labmesh to idle
    t =    13.34s Waiting 20.0s for "lab.trust.confirm" Button to exist
    t =    14.39s     Checking `Expect predicate `existsNoRetry == 1` for object "lab.trust.confirm" Button`
    t =    14.39s         Checking existence of `"lab.trust.confirm" Button`
    t =    14.42s Get all elements bound by index for: Descendants matching type Button
    t =    14.43s Checking existence of `Button (Element at index 0)`
    t =    14.44s Find the Button (Element at index 0)
    t =    14.45s Checking existence of `Button (Element at index 1)`
    t =    14.46s Find the Button (Element at index 1)
    t =    14.47s Checking existence of `Button (Element at index 2)`
    t =    14.48s Find the Button (Element at index 2)
    t =    14.49s Checking existence of `Button (Element at index 3)`
    t =    14.51s Find the Button (Element at index 3)
    t =    14.52s Checking existence of `Button (Element at index 4)`
    t =    14.53s Find the Button (Element at index 4)
    t =    14.55s Checking existence of `Button (Element at index 5)`
    t =    14.56s Find the Button (Element at index 5)
    t =    14.57s Checking existence of `Button (Element at index 6)`
    t =    14.59s Find the Button (Element at index 6)
    t =    14.60s Checking existence of `Button (Element at index 7)`
    t =    14.61s Find the Button (Element at index 7)
    t =    14.63s Checking existence of `Button (Element at index 8)`
    t =    14.64s Find the Button (Element at index 8)
    t =    14.65s Checking existence of `Button (Element at index 9)`
    t =    14.67s Find the Button (Element at index 9)
    t =    14.68s Tear Down
Test Case '-[LabMeshUITests.LabMeshUITests testGSINT001ControlsRemainAddressableUnderRTLAndLargeText]' passed (14.943 seconds).
Test Case '-[LabMeshUITests.LabMeshUITests testGSINT001TheAcknowledgedGenerationRungAndArtifactsSurviveTheProcess]' started.
    t =     0.00s Start Test at 2026-10-05 06:58:20.292
    t =     0.02s Set Up
    t =     0.02s Open io.godstone.labmesh
    t =     0.03s     Launch io.godstone.labmesh
    t =     0.03s         Terminate io.godstone.labmesh:13051
2026-10-05 06:58:21.373 xcodebuild[10179:52675962] [MT] IDELaunchParametersSnapshot: debugger version lookup failed for path '<nil>': noURL
2026-10-05 06:58:21.373 xcodebuild[10179:52675962] [MT] IDELaunchParametersSnapshot: no debugger version
    t =     1.29s         Setting up automation session
    t =     1.93s         Wait for io.godstone.labmesh to idle
    t =     3.27s Checking existence of `"lab.tab.diagnostics" Button`
    t =     3.32s Checking existence of `"lab.tab.diagnostics" Button`
    t =     3.50s Checking existence of `"lab.tab.diagnostics" Button`
    t =     3.51s Checking existence of `"lab.tab.diagnostics" Button`
    t =     3.68s Checking existence of `"lab.tab.diagnostics" Button`
    t =     3.71s Checking existence of `"lab.tab.diagnostics" Button`
    t =     3.88s Checking existence of `"lab.tab.diagnostics" Button`
    t =     3.89s Waiting 25.0s for "lab.tab.diagnostics" Button to exist
    t =     4.94s     Checking `Expect predicate `existsNoRetry == 1` for object "lab.tab.diagnostics" Button`
    t =     4.94s         Checking existence of `"lab.tab.diagnostics" Button`
    t =     4.97s Terminate io.godstone.labmesh:13165
    t =     6.04s Open io.godstone.labmesh
    t =     6.04s     Launch io.godstone.labmesh
2026-10-05 06:58:26.334 xcodebuild[10179:52675962] [MT] IDELaunchParametersSnapshot: debugger version lookup failed for path '<nil>': noURL
2026-10-05 06:58:26.334 xcodebuild[10179:52675962] [MT] IDELaunchParametersSnapshot: no debugger version
    t =     6.26s         Setting up automation session
    t =     6.92s         Wait for io.godstone.labmesh to idle
    t =     8.24s Checking existence of `"lab.tab.diagnostics" Button`
    t =     8.30s Checking existence of `"lab.tab.diagnostics" Button`
    t =     8.48s Checking existence of `"lab.tab.diagnostics" Button`
    t =     8.49s Checking existence of `"lab.tab.diagnostics" Button`
    t =     8.66s Checking existence of `"lab.tab.diagnostics" Button`
    t =     8.69s Waiting 30.0s for "lab.tab.diagnostics" Button to exist
    t =     9.74s     Checking `Expect predicate `existsNoRetry == 1` for object "lab.tab.diagnostics" Button`
    t =     9.74s         Checking existence of `"lab.tab.diagnostics" Button`
    t =     9.77s Tap "lab.tab.diagnostics" Button
    t =     9.77s     Wait for io.godstone.labmesh to idle
    t =     9.77s     Find the "lab.tab.diagnostics" Button
    t =     9.78s     Check for interrupting elements affecting "lab.tab.diagnostics" Button
    t =     9.80s     Synthesize event
    t =    10.09s     Wait for io.godstone.labmesh to idle
    t =    11.38s Waiting 25.0s for "lab.diagnostics.generation" StaticText to exist
    t =    12.43s     Checking `Expect predicate `existsNoRetry == 1` for object "lab.diagnostics.generation" StaticText`
    t =    12.43s         Checking existence of `"lab.diagnostics.generation" StaticText`
    t =    12.46s Find the "lab.diagnostics.generation" StaticText
    t =    12.47s Find the "lab.diagnostics.generation" StaticText
    t =    12.48s Waiting 25.0s for "lab.diagnostics.liverung" StaticText to exist
    t =    13.52s     Checking `Expect predicate `existsNoRetry == 1` for object "lab.diagnostics.liverung" StaticText`
    t =    13.52s         Checking existence of `"lab.diagnostics.liverung" StaticText`
    t =    13.54s Find the "lab.diagnostics.liverung" StaticText
    t =    13.56s Terminate io.godstone.labmesh:13180
    t =    14.61s Open io.godstone.labmesh
    t =    14.62s     Launch io.godstone.labmesh
2026-10-05 06:58:34.908 xcodebuild[10179:52675962] [MT] IDELaunchParametersSnapshot: debugger version lookup failed for path '<nil>': noURL
2026-10-05 06:58:34.908 xcodebuild[10179:52675962] [MT] IDELaunchParametersSnapshot: no debugger version
    t =    14.82s         Setting up automation session
    t =    15.47s         Wait for io.godstone.labmesh to idle
    t =    16.82s Checking existence of `"lab.tab.diagnostics" Button`
    t =    16.87s Checking existence of `"lab.tab.diagnostics" Button`
    t =    17.05s Checking existence of `"lab.tab.diagnostics" Button`
    t =    17.07s Checking existence of `"lab.tab.diagnostics" Button`
    t =    17.24s Checking existence of `"lab.tab.diagnostics" Button`
    t =    17.26s Checking existence of `"lab.tab.diagnostics" Button`
    t =    17.28s Waiting 30.0s for "lab.tab.diagnostics" Button to exist
    t =    18.35s     Checking `Expect predicate `existsNoRetry == 1` for object "lab.tab.diagnostics" Button`
    t =    18.35s         Checking existence of `"lab.tab.diagnostics" Button`
    t =    18.37s Tap "lab.tab.diagnostics" Button
    t =    18.37s     Wait for io.godstone.labmesh to idle
    t =    18.37s     Find the "lab.tab.diagnostics" Button
    t =    18.39s     Check for interrupting elements affecting "lab.tab.diagnostics" Button
    t =    18.40s     Synthesize event
    t =    18.69s     Wait for io.godstone.labmesh to idle
    t =    19.98s Waiting 30.0s for "lab.diagnostics.generation" StaticText to exist
    t =    21.02s     Checking `Expect predicate `existsNoRetry == 1` for object "lab.diagnostics.generation" StaticText`
    t =    21.02s         Checking existence of `"lab.diagnostics.generation" StaticText`
    t =    21.04s Find the "lab.diagnostics.generation" StaticText
    t =    21.05s Find the "lab.diagnostics.generation" StaticText
    t =    21.07s Checking existence of `"lab.diagnostics.beginwipe" Button`
    t =    21.08s Find the "lab.diagnostics.beginwipe" Button
    t =    21.09s Find the "lab.diagnostics.beginwipe" Button
    t =    21.12s Waiting 25.0s for "lab.diagnostics.wiperesult" StaticText to exist
    t =    22.18s     Checking `Expect predicate `existsNoRetry == 1` for object "lab.diagnostics.wiperesult" StaticText`
    t =    22.18s         Checking existence of `"lab.diagnostics.wiperesult" StaticText`
    t =    22.20s Tap "lab.diagnostics.beginwipe" Button
    t =    22.20s     Wait for io.godstone.labmesh to idle
    t =    22.21s     Find the "lab.diagnostics.beginwipe" Button
    t =    22.22s     Check for interrupting elements affecting "lab.diagnostics.beginwipe" Button
    t =    22.24s     Synthesize event
    t =    22.53s     Wait for io.godstone.labmesh to idle
    t =    22.53s Waiting 25.0s for "lab.diagnostics.resumewipe" Button to exist
    t =    23.60s     Checking `Expect predicate `existsNoRetry == 1` for object "lab.diagnostics.resumewipe" Button`
    t =    23.61s         Checking existence of `"lab.diagnostics.resumewipe" Button`
    t =    23.63s Find the "lab.diagnostics.resumewipe" Button
    t =    23.65s Checking existence of `ScrollView (First Match)`
    t =    23.66s Swipe up ScrollView (First Match)
    t =    23.66s     Wait for io.godstone.labmesh to idle
    t =    23.66s     Find the ScrollView (First Match)
    t =    23.68s     Check for interrupting elements affecting ScrollView
    t =    23.69s     Synthesize event
    t =    24.12s     Wait for io.godstone.labmesh to idle
    t =    24.58s Find the "lab.diagnostics.resumewipe" Button
    t =    24.60s Find the "lab.diagnostics.wiperesult" StaticText
    t =    24.62s Find the "lab.diagnostics.wiperesult" StaticText
    t =    24.63s Tap "lab.diagnostics.resumewipe" Button
    t =    24.63s     Wait for io.godstone.labmesh to idle
    t =    24.63s     Find the "lab.diagnostics.resumewipe" Button
    t =    24.64s     Check for interrupting elements affecting "lab.diagnostics.resumewipe" Button
    t =    24.66s     Synthesize event
    t =    24.95s     Wait for io.godstone.labmesh to idle
    t =    24.96s Find the "lab.diagnostics.wiperesult" StaticText
    t =    24.97s Waiting 25.0s for "lab.diagnostics.wipeartifacts" StaticText to exist
    t =    26.05s     Checking `Expect predicate `existsNoRetry == 1` for object "lab.diagnostics.wipeartifacts" StaticText`
    t =    26.05s         Checking existence of `"lab.diagnostics.wipeartifacts" StaticText`
    t =    26.07s Find the "lab.diagnostics.wipeartifacts" StaticText
    t =    26.08s Find the "lab.diagnostics.wipeartifacts" StaticText
    t =    26.09s Terminate io.godstone.labmesh:13215
    t =    27.16s Open io.godstone.labmesh
    t =    27.16s     Launch io.godstone.labmesh
2026-10-05 06:58:47.450 xcodebuild[10179:52675962] [MT] IDELaunchParametersSnapshot: debugger version lookup failed for path '<nil>': noURL
2026-10-05 06:58:47.450 xcodebuild[10179:52675962] [MT] IDELaunchParametersSnapshot: no debugger version
    t =    27.37s         Setting up automation session
    t =    28.04s         Wait for io.godstone.labmesh to idle
    t =    29.39s Checking existence of `"lab.tab.diagnostics" Button`
    t =    29.46s Checking existence of `"lab.tab.diagnostics" Button`
    t =    29.63s Checking existence of `"lab.tab.diagnostics" Button`
    t =    29.65s Checking existence of `"lab.tab.diagnostics" Button`
    t =    29.82s Checking existence of `"lab.tab.diagnostics" Button`
    t =    29.84s Waiting 30.0s for "lab.tab.diagnostics" Button to exist
    t =    30.89s     Checking `Expect predicate `existsNoRetry == 1` for object "lab.tab.diagnostics" Button`
    t =    30.89s         Checking existence of `"lab.tab.diagnostics" Button`
    t =    30.92s Tap "lab.tab.diagnostics" Button
    t =    30.92s     Wait for io.godstone.labmesh to idle
    t =    30.92s     Find the "lab.tab.diagnostics" Button
    t =    30.93s     Check for interrupting elements affecting "lab.tab.diagnostics" Button
    t =    30.95s     Synthesize event
    t =    31.24s     Wait for io.godstone.labmesh to idle
    t =    32.53s Waiting 30.0s for "lab.diagnostics.generation" StaticText to exist
    t =    33.59s     Checking `Expect predicate `existsNoRetry == 1` for object "lab.diagnostics.generation" StaticText`
    t =    33.59s         Checking existence of `"lab.diagnostics.generation" StaticText`
    t =    33.60s Find the "lab.diagnostics.generation" StaticText
    t =    33.62s Find the "lab.diagnostics.generation" StaticText
    t =    33.63s Waiting 25.0s for "lab.diagnostics.liverung" StaticText to exist
    t =    34.66s     Checking `Expect predicate `existsNoRetry == 1` for object "lab.diagnostics.liverung" StaticText`
    t =    34.66s         Checking existence of `"lab.diagnostics.liverung" StaticText`
    t =    34.68s Find the "lab.diagnostics.liverung" StaticText
    t =    34.69s Waiting 25.0s for "lab.diagnostics.wipestate" StaticText to exist
    t =    35.74s     Checking `Expect predicate `existsNoRetry == 1` for object "lab.diagnostics.wipestate" StaticText`
    t =    35.74s         Checking existence of `"lab.diagnostics.wipestate" StaticText`
    t =    35.76s Find the "lab.diagnostics.wipestate" StaticText
    t =    35.78s Tear Down
Test Case '-[LabMeshUITests.LabMeshUITests testGSINT001TheAcknowledgedGenerationRungAndArtifactsSurviveTheProcess]' passed (36.074 seconds).
Test Case '-[LabMeshUITests.LabMeshUITests testGSINT001TheBoundedComposeCountsOctetsAndUpdatesItsReadout]' started.
    t =     0.00s Start Test at 2026-10-05 06:58:56.366
    t =     0.03s Set Up
    t =     0.03s Open io.godstone.labmesh
    t =     0.03s     Launch io.godstone.labmesh
    t =     0.03s         Terminate io.godstone.labmesh:13248
2026-10-05 06:58:57.489 xcodebuild[10179:52675962] [MT] IDELaunchParametersSnapshot: debugger version lookup failed for path '<nil>': noURL
2026-10-05 06:58:57.489 xcodebuild[10179:52675962] [MT] IDELaunchParametersSnapshot: no debugger version
    t =     1.33s         Setting up automation session
    t =     2.02s         Wait for io.godstone.labmesh to idle
    t =     3.34s Checking existence of `"lab.tab.conversation" Button`
    t =     3.40s Checking existence of `"lab.tab.conversation" Button`
    t =     3.58s Checking existence of `"lab.tab.conversation" Button`
    t =     3.59s Checking existence of `"lab.tab.conversation" Button`
    t =     3.77s Checking existence of `"lab.tab.conversation" Button`
    t =     3.80s Checking existence of `"lab.tab.conversation" Button`
    t =     3.81s Waiting 20.0s for "lab.tab.conversation" Button to exist
    t =     4.85s     Checking `Expect predicate `existsNoRetry == 1` for object "lab.tab.conversation" Button`
    t =     4.85s         Checking existence of `"lab.tab.conversation" Button`
    t =     4.88s Tap "lab.tab.conversation" Button
    t =     4.88s     Wait for io.godstone.labmesh to idle
    t =     4.88s     Find the "lab.tab.conversation" Button
    t =     4.90s     Check for interrupting elements affecting "lab.tab.conversation" Button
    t =     4.92s     Synthesize event
    t =     5.21s     Wait for io.godstone.labmesh to idle
    t =     5.96s Waiting 20.0s for "lab.conversation.field" TextField to exist
    t =     7.01s     Checking `Expect predicate `existsNoRetry == 1` for object "lab.conversation.field" TextField`
    t =     7.01s         Checking existence of `"lab.conversation.field" TextField`
    t =     7.04s Waiting 20.0s for "lab.conversation.octets" Any to exist
    t =     8.07s     Checking `Expect predicate `existsNoRetry == 1` for object "lab.conversation.octets" Any`
    t =     8.07s         Checking existence of `"lab.conversation.octets" Any`
    t =     8.10s Find the "lab.conversation.octets" Any
    t =     8.11s Tap "lab.conversation.field" TextField
    t =     8.12s     Wait for io.godstone.labmesh to idle
    t =     8.12s     Find the "lab.conversation.field" TextField
    t =     8.13s     Check for interrupting elements affecting "lab.conversation.field" TextField
    t =     8.15s     Synthesize event
    t =     8.45s     Wait for io.godstone.labmesh to idle
    t =     8.49s Type '⛵️ الطريق مسدود' into "lab.conversation.field" TextField
    t =     8.50s     Wait for io.godstone.labmesh to idle
    t =     8.87s     Find the "lab.conversation.field" TextField
    t =     8.92s     Check for interrupting elements affecting "lab.conversation.field" TextField
    t =     8.95s     Synthesize event
    t =     9.39s     Wait for io.godstone.labmesh to idle
    t =    10.84s Checking `Expect predicate `value != "32/400 octets"` for object "lab.conversation.octets" Other`
    t =    10.84s     Find the "lab.conversation.octets" Other
    t =    10.88s Find the "lab.conversation.octets" Other
    t =    10.91s Tear Down
Test Case '-[LabMeshUITests.LabMeshUITests testGSINT001TheBoundedComposeCountsOctetsAndUpdatesItsReadout]' passed (11.146 seconds).
Test Case '-[LabMeshUITests.LabMeshUITests testGSINT001TheDistressStateSurvivesARelaunchAndACancelDoesNotUnAuthor]' started.
    t =     0.00s Start Test at 2026-10-05 06:59:07.512
    t =     0.02s Set Up
    t =     0.02s Open io.godstone.labmesh
    t =     0.03s     Launch io.godstone.labmesh
    t =     0.03s         Terminate io.godstone.labmesh:13302
2026-10-05 06:59:08.598 xcodebuild[10179:52675962] [MT] IDELaunchParametersSnapshot: debugger version lookup failed for path '<nil>': noURL
2026-10-05 06:59:08.598 xcodebuild[10179:52675962] [MT] IDELaunchParametersSnapshot: no debugger version
    t =     1.30s         Setting up automation session
    t =     1.91s         Wait for io.godstone.labmesh to idle
    t =     3.23s Checking existence of `"lab.tab.sos" Button`
    t =     3.28s Checking existence of `"lab.tab.sos" Button`
    t =     3.46s Checking existence of `"lab.tab.sos" Button`
    t =     3.47s Checking existence of `"lab.tab.sos" Button`
    t =     3.65s Checking existence of `"lab.tab.sos" Button`
    t =     3.66s Checking existence of `"lab.tab.sos" Button`
    t =     3.84s Checking existence of `"lab.tab.sos" Button`
    t =     3.86s Waiting 20.0s for "lab.tab.sos" Button to exist
    t =     4.92s     Checking `Expect predicate `existsNoRetry == 1` for object "lab.tab.sos" Button`
    t =     4.92s         Checking existence of `"lab.tab.sos" Button`
    t =     4.95s Tap "lab.tab.sos" Button
    t =     4.95s     Wait for io.godstone.labmesh to idle
    t =     4.95s     Find the "lab.tab.sos" Button
    t =     4.97s     Check for interrupting elements affecting "lab.tab.sos" Button
    t =     4.99s     Synthesize event
    t =     5.29s     Wait for io.godstone.labmesh to idle
    t =     6.68s Waiting 20.0s for "lab.sos.state" Any to exist
    t =     7.70s     Checking `Expect predicate `existsNoRetry == 1` for object "lab.sos.state" Any`
    t =     7.70s         Checking existence of `"lab.sos.state" Any`
    t =     7.72s Waiting 20.0s for "lab.sos.send" Button to exist
    t =     8.78s     Checking `Expect predicate `existsNoRetry == 1` for object "lab.sos.send" Button`
    t =     8.78s         Checking existence of `"lab.sos.send" Button`
    t =     8.81s Tap "lab.sos.send" Button
    t =     8.81s     Wait for io.godstone.labmesh to idle
    t =     8.81s     Find the "lab.sos.send" Button
    t =     8.83s     Check for interrupting elements affecting "lab.sos.send" Button
    t =     8.84s     Synthesize event
    t =     9.14s     Wait for io.godstone.labmesh to idle
    t =    10.20s Checking `Expect predicate `value BEGINSWITH "active: "` for object "lab.sos.state" Any`
    t =    10.20s     Find the "lab.sos.state" Any
    t =    10.23s Find the "lab.sos.state" Other
    t =    10.24s Terminate io.godstone.labmesh:13342
    t =    11.33s Open io.godstone.labmesh
    t =    11.33s     Launch io.godstone.labmesh
2026-10-05 06:59:18.857 xcodebuild[10179:52675962] [MT] IDELaunchParametersSnapshot: debugger version lookup failed for path '<nil>': noURL
2026-10-05 06:59:18.857 xcodebuild[10179:52675962] [MT] IDELaunchParametersSnapshot: no debugger version
    t =    11.56s         Setting up automation session
    t =    12.21s         Wait for io.godstone.labmesh to idle
    t =    13.54s Checking existence of `"lab.tab.sos" Button`
    t =    13.60s Checking existence of `"lab.tab.sos" Button`
    t =    13.78s Checking existence of `"lab.tab.sos" Button`
    t =    13.79s Checking existence of `"lab.tab.sos" Button`
    t =    13.96s Checking existence of `"lab.tab.sos" Button`
    t =    13.98s Checking existence of `"lab.tab.sos" Button`
    t =    14.16s Checking existence of `"lab.tab.sos" Button`
    t =    14.18s Waiting 20.0s for "lab.tab.sos" Button to exist
    t =    15.22s     Checking `Expect predicate `existsNoRetry == 1` for object "lab.tab.sos" Button`
    t =    15.22s         Checking existence of `"lab.tab.sos" Button`
    t =    15.25s Tap "lab.tab.sos" Button
    t =    15.25s     Wait for io.godstone.labmesh to idle
    t =    15.25s     Find the "lab.tab.sos" Button
    t =    15.26s     Check for interrupting elements affecting "lab.tab.sos" Button
    t =    15.28s     Synthesize event
    t =    15.57s     Wait for io.godstone.labmesh to idle
    t =    16.94s Waiting 20.0s for "lab.sos.state" Any to exist
    t =    18.01s     Checking `Expect predicate `existsNoRetry == 1` for object "lab.sos.state" Any`
    t =    18.01s         Checking existence of `"lab.sos.state" Any`
    t =    19.09s Checking `Expect predicate `value BEGINSWITH "active: "` for object "lab.sos.state" Any`
    t =    19.09s     Find the "lab.sos.state" Any
    t =    19.11s Find the "lab.sos.state" Other
    t =    19.13s Waiting 20.0s for "lab.sos.cancel" Button to exist
    t =    20.18s     Checking `Expect predicate `existsNoRetry == 1` for object "lab.sos.cancel" Button`
    t =    20.18s         Checking existence of `"lab.sos.cancel" Button`
    t =    20.20s Tap "lab.sos.cancel" Button
    t =    20.20s     Wait for io.godstone.labmesh to idle
    t =    20.20s     Find the "lab.sos.cancel" Button
    t =    20.22s     Check for interrupting elements affecting "lab.sos.cancel" Button
    t =    20.24s     Synthesize event
    t =    20.53s     Wait for io.godstone.labmesh to idle
    t =    21.59s Checking `Expect predicate `value BEGINSWITH "terminal: "` for object "lab.sos.state" Other`
    t =    21.59s     Find the "lab.sos.state" Other
    t =    21.61s Find the "lab.sos.state" Other
    t =    21.62s Terminate io.godstone.labmesh:13372
    t =    22.69s Open io.godstone.labmesh
    t =    22.69s     Launch io.godstone.labmesh
2026-10-05 06:59:30.208 xcodebuild[10179:52675962] [MT] IDELaunchParametersSnapshot: debugger version lookup failed for path '<nil>': noURL
2026-10-05 06:59:30.208 xcodebuild[10179:52675962] [MT] IDELaunchParametersSnapshot: no debugger version
    t =    22.90s         Setting up automation session
    t =    23.59s         Wait for io.godstone.labmesh to idle
    t =    24.92s Checking existence of `"lab.tab.sos" Button`
    t =    24.99s Checking existence of `"lab.tab.sos" Button`
    t =    25.17s Checking existence of `"lab.tab.sos" Button`
    t =    25.20s Checking existence of `"lab.tab.sos" Button`
    t =    25.38s Checking existence of `"lab.tab.sos" Button`
    t =    25.40s Checking existence of `"lab.tab.sos" Button`
    t =    25.56s Checking existence of `"lab.tab.sos" Button`
    t =    25.59s Waiting 20.0s for "lab.tab.sos" Button to exist
    t =    26.66s     Checking `Expect predicate `existsNoRetry == 1` for object "lab.tab.sos" Button`
    t =    26.66s         Checking existence of `"lab.tab.sos" Button`
    t =    26.69s Tap "lab.tab.sos" Button
    t =    26.69s     Wait for io.godstone.labmesh to idle
    t =    26.69s     Find the "lab.tab.sos" Button
    t =    26.71s     Check for interrupting elements affecting "lab.tab.sos" Button
    t =    26.73s     Synthesize event
    t =    27.02s     Wait for io.godstone.labmesh to idle
    t =    28.41s Waiting 20.0s for "lab.sos.state" Any to exist
    t =    29.47s     Checking `Expect predicate `existsNoRetry == 1` for object "lab.sos.state" Any`
    t =    29.47s         Checking existence of `"lab.sos.state" Any`
    t =    29.50s Find the "lab.sos.state" Any
    t =    29.51s Tear Down
Test Case '-[LabMeshUITests.LabMeshUITests testGSINT001TheDistressStateSurvivesARelaunchAndACancelDoesNotUnAuthor]' passed (29.769 seconds).
Test Case '-[LabMeshUITests.LabMeshUITests testGSINT001TheDurableSendVerdictSurvivesARelaunch]' started.
    t =     0.00s Start Test at 2026-10-05 06:59:37.282
    t =     0.02s Set Up
    t =     0.03s Open io.godstone.labmesh
    t =     0.03s     Launch io.godstone.labmesh
    t =     0.03s         Terminate io.godstone.labmesh:13423
2026-10-05 06:59:38.382 xcodebuild[10179:52675962] [MT] IDELaunchParametersSnapshot: debugger version lookup failed for path '<nil>': noURL
2026-10-05 06:59:38.382 xcodebuild[10179:52675962] [MT] IDELaunchParametersSnapshot: no debugger version
    t =     1.31s         Setting up automation session
    t =     1.92s         Wait for io.godstone.labmesh to idle
    t =     3.25s Checking existence of `"lab.tab.conversation" Button`
    t =     3.30s Checking existence of `"lab.tab.conversation" Button`
    t =     3.48s Checking existence of `"lab.tab.conversation" Button`
    t =     3.49s Checking existence of `"lab.tab.conversation" Button`
    t =     3.67s Checking existence of `"lab.tab.conversation" Button`
    t =     3.69s Checking existence of `"lab.tab.conversation" Button`
    t =     3.86s Checking existence of `"lab.tab.conversation" Button`
    t =     3.89s Waiting 20.0s for "lab.tab.conversation" Button to exist
    t =     4.93s     Checking `Expect predicate `existsNoRetry == 1` for object "lab.tab.conversation" Button`
    t =     4.93s         Checking existence of `"lab.tab.conversation" Button`
    t =     4.96s Tap "lab.tab.conversation" Button
    t =     4.96s     Wait for io.godstone.labmesh to idle
    t =     4.97s     Find the "lab.tab.conversation" Button
    t =     4.99s     Check for interrupting elements affecting "lab.tab.conversation" Button
    t =     5.01s     Synthesize event
    t =     5.30s     Wait for io.godstone.labmesh to idle
    t =     6.04s Waiting 20.0s for "lab.conversation.send" Button to exist
    t =     7.10s     Checking `Expect predicate `existsNoRetry == 1` for object "lab.conversation.send" Button`
    t =     7.10s         Checking existence of `"lab.conversation.send" Button`
    t =     7.13s Waiting 20.0s for "lab.conversation.durable" Any to exist
    t =     8.18s     Checking `Expect predicate `existsNoRetry == 1` for object "lab.conversation.durable" Any`
    t =     8.18s         Checking existence of `"lab.conversation.durable" Any`
    t =     8.21s Tap "lab.conversation.send" Button
    t =     8.21s     Wait for io.godstone.labmesh to idle
    t =     8.21s     Find the "lab.conversation.send" Button
    t =     8.23s     Check for interrupting elements affecting "lab.conversation.send" Button
    t =     8.25s     Synthesize event
    t =     8.26s         Scroll element to visible
    t =     8.26s         Find the "lab.conversation.send" Button
    t =     8.29s         Computed hit point {52.25, 480.75} after scrolling to visible
    t =     8.57s     Wait for io.godstone.labmesh to idle
    t =    10.41s Checking `Expect predicate `value BEGINSWITH "found:"` for object "lab.conversation.durable" Any`
    t =    10.42s     Find the "lab.conversation.durable" Any
    t =    10.44s Find the "lab.conversation.durable" Other
    t =    10.45s Terminate io.godstone.labmesh:13460
    t =    11.50s Open io.godstone.labmesh
    t =    11.50s     Launch io.godstone.labmesh
2026-10-05 06:59:48.788 xcodebuild[10179:52675962] [MT] IDELaunchParametersSnapshot: debugger version lookup failed for path '<nil>': noURL
2026-10-05 06:59:48.788 xcodebuild[10179:52675962] [MT] IDELaunchParametersSnapshot: no debugger version
    t =    11.72s         Setting up automation session
    t =    12.33s         Wait for io.godstone.labmesh to idle
    t =    13.65s Checking existence of `"lab.tab.conversation" Button`
    t =    13.70s Checking existence of `"lab.tab.conversation" Button`
    t =    13.87s Checking existence of `"lab.tab.conversation" Button`
    t =    13.89s Checking existence of `"lab.tab.conversation" Button`
    t =    14.06s Checking existence of `"lab.tab.conversation" Button`
    t =    14.08s Checking existence of `"lab.tab.conversation" Button`
    t =    14.25s Checking existence of `"lab.tab.conversation" Button`
    t =    14.28s Waiting 20.0s for "lab.tab.conversation" Button to exist
    t =    15.32s     Checking `Expect predicate `existsNoRetry == 1` for object "lab.tab.conversation" Button`
    t =    15.32s         Checking existence of `"lab.tab.conversation" Button`
    t =    15.35s Tap "lab.tab.conversation" Button
    t =    15.35s     Wait for io.godstone.labmesh to idle
    t =    15.36s     Find the "lab.tab.conversation" Button
    t =    15.37s     Check for interrupting elements affecting "lab.tab.conversation" Button
    t =    15.39s     Synthesize event
    t =    15.69s     Wait for io.godstone.labmesh to idle
    t =    16.46s Waiting 20.0s for "lab.conversation.durable" Any to exist
    t =    17.53s     Checking `Expect predicate `existsNoRetry == 1` for object "lab.conversation.durable" Any`
    t =    17.53s         Checking existence of `"lab.conversation.durable" Any`
    t =    17.55s Find the "lab.conversation.durable" Any
    t =    17.58s Tear Down
Test Case '-[LabMeshUITests.LabMeshUITests testGSINT001TheDurableSendVerdictSurvivesARelaunch]' passed (17.833 seconds).
Test Case '-[LabMeshUITests.LabMeshUITests testGSINT001TheEssentialRetryControlStandsAndActs]' started.
    t =     0.00s Start Test at 2026-10-05 06:59:55.115
    t =     0.02s Set Up
    t =     0.02s Open io.godstone.labmesh
    t =     0.03s     Launch io.godstone.labmesh
    t =     0.03s         Terminate io.godstone.labmesh:13489
2026-10-05 06:59:56.214 xcodebuild[10179:52675962] [MT] IDELaunchParametersSnapshot: debugger version lookup failed for path '<nil>': noURL
2026-10-05 06:59:56.214 xcodebuild[10179:52675962] [MT] IDELaunchParametersSnapshot: no debugger version
    t =     1.31s         Setting up automation session
    t =     1.96s         Wait for io.godstone.labmesh to idle
    t =     3.31s Checking existence of `"lab.tab.sos" Button`
    t =     3.38s Checking existence of `"lab.tab.sos" Button`
    t =     3.55s Checking existence of `"lab.tab.sos" Button`
    t =     3.57s Checking existence of `"lab.tab.sos" Button`
    t =     3.74s Checking existence of `"lab.tab.sos" Button`
    t =     3.77s Waiting 20.0s for "lab.tab.sos" Button to exist
    t =     4.82s     Checking `Expect predicate `existsNoRetry == 1` for object "lab.tab.sos" Button`
    t =     4.82s         Checking existence of `"lab.tab.sos" Button`
    t =     4.85s Tap "lab.tab.sos" Button
    t =     4.85s     Wait for io.godstone.labmesh to idle
    t =     4.85s     Find the "lab.tab.sos" Button
    t =     4.88s     Check for interrupting elements affecting "lab.tab.sos" Button
    t =     4.91s     Synthesize event
    t =     5.21s     Wait for io.godstone.labmesh to idle
    t =     6.61s Waiting 25.0s for "lab.sos.retry" Button to exist
    t =     7.67s     Checking `Expect predicate `existsNoRetry == 1` for object "lab.sos.retry" Button`
    t =     7.67s         Checking existence of `"lab.sos.retry" Button`
    t =     7.69s Find the "lab.sos.retry" Button
    t =     7.72s Find the "lab.sos.retry" Button
    t =     7.74s Find the "lab.sos.retry" Button
    t =     7.76s Checking existence of `ScrollView (First Match)`
    t =     7.77s Swipe up ScrollView (First Match)
    t =     7.77s     Wait for io.godstone.labmesh to idle
    t =     7.77s     Find the ScrollView (First Match)
    t =     7.78s     Check for interrupting elements affecting ScrollView
    t =     7.79s     Synthesize event
    t =     8.24s     Wait for io.godstone.labmesh to idle
    t =     8.78s Find the "lab.sos.retry" Button
    t =     8.81s Find the "lab.sos.retry" Button
    t =     8.82s Waiting 20.0s for "lab.sos.send" Button to exist
    t =     9.85s     Checking `Expect predicate `existsNoRetry == 1` for object "lab.sos.send" Button`
    t =     9.85s         Checking existence of `"lab.sos.send" Button`
    t =     9.86s Find the "lab.sos.send" Button
    t =     9.88s Tap "lab.sos.send" Button
    t =     9.88s     Wait for io.godstone.labmesh to idle
    t =     9.97s     Find the "lab.sos.send" Button
    t =     9.98s     Check for interrupting elements affecting "lab.sos.send" Button
    t =     9.99s     Synthesize event
    t =    10.28s     Wait for io.godstone.labmesh to idle
    t =    10.29s Waiting 25.0s for "lab.sos.outcome" StaticText to exist
    t =    11.34s     Checking `Expect predicate `existsNoRetry == 1` for object "lab.sos.outcome" StaticText`
    t =    11.34s         Checking existence of `"lab.sos.outcome" StaticText`
    t =    11.36s Find the "lab.sos.outcome" StaticText
    t =    11.37s Tap "lab.sos.retry" Button
    t =    11.37s     Wait for io.godstone.labmesh to idle
    t =    11.37s     Find the "lab.sos.retry" Button
    t =    11.39s     Check for interrupting elements affecting "lab.sos.retry" Button
    t =    11.40s     Synthesize event
    t =    11.69s     Wait for io.godstone.labmesh to idle
    t =    11.70s Find the "lab.sos.outcome" StaticText
    t =    11.72s Find the "lab.sos.outcome" StaticText
    t =    11.73s Tear Down
Test Case '-[LabMeshUITests.LabMeshUITests testGSINT001TheEssentialRetryControlStandsAndActs]' passed (11.974 seconds).
Test Case '-[LabMeshUITests.LabMeshUITests testGSINT001TheLiveTreeCarriesTheRenderedSemantics]' started.
    t =     0.00s Start Test at 2026-10-05 07:00:07.089
    t =     0.02s Set Up
    t =     0.03s Open io.godstone.labmesh
    t =     0.03s     Launch io.godstone.labmesh
    t =     0.03s         Terminate io.godstone.labmesh:13523
2026-10-05 07:00:08.172 xcodebuild[10179:52675962] [MT] IDELaunchParametersSnapshot: debugger version lookup failed for path '<nil>': noURL
2026-10-05 07:00:08.172 xcodebuild[10179:52675962] [MT] IDELaunchParametersSnapshot: no debugger version
    t =     1.29s         Setting up automation session
    t =     1.95s         Wait for io.godstone.labmesh to idle
    t =     3.28s Checking existence of `"lab.tab.conversation" Button`
    t =     3.34s Checking existence of `"lab.tab.conversation" Button`
    t =     3.52s Checking existence of `"lab.tab.conversation" Button`
    t =     3.53s Checking existence of `"lab.tab.conversation" Button`
    t =     3.71s Checking existence of `"lab.tab.conversation" Button`
    t =     3.73s Waiting 20.0s for "lab.tab.conversation" Button to exist
    t =     4.77s     Checking `Expect predicate `existsNoRetry == 1` for object "lab.tab.conversation" Button`
    t =     4.77s         Checking existence of `"lab.tab.conversation" Button`
    t =     4.79s Tap "lab.tab.conversation" Button
    t =     4.79s     Wait for io.godstone.labmesh to idle
    t =     4.79s     Find the "lab.tab.conversation" Button
    t =     4.81s     Check for interrupting elements affecting "lab.tab.conversation" Button
    t =     4.83s     Synthesize event
    t =     5.12s     Wait for io.godstone.labmesh to idle
    t =     5.87s Waiting 20.0s for "lab.conversation.octets" Any to exist
    t =     6.92s     Checking `Expect predicate `existsNoRetry == 1` for object "lab.conversation.octets" Any`
    t =     6.92s         Checking existence of `"lab.conversation.octets" Any`
    t =     6.95s Find the "lab.conversation.octets" Any
    t =     6.97s Find the "lab.conversation.octets" Other
    t =     6.99s Get all elements bound by index for: Descendants matching type Button
    t =     7.00s Checking existence of `Button (Element at index 0)`
    t =     7.01s Find the Button (Element at index 0)
    t =     7.03s Checking existence of `Button (Element at index 1)`
    t =     7.04s Find the Button (Element at index 1)
    t =     7.05s Checking existence of `Button (Element at index 2)`
    t =     7.06s Find the Button (Element at index 2)
    t =     7.08s Checking existence of `Button (Element at index 3)`
    t =     7.09s Find the Button (Element at index 3)
    t =     7.10s Checking existence of `Button (Element at index 4)`
    t =     7.11s Find the Button (Element at index 4)
    t =     7.12s Checking existence of `Button (Element at index 5)`
    t =     7.13s Find the Button (Element at index 5)
    t =     7.15s Checking existence of `Button (Element at index 6)`
    t =     7.16s Find the Button (Element at index 6)
    t =     7.17s Checking existence of `Button (Element at index 7)`
    t =     7.18s Find the Button (Element at index 7)
    t =     7.19s Checking existence of `"lab.tab.contacts" Button`
    t =     7.21s Checking existence of `"lab.tab.contacts" Button`
    t =     7.22s Tap "lab.tab.contacts" Button
    t =     7.22s     Wait for io.godstone.labmesh to idle
    t =     7.22s     Find the "lab.tab.contacts" Button
    t =     7.24s     Check for interrupting elements affecting "lab.tab.contacts" Button
    t =     7.26s     Synthesize event
    t =     7.55s     Wait for io.godstone.labmesh to idle
    t =     9.03s Waiting 20.0s for "lab.trust.status" Any to exist
    t =    10.09s     Checking `Expect predicate `existsNoRetry == 1` for object "lab.trust.status" Any`
    t =    10.09s         Checking existence of `"lab.trust.status" Any`
    t =    10.12s Checking existence of `"lab.tab.sos" Button`
    t =    10.14s Checking existence of `"lab.tab.sos" Button`
    t =    10.15s Tap "lab.tab.sos" Button
    t =    10.15s     Wait for io.godstone.labmesh to idle
    t =    10.16s     Find the "lab.tab.sos" Button
    t =    10.17s     Check for interrupting elements affecting "lab.tab.sos" Button
    t =    10.19s     Synthesize event
    t =    10.48s     Wait for io.godstone.labmesh to idle
    t =    11.90s Waiting 20.0s for "lab.sos.state" Any to exist
    t =    12.92s     Checking `Expect predicate `existsNoRetry == 1` for object "lab.sos.state" Any`
    t =    12.92s         Checking existence of `"lab.sos.state" Any`
    t =    12.95s Find the "lab.sos.state" Any
    t =    12.97s Tear Down
Test Case '-[LabMeshUITests.LabMeshUITests testGSINT001TheLiveTreeCarriesTheRenderedSemantics]' passed (13.216 seconds).
Test Case '-[LabMeshUITests.LabMeshUITests testGSINT001TheSosJourneyRendersAControlRatherThanALabel]' started.
    t =     0.00s Start Test at 2026-10-05 07:00:20.306
    t =     0.02s Set Up
    t =     0.03s Open io.godstone.labmesh
    t =     0.03s     Launch io.godstone.labmesh
    t =     0.03s         Terminate io.godstone.labmesh:13584
2026-10-05 07:00:21.409 xcodebuild[10179:52675962] [MT] IDELaunchParametersSnapshot: debugger version lookup failed for path '<nil>': noURL
2026-10-05 07:00:21.409 xcodebuild[10179:52675962] [MT] IDELaunchParametersSnapshot: no debugger version
    t =     1.31s         Setting up automation session
    t =     1.96s         Wait for io.godstone.labmesh to idle
    t =     3.30s Checking existence of `"lab.tab.sos" Button`
    t =     3.37s Checking existence of `"lab.tab.sos" Button`
    t =     3.55s Checking existence of `"lab.tab.sos" Button`
    t =     3.57s Checking existence of `"lab.tab.sos" Button`
    t =     3.75s Checking existence of `"lab.tab.sos" Button`
    t =     3.76s Checking existence of `"lab.tab.sos" Button`
    t =     3.93s Checking existence of `"lab.tab.sos" Button`
    t =     3.97s Waiting 20.0s for "lab.tab.sos" Button to exist
    t =     5.03s     Checking `Expect predicate `existsNoRetry == 1` for object "lab.tab.sos" Button`
    t =     5.03s         Checking existence of `"lab.tab.sos" Button`
    t =     5.05s Tap "lab.tab.sos" Button
    t =     5.05s     Wait for io.godstone.labmesh to idle
    t =     5.06s     Find the "lab.tab.sos" Button
    t =     5.08s     Check for interrupting elements affecting "lab.tab.sos" Button
    t =     5.10s     Synthesize event
    t =     5.39s     Wait for io.godstone.labmesh to idle
    t =     6.78s Waiting 20.0s for "lab.sos.hold" StaticText to exist
    t =     7.84s     Checking `Expect predicate `existsNoRetry == 1` for object "lab.sos.hold" StaticText`
    t =     7.84s         Checking existence of `"lab.sos.hold" StaticText`
    t =     7.87s Checking existence of `"lab.sos.send" Button`
    t =     7.88s Waiting 20.0s for "lab.sos.admitted" StaticText to exist
    t =     8.92s     Checking `Expect predicate `existsNoRetry == 1` for object "lab.sos.admitted" StaticText`
    t =     8.92s         Checking existence of `"lab.sos.admitted" StaticText`
    t =     8.95s Find the "lab.sos.admitted" StaticText
    t =     8.96s Checking existence of `"lab.sos.send" Button`
    t =     8.98s Tap "lab.sos.send" Button
    t =     8.98s     Wait for io.godstone.labmesh to idle
    t =     8.98s     Find the "lab.sos.send" Button
    t =     9.00s     Check for interrupting elements affecting "lab.sos.send" Button
    t =     9.02s     Synthesize event
    t =     9.31s     Wait for io.godstone.labmesh to idle
    t =     9.32s Find the "lab.sos.admitted" StaticText
    t =     9.33s Tear Down
Test Case '-[LabMeshUITests.LabMeshUITests testGSINT001TheSosJourneyRendersAControlRatherThanALabel]' passed (9.587 seconds).
Test Case '-[LabMeshUITests.LabMeshUITests testGSINT001TheTrustControlsCarryTheirExactAccessibilityLabels]' started.
    t =     0.00s Start Test at 2026-10-05 07:00:29.894
    t =     0.02s Set Up
    t =     0.03s Open io.godstone.labmesh
    t =     0.03s     Launch io.godstone.labmesh
    t =     0.03s         Terminate io.godstone.labmesh:13636
2026-10-05 07:00:30.972 xcodebuild[10179:52675962] [MT] IDELaunchParametersSnapshot: debugger version lookup failed for path '<nil>': noURL
2026-10-05 07:00:30.972 xcodebuild[10179:52675962] [MT] IDELaunchParametersSnapshot: no debugger version
    t =     1.28s         Setting up automation session
    t =     1.92s         Wait for io.godstone.labmesh to idle
    t =     3.25s Checking existence of `"lab.tab.contacts" Button`
    t =     3.32s Checking existence of `"lab.tab.contacts" Button`
    t =     3.50s Checking existence of `"lab.tab.contacts" Button`
    t =     3.51s Checking existence of `"lab.tab.contacts" Button`
    t =     3.69s Checking existence of `"lab.tab.contacts" Button`
    t =     3.71s Waiting 20.0s for "lab.tab.contacts" Button to exist
    t =     4.77s     Checking `Expect predicate `existsNoRetry == 1` for object "lab.tab.contacts" Button`
    t =     4.77s         Checking existence of `"lab.tab.contacts" Button`
    t =     4.80s Tap "lab.tab.contacts" Button
    t =     4.80s     Wait for io.godstone.labmesh to idle
    t =     4.80s     Find the "lab.tab.contacts" Button
    t =     4.82s     Check for interrupting elements affecting "lab.tab.contacts" Button
    t =     4.83s     Synthesize event
    t =     5.12s     Wait for io.godstone.labmesh to idle
    t =     6.53s Waiting 20.0s for "lab.trust.confirm" Button to exist
    t =     7.57s     Checking `Expect predicate `existsNoRetry == 1` for object "lab.trust.confirm" Button`
    t =     7.57s         Checking existence of `"lab.trust.confirm" Button`
    t =     7.60s Checking existence of `"lab.trust.approve" Button`
    t =     7.61s Checking existence of `"lab.trust.revoke" Button`
    t =     7.63s Find the "lab.trust.confirm" Button
    t =     7.64s Find the "lab.trust.approve" Button
    t =     7.66s Find the "lab.trust.revoke" Button
    t =     7.67s Waiting 20.0s for "lab.trust.fingerprint" Any to exist
    t =     8.74s     Checking `Expect predicate `existsNoRetry == 1` for object "lab.trust.fingerprint" Any`
    t =     8.74s         Checking existence of `"lab.trust.fingerprint" Any`
    t =     8.77s Find the "lab.trust.fingerprint" Any
    t =     8.78s Tear Down
Test Case '-[LabMeshUITests.LabMeshUITests testGSINT001TheTrustControlsCarryTheirExactAccessibilityLabels]' passed (9.014 seconds).
Test Case '-[LabMeshUITests.LabMeshUITests testGSINT001TheTrustJourneyIsPerformedRatherThanMerelyLabelled]' started.
    t =     0.00s Start Test at 2026-10-05 07:00:38.909
    t =     0.02s Set Up
    t =     0.02s Open io.godstone.labmesh
    t =     0.03s     Launch io.godstone.labmesh
    t =     0.03s         Terminate io.godstone.labmesh:13656
2026-10-05 07:00:39.981 xcodebuild[10179:52675962] [MT] IDELaunchParametersSnapshot: debugger version lookup failed for path '<nil>': noURL
2026-10-05 07:00:39.981 xcodebuild[10179:52675962] [MT] IDELaunchParametersSnapshot: no debugger version
    t =     1.28s         Setting up automation session
    t =     1.93s         Wait for io.godstone.labmesh to idle
    t =     3.25s Checking existence of `"lab.tab.contacts" Button`
    t =     3.32s Checking existence of `"lab.tab.contacts" Button`
    t =     3.49s Checking existence of `"lab.tab.contacts" Button`
    t =     3.51s Checking existence of `"lab.tab.contacts" Button`
    t =     3.67s Checking existence of `"lab.tab.contacts" Button`
    t =     3.70s Waiting 20.0s for "lab.tab.contacts" Button to exist
    t =     4.76s     Checking `Expect predicate `existsNoRetry == 1` for object "lab.tab.contacts" Button`
    t =     4.76s         Checking existence of `"lab.tab.contacts" Button`
    t =     4.79s Tap "lab.tab.contacts" Button
    t =     4.79s     Wait for io.godstone.labmesh to idle
    t =     4.79s     Find the "lab.tab.contacts" Button
    t =     4.81s     Check for interrupting elements affecting "lab.tab.contacts" Button
    t =     4.82s     Synthesize event
    t =     5.11s     Wait for io.godstone.labmesh to idle
    t =     6.46s Waiting 20.0s for "lab.trust.recipient" Button to exist
    t =     7.52s     Checking `Expect predicate `existsNoRetry == 1` for object "lab.trust.recipient" Button`
    t =     7.52s         Checking existence of `"lab.trust.recipient" Button`
    t =     7.55s Waiting 20.0s for "lab.trust.fingerprint" Any to exist
    t =     8.61s     Checking `Expect predicate `existsNoRetry == 1` for object "lab.trust.fingerprint" Any`
    t =     8.61s         Checking existence of `"lab.trust.fingerprint" Any`
    t =     8.66s Find the "lab.trust.fingerprint" Any
    t =     8.69s Waiting 20.0s for "lab.trust.outcome" StaticText to exist
    t =     9.75s     Checking `Expect predicate `existsNoRetry == 1` for object "lab.trust.outcome" StaticText`
    t =     9.75s         Checking existence of `"lab.trust.outcome" StaticText`
    t =     9.77s Waiting 20.0s for "lab.trust.confirm" Button to exist
    t =    10.83s     Checking `Expect predicate `existsNoRetry == 1` for object "lab.trust.confirm" Button`
    t =    10.83s         Checking existence of `"lab.trust.confirm" Button`
    t =    10.85s Find the "lab.trust.confirm" Button
    t =    10.88s Checking existence of `ScrollView (First Match)`
    t =    10.89s Swipe up ScrollView (First Match)
    t =    10.89s     Wait for io.godstone.labmesh to idle
    t =    10.89s     Find the ScrollView (First Match)
    t =    10.91s     Check for interrupting elements affecting ScrollView
    t =    10.92s     Synthesize event
    t =    11.38s     Wait for io.godstone.labmesh to idle
    t =    12.14s Find the "lab.trust.confirm" Button
    t =    12.16s Find the "lab.trust.outcome" StaticText
    t =    12.18s Tap "lab.trust.confirm" Button
    t =    12.18s     Wait for io.godstone.labmesh to idle
    t =    12.18s     Find the "lab.trust.confirm" Button
    t =    12.20s     Check for interrupting elements affecting "lab.trust.confirm" Button
    t =    12.21s     Synthesize event
    t =    12.51s     Wait for io.godstone.labmesh to idle
    t =    13.59s Checking `Expect predicate `label != "idle"` for object "lab.trust.outcome" StaticText`
    t =    13.59s     Find the "lab.trust.outcome" StaticText
    t =    13.61s Waiting 20.0s for "lab.trust.approve" Button to exist
    t =    14.67s     Checking `Expect predicate `existsNoRetry == 1` for object "lab.trust.approve" Button`
    t =    14.67s         Checking existence of `"lab.trust.approve" Button`
    t =    14.70s Find the "lab.trust.approve" Button
    t =    14.72s Find the "lab.trust.outcome" StaticText
    t =    14.74s Tap "lab.trust.approve" Button
    t =    14.74s     Wait for io.godstone.labmesh to idle
    t =    14.75s     Find the "lab.trust.approve" Button
    t =    14.77s     Check for interrupting elements affecting "lab.trust.approve" Button
    t =    14.79s     Synthesize event
    t =    15.09s     Wait for io.godstone.labmesh to idle
    t =    16.14s Checking `Expect predicate `label != "applied: fingerprint confirmed for contact-b087 at generation 0"` for object "lab.trust.outcome" StaticText`
    t =    16.14s     Find the "lab.trust.outcome" StaticText
    t =    16.17s Waiting 20.0s for "lab.trust.revoke" Button to exist
    t =    17.20s     Checking `Expect predicate `existsNoRetry == 1` for object "lab.trust.revoke" Button`
    t =    17.21s         Checking existence of `"lab.trust.revoke" Button`
    t =    17.22s Find the "lab.trust.revoke" Button
    t =    17.25s Find the "lab.trust.outcome" StaticText
    t =    17.26s Tap "lab.trust.revoke" Button
    t =    17.26s     Wait for io.godstone.labmesh to idle
    t =    17.27s     Find the "lab.trust.revoke" Button
    t =    17.29s     Check for interrupting elements affecting "lab.trust.revoke" Button
    t =    17.30s     Synthesize event
    t =    17.59s     Wait for io.godstone.labmesh to idle
    t =    18.66s Checking `Expect predicate `label != "refused: no rotation candidate was displayed for 'A'"` for object "lab.trust.outcome" StaticText`
    t =    18.66s     Find the "lab.trust.outcome" StaticText
    t =    18.68s Tear Down
Test Case '-[LabMeshUITests.LabMeshUITests testGSINT001TheTrustJourneyIsPerformedRatherThanMerelyLabelled]' passed (18.933 seconds).
Test Case '-[LabMeshUITests.LabMeshUITests testGSINT001TheWipeControlReportsTheRuntimesOwnState]' started.
    t =     0.00s Start Test at 2026-10-05 07:00:57.842
    t =     0.02s Set Up
    t =     0.03s Open io.godstone.labmesh
    t =     0.03s     Launch io.godstone.labmesh
    t =     0.03s         Terminate io.godstone.labmesh:13689
2026-10-05 07:00:58.939 xcodebuild[10179:52675962] [MT] IDELaunchParametersSnapshot: debugger version lookup failed for path '<nil>': noURL
2026-10-05 07:00:58.939 xcodebuild[10179:52675962] [MT] IDELaunchParametersSnapshot: no debugger version
    t =     1.31s         Setting up automation session
    t =     1.98s         Wait for io.godstone.labmesh to idle
    t =     3.33s Checking existence of `"lab.tab.diagnostics" Button`
    t =     3.39s Checking existence of `"lab.tab.diagnostics" Button`
    t =     3.55s Checking existence of `"lab.tab.diagnostics" Button`
    t =     3.57s Checking existence of `"lab.tab.diagnostics" Button`
    t =     3.74s Checking existence of `"lab.tab.diagnostics" Button`
    t =     3.75s Checking existence of `"lab.tab.diagnostics" Button`
    t =     3.92s Checking existence of `"lab.tab.diagnostics" Button`
    t =     3.94s Waiting 20.0s for "lab.tab.diagnostics" Button to exist
    t =     5.00s     Checking `Expect predicate `existsNoRetry == 1` for object "lab.tab.diagnostics" Button`
    t =     5.01s         Checking existence of `"lab.tab.diagnostics" Button`
    t =     5.03s Tap "lab.tab.diagnostics" Button
    t =     5.03s     Wait for io.godstone.labmesh to idle
    t =     5.04s     Find the "lab.tab.diagnostics" Button
    t =     5.06s     Check for interrupting elements affecting "lab.tab.diagnostics" Button
    t =     5.08s     Synthesize event
    t =     5.37s     Wait for io.godstone.labmesh to idle
    t =     6.68s Waiting 20.0s for "lab.diagnostics.wipestate" StaticText to exist
    t =     7.72s     Checking `Expect predicate `existsNoRetry == 1` for object "lab.diagnostics.wipestate" StaticText`
    t =     7.72s         Checking existence of `"lab.diagnostics.wipestate" StaticText`
    t =     7.75s Find the "lab.diagnostics.wipestate" StaticText
    t =     7.77s Waiting 20.0s for "lab.diagnostics.wiperung" StaticText to exist
    t =     8.84s     Checking `Expect predicate `existsNoRetry == 1` for object "lab.diagnostics.wiperung" StaticText`
    t =     8.84s         Checking existence of `"lab.diagnostics.wiperung" StaticText`
    t =     8.86s Waiting 20.0s for "lab.diagnostics.wipeartifacts" StaticText to exist
    t =     9.90s     Checking `Expect predicate `existsNoRetry == 1` for object "lab.diagnostics.wipeartifacts" StaticText`
    t =     9.91s         Checking existence of `"lab.diagnostics.wipeartifacts" StaticText`
    t =     9.93s Waiting 20.0s for "lab.diagnostics.startuprecovery" StaticText to exist
    t =    10.97s     Checking `Expect predicate `existsNoRetry == 1` for object "lab.diagnostics.startuprecovery" StaticText`
    t =    10.97s         Checking existence of `"lab.diagnostics.startuprecovery" StaticText`
    t =    11.06s Checking existence of `"lab.diagnostics.beginwipe" Button`
    t =    11.07s Find the "lab.diagnostics.beginwipe" Button
    t =    11.09s Waiting 20.0s for "lab.diagnostics.wiperesult" StaticText to exist
    t =    12.13s     Checking `Expect predicate `existsNoRetry == 1` for object "lab.diagnostics.wiperesult" StaticText`
    t =    12.13s         Checking existence of `"lab.diagnostics.wiperesult" StaticText`
    t =    12.15s Tap "lab.diagnostics.beginwipe" Button
    t =    12.15s     Wait for io.godstone.labmesh to idle
    t =    12.16s     Find the "lab.diagnostics.beginwipe" Button
    t =    12.17s     Check for interrupting elements affecting "lab.diagnostics.beginwipe" Button
    t =    12.19s     Synthesize event
    t =    12.48s     Wait for io.godstone.labmesh to idle
    t =    12.49s Find the "lab.diagnostics.wiperesult" StaticText
    t =    12.51s Find the "lab.diagnostics.wiperesult" StaticText
    t =    12.52s Checking existence of `"lab.diagnostics.resumewipe" Button`
    t =    12.54s Find the "lab.diagnostics.resumewipe" Button
    t =    12.58s Checking existence of `ScrollView (First Match)`
    t =    12.59s Swipe up ScrollView (First Match)
    t =    12.59s     Wait for io.godstone.labmesh to idle
    t =    12.60s     Find the ScrollView (First Match)
    t =    12.61s     Check for interrupting elements affecting ScrollView
    t =    12.62s     Synthesize event
    t =    13.08s     Wait for io.godstone.labmesh to idle
    t =    13.54s Find the "lab.diagnostics.resumewipe" Button
    t =    13.57s Tap "lab.diagnostics.resumewipe" Button
    t =    13.57s     Wait for io.godstone.labmesh to idle
    t =    13.57s     Find the "lab.diagnostics.resumewipe" Button
    t =    13.59s     Check for interrupting elements affecting "lab.diagnostics.resumewipe" Button
    t =    13.61s     Synthesize event
    t =    13.90s     Wait for io.godstone.labmesh to idle
    t =    13.91s Waiting 20.0s for "lab.diagnostics.wipeartifacts" StaticText to exist
    t =    14.94s     Checking `Expect predicate `existsNoRetry == 1` for object "lab.diagnostics.wipeartifacts" StaticText`
    t =    14.94s         Checking existence of `"lab.diagnostics.wipeartifacts" StaticText`
    t =    14.96s Find the "lab.diagnostics.wipeartifacts" StaticText
    t =    14.98s Find the "lab.diagnostics.wipeartifacts" StaticText
    t =    14.99s Terminate io.godstone.labmesh:13769
    t =    16.07s Open io.godstone.labmesh
    t =    16.07s     Launch io.godstone.labmesh
2026-10-05 07:01:13.917 xcodebuild[10179:52675962] [MT] IDELaunchParametersSnapshot: debugger version lookup failed for path '<nil>': noURL
2026-10-05 07:01:13.917 xcodebuild[10179:52675962] [MT] IDELaunchParametersSnapshot: no debugger version
    t =    16.28s         Setting up automation session
    t =    16.96s         Wait for io.godstone.labmesh to idle
    t =    18.32s Checking existence of `"lab.tab.diagnostics" Button`
    t =    18.38s Checking existence of `"lab.tab.diagnostics" Button`
    t =    18.55s Checking existence of `"lab.tab.diagnostics" Button`
    t =    18.57s Checking existence of `"lab.tab.diagnostics" Button`
    t =    18.74s Checking existence of `"lab.tab.diagnostics" Button`
    t =    18.76s Checking existence of `"lab.tab.diagnostics" Button`
    t =    18.94s Checking existence of `"lab.tab.diagnostics" Button`
    t =    18.96s Waiting 30.0s for "lab.tab.diagnostics" Button to exist
    t =    20.00s     Checking `Expect predicate `existsNoRetry == 1` for object "lab.tab.diagnostics" Button`
    t =    20.01s         Checking existence of `"lab.tab.diagnostics" Button`
    t =    20.03s Tap "lab.tab.diagnostics" Button
    t =    20.03s     Wait for io.godstone.labmesh to idle
    t =    20.03s     Find the "lab.tab.diagnostics" Button
    t =    20.05s     Check for interrupting elements affecting "lab.tab.diagnostics" Button
    t =    20.06s     Synthesize event
    t =    20.35s     Wait for io.godstone.labmesh to idle
    t =    21.78s Waiting 30.0s for "lab.diagnostics.wipestate" StaticText to exist
    t =    22.82s     Checking `Expect predicate `existsNoRetry == 1` for object "lab.diagnostics.wipestate" StaticText`
    t =    22.82s         Checking existence of `"lab.diagnostics.wipestate" StaticText`
    t =    22.85s Find the "lab.diagnostics.wipestate" StaticText
    t =    22.86s Tear Down
Test Case '-[LabMeshUITests.LabMeshUITests testGSINT001TheWipeControlReportsTheRuntimesOwnState]' passed (23.134 seconds).
Test Case '-[LabMeshUITests.LabMeshUITests testGSINT001TypeSelectRecipientAndSendReachesARenderedOutcome]' started.
    t =     0.00s Start Test at 2026-10-05 07:01:20.977
    t =     0.02s Set Up
    t =     0.02s Open io.godstone.labmesh
    t =     0.03s     Launch io.godstone.labmesh
    t =     0.03s         Terminate io.godstone.labmesh:13826
2026-10-05 07:01:22.059 xcodebuild[10179:52675962] [MT] IDELaunchParametersSnapshot: debugger version lookup failed for path '<nil>': noURL
2026-10-05 07:01:22.059 xcodebuild[10179:52675962] [MT] IDELaunchParametersSnapshot: no debugger version
    t =     1.29s         Setting up automation session
    t =     1.95s         Wait for io.godstone.labmesh to idle
    t =     3.31s Checking existence of `"lab.tab.conversation" Button`
    t =     3.37s Checking existence of `"lab.tab.conversation" Button`
    t =     3.54s Checking existence of `"lab.tab.conversation" Button`
    t =     3.55s Checking existence of `"lab.tab.conversation" Button`
    t =     3.73s Checking existence of `"lab.tab.conversation" Button`
    t =     3.75s Checking existence of `"lab.tab.conversation" Button`
    t =     3.91s Checking existence of `"lab.tab.conversation" Button`
    t =     3.94s Waiting 20.0s for "lab.tab.conversation" Button to exist
    t =     4.99s     Checking `Expect predicate `existsNoRetry == 1` for object "lab.tab.conversation" Button`
    t =     4.99s         Checking existence of `"lab.tab.conversation" Button`
    t =     5.02s Tap "lab.tab.conversation" Button
    t =     5.02s     Wait for io.godstone.labmesh to idle
    t =     5.02s     Find the "lab.tab.conversation" Button
    t =     5.04s     Check for interrupting elements affecting "lab.tab.conversation" Button
    t =     5.06s     Synthesize event
    t =     5.46s     Wait for io.godstone.labmesh to idle
    t =     6.21s Waiting 20.0s for "lab.conversation.linkstate" StaticText to exist
    t =     7.25s     Checking `Expect predicate `existsNoRetry == 1` for object "lab.conversation.linkstate" StaticText`
    t =     7.25s         Checking existence of `"lab.conversation.linkstate" StaticText`
    t =     7.28s Checking existence of `"lab.conversation.recipient" Button`
    t =     7.29s Find the "lab.conversation.linkstate" StaticText
    t =     7.31s Tap "lab.conversation.recipient" Button
    t =     7.31s     Wait for io.godstone.labmesh to idle
    t =     7.31s     Find the "lab.conversation.recipient" Button
    t =     7.32s     Check for interrupting elements affecting "lab.conversation.recipient" Button
    t =     7.34s     Synthesize event
    t =     7.63s     Wait for io.godstone.labmesh to idle
    t =     8.76s Waiting 5.0s for "R" Button to exist
    t =     9.80s     Checking `Expect predicate `existsNoRetry == 1` for object "R" Button`
    t =     9.80s         Checking existence of `"R" Button`
    t =     9.83s Tap "R" Button
    t =     9.83s     Wait for io.godstone.labmesh to idle
    t =     9.84s     Find the "R" Button
    t =     9.85s     Check for interrupting elements affecting "R" Button
    t =     9.87s     Synthesize event
    t =    10.17s     Wait for io.godstone.labmesh to idle
    t =    11.58s Find the "lab.conversation.linkstate" StaticText
    t =    11.61s Waiting 20.0s for "lab.conversation.field" TextField to exist
    t =    12.66s     Checking `Expect predicate `existsNoRetry == 1` for object "lab.conversation.field" TextField`
    t =    12.66s         Checking existence of `"lab.conversation.field" TextField`
    t =    12.69s Tap "lab.conversation.field" TextField
    t =    12.69s     Wait for io.godstone.labmesh to idle
    t =    12.69s     Find the "lab.conversation.field" TextField
    t =    12.71s     Check for interrupting elements affecting "lab.conversation.field" TextField
    t =    12.73s     Synthesize event
    t =    13.03s     Wait for io.godstone.labmesh to idle
    t =    13.05s Type 'the mill road is c...' into "lab.conversation.field" TextField
    t =    13.05s     Wait for io.godstone.labmesh to idle
    t =    13.45s     Find the "lab.conversation.field" TextField
    t =    13.49s     Check for interrupting elements affecting "lab.conversation.field" TextField
    t =    13.54s     Synthesize event
    t =    14.51s     Wait for io.godstone.labmesh to idle
    t =    14.51s Checking existence of `"lab.conversation.send" Button`
    t =    14.54s Find the "lab.conversation.send" Button
    t =    14.57s Tap "lab.conversation.send" Button
    t =    14.57s     Wait for io.godstone.labmesh to idle
    t =    14.57s     Find the "lab.conversation.send" Button
    t =    14.60s     Check for interrupting elements affecting "lab.conversation.send" Button
    t =    14.62s     Synthesize event
    t =    14.63s         Scroll element to visible
    t =    14.64s         Find the "lab.conversation.send" Button
    t =    14.67s         Computed hit point {52.25, 318.5} after scrolling to visible
    t =    14.96s     Wait for io.godstone.labmesh to idle
    t =    15.48s Waiting 20.0s for "lab.conversation.outcome" StaticText to exist
    t =    16.54s     Checking `Expect predicate `existsNoRetry == 1` for object "lab.conversation.outcome" StaticText`
    t =    16.54s         Checking existence of `"lab.conversation.outcome" StaticText`
    t =    16.57s Waiting 20.0s for "lab.conversation.admitted" StaticText to exist
    t =    17.64s     Checking `Expect predicate `existsNoRetry == 1` for object "lab.conversation.admitted" StaticText`
    t =    17.64s         Checking existence of `"lab.conversation.admitted" StaticText`
    t =    17.67s Find the "lab.conversation.admitted" StaticText
    t =    17.70s Tap "lab.conversation.send" Button
    t =    17.70s     Wait for io.godstone.labmesh to idle
    t =    17.70s     Find the "lab.conversation.send" Button
    t =    17.73s     Check for interrupting elements affecting "lab.conversation.send" Button
    t =    17.76s     Synthesize event
    t =    18.05s     Wait for io.godstone.labmesh to idle
    t =    18.53s Find the "lab.conversation.admitted" StaticText
    t =    18.56s Checking existence of `"lab.conversation.admitted" StaticText`
    t =    18.59s Waiting 20.0s for "lab.conversation.durable" Any to exist
    t =    19.63s     Checking `Expect predicate `existsNoRetry == 1` for object "lab.conversation.durable" Any`
    t =    19.63s         Checking existence of `"lab.conversation.durable" Any`
    t =    19.66s Waiting 20.0s for "lab.conversation.intent" Any to exist
    t =    20.69s     Checking `Expect predicate `existsNoRetry == 1` for object "lab.conversation.intent" Any`
    t =    20.69s         Checking existence of `"lab.conversation.intent" Any`
    t =    20.72s Find the "lab.conversation.durable" Any
    t =    20.74s Find the "lab.conversation.durable" Other
    t =    20.77s Find the "lab.conversation.outcome" StaticText
    t =    20.79s Tear Down
Test Case '-[LabMeshUITests.LabMeshUITests testGSINT001TypeSelectRecipientAndSendReachesARenderedOutcome]' passed (21.022 seconds).
Test Suite 'LabMeshUITests' passed at 2026-10-05 07:01:41.999.
	 Executed 18 tests, with 0 failures (0 unexpected) in 301.365 (301.373) seconds
Test Suite 'LabMeshUITests.xctest' passed at 2026-10-05 07:01:41.999.
	 Executed 29 tests, with 0 failures (0 unexpected) in 517.279 (517.294) seconds
Test Suite 'All tests' passed at 2026-10-05 07:01:42.000.
	 Executed 29 tests, with 0 failures (0 unexpected) in 517.279 (517.295) seconds
2026-10-05 07:01:42.320 xcodebuild[10179:52675962] [MT] IDETestOperationsObserverDebug: 519.137 elapsed -- Testing started completed.
2026-10-05 07:01:42.320 xcodebuild[10179:52675962] [MT] IDETestOperationsObserverDebug: 0.000 sec, +0.000 sec -- start
2026-10-05 07:01:42.320 xcodebuild[10179:52675962] [MT] IDETestOperationsObserverDebug: 519.137 sec, +519.137 sec -- end

Test session results, code coverage, and logs:
	/Users/oculus/Library/Developer/Xcode/DerivedData/Godstone-dwsupgxygdsnqugzqfrqouqbblve/Logs/Test/Test-LabMeshUI-2026.10.05_06-53-00-+0530.xcresult

** TEST SUCCEEDED **

Testing started
=== scheme GodstoneArchiveUI ===
Command line invocation:
    /Applications/Xcode.app/Contents/Developer/usr/bin/xcodebuild -project ios/Godstone.xcodeproj -scheme GodstoneArchiveUI -configuration LightDebug -destination "platform=iOS Simulator,name=iPhone 17 Pro Max" CODE_SIGNING_ALLOWED=NO test

Build settings from command line:
    CODE_SIGNING_ALLOWED = NO

Resolve Package Graph


Resolved source packages:
  GodstonePackages: /tmp/board1-rc15-preparatory-46903cd0-xke1sctz/rod-worktrees/wt_IOS-WIPE-UX-002/ios/Godstone

ComputePackagePrebuildTargetDependencyGraph

Prepare packages

CreateBuildRequest

SendProjectDescription

CreateBuildOperation

ComputeTargetDependencyGraph
note: Building targets in dependency order
note: Target dependency graph (4 targets)
    Target 'GodstoneArchiveUITests' in project 'Godstone'
        ➜ Explicit dependency on target 'Godstone' in project 'Godstone'
    Target 'Godstone' in project 'Godstone'
        ➜ Explicit dependency on target 'GodstoneCore-product' in project 'GodstonePackages'
    Target 'GodstoneCore-product' in project 'GodstonePackages'
        ➜ Explicit dependency on target 'GodstoneCore' in project 'GodstonePackages'
    Target 'GodstoneCore' in project 'GodstonePackages' (no dependencies)

GatherProvisioningInputs

CreateBuildDescription

ClangStatCache /Applications/Xcode.app/Contents/Developer/Toolchains/XcodeDefault.xctoolchain/usr/bin/clang-stat-cache /Applications/Xcode.app/Contents/Developer/Platforms/iPhoneSimulator.platform/Developer/SDKs/iPhoneSimulator27.0.sdk /Users/oculus/Library/Developer/Xcode/DerivedData/SDKStatCaches.noindex/iphonesimulator27.0-24A430-8dc58220667be655e1bcc261a7455254.sdkstatcache
    cd /tmp/board1-rc15-preparatory-46903cd0-xke1sctz/rod-worktrees/wt_IOS-WIPE-UX-002/ios/Godstone.xcodeproj
    /Applications/Xcode.app/Contents/Developer/Toolchains/XcodeDefault.xctoolchain/usr/bin/clang-stat-cache /Applications/Xcode.app/Contents/Developer/Platforms/iPhoneSimulator.platform/Developer/SDKs/iPhoneSimulator27.0.sdk -o /Users/oculus/Library/Developer/Xcode/DerivedData/SDKStatCaches.noindex/iphonesimulator27.0-24A430-8dc58220667be655e1bcc261a7455254.sdkstatcache

PruneExplicitPrecompiledModules /Users/oculus/Library/Developer/Xcode/DerivedData/Godstone-dwsupgxygdsnqugzqfrqouqbblve/Build/Intermediates.noindex/ExplicitPrecompiledModules

PruneExplicitPrecompiledModules /Users/oculus/Library/Developer/Xcode/DerivedData/Godstone-dwsupgxygdsnqugzqfrqouqbblve/Build/Intermediates.noindex/SwiftExplicitPrecompiledModules

PruneExplicitPrecompiledModules /Users/oculus/Library/Developer/Xcode/DerivedData/SDKExplicitPrecompiledModules

2026-10-05 07:01:46.291211+0530 GodstoneArchiveUITests-Runner[13968:52707105] [Default] Running tests...
    t =      nans Interface orientation changed to Portrait
Test Suite 'All tests' started at 2026-10-05 07:01:46.848.
Test Suite 'GodstoneArchiveUITests.xctest' started at 2026-10-05 07:01:46.849.
Test Suite 'GodstoneArchiveUITests' started at 2026-10-05 07:01:46.849.
Test Case '-[GodstoneArchiveUITests.GodstoneArchiveUITests testARCHIVEPROVAMetadataQueryFaultIsToldSanitisedAndEarnethItsRetry]' started.
    t =     0.00s Start Test at 2026-10-05 07:01:46.849
    t =     0.03s Set Up
    t =     0.06s Open io.godstone.app
    t =     0.06s     Launch io.godstone.app
2026-10-05 07:01:46.960 xcodebuild[13961:52706896] [MT] IDELaunchParametersSnapshot: debugger version lookup failed for path '<nil>': noURL
2026-10-05 07:01:46.961 xcodebuild[13961:52706896] [MT] IDELaunchParametersSnapshot: no debugger version
Resolve Package Graph

objc[13968]: Class UIAccessibilityLoaderWebShared is implemented in both /Library/Developer/CoreSimulator/Volumes/iOS_23F77/Library/Developer/CoreSimulator/Profiles/Runtimes/iOS 26.5.simruntime/Contents/Resources/RuntimeRoot/System/Library/AccessibilityBundles/WebCore.axbundle/WebCore (0x1060f4310) and /Library/Developer/CoreSimulator/Volumes/iOS_23F77/Library/Developer/CoreSimulator/Profiles/Runtimes/iOS 26.5.simruntime/Contents/Resources/RuntimeRoot/System/Library/AccessibilityBundles/WebKit.axbundle/WebKit (0x1061b4398). This may cause spurious casting failures and mysterious crashes. One of the duplicates must be removed or renamed.
    t =     0.73s         Setting up automation session
    t =     1.31s         Wait for io.godstone.app to idle
    t =     2.69s Checking existence of `SearchField (First Match)`
    t =     2.75s Waiting 20.0s for Button (First Match) to exist
    t =     3.82s     Checking `Expect predicate `existsNoRetry == 1` for object Button (First Match)`
    t =     3.82s         Checking existence of `Button (First Match)`
    t =     3.86s Tap Button (First Match)
    t =     3.86s     Wait for io.godstone.app to idle
    t =     3.86s     Find the Button (First Match)
    t =     3.88s     Check for interrupting elements affecting "archive.document.1" Button
    t =     3.90s     Synthesize event
    t =     4.20s     Wait for io.godstone.app to idle
    t =     5.06s Waiting 20.0s for "archive.provenance.error" StaticText to exist
    t =     6.13s     Checking `Expect predicate `existsNoRetry == 1` for object "archive.provenance.error" StaticText`
    t =     6.13s         Checking existence of `"archive.provenance.error" StaticText`
    t =     6.17s Find the "archive.provenance.error" StaticText
    t =     6.19s Waiting 20.0s for StaticText (First Match) to exist
    t =     7.26s     Checking `Expect predicate `existsNoRetry == 1` for object StaticText (First Match)`
    t =     7.26s         Checking existence of `StaticText (First Match)`
    t =     7.29s Checking existence of `"Document is empty" StaticText`
    t =     7.31s Waiting 10.0s for "archive.provenance.retry" Button to exist
    t =     8.38s     Checking `Expect predicate `existsNoRetry == 1` for object "archive.provenance.retry" Button`
    t =     8.38s         Checking existence of `"archive.provenance.retry" Button`
    t =     8.41s Tap "archive.provenance.retry" Button
    t =     8.41s     Wait for io.godstone.app to idle
    t =     8.41s     Find the "archive.provenance.retry" Button
    t =     8.43s     Check for interrupting elements affecting "archive.provenance.retry" Button
    t =     8.45s     Synthesize event
    t =     8.73s     Wait for io.godstone.app to idle
    t =     8.74s Waiting 20.0s for StaticText (First Match) to exist
    t =     9.81s     Checking `Expect predicate `existsNoRetry == 1` for object StaticText (First Match)`
    t =     9.81s         Checking existence of `StaticText (First Match)`
    t =     9.84s Checking existence of `ActivityIndicator (First Match)`
    t =     9.86s Tear Down
Test Case '-[GodstoneArchiveUITests.GodstoneArchiveUITests testARCHIVEPROVAMetadataQueryFaultIsToldSanitisedAndEarnethItsRetry]' passed (10.119 seconds).
Test Case '-[GodstoneArchiveUITests.GodstoneArchiveUITests testARCHIVEPROVAresolvedCitationIsNeverToldAsAWoe]' started.
    t =     0.00s Start Test at 2026-10-05 07:01:56.968
    t =     0.02s Set Up
    t =     0.06s Open io.godstone.app
    t =     0.06s     Launch io.godstone.app
    t =     0.06s         Terminate io.godstone.app:13987
Resolve Package Graph

2026-10-05 07:01:58.105 xcodebuild[13961:52706896] [MT] IDELaunchParametersSnapshot: debugger version lookup failed for path '<nil>': noURL
2026-10-05 07:01:58.105 xcodebuild[13961:52706896] [MT] IDELaunchParametersSnapshot: no debugger version
    t =     1.34s         Setting up automation session
    t =     2.00s         Wait for io.godstone.app to idle
    t =     3.37s Checking existence of `SearchField (First Match)`
    t =     3.42s Waiting 20.0s for Button (First Match) to exist
    t =     4.49s     Checking `Expect predicate `existsNoRetry == 1` for object Button (First Match)`
    t =     4.50s         Checking existence of `Button (First Match)`
    t =     4.52s Tap Button (First Match)
    t =     4.52s     Wait for io.godstone.app to idle
    t =     4.53s     Find the Button (First Match)
    t =     4.55s     Check for interrupting elements affecting "archive.document.1" Button
    t =     4.57s     Synthesize event
    t =     4.86s     Wait for io.godstone.app to idle
    t =     5.74s Waiting 20.0s for StaticText (First Match) to exist
    t =     6.81s     Checking `Expect predicate `existsNoRetry == 1` for object StaticText (First Match)`
    t =     6.81s         Checking existence of `StaticText (First Match)`
    t =     6.85s Waiting 20.0s for "archive.provenance.line" StaticText to exist
    t =     7.91s     Checking `Expect predicate `existsNoRetry == 1` for object "archive.provenance.line" StaticText`
    t =     7.91s         Checking existence of `"archive.provenance.line" StaticText`
    t =     7.94s Checking existence of `"archive.provenance.error" StaticText`
    t =     7.96s Checking existence of `"archive.provenance.retry" Button`
    t =     7.97s Tear Down
Test Case '-[GodstoneArchiveUITests.GodstoneArchiveUITests testARCHIVEPROVAresolvedCitationIsNeverToldAsAWoe]' passed (8.197 seconds).
Test Case '-[GodstoneArchiveUITests.GodstoneArchiveUITests testARCHIVEPROVTheCitationLineRenderethTheDocumentsOwnProvenance]' started.
    t =     0.00s Start Test at 2026-10-05 07:02:05.166
    t =     0.02s Set Up
    t =     0.06s Open io.godstone.app
    t =     0.06s     Launch io.godstone.app
    t =     0.06s         Terminate io.godstone.app:14031
2026-10-05 07:02:06.305 xcodebuild[13961:52706896] [MT] IDELaunchParametersSnapshot: debugger version lookup failed for path '<nil>': noURL
2026-10-05 07:02:06.305 xcodebuild[13961:52706896] [MT] IDELaunchParametersSnapshot: no debugger version
    t =     1.34s         Setting up automation session
    t =     1.98s         Wait for io.godstone.app to idle
    t =     3.37s Checking existence of `SearchField (First Match)`
    t =     3.41s Waiting 20.0s for Button (First Match) to exist
    t =     4.48s     Checking `Expect predicate `existsNoRetry == 1` for object Button (First Match)`
    t =     4.48s         Checking existence of `Button (First Match)`
    t =     4.53s Tap Button (First Match)
    t =     4.53s     Wait for io.godstone.app to idle
    t =     4.54s     Find the Button (First Match)
    t =     4.56s     Check for interrupting elements affecting "archive.document.1" Button
    t =     4.58s     Synthesize event
    t =     4.88s     Wait for io.godstone.app to idle
    t =     5.78s Waiting 20.0s for "archive.provenance.line" StaticText to exist
    t =     6.85s     Checking `Expect predicate `existsNoRetry == 1` for object "archive.provenance.line" StaticText`
    t =     6.85s         Checking existence of `"archive.provenance.line" StaticText`
    t =     6.89s Find the "archive.provenance.line" StaticText
    t =     6.91s Checking existence of `"archive.provenance.error" StaticText`
    t =     6.92s Tear Down
Test Case '-[GodstoneArchiveUITests.GodstoneArchiveUITests testARCHIVEPROVTheCitationLineRenderethTheDocumentsOwnProvenance]' passed (7.160 seconds).
Test Case '-[GodstoneArchiveUITests.GodstoneArchiveUITests testGSA005ANonFirstSearchHitOpensItsOwnDocument]' started.
    t =     0.00s Start Test at 2026-10-05 07:02:12.327
    t =     0.02s Set Up
    t =     0.06s Open io.godstone.app
    t =     0.06s     Launch io.godstone.app
    t =     0.06s         Terminate io.godstone.app:14070
2026-10-05 07:02:13.465 xcodebuild[13961:52706896] [MT] IDELaunchParametersSnapshot: debugger version lookup failed for path '<nil>': noURL
2026-10-05 07:02:13.465 xcodebuild[13961:52706896] [MT] IDELaunchParametersSnapshot: no debugger version
    t =     1.35s         Setting up automation session
    t =     1.99s         Wait for io.godstone.app to idle
    t =     3.38s Checking existence of `SearchField (First Match)`
    t =     3.42s Waiting 20.0s for SearchField (First Match) to exist
    t =     4.49s     Checking `Expect predicate `existsNoRetry == 1` for object SearchField (First Match)`
    t =     4.49s         Checking existence of `SearchField (First Match)`
    t =     4.53s Tap SearchField (First Match)
    t =     4.53s     Wait for io.godstone.app to idle
    t =     4.53s     Find the SearchField (First Match)
    t =     4.56s     Check for interrupting elements affecting "Search every document" SearchField
    t =     4.58s     Synthesize event
    t =     4.87s     Wait for io.godstone.app to idle
    t =     5.73s Waiting 10.0s for Keyboard (First Match) to exist
    t =     6.79s     Checking `Expect predicate `existsNoRetry == 1` for object Keyboard (First Match)`
    t =     6.79s         Checking existence of `Keyboard (First Match)`
    t =     6.81s Type 'bleeding
' into "Search every document" SearchField
    t =     6.81s     Wait for io.godstone.app to idle
    t =     6.82s     Find the "Search every document" SearchField
    t =     6.88s     Check for interrupting elements affecting "Search every document" SearchField
    t =     6.91s     Synthesize event
    t =     7.26s     Wait for io.godstone.app to idle
    t =     7.88s Waiting 20.0s for "archive.search.results" StaticText to exist
    t =     8.92s     Checking `Expect predicate `existsNoRetry == 1` for object "archive.search.results" StaticText`
    t =     8.92s         Checking existence of `"archive.search.results" StaticText`
    t =     8.96s Waiting 20.0s for Button (First Match) to exist
    t =    10.02s     Checking `Expect predicate `existsNoRetry == 1` for object Button (First Match)`
    t =    10.02s         Checking existence of `Button (First Match)`
    t =    10.07s Get number of matches for: Elements matching predicate 'identifier BEGINSWITH "archive.search.hit."'
    t =    10.08s Find the Button (Element at index 1)
    t =    10.10s Tap "archive.search.hit.2" Button
    t =    10.10s     Wait for io.godstone.app to idle
    t =    10.11s     Find the "archive.search.hit.2" Button
    t =    10.13s     Check for interrupting elements affecting "archive.search.hit.2" Button
    t =    10.15s     Synthesize event
    t =    10.45s     Wait for io.godstone.app to idle
    t =    12.31s Waiting 20.0s for NavigationBar (First Match) to exist
    t =    13.36s     Checking `Expect predicate `existsNoRetry == 1` for object NavigationBar (First Match)`
    t =    13.36s         Checking existence of `NavigationBar (First Match)`
    t =    13.38s Find the NavigationBar (First Match)
    t =    13.39s Waiting 20.0s for StaticText (First Match) to exist
    t =    14.45s     Checking `Expect predicate `existsNoRetry == 1` for object StaticText (First Match)`
    t =    14.45s         Checking existence of `StaticText (First Match)`
    t =    14.49s Tear Down
Test Case '-[GodstoneArchiveUITests.GodstoneArchiveUITests testGSA005ANonFirstSearchHitOpensItsOwnDocument]' passed (14.733 seconds).
Test Case '-[GodstoneArchiveUITests.GodstoneArchiveUITests testGSA005AnOpenedDocumentOffersARenderedWayOut]' started.
    t =     0.00s Start Test at 2026-10-05 07:02:27.060
    t =     0.02s Set Up
    t =     0.06s Open io.godstone.app
    t =     0.06s     Launch io.godstone.app
    t =     0.06s         Terminate io.godstone.app:14103
2026-10-05 07:02:28.214 xcodebuild[13961:52706896] [MT] IDELaunchParametersSnapshot: debugger version lookup failed for path '<nil>': noURL
2026-10-05 07:02:28.214 xcodebuild[13961:52706896] [MT] IDELaunchParametersSnapshot: no debugger version
    t =     1.36s         Setting up automation session
    t =     2.06s         Wait for io.godstone.app to idle
    t =     3.47s Checking existence of `SearchField (First Match)`
    t =     3.52s Waiting 20.0s for Any (First Match) to exist
    t =     4.58s     Checking `Expect predicate `existsNoRetry == 1` for object Any (First Match)`
    t =     4.58s         Checking existence of `Any (First Match)`
    t =     4.61s Tap Any (First Match)
    t =     4.61s     Wait for io.godstone.app to idle
    t =     4.61s     Find the Any (First Match)
    t =     4.63s     Check for interrupting elements affecting "archive.document.1" Button
    t =     4.66s     Synthesize event
    t =     4.96s     Wait for io.godstone.app to idle
    t =     5.83s Waiting 20.0s for "archive.back" Button to exist
    t =     6.90s     Checking `Expect predicate `existsNoRetry == 1` for object "archive.back" Button`
    t =     6.90s         Checking existence of `"archive.back" Button`
    t =     6.95s Get number of matches for: Descendants matching type Keyboard
    t =     8.03s Get number of matches for: Descendants matching type Keyboard
    t =     8.05s Waiting 20.0s for "archive.back" Button to exist
    t =     9.09s     Checking `Expect predicate `existsNoRetry == 1` for object "archive.back" Button`
    t =     9.09s         Checking existence of `"archive.back" Button`
    t =     9.12s Tap "archive.back" Button
    t =     9.12s     Wait for io.godstone.app to idle
    t =     9.12s     Find the "archive.back" Button
    t =     9.13s     Check for interrupting elements affecting "archive.back" Button
    t =     9.15s     Synthesize event
    t =     9.44s     Wait for io.godstone.app to idle
    t =     9.78s Waiting 20.0s for Any (First Match) to exist
    t =    10.85s     Checking `Expect predicate `existsNoRetry == 1` for object Any (First Match)`
    t =    10.85s         Checking existence of `Any (First Match)`
    t =    10.87s Tear Down
Test Case '-[GodstoneArchiveUITests.GodstoneArchiveUITests testGSA005AnOpenedDocumentOffersARenderedWayOut]' passed (11.139 seconds).
Test Case '-[GodstoneArchiveUITests.GodstoneArchiveUITests testGSA005BrowseReturnCarriesNoFalseQuery]' started.
    t =     0.00s Start Test at 2026-10-05 07:02:38.200
    t =     0.02s Set Up
    t =     0.06s Open io.godstone.app
    t =     0.06s     Launch io.godstone.app
    t =     0.06s         Terminate io.godstone.app:14151
2026-10-05 07:02:39.322 xcodebuild[13961:52706896] [MT] IDELaunchParametersSnapshot: debugger version lookup failed for path '<nil>': noURL
2026-10-05 07:02:39.322 xcodebuild[13961:52706896] [MT] IDELaunchParametersSnapshot: no debugger version
    t =     1.33s         Setting up automation session
    t =     1.99s         Wait for io.godstone.app to idle
    t =     3.38s Checking existence of `SearchField (First Match)`
    t =     3.43s Waiting 20.0s for Button (First Match) to exist
    t =     4.48s     Checking `Expect predicate `existsNoRetry == 1` for object Button (First Match)`
    t =     4.48s         Checking existence of `Button (First Match)`
    t =     4.51s Tap Button (First Match)
    t =     4.51s     Wait for io.godstone.app to idle
    t =     4.52s     Find the Button (First Match)
    t =     4.54s     Check for interrupting elements affecting "archive.document.1" Button
    t =     4.56s     Synthesize event
    t =     4.85s     Wait for io.godstone.app to idle
    t =     6.75s Waiting 20.0s for "archive.back" Button to exist
    t =     7.81s     Checking `Expect predicate `existsNoRetry == 1` for object "archive.back" Button`
    t =     7.81s         Checking existence of `"archive.back" Button`
    t =     7.84s Tap "archive.back" Button
    t =     7.84s     Wait for io.godstone.app to idle
    t =     7.84s     Find the "archive.back" Button
    t =     7.86s     Check for interrupting elements affecting "archive.back" Button
    t =     7.88s     Synthesize event
    t =     8.17s     Wait for io.godstone.app to idle
    t =     8.51s Waiting 20.0s for Button (First Match) to exist
    t =     9.55s     Checking `Expect predicate `existsNoRetry == 1` for object Button (First Match)`
    t =     9.55s         Checking existence of `Button (First Match)`
    t =     9.57s Checking existence of `SearchField (First Match)`
    t =     9.59s Find the SearchField (First Match)
    t =     9.61s Tear Down
Test Case '-[GodstoneArchiveUITests.GodstoneArchiveUITests testGSA005BrowseReturnCarriesNoFalseQuery]' passed (9.858 seconds).
Test Case '-[GodstoneArchiveUITests.GodstoneArchiveUITests testGSA005DocumentReopensAfterCleanProcessDeath]' started.
    t =     0.00s Start Test at 2026-10-05 07:02:48.058
    t =     0.02s Set Up
    t =     0.05s Open io.godstone.app
    t =     0.05s     Launch io.godstone.app
    t =     0.05s         Terminate io.godstone.app:14204
2026-10-05 07:02:49.198 xcodebuild[13961:52706896] [MT] IDELaunchParametersSnapshot: debugger version lookup failed for path '<nil>': noURL
2026-10-05 07:02:49.198 xcodebuild[13961:52706896] [MT] IDELaunchParametersSnapshot: no debugger version
    t =     1.35s         Setting up automation session
    t =     1.99s         Wait for io.godstone.app to idle
    t =     3.39s Checking existence of `SearchField (First Match)`
    t =     3.45s Waiting 20.0s for Button (First Match) to exist
    t =     4.51s     Checking `Expect predicate `existsNoRetry == 1` for object Button (First Match)`
    t =     4.51s         Checking existence of `Button (First Match)`
    t =     4.55s Tap Button (First Match)
    t =     4.55s     Wait for io.godstone.app to idle
    t =     4.56s     Find the Button (First Match)
    t =     4.58s     Check for interrupting elements affecting "archive.document.1" Button
    t =     4.60s     Synthesize event
    t =     4.90s     Wait for io.godstone.app to idle
    t =     6.79s Waiting 20.0s for StaticText (First Match) to exist
    t =     7.85s     Checking `Expect predicate `existsNoRetry == 1` for object StaticText (First Match)`
    t =     7.85s         Checking existence of `StaticText (First Match)`
    t =     7.89s Get number of matches for: Elements matching predicate 'identifier BEGINSWITH "archive.passage."'
    t =     7.90s Pressing Home button
    t =    11.38s Terminate io.godstone.app:14237
    t =    13.50s Open io.godstone.app
    t =    13.50s     Launch io.godstone.app
2026-10-05 07:03:01.563 xcodebuild[13961:52706896] [MT] IDELaunchParametersSnapshot: debugger version lookup failed for path '<nil>': noURL
2026-10-05 07:03:01.563 xcodebuild[13961:52706896] [MT] IDELaunchParametersSnapshot: no debugger version
    t =    13.72s         Setting up automation session
    t =    14.39s         Wait for io.godstone.app to idle
    t =    15.91s Checking existence of `SearchField (First Match)`
    t =    15.99s Checking existence of `"Archive unavailable" StaticText`
    t =    16.23s Checking existence of `SearchField (First Match)`
    t =    16.27s Checking existence of `"Archive unavailable" StaticText`
    t =    16.49s Checking existence of `SearchField (First Match)`
    t =    16.52s Checking existence of `"Archive unavailable" StaticText`
    t =    16.75s Checking existence of `SearchField (First Match)`
    t =    16.78s Checking existence of `"Archive unavailable" StaticText`
    t =    17.00s Checking existence of `SearchField (First Match)`
    t =    17.04s Checking existence of `"Archive unavailable" StaticText`
    t =    17.26s Checking existence of `SearchField (First Match)`
    t =    17.32s Checking existence of `"Archive unavailable" StaticText`
    t =    17.53s Checking existence of `SearchField (First Match)`
    t =    17.57s Checking existence of `"Archive unavailable" StaticText`
    t =    17.79s Checking existence of `SearchField (First Match)`
    t =    17.82s Checking existence of `"Archive unavailable" StaticText`
    t =    18.04s Checking existence of `SearchField (First Match)`
    t =    18.07s Checking existence of `"Archive unavailable" StaticText`
    t =    18.29s Checking existence of `SearchField (First Match)`
    t =    18.33s Checking existence of `"Archive unavailable" StaticText`
    t =    18.55s Checking existence of `SearchField (First Match)`
    t =    18.58s Checking existence of `"Archive unavailable" StaticText`
    t =    18.80s Checking existence of `SearchField (First Match)`
    t =    18.84s Checking existence of `"Archive unavailable" StaticText`
    t =    19.06s Checking existence of `SearchField (First Match)`
    t =    19.10s Checking existence of `"Archive unavailable" StaticText`
    t =    19.31s Checking existence of `SearchField (First Match)`
    t =    19.35s Checking existence of `"Archive unavailable" StaticText`
    t =    19.57s Checking existence of `SearchField (First Match)`
    t =    19.60s Checking existence of `"Archive unavailable" StaticText`
    t =    19.81s Checking existence of `SearchField (First Match)`
    t =    19.85s Checking existence of `"Archive unavailable" StaticText`
    t =    20.07s Checking existence of `SearchField (First Match)`
    t =    20.09s Checking existence of `"Archive unavailable" StaticText`
    t =    20.32s Checking existence of `SearchField (First Match)`
    t =    20.34s Checking existence of `"Archive unavailable" StaticText`
    t =    20.56s Checking existence of `SearchField (First Match)`
    t =    20.61s Checking existence of `"Archive unavailable" StaticText`
    t =    20.83s Checking existence of `SearchField (First Match)`
    t =    20.87s Checking existence of `"Archive unavailable" StaticText`
    t =    21.09s Checking existence of `SearchField (First Match)`
    t =    21.12s Checking existence of `"Archive unavailable" StaticText`
    t =    21.34s Checking existence of `SearchField (First Match)`
    t =    21.37s Checking existence of `"Archive unavailable" StaticText`
    t =    21.60s Checking existence of `SearchField (First Match)`
    t =    21.64s Checking existence of `"Archive unavailable" StaticText`
    t =    21.86s Checking existence of `SearchField (First Match)`
    t =    21.88s Checking existence of `"Archive unavailable" StaticText`
    t =    22.11s Checking existence of `SearchField (First Match)`
    t =    22.15s Checking existence of `"Archive unavailable" StaticText`
    t =    22.37s Checking existence of `SearchField (First Match)`
    t =    22.41s Checking existence of `"Archive unavailable" StaticText`
    t =    22.63s Checking existence of `SearchField (First Match)`
    t =    22.66s Checking existence of `"Archive unavailable" StaticText`
    t =    22.88s Checking existence of `SearchField (First Match)`
    t =    22.92s Checking existence of `"Archive unavailable" StaticText`
    t =    23.13s Checking existence of `SearchField (First Match)`
    t =    23.17s Checking existence of `"Archive unavailable" StaticText`
    t =    23.38s Checking existence of `SearchField (First Match)`
    t =    23.41s Checking existence of `"Archive unavailable" StaticText`
    t =    23.64s Checking existence of `SearchField (First Match)`
    t =    23.67s Checking existence of `"Archive unavailable" StaticText`
    t =    23.89s Checking existence of `SearchField (First Match)`
    t =    23.93s Checking existence of `"Archive unavailable" StaticText`
    t =    24.15s Checking existence of `SearchField (First Match)`
    t =    24.19s Checking existence of `"Archive unavailable" StaticText`
    t =    24.41s Checking existence of `SearchField (First Match)`
    t =    24.44s Checking existence of `"Archive unavailable" StaticText`
    t =    24.66s Checking existence of `SearchField (First Match)`
    t =    24.69s Checking existence of `"Archive unavailable" StaticText`
    t =    24.92s Checking existence of `SearchField (First Match)`
    t =    24.95s Checking existence of `"Archive unavailable" StaticText`
    t =    25.18s Checking existence of `SearchField (First Match)`
    t =    25.21s Checking existence of `"Archive unavailable" StaticText`
    t =    25.43s Checking existence of `SearchField (First Match)`
    t =    25.46s Checking existence of `"Archive unavailable" StaticText`
    t =    25.69s Checking existence of `SearchField (First Match)`
    t =    25.73s Checking existence of `"Archive unavailable" StaticText`
    t =    25.96s Checking existence of `SearchField (First Match)`
    t =    25.99s Checking existence of `"Archive unavailable" StaticText`
    t =    26.21s Checking existence of `SearchField (First Match)`
    t =    26.24s Checking existence of `"Archive unavailable" StaticText`
    t =    26.46s Checking existence of `SearchField (First Match)`
    t =    26.50s Checking existence of `"Archive unavailable" StaticText`
    t =    26.72s Checking existence of `SearchField (First Match)`
    t =    26.76s Checking existence of `"Archive unavailable" StaticText`
    t =    26.98s Checking existence of `SearchField (First Match)`
    t =    27.01s Checking existence of `"Archive unavailable" StaticText`
    t =    27.23s Checking existence of `SearchField (First Match)`
    t =    27.27s Checking existence of `"Archive unavailable" StaticText`
    t =    27.50s Checking existence of `SearchField (First Match)`
    t =    27.53s Checking existence of `"Archive unavailable" StaticText`
    t =    27.75s Checking existence of `SearchField (First Match)`
    t =    27.78s Checking existence of `"Archive unavailable" StaticText`
    t =    28.00s Checking existence of `SearchField (First Match)`
    t =    28.03s Checking existence of `"Archive unavailable" StaticText`
    t =    28.25s Checking existence of `SearchField (First Match)`
    t =    28.29s Checking existence of `"Archive unavailable" StaticText`
    t =    28.51s Checking existence of `SearchField (First Match)`
    t =    28.54s Checking existence of `"Archive unavailable" StaticText`
    t =    28.76s Checking existence of `SearchField (First Match)`
    t =    28.80s Checking existence of `"Archive unavailable" StaticText`
    t =    29.02s Checking existence of `SearchField (First Match)`
    t =    29.05s Checking existence of `"Archive unavailable" StaticText`
    t =    29.28s Checking existence of `SearchField (First Match)`
    t =    29.31s Checking existence of `"Archive unavailable" StaticText`
    t =    29.54s Checking existence of `SearchField (First Match)`
    t =    29.61s Checking existence of `"Archive unavailable" StaticText`
    t =    29.85s Checking existence of `SearchField (First Match)`
    t =    29.90s Checking existence of `"Archive unavailable" StaticText`
    t =    30.13s Checking existence of `SearchField (First Match)`
    t =    30.17s Checking existence of `"Archive unavailable" StaticText`
    t =    30.39s Checking existence of `SearchField (First Match)`
    t =    30.43s Checking existence of `"Archive unavailable" StaticText`
    t =    30.65s Checking existence of `SearchField (First Match)`
    t =    30.67s Checking existence of `"Archive unavailable" StaticText`
    t =    30.89s Checking existence of `SearchField (First Match)`
    t =    30.93s Checking existence of `"Archive unavailable" StaticText`
    t =    31.15s Checking existence of `SearchField (First Match)`
    t =    31.19s Checking existence of `"Archive unavailable" StaticText`
    t =    31.41s Checking existence of `SearchField (First Match)`
    t =    31.44s Checking existence of `"Archive unavailable" StaticText`
    t =    31.66s Checking existence of `SearchField (First Match)`
    t =    31.70s Checking existence of `"Archive unavailable" StaticText`
    t =    31.93s Checking existence of `SearchField (First Match)`
    t =    31.95s Checking existence of `"Archive unavailable" StaticText`
    t =    32.16s Checking existence of `SearchField (First Match)`
    t =    32.19s Checking existence of `"Archive unavailable" StaticText`
    t =    32.41s Checking existence of `SearchField (First Match)`
    t =    32.47s Checking existence of `"Archive unavailable" StaticText`
    t =    32.69s Checking existence of `SearchField (First Match)`
    t =    32.73s Checking existence of `"Archive unavailable" StaticText`
    t =    32.95s Checking existence of `SearchField (First Match)`
    t =    32.99s Checking existence of `"Archive unavailable" StaticText`
    t =    33.21s Checking existence of `SearchField (First Match)`
    t =    33.24s Checking existence of `"Archive unavailable" StaticText`
    t =    33.46s Checking existence of `SearchField (First Match)`
    t =    33.50s Checking existence of `"Archive unavailable" StaticText`
    t =    33.72s Checking existence of `SearchField (First Match)`
    t =    33.75s Checking existence of `"Archive unavailable" StaticText`
    t =    33.98s Checking existence of `SearchField (First Match)`
    t =    34.01s Checking existence of `"Archive unavailable" StaticText`
    t =    34.23s Checking existence of `SearchField (First Match)`
    t =    34.26s Checking existence of `"Archive unavailable" StaticText`
    t =    34.49s Checking existence of `SearchField (First Match)`
    t =    34.52s Checking existence of `"Archive unavailable" StaticText`
    t =    34.75s Checking existence of `SearchField (First Match)`
    t =    34.78s Checking existence of `"Archive unavailable" StaticText`
    t =    35.00s Checking existence of `SearchField (First Match)`
    t =    35.04s Checking existence of `"Archive unavailable" StaticText`
    t =    35.26s Checking existence of `SearchField (First Match)`
    t =    35.32s Checking existence of `"Archive unavailable" StaticText`
    t =    35.54s Checking existence of `SearchField (First Match)`
    t =    35.58s Checking existence of `"Archive unavailable" StaticText`
    t =    35.80s Checking existence of `SearchField (First Match)`
    t =    35.83s Checking existence of `"Archive unavailable" StaticText`
    t =    36.06s Checking existence of `SearchField (First Match)`
    t =    36.09s Checking existence of `"Archive unavailable" StaticText`
    t =    36.32s Checking existence of `SearchField (First Match)`
    t =    36.35s Checking existence of `"Archive unavailable" StaticText`
    t =    36.57s Checking existence of `SearchField (First Match)`
    t =    36.60s Checking existence of `"Archive unavailable" StaticText`
    t =    36.82s Checking existence of `SearchField (First Match)`
    t =    36.86s Checking existence of `"Archive unavailable" StaticText`
    t =    37.08s Checking existence of `SearchField (First Match)`
    t =    37.12s Checking existence of `"Archive unavailable" StaticText`
    t =    37.34s Checking existence of `SearchField (First Match)`
    t =    37.38s Checking existence of `"Archive unavailable" StaticText`
    t =    37.60s Checking existence of `SearchField (First Match)`
    t =    37.64s Checking existence of `"Archive unavailable" StaticText`
    t =    37.86s Checking existence of `SearchField (First Match)`
    t =    37.89s Checking existence of `"Archive unavailable" StaticText`
    t =    38.12s Checking existence of `SearchField (First Match)`
    t =    38.15s Checking existence of `"Archive unavailable" StaticText`
    t =    38.38s Checking existence of `SearchField (First Match)`
    t =    38.42s Checking existence of `"Archive unavailable" StaticText`
    t =    38.65s Checking existence of `SearchField (First Match)`
    t =    38.69s Checking existence of `"Archive unavailable" StaticText`
    t =    38.92s Checking existence of `SearchField (First Match)`
    t =    38.95s Checking existence of `"Archive unavailable" StaticText`
    t =    39.18s Checking existence of `SearchField (First Match)`
    t =    39.22s Checking existence of `"Archive unavailable" StaticText`
    t =    39.44s Checking existence of `SearchField (First Match)`
    t =    39.49s Checking existence of `"Archive unavailable" StaticText`
    t =    39.71s Checking existence of `SearchField (First Match)`
    t =    39.75s Checking existence of `"Archive unavailable" StaticText`
    t =    39.97s Checking existence of `SearchField (First Match)`
    t =    40.01s Checking existence of `"Archive unavailable" StaticText`
    t =    40.23s Checking existence of `SearchField (First Match)`
    t =    40.30s Checking existence of `"Archive unavailable" StaticText`
    t =    40.52s Checking existence of `SearchField (First Match)`
    t =    40.55s Checking existence of `"Archive unavailable" StaticText`
    t =    40.76s Checking existence of `SearchField (First Match)`
    t =    40.79s Checking existence of `"Archive unavailable" StaticText`
    t =    41.01s Checking existence of `SearchField (First Match)`
    t =    41.05s Checking existence of `"Archive unavailable" StaticText`
    t =    41.27s Checking existence of `SearchField (First Match)`
    t =    41.31s Checking existence of `"Archive unavailable" StaticText`
    t =    41.54s Checking existence of `SearchField (First Match)`
    t =    41.57s Checking existence of `"Archive unavailable" StaticText`
    t =    41.79s Checking existence of `SearchField (First Match)`
    t =    41.83s Checking existence of `"Archive unavailable" StaticText`
    t =    42.05s Checking existence of `SearchField (First Match)`
    t =    42.08s Checking existence of `"Archive unavailable" StaticText`
    t =    42.30s Checking existence of `SearchField (First Match)`
    t =    42.33s Checking existence of `"Archive unavailable" StaticText`
    t =    42.55s Checking existence of `SearchField (First Match)`
    t =    42.62s Checking existence of `"Archive unavailable" StaticText`
    t =    42.84s Checking existence of `SearchField (First Match)`
    t =    42.87s Checking existence of `"Archive unavailable" StaticText`
    t =    43.10s Checking existence of `SearchField (First Match)`
    t =    43.13s Checking existence of `"Archive unavailable" StaticText`
    t =    43.35s Checking existence of `SearchField (First Match)`
    t =    43.37s Checking existence of `"Archive unavailable" StaticText`
    t =    43.59s Checking existence of `SearchField (First Match)`
    t =    43.62s Checking existence of `"Archive unavailable" StaticText`
    t =    43.83s Checking existence of `SearchField (First Match)`
    t =    43.86s Checking existence of `"Archive unavailable" StaticText`
    t =    44.08s Checking existence of `SearchField (First Match)`
    t =    44.11s Checking existence of `"Archive unavailable" StaticText`
    t =    44.33s Checking existence of `SearchField (First Match)`
    t =    44.36s Checking existence of `"Archive unavailable" StaticText`
    t =    44.59s Checking existence of `SearchField (First Match)`
    t =    44.61s Checking existence of `"Archive unavailable" StaticText`
    t =    44.83s Checking existence of `SearchField (First Match)`
    t =    44.87s Checking existence of `"Archive unavailable" StaticText`
    t =    45.08s Checking existence of `SearchField (First Match)`
    t =    45.12s Checking existence of `"Archive unavailable" StaticText`
    t =    45.34s Checking existence of `SearchField (First Match)`
    t =    45.37s Checking existence of `"Archive unavailable" StaticText`
    t =    45.60s Checking existence of `SearchField (First Match)`
    t =    45.63s Checking existence of `"Archive unavailable" StaticText`
    t =    45.85s Checking existence of `SearchField (First Match)`
    t =    45.87s Checking existence of `"Archive unavailable" StaticText`
    t =    46.10s Waiting 20.0s for StaticText (First Match) to exist
    t =    47.12s     Checking `Expect predicate `existsNoRetry == 1` for object StaticText (First Match)`
    t =    47.12s         Checking existence of `StaticText (First Match)`
    t =    47.15s Tear Down
Test Case '-[GodstoneArchiveUITests.GodstoneArchiveUITests testGSA005DocumentReopensAfterCleanProcessDeath]' passed (47.468 seconds).
Test Case '-[GodstoneArchiveUITests.GodstoneArchiveUITests testGSA005ScrollingRevealsALaterPassage]' started.
    t =     0.00s Start Test at 2026-10-05 07:03:35.526
    t =     0.03s Set Up
    t =     0.06s Open io.godstone.app
    t =     0.06s     Launch io.godstone.app
    t =     0.06s         Terminate io.godstone.app:14279
2026-10-05 07:03:36.632 xcodebuild[13961:52706896] [MT] IDELaunchParametersSnapshot: debugger version lookup failed for path '<nil>': noURL
2026-10-05 07:03:36.633 xcodebuild[13961:52706896] [MT] IDELaunchParametersSnapshot: no debugger version
    t =     1.31s         Setting up automation session
    t =     2.01s         Wait for io.godstone.app to idle
    t =     3.44s Checking existence of `SearchField (First Match)`
    t =     3.50s Waiting 20.0s for Button (First Match) to exist
    t =     4.52s     Checking `Expect predicate `existsNoRetry == 1` for object Button (First Match)`
    t =     4.52s         Checking existence of `Button (First Match)`
    t =     4.55s Tap Button (First Match)
    t =     4.55s     Wait for io.godstone.app to idle
    t =     4.56s     Find the Button (First Match)
    t =     4.58s     Check for interrupting elements affecting "archive.document.1" Button
    t =     4.60s     Synthesize event
    t =     4.89s     Wait for io.godstone.app to idle
    t =     6.79s Waiting 20.0s for StaticText (First Match) to exist
    t =     7.82s     Checking `Expect predicate `existsNoRetry == 1` for object StaticText (First Match)`
    t =     7.82s         Checking existence of `StaticText (First Match)`
    t =     7.85s Get number of matches for: Elements matching predicate 'identifier BEGINSWITH "archive.passage."'
    t =     7.87s Get number of matches for: Elements matching predicate 'identifier BEGINSWITH "archive.passage."'
    t =     7.89s Checking existence of `StaticText (Element at index 9)`
    t =     7.90s Find the StaticText (Element at index 9)
    t =     7.92s Swipe up Target Application 'io.godstone.app'
    t =     7.92s     Wait for io.godstone.app to idle
    t =     7.93s     Find the Target Application 'io.godstone.app'
    t =     7.94s     Check for interrupting elements affecting "Godstone" Application
    t =     7.96s     Synthesize event
    t =     8.38s     Wait for io.godstone.app to idle
    t =    10.52s Checking existence of `"archive.passage.5" StaticText`
    t =    10.54s Find the "archive.passage.5" StaticText
    t =    10.57s Tear Down
Test Case '-[GodstoneArchiveUITests.GodstoneArchiveUITests testGSA005ScrollingRevealsALaterPassage]' passed (10.821 seconds).
Test Case '-[GodstoneArchiveUITests.GodstoneArchiveUITests testGSA005SearchOpenThenBackReturnsToTheSubmittedQuery]' started.
    t =     0.00s Start Test at 2026-10-05 07:03:46.348
    t =     0.02s Set Up
    t =     0.06s Open io.godstone.app
    t =     0.06s     Launch io.godstone.app
    t =     0.06s         Terminate io.godstone.app:14421
2026-10-05 07:03:47.492 xcodebuild[13961:52706896] [MT] IDELaunchParametersSnapshot: debugger version lookup failed for path '<nil>': noURL
2026-10-05 07:03:47.492 xcodebuild[13961:52706896] [MT] IDELaunchParametersSnapshot: no debugger version
    t =     1.35s         Setting up automation session
    t =     2.06s         Wait for io.godstone.app to idle
    t =     3.42s Checking existence of `SearchField (First Match)`
    t =     3.46s Waiting 20.0s for SearchField (First Match) to exist
    t =     4.50s     Checking `Expect predicate `existsNoRetry == 1` for object SearchField (First Match)`
    t =     4.50s         Checking existence of `SearchField (First Match)`
    t =     4.52s Tap SearchField (First Match)
    t =     4.52s     Wait for io.godstone.app to idle
    t =     4.52s     Find the SearchField (First Match)
    t =     4.55s     Check for interrupting elements affecting "Search every document" SearchField
    t =     4.57s     Synthesize event
    t =     4.86s     Wait for io.godstone.app to idle
    t =     5.72s Waiting 10.0s for Keyboard (First Match) to exist
    t =     6.77s     Checking `Expect predicate `existsNoRetry == 1` for object Keyboard (First Match)`
    t =     6.77s         Checking existence of `Keyboard (First Match)`
    t =     6.79s Type 'bleeding
' into "Search every document" SearchField
    t =     6.79s     Wait for io.godstone.app to idle
    t =     6.79s     Find the "Search every document" SearchField
    t =     6.83s     Check for interrupting elements affecting "Search every document" SearchField
    t =     6.85s     Synthesize event
    t =     7.20s     Wait for io.godstone.app to idle
    t =     7.81s Waiting 20.0s for "archive.search.results" StaticText to exist
    t =     8.85s     Checking `Expect predicate `existsNoRetry == 1` for object "archive.search.results" StaticText`
    t =     8.85s         Checking existence of `"archive.search.results" StaticText`
    t =     8.89s Waiting 20.0s for Button (First Match) to exist
    t =     9.93s     Checking `Expect predicate `existsNoRetry == 1` for object Button (First Match)`
    t =     9.93s         Checking existence of `Button (First Match)`
    t =     9.97s Find the Button (First Match)
    t =    10.00s Get number of matches for: Descendants matching type Keyboard
    t =    11.05s Get number of matches for: Descendants matching type Keyboard
    t =    11.08s Tap "archive.search.hit.1" Button
    t =    11.08s     Wait for io.godstone.app to idle
    t =    11.08s     Find the "archive.search.hit.1" Button
    t =    11.12s     Check for interrupting elements affecting "archive.search.hit.1" Button
    t =    11.13s     Synthesize event
    t =    11.43s     Wait for io.godstone.app to idle
    t =    12.28s Waiting 20.0s for "archive.back" Button to exist
    t =    13.31s     Checking `Expect predicate `existsNoRetry == 1` for object "archive.back" Button`
    t =    13.31s         Checking existence of `"archive.back" Button`
    t =    13.33s Get number of matches for: Descendants matching type Keyboard
    t =    14.38s Get number of matches for: Descendants matching type Keyboard
    t =    14.40s Tap "archive.back" Button
    t =    14.40s     Wait for io.godstone.app to idle
    t =    14.40s     Find the "archive.back" Button
    t =    14.44s     Check for interrupting elements affecting "archive.back" Button
    t =    14.46s     Synthesize event
    t =    14.75s     Wait for io.godstone.app to idle
    t =    15.14s Waiting 20.0s for "archive.search.results" StaticText to exist
    t =    16.17s     Checking `Expect predicate `existsNoRetry == 1` for object "archive.search.results" StaticText`
    t =    16.17s         Checking existence of `"archive.search.results" StaticText`
    t =    16.20s Waiting 20.0s for SearchField (First Match) to exist
    t =    17.22s     Checking `Expect predicate `existsNoRetry == 1` for object SearchField (First Match)`
    t =    17.22s         Checking existence of `SearchField (First Match)`
    t =    18.31s Checking `Expect predicate `value == "bleeding"` for object SearchField (First Match)`
    t =    18.31s     Find the SearchField (First Match)
    t =    18.35s Waiting 20.0s for "archive.search.hit.1" Button to exist
    t =    19.40s     Checking `Expect predicate `existsNoRetry == 1` for object "archive.search.hit.1" Button`
    t =    19.40s         Checking existence of `"archive.search.hit.1" Button`
    t =    19.43s Tear Down
Test Case '-[GodstoneArchiveUITests.GodstoneArchiveUITests testGSA005SearchOpenThenBackReturnsToTheSubmittedQuery]' passed (19.712 seconds).
Test Case '-[GodstoneArchiveUITests.GodstoneArchiveUITests testGSFINAL006TheWholeRestorationJourneyInOneSequence]' started.
    t =     0.00s Start Test at 2026-10-05 07:04:06.060
    t =     0.02s Set Up
    t =     0.06s Open io.godstone.app
    t =     0.06s     Launch io.godstone.app
    t =     0.06s         Terminate io.godstone.app:14457
2026-10-05 07:04:07.207 xcodebuild[13961:52706896] [MT] IDELaunchParametersSnapshot: debugger version lookup failed for path '<nil>': noURL
2026-10-05 07:04:07.207 xcodebuild[13961:52706896] [MT] IDELaunchParametersSnapshot: no debugger version
    t =     1.36s         Setting up automation session
    t =     2.04s         Wait for io.godstone.app to idle
    t =     3.45s Checking existence of `SearchField (First Match)`
    t =     3.50s Waiting 20.0s for SearchField (First Match) to exist
    t =     4.55s     Checking `Expect predicate `existsNoRetry == 1` for object SearchField (First Match)`
    t =     4.55s         Checking existence of `SearchField (First Match)`
    t =     4.58s Tap SearchField (First Match)
    t =     4.58s     Wait for io.godstone.app to idle
    t =     4.58s     Find the SearchField (First Match)
    t =     4.61s     Check for interrupting elements affecting "Search every document" SearchField
    t =     4.63s     Synthesize event
    t =     4.92s     Wait for io.godstone.app to idle
    t =     5.78s Waiting 10.0s for Keyboard (First Match) to exist
    t =     6.85s     Checking `Expect predicate `existsNoRetry == 1` for object Keyboard (First Match)`
    t =     6.85s         Checking existence of `Keyboard (First Match)`
    t =     6.89s Type 'bleeding
' into "Search every document" SearchField
    t =     6.90s     Wait for io.godstone.app to idle
    t =     6.90s     Find the "Search every document" SearchField
    t =     7.03s     Check for interrupting elements affecting "Search every document" SearchField
    t =     7.06s     Synthesize event
    t =     7.41s     Wait for io.godstone.app to idle
    t =     8.03s Waiting 20.0s for "archive.search.results" StaticText to exist
    t =     9.09s     Checking `Expect predicate `existsNoRetry == 1` for object "archive.search.results" StaticText`
    t =     9.09s         Checking existence of `"archive.search.results" StaticText`
    t =     9.14s Waiting 20.0s for Button (First Match) to exist
    t =    10.20s     Checking `Expect predicate `existsNoRetry == 1` for object Button (First Match)`
    t =    10.20s         Checking existence of `Button (First Match)`
    t =    10.24s Get number of matches for: Elements matching predicate 'identifier BEGINSWITH "archive.search.hit."'
    t =    10.26s Find the Button (Element at index 1)
    t =    10.28s Get number of matches for: Descendants matching type Keyboard
    t =    11.36s Get number of matches for: Descendants matching type Keyboard
    t =    11.39s Tap "archive.search.hit.2" Button
    t =    11.39s     Wait for io.godstone.app to idle
    t =    11.40s     Find the "archive.search.hit.2" Button
    t =    11.42s     Check for interrupting elements affecting "archive.search.hit.2" Button
    t =    11.44s     Synthesize event
    t =    11.72s     Wait for io.godstone.app to idle
    t =    12.58s Waiting 20.0s for StaticText (First Match) to exist
    t =    13.64s     Checking `Expect predicate `existsNoRetry == 1` for object StaticText (First Match)`
    t =    13.64s         Checking existence of `StaticText (First Match)`
    t =    13.66s Get number of matches for: Elements matching predicate 'identifier BEGINSWITH "archive.passage."'
    t =    13.68s Get number of matches for: Elements matching predicate 'identifier BEGINSWITH "archive.passage."'
    t =    13.69s Find the StaticText (Element at index 9)
    t =    13.71s Checking existence of `"archive.passage.5" StaticText`
    t =    13.73s Find the "archive.passage.5" StaticText
    t =    13.75s Swipe up Target Application 'io.godstone.app'
    t =    13.75s     Wait for io.godstone.app to idle
    t =    13.75s     Find the Target Application 'io.godstone.app'
    t =    13.77s     Check for interrupting elements affecting "Godstone" Application
    t =    13.78s     Synthesize event
    t =    14.21s     Wait for io.godstone.app to idle
    t =    16.45s Checking existence of `"archive.passage.5" StaticText`
    t =    16.47s Find the "archive.passage.5" StaticText
    t =    16.50s Checking existence of `"archive.passage.5" StaticText`
    t =    16.52s Find the "archive.passage.5" StaticText
    t =    16.54s Checking existence of `"archive.passage.5" StaticText`
    t =    16.56s Find the "archive.passage.5" StaticText
    t =    16.58s Checking existence of `"archive.passage.5" StaticText`
    t =    16.60s Find the "archive.passage.5" StaticText
    t =    16.62s Checking existence of `"archive.passage.5" StaticText`
    t =    16.64s Find the "archive.passage.5" StaticText
    t =    16.66s Checking existence of `"archive.passage.5" StaticText`
    t =    16.68s Find the "archive.passage.5" StaticText
    t =    16.70s Checking existence of `"archive.passage.5" StaticText`
    t =    16.72s Find the "archive.passage.5" StaticText
    t =    16.74s Checking existence of `"archive.passage.5" StaticText`
    t =    16.76s Find the "archive.passage.5" StaticText
    t =    16.78s Checking existence of `"archive.passage.5" StaticText`
    t =    16.80s Find the "archive.passage.5" StaticText
    t =    16.82s Checking existence of `"archive.passage.5" StaticText`
    t =    16.84s Find the "archive.passage.5" StaticText
    t =    16.86s Checking existence of `"archive.passage.5" StaticText`
    t =    16.88s Find the "archive.passage.5" StaticText
    t =    16.90s Checking existence of `"archive.passage.5" StaticText`
    t =    16.91s Find the "archive.passage.5" StaticText
    t =    16.94s Pressing Home button
    t =    20.41s Terminate io.godstone.app:14552
    t =    22.53s Open io.godstone.app
    t =    22.53s     Launch io.godstone.app
2026-10-05 07:04:28.589 xcodebuild[13961:52706896] [MT] IDELaunchParametersSnapshot: debugger version lookup failed for path '<nil>': noURL
2026-10-05 07:04:28.589 xcodebuild[13961:52706896] [MT] IDELaunchParametersSnapshot: no debugger version
    t =    22.74s         Setting up automation session
    t =    23.42s         Wait for io.godstone.app to idle
    t =    24.86s Checking existence of `SearchField (First Match)`
    t =    24.91s Checking existence of `"Archive unavailable" StaticText`
    t =    25.15s Checking existence of `SearchField (First Match)`
    t =    25.18s Checking existence of `"Archive unavailable" StaticText`
    t =    25.41s Checking existence of `SearchField (First Match)`
    t =    25.43s Checking existence of `"Archive unavailable" StaticText`
    t =    25.66s Checking existence of `SearchField (First Match)`
    t =    25.68s Checking existence of `"Archive unavailable" StaticText`
    t =    25.90s Checking existence of `SearchField (First Match)`
    t =    25.93s Checking existence of `"Archive unavailable" StaticText`
    t =    26.16s Checking existence of `SearchField (First Match)`
    t =    26.19s Checking existence of `"Archive unavailable" StaticText`
    t =    26.41s Checking existence of `SearchField (First Match)`
    t =    26.45s Checking existence of `"Archive unavailable" StaticText`
    t =    26.67s Checking existence of `SearchField (First Match)`
    t =    26.72s Checking existence of `"Archive unavailable" StaticText`
    t =    26.94s Checking existence of `SearchField (First Match)`
    t =    26.98s Checking existence of `"Archive unavailable" StaticText`
    t =    27.19s Checking existence of `SearchField (First Match)`
    t =    27.23s Checking existence of `"Archive unavailable" StaticText`
    t =    27.45s Checking existence of `SearchField (First Match)`
    t =    27.48s Checking existence of `"Archive unavailable" StaticText`
    t =    27.70s Checking existence of `SearchField (First Match)`
    t =    27.73s Checking existence of `"Archive unavailable" StaticText`
    t =    27.95s Checking existence of `SearchField (First Match)`
    t =    27.99s Checking existence of `"Archive unavailable" StaticText`
    t =    28.21s Checking existence of `SearchField (First Match)`
    t =    28.24s Checking existence of `"Archive unavailable" StaticText`
    t =    28.46s Checking existence of `SearchField (First Match)`
    t =    28.50s Checking existence of `"Archive unavailable" StaticText`
    t =    28.71s Checking existence of `SearchField (First Match)`
    t =    28.75s Checking existence of `"Archive unavailable" StaticText`
    t =    28.96s Checking existence of `SearchField (First Match)`
    t =    29.00s Checking existence of `"Archive unavailable" StaticText`
    t =    29.22s Checking existence of `SearchField (First Match)`
    t =    29.27s Checking existence of `"Archive unavailable" StaticText`
    t =    29.49s Checking existence of `SearchField (First Match)`
    t =    29.52s Checking existence of `"Archive unavailable" StaticText`
    t =    29.74s Checking existence of `SearchField (First Match)`
    t =    29.78s Checking existence of `"Archive unavailable" StaticText`
    t =    30.00s Checking existence of `SearchField (First Match)`
    t =    30.04s Checking existence of `"Archive unavailable" StaticText`
    t =    30.26s Checking existence of `SearchField (First Match)`
    t =    30.30s Checking existence of `"Archive unavailable" StaticText`
    t =    30.52s Checking existence of `SearchField (First Match)`
    t =    30.55s Checking existence of `"Archive unavailable" StaticText`
    t =    30.77s Checking existence of `SearchField (First Match)`
    t =    30.81s Checking existence of `"Archive unavailable" StaticText`
    t =    31.03s Checking existence of `SearchField (First Match)`
    t =    31.06s Checking existence of `"Archive unavailable" StaticText`
    t =    31.28s Checking existence of `SearchField (First Match)`
    t =    31.31s Checking existence of `"Archive unavailable" StaticText`
    t =    31.54s Checking existence of `SearchField (First Match)`
    t =    31.57s Checking existence of `"Archive unavailable" StaticText`
    t =    31.80s Checking existence of `SearchField (First Match)`
    t =    31.83s Checking existence of `"Archive unavailable" StaticText`
    t =    32.06s Checking existence of `SearchField (First Match)`
    t =    32.09s Checking existence of `"Archive unavailable" StaticText`
    t =    32.32s Checking existence of `SearchField (First Match)`
    t =    32.35s Checking existence of `"Archive unavailable" StaticText`
    t =    32.57s Checking existence of `SearchField (First Match)`
    t =    32.61s Checking existence of `"Archive unavailable" StaticText`
    t =    32.83s Checking existence of `SearchField (First Match)`
    t =    32.86s Checking existence of `"Archive unavailable" StaticText`
    t =    33.08s Checking existence of `SearchField (First Match)`
    t =    33.12s Checking existence of `"Archive unavailable" StaticText`
    t =    33.34s Checking existence of `SearchField (First Match)`
    t =    33.38s Checking existence of `"Archive unavailable" StaticText`
    t =    33.60s Checking existence of `SearchField (First Match)`
    t =    33.64s Checking existence of `"Archive unavailable" StaticText`
    t =    33.87s Checking existence of `SearchField (First Match)`
    t =    33.89s Checking existence of `"Archive unavailable" StaticText`
    t =    34.11s Checking existence of `SearchField (First Match)`
    t =    34.14s Checking existence of `"Archive unavailable" StaticText`
    t =    34.36s Checking existence of `SearchField (First Match)`
    t =    34.40s Checking existence of `"Archive unavailable" StaticText`
    t =    34.62s Checking existence of `SearchField (First Match)`
    t =    34.65s Checking existence of `"Archive unavailable" StaticText`
    t =    34.88s Checking existence of `SearchField (First Match)`
    t =    34.91s Checking existence of `"Archive unavailable" StaticText`
    t =    35.14s Checking existence of `SearchField (First Match)`
    t =    35.17s Checking existence of `"Archive unavailable" StaticText`
    t =    35.39s Checking existence of `SearchField (First Match)`
    t =    35.43s Checking existence of `"Archive unavailable" StaticText`
    t =    35.65s Checking existence of `SearchField (First Match)`
    t =    35.68s Checking existence of `"Archive unavailable" StaticText`
    t =    35.91s Checking existence of `SearchField (First Match)`
    t =    35.94s Checking existence of `"Archive unavailable" StaticText`
    t =    36.16s Checking existence of `SearchField (First Match)`
    t =    36.20s Checking existence of `"Archive unavailable" StaticText`
    t =    36.43s Checking existence of `SearchField (First Match)`
    t =    36.46s Checking existence of `"Archive unavailable" StaticText`
    t =    36.69s Checking existence of `SearchField (First Match)`
    t =    36.73s Checking existence of `"Archive unavailable" StaticText`
    t =    36.95s Checking existence of `SearchField (First Match)`
    t =    36.98s Checking existence of `"Archive unavailable" StaticText`
    t =    37.21s Checking existence of `SearchField (First Match)`
    t =    37.25s Checking existence of `"Archive unavailable" StaticText`
    t =    37.48s Checking existence of `SearchField (First Match)`
    t =    37.51s Checking existence of `"Archive unavailable" StaticText`
    t =    37.74s Checking existence of `SearchField (First Match)`
    t =    37.77s Checking existence of `"Archive unavailable" StaticText`
    t =    38.00s Checking existence of `SearchField (First Match)`
    t =    38.03s Checking existence of `"Archive unavailable" StaticText`
    t =    38.25s Checking existence of `SearchField (First Match)`
    t =    38.30s Checking existence of `"Archive unavailable" StaticText`
    t =    38.53s Checking existence of `SearchField (First Match)`
    t =    38.56s Checking existence of `"Archive unavailable" StaticText`
    t =    38.79s Checking existence of `SearchField (First Match)`
    t =    38.82s Checking existence of `"Archive unavailable" StaticText`
    t =    39.04s Checking existence of `SearchField (First Match)`
    t =    39.08s Checking existence of `"Archive unavailable" StaticText`
    t =    39.30s Checking existence of `SearchField (First Match)`
    t =    39.33s Checking existence of `"Archive unavailable" StaticText`
    t =    39.56s Checking existence of `SearchField (First Match)`
    t =    39.59s Checking existence of `"Archive unavailable" StaticText`
    t =    39.81s Checking existence of `SearchField (First Match)`
    t =    39.85s Checking existence of `"Archive unavailable" StaticText`
    t =    40.07s Checking existence of `SearchField (First Match)`
    t =    40.11s Checking existence of `"Archive unavailable" StaticText`
    t =    40.33s Checking existence of `SearchField (First Match)`
    t =    40.36s Checking existence of `"Archive unavailable" StaticText`
    t =    40.58s Checking existence of `SearchField (First Match)`
    t =    40.61s Checking existence of `"Archive unavailable" StaticText`
    t =    40.83s Checking existence of `SearchField (First Match)`
    t =    40.87s Checking existence of `"Archive unavailable" StaticText`
    t =    41.09s Checking existence of `SearchField (First Match)`
    t =    41.16s Checking existence of `"Archive unavailable" StaticText`
    t =    41.39s Checking existence of `SearchField (First Match)`
    t =    41.42s Checking existence of `"Archive unavailable" StaticText`
    t =    41.65s Checking existence of `SearchField (First Match)`
    t =    41.68s Checking existence of `"Archive unavailable" StaticText`
    t =    41.90s Checking existence of `SearchField (First Match)`
    t =    41.94s Checking existence of `"Archive unavailable" StaticText`
    t =    42.17s Checking existence of `SearchField (First Match)`
    t =    42.20s Checking existence of `"Archive unavailable" StaticText`
    t =    42.42s Checking existence of `SearchField (First Match)`
    t =    42.45s Checking existence of `"Archive unavailable" StaticText`
    t =    42.67s Checking existence of `SearchField (First Match)`
    t =    42.71s Checking existence of `"Archive unavailable" StaticText`
    t =    42.93s Checking existence of `SearchField (First Match)`
    t =    42.96s Checking existence of `"Archive unavailable" StaticText`
    t =    43.19s Checking existence of `SearchField (First Match)`
    t =    43.22s Checking existence of `"Archive unavailable" StaticText`
    t =    43.45s Checking existence of `SearchField (First Match)`
    t =    43.48s Checking existence of `"Archive unavailable" StaticText`
    t =    43.70s Checking existence of `SearchField (First Match)`
    t =    43.74s Checking existence of `"Archive unavailable" StaticText`
    t =    43.96s Checking existence of `SearchField (First Match)`
    t =    44.04s Checking existence of `"Archive unavailable" StaticText`
    t =    44.26s Checking existence of `SearchField (First Match)`
    t =    44.29s Checking existence of `"Archive unavailable" StaticText`
    t =    44.51s Checking existence of `SearchField (First Match)`
    t =    44.55s Checking existence of `"Archive unavailable" StaticText`
    t =    44.77s Checking existence of `SearchField (First Match)`
    t =    44.83s Checking existence of `"Archive unavailable" StaticText`
    t =    45.06s Checking existence of `SearchField (First Match)`
    t =    45.10s Checking existence of `"Archive unavailable" StaticText`
    t =    45.32s Checking existence of `SearchField (First Match)`
    t =    45.35s Checking existence of `"Archive unavailable" StaticText`
    t =    45.58s Checking existence of `SearchField (First Match)`
    t =    45.63s Checking existence of `"Archive unavailable" StaticText`
    t =    45.85s Checking existence of `SearchField (First Match)`
    t =    45.88s Checking existence of `"Archive unavailable" StaticText`
    t =    46.11s Checking existence of `SearchField (First Match)`
    t =    46.15s Checking existence of `"Archive unavailable" StaticText`
    t =    46.37s Checking existence of `SearchField (First Match)`
    t =    46.40s Checking existence of `"Archive unavailable" StaticText`
    t =    46.63s Checking existence of `SearchField (First Match)`
    t =    46.66s Checking existence of `"Archive unavailable" StaticText`
    t =    46.88s Checking existence of `SearchField (First Match)`
    t =    46.91s Checking existence of `"Archive unavailable" StaticText`
    t =    47.13s Checking existence of `SearchField (First Match)`
    t =    47.16s Checking existence of `"Archive unavailable" StaticText`
    t =    47.38s Checking existence of `SearchField (First Match)`
    t =    47.41s Checking existence of `"Archive unavailable" StaticText`
    t =    47.64s Checking existence of `SearchField (First Match)`
    t =    47.67s Checking existence of `"Archive unavailable" StaticText`
    t =    47.89s Checking existence of `SearchField (First Match)`
    t =    47.92s Checking existence of `"Archive unavailable" StaticText`
    t =    48.15s Checking existence of `SearchField (First Match)`
    t =    48.18s Checking existence of `"Archive unavailable" StaticText`
    t =    48.40s Checking existence of `SearchField (First Match)`
    t =    48.44s Checking existence of `"Archive unavailable" StaticText`
    t =    48.65s Checking existence of `SearchField (First Match)`
    t =    48.69s Checking existence of `"Archive unavailable" StaticText`
    t =    48.91s Checking existence of `SearchField (First Match)`
    t =    48.94s Checking existence of `"Archive unavailable" StaticText`
    t =    49.17s Checking existence of `SearchField (First Match)`
    t =    49.21s Checking existence of `"Archive unavailable" StaticText`
    t =    49.44s Checking existence of `SearchField (First Match)`
    t =    49.47s Checking existence of `"Archive unavailable" StaticText`
    t =    49.69s Checking existence of `SearchField (First Match)`
    t =    49.73s Checking existence of `"Archive unavailable" StaticText`
    t =    49.95s Checking existence of `SearchField (First Match)`
    t =    49.99s Checking existence of `"Archive unavailable" StaticText`
    t =    50.21s Checking existence of `SearchField (First Match)`
    t =    50.25s Checking existence of `"Archive unavailable" StaticText`
    t =    50.47s Checking existence of `SearchField (First Match)`
    t =    50.51s Checking existence of `"Archive unavailable" StaticText`
    t =    50.73s Checking existence of `SearchField (First Match)`
    t =    50.81s Checking existence of `"Archive unavailable" StaticText`
    t =    51.03s Checking existence of `SearchField (First Match)`
    t =    51.07s Checking existence of `"Archive unavailable" StaticText`
    t =    51.29s Checking existence of `SearchField (First Match)`
    t =    51.33s Checking existence of `"Archive unavailable" StaticText`
    t =    51.55s Checking existence of `SearchField (First Match)`
    t =    51.60s Checking existence of `"Archive unavailable" StaticText`
    t =    51.83s Checking existence of `SearchField (First Match)`
    t =    51.86s Checking existence of `"Archive unavailable" StaticText`
    t =    52.08s Checking existence of `SearchField (First Match)`
    t =    52.12s Checking existence of `"Archive unavailable" StaticText`
    t =    52.33s Checking existence of `SearchField (First Match)`
    t =    52.37s Checking existence of `"Archive unavailable" StaticText`
    t =    52.59s Checking existence of `SearchField (First Match)`
    t =    52.63s Checking existence of `"Archive unavailable" StaticText`
    t =    52.85s Checking existence of `SearchField (First Match)`
    t =    52.88s Checking existence of `"Archive unavailable" StaticText`
    t =    53.11s Checking existence of `SearchField (First Match)`
    t =    53.14s Checking existence of `"Archive unavailable" StaticText`
    t =    53.37s Checking existence of `SearchField (First Match)`
    t =    53.40s Checking existence of `"Archive unavailable" StaticText`
    t =    53.62s Checking existence of `SearchField (First Match)`
    t =    53.66s Checking existence of `"Archive unavailable" StaticText`
    t =    53.88s Checking existence of `SearchField (First Match)`
    t =    53.93s Checking existence of `"Archive unavailable" StaticText`
    t =    54.16s Checking existence of `SearchField (First Match)`
    t =    54.23s Checking existence of `"Archive unavailable" StaticText`
    t =    54.45s Checking existence of `SearchField (First Match)`
    t =    54.47s Checking existence of `"Archive unavailable" StaticText`
    t =    54.69s Checking existence of `SearchField (First Match)`
    t =    54.73s Checking existence of `"Archive unavailable" StaticText`
    t =    54.95s Waiting 20.0s for StaticText (First Match) to exist
    t =    55.97s     Checking `Expect predicate `existsNoRetry == 1` for object StaticText (First Match)`
    t =    55.97s         Checking existence of `StaticText (First Match)`
    t =    55.99s Waiting 20.0s for "archive.passage.5" StaticText to exist
    t =    57.03s     Checking `Expect predicate `existsNoRetry == 1` for object "archive.passage.5" StaticText`
    t =    57.03s         Checking existence of `"archive.passage.5" StaticText`
    t =    57.06s Waiting 20.0s for "archive.back" Button to exist
    t =    58.10s     Checking `Expect predicate `existsNoRetry == 1` for object "archive.back" Button`
    t =    58.11s         Checking existence of `"archive.back" Button`
    t =    58.13s Get number of matches for: Descendants matching type Keyboard
    t =    59.17s Get number of matches for: Descendants matching type Keyboard
    t =    59.19s Tap "archive.back" Button
    t =    59.19s     Wait for io.godstone.app to idle
    t =    59.20s     Find the "archive.back" Button
    t =    59.21s     Check for interrupting elements affecting "archive.back" Button
    t =    59.22s     Synthesize event
    t =    59.52s     Wait for io.godstone.app to idle
    t =    60.33s Checking existence of `Any (First Match)`
    t =    60.37s Find the Any (First Match)
    t =    60.39s Checking existence of `StaticText (First Match)`
    t =    60.44s Waiting 20.0s for "archive.search.results" StaticText to exist
    t =    61.46s     Checking `Expect predicate `existsNoRetry == 1` for object "archive.search.results" StaticText`
    t =    61.46s         Checking existence of `"archive.search.results" StaticText`
    t =    61.50s Waiting 20.0s for "archive.search.hit.2" Button to exist
    t =    62.52s     Checking `Expect predicate `existsNoRetry == 1` for object "archive.search.hit.2" Button`
    t =    62.52s         Checking existence of `"archive.search.hit.2" Button`
    t =    62.56s Tear Down
Test Case '-[GodstoneArchiveUITests.GodstoneArchiveUITests testGSFINAL006TheWholeRestorationJourneyInOneSequence]' passed (62.940 seconds).
Test Case '-[GodstoneArchiveUITests.GodstoneArchiveUITests testGSINT001TheLightRosterSurvivesDefaultScaleLTR]' started.
    t =     0.00s Start Test at 2026-10-05 07:05:09.001
    t =     0.02s Set Up
    t =     0.06s Open io.godstone.app
    t =     0.06s     Launch io.godstone.app
    t =     0.06s         Terminate io.godstone.app:14627
2026-10-05 07:05:10.115 xcodebuild[13961:52706896] [MT] IDELaunchParametersSnapshot: debugger version lookup failed for path '<nil>': noURL
2026-10-05 07:05:10.115 xcodebuild[13961:52706896] [MT] IDELaunchParametersSnapshot: no debugger version
    t =     1.33s         Setting up automation session
    t =     2.04s         Wait for io.godstone.app to idle
    t =     3.47s Waiting 40.0s for SearchField (First Match) to exist
    t =     4.50s     Checking `Expect predicate `existsNoRetry == 1` for object SearchField (First Match)`
    t =     4.50s         Checking existence of `SearchField (First Match)`
    t =     4.56s Get number of matches for: Elements matching predicate 'identifier BEGINSWITH "archive.document."'
    t =     4.58s Get number of matches for: Elements matching predicate 'identifier BEGINSWITH "archive.document."'
    t =     4.60s Checking existence of `Any (Element at index 0)`
    t =     4.61s Find the Any (Element at index 0)
    t =     4.62s Find the "archive.document.1" Button
    t =     4.64s Checking existence of `Any (Element at index 1)`
    t =     4.65s Find the Any (Element at index 1)
    t =     4.67s Find the "archive.document.2" Button
    t =     4.68s Checking existence of `"lab.conversation.send" Any`
    t =     4.73s Checking existence of `"lab.sos.hold" Any`
    t =     4.78s Checking existence of `"lab.sos.cancel" Any`
    t =     4.83s Checking existence of `"lab.sos.retry" Any`
    t =     4.87s Checking existence of `"lab.conversation.recipient" Any`
    t =     4.92s Checking existence of `Any (Element at index 0)`
    t =     4.93s Tap Any (Element at index 0)
    t =     4.93s     Wait for io.godstone.app to idle
    t =     4.93s     Find the Any (Element at index 0)
    t =     4.95s     Check for interrupting elements affecting "archive.document.1" Button
    t =     4.96s     Synthesize event
    t =     5.25s     Wait for io.godstone.app to idle
    t =     6.14s Waiting 25.0s for "archive.back" Button to exist
    t =     7.18s     Checking `Expect predicate `existsNoRetry == 1` for object "archive.back" Button`
    t =     7.18s         Checking existence of `"archive.back" Button`
    t =     7.21s Find the "archive.back" Button
    t =     7.22s Find the "archive.back" Button
    t =     7.23s Checking existence of `"archive.back" Button`
    t =     7.25s Find the "archive.back" Button
    t =     7.26s Tap "archive.back" Button
    t =     7.26s     Wait for io.godstone.app to idle
    t =     7.26s     Find the "archive.back" Button
    t =     7.28s     Check for interrupting elements affecting "archive.back" Button
    t =     7.30s     Synthesize event
    t =     7.60s     Wait for io.godstone.app to idle
    t =     7.94s Waiting 25.0s for Any (First Match) to exist
    t =     8.98s     Checking `Expect predicate `existsNoRetry == 1` for object Any (First Match)`
    t =     8.98s         Checking existence of `Any (First Match)`
    t =     9.01s Tear Down
Test Case '-[GodstoneArchiveUITests.GodstoneArchiveUITests testGSINT001TheLightRosterSurvivesDefaultScaleLTR]' passed (9.262 seconds).
Test Case '-[GodstoneArchiveUITests.GodstoneArchiveUITests testGSINT001TheLightRosterSurvivesDefaultScaleRTL]' started.
    t =     0.00s Start Test at 2026-10-05 07:05:18.263
    t =     0.02s Set Up
    t =     0.06s Open io.godstone.app
    t =     0.06s     Launch io.godstone.app
    t =     0.06s         Terminate io.godstone.app:14802
2026-10-05 07:05:19.366 xcodebuild[13961:52706896] [MT] IDELaunchParametersSnapshot: debugger version lookup failed for path '<nil>': noURL
2026-10-05 07:05:19.367 xcodebuild[13961:52706896] [MT] IDELaunchParametersSnapshot: no debugger version
    t =     1.31s         Setting up automation session
    t =     1.95s         Wait for io.godstone.app to idle
    t =     3.35s Waiting 40.0s for SearchField (First Match) to exist
    t =     4.38s     Checking `Expect predicate `existsNoRetry == 1` for object SearchField (First Match)`
    t =     4.38s         Checking existence of `SearchField (First Match)`
    t =     4.44s Get number of matches for: Elements matching predicate 'identifier BEGINSWITH "archive.document."'
    t =     4.46s Get number of matches for: Elements matching predicate 'identifier BEGINSWITH "archive.document."'
    t =     4.47s Checking existence of `Any (Element at index 0)`
    t =     4.48s Find the Any (Element at index 0)
    t =     4.50s Find the "archive.document.1" Button
    t =     4.51s Checking existence of `Any (Element at index 1)`
    t =     4.53s Find the Any (Element at index 1)
    t =     4.54s Find the "archive.document.2" Button
    t =     4.56s Checking existence of `"lab.conversation.send" Any`
    t =     4.63s Checking existence of `"lab.sos.hold" Any`
    t =     4.72s Checking existence of `"lab.sos.cancel" Any`
    t =     4.77s Checking existence of `"lab.sos.retry" Any`
    t =     4.82s Checking existence of `"lab.conversation.recipient" Any`
    t =     4.87s Checking existence of `Any (Element at index 0)`
    t =     4.88s Tap Any (Element at index 0)
    t =     4.88s     Wait for io.godstone.app to idle
    t =     4.88s     Find the Any (Element at index 0)
    t =     4.90s     Check for interrupting elements affecting "archive.document.1" Button
    t =     4.92s     Synthesize event
    t =     5.21s     Wait for io.godstone.app to idle
    t =     6.11s Waiting 25.0s for "archive.back" Button to exist
    t =     7.13s     Checking `Expect predicate `existsNoRetry == 1` for object "archive.back" Button`
    t =     7.13s         Checking existence of `"archive.back" Button`
    t =     7.16s Find the "archive.back" Button
    t =     7.17s Find the "archive.back" Button
    t =     7.19s Checking existence of `"archive.back" Button`
    t =     7.20s Find the "archive.back" Button
    t =     7.21s Tap "archive.back" Button
    t =     7.21s     Wait for io.godstone.app to idle
    t =     7.22s     Find the "archive.back" Button
    t =     7.23s     Check for interrupting elements affecting "archive.back" Button
    t =     7.25s     Synthesize event
    t =     7.54s     Wait for io.godstone.app to idle
    t =     7.88s Waiting 25.0s for Any (First Match) to exist
    t =     8.91s     Checking `Expect predicate `existsNoRetry == 1` for object Any (First Match)`
    t =     8.91s         Checking existence of `Any (First Match)`
    t =     8.95s Tear Down
Test Case '-[GodstoneArchiveUITests.GodstoneArchiveUITests testGSINT001TheLightRosterSurvivesDefaultScaleRTL]' passed (9.196 seconds).
Test Case '-[GodstoneArchiveUITests.GodstoneArchiveUITests testGSINT001TheLightRosterSurvivesLargestScaleLTR]' started.
    t =     0.00s Start Test at 2026-10-05 07:05:27.459
    t =     0.02s Set Up
    t =     0.06s Open io.godstone.app
    t =     0.07s     Launch io.godstone.app
    t =     0.07s         Terminate io.godstone.app:14836
2026-10-05 07:05:28.548 xcodebuild[13961:52706896] [MT] IDELaunchParametersSnapshot: debugger version lookup failed for path '<nil>': noURL
2026-10-05 07:05:28.548 xcodebuild[13961:52706896] [MT] IDELaunchParametersSnapshot: no debugger version
    t =     1.30s         Setting up automation session
    t =     1.91s         Wait for io.godstone.app to idle
    t =     3.30s Waiting 40.0s for SearchField (First Match) to exist
    t =     4.36s     Checking `Expect predicate `existsNoRetry == 1` for object SearchField (First Match)`
    t =     4.36s         Checking existence of `SearchField (First Match)`
    t =     4.42s Get number of matches for: Elements matching predicate 'identifier BEGINSWITH "archive.document."'
    t =     4.43s Get number of matches for: Elements matching predicate 'identifier BEGINSWITH "archive.document."'
    t =     4.45s Checking existence of `Any (Element at index 0)`
    t =     4.46s Find the Any (Element at index 0)
    t =     4.48s Find the "archive.document.1" Button
    t =     4.49s Checking existence of `Any (Element at index 1)`
    t =     4.51s Find the Any (Element at index 1)
    t =     4.52s Find the "archive.document.2" Button
    t =     4.53s Checking existence of `"lab.conversation.send" Any`
    t =     4.58s Checking existence of `"lab.sos.hold" Any`
    t =     4.63s Checking existence of `"lab.sos.cancel" Any`
    t =     4.73s Checking existence of `"lab.sos.retry" Any`
    t =     4.79s Checking existence of `"lab.conversation.recipient" Any`
    t =     4.84s Tear Down
Test Case '-[GodstoneArchiveUITests.GodstoneArchiveUITests testGSINT001TheLightRosterSurvivesLargestScaleLTR]' passed (5.068 seconds).
Test Case '-[GodstoneArchiveUITests.GodstoneArchiveUITests testGSINT001TheLightRosterSurvivesLargestScaleRTL]' started.
    t =     0.00s Start Test at 2026-10-05 07:05:32.527
    t =     0.02s Set Up
    t =     0.06s Open io.godstone.app
    t =     0.06s     Launch io.godstone.app
    t =     0.06s         Terminate io.godstone.app:14870
2026-10-05 07:05:33.666 xcodebuild[13961:52706896] [MT] IDELaunchParametersSnapshot: debugger version lookup failed for path '<nil>': noURL
2026-10-05 07:05:33.666 xcodebuild[13961:52706896] [MT] IDELaunchParametersSnapshot: no debugger version
    t =     1.35s         Setting up automation session
    t =     2.04s         Wait for io.godstone.app to idle
    t =     3.45s Waiting 40.0s for SearchField (First Match) to exist
    t =     4.51s     Checking `Expect predicate `existsNoRetry == 1` for object SearchField (First Match)`
    t =     4.51s         Checking existence of `SearchField (First Match)`
    t =     4.57s Get number of matches for: Elements matching predicate 'identifier BEGINSWITH "archive.document."'
    t =     4.58s Get number of matches for: Elements matching predicate 'identifier BEGINSWITH "archive.document."'
    t =     4.59s Checking existence of `Any (Element at index 0)`
    t =     4.61s Find the Any (Element at index 0)
    t =     4.62s Find the "archive.document.1" Button
    t =     4.63s Checking existence of `Any (Element at index 1)`
    t =     4.65s Find the Any (Element at index 1)
    t =     4.66s Find the "archive.document.2" Button
    t =     4.67s Checking existence of `"lab.conversation.send" Any`
    t =     4.78s Checking existence of `"lab.sos.hold" Any`
    t =     4.83s Checking existence of `"lab.sos.cancel" Any`
    t =     4.88s Checking existence of `"lab.sos.retry" Any`
    t =     4.94s Checking existence of `"lab.conversation.recipient" Any`
    t =     4.99s Tear Down
Test Case '-[GodstoneArchiveUITests.GodstoneArchiveUITests testGSINT001TheLightRosterSurvivesLargestScaleRTL]' passed (5.212 seconds).
Test Suite 'GodstoneArchiveUITests' passed at 2026-10-05 07:05:37.739.
	 Executed 14 tests, with 0 failures (0 unexpected) in 230.884 (230.890) seconds
Test Suite 'GodstoneArchiveUITests.xctest' passed at 2026-10-05 07:05:37.739.
	 Executed 14 tests, with 0 failures (0 unexpected) in 230.884 (230.891) seconds
Test Suite 'All tests' passed at 2026-10-05 07:05:37.740.
	 Executed 14 tests, with 0 failures (0 unexpected) in 230.884 (230.892) seconds
2026-10-05 07:05:38.047 xcodebuild[13961:52706896] [MT] IDETestOperationsObserverDebug: 232.565 elapsed -- Testing started completed.
2026-10-05 07:05:38.047 xcodebuild[13961:52706896] [MT] IDETestOperationsObserverDebug: 0.000 sec, +0.000 sec -- start
2026-10-05 07:05:38.047 xcodebuild[13961:52706896] [MT] IDETestOperationsObserverDebug: 232.565 sec, +232.565 sec -- end

Test session results, code coverage, and logs:
	/Users/oculus/Library/Developer/Xcode/DerivedData/Godstone-dwsupgxygdsnqugzqfrqouqbblve/Logs/Test/Test-GodstoneArchiveUI-2026.10.05_07-01-44-+0530.xcresult

** TEST SUCCEEDED **

Testing started
