Test Suite 'Selected tests' started at 2026-10-05 05:11:55.024.
Test Suite 'LabMeshTests.xctest' started at 2026-10-05 05:11:55.032.
Test Suite 'LabMeshTests.xctest' passed at 2026-10-05 05:11:55.032.
	 Executed 0 tests, with 0 failures (0 unexpected) in 0.000 (0.000) seconds
Test Suite 'Selected tests' passed at 2026-10-05 05:11:55.032.
	 Executed 0 tests, with 0 failures (0 unexpected) in 0.000 (0.008) seconds
Test Suite 'Selected tests' started at 2026-10-05 05:11:55.102.
Test Suite 'GodstoneMeshTests.xctest' started at 2026-10-05 05:11:55.110.
Test Suite 'ReadinessT56Tests' started at 2026-10-05 05:11:55.110.
Test Case '-[GodstoneMeshTests.ReadinessT56Tests testW01UserVerifiedAppearethOnlyAfterTheDurableCas]' started.
Test Case '-[GodstoneMeshTests.ReadinessT56Tests testW01UserVerifiedAppearethOnlyAfterTheDurableCas]' passed (0.002 seconds).
Test Case '-[GodstoneMeshTests.ReadinessT56Tests testW02ARefusedCasNeverShowethUserVerified]' started.
Test Case '-[GodstoneMeshTests.ReadinessT56Tests testW02ARefusedCasNeverShowethUserVerified]' passed (0.001 seconds).
Test Case '-[GodstoneMeshTests.ReadinessT56Tests testW03TheDisplayedCandidateIsTheOneApproved]' started.
Test Case '-[GodstoneMeshTests.ReadinessT56Tests testW03TheDisplayedCandidateIsTheOneApproved]' passed (0.001 seconds).
Test Case '-[GodstoneMeshTests.ReadinessT56Tests testW04ALockedPrivateStoreClaimethNothing]' started.
Test Case '-[GodstoneMeshTests.ReadinessT56Tests testW04ALockedPrivateStoreClaimethNothing]' passed (0.000 seconds).
Test Case '-[GodstoneMeshTests.ReadinessT56Tests testW05ALockDuringVerificationPromotethNothing]' started.
Test Case '-[GodstoneMeshTests.ReadinessT56Tests testW05ALockDuringVerificationPromotethNothing]' passed (0.001 seconds).
Test Case '-[GodstoneMeshTests.ReadinessT56Tests testW06ASceneRecreationReprojectsTheSameState]' started.
Test Case '-[GodstoneMeshTests.ReadinessT56Tests testW06ASceneRecreationReprojectsTheSameState]' passed (0.001 seconds).
Test Case '-[GodstoneMeshTests.ReadinessT56Tests testW07VoiceLabelsDistinguishEveryTrustLevel]' started.
Test Case '-[GodstoneMeshTests.ReadinessT56Tests testW07VoiceLabelsDistinguishEveryTrustLevel]' passed (0.000 seconds).
Test Case '-[GodstoneMeshTests.ReadinessT56Tests testW08AFailedWipeSurvivethARelaunch]' started.
Test Case '-[GodstoneMeshTests.ReadinessT56Tests testW08AFailedWipeSurvivethARelaunch]' passed (0.000 seconds).
Test Case '-[GodstoneMeshTests.ReadinessT56Tests testW09AStaleConfirmationPromotethNothing]' started.
Test Case '-[GodstoneMeshTests.ReadinessT56Tests testW09AStaleConfirmationPromotethNothing]' passed (0.001 seconds).
Test Case '-[GodstoneMeshTests.ReadinessT56Tests testW10RotationAndRevocationInvalidateSessions]' started.
Test Case '-[GodstoneMeshTests.ReadinessT56Tests testW10RotationAndRevocationInvalidateSessions]' passed (0.002 seconds).
Test Case '-[GodstoneMeshTests.ReadinessT56Tests testW11NoBiometricSuccessSubstitutesForPeerAuthentication]' started.
Test Case '-[GodstoneMeshTests.ReadinessT56Tests testW11NoBiometricSuccessSubstitutesForPeerAuthentication]' passed (0.006 seconds).
Test Case '-[GodstoneMeshTests.ReadinessT56Tests testW12TheBindingPayloadIsBounded]' started.
Test Case '-[GodstoneMeshTests.ReadinessT56Tests testW12TheBindingPayloadIsBounded]' passed (0.002 seconds).
Test Case '-[GodstoneMeshTests.ReadinessT56Tests testW13TheIslesShareTheirFixturesAndTheCasContract]' started.
Test Case '-[GodstoneMeshTests.ReadinessT56Tests testW13TheIslesShareTheirFixturesAndTheCasContract]' passed (0.006 seconds).
Test Case '-[GodstoneMeshTests.ReadinessT56Tests testW14AWipeMayReportCompleteOnlyFromTheDurableOutcome]' started.
Test Case '-[GodstoneMeshTests.ReadinessT56Tests testW14AWipeMayReportCompleteOnlyFromTheDurableOutcome]' passed (0.002 seconds).
Test Case '-[GodstoneMeshTests.ReadinessT56Tests testW15TheWipeResumeAndTheMessageRetryAreDifferentLaws]' started.
Test Case '-[GodstoneMeshTests.ReadinessT56Tests testW15TheWipeResumeAndTheMessageRetryAreDifferentLaws]' passed (0.000 seconds).
Test Suite 'ReadinessT56Tests' passed at 2026-10-05 05:11:55.138.
	 Executed 15 tests, with 0 failures (0 unexpected) in 0.026 (0.028) seconds
Test Suite 'GodstoneMeshTests.xctest' passed at 2026-10-05 05:11:55.138.
	 Executed 15 tests, with 0 failures (0 unexpected) in 0.026 (0.028) seconds
Test Suite 'Selected tests' passed at 2026-10-05 05:11:55.138.
	 Executed 15 tests, with 0 failures (0 unexpected) in 0.026 (0.037) seconds
Test Suite 'Selected tests' started at 2026-10-05 05:11:55.236.
Test Suite 'GodstoneCoreTests.xctest' started at 2026-10-05 05:11:55.244.
Test Suite 'GodstoneCoreTests.xctest' passed at 2026-10-05 05:11:55.244.
	 Executed 0 tests, with 0 failures (0 unexpected) in 0.000 (0.000) seconds
Test Suite 'Selected tests' passed at 2026-10-05 05:11:55.244.
	 Executed 0 tests, with 0 failures (0 unexpected) in 0.000 (0.007) seconds
Building for debugging...
[Using on-disk description]
[1 / 5]
[2 / 6] GodstoneCore
/private/tmp/board1-rc15-preparatory-46903cd0-xke1sctz/rod-worktrees/wt_T56-RC7-a-failed-wipe-is-not-resumable/ios/Packages/GodstoneFoundation/Sources/GodstoneCore/ReleaseIntake.swift:58:16: warning: stored property 'values' of 'Sendable'-conforming struct 'BundleMetadata' contains non-Sendable type 'Any'; this is an error in the Swift 6 language mode
 56 | 
 57 | public struct BundleMetadata: Sendable {
 58 |     public let values: [String: Any]
    |                `- warning: stored property 'values' of 'Sendable'-conforming struct 'BundleMetadata' contains non-Sendable type 'Any'; this is an error in the Swift 6 language mode
 59 | 
 60 |     public init(values: [String: Any]) { self.values = values }
[3 / 7] GodstoneCore
[16 / 20] GodstoneCore
/private/tmp/board1-rc15-preparatory-46903cd0-xke1sctz/rod-worktrees/wt_T56-RC7-a-failed-wipe-is-not-resumable/ios/Packages/GodstoneFoundation/Sources/GodstoneCore/ReleaseIntake.swift:58:16: warning: stored property 'values' of 'Sendable'-conforming struct 'BundleMetadata' contains non-Sendable type 'Any'; this is an error in the Swift 6 language mode
 56 | 
 57 | public struct BundleMetadata: Sendable {
 58 |     public let values: [String: Any]
    |                `- warning: stored property 'values' of 'Sendable'-conforming struct 'BundleMetadata' contains non-Sendable type 'Any'; this is an error in the Swift 6 language mode
 59 | 
 60 |     public init(values: [String: Any]) { self.values = values }
/private/tmp/board1-rc15-preparatory-46903cd0-xke1sctz/rod-worktrees/wt_T56-RC7-a-failed-wipe-is-not-resumable/ios/Packages/GodstoneFoundation/Sources/GodstoneCore/ArchiveRepository.swift:217:23: warning: result of call to 'withCString' is unused [#NoUsage]
215 |             let bound = Int64(ArchiveSearchQuery.bound(limit))
216 |             return try run(sql, binds: { stmt in
217 |                 match.withCString { sqlite3_bind_text(stmt, 1, $0, -1, sqliteTransient) }
    |                       `- warning: result of call to 'withCString' is unused [#NoUsage]
218 |                 sqlite3_bind_int64(stmt, 2, bound)
219 |             }) { stmt in

/private/tmp/board1-rc15-preparatory-46903cd0-xke1sctz/rod-worktrees/wt_T56-RC7-a-failed-wipe-is-not-resumable/ios/Packages/GodstoneFoundation/Sources/GodstoneCore/ArchiveRepository.swift:234:62: warning: left side of nil coalescing operator '??' has non-optional type 'String', so the right side is never used
232 |     public func versionString() throws -> String {
233 |         try run("SELECT sqlite_version()") { stmt in columnString(stmt, 0) }
234 |             .first ?? (String(cString: sqlite3_libversion()) ?? "unknown")
    |                                                              `- warning: left side of nil coalescing operator '??' has non-optional type 'String', so the right side is never used
235 |     }
236 | 

/private/tmp/board1-rc15-preparatory-46903cd0-xke1sctz/rod-worktrees/wt_T56-RC7-a-failed-wipe-is-not-resumable/ios/Packages/GodstoneFoundation/Sources/GodstoneCore/ArchiveRepository.swift:428:68: warning: left side of nil coalescing operator '??' has non-optional type 'String', so the right side is never used
426 |         let flags = SQLITE_OPEN_READONLY | SQLITE_OPEN_FULLMUTEX
427 |         guard sqlite3_open_v2(path, &db, flags, nil) == SQLITE_OK else {
428 |             let why = db.map { String(cString: sqlite3_errmsg($0)) ?? "?" } ?? "open refused"
    |                                                                    `- warning: left side of nil coalescing operator '??' has non-optional type 'String', so the right side is never used
429 |             return refuse(db, .corrupt("the file at \(path) could not be opened read-only: \(why)"))
430 |         }

/private/tmp/board1-rc15-preparatory-46903cd0-xke1sctz/rod-worktrees/wt_T56-RC7-a-failed-wipe-is-not-resumable/ios/Packages/GodstoneFoundation/Sources/GodstoneCore/ArchiveRepository.swift:439:67: warning: left side of nil coalescing operator '??' has non-optional type 'String', so the right side is never used
437 |             let rc = sqlite3_exec(handle, pragma, nil, nil, nil)
438 |             if rc != SQLITE_OK {
439 |                 let why = String(cString: sqlite3_errmsg(handle)) ?? "rc \(rc)"
    |                                                                   `- warning: left side of nil coalescing operator '??' has non-optional type 'String', so the right side is never used
440 |                 return refuse(handle, .readFailure("the seal \(pragma) would not seat: \(why)"))
441 |             }

/private/tmp/board1-rc15-preparatory-46903cd0-xke1sctz/rod-worktrees/wt_T56-RC7-a-failed-wipe-is-not-resumable/ios/Packages/GodstoneFoundation/Sources/GodstoneCore/ArchiveRepository.swift:483:59: warning: left side of nil coalescing operator '??' has non-optional type 'String', so the right side is never used
481 |             return refuse(handle, .incompatible(ArchiveError.ftsUnavailable(fault).localizedDescription))
482 |         }
483 |         let stock = String(cString: sqlite3_libversion()) ?? "unknown"
    |                                                           `- warning: left side of nil coalescing operator '??' has non-optional type 'String', so the right side is never used
484 |         return (handle, .ready(origin: "file \(path) | sqlite \(stock) | read-only"))
485 |     }

/private/tmp/board1-rc15-preparatory-46903cd0-xke1sctz/rod-worktrees/wt_T56-RC7-a-failed-wipe-is-not-resumable/ios/Packages/GodstoneFoundation/Sources/GodstoneCore/ArchiveRepository.swift:497:28: warning: result of call to 'withCString' is unused [#NoUsage]
495 |             sqlite3_finalize(stmt); return nil
496 |         }
497 |         if let bind { bind.withCString { sqlite3_bind_text(stmt, 1, $0, -1, sqliteTransient) } }
    |                            `- warning: result of call to 'withCString' is unused [#NoUsage]
498 |         var out: String?
499 |         if sqlite3_step(stmt) == SQLITE_ROW, let value = sqlite3_column_text(stmt, 0) {

/private/tmp/board1-rc15-preparatory-46903cd0-xke1sctz/rod-worktrees/wt_T56-RC7-a-failed-wipe-is-not-resumable/ios/Packages/GodstoneFoundation/Sources/GodstoneCore/ArchiveRepository.swift:525:64: warning: left side of nil coalescing operator '??' has non-optional type 'String', so the right side is never used
523 |         for verse in verses {
524 |             if sqlite3_exec(mem, verse, nil, nil, nil) != SQLITE_OK {
525 |                 let why = String(cString: sqlite3_errmsg(mem)) ?? "?"
    |                                                                `- warning: left side of nil coalescing operator '??' has non-optional type 'String', so the right side is never used
526 |                 return "\(ellipsis(verse)) cried: \(why)"
527 |             }

/private/tmp/board1-rc15-preparatory-46903cd0-xke1sctz/rod-worktrees/wt_T56-RC7-a-failed-wipe-is-not-resumable/ios/Packages/GodstoneFoundation/Sources/GodstoneCore/ArchiveRepository.swift:532:60: warning: left side of nil coalescing operator '??' has non-optional type 'String', so the right side is never used
530 |         guard sqlite3_prepare_v2(mem, "SELECT rowid FROM t48_canary WHERE t48_canary MATCH 'generate'",
531 |                                  -1, &stmt, nil) == SQLITE_OK else {
532 |             let why = String(cString: sqlite3_errmsg(mem)) ?? "?"
    |                                                            `- warning: left side of nil coalescing operator '??' has non-optional type 'String', so the right side is never used
533 |             sqlite3_finalize(stmt)
534 |             return "the stem match would not prepare: \(why)"

/private/tmp/board1-rc15-preparatory-46903cd0-xke1sctz/rod-worktrees/wt_T56-RC7-a-failed-wipe-is-not-resumable/ios/Packages/GodstoneFoundation/Sources/GodstoneCore/ArchiveRepository.swift:547:55: warning: left side of nil coalescing operator '??' has non-optional type 'String', so the right side is never used
545 |         guard let db else { return "no handle" }
546 |         let code = sqlite3_errcode(db)
547 |         let msg = String(cString: sqlite3_errmsg(db)) ?? "?"
    |                                                       `- warning: left side of nil coalescing operator '??' has non-optional type 'String', so the right side is never used
548 |         return "errno \(code) errmsg \(msg)"
549 |     }

[#NoUsage]: <https://docs.swift.org/compiler/documentation/diagnostics/no-usage>
[18 / 22] GodstoneCoreTests-product
[28 / 32] GodstoneCoreTests-product
/private/tmp/board1-rc15-preparatory-46903cd0-xke1sctz/rod-worktrees/wt_T56-RC7-a-failed-wipe-is-not-resumable/ios/Packages/GodstoneFoundation/Tests/GodstoneCoreTests/GsFinal007SearchReturnTests.swift:47:18: warning: instance method 'lock' is unavailable from asynchronous contexts; Use async-safe scoped locking instead; this is an error in the Swift 6 language mode
 45 |         switch request {
 46 |         case .browse:
 47 |             lock.lock(); browseCalls += 1; lock.unlock()
    |                  `- warning: instance method 'lock' is unavailable from asynchronous contexts; Use async-safe scoped locking instead; this is an error in the Swift 6 language mode
 48 |             return .documents(browseRows ?? [document])
 49 |         case .search(let phrase):

/Applications/Xcode.app/Contents/Developer/Platforms/MacOSX.platform/Developer/SDKs/MacOSX27.0.sdk/System/Library/Frameworks/Foundation.framework/Headers/NSLock.h:15:1: note: 'lock()' declared here
 13 | 
 14 | /// Attempts to acquire a lock, blocking a thread's execution until the lock can be acquired.
 15 | - (void)lock NS_SWIFT_UNAVAILABLE_FROM_ASYNC("Use async-safe scoped locking instead");
    | `- note: 'lock()' declared here
 16 | 
 17 | /// Relinquishes a previously acquired lock.

/private/tmp/board1-rc15-preparatory-46903cd0-xke1sctz/rod-worktrees/wt_T56-RC7-a-failed-wipe-is-not-resumable/ios/Packages/GodstoneFoundation/Tests/GodstoneCoreTests/GsFinal007SearchReturnTests.swift:47:49: warning: instance method 'unlock' is unavailable from asynchronous contexts; Use async-safe scoped locking instead; this is an error in the Swift 6 language mode
 45 |         switch request {
 46 |         case .browse:
 47 |             lock.lock(); browseCalls += 1; lock.unlock()
    |                                                 `- warning: instance method 'unlock' is unavailable from asynchronous contexts; Use async-safe scoped locking instead; this is an error in the Swift 6 language mode
 48 |             return .documents(browseRows ?? [document])
 49 |         case .search(let phrase):

/Applications/Xcode.app/Contents/Developer/Platforms/MacOSX.platform/Developer/SDKs/MacOSX27.0.sdk/System/Library/Frameworks/Foundation.framework/Headers/NSLock.h:18:1: note: 'unlock()' declared here
 16 | 
 17 | /// Relinquishes a previously acquired lock.
 18 | - (void)unlock NS_SWIFT_UNAVAILABLE_FROM_ASYNC("Use async-safe scoped locking instead");
    | `- note: 'unlock()' declared here
 19 | 
 20 | @end

/private/tmp/board1-rc15-preparatory-46903cd0-xke1sctz/rod-worktrees/wt_T56-RC7-a-failed-wipe-is-not-resumable/ios/Packages/GodstoneFoundation/Tests/GodstoneCoreTests/GsFinal007SearchReturnTests.swift:50:18: warning: instance method 'lock' is unavailable from asynchronous contexts; Use async-safe scoped locking instead; this is an error in the Swift 6 language mode
 48 |             return .documents(browseRows ?? [document])
 49 |         case .search(let phrase):
 50 |             lock.lock()
    |                  `- warning: instance method 'lock' is unavailable from asynchronous contexts; Use async-safe scoped locking instead; this is an error in the Swift 6 language mode
 51 |             searched.append(phrase)
 52 |             let answer = searchAnswers.isEmpty ? hitsForSearch : searchAnswers.removeFirst()

/Applications/Xcode.app/Contents/Developer/Platforms/MacOSX.platform/Developer/SDKs/MacOSX27.0.sdk/System/Library/Frameworks/Foundation.framework/Headers/NSLock.h:15:1: note: 'lock()' declared here
 13 | 
 14 | /// Attempts to acquire a lock, blocking a thread's execution until the lock can be acquired.
 15 | - (void)lock NS_SWIFT_UNAVAILABLE_FROM_ASYNC("Use async-safe scoped locking instead");
    | `- note: 'lock()' declared here
 16 | 
 17 | /// Relinquishes a previously acquired lock.

/private/tmp/board1-rc15-preparatory-46903cd0-xke1sctz/rod-worktrees/wt_T56-RC7-a-failed-wipe-is-not-resumable/ios/Packages/GodstoneFoundation/Tests/GodstoneCoreTests/GsFinal007SearchReturnTests.swift:53:18: warning: instance method 'unlock' is unavailable from asynchronous contexts; Use async-safe scoped locking instead; this is an error in the Swift 6 language mode
 51 |             searched.append(phrase)
 52 |             let answer = searchAnswers.isEmpty ? hitsForSearch : searchAnswers.removeFirst()
 53 |             lock.unlock()
    |                  `- warning: instance method 'unlock' is unavailable from asynchronous contexts; Use async-safe scoped locking instead; this is an error in the Swift 6 language mode
 54 |             return .passages(answer)
 55 |         case .document:

/Applications/Xcode.app/Contents/Developer/Platforms/MacOSX.platform/Developer/SDKs/MacOSX27.0.sdk/System/Library/Frameworks/Foundation.framework/Headers/NSLock.h:18:1: note: 'unlock()' declared here
 16 | 
 17 | /// Relinquishes a previously acquired lock.
 18 | - (void)unlock NS_SWIFT_UNAVAILABLE_FROM_ASYNC("Use async-safe scoped locking instead");
    | `- note: 'unlock()' declared here
 19 | 
 20 | @end
/private/tmp/board1-rc15-preparatory-46903cd0-xke1sctz/rod-worktrees/wt_T56-RC7-a-failed-wipe-is-not-resumable/ios/Packages/GodstoneFoundation/Tests/GodstoneCoreTests/OracleSupersessionAndBudgetTests.swift:178:18: warning: instance method 'lock' is unavailable from asynchronous contexts; Use async-safe scoped locking instead; this is an error in the Swift 6 language mode
176 | 
177 |         func retrieve(question: String) async -> RetrievalResult {
178 |             lock.lock(); _retrieveCount += 1; lock.unlock()
    |                  `- warning: instance method 'lock' is unavailable from asynchronous contexts; Use async-safe scoped locking instead; this is an error in the Swift 6 language mode
179 |             await waitAtGate()
180 |             return retrievalResult

/Applications/Xcode.app/Contents/Developer/Platforms/MacOSX.platform/Developer/SDKs/MacOSX27.0.sdk/System/Library/Frameworks/Foundation.framework/Headers/NSLock.h:15:1: note: 'lock()' declared here
 13 | 
 14 | /// Attempts to acquire a lock, blocking a thread's execution until the lock can be acquired.
 15 | - (void)lock NS_SWIFT_UNAVAILABLE_FROM_ASYNC("Use async-safe scoped locking instead");
    | `- note: 'lock()' declared here
 16 | 
 17 | /// Relinquishes a previously acquired lock.

/private/tmp/board1-rc15-preparatory-46903cd0-xke1sctz/rod-worktrees/wt_T56-RC7-a-failed-wipe-is-not-resumable/ios/Packages/GodstoneFoundation/Tests/GodstoneCoreTests/OracleSupersessionAndBudgetTests.swift:178:52: warning: instance method 'unlock' is unavailable from asynchronous contexts; Use async-safe scoped locking instead; this is an error in the Swift 6 language mode
176 | 
177 |         func retrieve(question: String) async -> RetrievalResult {
178 |             lock.lock(); _retrieveCount += 1; lock.unlock()
    |                                                    `- warning: instance method 'unlock' is unavailable from asynchronous contexts; Use async-safe scoped locking instead; this is an error in the Swift 6 language mode
179 |             await waitAtGate()
180 |             return retrievalResult

/Applications/Xcode.app/Contents/Developer/Platforms/MacOSX.platform/Developer/SDKs/MacOSX27.0.sdk/System/Library/Frameworks/Foundation.framework/Headers/NSLock.h:18:1: note: 'unlock()' declared here
 16 | 
 17 | /// Relinquishes a previously acquired lock.
 18 | - (void)unlock NS_SWIFT_UNAVAILABLE_FROM_ASYNC("Use async-safe scoped locking instead");
    | `- note: 'unlock()' declared here
 19 | 
 20 | @end

/private/tmp/board1-rc15-preparatory-46903cd0-xke1sctz/rod-worktrees/wt_T56-RC7-a-failed-wipe-is-not-resumable/ios/Packages/GodstoneFoundation/Tests/GodstoneCoreTests/OracleSupersessionAndBudgetTests.swift:429:14: warning: immutable value 'recorder' was never used; consider replacing with '_' or removing it [#NoUsage]
427 |                                     tokens: ["The dose is 50 ml [1]."])
428 |         let vm = OracleViewModel(pipeline: pipeline)
429 |         let (recorder, cancellable) = record(vm)
    |              `- warning: immutable value 'recorder' was never used; consider replacing with '_' or removing it [#NoUsage]
430 |         defer { cancellable.cancel() }
431 | 

/private/tmp/board1-rc15-preparatory-46903cd0-xke1sctz/rod-worktrees/wt_T56-RC7-a-failed-wipe-is-not-resumable/ios/Packages/GodstoneFoundation/Tests/GodstoneCoreTests/OracleSupersessionAndBudgetTests.swift:514:14: warning: immutable value 'recorder' was never used; consider replacing with '_' or removing it [#NoUsage]
512 |                                     tokens: [oversized])
513 |         let vm = OracleViewModel(pipeline: pipeline, budget: budget)
514 |         let (recorder, cancellable) = record(vm)
    |              `- warning: immutable value 'recorder' was never used; consider replacing with '_' or removing it [#NoUsage]
515 |         defer { cancellable.cancel() }
516 | 

/private/tmp/board1-rc15-preparatory-46903cd0-xke1sctz/rod-worktrees/wt_T56-RC7-a-failed-wipe-is-not-resumable/ios/Packages/GodstoneFoundation/Tests/GodstoneCoreTests/OracleSupersessionAndBudgetTests.swift:533:14: warning: immutable value 'recorder' was never used; consider replacing with '_' or removing it [#NoUsage]
531 |                                     tokens: supported.map(String.init), ready: false)
532 |         let vm = OracleViewModel(pipeline: pipeline)
533 |         let (recorder, cancellable) = record(vm)
    |              `- warning: immutable value 'recorder' was never used; consider replacing with '_' or removing it [#NoUsage]
534 |         defer { cancellable.cancel() }
535 | 

[#NoUsage]: <https://docs.swift.org/compiler/documentation/diagnostics/no-usage>
/private/tmp/board1-rc15-preparatory-46903cd0-xke1sctz/rod-worktrees/wt_T56-RC7-a-failed-wipe-is-not-resumable/ios/Packages/GodstoneFoundation/Tests/GodstoneCoreTests/ReadinessT48Tests.swift:134:69: warning: main actor-isolated static property 'tierName' can not be referenced from a nonisolated context; this is an error in the Swift 6 language mode
 23 | @MainActor
 24 | final class ReadinessT48Tests: XCTestCase {
 25 |     private static let tierName = Tier.light.archiveDatabaseName   // archive_light.db
    |                        `- note: static property declared here
 26 | 
 27 |     private var fixturesDirectory: URL {
    :
132 |     /// Build (or rebuild) the tier's archive under the application-support
133 |     /// archives directory, where the production resolver looketh.
134 |     private func makeArchive(named name: String = ReadinessT48Tests.tierName,
    |                                                                     `- warning: main actor-isolated static property 'tierName' can not be referenced from a nonisolated context; this is an error in the Swift 6 language mode
135 |                               _ shape: (inout FixtureKnobs) -> Void = { _ in }) throws -> URL {
136 |         var knobs = FixtureKnobs()

/private/tmp/board1-rc15-preparatory-46903cd0-xke1sctz/rod-worktrees/wt_T56-RC7-a-failed-wipe-is-not-resumable/ios/Packages/GodstoneFoundation/Tests/GodstoneCoreTests/ReadinessT50Tests.swift:238:69: warning: main actor-isolated static property 'tierName' can not be referenced from a nonisolated context; this is an error in the Swift 6 language mode
 128 | @MainActor
 129 | final class ReadinessT50Tests: XCTestCase {
 130 |     private static let tierName = Tier.light.archiveDatabaseName   // archive_light.db
     |                        `- note: static property declared here
 131 | 
 132 |     private enum TestError: Error { case fixtureNotFound(String), noSupportDirectory }
     :
 236 | 
 237 |     /// Build (or rebuild) the tier's archive under the resolver's eye.
 238 |     private func makeArchive(named name: String = ReadinessT50Tests.tierName,
     |                                                                     `- warning: main actor-isolated static property 'tierName' can not be referenced from a nonisolated context; this is an error in the Swift 6 language mode
 239 |                              _ shape: (inout FixtureKnobs) -> Void = { _ in }) throws -> URL {
 240 |         var knobs = FixtureKnobs()
/private/tmp/board1-rc15-preparatory-46903cd0-xke1sctz/rod-worktrees/wt_T56-RC7-a-failed-wipe-is-not-resumable/ios/Packages/GodstoneFoundation/Tests/GodstoneCoreTests/ReadinessT48Tests.swift:134:69: warning: main actor-isolated static property 'tierName' can not be referenced from a nonisolated context; this is an error in the Swift 6 language mode
 23 | @MainActor
 24 | final class ReadinessT48Tests: XCTestCase {
 25 |     private static let tierName = Tier.light.archiveDatabaseName   // archive_light.db
    |                        `- note: static property declared here
 26 | 
 27 |     private var fixturesDirectory: URL {
    :
132 |     /// Build (or rebuild) the tier's archive under the application-support
133 |     /// archives directory, where the production resolver looketh.
134 |     private func makeArchive(named name: String = ReadinessT48Tests.tierName,
    |                                                                     `- warning: main actor-isolated static property 'tierName' can not be referenced from a nonisolated context; this is an error in the Swift 6 language mode
135 |                               _ shape: (inout FixtureKnobs) -> Void = { _ in }) throws -> URL {
136 |         var knobs = FixtureKnobs()

/private/tmp/board1-rc15-preparatory-46903cd0-xke1sctz/rod-worktrees/wt_T56-RC7-a-failed-wipe-is-not-resumable/ios/Packages/GodstoneFoundation/Tests/GodstoneCoreTests/ReadinessT48Tests.swift:112:57: warning: left side of nil coalescing operator '??' has non-optional type 'String', so the right side is never used
110 |             let rc = sqlite3_exec(db, statement, nil, nil, &err)
111 |             if rc != SQLITE_OK {
112 |                 let why = err.map { String(cString: $0) ?? "?" } ?? "rc \(rc)"
    |                                                         `- warning: left side of nil coalescing operator '??' has non-optional type 'String', so the right side is never used
113 |                 if let e = err { sqlite3_free(e) }
114 |                 XCTFail("fixture DDL from \(origin) cried on \"\(String(statement.prefix(72)))…\": \(why)")

/private/tmp/board1-rc15-preparatory-46903cd0-xke1sctz/rod-worktrees/wt_T56-RC7-a-failed-wipe-is-not-resumable/ios/Packages/GodstoneFoundation/Tests/GodstoneCoreTests/ReadinessT48Tests.swift:233:53: warning: left side of nil coalescing operator '??' has non-optional type 'String', so the right side is never used
231 |         let rc = sqlite3_exec(db, sql, nil, nil, &err)
232 |         if rc != SQLITE_OK {
233 |             let why = err.map { String(cString: $0) ?? "?" } ?? "rc \(rc)"
    |                                                     `- warning: left side of nil coalescing operator '??' has non-optional type 'String', so the right side is never used
234 |             if let e = err { sqlite3_free(e) }
235 |             XCTFail("fixture insert cried: \(why) on \(String(sql.prefix(72)))…")
/private/tmp/board1-rc15-preparatory-46903cd0-xke1sctz/rod-worktrees/wt_T56-RC7-a-failed-wipe-is-not-resumable/ios/Packages/GodstoneFoundation/Tests/GodstoneCoreTests/ReadinessT51Tests.swift:171:57: warning: left side of nil coalescing operator '??' has non-optional type 'String', so the right side is never used
169 |             let rc = sqlite3_exec(db, statement, nil, nil, &err)
170 |             if rc != SQLITE_OK {
171 |                 let why = err.map { String(cString: $0) ?? "?" } ?? "rc \(rc)"
    |                                                         `- warning: left side of nil coalescing operator '??' has non-optional type 'String', so the right side is never used
172 |                 if let e = err { sqlite3_free(e) }
173 |                 XCTFail("plant DDL from \(origin) cried on \"\(String(statement.prefix(72)))…\": \(why)")

/private/tmp/board1-rc15-preparatory-46903cd0-xke1sctz/rod-worktrees/wt_T56-RC7-a-failed-wipe-is-not-resumable/ios/Packages/GodstoneFoundation/Tests/GodstoneCoreTests/ReadinessT51Tests.swift:203:57: warning: left side of nil coalescing operator '??' has non-optional type 'String', so the right side is never used
201 |             let prc = sqlite3_exec(db, sql, nil, nil, &err)
202 |             if prc != SQLITE_OK {
203 |                 let why = err.map { String(cString: $0) ?? "?" } ?? "rc \(prc)"
    |                                                         `- warning: left side of nil coalescing operator '??' has non-optional type 'String', so the right side is never used
204 |                 if let e = err { sqlite3_free(e) }
205 |                 XCTFail("plant insert cried: \(why) on \(String(sql.prefix(72)))…")
/private/tmp/board1-rc15-preparatory-46903cd0-xke1sctz/rod-worktrees/wt_T56-RC7-a-failed-wipe-is-not-resumable/ios/Packages/GodstoneFoundation/Tests/GodstoneCoreTests/ReadinessT61Tests.swift:215:9: warning: variable 'given' was never mutated; consider changing to 'let' constant [#VariableNeverMutated]
213 | 
214 | private func t61Chunked(_ bytes: [UInt8], _ measure: Int, _ burst: Int) -> ModelStaging.T61Chunker {
215 |     var given = bytes
    |         `- warning: variable 'given' was never mutated; consider changing to 'let' constant [#VariableNeverMutated]
216 |     var at = 0
217 |     var words = 0

[#VariableNeverMutated]: <https://docs.swift.org/compiler/documentation/diagnostics/variable-never-mutated>
/private/tmp/board1-rc15-preparatory-46903cd0-xke1sctz/rod-worktrees/wt_T56-RC7-a-failed-wipe-is-not-resumable/ios/Packages/GodstoneFoundation/Tests/GodstoneCoreTests/ReadinessT50Tests.swift:238:69: warning: main actor-isolated static property 'tierName' can not be referenced from a nonisolated context; this is an error in the Swift 6 language mode
 128 | @MainActor
 129 | final class ReadinessT50Tests: XCTestCase {
 130 |     private static let tierName = Tier.light.archiveDatabaseName   // archive_light.db
     |                        `- note: static property declared here
 131 | 
 132 |     private enum TestError: Error { case fixtureNotFound(String), noSupportDirectory }
     :
 236 | 
 237 |     /// Build (or rebuild) the tier's archive under the resolver's eye.
 238 |     private func makeArchive(named name: String = ReadinessT50Tests.tierName,
     |                                                                     `- warning: main actor-isolated static property 'tierName' can not be referenced from a nonisolated context; this is an error in the Swift 6 language mode
 239 |                              _ shape: (inout FixtureKnobs) -> Void = { _ in }) throws -> URL {
 240 |         var knobs = FixtureKnobs()

/private/tmp/board1-rc15-preparatory-46903cd0-xke1sctz/rod-worktrees/wt_T56-RC7-a-failed-wipe-is-not-resumable/ios/Packages/GodstoneFoundation/Tests/GodstoneCoreTests/ReadinessT50Tests.swift:83:18: warning: instance method 'lock' is unavailable from asynchronous contexts; Use async-safe scoped locking instead; this is an error in the Swift 6 language mode
  81 |         switch request {
  82 |         case .browse:
  83 |             lock.lock(); listCalls += 1; let injected = listFault; lock.unlock()
     |                  `- warning: instance method 'lock' is unavailable from asynchronous contexts; Use async-safe scoped locking instead; this is an error in the Swift 6 language mode
  84 |             if let injected { throw injected }
  85 |             if failList { throw ArchiveError.queryFailed("no such table: documents") }

/Applications/Xcode.app/Contents/Developer/Platforms/MacOSX.platform/Developer/SDKs/MacOSX27.0.sdk/System/Library/Frameworks/Foundation.framework/Headers/NSLock.h:15:1: note: 'lock()' declared here
 13 | 
 14 | /// Attempts to acquire a lock, blocking a thread's execution until the lock can be acquired.
 15 | - (void)lock NS_SWIFT_UNAVAILABLE_FROM_ASYNC("Use async-safe scoped locking instead");
    | `- note: 'lock()' declared here
 16 | 
 17 | /// Relinquishes a previously acquired lock.

/private/tmp/board1-rc15-preparatory-46903cd0-xke1sctz/rod-worktrees/wt_T56-RC7-a-failed-wipe-is-not-resumable/ios/Packages/GodstoneFoundation/Tests/GodstoneCoreTests/ReadinessT50Tests.swift:83:73: warning: instance method 'unlock' is unavailable from asynchronous contexts; Use async-safe scoped locking instead; this is an error in the Swift 6 language mode
  81 |         switch request {
  82 |         case .browse:
  83 |             lock.lock(); listCalls += 1; let injected = listFault; lock.unlock()
     |                                                                         `- warning: instance method 'unlock' is unavailable from asynchronous contexts; Use async-safe scoped locking instead; this is an error in the Swift 6 language mode
  84 |             if let injected { throw injected }
  85 |             if failList { throw ArchiveError.queryFailed("no such table: documents") }

/Applications/Xcode.app/Contents/Developer/Platforms/MacOSX.platform/Developer/SDKs/MacOSX27.0.sdk/System/Library/Frameworks/Foundation.framework/Headers/NSLock.h:18:1: note: 'unlock()' declared here
 16 | 
 17 | /// Relinquishes a previously acquired lock.
 18 | - (void)unlock NS_SWIFT_UNAVAILABLE_FROM_ASYNC("Use async-safe scoped locking instead");
    | `- note: 'unlock()' declared here
 19 | 
 20 | @end

/private/tmp/board1-rc15-preparatory-46903cd0-xke1sctz/rod-worktrees/wt_T56-RC7-a-failed-wipe-is-not-resumable/ios/Packages/GodstoneFoundation/Tests/GodstoneCoreTests/ReadinessT50Tests.swift:88:18: warning: instance method 'lock' is unavailable from asynchronous contexts; Use async-safe scoped locking instead; this is an error in the Swift 6 language mode
  86 |             return .documents([guide])
  87 |         case .search(let phrase):
  88 |             lock.lock(); searchCalls += 1; searched.append(phrase); lock.unlock()
     |                  `- warning: instance method 'lock' is unavailable from asynchronous contexts; Use async-safe scoped locking instead; this is an error in the Swift 6 language mode
  89 |             if isPaused(phrase) {
  90 |                 return try await withCheckedThrowingContinuation { (k: CheckedContinuation<ArchivePage, Error>) in

/Applications/Xcode.app/Contents/Developer/Platforms/MacOSX.platform/Developer/SDKs/MacOSX27.0.sdk/System/Library/Frameworks/Foundation.framework/Headers/NSLock.h:15:1: note: 'lock()' declared here
 13 | 
 14 | /// Attempts to acquire a lock, blocking a thread's execution until the lock can be acquired.
 15 | - (void)lock NS_SWIFT_UNAVAILABLE_FROM_ASYNC("Use async-safe scoped locking instead");
    | `- note: 'lock()' declared here
 16 | 
 17 | /// Relinquishes a previously acquired lock.

/private/tmp/board1-rc15-preparatory-46903cd0-xke1sctz/rod-worktrees/wt_T56-RC7-a-failed-wipe-is-not-resumable/ios/Packages/GodstoneFoundation/Tests/GodstoneCoreTests/ReadinessT50Tests.swift:88:74: warning: instance method 'unlock' is unavailable from asynchronous contexts; Use async-safe scoped locking instead; this is an error in the Swift 6 language mode
  86 |             return .documents([guide])
  87 |         case .search(let phrase):
  88 |             lock.lock(); searchCalls += 1; searched.append(phrase); lock.unlock()
     |                                                                          `- warning: instance method 'unlock' is unavailable from asynchronous contexts; Use async-safe scoped locking instead; this is an error in the Swift 6 language mode
  89 |             if isPaused(phrase) {
  90 |                 return try await withCheckedThrowingContinuation { (k: CheckedContinuation<ArchivePage, Error>) in

/Applications/Xcode.app/Contents/Developer/Platforms/MacOSX.platform/Developer/SDKs/MacOSX27.0.sdk/System/Library/Frameworks/Foundation.framework/Headers/NSLock.h:18:1: note: 'unlock()' declared here
 16 | 
 17 | /// Relinquishes a previously acquired lock.
 18 | - (void)unlock NS_SWIFT_UNAVAILABLE_FROM_ASYNC("Use async-safe scoped locking instead");
    | `- note: 'unlock()' declared here
 19 | 
 20 | @end

/private/tmp/board1-rc15-preparatory-46903cd0-xke1sctz/rod-worktrees/wt_T56-RC7-a-failed-wipe-is-not-resumable/ios/Packages/GodstoneFoundation/Tests/GodstoneCoreTests/ReadinessT50Tests.swift:102:18: warning: instance method 'lock' is unavailable from asynchronous contexts; Use async-safe scoped locking instead; this is an error in the Swift 6 language mode
 100 |             return .passages(searchBlock?(phrase) ?? [first])
 101 |         case .document(let id):
 102 |             lock.lock(); passageCalls += 1; lock.unlock()
     |                  `- warning: instance method 'lock' is unavailable from asynchronous contexts; Use async-safe scoped locking instead; this is an error in the Swift 6 language mode
 103 |             if failPassages { throw ArchiveError.queryFailed("prepare: no such column: c.text") }
 104 |             if id != 7 { return .passages([]) }

/Applications/Xcode.app/Contents/Developer/Platforms/MacOSX.platform/Developer/SDKs/MacOSX27.0.sdk/System/Library/Frameworks/Foundation.framework/Headers/NSLock.h:15:1: note: 'lock()' declared here
 13 | 
 14 | /// Attempts to acquire a lock, blocking a thread's execution until the lock can be acquired.
 15 | - (void)lock NS_SWIFT_UNAVAILABLE_FROM_ASYNC("Use async-safe scoped locking instead");
    | `- note: 'lock()' declared here
 16 | 
 17 | /// Relinquishes a previously acquired lock.

/private/tmp/board1-rc15-preparatory-46903cd0-xke1sctz/rod-worktrees/wt_T56-RC7-a-failed-wipe-is-not-resumable/ios/Packages/GodstoneFoundation/Tests/GodstoneCoreTests/ReadinessT50Tests.swift:102:50: warning: instance method 'unlock' is unavailable from asynchronous contexts; Use async-safe scoped locking instead; this is an error in the Swift 6 language mode
 100 |             return .passages(searchBlock?(phrase) ?? [first])
 101 |         case .document(let id):
 102 |             lock.lock(); passageCalls += 1; lock.unlock()
     |                                                  `- warning: instance method 'unlock' is unavailable from asynchronous contexts; Use async-safe scoped locking instead; this is an error in the Swift 6 language mode
 103 |             if failPassages { throw ArchiveError.queryFailed("prepare: no such column: c.text") }
 104 |             if id != 7 { return .passages([]) }

/Applications/Xcode.app/Contents/Developer/Platforms/MacOSX.platform/Developer/SDKs/MacOSX27.0.sdk/System/Library/Frameworks/Foundation.framework/Headers/NSLock.h:18:1: note: 'unlock()' declared here
 16 | 
 17 | /// Relinquishes a previously acquired lock.
 18 | - (void)unlock NS_SWIFT_UNAVAILABLE_FROM_ASYNC("Use async-safe scoped locking instead");
    | `- note: 'unlock()' declared here
 19 | 
 20 | @end

/private/tmp/board1-rc15-preparatory-46903cd0-xke1sctz/rod-worktrees/wt_T56-RC7-a-failed-wipe-is-not-resumable/ios/Packages/GodstoneFoundation/Tests/GodstoneCoreTests/ReadinessT50Tests.swift:214:57: warning: left side of nil coalescing operator '??' has non-optional type 'String', so the right side is never used
 212 |             let rc = sqlite3_exec(db, statement, nil, nil, &err)
 213 |             if rc != SQLITE_OK {
 214 |                 let why = err.map { String(cString: $0) ?? "?" } ?? "rc \(rc)"
     |                                                         `- warning: left side of nil coalescing operator '??' has non-optional type 'String', so the right side is never used
 215 |                 if let e = err { sqlite3_free(e) }
 216 |                 XCTFail("fixture DDL from \(origin) cried on \"\(String(statement.prefix(72)))…\": \(why)")

/private/tmp/board1-rc15-preparatory-46903cd0-xke1sctz/rod-worktrees/wt_T56-RC7-a-failed-wipe-is-not-resumable/ios/Packages/GodstoneFoundation/Tests/GodstoneCoreTests/ReadinessT50Tests.swift:226:53: warning: left side of nil coalescing operator '??' has non-optional type 'String', so the right side is never used
 224 |         let rc = sqlite3_exec(db, sql, nil, nil, &err)
 225 |         if rc != SQLITE_OK {
 226 |             let why = err.map { String(cString: $0) ?? "?" } ?? "rc \(rc)"
     |                                                     `- warning: left side of nil coalescing operator '??' has non-optional type 'String', so the right side is never used
 227 |             if let e = err { sqlite3_free(e) }
 228 |             XCTFail("fixture insert cried: \(why) on \(String(sql.prefix(72)))…")

/private/tmp/board1-rc15-preparatory-46903cd0-xke1sctz/rod-worktrees/wt_T56-RC7-a-failed-wipe-is-not-resumable/ios/Packages/GodstoneFoundation/Tests/GodstoneCoreTests/ReadinessT50Tests.swift:593:32: warning: immutable value 'model' was never used; consider replacing with '_' or removing it [#NoUsage]
 591 |     func testTheRealRoadProjectethProvenanceFromTheFrozenColumns() async throws {
 592 |         _ = try makeArchive()
 593 |         let (archive, library, model, scene) = composeTrio()
     |                                `- warning: immutable value 'model' was never used; consider replacing with '_' or removing it [#NoUsage]
 594 |         await scene.loadDocuments()
 595 |         await seat(scene)

/private/tmp/board1-rc15-preparatory-46903cd0-xke1sctz/rod-worktrees/wt_T56-RC7-a-failed-wipe-is-not-resumable/ios/Packages/GodstoneFoundation/Tests/GodstoneCoreTests/ReadinessT50Tests.swift:616:34: warning: immutable value 'model2' was never used; consider replacing with '_' or removing it [#NoUsage]
 614 |         // tell Unavailable, and the scene must refuse the empty masquerade
 615 |         _ = try makeArchive { $0.poisonBodyPages = true }
 616 |         let (archive2, library2, model2, scene2) = composeTrio()
     |                                  `- warning: immutable value 'model2' was never used; consider replacing with '_' or removing it [#NoUsage]
 617 |         await scene2.loadDocuments()
 618 |         await seat(scene2)

/private/tmp/board1-rc15-preparatory-46903cd0-xke1sctz/rod-worktrees/wt_T56-RC7-a-failed-wipe-is-not-resumable/ios/Packages/GodstoneFoundation/Tests/GodstoneCoreTests/ReadinessT50Tests.swift:767:23: warning: immutable value 'library' was never used; consider replacing with '_' or removing it [#NoUsage]
 765 |     func testW20TheVisiblePassageIsNotedAndAnAnchorForAnotherDocumentIsRefused() async throws {
 766 |         _ = try makeArchive()
 767 |         let (archive, library, _, scene) = composeTrio()
     |                       `- warning: immutable value 'library' was never used; consider replacing with '_' or removing it [#NoUsage]
 768 |         defer { archive.close() }
 769 |         await scene.loadDocuments()

/private/tmp/board1-rc15-preparatory-46903cd0-xke1sctz/rod-worktrees/wt_T56-RC7-a-failed-wipe-is-not-resumable/ios/Packages/GodstoneFoundation/Tests/GodstoneCoreTests/ReadinessT50Tests.swift:786:9: warning: no 'async' operations occur within 'await' expression [#UnnecessaryEffectMarker]
 784 |         // (2) *** THE DISCRIMINATOR: AN ANCHOR NOTED WHILE NO DOCUMENT STANDS IS REFUSED, because an anchor for
 785 |         // another document would place the reader at whatever passage happeneth to carrieth that identity. ***
 786 |         await scene.backToDocuments()
     |         `- warning: no 'async' operations occur within 'await' expression [#UnnecessaryEffectMarker]
 787 |         await seat(scene)
 788 |         let before = scene.scrollAnchor?.passageId

/private/tmp/board1-rc15-preparatory-46903cd0-xke1sctz/rod-worktrees/wt_T56-RC7-a-failed-wipe-is-not-resumable/ios/Packages/GodstoneFoundation/Tests/GodstoneCoreTests/ReadinessT50Tests.swift:905:23: warning: immutable value 'library' was never used; consider replacing with '_' or removing it [#NoUsage]
 903 |     func testW16TheSceneRecordSurvivethARealPersistenceRoundTrip() async throws {
 904 |         _ = try makeArchive()
 905 |         let (archive, library, _, scene) = composeTrio()
     |                       `- warning: immutable value 'library' was never used; consider replacing with '_' or removing it [#NoUsage]
 906 |         defer { archive.close() }
 907 |         await scene.loadDocuments()

/private/tmp/board1-rc15-preparatory-46903cd0-xke1sctz/rod-worktrees/wt_T56-RC7-a-failed-wipe-is-not-resumable/ios/Packages/GodstoneFoundation/Tests/GodstoneCoreTests/ReadinessT50Tests.swift:94:17: warning: code after 'return' will never be executed
  92 |                 }
  93 |                 // resumed by the court; the halt-and-catch below is the elder's fate
  94 |                 if failSearch {
     |                 `- warning: code after 'return' will never be executed
  95 |                     throw ArchiveError.queryFailed(
  96 |                         "SELECT private FROM tables WHERE hidden = 1: prepare 'x' returned 8")

[#NoUsage]: <https://docs.swift.org/compiler/documentation/diagnostics/no-usage>
[#UnnecessaryEffectMarker]: <https://docs.swift.org/compiler/documentation/diagnostics/unnecessary-effect-marker>
[34 / 38] GodstoneMesh
[35 / 39] GodstoneMesh
/private/tmp/board1-rc15-preparatory-46903cd0-xke1sctz/rod-worktrees/wt_T56-RC7-a-failed-wipe-is-not-resumable/ios/Packages/GodstoneFoundation/Sources/GodstoneMesh/BleTransport.swift:8:16: warning: stored property 'peripheral' of 'Sendable'-conforming struct 'OutboundPhysicalLifetime' contains non-Sendable type 'CBPeripheral'; this is an error in the Swift 6 language mode
   6 |     public let relationKey: RelationKey
   7 |     public let transportEpoch: UInt64
   8 |     public let peripheral: CBPeripheral?
     |                `- warning: stored property 'peripheral' of 'Sendable'-conforming struct 'OutboundPhysicalLifetime' contains non-Sendable type 'CBPeripheral'; this is an error in the Swift 6 language mode
   9 | 
  10 |     public init(relationKey: RelationKey, transportEpoch: UInt64, peripheral: CBPeripheral? = nil) {

/Applications/Xcode.app/Contents/Developer/Platforms/MacOSX.platform/Developer/SDKs/MacOSX27.0.sdk/System/Library/Frameworks/CoreBluetooth.framework/Headers/CBPeripheral.h:66:28: note: class 'CBPeripheral' does not conform to the 'Sendable' protocol
 64 |  */
 65 | NS_CLASS_AVAILABLE(10_7, 5_0)
 66 | CB_EXTERN_CLASS @interface CBPeripheral : CBPeer
    |                            `- note: class 'CBPeripheral' does not conform to the 'Sendable' protocol
 67 | 
 68 | /*!

/private/tmp/board1-rc15-preparatory-46903cd0-xke1sctz/rod-worktrees/wt_T56-RC7-a-failed-wipe-is-not-resumable/ios/Packages/GodstoneFoundation/Sources/GodstoneMesh/BleTransport.swift:2:1: warning: add '@preconcurrency' to suppress 'Sendable'-related warnings from module 'CoreBluetooth' [#AddPreconcurrencyImport]
   1 | import Foundation
   2 | import CoreBluetooth
     | `- warning: add '@preconcurrency' to suppress 'Sendable'-related warnings from module 'CoreBluetooth' [#AddPreconcurrencyImport]
   3 | import GodstoneCore
   4 | 

/private/tmp/board1-rc15-preparatory-46903cd0-xke1sctz/rod-worktrees/wt_T56-RC7-a-failed-wipe-is-not-resumable/ios/Packages/GodstoneFoundation/Sources/GodstoneMesh/BleTransport.swift:32:16: warning: stored property 'characteristicUuid' of 'Sendable'-conforming struct 'InboxSubscription' has non-Sendable type 'CBUUID'; this is an error in the Swift 6 language mode
  30 | /// subscription. Presented by the subscribe callback, held with the lease.
  31 | public struct InboxSubscription: Equatable, Sendable {
  32 |     public let characteristicUuid: CBUUID
     |                `- warning: stored property 'characteristicUuid' of 'Sendable'-conforming struct 'InboxSubscription' has non-Sendable type 'CBUUID'; this is an error in the Swift 6 language mode
  33 |     public let maxUpdateLength: Int
  34 | 

/Applications/Xcode.app/Contents/Developer/Platforms/MacOSX.platform/Developer/SDKs/MacOSX27.0.sdk/System/Library/Frameworks/CoreBluetooth.framework/Headers/CBUUID.h:85:28: note: class 'CBUUID' does not conform to the 'Sendable' protocol
 83 |  */
 84 | NS_CLASS_AVAILABLE(10_7, 5_0)
 85 | CB_EXTERN_CLASS @interface CBUUID : NSObject <NSCopying>
    |                            `- note: class 'CBUUID' does not conform to the 'Sendable' protocol
 86 | 
 87 | /*!

/private/tmp/board1-rc15-preparatory-46903cd0-xke1sctz/rod-worktrees/wt_T56-RC7-a-failed-wipe-is-not-resumable/ios/Packages/GodstoneFoundation/Sources/GodstoneMesh/BleTransport.swift:48:16: warning: stored property 'retainedCentral' of 'Sendable'-conforming struct 'InboundSubscriptionLifetime' contains non-Sendable type 'CBCentral'; this is an error in the Swift 6 language mode
  46 |     /// this handle - never through a fresh lookup of the subscriber list,
  47 |     /// which a reused identity could have renewed in the meantime.
  48 |     public let retainedCentral: CBCentral?
     |                `- warning: stored property 'retainedCentral' of 'Sendable'-conforming struct 'InboundSubscriptionLifetime' contains non-Sendable type 'CBCentral'; this is an error in the Swift 6 language mode
  49 |     /// The inbox subscription this lease stands for, as presented by the
  50 |     /// callback; nil while the subscription was not distinguishable.

/Applications/Xcode.app/Contents/Developer/Platforms/MacOSX.platform/Developer/SDKs/MacOSX27.0.sdk/System/Library/Frameworks/CoreBluetooth.framework/Headers/CBCentral.h:28:28: note: class 'CBCentral' does not conform to the 'Sendable' protocol
26 |  */
27 | NS_CLASS_AVAILABLE(10_9, 6_0)
28 | CB_EXTERN_CLASS @interface CBCentral : CBPeer
   |                            `- note: class 'CBCentral' does not conform to the 'Sendable' protocol
29 | 
30 | /*!

/private/tmp/board1-rc15-preparatory-46903cd0-xke1sctz/rod-worktrees/wt_T56-RC7-a-failed-wipe-is-not-resumable/ios/Packages/GodstoneFoundation/Sources/GodstoneMesh/BleTransport.swift:123:5: warning: 'public' modifier is redundant for property declared in a public extension
 121 | 
 122 | public extension TransportManagerFactory {
 123 |     public var admissionBudgetOverride: Int? { return nil }
     |     `- warning: 'public' modifier is redundant for property declared in a public extension
 124 | }
 125 | 

/private/tmp/board1-rc15-preparatory-46903cd0-xke1sctz/rod-worktrees/wt_T56-RC7-a-failed-wipe-is-not-resumable/ios/Packages/GodstoneFoundation/Sources/GodstoneMesh/BleTransport.swift:550:9: warning: stored property 'timer' of 'Sendable'-conforming struct 'TimerLease' has non-Sendable type 'Timer'; this is an error in the Swift 6 language mode
 548 |     public let deadlineUptimeMillis: UInt64
 549 |     public let handle: TimerKey
 550 |     let timer: Timer
     |         `- warning: stored property 'timer' of 'Sendable'-conforming struct 'TimerLease' has non-Sendable type 'Timer'; this is an error in the Swift 6 language mode
 551 |     let context: ManagerContext?
 552 | 

/Applications/Xcode.app/Contents/Developer/Platforms/MacOSX.platform/Developer/SDKs/MacOSX27.0.sdk/System/Library/Frameworks/Foundation.framework/Headers/NSTimer.h:45:12: note: class 'Timer' does not conform to the 'Sendable' protocol
 43 | ///
 44 | /// Do not subclass ``Timer``.
 45 | @interface NSTimer : NSObject
    |            `- note: class 'Timer' does not conform to the 'Sendable' protocol
 46 | 
 47 | /// Initializes a timer object with the specified invocation object.

/private/tmp/board1-rc15-preparatory-46903cd0-xke1sctz/rod-worktrees/wt_T56-RC7-a-failed-wipe-is-not-resumable/ios/Packages/GodstoneFoundation/Sources/GodstoneMesh/BoundRecipientKeyResolver.swift:11:1: warning: conformance to 'Sendable' must occur in the same source file as class 'PeerIdentityRepository'; use '@unchecked Sendable' for retroactive conformance; this is an error in the Swift 6 language mode
 9 | }
10 | 
11 | extension PeerIdentityRepository: PeerIdentityLookupSource {}
   | `- warning: conformance to 'Sendable' must occur in the same source file as class 'PeerIdentityRepository'; use '@unchecked Sendable' for retroactive conformance; this is an error in the Swift 6 language mode
12 | 
13 | /// Read-only durable peer-identity -> ACK signing-key resolver (ADR-003, Phase C8.3).

/private/tmp/board1-rc15-preparatory-46903cd0-xke1sctz/rod-worktrees/wt_T56-RC7-a-failed-wipe-is-not-resumable/ios/Packages/GodstoneFoundation/Sources/GodstoneMesh/PeerIdentityRepository.swift:114:17: warning: stored property 'store' of 'Sendable'-conforming class 'PeerIdentityRepository' has non-Sendable type 'any PeerIdentityStore'; this is an error in the Swift 6 language mode
112 | /// and post-mutation readback verification (ADR-003, Phase C8.2B).
113 | internal final class PeerIdentityRepository {
114 |     private let store: PeerIdentityStore
    |                 `- warning: stored property 'store' of 'Sendable'-conforming class 'PeerIdentityRepository' has non-Sendable type 'any PeerIdentityStore'; this is an error in the Swift 6 language mode
115 | 
116 |     init(store: PeerIdentityStore) {

/private/tmp/board1-rc15-preparatory-46903cd0-xke1sctz/rod-worktrees/wt_T56-RC7-a-failed-wipe-is-not-resumable/ios/Packages/GodstoneFoundation/Sources/GodstoneMesh/PeerIdentityStore.swift:223:19: note: protocol 'PeerIdentityStore' does not conform to the 'Sendable' protocol
 221 | 
 222 | /// Storage protocol for peer identity repository backend (ADR-003, Phase C8.2B).
 223 | internal protocol PeerIdentityStore: AnyObject {
     |                   `- note: protocol 'PeerIdentityStore' does not conform to the 'Sendable' protocol
 224 |     func inImmediateTransaction<T>(_ block: (PeerIdentityStore) throws -> T) throws -> T
 225 | 

/private/tmp/board1-rc15-preparatory-46903cd0-xke1sctz/rod-worktrees/wt_T56-RC7-a-failed-wipe-is-not-resumable/ios/Packages/GodstoneFoundation/Sources/GodstoneMesh/LabRuntime.swift:1942:17: warning: stored property 'trustStore' of 'Sendable'-conforming struct 'LabEstateSeam' contains non-Sendable type 'SqlitePeerIdentityStore'; this is an error in the Swift 6 language mode
1940 |     private let paths: [String: URL]
1941 |     private let drain: LabEstateDrainSeam?
1942 |     private let trustStore: SqlitePeerIdentityStore?
     |                 `- warning: stored property 'trustStore' of 'Sendable'-conforming struct 'LabEstateSeam' contains non-Sendable type 'SqlitePeerIdentityStore'; this is an error in the Swift 6 language mode
1943 |     internal let keychain: any LocalIdentityKeychain = HarnessIdentityKeychain()
1944 |     /// The lab carries no encrypted private store (its stores are plaintext files under Application Support), so

/private/tmp/board1-rc15-preparatory-46903cd0-xke1sctz/rod-worktrees/wt_T56-RC7-a-failed-wipe-is-not-resumable/ios/Packages/GodstoneFoundation/Sources/GodstoneMesh/PeerIdentityStore.swift:288:22: note: class 'SqlitePeerIdentityStore' does not conform to the 'Sendable' protocol
 286 | 
 287 | /// Production SQLite-backed peer identity store with fixed FileProtectionType.complete (ADR-003, Phase C8.2B).
 288 | internal final class SqlitePeerIdentityStore: PeerIdentityStore {
     |                      `- note: class 'SqlitePeerIdentityStore' does not conform to the 'Sendable' protocol
 289 |     private var handle: OpaquePointer?
 290 | 

/private/tmp/board1-rc15-preparatory-46903cd0-xke1sctz/rod-worktrees/wt_T56-RC7-a-failed-wipe-is-not-resumable/ios/Packages/GodstoneFoundation/Sources/GodstoneMesh/LabRuntime.swift:1946:18: warning: stored property 'dekProvider' of 'Sendable'-conforming struct 'LabEstateSeam' contains non-Sendable type 'any PrivateStoreKeyProvider'; this is an error in the Swift 6 language mode
1944 |     /// The lab carries no encrypted private store (its stores are plaintext files under Application Support), so
1945 |     /// there is no DEK to erase and the vault answereth `.absent` -- the tri-state doctrine's own honest word.
1946 |     internal let dekProvider: (any PrivateStoreKeyProvider)? = nil
     |                  `- warning: stored property 'dekProvider' of 'Sendable'-conforming struct 'LabEstateSeam' contains non-Sendable type 'any PrivateStoreKeyProvider'; this is an error in the Swift 6 language mode
1947 | 
1948 |     /// - Parameters:

/private/tmp/board1-rc15-preparatory-46903cd0-xke1sctz/rod-worktrees/wt_T56-RC7-a-failed-wipe-is-not-resumable/ios/Packages/GodstoneFoundation/Sources/GodstoneMesh/PrivateStoreKeyProvider.swift:66:17: note: protocol 'PrivateStoreKeyProvider' does not conform to the 'Sendable' protocol
 64 | /// `DefaultPrivateStoreKeyProvider`; the court injects a fake to drive wrong-DEK,
 65 | /// Keychain-unavailable, locked-device and protection-failure decisions on the host.
 66 | public protocol PrivateStoreKeyProvider: AnyObject {
    |                 `- note: protocol 'PrivateStoreKeyProvider' does not conform to the 'Sendable' protocol
 67 |     /// The pinned DEK length in bytes (AES-256).
 68 |     var dekByteCount: Int { get }

/private/tmp/board1-rc15-preparatory-46903cd0-xke1sctz/rod-worktrees/wt_T56-RC7-a-failed-wipe-is-not-resumable/ios/Packages/GodstoneFoundation/Sources/GodstoneMesh/MeshRuntime.swift:1309:17: warning: no calls to throwing functions occur within 'try' expression [#UnnecessaryEffectMarker]
1307 |             invalidateRuntime: { [invalidator, messageStore, peerIdentityStore,
1308 |                                  adoptedMessageConnection, adoptedPeerConnection] in
1309 |                 try invalidator.invalidateForWipe()
     |                 `- warning: no calls to throwing functions occur within 'try' expression [#UnnecessaryEffectMarker]
1310 |                 messageStore.close()
1311 |                 peerIdentityStore.close()

/private/tmp/board1-rc15-preparatory-46903cd0-xke1sctz/rod-worktrees/wt_T56-RC7-a-failed-wipe-is-not-resumable/ios/Packages/GodstoneFoundation/Sources/GodstoneMesh/MeshRuntime.swift:1528:13: warning: stored property 'dekProvider' of 'Sendable'-conforming struct 'DefaultRecoveryEstate' contains non-Sendable type 'any PrivateStoreKeyProvider'; this is an error in the Swift 6 language mode
1526 |         let peerStoreUrl: URL
1527 |         let keychain: any LocalIdentityKeychain
1528 |         let dekProvider: (any PrivateStoreKeyProvider)?
     |             `- warning: stored property 'dekProvider' of 'Sendable'-conforming struct 'DefaultRecoveryEstate' contains non-Sendable type 'any PrivateStoreKeyProvider'; this is an error in the Swift 6 language mode
1529 |         /// The composition's ONE owner registry; the production recovery road drains and closes through IT.
1530 |         let registry: EstateOwnerRegistry

/private/tmp/board1-rc15-preparatory-46903cd0-xke1sctz/rod-worktrees/wt_T56-RC7-a-failed-wipe-is-not-resumable/ios/Packages/GodstoneFoundation/Sources/GodstoneMesh/PrivateStoreKeyProvider.swift:66:17: note: protocol 'PrivateStoreKeyProvider' does not conform to the 'Sendable' protocol
 64 | /// `DefaultPrivateStoreKeyProvider`; the court injects a fake to drive wrong-DEK,
 65 | /// Keychain-unavailable, locked-device and protection-failure decisions on the host.
 66 | public protocol PrivateStoreKeyProvider: AnyObject {
    |                 `- note: protocol 'PrivateStoreKeyProvider' does not conform to the 'Sendable' protocol
 67 |     /// The pinned DEK length in bytes (AES-256).
 68 |     var dekByteCount: Int { get }

/private/tmp/board1-rc15-preparatory-46903cd0-xke1sctz/rod-worktrees/wt_T56-RC7-a-failed-wipe-is-not-resumable/ios/Packages/GodstoneFoundation/Sources/GodstoneMesh/MeshRuntime.swift:1533:13: warning: stored property 'liveTransportSeam' of 'Sendable'-conforming struct 'DefaultRecoveryEstate' contains non-Sendable type 'any TransportRuntimeSeam'; this is an error in the Swift 6 language mode
1531 |         /// The runtime's live transport seam, when one is running; `nil` at create time, where the registry's own
1532 |         /// positive cold proof is what the drain rung stands on.
1533 |         let liveTransportSeam: TransportRuntimeSeam?
     |             `- warning: stored property 'liveTransportSeam' of 'Sendable'-conforming struct 'DefaultRecoveryEstate' contains non-Sendable type 'any TransportRuntimeSeam'; this is an error in the Swift 6 language mode
1534 |         /// The runtime's owner invalidation/close hook, carried across rather than dropped.
1535 |         let invalidateLiveOwners: () -> Void

/private/tmp/board1-rc15-preparatory-46903cd0-xke1sctz/rod-worktrees/wt_T56-RC7-a-failed-wipe-is-not-resumable/ios/Packages/GodstoneFoundation/Sources/GodstoneMesh/CrashResumableWipe.swift:203:17: note: protocol 'TransportRuntimeSeam' does not conform to the 'Sendable' protocol
201 | }
202 | 
203 | public protocol TransportRuntimeSeam: AnyObject {
    |                 `- note: protocol 'TransportRuntimeSeam' does not conform to the 'Sendable' protocol
204 |     func drainTransport() -> RuntimeDrainReceipt
205 |     /// Whether THIS process lifetime has drained the transport; a reboot starts un-quiesced.

/private/tmp/board1-rc15-preparatory-46903cd0-xke1sctz/rod-worktrees/wt_T56-RC7-a-failed-wipe-is-not-resumable/ios/Packages/GodstoneFoundation/Sources/GodstoneMesh/MeshRuntime.swift:1535:13: warning: stored property 'invalidateLiveOwners' of 'Sendable'-conforming struct 'DefaultRecoveryEstate' has non-Sendable type '() -> ()'; this is an error in the Swift 6 language mode
1533 |         let liveTransportSeam: TransportRuntimeSeam?
1534 |         /// The runtime's owner invalidation/close hook, carried across rather than dropped.
1535 |         let invalidateLiveOwners: () -> Void
     |             |- warning: stored property 'invalidateLiveOwners' of 'Sendable'-conforming struct 'DefaultRecoveryEstate' has non-Sendable type '() -> ()'; this is an error in the Swift 6 language mode
     |             `- note: a function type must be marked '@Sendable' to conform to 'Sendable'
1536 |         internal init(messageStoreUrl: URL, peerStoreUrl: URL,
1537 |                       keychain: any LocalIdentityKeychain,

/private/tmp/board1-rc15-preparatory-46903cd0-xke1sctz/rod-worktrees/wt_T56-RC7-a-failed-wipe-is-not-resumable/ios/Packages/GodstoneFoundation/Sources/GodstoneMesh/MessageStore.swift:66:10: warning: associated value 'created' of 'Sendable'-conforming enum 'OutboundEnqueueResult' has non-Sendable type 'FrameV2'; this is an error in the Swift 6 language mode
  64 | public enum OutboundEnqueueResult: Sendable, Equatable {
  65 |     /// A new DIRECT message was atomically persisted in held_frames and delivery_state (QUEUED_DURABLY).
  66 |     case created(FrameV2)
     |          `- warning: associated value 'created' of 'Sendable'-conforming enum 'OutboundEnqueueResult' has non-Sendable type 'FrameV2'; this is an error in the Swift 6 language mode
  67 |     /// An idempotent retry of the SAME logical message with matching SINGLE_RECIPIENT binding and exact canonical frame.
  68 |     case alreadyQueuedSameBinding(FrameV2)

/private/tmp/board1-rc15-preparatory-46903cd0-xke1sctz/rod-worktrees/wt_T56-RC7-a-failed-wipe-is-not-resumable/ios/Packages/GodstoneFoundation/Sources/GodstoneMesh/WireV2.swift:7:15: note: consider making struct 'FrameV2' conform to the 'Sendable' protocol
  5 | 
  6 | /// GMP/2 frame. Header is 32 bytes, big-endian.
  7 | public struct FrameV2: Equatable {
    |               `- note: consider making struct 'FrameV2' conform to the 'Sendable' protocol
  8 |     public static let magic: UInt16 = 0x4753
  9 |     public static let version: UInt8 = 0x02

/private/tmp/board1-rc15-preparatory-46903cd0-xke1sctz/rod-worktrees/wt_T56-RC7-a-failed-wipe-is-not-resumable/ios/Packages/GodstoneFoundation/Sources/GodstoneMesh/MessageStore.swift:68:10: warning: associated value 'alreadyQueuedSameBinding' of 'Sendable'-conforming enum 'OutboundEnqueueResult' has non-Sendable type 'FrameV2'; this is an error in the Swift 6 language mode
  66 |     case created(FrameV2)
  67 |     /// An idempotent retry of the SAME logical message with matching SINGLE_RECIPIENT binding and exact canonical frame.
  68 |     case alreadyQueuedSameBinding(FrameV2)
     |          `- warning: associated value 'alreadyQueuedSameBinding' of 'Sendable'-conforming enum 'OutboundEnqueueResult' has non-Sendable type 'FrameV2'; this is an error in the Swift 6 language mode
  69 |     /// A held frame exists with matching msg_id but its fields/content differ from requested frame.
  70 |     case canonicalFrameMismatch

/private/tmp/board1-rc15-preparatory-46903cd0-xke1sctz/rod-worktrees/wt_T56-RC7-a-failed-wipe-is-not-resumable/ios/Packages/GodstoneFoundation/Sources/GodstoneMesh/WireV2.swift:7:15: note: consider making struct 'FrameV2' conform to the 'Sendable' protocol
  5 | 
  6 | /// GMP/2 frame. Header is 32 bytes, big-endian.
  7 | public struct FrameV2: Equatable {
    |               `- note: consider making struct 'FrameV2' conform to the 'Sendable' protocol
  8 |     public static let magic: UInt16 = 0x4753
  9 |     public static let version: UInt8 = 0x02

/private/tmp/board1-rc15-preparatory-46903cd0-xke1sctz/rod-worktrees/wt_T56-RC7-a-failed-wipe-is-not-resumable/ios/Packages/GodstoneFoundation/Sources/GodstoneMesh/SchemaMigration.swift:78:16: warning: stored property 'apply' of 'Sendable'-conforming struct 'MigrationStep' contains non-Sendable type '(any MigrationExecutor) -> ()'; this is an error in the Swift 6 language mode
 76 |     public let to: Int
 77 |     public let statements: [String]
 78 |     public let apply: MigrationApply?
    |                |- warning: stored property 'apply' of 'Sendable'-conforming struct 'MigrationStep' contains non-Sendable type '(any MigrationExecutor) -> ()'; this is an error in the Swift 6 language mode
    |                `- note: a function type must be marked '@Sendable' to conform to 'Sendable'
 79 |     public init(from: Int, to: Int, statements: [String], apply: MigrationApply? = nil) { self.from = from; self.to = to; self.statements = statements; self.apply = apply }
 80 | }

/private/tmp/board1-rc15-preparatory-46903cd0-xke1sctz/rod-worktrees/wt_T56-RC7-a-failed-wipe-is-not-resumable/ios/Packages/GodstoneFoundation/Sources/GodstoneMesh/SosCommand.swift:44:16: warning: stored property 'frame' of 'Sendable'-conforming struct 'ActiveSos' has non-Sendable type 'FrameV2'; this is an error in the Swift 6 language mode
 42 |     public let msgId: Data
 43 |     public let state: DeliveryState
 44 |     public let frame: FrameV2
    |                `- warning: stored property 'frame' of 'Sendable'-conforming struct 'ActiveSos' has non-Sendable type 'FrameV2'; this is an error in the Swift 6 language mode
 45 |     /// When this node committed the pair, when it remembers; nil when the
 46 |     /// tables cannot name the instant (honest silence over a fabricated clock).

/private/tmp/board1-rc15-preparatory-46903cd0-xke1sctz/rod-worktrees/wt_T56-RC7-a-failed-wipe-is-not-resumable/ios/Packages/GodstoneFoundation/Sources/GodstoneMesh/WireV2.swift:7:15: note: consider making struct 'FrameV2' conform to the 'Sendable' protocol
  5 | 
  6 | /// GMP/2 frame. Header is 32 bytes, big-endian.
  7 | public struct FrameV2: Equatable {
    |               `- note: consider making struct 'FrameV2' conform to the 'Sendable' protocol
  8 |     public static let magic: UInt16 = 0x4753
  9 |     public static let version: UInt8 = 0x02

/private/tmp/board1-rc15-preparatory-46903cd0-xke1sctz/rod-worktrees/wt_T56-RC7-a-failed-wipe-is-not-resumable/ios/Packages/GodstoneFoundation/Sources/GodstoneMesh/SyncControlOwner.swift:42:14: warning: associated value 'answered(frame:)' of 'Sendable'-conforming enum 'OwnerDecision' contains non-Sendable type 'FrameV2'; this is an error in the Swift 6 language mode
 40 |         case ignored(reason: String)
 41 |         case refused(reason: String)
 42 |         case answered(frame: FrameV2)
    |              `- warning: associated value 'answered(frame:)' of 'Sendable'-conforming enum 'OwnerDecision' contains non-Sendable type 'FrameV2'; this is an error in the Swift 6 language mode
 43 |         case delivered(frames: [FrameV2])
 44 |     }

/private/tmp/board1-rc15-preparatory-46903cd0-xke1sctz/rod-worktrees/wt_T56-RC7-a-failed-wipe-is-not-resumable/ios/Packages/GodstoneFoundation/Sources/GodstoneMesh/WireV2.swift:7:15: note: consider making struct 'FrameV2' conform to the 'Sendable' protocol
  5 | 
  6 | /// GMP/2 frame. Header is 32 bytes, big-endian.
  7 | public struct FrameV2: Equatable {
    |               `- note: consider making struct 'FrameV2' conform to the 'Sendable' protocol
  8 |     public static let magic: UInt16 = 0x4753
  9 |     public static let version: UInt8 = 0x02

/private/tmp/board1-rc15-preparatory-46903cd0-xke1sctz/rod-worktrees/wt_T56-RC7-a-failed-wipe-is-not-resumable/ios/Packages/GodstoneFoundation/Sources/GodstoneMesh/SyncControlOwner.swift:43:14: warning: associated value 'delivered(frames:)' of 'Sendable'-conforming enum 'OwnerDecision' contains non-Sendable type 'FrameV2'; this is an error in the Swift 6 language mode
 41 |         case refused(reason: String)
 42 |         case answered(frame: FrameV2)
 43 |         case delivered(frames: [FrameV2])
    |              `- warning: associated value 'delivered(frames:)' of 'Sendable'-conforming enum 'OwnerDecision' contains non-Sendable type 'FrameV2'; this is an error in the Swift 6 language mode
 44 |     }
 45 | 

/private/tmp/board1-rc15-preparatory-46903cd0-xke1sctz/rod-worktrees/wt_T56-RC7-a-failed-wipe-is-not-resumable/ios/Packages/GodstoneFoundation/Sources/GodstoneMesh/WireV2.swift:7:15: note: consider making struct 'FrameV2' conform to the 'Sendable' protocol
  5 | 
  6 | /// GMP/2 frame. Header is 32 bytes, big-endian.
  7 | public struct FrameV2: Equatable {
    |               `- note: consider making struct 'FrameV2' conform to the 'Sendable' protocol
  8 |     public static let magic: UInt16 = 0x4753
  9 |     public static let version: UInt8 = 0x02

/private/tmp/board1-rc15-preparatory-46903cd0-xke1sctz/rod-worktrees/wt_T56-RC7-a-failed-wipe-is-not-resumable/ios/Packages/GodstoneFoundation/Sources/GodstoneMesh/SyncPump.swift:46:16: warning: stored property 'frame' of 'Sendable'-conforming struct 'ForwardCopy' has non-Sendable type 'FrameV2'; this is an error in the Swift 6 language mode
 44 | /// exactly once -- and every retry re-emiteth these exact bytes.
 45 | public struct ForwardCopy: Equatable, Sendable {
 46 |     public let frame: FrameV2
    |                `- warning: stored property 'frame' of 'Sendable'-conforming struct 'ForwardCopy' has non-Sendable type 'FrameV2'; this is an error in the Swift 6 language mode
 47 |     /// The immediate hop it arrived from, which is never offered it back.
 48 |     public let fromPeer: Data?

/private/tmp/board1-rc15-preparatory-46903cd0-xke1sctz/rod-worktrees/wt_T56-RC7-a-failed-wipe-is-not-resumable/ios/Packages/GodstoneFoundation/Sources/GodstoneMesh/WireV2.swift:7:15: note: consider making struct 'FrameV2' conform to the 'Sendable' protocol
  5 | 
  6 | /// GMP/2 frame. Header is 32 bytes, big-endian.
  7 | public struct FrameV2: Equatable {
    |               `- note: consider making struct 'FrameV2' conform to the 'Sendable' protocol
  8 |     public static let magic: UInt16 = 0x4753
  9 |     public static let version: UInt8 = 0x02

/private/tmp/board1-rc15-preparatory-46903cd0-xke1sctz/rod-worktrees/wt_T56-RC7-a-failed-wipe-is-not-resumable/ios/Packages/GodstoneFoundation/Sources/GodstoneMesh/TrustedHandshakeController.swift:39:9: warning: stored property 'noiseSession' of 'Sendable'-conforming struct 'DefaultHs3Writer' has non-Sendable type 'NoiseSession'; this is an error in the Swift 6 language mode
 37 | 
 38 | internal struct DefaultHs3Writer: Hs3Writer {
 39 |     let noiseSession: NoiseSession
    |         `- warning: stored property 'noiseSession' of 'Sendable'-conforming struct 'DefaultHs3Writer' has non-Sendable type 'NoiseSession'; this is an error in the Swift 6 language mode
 40 |     func writeHs3(payload: Data) throws -> Data {
 41 |         try noiseSession.writeMessage3(payload: payload)

/private/tmp/board1-rc15-preparatory-46903cd0-xke1sctz/rod-worktrees/wt_T56-RC7-a-failed-wipe-is-not-resumable/ios/Packages/GodstoneFoundation/Sources/GodstoneMesh/NoiseSession.swift:48:20: note: class 'NoiseSession' does not conform to the 'Sendable' protocol
 46 | }
 47 | 
 48 | public final class NoiseSession {
    |                    `- note: class 'NoiseSession' does not conform to the 'Sendable' protocol
 49 | 
 50 |     public enum Role { case initiator, responder }

[#AddPreconcurrencyImport]: <https://docs.swift.org/compiler/documentation/diagnostics/add-preconcurrency-import>
[#UnnecessaryEffectMarker]: <https://docs.swift.org/compiler/documentation/diagnostics/unnecessary-effect-marker>
[48 / 52] GodstoneMesh
/private/tmp/board1-rc15-preparatory-46903cd0-xke1sctz/rod-worktrees/wt_T56-RC7-a-failed-wipe-is-not-resumable/ios/Packages/GodstoneFoundation/Sources/GodstoneMesh/LinkInfoSnapshotAuthority.swift:143:13: warning: variable 'bloom' was never mutated; consider changing to 'let' constant [#VariableNeverMutated]
141 |         let nodeHint = identity.nodeHint
142 |         var count = 0
143 |         var bloom = BloomDigest()
    |             `- warning: variable 'bloom' was never mutated; consider changing to 'let' constant [#VariableNeverMutated]
144 |         store.forEachHeldMsgId { msgId in
145 |             count += 1

/private/tmp/board1-rc15-preparatory-46903cd0-xke1sctz/rod-worktrees/wt_T56-RC7-a-failed-wipe-is-not-resumable/ios/Packages/GodstoneFoundation/Sources/GodstoneMesh/MeshRuntime.swift:1309:17: warning: no calls to throwing functions occur within 'try' expression [#UnnecessaryEffectMarker]
1307 |             invalidateRuntime: { [invalidator, messageStore, peerIdentityStore,
1308 |                                  adoptedMessageConnection, adoptedPeerConnection] in
1309 |                 try invalidator.invalidateForWipe()
     |                 `- warning: no calls to throwing functions occur within 'try' expression [#UnnecessaryEffectMarker]
1310 |                 messageStore.close()
1311 |                 peerIdentityStore.close()

/private/tmp/board1-rc15-preparatory-46903cd0-xke1sctz/rod-worktrees/wt_T56-RC7-a-failed-wipe-is-not-resumable/ios/Packages/GodstoneFoundation/Sources/GodstoneMesh/MeshRuntime.swift:1528:13: warning: stored property 'dekProvider' of 'Sendable'-conforming struct 'DefaultRecoveryEstate' contains non-Sendable type 'any PrivateStoreKeyProvider'; this is an error in the Swift 6 language mode
1526 |         let peerStoreUrl: URL
1527 |         let keychain: any LocalIdentityKeychain
1528 |         let dekProvider: (any PrivateStoreKeyProvider)?
     |             `- warning: stored property 'dekProvider' of 'Sendable'-conforming struct 'DefaultRecoveryEstate' contains non-Sendable type 'any PrivateStoreKeyProvider'; this is an error in the Swift 6 language mode
1529 |         /// The composition's ONE owner registry; the production recovery road drains and closes through IT.
1530 |         let registry: EstateOwnerRegistry

/private/tmp/board1-rc15-preparatory-46903cd0-xke1sctz/rod-worktrees/wt_T56-RC7-a-failed-wipe-is-not-resumable/ios/Packages/GodstoneFoundation/Sources/GodstoneMesh/PrivateStoreKeyProvider.swift:66:17: note: protocol 'PrivateStoreKeyProvider' does not conform to the 'Sendable' protocol
 64 | /// `DefaultPrivateStoreKeyProvider`; the court injects a fake to drive wrong-DEK,
 65 | /// Keychain-unavailable, locked-device and protection-failure decisions on the host.
 66 | public protocol PrivateStoreKeyProvider: AnyObject {
    |                 `- note: protocol 'PrivateStoreKeyProvider' does not conform to the 'Sendable' protocol
 67 |     /// The pinned DEK length in bytes (AES-256).
 68 |     var dekByteCount: Int { get }

/private/tmp/board1-rc15-preparatory-46903cd0-xke1sctz/rod-worktrees/wt_T56-RC7-a-failed-wipe-is-not-resumable/ios/Packages/GodstoneFoundation/Sources/GodstoneMesh/MeshRuntime.swift:1533:13: warning: stored property 'liveTransportSeam' of 'Sendable'-conforming struct 'DefaultRecoveryEstate' contains non-Sendable type 'any TransportRuntimeSeam'; this is an error in the Swift 6 language mode
1531 |         /// The runtime's live transport seam, when one is running; `nil` at create time, where the registry's own
1532 |         /// positive cold proof is what the drain rung stands on.
1533 |         let liveTransportSeam: TransportRuntimeSeam?
     |             `- warning: stored property 'liveTransportSeam' of 'Sendable'-conforming struct 'DefaultRecoveryEstate' contains non-Sendable type 'any TransportRuntimeSeam'; this is an error in the Swift 6 language mode
1534 |         /// The runtime's owner invalidation/close hook, carried across rather than dropped.
1535 |         let invalidateLiveOwners: () -> Void

/private/tmp/board1-rc15-preparatory-46903cd0-xke1sctz/rod-worktrees/wt_T56-RC7-a-failed-wipe-is-not-resumable/ios/Packages/GodstoneFoundation/Sources/GodstoneMesh/CrashResumableWipe.swift:203:17: note: protocol 'TransportRuntimeSeam' does not conform to the 'Sendable' protocol
201 | }
202 | 
203 | public protocol TransportRuntimeSeam: AnyObject {
    |                 `- note: protocol 'TransportRuntimeSeam' does not conform to the 'Sendable' protocol
204 |     func drainTransport() -> RuntimeDrainReceipt
205 |     /// Whether THIS process lifetime has drained the transport; a reboot starts un-quiesced.

/private/tmp/board1-rc15-preparatory-46903cd0-xke1sctz/rod-worktrees/wt_T56-RC7-a-failed-wipe-is-not-resumable/ios/Packages/GodstoneFoundation/Sources/GodstoneMesh/MeshRuntime.swift:1535:13: warning: stored property 'invalidateLiveOwners' of 'Sendable'-conforming struct 'DefaultRecoveryEstate' has non-Sendable type '() -> ()'; this is an error in the Swift 6 language mode
1533 |         let liveTransportSeam: TransportRuntimeSeam?
1534 |         /// The runtime's owner invalidation/close hook, carried across rather than dropped.
1535 |         let invalidateLiveOwners: () -> Void
     |             |- warning: stored property 'invalidateLiveOwners' of 'Sendable'-conforming struct 'DefaultRecoveryEstate' has non-Sendable type '() -> ()'; this is an error in the Swift 6 language mode
     |             `- note: a function type must be marked '@Sendable' to conform to 'Sendable'
1536 |         internal init(messageStoreUrl: URL, peerStoreUrl: URL,
1537 |                       keychain: any LocalIdentityKeychain,

/private/tmp/board1-rc15-preparatory-46903cd0-xke1sctz/rod-worktrees/wt_T56-RC7-a-failed-wipe-is-not-resumable/ios/Packages/GodstoneFoundation/Sources/GodstoneMesh/MeshRuntime.swift:307:24: warning: no calls to throwing functions occur within 'try' expression [#UnnecessaryEffectMarker]
 305 |                     return .storageFailure
 306 |                 }
 307 |                 return try messageStore.commitInboundWithObligationAtWithFault(
     |                        `- warning: no calls to throwing functions occur within 'try' expression [#UnnecessaryEffectMarker]
 308 |                     frame, receivedFrom: receivedFrom, localRecipientNodeId: localRecipient,
 309 |                     identityGeneration: generation, obligationLifetimeMs: lifetime,

[#UnnecessaryEffectMarker]: <https://docs.swift.org/compiler/documentation/diagnostics/unnecessary-effect-marker>
[#VariableNeverMutated]: <https://docs.swift.org/compiler/documentation/diagnostics/variable-never-mutated>
/private/tmp/board1-rc15-preparatory-46903cd0-xke1sctz/rod-worktrees/wt_T56-RC7-a-failed-wipe-is-not-resumable/ios/Packages/GodstoneFoundation/Sources/GodstoneMesh/SchemaMigration.swift:78:16: warning: stored property 'apply' of 'Sendable'-conforming struct 'MigrationStep' contains non-Sendable type '(any MigrationExecutor) -> ()'; this is an error in the Swift 6 language mode
 76 |     public let to: Int
 77 |     public let statements: [String]
 78 |     public let apply: MigrationApply?
    |                |- warning: stored property 'apply' of 'Sendable'-conforming struct 'MigrationStep' contains non-Sendable type '(any MigrationExecutor) -> ()'; this is an error in the Swift 6 language mode
    |                `- note: a function type must be marked '@Sendable' to conform to 'Sendable'
 79 |     public init(from: Int, to: Int, statements: [String], apply: MigrationApply? = nil) { self.from = from; self.to = to; self.statements = statements; self.apply = apply }
 80 | }
/private/tmp/board1-rc15-preparatory-46903cd0-xke1sctz/rod-worktrees/wt_T56-RC7-a-failed-wipe-is-not-resumable/ios/Packages/GodstoneFoundation/Sources/GodstoneMesh/SessionManager.swift:409:21: warning: result of call to 'removeSlot' is unused [#NoUsage]
407 |                 guard isActive else {
408 |                     _ = slot.retire()
409 |                     removeSlot(admission)
    |                     `- warning: result of call to 'removeSlot' is unused [#NoUsage]
410 |                     ctrl.destroy()
411 |                     return nil

/private/tmp/board1-rc15-preparatory-46903cd0-xke1sctz/rod-worktrees/wt_T56-RC7-a-failed-wipe-is-not-resumable/ios/Packages/GodstoneFoundation/Sources/GodstoneMesh/SessionManager.swift:443:17: warning: result of call to 'removeSlot' is unused [#NoUsage]
441 |             }
442 |             if let doomed = doomed {
443 |                 removeSlot(admission)
    |                 `- warning: result of call to 'removeSlot' is unused [#NoUsage]
444 |                 doomed.destroy()
445 |             }

/private/tmp/board1-rc15-preparatory-46903cd0-xke1sctz/rod-worktrees/wt_T56-RC7-a-failed-wipe-is-not-resumable/ios/Packages/GodstoneFoundation/Sources/GodstoneMesh/SessionManager.swift:476:21: warning: result of call to 'removeSlot' is unused [#NoUsage]
474 |                 guard isActive else {
475 |                     _ = slot.retire()
476 |                     removeSlot(admission)
    |                     `- warning: result of call to 'removeSlot' is unused [#NoUsage]
477 |                     ctrl.destroy()
478 |                     return nil

/private/tmp/board1-rc15-preparatory-46903cd0-xke1sctz/rod-worktrees/wt_T56-RC7-a-failed-wipe-is-not-resumable/ios/Packages/GodstoneFoundation/Sources/GodstoneMesh/SessionManager.swift:470:33: warning: no calls to throwing functions occur within 'try' expression [#UnnecessaryEffectMarker]
468 |                     trustAuthority: trustAuthority
469 |                 )
470 |                 guard let hs2 = try? ctrl.responderProcessMessage1AndWriteMessage2(hs1: hs1) else {
    |                                 `- warning: no calls to throwing functions occur within 'try' expression [#UnnecessaryEffectMarker]
471 |                     ctrl.destroy()
472 |                     return nil

/private/tmp/board1-rc15-preparatory-46903cd0-xke1sctz/rod-worktrees/wt_T56-RC7-a-failed-wipe-is-not-resumable/ios/Packages/GodstoneFoundation/Sources/GodstoneMesh/SessionManager.swift:506:17: warning: result of call to 'removeSlot' is unused [#NoUsage]
504 |             }
505 |             if let doomed = doomed {
506 |                 removeSlot(admission)
    |                 `- warning: result of call to 'removeSlot' is unused [#NoUsage]
507 |                 doomed.destroy()
508 |             }

/private/tmp/board1-rc15-preparatory-46903cd0-xke1sctz/rod-worktrees/wt_T56-RC7-a-failed-wipe-is-not-resumable/ios/Packages/GodstoneFoundation/Sources/GodstoneMesh/SosCommand.swift:44:16: warning: stored property 'frame' of 'Sendable'-conforming struct 'ActiveSos' has non-Sendable type 'FrameV2'; this is an error in the Swift 6 language mode
 42 |     public let msgId: Data
 43 |     public let state: DeliveryState
 44 |     public let frame: FrameV2
    |                `- warning: stored property 'frame' of 'Sendable'-conforming struct 'ActiveSos' has non-Sendable type 'FrameV2'; this is an error in the Swift 6 language mode
 45 |     /// When this node committed the pair, when it remembers; nil when the
 46 |     /// tables cannot name the instant (honest silence over a fabricated clock).

/private/tmp/board1-rc15-preparatory-46903cd0-xke1sctz/rod-worktrees/wt_T56-RC7-a-failed-wipe-is-not-resumable/ios/Packages/GodstoneFoundation/Sources/GodstoneMesh/WireV2.swift:7:15: note: consider making struct 'FrameV2' conform to the 'Sendable' protocol
  5 | 
  6 | /// GMP/2 frame. Header is 32 bytes, big-endian.
  7 | public struct FrameV2: Equatable {
    |               `- note: consider making struct 'FrameV2' conform to the 'Sendable' protocol
  8 |     public static let magic: UInt16 = 0x4753
  9 |     public static let version: UInt8 = 0x02

[#NoUsage]: <https://docs.swift.org/compiler/documentation/diagnostics/no-usage>
[#UnnecessaryEffectMarker]: <https://docs.swift.org/compiler/documentation/diagnostics/unnecessary-effect-marker>
/private/tmp/board1-rc15-preparatory-46903cd0-xke1sctz/rod-worktrees/wt_T56-RC7-a-failed-wipe-is-not-resumable/ios/Packages/GodstoneFoundation/Sources/GodstoneMesh/EstateOwnerRegistry.swift:36:40: warning: result of call to 'serialized' is unused [#NoUsage]
 34 | 
 35 |     public func unregister(_ token: Int) {
 36 |         PhysicalEstateAuthority.shared.serialized { root.entries.removeValue(forKey: token) }
    |                                        `- warning: result of call to 'serialized' is unused [#NoUsage]
 37 |     }
 38 | 

/private/tmp/board1-rc15-preparatory-46903cd0-xke1sctz/rod-worktrees/wt_T56-RC7-a-failed-wipe-is-not-resumable/ios/Packages/GodstoneFoundation/Sources/GodstoneMesh/LabRuntime.swift:1942:17: warning: stored property 'trustStore' of 'Sendable'-conforming struct 'LabEstateSeam' contains non-Sendable type 'SqlitePeerIdentityStore'; this is an error in the Swift 6 language mode
1940 |     private let paths: [String: URL]
1941 |     private let drain: LabEstateDrainSeam?
1942 |     private let trustStore: SqlitePeerIdentityStore?
     |                 `- warning: stored property 'trustStore' of 'Sendable'-conforming struct 'LabEstateSeam' contains non-Sendable type 'SqlitePeerIdentityStore'; this is an error in the Swift 6 language mode
1943 |     internal let keychain: any LocalIdentityKeychain = HarnessIdentityKeychain()
1944 |     /// The lab carries no encrypted private store (its stores are plaintext files under Application Support), so

/private/tmp/board1-rc15-preparatory-46903cd0-xke1sctz/rod-worktrees/wt_T56-RC7-a-failed-wipe-is-not-resumable/ios/Packages/GodstoneFoundation/Sources/GodstoneMesh/PeerIdentityStore.swift:288:22: note: class 'SqlitePeerIdentityStore' does not conform to the 'Sendable' protocol
 286 | 
 287 | /// Production SQLite-backed peer identity store with fixed FileProtectionType.complete (ADR-003, Phase C8.2B).
 288 | internal final class SqlitePeerIdentityStore: PeerIdentityStore {
     |                      `- note: class 'SqlitePeerIdentityStore' does not conform to the 'Sendable' protocol
 289 |     private var handle: OpaquePointer?
 290 | 

/private/tmp/board1-rc15-preparatory-46903cd0-xke1sctz/rod-worktrees/wt_T56-RC7-a-failed-wipe-is-not-resumable/ios/Packages/GodstoneFoundation/Sources/GodstoneMesh/LabRuntime.swift:1946:18: warning: stored property 'dekProvider' of 'Sendable'-conforming struct 'LabEstateSeam' contains non-Sendable type 'any PrivateStoreKeyProvider'; this is an error in the Swift 6 language mode
1944 |     /// The lab carries no encrypted private store (its stores are plaintext files under Application Support), so
1945 |     /// there is no DEK to erase and the vault answereth `.absent` -- the tri-state doctrine's own honest word.
1946 |     internal let dekProvider: (any PrivateStoreKeyProvider)? = nil
     |                  `- warning: stored property 'dekProvider' of 'Sendable'-conforming struct 'LabEstateSeam' contains non-Sendable type 'any PrivateStoreKeyProvider'; this is an error in the Swift 6 language mode
1947 | 
1948 |     /// - Parameters:

/private/tmp/board1-rc15-preparatory-46903cd0-xke1sctz/rod-worktrees/wt_T56-RC7-a-failed-wipe-is-not-resumable/ios/Packages/GodstoneFoundation/Sources/GodstoneMesh/PrivateStoreKeyProvider.swift:66:17: note: protocol 'PrivateStoreKeyProvider' does not conform to the 'Sendable' protocol
 64 | /// `DefaultPrivateStoreKeyProvider`; the court injects a fake to drive wrong-DEK,
 65 | /// Keychain-unavailable, locked-device and protection-failure decisions on the host.
 66 | public protocol PrivateStoreKeyProvider: AnyObject {
    |                 `- note: protocol 'PrivateStoreKeyProvider' does not conform to the 'Sendable' protocol
 67 |     /// The pinned DEK length in bytes (AES-256).
 68 |     var dekByteCount: Int { get }

/private/tmp/board1-rc15-preparatory-46903cd0-xke1sctz/rod-worktrees/wt_T56-RC7-a-failed-wipe-is-not-resumable/ios/Packages/GodstoneFoundation/Sources/GodstoneMesh/LabRuntime.swift:525:23: warning: value 'fromNode' was defined but never used; consider replacing with boolean test [#NoUsage]
 523 |         // pair's node ids are bound to the peer handle -- the same relation the transport delegate would bind.
 524 |         for from in labels {
 525 |             guard let fromNode = harness.node(from) else { continue }
     |                       `- warning: value 'fromNode' was defined but never used; consider replacing with boolean test [#NoUsage]
 526 |             for to in harness.linkedPeerLabels(from) {
 527 |                 guard let toNode = harness.node(to), let peerHandle = harness.transportHandle(for: to) else { continue }

/private/tmp/board1-rc15-preparatory-46903cd0-xke1sctz/rod-worktrees/wt_T56-RC7-a-failed-wipe-is-not-resumable/ios/Packages/GodstoneFoundation/Sources/GodstoneMesh/LabRuntime.swift:420:27: warning: no calls to throwing functions occur within 'try' expression [#UnnecessaryEffectMarker]
 418 |                 // *** G1: THE REAL PRIVATE-STORE DOOR IS REACHED *HERE*, SO THE WITNESS IS RAISED HERE. ***
 419 |                 LabRecoveryOpenProbe.notePrivateStoreOpen(url.path)
 420 |                 durable = try SqliteMessageStore(url: url, maxBytes: 64 * 1024 * 1024)
     |                           `- warning: no calls to throwing functions occur within 'try' expression [#UnnecessaryEffectMarker]
 421 |                 nodeStores[label] = durable
 422 |                 // *EVERY LABEL'S FILE, SO THE WIPE CAN REACH THE WHOLE LAB ESTATE AND NOT ONE LABEL'S SLICE.*

[#NoUsage]: <https://docs.swift.org/compiler/documentation/diagnostics/no-usage>
[#UnnecessaryEffectMarker]: <https://docs.swift.org/compiler/documentation/diagnostics/unnecessary-effect-marker>
/private/tmp/board1-rc15-preparatory-46903cd0-xke1sctz/rod-worktrees/wt_T56-RC7-a-failed-wipe-is-not-resumable/ios/Packages/GodstoneFoundation/Sources/GodstoneMesh/PeerIdentityStore.swift:368:25: warning: result of call to function returning 'Int32' is unused [#NoUsage]
 366 |             // *MIGRATIONS RUN UNDER THE OWNER'S USE LOCK, on the supplied connection -- never a second one.*
 367 |             try owned.usingConnection { raw in
 368 |                 self.fn.busyTimeout(raw, 5000)
     |                         `- warning: result of call to function returning 'Int32' is unused [#NoUsage]
 369 |                 try self.runMigrations(raw)
 370 |             }

/private/tmp/board1-rc15-preparatory-46903cd0-xke1sctz/rod-worktrees/wt_T56-RC7-a-failed-wipe-is-not-resumable/ios/Packages/GodstoneFoundation/Sources/GodstoneMesh/PeerIdentityStore.swift:392:33: warning: result of call to function returning 'Int32' is unused [#NoUsage]
 390 |         let flags = SQLITE_OPEN_READWRITE | SQLITE_OPEN_CREATE | SQLITE_OPEN_FULLMUTEX
 391 |         guard fn.openV2(path, &db, flags, nil) == SQLITE_OK, let validDb = db else {
 392 |             if let db = db { fn.closeV2(db) }
     |                                 `- warning: result of call to function returning 'Int32' is unused [#NoUsage]
 393 |             throw PeerStoreError.handleMissing
 394 |         }

/private/tmp/board1-rc15-preparatory-46903cd0-xke1sctz/rod-worktrees/wt_T56-RC7-a-failed-wipe-is-not-resumable/ios/Packages/GodstoneFoundation/Sources/GodstoneMesh/PeerIdentityStore.swift:398:12: warning: result of call to function returning 'Int32' is unused [#NoUsage]
 396 | 
 397 |         // Set busy timeout for cross-connection concurrency
 398 |         fn.busyTimeout(validDb, 5000)
     |            `- warning: result of call to function returning 'Int32' is unused [#NoUsage]
 399 | 
 400 |         do {

/private/tmp/board1-rc15-preparatory-46903cd0-xke1sctz/rod-worktrees/wt_T56-RC7-a-failed-wipe-is-not-resumable/ios/Packages/GodstoneFoundation/Sources/GodstoneMesh/PeerIdentityStore.swift:403:16: warning: result of call to function returning 'Int32' is unused [#NoUsage]
 401 |             try runMigrations(validDb)
 402 |         } catch {
 403 |             fn.closeV2(validDb)
     |                `- warning: result of call to function returning 'Int32' is unused [#NoUsage]
 404 |             handle = nil
 405 |             throw error

/private/tmp/board1-rc15-preparatory-46903cd0-xke1sctz/rod-worktrees/wt_T56-RC7-a-failed-wipe-is-not-resumable/ios/Packages/GodstoneFoundation/Sources/GodstoneMesh/PeerIdentityStore.swift:427:16: warning: result of call to function returning 'Int32' is unused [#NoUsage]
 425 |             try protectionSetter(path, fileProtection)
 426 |         } catch {
 427 |             fn.closeV2(validDb)
     |                `- warning: result of call to function returning 'Int32' is unused [#NoUsage]
 428 |             handle = nil
 429 |             throw PeerStoreError.fileProtectionFailed

/private/tmp/board1-rc15-preparatory-46903cd0-xke1sctz/rod-worktrees/wt_T56-RC7-a-failed-wipe-is-not-resumable/ios/Packages/GodstoneFoundation/Sources/GodstoneMesh/PeerIdentityStore.swift:438:16: warning: result of call to function returning 'Int32' is unused [#NoUsage]
 436 |     deinit {
 437 |         if ownsConnection, let db = handle {
 438 |             fn.closeV2(db)
     |                `- warning: result of call to function returning 'Int32' is unused [#NoUsage]
 439 |         }
 440 |         releaseAdoptedLease()

/private/tmp/board1-rc15-preparatory-46903cd0-xke1sctz/rod-worktrees/wt_T56-RC7-a-failed-wipe-is-not-resumable/ios/Packages/GodstoneFoundation/Sources/GodstoneMesh/PeerIdentityStore.swift:460:16: warning: result of call to function returning 'Int32' is unused [#NoUsage]
 458 |         }
 459 |         if let db = handle {
 460 |             fn.closeV2(db)
     |                `- warning: result of call to function returning 'Int32' is unused [#NoUsage]
 461 |             handle = nil
 462 |         }

/private/tmp/board1-rc15-preparatory-46903cd0-xke1sctz/rod-worktrees/wt_T56-RC7-a-failed-wipe-is-not-resumable/ios/Packages/GodstoneFoundation/Sources/GodstoneMesh/PeerIdentityStore.swift:487:20: warning: result of call to function returning 'Int32' is unused [#NoUsage]
 485 |             let result = try block(txStore)
 486 |             guard fn.exec(db, "COMMIT", nil, nil, nil) == SQLITE_OK else {
 487 |                 fn.exec(db, "ROLLBACK", nil, nil, nil)
     |                    `- warning: result of call to function returning 'Int32' is unused [#NoUsage]
 488 |                 throw PeerStoreError.stepFailed
 489 |             }

/private/tmp/board1-rc15-preparatory-46903cd0-xke1sctz/rod-worktrees/wt_T56-RC7-a-failed-wipe-is-not-resumable/ios/Packages/GodstoneFoundation/Sources/GodstoneMesh/PeerIdentityStore.swift:492:16: warning: result of call to function returning 'Int32' is unused [#NoUsage]
 490 |             return result
 491 |         } catch {
 492 |             fn.exec(db, "ROLLBACK", nil, nil, nil)
     |                `- warning: result of call to function returning 'Int32' is unused [#NoUsage]
 493 |             throw error
 494 |         }

/private/tmp/board1-rc15-preparatory-46903cd0-xke1sctz/rod-worktrees/wt_T56-RC7-a-failed-wipe-is-not-resumable/ios/Packages/GodstoneFoundation/Sources/GodstoneMesh/PeerIdentityStore.swift:500:16: warning: result of call to function returning 'Int32' is unused [#NoUsage]
 498 |         var stmt: OpaquePointer?
 499 |         guard fn.prepareV2(db, "PRAGMA user_version", -1, &stmt, nil) == SQLITE_OK else {
 500 |             fn.finalize(stmt); throw PeerStoreError.prepareFailed
     |                `- warning: result of call to function returning 'Int32' is unused [#NoUsage]
 501 |         }
 502 |         defer { fn.finalize(stmt) }

/private/tmp/board1-rc15-preparatory-46903cd0-xke1sctz/rod-worktrees/wt_T56-RC7-a-failed-wipe-is-not-resumable/ios/Packages/GodstoneFoundation/Sources/GodstoneMesh/PeerIdentityStore.swift:502:20: warning: result of call to function returning 'Int32' is unused [#NoUsage]
 500 |             fn.finalize(stmt); throw PeerStoreError.prepareFailed
 501 |         }
 502 |         defer { fn.finalize(stmt) }
     |                    `- warning: result of call to function returning 'Int32' is unused [#NoUsage]
 503 |         guard fn.step(stmt) == SQLITE_ROW else { throw PeerStoreError.stepFailed }
 504 |         return fn.columnInt(stmt, 0)

/private/tmp/board1-rc15-preparatory-46903cd0-xke1sctz/rod-worktrees/wt_T56-RC7-a-failed-wipe-is-not-resumable/ios/Packages/GodstoneFoundation/Sources/GodstoneMesh/PeerIdentityStore.swift:511:16: warning: result of call to function returning 'Int32' is unused [#NoUsage]
 509 |         let sql = "SELECT 1 FROM sqlite_master WHERE type = 'table' AND name = ?"
 510 |         guard fn.prepareV2(db, sql, -1, &stmt, nil) == SQLITE_OK else {
 511 |             fn.finalize(stmt); throw PeerStoreError.prepareFailed
     |                `- warning: result of call to function returning 'Int32' is unused [#NoUsage]
 512 |         }
 513 |         defer { fn.finalize(stmt) }

/private/tmp/board1-rc15-preparatory-46903cd0-xke1sctz/rod-worktrees/wt_T56-RC7-a-failed-wipe-is-not-resumable/ios/Packages/GodstoneFoundation/Sources/GodstoneMesh/PeerIdentityStore.swift:513:20: warning: result of call to function returning 'Int32' is unused [#NoUsage]
 511 |             fn.finalize(stmt); throw PeerStoreError.prepareFailed
 512 |         }
 513 |         defer { fn.finalize(stmt) }
     |                    `- warning: result of call to function returning 'Int32' is unused [#NoUsage]
 514 |         bindText(stmt, 1, name)
 515 |         let rc = fn.step(stmt)

/private/tmp/board1-rc15-preparatory-46903cd0-xke1sctz/rod-worktrees/wt_T56-RC7-a-failed-wipe-is-not-resumable/ios/Packages/GodstoneFoundation/Sources/GodstoneMesh/PeerIdentityStore.swift:535:20: warning: result of call to function returning 'Int32' is unused [#NoUsage]
 533 |                 guard fn.exec(db, "COMMIT", nil, nil, nil) == SQLITE_OK else { throw PeerStoreError.stepFailed }
 534 |             } catch {
 535 |                 fn.exec(db, "ROLLBACK", nil, nil, nil)
     |                    `- warning: result of call to function returning 'Int32' is unused [#NoUsage]
 536 |                 throw error
 537 |             }

/private/tmp/board1-rc15-preparatory-46903cd0-xke1sctz/rod-worktrees/wt_T56-RC7-a-failed-wipe-is-not-resumable/ios/Packages/GodstoneFoundation/Sources/GodstoneMesh/PeerIdentityStore.swift:561:16: warning: result of call to function returning 'Int32' is unused [#NoUsage]
 559 |         let sql = "SELECT sql FROM sqlite_master WHERE type = 'table' AND name = ?"
 560 |         guard fn.prepareV2(db, sql, -1, &stmt, nil) == SQLITE_OK else {
 561 |             fn.finalize(stmt); throw PeerStoreError.prepareFailed
     |                `- warning: result of call to function returning 'Int32' is unused [#NoUsage]
 562 |         }
 563 |         defer { fn.finalize(stmt) }

/private/tmp/board1-rc15-preparatory-46903cd0-xke1sctz/rod-worktrees/wt_T56-RC7-a-failed-wipe-is-not-resumable/ios/Packages/GodstoneFoundation/Sources/GodstoneMesh/PeerIdentityStore.swift:563:20: warning: result of call to function returning 'Int32' is unused [#NoUsage]
 561 |             fn.finalize(stmt); throw PeerStoreError.prepareFailed
 562 |         }
 563 |         defer { fn.finalize(stmt) }
     |                    `- warning: result of call to function returning 'Int32' is unused [#NoUsage]
 564 |         bindText(stmt, 1, PeerIdentitySchema.table)
 565 |         guard fn.step(stmt) == SQLITE_ROW, let raw = fn.columnText(stmt, 0) else {

/private/tmp/board1-rc15-preparatory-46903cd0-xke1sctz/rod-worktrees/wt_T56-RC7-a-failed-wipe-is-not-resumable/ios/Packages/GodstoneFoundation/Sources/GodstoneMesh/PeerIdentityStore.swift:752:16: warning: result of call to function returning 'Int32' is unused [#NoUsage]
 750 |         var stmt: OpaquePointer?
 751 |         guard fn.prepareV2(db, PeerIdentitySchema.readRawSql, -1, &stmt, nil) == SQLITE_OK else {
 752 |             fn.finalize(stmt); throw PeerStoreError.prepareFailed
     |                `- warning: result of call to function returning 'Int32' is unused [#NoUsage]
 753 |         }
 754 |         defer { fn.finalize(stmt) }

/private/tmp/board1-rc15-preparatory-46903cd0-xke1sctz/rod-worktrees/wt_T56-RC7-a-failed-wipe-is-not-resumable/ios/Packages/GodstoneFoundation/Sources/GodstoneMesh/PeerIdentityStore.swift:754:20: warning: result of call to function returning 'Int32' is unused [#NoUsage]
 752 |             fn.finalize(stmt); throw PeerStoreError.prepareFailed
 753 |         }
 754 |         defer { fn.finalize(stmt) }
     |                    `- warning: result of call to function returning 'Int32' is unused [#NoUsage]
 755 |         bindBlob(stmt, 1, nodeId)
 756 | 

/private/tmp/board1-rc15-preparatory-46903cd0-xke1sctz/rod-worktrees/wt_T56-RC7-a-failed-wipe-is-not-resumable/ios/Packages/GodstoneFoundation/Sources/GodstoneMesh/PeerIdentityStore.swift:790:16: warning: result of call to function returning 'Int32' is unused [#NoUsage]
 788 |         var stmt: OpaquePointer?
 789 |         guard fn.prepareV2(db, PeerIdentitySchema.insertFirstSeenSql, -1, &stmt, nil) == SQLITE_OK else {
 790 |             fn.finalize(stmt); throw PeerStoreError.prepareFailed
     |                `- warning: result of call to function returning 'Int32' is unused [#NoUsage]
 791 |         }
 792 |         defer { fn.finalize(stmt) }

/private/tmp/board1-rc15-preparatory-46903cd0-xke1sctz/rod-worktrees/wt_T56-RC7-a-failed-wipe-is-not-resumable/ios/Packages/GodstoneFoundation/Sources/GodstoneMesh/PeerIdentityStore.swift:792:20: warning: result of call to function returning 'Int32' is unused [#NoUsage]
 790 |             fn.finalize(stmt); throw PeerStoreError.prepareFailed
 791 |         }
 792 |         defer { fn.finalize(stmt) }
     |                    `- warning: result of call to function returning 'Int32' is unused [#NoUsage]
 793 |         bindBlob(stmt, 1, nodeId)
 794 |         bindBlob(stmt, 2, signingPub)

/private/tmp/board1-rc15-preparatory-46903cd0-xke1sctz/rod-worktrees/wt_T56-RC7-a-failed-wipe-is-not-resumable/ios/Packages/GodstoneFoundation/Sources/GodstoneMesh/PeerIdentityStore.swift:796:12: warning: result of call to function returning 'Int32' is unused [#NoUsage]
 794 |         bindBlob(stmt, 2, signingPub)
 795 |         bindBlob(stmt, 3, acceptedStatic)
 796 |         fn.bindInt64(stmt, 4, acceptedGeneration)
     |            `- warning: result of call to function returning 'Int32' is unused [#NoUsage]
 797 |         fn.bindInt(stmt, 5, trustCode)
 798 | 

/private/tmp/board1-rc15-preparatory-46903cd0-xke1sctz/rod-worktrees/wt_T56-RC7-a-failed-wipe-is-not-resumable/ios/Packages/GodstoneFoundation/Sources/GodstoneMesh/PeerIdentityStore.swift:797:12: warning: result of call to function returning 'Int32' is unused [#NoUsage]
 795 |         bindBlob(stmt, 3, acceptedStatic)
 796 |         fn.bindInt64(stmt, 4, acceptedGeneration)
 797 |         fn.bindInt(stmt, 5, trustCode)
     |            `- warning: result of call to function returning 'Int32' is unused [#NoUsage]
 798 | 
 799 |         guard fn.step(stmt) == SQLITE_DONE else { throw PeerStoreError.stepFailed }

/private/tmp/board1-rc15-preparatory-46903cd0-xke1sctz/rod-worktrees/wt_T56-RC7-a-failed-wipe-is-not-resumable/ios/Packages/GodstoneFoundation/Sources/GodstoneMesh/PeerIdentityStore.swift:815:16: warning: result of call to function returning 'Int32' is unused [#NoUsage]
 813 |         var stmt: OpaquePointer?
 814 |         guard fn.prepareV2(db, PeerIdentitySchema.setInitialPendingSql, -1, &stmt, nil) == SQLITE_OK else {
 815 |             fn.finalize(stmt); throw PeerStoreError.prepareFailed
     |                `- warning: result of call to function returning 'Int32' is unused [#NoUsage]
 816 |         }
 817 |         defer { fn.finalize(stmt) }

/private/tmp/board1-rc15-preparatory-46903cd0-xke1sctz/rod-worktrees/wt_T56-RC7-a-failed-wipe-is-not-resumable/ios/Packages/GodstoneFoundation/Sources/GodstoneMesh/PeerIdentityStore.swift:817:20: warning: result of call to function returning 'Int32' is unused [#NoUsage]
 815 |             fn.finalize(stmt); throw PeerStoreError.prepareFailed
 816 |         }
 817 |         defer { fn.finalize(stmt) }
     |                    `- warning: result of call to function returning 'Int32' is unused [#NoUsage]
 818 |         bindBlob(stmt, 1, newPendingStatic)
 819 |         fn.bindInt64(stmt, 2, newPendingGeneration)

/private/tmp/board1-rc15-preparatory-46903cd0-xke1sctz/rod-worktrees/wt_T56-RC7-a-failed-wipe-is-not-resumable/ios/Packages/GodstoneFoundation/Sources/GodstoneMesh/PeerIdentityStore.swift:819:12: warning: result of call to function returning 'Int32' is unused [#NoUsage]
 817 |         defer { fn.finalize(stmt) }
 818 |         bindBlob(stmt, 1, newPendingStatic)
 819 |         fn.bindInt64(stmt, 2, newPendingGeneration)
     |            `- warning: result of call to function returning 'Int32' is unused [#NoUsage]
 820 |         bindBlob(stmt, 3, nodeId)
 821 |         bindBlob(stmt, 4, signingPub)

/private/tmp/board1-rc15-preparatory-46903cd0-xke1sctz/rod-worktrees/wt_T56-RC7-a-failed-wipe-is-not-resumable/ios/Packages/GodstoneFoundation/Sources/GodstoneMesh/PeerIdentityStore.swift:823:12: warning: result of call to function returning 'Int32' is unused [#NoUsage]
 821 |         bindBlob(stmt, 4, signingPub)
 822 |         bindBlob(stmt, 5, acceptedStatic)
 823 |         fn.bindInt64(stmt, 6, acceptedGeneration)
     |            `- warning: result of call to function returning 'Int32' is unused [#NoUsage]
 824 |         fn.bindInt(stmt, 7, trustLevel)
 825 | 

/private/tmp/board1-rc15-preparatory-46903cd0-xke1sctz/rod-worktrees/wt_T56-RC7-a-failed-wipe-is-not-resumable/ios/Packages/GodstoneFoundation/Sources/GodstoneMesh/PeerIdentityStore.swift:824:12: warning: result of call to function returning 'Int32' is unused [#NoUsage]
 822 |         bindBlob(stmt, 5, acceptedStatic)
 823 |         fn.bindInt64(stmt, 6, acceptedGeneration)
 824 |         fn.bindInt(stmt, 7, trustLevel)
     |            `- warning: result of call to function returning 'Int32' is unused [#NoUsage]
 825 | 
 826 |         guard fn.step(stmt) == SQLITE_DONE else { throw PeerStoreError.stepFailed }

/private/tmp/board1-rc15-preparatory-46903cd0-xke1sctz/rod-worktrees/wt_T56-RC7-a-failed-wipe-is-not-resumable/ios/Packages/GodstoneFoundation/Sources/GodstoneMesh/PeerIdentityStore.swift:844:16: warning: result of call to function returning 'Int32' is unused [#NoUsage]
 842 |         var stmt: OpaquePointer?
 843 |         guard fn.prepareV2(db, PeerIdentitySchema.advancePendingSql, -1, &stmt, nil) == SQLITE_OK else {
 844 |             fn.finalize(stmt); throw PeerStoreError.prepareFailed
     |                `- warning: result of call to function returning 'Int32' is unused [#NoUsage]
 845 |         }
 846 |         defer { fn.finalize(stmt) }

/private/tmp/board1-rc15-preparatory-46903cd0-xke1sctz/rod-worktrees/wt_T56-RC7-a-failed-wipe-is-not-resumable/ios/Packages/GodstoneFoundation/Sources/GodstoneMesh/PeerIdentityStore.swift:846:20: warning: result of call to function returning 'Int32' is unused [#NoUsage]
 844 |             fn.finalize(stmt); throw PeerStoreError.prepareFailed
 845 |         }
 846 |         defer { fn.finalize(stmt) }
     |                    `- warning: result of call to function returning 'Int32' is unused [#NoUsage]
 847 |         bindBlob(stmt, 1, newPendingStatic)
 848 |         fn.bindInt64(stmt, 2, newPendingGeneration)

/private/tmp/board1-rc15-preparatory-46903cd0-xke1sctz/rod-worktrees/wt_T56-RC7-a-failed-wipe-is-not-resumable/ios/Packages/GodstoneFoundation/Sources/GodstoneMesh/PeerIdentityStore.swift:848:12: warning: result of call to function returning 'Int32' is unused [#NoUsage]
 846 |         defer { fn.finalize(stmt) }
 847 |         bindBlob(stmt, 1, newPendingStatic)
 848 |         fn.bindInt64(stmt, 2, newPendingGeneration)
     |            `- warning: result of call to function returning 'Int32' is unused [#NoUsage]
 849 |         bindBlob(stmt, 3, nodeId)
 850 |         bindBlob(stmt, 4, signingPub)

/private/tmp/board1-rc15-preparatory-46903cd0-xke1sctz/rod-worktrees/wt_T56-RC7-a-failed-wipe-is-not-resumable/ios/Packages/GodstoneFoundation/Sources/GodstoneMesh/PeerIdentityStore.swift:852:12: warning: result of call to function returning 'Int32' is unused [#NoUsage]
 850 |         bindBlob(stmt, 4, signingPub)
 851 |         bindBlob(stmt, 5, acceptedStatic)
 852 |         fn.bindInt64(stmt, 6, acceptedGeneration)
     |            `- warning: result of call to function returning 'Int32' is unused [#NoUsage]
 853 |         fn.bindInt(stmt, 7, trustLevel)
 854 |         bindBlob(stmt, 8, oldPendingStatic)

/private/tmp/board1-rc15-preparatory-46903cd0-xke1sctz/rod-worktrees/wt_T56-RC7-a-failed-wipe-is-not-resumable/ios/Packages/GodstoneFoundation/Sources/GodstoneMesh/PeerIdentityStore.swift:853:12: warning: result of call to function returning 'Int32' is unused [#NoUsage]
 851 |         bindBlob(stmt, 5, acceptedStatic)
 852 |         fn.bindInt64(stmt, 6, acceptedGeneration)
 853 |         fn.bindInt(stmt, 7, trustLevel)
     |            `- warning: result of call to function returning 'Int32' is unused [#NoUsage]
 854 |         bindBlob(stmt, 8, oldPendingStatic)
 855 |         fn.bindInt64(stmt, 9, oldPendingGeneration)

/private/tmp/board1-rc15-preparatory-46903cd0-xke1sctz/rod-worktrees/wt_T56-RC7-a-failed-wipe-is-not-resumable/ios/Packages/GodstoneFoundation/Sources/GodstoneMesh/PeerIdentityStore.swift:855:12: warning: result of call to function returning 'Int32' is unused [#NoUsage]
 853 |         fn.bindInt(stmt, 7, trustLevel)
 854 |         bindBlob(stmt, 8, oldPendingStatic)
 855 |         fn.bindInt64(stmt, 9, oldPendingGeneration)
     |            `- warning: result of call to function returning 'Int32' is unused [#NoUsage]
 856 | 
 857 |         guard fn.step(stmt) == SQLITE_DONE else { throw PeerStoreError.stepFailed }

/private/tmp/board1-rc15-preparatory-46903cd0-xke1sctz/rod-worktrees/wt_T56-RC7-a-failed-wipe-is-not-resumable/ios/Packages/GodstoneFoundation/Sources/GodstoneMesh/PeerIdentityStore.swift:873:16: warning: result of call to function returning 'Int32' is unused [#NoUsage]
 871 |         var stmt: OpaquePointer?
 872 |         guard fn.prepareV2(db, PeerIdentitySchema.approvePendingRotationSql, -1, &stmt, nil) == SQLITE_OK else {
 873 |             fn.finalize(stmt); throw PeerStoreError.prepareFailed
     |                `- warning: result of call to function returning 'Int32' is unused [#NoUsage]
 874 |         }
 875 |         defer { fn.finalize(stmt) }

/private/tmp/board1-rc15-preparatory-46903cd0-xke1sctz/rod-worktrees/wt_T56-RC7-a-failed-wipe-is-not-resumable/ios/Packages/GodstoneFoundation/Sources/GodstoneMesh/PeerIdentityStore.swift:875:20: warning: result of call to function returning 'Int32' is unused [#NoUsage]
 873 |             fn.finalize(stmt); throw PeerStoreError.prepareFailed
 874 |         }
 875 |         defer { fn.finalize(stmt) }
     |                    `- warning: result of call to function returning 'Int32' is unused [#NoUsage]
 876 |         bindBlob(stmt, 1, nodeId)
 877 |         bindBlob(stmt, 2, signingPub)

/private/tmp/board1-rc15-preparatory-46903cd0-xke1sctz/rod-worktrees/wt_T56-RC7-a-failed-wipe-is-not-resumable/ios/Packages/GodstoneFoundation/Sources/GodstoneMesh/PeerIdentityStore.swift:879:12: warning: result of call to function returning 'Int32' is unused [#NoUsage]
 877 |         bindBlob(stmt, 2, signingPub)
 878 |         bindBlob(stmt, 3, acceptedStatic)
 879 |         fn.bindInt64(stmt, 4, acceptedGeneration)
     |            `- warning: result of call to function returning 'Int32' is unused [#NoUsage]
 880 |         fn.bindInt(stmt, 5, trustLevel)
 881 |         bindBlob(stmt, 6, expectedPendingStatic)

/private/tmp/board1-rc15-preparatory-46903cd0-xke1sctz/rod-worktrees/wt_T56-RC7-a-failed-wipe-is-not-resumable/ios/Packages/GodstoneFoundation/Sources/GodstoneMesh/PeerIdentityStore.swift:880:12: warning: result of call to function returning 'Int32' is unused [#NoUsage]
 878 |         bindBlob(stmt, 3, acceptedStatic)
 879 |         fn.bindInt64(stmt, 4, acceptedGeneration)
 880 |         fn.bindInt(stmt, 5, trustLevel)
     |            `- warning: result of call to function returning 'Int32' is unused [#NoUsage]
 881 |         bindBlob(stmt, 6, expectedPendingStatic)
 882 |         fn.bindInt64(stmt, 7, expectedPendingGeneration)

/private/tmp/board1-rc15-preparatory-46903cd0-xke1sctz/rod-worktrees/wt_T56-RC7-a-failed-wipe-is-not-resumable/ios/Packages/GodstoneFoundation/Sources/GodstoneMesh/PeerIdentityStore.swift:882:12: warning: result of call to function returning 'Int32' is unused [#NoUsage]
 880 |         fn.bindInt(stmt, 5, trustLevel)
 881 |         bindBlob(stmt, 6, expectedPendingStatic)
 882 |         fn.bindInt64(stmt, 7, expectedPendingGeneration)
     |            `- warning: result of call to function returning 'Int32' is unused [#NoUsage]
 883 | 
 884 |         guard fn.step(stmt) == SQLITE_DONE else { throw PeerStoreError.stepFailed }

/private/tmp/board1-rc15-preparatory-46903cd0-xke1sctz/rod-worktrees/wt_T56-RC7-a-failed-wipe-is-not-resumable/ios/Packages/GodstoneFoundation/Sources/GodstoneMesh/PeerIdentityStore.swift:900:16: warning: result of call to function returning 'Int32' is unused [#NoUsage]
 898 |         var stmt: OpaquePointer?
 899 |         guard fn.prepareV2(db, PeerIdentitySchema.confirmVerifiedSql, -1, &stmt, nil) == SQLITE_OK else {
 900 |             fn.finalize(stmt); throw PeerStoreError.prepareFailed
     |                `- warning: result of call to function returning 'Int32' is unused [#NoUsage]
 901 |         }
 902 |         defer { fn.finalize(stmt) }

/private/tmp/board1-rc15-preparatory-46903cd0-xke1sctz/rod-worktrees/wt_T56-RC7-a-failed-wipe-is-not-resumable/ios/Packages/GodstoneFoundation/Sources/GodstoneMesh/PeerIdentityStore.swift:902:20: warning: result of call to function returning 'Int32' is unused [#NoUsage]
 900 |             fn.finalize(stmt); throw PeerStoreError.prepareFailed
 901 |         }
 902 |         defer { fn.finalize(stmt) }
     |                    `- warning: result of call to function returning 'Int32' is unused [#NoUsage]
 903 |         bindBlob(stmt, 1, nodeId)
 904 |         bindBlob(stmt, 2, signingPub)

/private/tmp/board1-rc15-preparatory-46903cd0-xke1sctz/rod-worktrees/wt_T56-RC7-a-failed-wipe-is-not-resumable/ios/Packages/GodstoneFoundation/Sources/GodstoneMesh/PeerIdentityStore.swift:906:12: warning: result of call to function returning 'Int32' is unused [#NoUsage]
 904 |         bindBlob(stmt, 2, signingPub)
 905 |         bindBlob(stmt, 3, acceptedStatic)
 906 |         fn.bindInt64(stmt, 4, acceptedGeneration)
     |            `- warning: result of call to function returning 'Int32' is unused [#NoUsage]
 907 |         guard fn.step(stmt) == SQLITE_DONE else { throw PeerStoreError.stepFailed }
 908 |         return Int(fn.changes(db))

/private/tmp/board1-rc15-preparatory-46903cd0-xke1sctz/rod-worktrees/wt_T56-RC7-a-failed-wipe-is-not-resumable/ios/Packages/GodstoneFoundation/Sources/GodstoneMesh/PeerIdentityStore.swift:924:20: warning: result of call to function returning 'Int32' is unused [#NoUsage]
 922 |         if let oldStatic = oldPendingStatic, let oldGen = oldPendingGeneration {
 923 |             guard fn.prepareV2(db, PeerIdentitySchema.revokeWithPendingSql, -1, &stmt, nil) == SQLITE_OK else {
 924 |                 fn.finalize(stmt); throw PeerStoreError.prepareFailed
     |                    `- warning: result of call to function returning 'Int32' is unused [#NoUsage]
 925 |             }
 926 |             defer { fn.finalize(stmt) }

/private/tmp/board1-rc15-preparatory-46903cd0-xke1sctz/rod-worktrees/wt_T56-RC7-a-failed-wipe-is-not-resumable/ios/Packages/GodstoneFoundation/Sources/GodstoneMesh/PeerIdentityStore.swift:926:24: warning: result of call to function returning 'Int32' is unused [#NoUsage]
 924 |                 fn.finalize(stmt); throw PeerStoreError.prepareFailed
 925 |             }
 926 |             defer { fn.finalize(stmt) }
     |                        `- warning: result of call to function returning 'Int32' is unused [#NoUsage]
 927 |             bindBlob(stmt, 1, nodeId)
 928 |             bindBlob(stmt, 2, signingPub)

/private/tmp/board1-rc15-preparatory-46903cd0-xke1sctz/rod-worktrees/wt_T56-RC7-a-failed-wipe-is-not-resumable/ios/Packages/GodstoneFoundation/Sources/GodstoneMesh/PeerIdentityStore.swift:930:16: warning: result of call to function returning 'Int32' is unused [#NoUsage]
 928 |             bindBlob(stmt, 2, signingPub)
 929 |             bindBlob(stmt, 3, acceptedStatic)
 930 |             fn.bindInt64(stmt, 4, acceptedGeneration)
     |                `- warning: result of call to function returning 'Int32' is unused [#NoUsage]
 931 |             fn.bindInt(stmt, 5, currentTrustLevel)
 932 |             bindBlob(stmt, 6, oldStatic)

/private/tmp/board1-rc15-preparatory-46903cd0-xke1sctz/rod-worktrees/wt_T56-RC7-a-failed-wipe-is-not-resumable/ios/Packages/GodstoneFoundation/Sources/GodstoneMesh/PeerIdentityStore.swift:931:16: warning: result of call to function returning 'Int32' is unused [#NoUsage]
 929 |             bindBlob(stmt, 3, acceptedStatic)
 930 |             fn.bindInt64(stmt, 4, acceptedGeneration)
 931 |             fn.bindInt(stmt, 5, currentTrustLevel)
     |                `- warning: result of call to function returning 'Int32' is unused [#NoUsage]
 932 |             bindBlob(stmt, 6, oldStatic)
 933 |             fn.bindInt64(stmt, 7, oldGen)

/private/tmp/board1-rc15-preparatory-46903cd0-xke1sctz/rod-worktrees/wt_T56-RC7-a-failed-wipe-is-not-resumable/ios/Packages/GodstoneFoundation/Sources/GodstoneMesh/PeerIdentityStore.swift:933:16: warning: result of call to function returning 'Int32' is unused [#NoUsage]
 931 |             fn.bindInt(stmt, 5, currentTrustLevel)
 932 |             bindBlob(stmt, 6, oldStatic)
 933 |             fn.bindInt64(stmt, 7, oldGen)
     |                `- warning: result of call to function returning 'Int32' is unused [#NoUsage]
 934 | 
 935 |             guard fn.step(stmt) == SQLITE_DONE else { throw PeerStoreError.stepFailed }

/private/tmp/board1-rc15-preparatory-46903cd0-xke1sctz/rod-worktrees/wt_T56-RC7-a-failed-wipe-is-not-resumable/ios/Packages/GodstoneFoundation/Sources/GodstoneMesh/PeerIdentityStore.swift:939:20: warning: result of call to function returning 'Int32' is unused [#NoUsage]
 937 |         } else {
 938 |             guard fn.prepareV2(db, PeerIdentitySchema.revokeNoPendingSql, -1, &stmt, nil) == SQLITE_OK else {
 939 |                 fn.finalize(stmt); throw PeerStoreError.prepareFailed
     |                    `- warning: result of call to function returning 'Int32' is unused [#NoUsage]
 940 |             }
 941 |             defer { fn.finalize(stmt) }

/private/tmp/board1-rc15-preparatory-46903cd0-xke1sctz/rod-worktrees/wt_T56-RC7-a-failed-wipe-is-not-resumable/ios/Packages/GodstoneFoundation/Sources/GodstoneMesh/PeerIdentityStore.swift:941:24: warning: result of call to function returning 'Int32' is unused [#NoUsage]
 939 |                 fn.finalize(stmt); throw PeerStoreError.prepareFailed
 940 |             }
 941 |             defer { fn.finalize(stmt) }
     |                        `- warning: result of call to function returning 'Int32' is unused [#NoUsage]
 942 |             bindBlob(stmt, 1, nodeId)
 943 |             bindBlob(stmt, 2, signingPub)

/private/tmp/board1-rc15-preparatory-46903cd0-xke1sctz/rod-worktrees/wt_T56-RC7-a-failed-wipe-is-not-resumable/ios/Packages/GodstoneFoundation/Sources/GodstoneMesh/PeerIdentityStore.swift:945:16: warning: result of call to function returning 'Int32' is unused [#NoUsage]
 943 |             bindBlob(stmt, 2, signingPub)
 944 |             bindBlob(stmt, 3, acceptedStatic)
 945 |             fn.bindInt64(stmt, 4, acceptedGeneration)
     |                `- warning: result of call to function returning 'Int32' is unused [#NoUsage]
 946 |             fn.bindInt(stmt, 5, currentTrustLevel)
 947 | 

/private/tmp/board1-rc15-preparatory-46903cd0-xke1sctz/rod-worktrees/wt_T56-RC7-a-failed-wipe-is-not-resumable/ios/Packages/GodstoneFoundation/Sources/GodstoneMesh/PeerIdentityStore.swift:946:16: warning: result of call to function returning 'Int32' is unused [#NoUsage]
 944 |             bindBlob(stmt, 3, acceptedStatic)
 945 |             fn.bindInt64(stmt, 4, acceptedGeneration)
 946 |             fn.bindInt(stmt, 5, currentTrustLevel)
     |                `- warning: result of call to function returning 'Int32' is unused [#NoUsage]
 947 | 
 948 |             guard fn.step(stmt) == SQLITE_DONE else { throw PeerStoreError.stepFailed }

/private/tmp/board1-rc15-preparatory-46903cd0-xke1sctz/rod-worktrees/wt_T56-RC7-a-failed-wipe-is-not-resumable/ios/Packages/GodstoneFoundation/Sources/GodstoneMesh/PeerIdentityStore.swift:962:12: warning: result of call to function returning 'Int32' is unused [#NoUsage]
 960 |     @inline(__always)
 961 |     private func bindText(_ stmt: OpaquePointer?, _ index: Int32, _ text: String) {
 962 |         fn.bindText(stmt, index, text, -1, peerStoreSqliteTransient)
     |            `- warning: result of call to function returning 'Int32' is unused [#NoUsage]
 963 |     }
 964 | 

/private/tmp/board1-rc15-preparatory-46903cd0-xke1sctz/rod-worktrees/wt_T56-RC7-a-failed-wipe-is-not-resumable/ios/Packages/GodstoneFoundation/Sources/GodstoneMesh/RealTransportHostRig.swift:1024:28: warning: capture 'self' was never used [#NoUsage]
1022 |             fabric.record(from: relay.aLabel, to: relay.bLabel, bytes: bytes,
1023 |                           characteristic: uuid == BleTransport.linkInfoCharacteristicUuid ? "linkInfo" : "inbox")
1024 |             queue.async { [self] in relay.deliverInitiatorToResponder(bytes: bytes, uuid: uuid) }
     |                            `- warning: capture 'self' was never used [#NoUsage]
1025 |         }
1026 |         // *** *** ONE MANAGER DISPATCHER OVER A LINK REGISTRY, ROUTED BY THE DESTINATION CENTRAL. *** ***

/private/tmp/board1-rc15-preparatory-46903cd0-xke1sctz/rod-worktrees/wt_T56-RC7-a-failed-wipe-is-not-resumable/ios/Packages/GodstoneFoundation/Sources/GodstoneMesh/RealTransportHostRig.swift:1069:40: warning: capture 'self' was never used [#NoUsage]
1067 |                 let key = ResponderKey(responderLabel: responder.label, centralId: centralId)
1068 |                 guard let route = responderDispatch[key] else { return }
1069 |                 deliveryQueue.async { [self] in
     |                                        `- warning: capture 'self' was never used [#NoUsage]
1070 |                     route.relay.deliverResponderToInitiator(bytes: bytes, uuid: uuid, admittedEpoch: route.epoch)
1071 |                 }

/private/tmp/board1-rc15-preparatory-46903cd0-xke1sctz/rod-worktrees/wt_T56-RC7-a-failed-wipe-is-not-resumable/ios/Packages/GodstoneFoundation/Sources/GodstoneMesh/RealTransportHostRig.swift:1112:13: warning: using '_' to ignore the result of a Void-returning function is redundant
1110 |                                                    : BleTransport.inboxCharacteristicUuid,
1111 |                                   value: bytes)
1112 |             _ = responder.ble.processPeripheralReceiveWrite(
     |             `- warning: using '_' to ignore the result of a Void-returning function is redundant
1113 |                 rPM, requests: [unsafeBitCast(req, to: CBATTRequest.self)],
1114 |                 sourceEpoch: responder.ble.currentTransportEpoch)

[#NoUsage]: <https://docs.swift.org/compiler/documentation/diagnostics/no-usage>
/private/tmp/board1-rc15-preparatory-46903cd0-xke1sctz/rod-worktrees/wt_T56-RC7-a-failed-wipe-is-not-resumable/ios/Packages/GodstoneFoundation/Sources/GodstoneMesh/SyncControlOwner.swift:42:14: warning: associated value 'answered(frame:)' of 'Sendable'-conforming enum 'OwnerDecision' contains non-Sendable type 'FrameV2'; this is an error in the Swift 6 language mode
 40 |         case ignored(reason: String)
 41 |         case refused(reason: String)
 42 |         case answered(frame: FrameV2)
    |              `- warning: associated value 'answered(frame:)' of 'Sendable'-conforming enum 'OwnerDecision' contains non-Sendable type 'FrameV2'; this is an error in the Swift 6 language mode
 43 |         case delivered(frames: [FrameV2])
 44 |     }

/private/tmp/board1-rc15-preparatory-46903cd0-xke1sctz/rod-worktrees/wt_T56-RC7-a-failed-wipe-is-not-resumable/ios/Packages/GodstoneFoundation/Sources/GodstoneMesh/WireV2.swift:7:15: note: consider making struct 'FrameV2' conform to the 'Sendable' protocol
  5 | 
  6 | /// GMP/2 frame. Header is 32 bytes, big-endian.
  7 | public struct FrameV2: Equatable {
    |               `- note: consider making struct 'FrameV2' conform to the 'Sendable' protocol
  8 |     public static let magic: UInt16 = 0x4753
  9 |     public static let version: UInt8 = 0x02

/private/tmp/board1-rc15-preparatory-46903cd0-xke1sctz/rod-worktrees/wt_T56-RC7-a-failed-wipe-is-not-resumable/ios/Packages/GodstoneFoundation/Sources/GodstoneMesh/SyncControlOwner.swift:43:14: warning: associated value 'delivered(frames:)' of 'Sendable'-conforming enum 'OwnerDecision' contains non-Sendable type 'FrameV2'; this is an error in the Swift 6 language mode
 41 |         case refused(reason: String)
 42 |         case answered(frame: FrameV2)
 43 |         case delivered(frames: [FrameV2])
    |              `- warning: associated value 'delivered(frames:)' of 'Sendable'-conforming enum 'OwnerDecision' contains non-Sendable type 'FrameV2'; this is an error in the Swift 6 language mode
 44 |     }
 45 | 

/private/tmp/board1-rc15-preparatory-46903cd0-xke1sctz/rod-worktrees/wt_T56-RC7-a-failed-wipe-is-not-resumable/ios/Packages/GodstoneFoundation/Sources/GodstoneMesh/WireV2.swift:7:15: note: consider making struct 'FrameV2' conform to the 'Sendable' protocol
  5 | 
  6 | /// GMP/2 frame. Header is 32 bytes, big-endian.
  7 | public struct FrameV2: Equatable {
    |               `- note: consider making struct 'FrameV2' conform to the 'Sendable' protocol
  8 |     public static let magic: UInt16 = 0x4753
  9 |     public static let version: UInt8 = 0x02

/private/tmp/board1-rc15-preparatory-46903cd0-xke1sctz/rod-worktrees/wt_T56-RC7-a-failed-wipe-is-not-resumable/ios/Packages/GodstoneFoundation/Sources/GodstoneMesh/SyncPump.swift:46:16: warning: stored property 'frame' of 'Sendable'-conforming struct 'ForwardCopy' has non-Sendable type 'FrameV2'; this is an error in the Swift 6 language mode
 44 | /// exactly once -- and every retry re-emiteth these exact bytes.
 45 | public struct ForwardCopy: Equatable, Sendable {
 46 |     public let frame: FrameV2
    |                `- warning: stored property 'frame' of 'Sendable'-conforming struct 'ForwardCopy' has non-Sendable type 'FrameV2'; this is an error in the Swift 6 language mode
 47 |     /// The immediate hop it arrived from, which is never offered it back.
 48 |     public let fromPeer: Data?

/private/tmp/board1-rc15-preparatory-46903cd0-xke1sctz/rod-worktrees/wt_T56-RC7-a-failed-wipe-is-not-resumable/ios/Packages/GodstoneFoundation/Sources/GodstoneMesh/WireV2.swift:7:15: note: consider making struct 'FrameV2' conform to the 'Sendable' protocol
  5 | 
  6 | /// GMP/2 frame. Header is 32 bytes, big-endian.
  7 | public struct FrameV2: Equatable {
    |               `- note: consider making struct 'FrameV2' conform to the 'Sendable' protocol
  8 |     public static let magic: UInt16 = 0x4753
  9 |     public static let version: UInt8 = 0x02

/private/tmp/board1-rc15-preparatory-46903cd0-xke1sctz/rod-worktrees/wt_T56-RC7-a-failed-wipe-is-not-resumable/ios/Packages/GodstoneFoundation/Sources/GodstoneMesh/TrustedHandshakeController.swift:39:9: warning: stored property 'noiseSession' of 'Sendable'-conforming struct 'DefaultHs3Writer' has non-Sendable type 'NoiseSession'; this is an error in the Swift 6 language mode
 37 | 
 38 | internal struct DefaultHs3Writer: Hs3Writer {
 39 |     let noiseSession: NoiseSession
    |         `- warning: stored property 'noiseSession' of 'Sendable'-conforming struct 'DefaultHs3Writer' has non-Sendable type 'NoiseSession'; this is an error in the Swift 6 language mode
 40 |     func writeHs3(payload: Data) throws -> Data {
 41 |         try noiseSession.writeMessage3(payload: payload)

/private/tmp/board1-rc15-preparatory-46903cd0-xke1sctz/rod-worktrees/wt_T56-RC7-a-failed-wipe-is-not-resumable/ios/Packages/GodstoneFoundation/Sources/GodstoneMesh/NoiseSession.swift:48:20: note: class 'NoiseSession' does not conform to the 'Sendable' protocol
 46 | }
 47 | 
 48 | public final class NoiseSession {
    |                    `- note: class 'NoiseSession' does not conform to the 'Sendable' protocol
 49 | 
 50 |     public enum Role { case initiator, responder }
/private/tmp/board1-rc15-preparatory-46903cd0-xke1sctz/rod-worktrees/wt_T56-RC7-a-failed-wipe-is-not-resumable/ios/Packages/GodstoneFoundation/Sources/GodstoneMesh/AckDispatcher.swift:323:11: warning: 'catch' block is unreachable because no errors are thrown in 'do' block
321 |         do {
322 |             result = admitForeign(encoded, receivedFrom)
323 |         } catch {
    |           `- warning: 'catch' block is unreachable because no errors are thrown in 'do' block
324 |             return AckAdmission(result: .storageFailure, ackKey: nil, verificationClass: nil)
325 |         }

/private/tmp/board1-rc15-preparatory-46903cd0-xke1sctz/rod-worktrees/wt_T56-RC7-a-failed-wipe-is-not-resumable/ios/Packages/GodstoneFoundation/Sources/GodstoneMesh/AckDispatcher.swift:326:27: warning: no calls to throwing functions occur within 'try' expression [#UnnecessaryEffectMarker]
324 |             return AckAdmission(result: .storageFailure, ackKey: nil, verificationClass: nil)
325 |         }
326 |         guard let frame = try? FrameV2.decode(encoded), frame.payload.count == ackPayloadLen else {
    |                           `- warning: no calls to throwing functions occur within 'try' expression [#UnnecessaryEffectMarker]
327 |             return AckAdmission(result: result, ackKey: nil, verificationClass: nil)
328 |         }

/private/tmp/board1-rc15-preparatory-46903cd0-xke1sctz/rod-worktrees/wt_T56-RC7-a-failed-wipe-is-not-resumable/ios/Packages/GodstoneFoundation/Sources/GodstoneMesh/AckDispatcher.swift:407:31: warning: no calls to throwing functions occur within 'try' expression [#UnnecessaryEffectMarker]
405 |                 continue
406 |             }
407 |             guard let frame = try? FrameV2.decode(record.encodedFrame) else {
    |                               `- warning: no calls to throwing functions occur within 'try' expression [#UnnecessaryEffectMarker]
408 |                 refuse(.malformed)
409 |                 continue

[#UnnecessaryEffectMarker]: <https://docs.swift.org/compiler/documentation/diagnostics/unnecessary-effect-marker>
/private/tmp/board1-rc15-preparatory-46903cd0-xke1sctz/rod-worktrees/wt_T56-RC7-a-failed-wipe-is-not-resumable/ios/Packages/GodstoneFoundation/Sources/GodstoneMesh/BleTransport.swift:8:16: warning: stored property 'peripheral' of 'Sendable'-conforming struct 'OutboundPhysicalLifetime' contains non-Sendable type 'CBPeripheral'; this is an error in the Swift 6 language mode
   6 |     public let relationKey: RelationKey
   7 |     public let transportEpoch: UInt64
   8 |     public let peripheral: CBPeripheral?
     |                `- warning: stored property 'peripheral' of 'Sendable'-conforming struct 'OutboundPhysicalLifetime' contains non-Sendable type 'CBPeripheral'; this is an error in the Swift 6 language mode
   9 | 
  10 |     public init(relationKey: RelationKey, transportEpoch: UInt64, peripheral: CBPeripheral? = nil) {

/Applications/Xcode.app/Contents/Developer/Platforms/MacOSX.platform/Developer/SDKs/MacOSX27.0.sdk/System/Library/Frameworks/CoreBluetooth.framework/Headers/CBPeripheral.h:66:28: note: class 'CBPeripheral' does not conform to the 'Sendable' protocol
 64 |  */
 65 | NS_CLASS_AVAILABLE(10_7, 5_0)
 66 | CB_EXTERN_CLASS @interface CBPeripheral : CBPeer
    |                            `- note: class 'CBPeripheral' does not conform to the 'Sendable' protocol
 67 | 
 68 | /*!

/private/tmp/board1-rc15-preparatory-46903cd0-xke1sctz/rod-worktrees/wt_T56-RC7-a-failed-wipe-is-not-resumable/ios/Packages/GodstoneFoundation/Sources/GodstoneMesh/BleTransport.swift:2:1: warning: add '@preconcurrency' to suppress 'Sendable'-related warnings from module 'CoreBluetooth' [#AddPreconcurrencyImport]
   1 | import Foundation
   2 | import CoreBluetooth
     | `- warning: add '@preconcurrency' to suppress 'Sendable'-related warnings from module 'CoreBluetooth' [#AddPreconcurrencyImport]
   3 | import GodstoneCore
   4 | 

/private/tmp/board1-rc15-preparatory-46903cd0-xke1sctz/rod-worktrees/wt_T56-RC7-a-failed-wipe-is-not-resumable/ios/Packages/GodstoneFoundation/Sources/GodstoneMesh/BleTransport.swift:32:16: warning: stored property 'characteristicUuid' of 'Sendable'-conforming struct 'InboxSubscription' has non-Sendable type 'CBUUID'; this is an error in the Swift 6 language mode
  30 | /// subscription. Presented by the subscribe callback, held with the lease.
  31 | public struct InboxSubscription: Equatable, Sendable {
  32 |     public let characteristicUuid: CBUUID
     |                `- warning: stored property 'characteristicUuid' of 'Sendable'-conforming struct 'InboxSubscription' has non-Sendable type 'CBUUID'; this is an error in the Swift 6 language mode
  33 |     public let maxUpdateLength: Int
  34 | 

/Applications/Xcode.app/Contents/Developer/Platforms/MacOSX.platform/Developer/SDKs/MacOSX27.0.sdk/System/Library/Frameworks/CoreBluetooth.framework/Headers/CBUUID.h:85:28: note: class 'CBUUID' does not conform to the 'Sendable' protocol
 83 |  */
 84 | NS_CLASS_AVAILABLE(10_7, 5_0)
 85 | CB_EXTERN_CLASS @interface CBUUID : NSObject <NSCopying>
    |                            `- note: class 'CBUUID' does not conform to the 'Sendable' protocol
 86 | 
 87 | /*!

/private/tmp/board1-rc15-preparatory-46903cd0-xke1sctz/rod-worktrees/wt_T56-RC7-a-failed-wipe-is-not-resumable/ios/Packages/GodstoneFoundation/Sources/GodstoneMesh/BleTransport.swift:48:16: warning: stored property 'retainedCentral' of 'Sendable'-conforming struct 'InboundSubscriptionLifetime' contains non-Sendable type 'CBCentral'; this is an error in the Swift 6 language mode
  46 |     /// this handle - never through a fresh lookup of the subscriber list,
  47 |     /// which a reused identity could have renewed in the meantime.
  48 |     public let retainedCentral: CBCentral?
     |                `- warning: stored property 'retainedCentral' of 'Sendable'-conforming struct 'InboundSubscriptionLifetime' contains non-Sendable type 'CBCentral'; this is an error in the Swift 6 language mode
  49 |     /// The inbox subscription this lease stands for, as presented by the
  50 |     /// callback; nil while the subscription was not distinguishable.

/Applications/Xcode.app/Contents/Developer/Platforms/MacOSX.platform/Developer/SDKs/MacOSX27.0.sdk/System/Library/Frameworks/CoreBluetooth.framework/Headers/CBCentral.h:28:28: note: class 'CBCentral' does not conform to the 'Sendable' protocol
26 |  */
27 | NS_CLASS_AVAILABLE(10_9, 6_0)
28 | CB_EXTERN_CLASS @interface CBCentral : CBPeer
   |                            `- note: class 'CBCentral' does not conform to the 'Sendable' protocol
29 | 
30 | /*!

/private/tmp/board1-rc15-preparatory-46903cd0-xke1sctz/rod-worktrees/wt_T56-RC7-a-failed-wipe-is-not-resumable/ios/Packages/GodstoneFoundation/Sources/GodstoneMesh/BleTransport.swift:123:5: warning: 'public' modifier is redundant for property declared in a public extension
 121 | 
 122 | public extension TransportManagerFactory {
 123 |     public var admissionBudgetOverride: Int? { return nil }
     |     `- warning: 'public' modifier is redundant for property declared in a public extension
 124 | }
 125 | 

/private/tmp/board1-rc15-preparatory-46903cd0-xke1sctz/rod-worktrees/wt_T56-RC7-a-failed-wipe-is-not-resumable/ios/Packages/GodstoneFoundation/Sources/GodstoneMesh/BleTransport.swift:550:9: warning: stored property 'timer' of 'Sendable'-conforming struct 'TimerLease' has non-Sendable type 'Timer'; this is an error in the Swift 6 language mode
 548 |     public let deadlineUptimeMillis: UInt64
 549 |     public let handle: TimerKey
 550 |     let timer: Timer
     |         `- warning: stored property 'timer' of 'Sendable'-conforming struct 'TimerLease' has non-Sendable type 'Timer'; this is an error in the Swift 6 language mode
 551 |     let context: ManagerContext?
 552 | 

/Applications/Xcode.app/Contents/Developer/Platforms/MacOSX.platform/Developer/SDKs/MacOSX27.0.sdk/System/Library/Frameworks/Foundation.framework/Headers/NSTimer.h:45:12: note: class 'Timer' does not conform to the 'Sendable' protocol
 43 | ///
 44 | /// Do not subclass ``Timer``.
 45 | @interface NSTimer : NSObject
    |            `- note: class 'Timer' does not conform to the 'Sendable' protocol
 46 | 
 47 | /// Initializes a timer object with the specified invocation object.

/private/tmp/board1-rc15-preparatory-46903cd0-xke1sctz/rod-worktrees/wt_T56-RC7-a-failed-wipe-is-not-resumable/ios/Packages/GodstoneFoundation/Sources/GodstoneMesh/BleTransport.swift:2013:28: warning: result of call to 'rewindInFlight' is unused [#NoUsage]
2011 |                       p.canSendWriteWithoutResponse,
2012 |                       let ch = inboxCharacteristics[peerId] else {
2013 |                     writer.rewindInFlight(operation)
     |                            `- warning: result of call to 'rewindInFlight' is unused [#NoUsage]
2014 |                     return true
2015 |                 }

/private/tmp/board1-rc15-preparatory-46903cd0-xke1sctz/rod-worktrees/wt_T56-RC7-a-failed-wipe-is-not-resumable/ios/Packages/GodstoneFoundation/Sources/GodstoneMesh/BleTransport.swift:2033:24: warning: result of call to 'completed' is unused [#NoUsage]
2031 |                 // claimed of the remote.
2032 |                 p.writeValue(bytes, for: ch, type: .withoutResponse)
2033 |                 writer.completed(operation)
     |                        `- warning: result of call to 'completed' is unused [#NoUsage]
2034 |             } else {
2035 |                 if activeManagerContext?.isQuarantined(peerId) == true {

/private/tmp/board1-rc15-preparatory-46903cd0-xke1sctz/rod-worktrees/wt_T56-RC7-a-failed-wipe-is-not-resumable/ios/Packages/GodstoneFoundation/Sources/GodstoneMesh/BleTransport.swift:2039:28: warning: result of call to 'rewindInFlight' is unused [#NoUsage]
2037 |                     // the value keeps its place until the drop comes by the
2038 |                     // paths that are entitled to make it.
2039 |                     writer.rewindInFlight(operation)
     |                            `- warning: result of call to 'rewindInFlight' is unused [#NoUsage]
2040 |                     return true
2041 |                 }

/private/tmp/board1-rc15-preparatory-46903cd0-xke1sctz/rod-worktrees/wt_T56-RC7-a-failed-wipe-is-not-resumable/ios/Packages/GodstoneFoundation/Sources/GodstoneMesh/BleTransport.swift:2049:28: warning: result of call to 'rewindInFlight' is unused [#NoUsage]
2047 |                       // property deliberately, and the object is THE SAME reference.
2048 |                       let peripheral = peripheral else {
2049 |                     writer.rewindInFlight(operation)
     |                            `- warning: result of call to 'rewindInFlight' is unused [#NoUsage]
2050 |                     return true
2051 |                 }

/private/tmp/board1-rc15-preparatory-46903cd0-xke1sctz/rod-worktrees/wt_T56-RC7-a-failed-wipe-is-not-resumable/ios/Packages/GodstoneFoundation/Sources/GodstoneMesh/BleTransport.swift:2066:28: warning: result of call to 'completed' is unused [#NoUsage]
2064 |                     via: ObjectIdentifier(centralObj), viaRetained: true))
2065 |                 if ok {
2066 |                     writer.completed(operation)
     |                            `- warning: result of call to 'completed' is unused [#NoUsage]
2067 |                 } else {
2068 |                     // updateValue refused: the very same ciphertext fragment

/private/tmp/board1-rc15-preparatory-46903cd0-xke1sctz/rod-worktrees/wt_T56-RC7-a-failed-wipe-is-not-resumable/ios/Packages/GodstoneFoundation/Sources/GodstoneMesh/BleTransport.swift:2071:28: warning: result of call to 'rewindInFlight' is unused [#NoUsage]
2069 |                     // keeps its place in the window, unaltered, for the next
2070 |                     // report of readiness. It is never resealed on the retry.
2071 |                     writer.rewindInFlight(operation)
     |                            `- warning: result of call to 'rewindInFlight' is unused [#NoUsage]
2072 |                     return true
2073 |                 }

/private/tmp/board1-rc15-preparatory-46903cd0-xke1sctz/rod-worktrees/wt_T56-RC7-a-failed-wipe-is-not-resumable/ios/Packages/GodstoneFoundation/Sources/GodstoneMesh/BleTransport.swift:2283:19: warning: value 'registry' was defined but never used; consider replacing with boolean test [#NoUsage]
2281 |         let rememberedHint = inboundRemoteHints[centralId]
2282 |         unlockTransport()
2283 |         guard let registry else {
     |                   `- warning: value 'registry' was defined but never used; consider replacing with boolean test [#NoUsage]
2284 |             recordRejection(peerId: centralId, site: "hs.read.responder", reason: "no trusted session registry")
2285 |             return

/private/tmp/board1-rc15-preparatory-46903cd0-xke1sctz/rod-worktrees/wt_T56-RC7-a-failed-wipe-is-not-resumable/ios/Packages/GodstoneFoundation/Sources/GodstoneMesh/BleTransport.swift:2421:19: warning: value 'registry' was defined but never used; consider replacing with boolean test [#NoUsage]
2419 |         let conn = outboundCentralConnections[peerId]
2420 |         unlockTransport()
2421 |         guard let registry else {
     |                   `- warning: value 'registry' was defined but never used; consider replacing with boolean test [#NoUsage]
2422 |             recordRejection(peerId: peerId, site: "hs.read.initiator", reason: "no trusted session registry")
2423 |             return

/private/tmp/board1-rc15-preparatory-46903cd0-xke1sctz/rod-worktrees/wt_T56-RC7-a-failed-wipe-is-not-resumable/ios/Packages/GodstoneFoundation/Sources/GodstoneMesh/BleTransport.swift:2599:19: warning: value 'registry' was defined but never used; consider replacing with boolean test [#NoUsage]
2597 |         let conn = outboundCentralConnections[peerId]
2598 |         unlockTransport()
2599 |         guard let registry else {
     |                   `- warning: value 'registry' was defined but never used; consider replacing with boolean test [#NoUsage]
2600 |             recordRejection(peerId: peerId, site: "hs.begin", reason: "no trusted session registry")
2601 |             return .rejected("no trusted session registry")

/private/tmp/board1-rc15-preparatory-46903cd0-xke1sctz/rod-worktrees/wt_T56-RC7-a-failed-wipe-is-not-resumable/ios/Packages/GodstoneFoundation/Sources/GodstoneMesh/BleTransport.swift:3018:16: warning: 'init(bytes:)' is deprecated: use `init(_:)` instead [#DeprecatedDeclaration]
3016 |     private static func peerOctets(_ peerId: UUID) -> Data {
3017 |         var uuid = peerId.uuid
3018 |         return Data(bytes: [
     |                `- warning: 'init(bytes:)' is deprecated: use `init(_:)` instead [#DeprecatedDeclaration]
3019 |             UInt8(uuid.0), UInt8(uuid.1), UInt8(uuid.2), UInt8(uuid.3),
3020 |             UInt8(uuid.4), UInt8(uuid.5), UInt8(uuid.6), UInt8(uuid.7),

/private/tmp/board1-rc15-preparatory-46903cd0-xke1sctz/rod-worktrees/wt_T56-RC7-a-failed-wipe-is-not-resumable/ios/Packages/GodstoneFoundation/Sources/GodstoneMesh/BleTransport.swift:3017:13: warning: variable 'uuid' was never mutated; consider changing to 'let' constant [#VariableNeverMutated]
3015 |     /// The octets of a relations peer, as a dispatch record keepeth them.
3016 |     private static func peerOctets(_ peerId: UUID) -> Data {
3017 |         var uuid = peerId.uuid
     |             `- warning: variable 'uuid' was never mutated; consider changing to 'let' constant [#VariableNeverMutated]
3018 |         return Data(bytes: [
3019 |             UInt8(uuid.0), UInt8(uuid.1), UInt8(uuid.2), UInt8(uuid.3),

/private/tmp/board1-rc15-preparatory-46903cd0-xke1sctz/rod-worktrees/wt_T56-RC7-a-failed-wipe-is-not-resumable/ios/Packages/GodstoneFoundation/Sources/GodstoneMesh/BleTransport.swift:3855:17: warning: result of call to 'publishRelation' is unused [#NoUsage]
3853 |                 let mayBegin = outboundCentralConnections[peerId]?.state == .roleBound
3854 |                 unlockTransport()
3855 |                 publishRelation(delegate.relationKey)
     |                 `- warning: result of call to 'publishRelation' is unused [#NoUsage]
3856 |                 if mayBegin, let relationHint = relationHint {
3857 |                     _ = beginTrustedHandshake(peerId: peerId, remoteHint: relationHint)

/private/tmp/board1-rc15-preparatory-46903cd0-xke1sctz/rod-worktrees/wt_T56-RC7-a-failed-wipe-is-not-resumable/ios/Packages/GodstoneFoundation/Sources/GodstoneMesh/BleTransport.swift:4043:17: warning: result of call to 'publishRelation' is unused [#NoUsage]
4041 |             unlockTransport()
4042 |             if case .acceptWriteAndDuplexReady = action {
4043 |                 publishRelation(key)
     |                 `- warning: result of call to 'publishRelation' is unused [#NoUsage]
4044 |             }
4045 |         case .acceptDuplicateWrite:

/private/tmp/board1-rc15-preparatory-46903cd0-xke1sctz/rod-worktrees/wt_T56-RC7-a-failed-wipe-is-not-resumable/ios/Packages/GodstoneFoundation/Sources/GodstoneMesh/BleTransport.swift:4135:17: warning: result of call to 'publishRelation' is unused [#NoUsage]
4133 |             unlockTransport()
4134 |             if case .acceptSubscriptionAndDuplexReady = action {
4135 |                 publishRelation(key)
     |                 `- warning: result of call to 'publishRelation' is unused [#NoUsage]
4136 |             }
4137 |         default:

/private/tmp/board1-rc15-preparatory-46903cd0-xke1sctz/rod-worktrees/wt_T56-RC7-a-failed-wipe-is-not-resumable/ios/Packages/GodstoneFoundation/Sources/GodstoneMesh/BleTransport.swift:4927:19: warning: value 'inboxChar' was defined but never used; consider replacing with boolean test [#NoUsage]
4925 |             return
4926 |         }
4927 |         guard let inboxChar = mutableInboxCharacteristic else {
     |                   `- warning: value 'inboxChar' was defined but never used; consider replacing with boolean test [#NoUsage]
4928 |             unlockTransport()
4929 |             return

/private/tmp/board1-rc15-preparatory-46903cd0-xke1sctz/rod-worktrees/wt_T56-RC7-a-failed-wipe-is-not-resumable/ios/Packages/GodstoneFoundation/Sources/GodstoneMesh/BoundRecipientKeyResolver.swift:11:1: warning: conformance to 'Sendable' must occur in the same source file as class 'PeerIdentityRepository'; use '@unchecked Sendable' for retroactive conformance; this is an error in the Swift 6 language mode
 9 | }
10 | 
11 | extension PeerIdentityRepository: PeerIdentityLookupSource {}
   | `- warning: conformance to 'Sendable' must occur in the same source file as class 'PeerIdentityRepository'; use '@unchecked Sendable' for retroactive conformance; this is an error in the Swift 6 language mode
12 | 
13 | /// Read-only durable peer-identity -> ACK signing-key resolver (ADR-003, Phase C8.3).

/private/tmp/board1-rc15-preparatory-46903cd0-xke1sctz/rod-worktrees/wt_T56-RC7-a-failed-wipe-is-not-resumable/ios/Packages/GodstoneFoundation/Sources/GodstoneMesh/PeerIdentityRepository.swift:114:17: warning: stored property 'store' of 'Sendable'-conforming class 'PeerIdentityRepository' has non-Sendable type 'any PeerIdentityStore'; this is an error in the Swift 6 language mode
112 | /// and post-mutation readback verification (ADR-003, Phase C8.2B).
113 | internal final class PeerIdentityRepository {
114 |     private let store: PeerIdentityStore
    |                 `- warning: stored property 'store' of 'Sendable'-conforming class 'PeerIdentityRepository' has non-Sendable type 'any PeerIdentityStore'; this is an error in the Swift 6 language mode
115 | 
116 |     init(store: PeerIdentityStore) {

/private/tmp/board1-rc15-preparatory-46903cd0-xke1sctz/rod-worktrees/wt_T56-RC7-a-failed-wipe-is-not-resumable/ios/Packages/GodstoneFoundation/Sources/GodstoneMesh/PeerIdentityStore.swift:223:19: note: protocol 'PeerIdentityStore' does not conform to the 'Sendable' protocol
 221 | 
 222 | /// Storage protocol for peer identity repository backend (ADR-003, Phase C8.2B).
 223 | internal protocol PeerIdentityStore: AnyObject {
     |                   `- note: protocol 'PeerIdentityStore' does not conform to the 'Sendable' protocol
 224 |     func inImmediateTransaction<T>(_ block: (PeerIdentityStore) throws -> T) throws -> T
 225 | 

/private/tmp/board1-rc15-preparatory-46903cd0-xke1sctz/rod-worktrees/wt_T56-RC7-a-failed-wipe-is-not-resumable/ios/Packages/GodstoneFoundation/Sources/GodstoneMesh/ComposedRuntime.swift:460:28: warning: no calls to throwing functions occur within 'try' expression [#UnnecessaryEffectMarker]
 458 |                     let durableFault: ((String, OpaquePointer?) throws -> Void)? =
 459 |                         (fault == nil) ? nil : { site, _ in try fault!(site) }
 460 |                     return try durableStore.commitInboundWithObligationAtWithFault(
     |                            `- warning: no calls to throwing functions occur within 'try' expression [#UnnecessaryEffectMarker]
 461 |                         frame, receivedFrom: receivedFrom, localRecipientNodeId: localRecipient,
 462 |                         identityGeneration: generation, obligationLifetimeMs: lifetime,

/private/tmp/board1-rc15-preparatory-46903cd0-xke1sctz/rod-worktrees/wt_T56-RC7-a-failed-wipe-is-not-resumable/ios/Packages/GodstoneFoundation/Sources/GodstoneMesh/ComposedRuntime.swift:465:28: warning: no calls to throwing functions occur within 'try' expression [#UnnecessaryEffectMarker]
 463 |                         receivedAt: receivedAt, fault: durableFault)
 464 |                 } else {
 465 |                     return try store.commitInboundWithObligationAtWithFault(
     |                            `- warning: no calls to throwing functions occur within 'try' expression [#UnnecessaryEffectMarker]
 466 |                         frame, receivedFrom: receivedFrom, localRecipientNodeId: localRecipient,
 467 |                         identityGeneration: generation, obligationLifetimeMs: lifetime,

/private/tmp/board1-rc15-preparatory-46903cd0-xke1sctz/rod-worktrees/wt_T56-RC7-a-failed-wipe-is-not-resumable/ios/Packages/GodstoneFoundation/Sources/GodstoneMesh/CrashResumableWipe.swift:673:21: warning: variable 'inventory' was never mutated; consider changing to 'let' constant [#VariableNeverMutated]
671 |                 // which is the honest reason a wipe stalls rather than a silent success against a file it never
672 |                 // addressed.*
673 |                 var inventory = estateArtifacts.isEmpty
    |                     `- warning: variable 'inventory' was never mutated; consider changing to 'let' constant [#VariableNeverMutated]
674 |                     ? WipeScope.filterPrivatePaths(WipeScope.privateArtifacts)
675 |                     : estateArtifacts

[#AddPreconcurrencyImport]: <https://docs.swift.org/compiler/documentation/diagnostics/add-preconcurrency-import>
[#DeprecatedDeclaration]: <https://docs.swift.org/compiler/documentation/diagnostics/deprecated-declaration>
[#NoUsage]: <https://docs.swift.org/compiler/documentation/diagnostics/no-usage>
[#UnnecessaryEffectMarker]: <https://docs.swift.org/compiler/documentation/diagnostics/unnecessary-effect-marker>
[#VariableNeverMutated]: <https://docs.swift.org/compiler/documentation/diagnostics/variable-never-mutated>
/private/tmp/board1-rc15-preparatory-46903cd0-xke1sctz/rod-worktrees/wt_T56-RC7-a-failed-wipe-is-not-resumable/ios/Packages/GodstoneFoundation/Sources/GodstoneMesh/MessageStore.swift:66:10: warning: associated value 'created' of 'Sendable'-conforming enum 'OutboundEnqueueResult' has non-Sendable type 'FrameV2'; this is an error in the Swift 6 language mode
  64 | public enum OutboundEnqueueResult: Sendable, Equatable {
  65 |     /// A new DIRECT message was atomically persisted in held_frames and delivery_state (QUEUED_DURABLY).
  66 |     case created(FrameV2)
     |          `- warning: associated value 'created' of 'Sendable'-conforming enum 'OutboundEnqueueResult' has non-Sendable type 'FrameV2'; this is an error in the Swift 6 language mode
  67 |     /// An idempotent retry of the SAME logical message with matching SINGLE_RECIPIENT binding and exact canonical frame.
  68 |     case alreadyQueuedSameBinding(FrameV2)

/private/tmp/board1-rc15-preparatory-46903cd0-xke1sctz/rod-worktrees/wt_T56-RC7-a-failed-wipe-is-not-resumable/ios/Packages/GodstoneFoundation/Sources/GodstoneMesh/WireV2.swift:7:15: note: consider making struct 'FrameV2' conform to the 'Sendable' protocol
  5 | 
  6 | /// GMP/2 frame. Header is 32 bytes, big-endian.
  7 | public struct FrameV2: Equatable {
    |               `- note: consider making struct 'FrameV2' conform to the 'Sendable' protocol
  8 |     public static let magic: UInt16 = 0x4753
  9 |     public static let version: UInt8 = 0x02

/private/tmp/board1-rc15-preparatory-46903cd0-xke1sctz/rod-worktrees/wt_T56-RC7-a-failed-wipe-is-not-resumable/ios/Packages/GodstoneFoundation/Sources/GodstoneMesh/MessageStore.swift:68:10: warning: associated value 'alreadyQueuedSameBinding' of 'Sendable'-conforming enum 'OutboundEnqueueResult' has non-Sendable type 'FrameV2'; this is an error in the Swift 6 language mode
  66 |     case created(FrameV2)
  67 |     /// An idempotent retry of the SAME logical message with matching SINGLE_RECIPIENT binding and exact canonical frame.
  68 |     case alreadyQueuedSameBinding(FrameV2)
     |          `- warning: associated value 'alreadyQueuedSameBinding' of 'Sendable'-conforming enum 'OutboundEnqueueResult' has non-Sendable type 'FrameV2'; this is an error in the Swift 6 language mode
  69 |     /// A held frame exists with matching msg_id but its fields/content differ from requested frame.
  70 |     case canonicalFrameMismatch

/private/tmp/board1-rc15-preparatory-46903cd0-xke1sctz/rod-worktrees/wt_T56-RC7-a-failed-wipe-is-not-resumable/ios/Packages/GodstoneFoundation/Sources/GodstoneMesh/WireV2.swift:7:15: note: consider making struct 'FrameV2' conform to the 'Sendable' protocol
  5 | 
  6 | /// GMP/2 frame. Header is 32 bytes, big-endian.
  7 | public struct FrameV2: Equatable {
    |               `- note: consider making struct 'FrameV2' conform to the 'Sendable' protocol
  8 |     public static let magic: UInt16 = 0x4753
  9 |     public static let version: UInt8 = 0x02

/private/tmp/board1-rc15-preparatory-46903cd0-xke1sctz/rod-worktrees/wt_T56-RC7-a-failed-wipe-is-not-resumable/ios/Packages/GodstoneFoundation/Sources/GodstoneMesh/MessageStore.swift:633:69: warning: string interpolation produces a debug description for an optional value; did you mean to make this explicit?
 631 |             if f.columns != o.columns { return "COLUMNS of \(f.name): frozen=\(f.columns) observed=\(o.columns)" }
 632 |             if f.immutableColumns != o.immutableColumns { return "IMMUTABLE DOMAIN of \(f.name)" }
 633 |             if f.ddl != o.ddl { return "DDL of \(f.name): frozen=[\(f.ddl)] observed=[\(o.ddl)]" }
     |                                                                     | |- note: provide a default value to avoid this warning
     |                                                                     | `- note: use 'String(describing:)' to silence this warning
     |                                                                     `- warning: string interpolation produces a debug description for an optional value; did you mean to make this explicit?
 634 |         }
 635 |         return "no difference found by inspection (ordering?)"

/private/tmp/board1-rc15-preparatory-46903cd0-xke1sctz/rod-worktrees/wt_T56-RC7-a-failed-wipe-is-not-resumable/ios/Packages/GodstoneFoundation/Sources/GodstoneMesh/MessageStore.swift:633:89: warning: string interpolation produces a debug description for an optional value; did you mean to make this explicit?
 631 |             if f.columns != o.columns { return "COLUMNS of \(f.name): frozen=\(f.columns) observed=\(o.columns)" }
 632 |             if f.immutableColumns != o.immutableColumns { return "IMMUTABLE DOMAIN of \(f.name)" }
 633 |             if f.ddl != o.ddl { return "DDL of \(f.name): frozen=[\(f.ddl)] observed=[\(o.ddl)]" }
     |                                                                                         | |- note: provide a default value to avoid this warning
     |                                                                                         | `- note: use 'String(describing:)' to silence this warning
     |                                                                                         `- warning: string interpolation produces a debug description for an optional value; did you mean to make this explicit?
 634 |         }
 635 |         return "no difference found by inspection (ordering?)"

/private/tmp/board1-rc15-preparatory-46903cd0-xke1sctz/rod-worktrees/wt_T56-RC7-a-failed-wipe-is-not-resumable/ios/Packages/GodstoneFoundation/Sources/GodstoneMesh/MessageStore.swift:1154:16: warning: result of call to function returning 'Int32' is unused [#NoUsage]
1152 |         let flags = SQLITE_OPEN_READWRITE | SQLITE_OPEN_CREATE | SQLITE_OPEN_FULLMUTEX
1153 |         guard fn.openV2(path, &db, flags, nil) == SQLITE_OK else {
1154 |             fn.closeV2(db)
     |                `- warning: result of call to function returning 'Int32' is unused [#NoUsage]
1155 |             openOutcome = .failed(.cannotOpenDatabase)
1156 |             return

/private/tmp/board1-rc15-preparatory-46903cd0-xke1sctz/rod-worktrees/wt_T56-RC7-a-failed-wipe-is-not-resumable/ios/Packages/GodstoneFoundation/Sources/GodstoneMesh/MessageStore.swift:1181:16: warning: result of call to function returning 'Int32' is unused [#NoUsage]
1179 |             try runMigrations(db)
1180 |         } catch {
1181 |             fn.closeV2(db)
     |                `- warning: result of call to function returning 'Int32' is unused [#NoUsage]
1182 |             handle = nil
1183 |             openOutcome = .failed(.schemaMigrationFailed)

/private/tmp/board1-rc15-preparatory-46903cd0-xke1sctz/rod-worktrees/wt_T56-RC7-a-failed-wipe-is-not-resumable/ios/Packages/GodstoneFoundation/Sources/GodstoneMesh/MessageStore.swift:1211:49: warning: result of call to function returning 'Int32' is unused [#NoUsage]
1209 |     // hold the last reference to the provider image (SQLITE-REVIEW-1).
1210 |     deinit {
1211 |         if ownsConnection, let db = handle { fn.closeV2(db) }
     |                                                 `- warning: result of call to function returning 'Int32' is unused [#NoUsage]
1212 |         releaseAdoptedLease()
1213 |         owner = nil

/private/tmp/board1-rc15-preparatory-46903cd0-xke1sctz/rod-worktrees/wt_T56-RC7-a-failed-wipe-is-not-resumable/ios/Packages/GodstoneFoundation/Sources/GodstoneMesh/MessageStore.swift:1243:16: warning: result of call to function returning 'Int32' is unused [#NoUsage]
1241 |         }
1242 |         if let db = handle {
1243 |             fn.closeV2(db)
     |                `- warning: result of call to function returning 'Int32' is unused [#NoUsage]
1244 |             handle = nil
1245 |         }

/private/tmp/board1-rc15-preparatory-46903cd0-xke1sctz/rod-worktrees/wt_T56-RC7-a-failed-wipe-is-not-resumable/ios/Packages/GodstoneFoundation/Sources/GodstoneMesh/MessageStore.swift:1407:20: warning: result of call to function returning 'Int32' is unused [#NoUsage]
1405 |             var stmt: OpaquePointer?
1406 |             guard fn.prepareV2(db, sql, -1, &stmt, nil) == SQLITE_OK else {
1407 |                 fn.finalize(stmt); return false
     |                    `- warning: result of call to function returning 'Int32' is unused [#NoUsage]
1408 |             }
1409 |             defer { fn.finalize(stmt) }

/private/tmp/board1-rc15-preparatory-46903cd0-xke1sctz/rod-worktrees/wt_T56-RC7-a-failed-wipe-is-not-resumable/ios/Packages/GodstoneFoundation/Sources/GodstoneMesh/MessageStore.swift:1409:24: warning: result of call to function returning 'Int32' is unused [#NoUsage]
1407 |                 fn.finalize(stmt); return false
1408 |             }
1409 |             defer { fn.finalize(stmt) }
     |                        `- warning: result of call to function returning 'Int32' is unused [#NoUsage]
1410 |             let blob = msgId as NSData
1411 |             guard fn.bindBlob(stmt, 1, blob.bytes, Int32(blob.length), nil) == SQLITE_OK else { return false }

/private/tmp/board1-rc15-preparatory-46903cd0-xke1sctz/rod-worktrees/wt_T56-RC7-a-failed-wipe-is-not-resumable/ios/Packages/GodstoneFoundation/Sources/GodstoneMesh/MessageStore.swift:1456:16: warning: result of call to function returning 'Int32' is unused [#NoUsage]
1454 |         var stmt: OpaquePointer?
1455 |         guard fn.prepareV2(db, sql, -1, &stmt, nil) == SQLITE_OK else {
1456 |             fn.finalize(stmt); return false
     |                `- warning: result of call to function returning 'Int32' is unused [#NoUsage]
1457 |         }
1458 |         defer { fn.finalize(stmt) }

/private/tmp/board1-rc15-preparatory-46903cd0-xke1sctz/rod-worktrees/wt_T56-RC7-a-failed-wipe-is-not-resumable/ios/Packages/GodstoneFoundation/Sources/GodstoneMesh/MessageStore.swift:1458:20: warning: result of call to function returning 'Int32' is unused [#NoUsage]
1456 |             fn.finalize(stmt); return false
1457 |         }
1458 |         defer { fn.finalize(stmt) }
     |                    `- warning: result of call to function returning 'Int32' is unused [#NoUsage]
1459 |         fn.bindInt64(stmt, 1, Int64(next.remainingMs))
1460 |         fn.bindInt64(stmt, 2, Int64(next.checkpointMonotonicMs))

/private/tmp/board1-rc15-preparatory-46903cd0-xke1sctz/rod-worktrees/wt_T56-RC7-a-failed-wipe-is-not-resumable/ios/Packages/GodstoneFoundation/Sources/GodstoneMesh/MessageStore.swift:1459:12: warning: result of call to function returning 'Int32' is unused [#NoUsage]
1457 |         }
1458 |         defer { fn.finalize(stmt) }
1459 |         fn.bindInt64(stmt, 1, Int64(next.remainingMs))
     |            `- warning: result of call to function returning 'Int32' is unused [#NoUsage]
1460 |         fn.bindInt64(stmt, 2, Int64(next.checkpointMonotonicMs))
1461 |         fn.bindInt64(stmt, 3, Int64(next.discontinuityCount))

/private/tmp/board1-rc15-preparatory-46903cd0-xke1sctz/rod-worktrees/wt_T56-RC7-a-failed-wipe-is-not-resumable/ios/Packages/GodstoneFoundation/Sources/GodstoneMesh/MessageStore.swift:1460:12: warning: result of call to function returning 'Int32' is unused [#NoUsage]
1458 |         defer { fn.finalize(stmt) }
1459 |         fn.bindInt64(stmt, 1, Int64(next.remainingMs))
1460 |         fn.bindInt64(stmt, 2, Int64(next.checkpointMonotonicMs))
     |            `- warning: result of call to function returning 'Int32' is unused [#NoUsage]
1461 |         fn.bindInt64(stmt, 3, Int64(next.discontinuityCount))
1462 |         fn.bindText(stmt, 4, next.bootIdentity, -1, storeSqliteTransient)

/private/tmp/board1-rc15-preparatory-46903cd0-xke1sctz/rod-worktrees/wt_T56-RC7-a-failed-wipe-is-not-resumable/ios/Packages/GodstoneFoundation/Sources/GodstoneMesh/MessageStore.swift:1461:12: warning: result of call to function returning 'Int32' is unused [#NoUsage]
1459 |         fn.bindInt64(stmt, 1, Int64(next.remainingMs))
1460 |         fn.bindInt64(stmt, 2, Int64(next.checkpointMonotonicMs))
1461 |         fn.bindInt64(stmt, 3, Int64(next.discontinuityCount))
     |            `- warning: result of call to function returning 'Int32' is unused [#NoUsage]
1462 |         fn.bindText(stmt, 4, next.bootIdentity, -1, storeSqliteTransient)
1463 |         let blob = msgId as NSData

/private/tmp/board1-rc15-preparatory-46903cd0-xke1sctz/rod-worktrees/wt_T56-RC7-a-failed-wipe-is-not-resumable/ios/Packages/GodstoneFoundation/Sources/GodstoneMesh/MessageStore.swift:1462:12: warning: result of call to function returning 'Int32' is unused [#NoUsage]
1460 |         fn.bindInt64(stmt, 2, Int64(next.checkpointMonotonicMs))
1461 |         fn.bindInt64(stmt, 3, Int64(next.discontinuityCount))
1462 |         fn.bindText(stmt, 4, next.bootIdentity, -1, storeSqliteTransient)
     |            `- warning: result of call to function returning 'Int32' is unused [#NoUsage]
1463 |         let blob = msgId as NSData
1464 |         fn.bindBlob(stmt, 5, blob.bytes, Int32(blob.length), storeSqliteTransient)

/private/tmp/board1-rc15-preparatory-46903cd0-xke1sctz/rod-worktrees/wt_T56-RC7-a-failed-wipe-is-not-resumable/ios/Packages/GodstoneFoundation/Sources/GodstoneMesh/MessageStore.swift:1464:12: warning: result of call to function returning 'Int32' is unused [#NoUsage]
1462 |         fn.bindText(stmt, 4, next.bootIdentity, -1, storeSqliteTransient)
1463 |         let blob = msgId as NSData
1464 |         fn.bindBlob(stmt, 5, blob.bytes, Int32(blob.length), storeSqliteTransient)
     |            `- warning: result of call to function returning 'Int32' is unused [#NoUsage]
1465 |         return fn.step(stmt) == SQLITE_DONE
1466 |     }

/private/tmp/board1-rc15-preparatory-46903cd0-xke1sctz/rod-worktrees/wt_T56-RC7-a-failed-wipe-is-not-resumable/ios/Packages/GodstoneFoundation/Sources/GodstoneMesh/MessageStore.swift:1664:20: warning: result of call to function returning 'Int32' is unused [#NoUsage]
1662 |             let prepareRC = fn.prepareV2(db, scan, -1, &stmt, nil)
1663 |             guard prepareRC == SQLITE_OK else {
1664 |                 fn.finalize(stmt)
     |                    `- warning: result of call to function returning 'Int32' is unused [#NoUsage]
1665 |                 return sweepFault(.scanPrepareFailed(code: prepareRC), db: db, rolledBack: true)
1666 |             }

/private/tmp/board1-rc15-preparatory-46903cd0-xke1sctz/rod-worktrees/wt_T56-RC7-a-failed-wipe-is-not-resumable/ios/Packages/GodstoneFoundation/Sources/GodstoneMesh/MessageStore.swift:1667:24: warning: result of call to function returning 'Int32' is unused [#NoUsage]
1665 |                 return sweepFault(.scanPrepareFailed(code: prepareRC), db: db, rolledBack: true)
1666 |             }
1667 |             defer { fn.finalize(stmt) }
     |                        `- warning: result of call to function returning 'Int32' is unused [#NoUsage]
1668 |             let bindRC = fn.bindInt(stmt, 1, Int32(clamping: max(1, limit)))
1669 |             guard bindRC == SQLITE_OK else {

/private/tmp/board1-rc15-preparatory-46903cd0-xke1sctz/rod-worktrees/wt_T56-RC7-a-failed-wipe-is-not-resumable/ios/Packages/GodstoneFoundation/Sources/GodstoneMesh/MessageStore.swift:1723:35: warning: result of call to function returning 'Int32' is unused [#NoUsage]
1721 |                 let prepDel = fn.prepareV2(db, del, -1, &d, nil)
1722 |                 guard prepDel == SQLITE_OK else {
1723 |                     if let d { fn.finalize(d) }
     |                                   `- warning: result of call to function returning 'Int32' is unused [#NoUsage]
1724 |                     return sweepFault(.deletePrepareFailed(code: prepDel), db: db, rolledBack: true)
1725 |                 }

/private/tmp/board1-rc15-preparatory-46903cd0-xke1sctz/rod-worktrees/wt_T56-RC7-a-failed-wipe-is-not-resumable/ios/Packages/GodstoneFoundation/Sources/GodstoneMesh/MessageStore.swift:1728:24: warning: result of call to function returning 'Int32' is unused [#NoUsage]
1726 |                 let bindDel = fn.bindBlob(d, 1, blob.bytes, Int32(id.count), storeSqliteTransient)
1727 |                 guard bindDel == SQLITE_OK else {
1728 |                     fn.finalize(d)
     |                        `- warning: result of call to function returning 'Int32' is unused [#NoUsage]
1729 |                     return sweepFault(.deleteBindFailed(code: bindDel), db: db, rolledBack: true)
1730 |                 }

/private/tmp/board1-rc15-preparatory-46903cd0-xke1sctz/rod-worktrees/wt_T56-RC7-a-failed-wipe-is-not-resumable/ios/Packages/GodstoneFoundation/Sources/GodstoneMesh/MessageStore.swift:1732:20: warning: result of call to function returning 'Int32' is unused [#NoUsage]
1730 |                 }
1731 |                 let stepDel = fn.step(d)
1732 |                 fn.finalize(d)                                     // <-- finalized on BOTH roads, before the verdict
     |                    `- warning: result of call to function returning 'Int32' is unused [#NoUsage]
1733 |                 guard stepDel == SQLITE_DONE else {
1734 |                     return sweepFault(.deleteStepFailed(code: stepDel), db: db, rolledBack: true)

/private/tmp/board1-rc15-preparatory-46903cd0-xke1sctz/rod-worktrees/wt_T56-RC7-a-failed-wipe-is-not-resumable/ios/Packages/GodstoneFoundation/Sources/GodstoneMesh/MessageStore.swift:1746:36: warning: result of call to function returning 'Int32' is unused [#NoUsage]
1744 |                 let prepTs = fn.prepareV2(db, ins, -1, &ts, nil)
1745 |                 guard prepTs == SQLITE_OK else {
1746 |                     if let ts { fn.finalize(ts) }
     |                                    `- warning: result of call to function returning 'Int32' is unused [#NoUsage]
1747 |                     return sweepFault(.tombstonePrepareFailed(code: prepTs), db: db, rolledBack: true)
1748 |                 }

/private/tmp/board1-rc15-preparatory-46903cd0-xke1sctz/rod-worktrees/wt_T56-RC7-a-failed-wipe-is-not-resumable/ios/Packages/GodstoneFoundation/Sources/GodstoneMesh/MessageStore.swift:1753:24: warning: result of call to function returning 'Int32' is unused [#NoUsage]
1751 |                 let bootBind = boot.withCString { fn.bindText(ts, 3, $0, -1, storeSqliteTransient) }
1752 |                 guard blobBind == SQLITE_OK, expiryBind == SQLITE_OK, bootBind == SQLITE_OK else {
1753 |                     fn.finalize(ts)
     |                        `- warning: result of call to function returning 'Int32' is unused [#NoUsage]
1754 |                     let rc = blobBind != SQLITE_OK ? blobBind : (expiryBind != SQLITE_OK ? expiryBind : bootBind)
1755 |                     return sweepFault(.tombstoneStepFailed(code: rc), db: db, rolledBack: true)

/private/tmp/board1-rc15-preparatory-46903cd0-xke1sctz/rod-worktrees/wt_T56-RC7-a-failed-wipe-is-not-resumable/ios/Packages/GodstoneFoundation/Sources/GodstoneMesh/MessageStore.swift:1758:20: warning: result of call to function returning 'Int32' is unused [#NoUsage]
1756 |                 }
1757 |                 let stepTs = fn.step(ts)
1758 |                 fn.finalize(ts)
     |                    `- warning: result of call to function returning 'Int32' is unused [#NoUsage]
1759 |                 guard stepTs == SQLITE_DONE else {
1760 |                     // A tombstone that failed to be written would re-open the dedup window the retirement just

/private/tmp/board1-rc15-preparatory-46903cd0-xke1sctz/rod-worktrees/wt_T56-RC7-a-failed-wipe-is-not-resumable/ios/Packages/GodstoneFoundation/Sources/GodstoneMesh/MessageStore.swift:1770:35: warning: result of call to function returning 'Int32' is unused [#NoUsage]
1768 |                 let prepUpd = fn.prepareV2(db, upd, -1, &u, nil)
1769 |                 guard prepUpd == SQLITE_OK else {
1770 |                     if let u { fn.finalize(u) }
     |                                   `- warning: result of call to function returning 'Int32' is unused [#NoUsage]
1771 |                     return sweepFault(.deliveryPrepareFailed(code: prepUpd), db: db, rolledBack: true)
1772 |                 }

/private/tmp/board1-rc15-preparatory-46903cd0-xke1sctz/rod-worktrees/wt_T56-RC7-a-failed-wipe-is-not-resumable/ios/Packages/GodstoneFoundation/Sources/GodstoneMesh/MessageStore.swift:1776:24: warning: result of call to function returning 'Int32' is unused [#NoUsage]
1774 |                 let idBind = fn.bindBlob(u, 2, blob.bytes, Int32(id.count), storeSqliteTransient)
1775 |                 guard stateBind == SQLITE_OK, idBind == SQLITE_OK else {
1776 |                     fn.finalize(u)
     |                        `- warning: result of call to function returning 'Int32' is unused [#NoUsage]
1777 |                     return sweepFault(.deliveryStepFailed(code: stateBind != SQLITE_OK ? stateBind : idBind), db: db, rolledBack: true)
1778 |                 }

/private/tmp/board1-rc15-preparatory-46903cd0-xke1sctz/rod-worktrees/wt_T56-RC7-a-failed-wipe-is-not-resumable/ios/Packages/GodstoneFoundation/Sources/GodstoneMesh/MessageStore.swift:1780:20: warning: result of call to function returning 'Int32' is unused [#NoUsage]
1778 |                 }
1779 |                 let stepUpd = fn.step(u)
1780 |                 fn.finalize(u)
     |                    `- warning: result of call to function returning 'Int32' is unused [#NoUsage]
1781 |                 guard stepUpd == SQLITE_DONE else {
1782 |                     // The delivery row must move WITH the held row; a fault here rollbacketh the whole step rather

/private/tmp/board1-rc15-preparatory-46903cd0-xke1sctz/rod-worktrees/wt_T56-RC7-a-failed-wipe-is-not-resumable/ios/Packages/GodstoneFoundation/Sources/GodstoneMesh/MessageStore.swift:1868:16: warning: result of call to function returning 'Int32' is unused [#NoUsage]
1866 |             _ = owner.close()          // exactly-once, deferred to THIS frame's exit (endUse -> finishClose)
1867 |         } else {
1868 |             fn.closeV2(db)             // the owned handle, freed in place at a safe phase (statements finalized)
     |                `- warning: result of call to function returning 'Int32' is unused [#NoUsage]
1869 |             handle = nil
1870 |             adoptedConnectionIdentity = nil

/private/tmp/board1-rc15-preparatory-46903cd0-xke1sctz/rod-worktrees/wt_T56-RC7-a-failed-wipe-is-not-resumable/ios/Packages/GodstoneFoundation/Sources/GodstoneMesh/MessageStore.swift:1937:16: warning: result of call to function returning 'Int32' is unused [#NoUsage]
1935 |         var stmt: OpaquePointer?
1936 |         guard fn.prepareV2(db, sql, -1, &stmt, nil) == SQLITE_OK else {
1937 |             fn.finalize(stmt); throw StoreSweepFault.reapPrepareFailed(code: -1)
     |                `- warning: result of call to function returning 'Int32' is unused [#NoUsage]
1938 |         }
1939 |         defer { fn.finalize(stmt) }

/private/tmp/board1-rc15-preparatory-46903cd0-xke1sctz/rod-worktrees/wt_T56-RC7-a-failed-wipe-is-not-resumable/ios/Packages/GodstoneFoundation/Sources/GodstoneMesh/MessageStore.swift:1939:20: warning: result of call to function returning 'Int32' is unused [#NoUsage]
1937 |             fn.finalize(stmt); throw StoreSweepFault.reapPrepareFailed(code: -1)
1938 |         }
1939 |         defer { fn.finalize(stmt) }
     |                    `- warning: result of call to function returning 'Int32' is unused [#NoUsage]
1940 |         // *** THE BOOT-IDENTITY TEXT BIND IS CHECKED AND ITS **ACTUAL** CODE IS RAISED (SQLITE-LATEST-I4). *** *The old
1941 |         // body discarded it (`_ =`), so a REFUSED text bind (e.g. `SQLITE_NOMEM`) left parameter 1 as NULL; the

/private/tmp/board1-rc15-preparatory-46903cd0-xke1sctz/rod-worktrees/wt_T56-RC7-a-failed-wipe-is-not-resumable/ios/Packages/GodstoneFoundation/Sources/GodstoneMesh/MessageStore.swift:1964:16: warning: result of call to function returning 'Int32' is unused [#NoUsage]
1962 |         var stmt: OpaquePointer?
1963 |         guard fn.prepareV2(db, sql, -1, &stmt, nil) == SQLITE_OK else {
1964 |             fn.finalize(stmt); return false
     |                `- warning: result of call to function returning 'Int32' is unused [#NoUsage]
1965 |         }
1966 |         defer { fn.finalize(stmt) }

/private/tmp/board1-rc15-preparatory-46903cd0-xke1sctz/rod-worktrees/wt_T56-RC7-a-failed-wipe-is-not-resumable/ios/Packages/GodstoneFoundation/Sources/GodstoneMesh/MessageStore.swift:1966:20: warning: result of call to function returning 'Int32' is unused [#NoUsage]
1964 |             fn.finalize(stmt); return false
1965 |         }
1966 |         defer { fn.finalize(stmt) }
     |                    `- warning: result of call to function returning 'Int32' is unused [#NoUsage]
1967 |         let blob = msgId as NSData
1968 |         guard fn.bindBlob(stmt, 1, blob.bytes, Int32(blob.length), storeSqliteTransient) == SQLITE_OK,

/private/tmp/board1-rc15-preparatory-46903cd0-xke1sctz/rod-worktrees/wt_T56-RC7-a-failed-wipe-is-not-resumable/ios/Packages/GodstoneFoundation/Sources/GodstoneMesh/MessageStore.swift:1993:20: warning: result of call to function returning 'Int32' is unused [#NoUsage]
1991 |             let sql = "SELECT COUNT(*) FROM \(StoreSchema.tombstoneTable)"
1992 |             guard fn.prepareV2(db, sql, -1, &stmt, nil) == SQLITE_OK else {
1993 |                 fn.finalize(stmt); return 0
     |                    `- warning: result of call to function returning 'Int32' is unused [#NoUsage]
1994 |             }
1995 |             defer { fn.finalize(stmt) }

/private/tmp/board1-rc15-preparatory-46903cd0-xke1sctz/rod-worktrees/wt_T56-RC7-a-failed-wipe-is-not-resumable/ios/Packages/GodstoneFoundation/Sources/GodstoneMesh/MessageStore.swift:1995:24: warning: result of call to function returning 'Int32' is unused [#NoUsage]
1993 |                 fn.finalize(stmt); return 0
1994 |             }
1995 |             defer { fn.finalize(stmt) }
     |                        `- warning: result of call to function returning 'Int32' is unused [#NoUsage]
1996 |             guard fn.step(stmt) == SQLITE_ROW else { return 0 }
1997 |             return Int(fn.columnInt64(stmt, 0))

/private/tmp/board1-rc15-preparatory-46903cd0-xke1sctz/rod-worktrees/wt_T56-RC7-a-failed-wipe-is-not-resumable/ios/Packages/GodstoneFoundation/Sources/GodstoneMesh/MessageStore.swift:2008:20: warning: result of call to function returning 'Int32' is unused [#NoUsage]
2006 |             var stmt: OpaquePointer?
2007 |             guard fn.prepareV2(db, sql, -1, &stmt, nil) == SQLITE_OK else {
2008 |                 fn.finalize(stmt); return false
     |                    `- warning: result of call to function returning 'Int32' is unused [#NoUsage]
2009 |             }
2010 |             defer { fn.finalize(stmt) }

/private/tmp/board1-rc15-preparatory-46903cd0-xke1sctz/rod-worktrees/wt_T56-RC7-a-failed-wipe-is-not-resumable/ios/Packages/GodstoneFoundation/Sources/GodstoneMesh/MessageStore.swift:2010:24: warning: result of call to function returning 'Int32' is unused [#NoUsage]
2008 |                 fn.finalize(stmt); return false
2009 |             }
2010 |             defer { fn.finalize(stmt) }
     |                        `- warning: result of call to function returning 'Int32' is unused [#NoUsage]
2011 |             let blob = msgId as NSData
2012 |             guard fn.bindBlob(stmt, 1, blob.bytes, Int32(blob.length), nil) == SQLITE_OK,

/private/tmp/board1-rc15-preparatory-46903cd0-xke1sctz/rod-worktrees/wt_T56-RC7-a-failed-wipe-is-not-resumable/ios/Packages/GodstoneFoundation/Sources/GodstoneMesh/MessageStore.swift:2029:20: warning: result of call to function returning 'Int32' is unused [#NoUsage]
2027 |             var stmt: OpaquePointer?
2028 |             guard fn.prepareV2(db, sql, -1, &stmt, nil) == SQLITE_OK else {
2029 |                 fn.finalize(stmt); return false
     |                    `- warning: result of call to function returning 'Int32' is unused [#NoUsage]
2030 |             }
2031 |             defer { fn.finalize(stmt) }

/private/tmp/board1-rc15-preparatory-46903cd0-xke1sctz/rod-worktrees/wt_T56-RC7-a-failed-wipe-is-not-resumable/ios/Packages/GodstoneFoundation/Sources/GodstoneMesh/MessageStore.swift:2031:24: warning: result of call to function returning 'Int32' is unused [#NoUsage]
2029 |                 fn.finalize(stmt); return false
2030 |             }
2031 |             defer { fn.finalize(stmt) }
     |                        `- warning: result of call to function returning 'Int32' is unused [#NoUsage]
2032 |             let blob = msgId as NSData
2033 |             guard fn.bindBlob(stmt, 1, blob.bytes, Int32(blob.length), nil) == SQLITE_OK else { return false }

/private/tmp/board1-rc15-preparatory-46903cd0-xke1sctz/rod-worktrees/wt_T56-RC7-a-failed-wipe-is-not-resumable/ios/Packages/GodstoneFoundation/Sources/GodstoneMesh/MessageStore.swift:2068:20: warning: result of call to function returning 'Int32' is unused [#NoUsage]
2066 |             var stmt: OpaquePointer?
2067 |             guard fn.prepareV2(db, sql, -1, &stmt, nil) == SQLITE_OK else {
2068 |                 fn.finalize(stmt); return
     |                    `- warning: result of call to function returning 'Int32' is unused [#NoUsage]
2069 |             }
2070 |             defer { fn.finalize(stmt) }

/private/tmp/board1-rc15-preparatory-46903cd0-xke1sctz/rod-worktrees/wt_T56-RC7-a-failed-wipe-is-not-resumable/ios/Packages/GodstoneFoundation/Sources/GodstoneMesh/MessageStore.swift:2070:24: warning: result of call to function returning 'Int32' is unused [#NoUsage]
2068 |                 fn.finalize(stmt); return
2069 |             }
2070 |             defer { fn.finalize(stmt) }
     |                        `- warning: result of call to function returning 'Int32' is unused [#NoUsage]
2071 |             while fn.step(stmt) == SQLITE_ROW {
2072 |                 let row = StoreRow(

/private/tmp/board1-rc15-preparatory-46903cd0-xke1sctz/rod-worktrees/wt_T56-RC7-a-failed-wipe-is-not-resumable/ios/Packages/GodstoneFoundation/Sources/GodstoneMesh/MessageStore.swift:2108:20: warning: result of call to function returning 'Int32' is unused [#NoUsage]
2106 |             var stmt: OpaquePointer?
2107 |             guard fn.prepareV2(db, sql, -1, &stmt, nil) == SQLITE_OK else {
2108 |                 fn.finalize(stmt); return
     |                    `- warning: result of call to function returning 'Int32' is unused [#NoUsage]
2109 |             }
2110 |             defer { fn.finalize(stmt) }

/private/tmp/board1-rc15-preparatory-46903cd0-xke1sctz/rod-worktrees/wt_T56-RC7-a-failed-wipe-is-not-resumable/ios/Packages/GodstoneFoundation/Sources/GodstoneMesh/MessageStore.swift:2110:24: warning: result of call to function returning 'Int32' is unused [#NoUsage]
2108 |                 fn.finalize(stmt); return
2109 |             }
2110 |             defer { fn.finalize(stmt) }
     |                        `- warning: result of call to function returning 'Int32' is unused [#NoUsage]
2111 |             while fn.step(stmt) == SQLITE_ROW {
2112 |                 // GS-STORE-004: the id reader is a FORWARDING surface too, so it carrieth the same gate -- AND

/private/tmp/board1-rc15-preparatory-46903cd0-xke1sctz/rod-worktrees/wt_T56-RC7-a-failed-wipe-is-not-resumable/ios/Packages/GodstoneFoundation/Sources/GodstoneMesh/MessageStore.swift:2603:20: warning: result of call to function returning 'Int32' is unused [#NoUsage]
2601 |             var stmt: OpaquePointer?
2602 |             guard fn.prepareV2(db, sql, -1, &stmt, nil) == SQLITE_OK else {
2603 |                 fn.finalize(stmt)
     |                    `- warning: result of call to function returning 'Int32' is unused [#NoUsage]
2604 |                 return false
2605 |             }

/private/tmp/board1-rc15-preparatory-46903cd0-xke1sctz/rod-worktrees/wt_T56-RC7-a-failed-wipe-is-not-resumable/ios/Packages/GodstoneFoundation/Sources/GodstoneMesh/MessageStore.swift:2606:24: warning: result of call to function returning 'Int32' is unused [#NoUsage]
2604 |                 return false
2605 |             }
2606 |             defer { fn.finalize(stmt) }
     |                        `- warning: result of call to function returning 'Int32' is unused [#NoUsage]
2607 |             self.bindBlob(stmt, 1, msgId)
2608 |             let step = fn.step(stmt)

/private/tmp/board1-rc15-preparatory-46903cd0-xke1sctz/rod-worktrees/wt_T56-RC7-a-failed-wipe-is-not-resumable/ios/Packages/GodstoneFoundation/Sources/GodstoneMesh/MessageStore.swift:2728:16: warning: result of call to function returning 'Int32' is unused [#NoUsage]
2726 |         var stmt: OpaquePointer?
2727 |         guard fn.prepareV2(db, sql, -1, &stmt, nil) == SQLITE_OK else {
2728 |             fn.finalize(stmt); throw StoreError.prepareFailed
     |                `- warning: result of call to function returning 'Int32' is unused [#NoUsage]
2729 |         }
2730 |         defer { fn.finalize(stmt) }

/private/tmp/board1-rc15-preparatory-46903cd0-xke1sctz/rod-worktrees/wt_T56-RC7-a-failed-wipe-is-not-resumable/ios/Packages/GodstoneFoundation/Sources/GodstoneMesh/MessageStore.swift:2730:20: warning: result of call to function returning 'Int32' is unused [#NoUsage]
2728 |             fn.finalize(stmt); throw StoreError.prepareFailed
2729 |         }
2730 |         defer { fn.finalize(stmt) }
     |                    `- warning: result of call to function returning 'Int32' is unused [#NoUsage]
2731 |         bindBlob(stmt, 1, frame.msgId)
2732 |         fn.bindInt(stmt, 2, Int32(frame.type.rawValue))

/private/tmp/board1-rc15-preparatory-46903cd0-xke1sctz/rod-worktrees/wt_T56-RC7-a-failed-wipe-is-not-resumable/ios/Packages/GodstoneFoundation/Sources/GodstoneMesh/MessageStore.swift:2732:12: warning: result of call to function returning 'Int32' is unused [#NoUsage]
2730 |         defer { fn.finalize(stmt) }
2731 |         bindBlob(stmt, 1, frame.msgId)
2732 |         fn.bindInt(stmt, 2, Int32(frame.type.rawValue))
     |            `- warning: result of call to function returning 'Int32' is unused [#NoUsage]
2733 |         fn.bindInt(stmt, 3, Int32(frame.ttl))
2734 |         fn.bindInt(stmt, 4, Int32(frame.hopCount))

/private/tmp/board1-rc15-preparatory-46903cd0-xke1sctz/rod-worktrees/wt_T56-RC7-a-failed-wipe-is-not-resumable/ios/Packages/GodstoneFoundation/Sources/GodstoneMesh/MessageStore.swift:2733:12: warning: result of call to function returning 'Int32' is unused [#NoUsage]
2731 |         bindBlob(stmt, 1, frame.msgId)
2732 |         fn.bindInt(stmt, 2, Int32(frame.type.rawValue))
2733 |         fn.bindInt(stmt, 3, Int32(frame.ttl))
     |            `- warning: result of call to function returning 'Int32' is unused [#NoUsage]
2734 |         fn.bindInt(stmt, 4, Int32(frame.hopCount))
2735 |         fn.bindInt(stmt, 5, Int32(frame.flags))

/private/tmp/board1-rc15-preparatory-46903cd0-xke1sctz/rod-worktrees/wt_T56-RC7-a-failed-wipe-is-not-resumable/ios/Packages/GodstoneFoundation/Sources/GodstoneMesh/MessageStore.swift:2734:12: warning: result of call to function returning 'Int32' is unused [#NoUsage]
2732 |         fn.bindInt(stmt, 2, Int32(frame.type.rawValue))
2733 |         fn.bindInt(stmt, 3, Int32(frame.ttl))
2734 |         fn.bindInt(stmt, 4, Int32(frame.hopCount))
     |            `- warning: result of call to function returning 'Int32' is unused [#NoUsage]
2735 |         fn.bindInt(stmt, 5, Int32(frame.flags))
2736 |         fn.bindInt(stmt, 6, Int32(Priority.fromFlags(frame.flags).rawValue))

/private/tmp/board1-rc15-preparatory-46903cd0-xke1sctz/rod-worktrees/wt_T56-RC7-a-failed-wipe-is-not-resumable/ios/Packages/GodstoneFoundation/Sources/GodstoneMesh/MessageStore.swift:2735:12: warning: result of call to function returning 'Int32' is unused [#NoUsage]
2733 |         fn.bindInt(stmt, 3, Int32(frame.ttl))
2734 |         fn.bindInt(stmt, 4, Int32(frame.hopCount))
2735 |         fn.bindInt(stmt, 5, Int32(frame.flags))
     |            `- warning: result of call to function returning 'Int32' is unused [#NoUsage]
2736 |         fn.bindInt(stmt, 6, Int32(Priority.fromFlags(frame.flags).rawValue))
2737 |         bindBlob(stmt, 7, frame.routingTag)

/private/tmp/board1-rc15-preparatory-46903cd0-xke1sctz/rod-worktrees/wt_T56-RC7-a-failed-wipe-is-not-resumable/ios/Packages/GodstoneFoundation/Sources/GodstoneMesh/MessageStore.swift:2736:12: warning: result of call to function returning 'Int32' is unused [#NoUsage]
2734 |         fn.bindInt(stmt, 4, Int32(frame.hopCount))
2735 |         fn.bindInt(stmt, 5, Int32(frame.flags))
2736 |         fn.bindInt(stmt, 6, Int32(Priority.fromFlags(frame.flags).rawValue))
     |            `- warning: result of call to function returning 'Int32' is unused [#NoUsage]
2737 |         bindBlob(stmt, 7, frame.routingTag)
2738 |         bindBlob(stmt, 8, frame.payload)

/private/tmp/board1-rc15-preparatory-46903cd0-xke1sctz/rod-worktrees/wt_T56-RC7-a-failed-wipe-is-not-resumable/ios/Packages/GodstoneFoundation/Sources/GodstoneMesh/MessageStore.swift:2740:12: warning: result of call to function returning 'Int32' is unused [#NoUsage]
2738 |         bindBlob(stmt, 8, frame.payload)
2739 |         bindBlob(stmt, 9, receivedFrom)
2740 |         fn.bindInt64(stmt, 10, receivedAt)
     |            `- warning: result of call to function returning 'Int32' is unused [#NoUsage]
2741 |         // GS-STORE-004 STEP FIVE: THE LOCAL POLICY BUDGET, PERSISTED WITH THE ROW IN THE SAME STATEMENT. NULL
2742 |         // when no clock was injected: the historical behaviour is preserved for every path that owneth no

/private/tmp/board1-rc15-preparatory-46903cd0-xke1sctz/rod-worktrees/wt_T56-RC7-a-failed-wipe-is-not-resumable/ios/Packages/GodstoneFoundation/Sources/GodstoneMesh/MessageStore.swift:2746:16: warning: result of call to function returning 'Int32' is unused [#NoUsage]
2744 |         // zero. A DUPLICATE never reacheth here (INSERT OR IGNORE), which is what maketh the budget un-replenishable.
2745 |         if let retention = retention {
2746 |             fn.bindInt64(stmt, 11, Int64(retention.remainingMs))
     |                `- warning: result of call to function returning 'Int32' is unused [#NoUsage]
2747 |             fn.bindInt64(stmt, 12, Int64(retention.checkpointMonotonicMs))
2748 |             // THE CONTINUITY IDENTIFIER COMETH FROM THE INJECTED CLOCK, NOT FROM THE CHECKPOINT TYPE: read in

/private/tmp/board1-rc15-preparatory-46903cd0-xke1sctz/rod-worktrees/wt_T56-RC7-a-failed-wipe-is-not-resumable/ios/Packages/GodstoneFoundation/Sources/GodstoneMesh/MessageStore.swift:2747:16: warning: result of call to function returning 'Int32' is unused [#NoUsage]
2745 |         if let retention = retention {
2746 |             fn.bindInt64(stmt, 11, Int64(retention.remainingMs))
2747 |             fn.bindInt64(stmt, 12, Int64(retention.checkpointMonotonicMs))
     |                `- warning: result of call to function returning 'Int32' is unused [#NoUsage]
2748 |             // THE CONTINUITY IDENTIFIER COMETH FROM THE INJECTED CLOCK, NOT FROM THE CHECKPOINT TYPE: read in
2749 |             // the tree, `RetentionCheckpoint` carrieth `remainingMs`, `checkpointMonotonicMs`,

/private/tmp/board1-rc15-preparatory-46903cd0-xke1sctz/rod-worktrees/wt_T56-RC7-a-failed-wipe-is-not-resumable/ios/Packages/GodstoneFoundation/Sources/GodstoneMesh/MessageStore.swift:2757:22: warning: result of call to 'withCString' is unused [#NoUsage]
2755 |             // exactly that ("" where "boot-A" was due).
2756 |             if let boot = bootIdentity {
2757 |                 boot.withCString { fn.bindText(stmt, 13, $0, -1, storeSqliteTransient) }
     |                      `- warning: result of call to 'withCString' is unused [#NoUsage]
2758 |             } else {
2759 |                 fn.bindNull(stmt, 13)

/private/tmp/board1-rc15-preparatory-46903cd0-xke1sctz/rod-worktrees/wt_T56-RC7-a-failed-wipe-is-not-resumable/ios/Packages/GodstoneFoundation/Sources/GodstoneMesh/MessageStore.swift:2759:20: warning: result of call to function returning 'Int32' is unused [#NoUsage]
2757 |                 boot.withCString { fn.bindText(stmt, 13, $0, -1, storeSqliteTransient) }
2758 |             } else {
2759 |                 fn.bindNull(stmt, 13)
     |                    `- warning: result of call to function returning 'Int32' is unused [#NoUsage]
2760 |             }
2761 |             fn.bindInt64(stmt, 14, Int64(retention.discontinuityCount))

/private/tmp/board1-rc15-preparatory-46903cd0-xke1sctz/rod-worktrees/wt_T56-RC7-a-failed-wipe-is-not-resumable/ios/Packages/GodstoneFoundation/Sources/GodstoneMesh/MessageStore.swift:2761:16: warning: result of call to function returning 'Int32' is unused [#NoUsage]
2759 |                 fn.bindNull(stmt, 13)
2760 |             }
2761 |             fn.bindInt64(stmt, 14, Int64(retention.discontinuityCount))
     |                `- warning: result of call to function returning 'Int32' is unused [#NoUsage]
2762 |         } else {
2763 |             fn.bindNull(stmt, 11); fn.bindNull(stmt, 12)

/private/tmp/board1-rc15-preparatory-46903cd0-xke1sctz/rod-worktrees/wt_T56-RC7-a-failed-wipe-is-not-resumable/ios/Packages/GodstoneFoundation/Sources/GodstoneMesh/MessageStore.swift:2763:16: warning: result of call to function returning 'Int32' is unused [#NoUsage]
2761 |             fn.bindInt64(stmt, 14, Int64(retention.discontinuityCount))
2762 |         } else {
2763 |             fn.bindNull(stmt, 11); fn.bindNull(stmt, 12)
     |                `- warning: result of call to function returning 'Int32' is unused [#NoUsage]
2764 |             fn.bindNull(stmt, 13); fn.bindNull(stmt, 14)
2765 |         }

/private/tmp/board1-rc15-preparatory-46903cd0-xke1sctz/rod-worktrees/wt_T56-RC7-a-failed-wipe-is-not-resumable/ios/Packages/GodstoneFoundation/Sources/GodstoneMesh/MessageStore.swift:2763:39: warning: result of call to function returning 'Int32' is unused [#NoUsage]
2761 |             fn.bindInt64(stmt, 14, Int64(retention.discontinuityCount))
2762 |         } else {
2763 |             fn.bindNull(stmt, 11); fn.bindNull(stmt, 12)
     |                                       `- warning: result of call to function returning 'Int32' is unused [#NoUsage]
2764 |             fn.bindNull(stmt, 13); fn.bindNull(stmt, 14)
2765 |         }

/private/tmp/board1-rc15-preparatory-46903cd0-xke1sctz/rod-worktrees/wt_T56-RC7-a-failed-wipe-is-not-resumable/ios/Packages/GodstoneFoundation/Sources/GodstoneMesh/MessageStore.swift:2764:16: warning: result of call to function returning 'Int32' is unused [#NoUsage]
2762 |         } else {
2763 |             fn.bindNull(stmt, 11); fn.bindNull(stmt, 12)
2764 |             fn.bindNull(stmt, 13); fn.bindNull(stmt, 14)
     |                `- warning: result of call to function returning 'Int32' is unused [#NoUsage]
2765 |         }
2766 |         guard fn.step(stmt) == SQLITE_DONE else { throw StoreError.stepFailed }

/private/tmp/board1-rc15-preparatory-46903cd0-xke1sctz/rod-worktrees/wt_T56-RC7-a-failed-wipe-is-not-resumable/ios/Packages/GodstoneFoundation/Sources/GodstoneMesh/MessageStore.swift:2764:39: warning: result of call to function returning 'Int32' is unused [#NoUsage]
2762 |         } else {
2763 |             fn.bindNull(stmt, 11); fn.bindNull(stmt, 12)
2764 |             fn.bindNull(stmt, 13); fn.bindNull(stmt, 14)
     |                                       `- warning: result of call to function returning 'Int32' is unused [#NoUsage]
2765 |         }
2766 |         guard fn.step(stmt) == SQLITE_DONE else { throw StoreError.stepFailed }

/private/tmp/board1-rc15-preparatory-46903cd0-xke1sctz/rod-worktrees/wt_T56-RC7-a-failed-wipe-is-not-resumable/ios/Packages/GodstoneFoundation/Sources/GodstoneMesh/MessageStore.swift:2779:16: warning: result of call to function returning 'Int32' is unused [#NoUsage]
2777 |         var stmt: OpaquePointer?
2778 |         guard fn.prepareV2(db, StoreSchema.containsSql, -1, &stmt, nil) == SQLITE_OK else {
2779 |             fn.finalize(stmt); throw StoreError.prepareFailed
     |                `- warning: result of call to function returning 'Int32' is unused [#NoUsage]
2780 |         }
2781 |         defer { fn.finalize(stmt) }

/private/tmp/board1-rc15-preparatory-46903cd0-xke1sctz/rod-worktrees/wt_T56-RC7-a-failed-wipe-is-not-resumable/ios/Packages/GodstoneFoundation/Sources/GodstoneMesh/MessageStore.swift:2781:20: warning: result of call to function returning 'Int32' is unused [#NoUsage]
2779 |             fn.finalize(stmt); throw StoreError.prepareFailed
2780 |         }
2781 |         defer { fn.finalize(stmt) }
     |                    `- warning: result of call to function returning 'Int32' is unused [#NoUsage]
2782 |         bindBlob(stmt, 1, msgId)
2783 |         let rc = fn.step(stmt)

/private/tmp/board1-rc15-preparatory-46903cd0-xke1sctz/rod-worktrees/wt_T56-RC7-a-failed-wipe-is-not-resumable/ios/Packages/GodstoneFoundation/Sources/GodstoneMesh/MessageStore.swift:2803:16: warning: result of call to function returning 'Int32' is unused [#NoUsage]
2801 |         var stmt: OpaquePointer?
2802 |         guard fn.prepareV2(db, sql, -1, &stmt, nil) == SQLITE_OK else {
2803 |             fn.finalize(stmt); throw StoreError.prepareFailed
     |                `- warning: result of call to function returning 'Int32' is unused [#NoUsage]
2804 |         }
2805 |         defer { fn.finalize(stmt) }

/private/tmp/board1-rc15-preparatory-46903cd0-xke1sctz/rod-worktrees/wt_T56-RC7-a-failed-wipe-is-not-resumable/ios/Packages/GodstoneFoundation/Sources/GodstoneMesh/MessageStore.swift:2805:20: warning: result of call to function returning 'Int32' is unused [#NoUsage]
2803 |             fn.finalize(stmt); throw StoreError.prepareFailed
2804 |         }
2805 |         defer { fn.finalize(stmt) }
     |                    `- warning: result of call to function returning 'Int32' is unused [#NoUsage]
2806 |         bindBlob(stmt, 1, msgId)
2807 |         let rc = fn.step(stmt)

/private/tmp/board1-rc15-preparatory-46903cd0-xke1sctz/rod-worktrees/wt_T56-RC7-a-failed-wipe-is-not-resumable/ios/Packages/GodstoneFoundation/Sources/GodstoneMesh/MessageStore.swift:2841:16: warning: result of call to function returning 'Int32' is unused [#NoUsage]
2839 |         var stmt: OpaquePointer?
2840 |         guard fn.prepareV2(db, StoreSchema.heldBytesSql, -1, &stmt, nil) == SQLITE_OK else {
2841 |             fn.finalize(stmt); throw StoreError.prepareFailed
     |                `- warning: result of call to function returning 'Int32' is unused [#NoUsage]
2842 |         }
2843 |         defer { fn.finalize(stmt) }

/private/tmp/board1-rc15-preparatory-46903cd0-xke1sctz/rod-worktrees/wt_T56-RC7-a-failed-wipe-is-not-resumable/ios/Packages/GodstoneFoundation/Sources/GodstoneMesh/MessageStore.swift:2843:20: warning: result of call to function returning 'Int32' is unused [#NoUsage]
2841 |             fn.finalize(stmt); throw StoreError.prepareFailed
2842 |         }
2843 |         defer { fn.finalize(stmt) }
     |                    `- warning: result of call to function returning 'Int32' is unused [#NoUsage]
2844 |         guard fn.step(stmt) == SQLITE_ROW else { throw StoreError.stepFailed }
2845 |         return fn.columnInt64(stmt, 0)

/private/tmp/board1-rc15-preparatory-46903cd0-xke1sctz/rod-worktrees/wt_T56-RC7-a-failed-wipe-is-not-resumable/ios/Packages/GodstoneFoundation/Sources/GodstoneMesh/MessageStore.swift:2858:16: warning: result of call to function returning 'Int32' is unused [#NoUsage]
2856 |         var stmt: OpaquePointer?
2857 |         guard fn.prepareV2(db, StoreSchema.evictPrefixSql, -1, &stmt, nil) == SQLITE_OK else {
2858 |             fn.finalize(stmt); throw StoreError.prepareFailed
     |                `- warning: result of call to function returning 'Int32' is unused [#NoUsage]
2859 |         }
2860 |         defer { fn.finalize(stmt) }

/private/tmp/board1-rc15-preparatory-46903cd0-xke1sctz/rod-worktrees/wt_T56-RC7-a-failed-wipe-is-not-resumable/ios/Packages/GodstoneFoundation/Sources/GodstoneMesh/MessageStore.swift:2860:20: warning: result of call to function returning 'Int32' is unused [#NoUsage]
2858 |             fn.finalize(stmt); throw StoreError.prepareFailed
2859 |         }
2860 |         defer { fn.finalize(stmt) }
     |                    `- warning: result of call to function returning 'Int32' is unused [#NoUsage]
2861 |         fn.bindInt64(stmt, 1, overshoot)
2862 |         guard fn.step(stmt) == SQLITE_DONE else { throw StoreError.stepFailed }

/private/tmp/board1-rc15-preparatory-46903cd0-xke1sctz/rod-worktrees/wt_T56-RC7-a-failed-wipe-is-not-resumable/ios/Packages/GodstoneFoundation/Sources/GodstoneMesh/MessageStore.swift:2861:12: warning: result of call to function returning 'Int32' is unused [#NoUsage]
2859 |         }
2860 |         defer { fn.finalize(stmt) }
2861 |         fn.bindInt64(stmt, 1, overshoot)
     |            `- warning: result of call to function returning 'Int32' is unused [#NoUsage]
2862 |         guard fn.step(stmt) == SQLITE_DONE else { throw StoreError.stepFailed }
2863 |     }

/private/tmp/board1-rc15-preparatory-46903cd0-xke1sctz/rod-worktrees/wt_T56-RC7-a-failed-wipe-is-not-resumable/ios/Packages/GodstoneFoundation/Sources/GodstoneMesh/MessageStore.swift:2873:16: warning: result of call to function returning 'Int32' is unused [#NoUsage]
2871 |         var stmt: OpaquePointer?
2872 |         guard fn.prepareV2(db, StoreSchema.heldBytesSql, -1, &stmt, nil) == SQLITE_OK else {
2873 |             fn.finalize(stmt); return 0
     |                `- warning: result of call to function returning 'Int32' is unused [#NoUsage]
2874 |         }
2875 |         defer { fn.finalize(stmt) }

/private/tmp/board1-rc15-preparatory-46903cd0-xke1sctz/rod-worktrees/wt_T56-RC7-a-failed-wipe-is-not-resumable/ios/Packages/GodstoneFoundation/Sources/GodstoneMesh/MessageStore.swift:2875:20: warning: result of call to function returning 'Int32' is unused [#NoUsage]
2873 |             fn.finalize(stmt); return 0
2874 |         }
2875 |         defer { fn.finalize(stmt) }
     |                    `- warning: result of call to function returning 'Int32' is unused [#NoUsage]
2876 |         return fn.step(stmt) == SQLITE_ROW ? fn.columnInt64(stmt, 0) : 0
2877 |     }

/private/tmp/board1-rc15-preparatory-46903cd0-xke1sctz/rod-worktrees/wt_T56-RC7-a-failed-wipe-is-not-resumable/ios/Packages/GodstoneFoundation/Sources/GodstoneMesh/MessageStore.swift:2887:16: warning: result of call to function returning 'Int32' is unused [#NoUsage]
2885 |         var stmt: OpaquePointer?
2886 |         guard fn.prepareV2(db, StoreSchema.evictPrefixSql, -1, &stmt, nil) == SQLITE_OK else {
2887 |             fn.finalize(stmt); return
     |                `- warning: result of call to function returning 'Int32' is unused [#NoUsage]
2888 |         }
2889 |         defer { fn.finalize(stmt) }

/private/tmp/board1-rc15-preparatory-46903cd0-xke1sctz/rod-worktrees/wt_T56-RC7-a-failed-wipe-is-not-resumable/ios/Packages/GodstoneFoundation/Sources/GodstoneMesh/MessageStore.swift:2889:20: warning: result of call to function returning 'Int32' is unused [#NoUsage]
2887 |             fn.finalize(stmt); return
2888 |         }
2889 |         defer { fn.finalize(stmt) }
     |                    `- warning: result of call to function returning 'Int32' is unused [#NoUsage]
2890 |         fn.bindInt64(stmt, 1, overshoot)
2891 |         fn.step(stmt)

/private/tmp/board1-rc15-preparatory-46903cd0-xke1sctz/rod-worktrees/wt_T56-RC7-a-failed-wipe-is-not-resumable/ios/Packages/GodstoneFoundation/Sources/GodstoneMesh/MessageStore.swift:2890:12: warning: result of call to function returning 'Int32' is unused [#NoUsage]
2888 |         }
2889 |         defer { fn.finalize(stmt) }
2890 |         fn.bindInt64(stmt, 1, overshoot)
     |            `- warning: result of call to function returning 'Int32' is unused [#NoUsage]
2891 |         fn.step(stmt)
2892 |     }

/private/tmp/board1-rc15-preparatory-46903cd0-xke1sctz/rod-worktrees/wt_T56-RC7-a-failed-wipe-is-not-resumable/ios/Packages/GodstoneFoundation/Sources/GodstoneMesh/MessageStore.swift:2891:12: warning: result of call to function returning 'Int32' is unused [#NoUsage]
2889 |         defer { fn.finalize(stmt) }
2890 |         fn.bindInt64(stmt, 1, overshoot)
2891 |         fn.step(stmt)
     |            `- warning: result of call to function returning 'Int32' is unused [#NoUsage]
2892 |     }
2893 | 

/private/tmp/board1-rc15-preparatory-46903cd0-xke1sctz/rod-worktrees/wt_T56-RC7-a-failed-wipe-is-not-resumable/ios/Packages/GodstoneFoundation/Sources/GodstoneMesh/MessageStore.swift:2921:16: warning: result of call to function returning 'Int32' is unused [#NoUsage]
2919 |         var stmt: OpaquePointer?
2920 |         guard fn.prepareV2(db, "PRAGMA user_version", -1, &stmt, nil) == SQLITE_OK else {
2921 |             fn.finalize(stmt); throw StoreError.prepareFailed
     |                `- warning: result of call to function returning 'Int32' is unused [#NoUsage]
2922 |         }
2923 |         defer { fn.finalize(stmt) }

/private/tmp/board1-rc15-preparatory-46903cd0-xke1sctz/rod-worktrees/wt_T56-RC7-a-failed-wipe-is-not-resumable/ios/Packages/GodstoneFoundation/Sources/GodstoneMesh/MessageStore.swift:2923:20: warning: result of call to function returning 'Int32' is unused [#NoUsage]
2921 |             fn.finalize(stmt); throw StoreError.prepareFailed
2922 |         }
2923 |         defer { fn.finalize(stmt) }
     |                    `- warning: result of call to function returning 'Int32' is unused [#NoUsage]
2924 |         guard fn.step(stmt) == SQLITE_ROW else { throw StoreError.stepFailed }
2925 |         return fn.columnInt(stmt, 0)

/private/tmp/board1-rc15-preparatory-46903cd0-xke1sctz/rod-worktrees/wt_T56-RC7-a-failed-wipe-is-not-resumable/ios/Packages/GodstoneFoundation/Sources/GodstoneMesh/MessageStore.swift:2962:16: warning: result of call to function returning 'Int32' is unused [#NoUsage]
2960 |         var stmt: OpaquePointer?
2961 |         guard fn.prepareV2(db, sql, -1, &stmt, nil) == SQLITE_OK else {
2962 |             fn.finalize(stmt); throw StoreError.prepareFailed
     |                `- warning: result of call to function returning 'Int32' is unused [#NoUsage]
2963 |         }
2964 |         defer { fn.finalize(stmt) }

/private/tmp/board1-rc15-preparatory-46903cd0-xke1sctz/rod-worktrees/wt_T56-RC7-a-failed-wipe-is-not-resumable/ios/Packages/GodstoneFoundation/Sources/GodstoneMesh/MessageStore.swift:2964:20: warning: result of call to function returning 'Int32' is unused [#NoUsage]
2962 |             fn.finalize(stmt); throw StoreError.prepareFailed
2963 |         }
2964 |         defer { fn.finalize(stmt) }
     |                    `- warning: result of call to function returning 'Int32' is unused [#NoUsage]
2965 |         guard fn.step(stmt) == SQLITE_ROW, let raw = fn.columnText(stmt, 0) else {
2966 |             throw StoreError.schemaMismatch

/private/tmp/board1-rc15-preparatory-46903cd0-xke1sctz/rod-worktrees/wt_T56-RC7-a-failed-wipe-is-not-resumable/ios/Packages/GodstoneFoundation/Sources/GodstoneMesh/MessageStore.swift:3166:26: warning: result of call to function returning 'Int32' is unused [#NoUsage]
3164 |                 try store.execStrict(db, "COMMIT")
3165 |             } catch {
3166 |                 store.fn.exec(db, "ROLLBACK", nil, nil, nil)
     |                          `- warning: result of call to function returning 'Int32' is unused [#NoUsage]
3167 |                 throw error
3168 |             }

/private/tmp/board1-rc15-preparatory-46903cd0-xke1sctz/rod-worktrees/wt_T56-RC7-a-failed-wipe-is-not-resumable/ios/Packages/GodstoneFoundation/Sources/GodstoneMesh/MessageStore.swift:3201:16: warning: result of call to function returning 'Int32' is unused [#NoUsage]
3199 |         var stmt: OpaquePointer?
3200 |         guard fn.prepareV2(db, "PRAGMA table_info(\(table))", -1, &stmt, nil) == SQLITE_OK else {
3201 |             fn.finalize(stmt); return false
     |                `- warning: result of call to function returning 'Int32' is unused [#NoUsage]
3202 |         }
3203 |         defer { fn.finalize(stmt) }

/private/tmp/board1-rc15-preparatory-46903cd0-xke1sctz/rod-worktrees/wt_T56-RC7-a-failed-wipe-is-not-resumable/ios/Packages/GodstoneFoundation/Sources/GodstoneMesh/MessageStore.swift:3203:20: warning: result of call to function returning 'Int32' is unused [#NoUsage]
3201 |             fn.finalize(stmt); return false
3202 |         }
3203 |         defer { fn.finalize(stmt) }
     |                    `- warning: result of call to function returning 'Int32' is unused [#NoUsage]
3204 |         while fn.step(stmt) == SQLITE_ROW {
3205 |             if let name = fn.columnText(stmt, 1), String(cString: name) == column { return true }

/private/tmp/board1-rc15-preparatory-46903cd0-xke1sctz/rod-worktrees/wt_T56-RC7-a-failed-wipe-is-not-resumable/ios/Packages/GodstoneFoundation/Sources/GodstoneMesh/MessageStore.swift:3237:16: warning: result of call to function returning 'Int32' is unused [#NoUsage]
3235 |         var stmt: OpaquePointer?
3236 |         guard fn.prepareV2(db, sql, -1, &stmt, nil) == SQLITE_OK else {
3237 |             fn.finalize(stmt); throw StoreError.prepareFailed
     |                `- warning: result of call to function returning 'Int32' is unused [#NoUsage]
3238 |         }
3239 |         defer { fn.finalize(stmt) }

/private/tmp/board1-rc15-preparatory-46903cd0-xke1sctz/rod-worktrees/wt_T56-RC7-a-failed-wipe-is-not-resumable/ios/Packages/GodstoneFoundation/Sources/GodstoneMesh/MessageStore.swift:3239:20: warning: result of call to function returning 'Int32' is unused [#NoUsage]
3237 |             fn.finalize(stmt); throw StoreError.prepareFailed
3238 |         }
3239 |         defer { fn.finalize(stmt) }
     |                    `- warning: result of call to function returning 'Int32' is unused [#NoUsage]
3240 |         guard fn.step(stmt) == SQLITE_ROW, let raw = fn.columnText(stmt, 0) else { return nil }
3241 |         return String(cString: raw)

/private/tmp/board1-rc15-preparatory-46903cd0-xke1sctz/rod-worktrees/wt_T56-RC7-a-failed-wipe-is-not-resumable/ios/Packages/GodstoneFoundation/Sources/GodstoneMesh/MessageStore.swift:3248:16: warning: result of call to function returning 'Int32' is unused [#NoUsage]
3246 |         var stmt: OpaquePointer?
3247 |         guard fn.prepareV2(db, "PRAGMA table_info(\(name))", -1, &stmt, nil) == SQLITE_OK else {
3248 |             fn.finalize(stmt); throw StoreError.prepareFailed
     |                `- warning: result of call to function returning 'Int32' is unused [#NoUsage]
3249 |         }
3250 |         defer { fn.finalize(stmt) }

/private/tmp/board1-rc15-preparatory-46903cd0-xke1sctz/rod-worktrees/wt_T56-RC7-a-failed-wipe-is-not-resumable/ios/Packages/GodstoneFoundation/Sources/GodstoneMesh/MessageStore.swift:3250:20: warning: result of call to function returning 'Int32' is unused [#NoUsage]
3248 |             fn.finalize(stmt); throw StoreError.prepareFailed
3249 |         }
3250 |         defer { fn.finalize(stmt) }
     |                    `- warning: result of call to function returning 'Int32' is unused [#NoUsage]
3251 |         var columns: [String] = []
3252 |         while fn.step(stmt) == SQLITE_ROW {

/private/tmp/board1-rc15-preparatory-46903cd0-xke1sctz/rod-worktrees/wt_T56-RC7-a-failed-wipe-is-not-resumable/ios/Packages/GodstoneFoundation/Sources/GodstoneMesh/MessageStore.swift:3306:16: warning: result of call to function returning 'Int32' is unused [#NoUsage]
3304 |         var stmt: OpaquePointer?
3305 |         guard fn.prepareV2(db, select, -1, &stmt, nil) == SQLITE_OK else {
3306 |             fn.finalize(stmt); return []
     |                `- warning: result of call to function returning 'Int32' is unused [#NoUsage]
3307 |         }
3308 |         defer { fn.finalize(stmt) }

/private/tmp/board1-rc15-preparatory-46903cd0-xke1sctz/rod-worktrees/wt_T56-RC7-a-failed-wipe-is-not-resumable/ios/Packages/GodstoneFoundation/Sources/GodstoneMesh/MessageStore.swift:3308:20: warning: result of call to function returning 'Int32' is unused [#NoUsage]
3306 |             fn.finalize(stmt); return []
3307 |         }
3308 |         defer { fn.finalize(stmt) }
     |                    `- warning: result of call to function returning 'Int32' is unused [#NoUsage]
3309 |         var rows: [[[UInt8]?]] = []
3310 |         while fn.step(stmt) == SQLITE_ROW {

/private/tmp/board1-rc15-preparatory-46903cd0-xke1sctz/rod-worktrees/wt_T56-RC7-a-failed-wipe-is-not-resumable/ios/Packages/GodstoneFoundation/Sources/GodstoneMesh/MessageStore.swift:3382:16: warning: result of call to function returning 'Int32' is unused [#NoUsage]
3380 |         var stmt: OpaquePointer?
3381 |         guard fn.prepareV2(db, StoreSchema.readDeliverySql, -1, &stmt, nil) == SQLITE_OK else {
3382 |             fn.finalize(stmt); throw StoreError.prepareFailed
     |                `- warning: result of call to function returning 'Int32' is unused [#NoUsage]
3383 |         }
3384 |         defer { fn.finalize(stmt) }

/private/tmp/board1-rc15-preparatory-46903cd0-xke1sctz/rod-worktrees/wt_T56-RC7-a-failed-wipe-is-not-resumable/ios/Packages/GodstoneFoundation/Sources/GodstoneMesh/MessageStore.swift:3384:20: warning: result of call to function returning 'Int32' is unused [#NoUsage]
3382 |             fn.finalize(stmt); throw StoreError.prepareFailed
3383 |         }
3384 |         defer { fn.finalize(stmt) }
     |                    `- warning: result of call to function returning 'Int32' is unused [#NoUsage]
3385 |         bindBlob(stmt, 1, msgId)
3386 |         let rc = fn.step(stmt)

/private/tmp/board1-rc15-preparatory-46903cd0-xke1sctz/rod-worktrees/wt_T56-RC7-a-failed-wipe-is-not-resumable/ios/Packages/GodstoneFoundation/Sources/GodstoneMesh/MessageStore.swift:3406:16: warning: result of call to function returning 'Int32' is unused [#NoUsage]
3404 |         var stmt: OpaquePointer?
3405 |         guard fn.prepareV2(db, StoreSchema.insertDeliverySql, -1, &stmt, nil) == SQLITE_OK else {
3406 |             fn.finalize(stmt); throw StoreError.prepareFailed
     |                `- warning: result of call to function returning 'Int32' is unused [#NoUsage]
3407 |         }
3408 |         defer { fn.finalize(stmt) }

/private/tmp/board1-rc15-preparatory-46903cd0-xke1sctz/rod-worktrees/wt_T56-RC7-a-failed-wipe-is-not-resumable/ios/Packages/GodstoneFoundation/Sources/GodstoneMesh/MessageStore.swift:3408:20: warning: result of call to function returning 'Int32' is unused [#NoUsage]
3406 |             fn.finalize(stmt); throw StoreError.prepareFailed
3407 |         }
3408 |         defer { fn.finalize(stmt) }
     |                    `- warning: result of call to function returning 'Int32' is unused [#NoUsage]
3409 |         bindBlob(stmt, 1, msgId)
3410 |         fn.bindInt(stmt, 2, stateOrdinal)

/private/tmp/board1-rc15-preparatory-46903cd0-xke1sctz/rod-worktrees/wt_T56-RC7-a-failed-wipe-is-not-resumable/ios/Packages/GodstoneFoundation/Sources/GodstoneMesh/MessageStore.swift:3410:12: warning: result of call to function returning 'Int32' is unused [#NoUsage]
3408 |         defer { fn.finalize(stmt) }
3409 |         bindBlob(stmt, 1, msgId)
3410 |         fn.bindInt(stmt, 2, stateOrdinal)
     |            `- warning: result of call to function returning 'Int32' is unused [#NoUsage]
3411 |         fn.bindInt(stmt, 3, ackModeOrdinal)
3412 |         if let r = expectedRecipient { bindBlob(stmt, 4, r) } else { fn.bindNull(stmt, 4) }

/private/tmp/board1-rc15-preparatory-46903cd0-xke1sctz/rod-worktrees/wt_T56-RC7-a-failed-wipe-is-not-resumable/ios/Packages/GodstoneFoundation/Sources/GodstoneMesh/MessageStore.swift:3411:12: warning: result of call to function returning 'Int32' is unused [#NoUsage]
3409 |         bindBlob(stmt, 1, msgId)
3410 |         fn.bindInt(stmt, 2, stateOrdinal)
3411 |         fn.bindInt(stmt, 3, ackModeOrdinal)
     |            `- warning: result of call to function returning 'Int32' is unused [#NoUsage]
3412 |         if let r = expectedRecipient { bindBlob(stmt, 4, r) } else { fn.bindNull(stmt, 4) }
3413 |         guard fn.step(stmt) == SQLITE_DONE else { throw StoreError.stepFailed }

/private/tmp/board1-rc15-preparatory-46903cd0-xke1sctz/rod-worktrees/wt_T56-RC7-a-failed-wipe-is-not-resumable/ios/Packages/GodstoneFoundation/Sources/GodstoneMesh/MessageStore.swift:3412:73: warning: result of call to function returning 'Int32' is unused [#NoUsage]
3410 |         fn.bindInt(stmt, 2, stateOrdinal)
3411 |         fn.bindInt(stmt, 3, ackModeOrdinal)
3412 |         if let r = expectedRecipient { bindBlob(stmt, 4, r) } else { fn.bindNull(stmt, 4) }
     |                                                                         `- warning: result of call to function returning 'Int32' is unused [#NoUsage]
3413 |         guard fn.step(stmt) == SQLITE_DONE else { throw StoreError.stepFailed }
3414 |         return fn.changes(db) > 0   // 1 inserted, 0 on conflict (DO NOTHING)

/private/tmp/board1-rc15-preparatory-46903cd0-xke1sctz/rod-worktrees/wt_T56-RC7-a-failed-wipe-is-not-resumable/ios/Packages/GodstoneFoundation/Sources/GodstoneMesh/MessageStore.swift:3459:16: warning: result of call to function returning 'Int32' is unused [#NoUsage]
3457 |         var stmt: OpaquePointer?
3458 |         guard fn.prepareV2(db, Self.intentInsertIfAbsentSql, -1, &stmt, nil) == SQLITE_OK else {
3459 |             fn.finalize(stmt); throw StoreError.stepFailed
     |                `- warning: result of call to function returning 'Int32' is unused [#NoUsage]
3460 |         }
3461 |         defer { fn.finalize(stmt) }

/private/tmp/board1-rc15-preparatory-46903cd0-xke1sctz/rod-worktrees/wt_T56-RC7-a-failed-wipe-is-not-resumable/ios/Packages/GodstoneFoundation/Sources/GodstoneMesh/MessageStore.swift:3461:20: warning: result of call to function returning 'Int32' is unused [#NoUsage]
3459 |             fn.finalize(stmt); throw StoreError.stepFailed
3460 |         }
3461 |         defer { fn.finalize(stmt) }
     |                    `- warning: result of call to function returning 'Int32' is unused [#NoUsage]
3462 |         // *** CRYPTO-005 (round 489): THE TWO LISTS ARE READ TOGETHER, WHICH IS THE LAW THIS SPAN LEARNED FOR THE SCHEMA AT ROUND 432
3463 |         // ("a list that describeth a shape existeth in more than one place"), APPLIED HERE TO A **BIND SEQUENCE**. The first version

/private/tmp/board1-rc15-preparatory-46903cd0-xke1sctz/rod-worktrees/wt_T56-RC7-a-failed-wipe-is-not-resumable/ios/Packages/GodstoneFoundation/Sources/GodstoneMesh/MessageStore.swift:3505:16: warning: result of call to function returning 'Int32' is unused [#NoUsage]
3503 |         var stmt: OpaquePointer?
3504 |         guard fn.prepareV2(db, Self.intentAdvanceSql, -1, &stmt, nil) == SQLITE_OK else {
3505 |             fn.finalize(stmt); throw StoreError.stepFailed
     |                `- warning: result of call to function returning 'Int32' is unused [#NoUsage]
3506 |         }
3507 |         defer { fn.finalize(stmt) }

/private/tmp/board1-rc15-preparatory-46903cd0-xke1sctz/rod-worktrees/wt_T56-RC7-a-failed-wipe-is-not-resumable/ios/Packages/GodstoneFoundation/Sources/GodstoneMesh/MessageStore.swift:3507:20: warning: result of call to function returning 'Int32' is unused [#NoUsage]
3505 |             fn.finalize(stmt); throw StoreError.stepFailed
3506 |         }
3507 |         defer { fn.finalize(stmt) }
     |                    `- warning: result of call to function returning 'Int32' is unused [#NoUsage]
3508 |         guard fn.bindInt64(stmt, 1, Int64(to.rawValue)) == SQLITE_OK,
3509 |               fn.bindBlob(stmt, 2, (intentId as NSData).bytes, Int32(intentId.count), nil) == SQLITE_OK,

/private/tmp/board1-rc15-preparatory-46903cd0-xke1sctz/rod-worktrees/wt_T56-RC7-a-failed-wipe-is-not-resumable/ios/Packages/GodstoneFoundation/Sources/GodstoneMesh/MessageStore.swift:3542:16: warning: result of call to function returning 'Int32' is unused [#NoUsage]
3540 |         var stmt: OpaquePointer?
3541 |         guard fn.prepareV2(db, Self.intentSelectSql, -1, &stmt, nil) == SQLITE_OK else {
3542 |             fn.finalize(stmt)
     |                `- warning: result of call to function returning 'Int32' is unused [#NoUsage]
3543 |             throw StoreError.stepFailed
3544 |         }

/private/tmp/board1-rc15-preparatory-46903cd0-xke1sctz/rod-worktrees/wt_T56-RC7-a-failed-wipe-is-not-resumable/ios/Packages/GodstoneFoundation/Sources/GodstoneMesh/MessageStore.swift:3545:20: warning: result of call to function returning 'Int32' is unused [#NoUsage]
3543 |             throw StoreError.stepFailed
3544 |         }
3545 |         defer { fn.finalize(stmt) }
     |                    `- warning: result of call to function returning 'Int32' is unused [#NoUsage]
3546 |         guard fn.bindBlob(stmt, 1, (intentId as NSData).bytes, Int32(intentId.count), nil) == SQLITE_OK else {
3547 |             throw StoreError.stepFailed

/private/tmp/board1-rc15-preparatory-46903cd0-xke1sctz/rod-worktrees/wt_T56-RC7-a-failed-wipe-is-not-resumable/ios/Packages/GodstoneFoundation/Sources/GodstoneMesh/MessageStore.swift:3599:20: warning: result of call to function returning 'Int32' is unused [#NoUsage]
3597 |             let sql = "SELECT \(StoreSchema.colDMsgId) FROM \(StoreSchema.deliveryTable)"
3598 |             guard fn.prepareV2(db, sql, -1, &stmt, nil) == SQLITE_OK else {
3599 |                 fn.finalize(stmt)
     |                    `- warning: result of call to function returning 'Int32' is unused [#NoUsage]
3600 |                 throw StoreError.prepareFailed
3601 |             }

/private/tmp/board1-rc15-preparatory-46903cd0-xke1sctz/rod-worktrees/wt_T56-RC7-a-failed-wipe-is-not-resumable/ios/Packages/GodstoneFoundation/Sources/GodstoneMesh/MessageStore.swift:3602:24: warning: result of call to function returning 'Int32' is unused [#NoUsage]
3600 |                 throw StoreError.prepareFailed
3601 |             }
3602 |             defer { fn.finalize(stmt) }
     |                        `- warning: result of call to function returning 'Int32' is unused [#NoUsage]
3603 |             var out: [Data] = []
3604 |             while fn.step(stmt) == SQLITE_ROW {

/private/tmp/board1-rc15-preparatory-46903cd0-xke1sctz/rod-worktrees/wt_T56-RC7-a-failed-wipe-is-not-resumable/ios/Packages/GodstoneFoundation/Sources/GodstoneMesh/MessageStore.swift:3642:20: warning: result of call to function returning 'Int32' is unused [#NoUsage]
3640 |             var stmt: OpaquePointer?
3641 |             guard fn.prepareV2(db, sql, -1, &stmt, nil) == SQLITE_OK else {
3642 |                 fn.finalize(stmt); throw StoreError.prepareFailed
     |                    `- warning: result of call to function returning 'Int32' is unused [#NoUsage]
3643 |             }
3644 |             defer { fn.finalize(stmt) }

/private/tmp/board1-rc15-preparatory-46903cd0-xke1sctz/rod-worktrees/wt_T56-RC7-a-failed-wipe-is-not-resumable/ios/Packages/GodstoneFoundation/Sources/GodstoneMesh/MessageStore.swift:3646:78: warning: result of call to function returning 'Int32' is unused [#NoUsage]
3644 |             defer { fn.finalize(stmt) }
3645 |             for (i, arg) in bytesArgs.enumerated() {
3646 |                 if let d = arg { bindBlob(stmt, Int32(i + 1), d) } else { fn.bindNull(stmt, Int32(i + 1)) }
     |                                                                              `- warning: result of call to function returning 'Int32' is unused [#NoUsage]
3647 |             }
3648 |             guard fn.step(stmt) == SQLITE_DONE else { throw StoreError.stepFailed }

/private/tmp/board1-rc15-preparatory-46903cd0-xke1sctz/rod-worktrees/wt_T56-RC7-a-failed-wipe-is-not-resumable/ios/Packages/GodstoneFoundation/Sources/GodstoneMesh/MessageStore.swift:3644:24: warning: result of call to function returning 'Int32' is unused [#NoUsage]
3642 |                 fn.finalize(stmt); throw StoreError.prepareFailed
3643 |             }
3644 |             defer { fn.finalize(stmt) }
     |                        `- warning: result of call to function returning 'Int32' is unused [#NoUsage]
3645 |             for (i, arg) in bytesArgs.enumerated() {
3646 |                 if let d = arg { bindBlob(stmt, Int32(i + 1), d) } else { fn.bindNull(stmt, Int32(i + 1)) }

/private/tmp/board1-rc15-preparatory-46903cd0-xke1sctz/rod-worktrees/wt_T56-RC7-a-failed-wipe-is-not-resumable/ios/Packages/GodstoneFoundation/Sources/GodstoneMesh/MessageStore.swift:3683:24: warning: result of call to function returning 'Int32' is unused [#NoUsage]
3681 |                 var stmt: OpaquePointer?
3682 |                 guard fn.prepareV2(db, guardedAckSql, -1, &stmt, nil) == SQLITE_OK else {
3683 |                     fn.finalize(stmt); throw StoreError.prepareFailed
     |                        `- warning: result of call to function returning 'Int32' is unused [#NoUsage]
3684 |                 }
3685 |                 defer { fn.finalize(stmt) }

/private/tmp/board1-rc15-preparatory-46903cd0-xke1sctz/rod-worktrees/wt_T56-RC7-a-failed-wipe-is-not-resumable/ios/Packages/GodstoneFoundation/Sources/GodstoneMesh/MessageStore.swift:3702:24: warning: result of call to function returning 'Int32' is unused [#NoUsage]
3700 |                 var delStmt: OpaquePointer?
3701 |                 guard fn.prepareV2(db, deleteHeldSql, -1, &delStmt, nil) == SQLITE_OK else {
3702 |                     fn.finalize(delStmt); throw StoreError.prepareFailed
     |                        `- warning: result of call to function returning 'Int32' is unused [#NoUsage]
3703 |                 }
3704 |                 defer { fn.finalize(delStmt) }

/private/tmp/board1-rc15-preparatory-46903cd0-xke1sctz/rod-worktrees/wt_T56-RC7-a-failed-wipe-is-not-resumable/ios/Packages/GodstoneFoundation/Sources/GodstoneMesh/MessageStore.swift:3685:28: warning: result of call to function returning 'Int32' is unused [#NoUsage]
3683 |                     fn.finalize(stmt); throw StoreError.prepareFailed
3684 |                 }
3685 |                 defer { fn.finalize(stmt) }
     |                            `- warning: result of call to function returning 'Int32' is unused [#NoUsage]
3686 |                 bindBlob(stmt, 1, msgId)
3687 |                 bindBlob(stmt, 2, expectedRecipient)

/private/tmp/board1-rc15-preparatory-46903cd0-xke1sctz/rod-worktrees/wt_T56-RC7-a-failed-wipe-is-not-resumable/ios/Packages/GodstoneFoundation/Sources/GodstoneMesh/MessageStore.swift:3704:28: warning: result of call to function returning 'Int32' is unused [#NoUsage]
3702 |                     fn.finalize(delStmt); throw StoreError.prepareFailed
3703 |                 }
3704 |                 defer { fn.finalize(delStmt) }
     |                            `- warning: result of call to function returning 'Int32' is unused [#NoUsage]
3705 |                 bindBlob(delStmt, 1, msgId)
3706 |                 guard fn.step(delStmt) == SQLITE_DONE else { throw StoreError.stepFailed }

/private/tmp/board1-rc15-preparatory-46903cd0-xke1sctz/rod-worktrees/wt_T56-RC7-a-failed-wipe-is-not-resumable/ios/Packages/GodstoneFoundation/Sources/GodstoneMesh/MessageStore.swift:3754:24: warning: result of call to function returning 'Int32' is unused [#NoUsage]
3752 |                 var stmt: OpaquePointer?
3753 |                 guard fn.prepareV2(db, guardedTransitionSql, -1, &stmt, nil) == SQLITE_OK else {
3754 |                     fn.finalize(stmt); throw StoreError.prepareFailed
     |                        `- warning: result of call to function returning 'Int32' is unused [#NoUsage]
3755 |                 }
3756 |                 defer { fn.finalize(stmt) }

/private/tmp/board1-rc15-preparatory-46903cd0-xke1sctz/rod-worktrees/wt_T56-RC7-a-failed-wipe-is-not-resumable/ios/Packages/GodstoneFoundation/Sources/GodstoneMesh/MessageStore.swift:3772:24: warning: result of call to function returning 'Int32' is unused [#NoUsage]
3770 |                 var delStmt: OpaquePointer?
3771 |                 guard fn.prepareV2(db, deleteHeldSql, -1, &delStmt, nil) == SQLITE_OK else {
3772 |                     fn.finalize(delStmt); throw StoreError.prepareFailed
     |                        `- warning: result of call to function returning 'Int32' is unused [#NoUsage]
3773 |                 }
3774 |                 defer { fn.finalize(delStmt) }

/private/tmp/board1-rc15-preparatory-46903cd0-xke1sctz/rod-worktrees/wt_T56-RC7-a-failed-wipe-is-not-resumable/ios/Packages/GodstoneFoundation/Sources/GodstoneMesh/MessageStore.swift:3756:28: warning: result of call to function returning 'Int32' is unused [#NoUsage]
3754 |                     fn.finalize(stmt); throw StoreError.prepareFailed
3755 |                 }
3756 |                 defer { fn.finalize(stmt) }
     |                            `- warning: result of call to function returning 'Int32' is unused [#NoUsage]
3757 |                 bindBlob(stmt, 1, msgId)
3758 |                 guard fn.step(stmt) == SQLITE_DONE else { throw StoreError.stepFailed }

/private/tmp/board1-rc15-preparatory-46903cd0-xke1sctz/rod-worktrees/wt_T56-RC7-a-failed-wipe-is-not-resumable/ios/Packages/GodstoneFoundation/Sources/GodstoneMesh/MessageStore.swift:3774:28: warning: result of call to function returning 'Int32' is unused [#NoUsage]
3772 |                     fn.finalize(delStmt); throw StoreError.prepareFailed
3773 |                 }
3774 |                 defer { fn.finalize(delStmt) }
     |                            `- warning: result of call to function returning 'Int32' is unused [#NoUsage]
3775 |                 bindBlob(delStmt, 1, msgId)
3776 |                 guard fn.step(delStmt) == SQLITE_DONE else { throw StoreError.stepFailed }

/private/tmp/board1-rc15-preparatory-46903cd0-xke1sctz/rod-worktrees/wt_T56-RC7-a-failed-wipe-is-not-resumable/ios/Packages/GodstoneFoundation/Sources/GodstoneMesh/MessageStore.swift:3824:20: warning: result of call to function returning 'Int32' is unused [#NoUsage]
3822 |             var stmt: OpaquePointer?
3823 |             guard fn.prepareV2(db, sql, -1, &stmt, nil) == SQLITE_OK else {
3824 |                 fn.finalize(stmt); return 0
     |                    `- warning: result of call to function returning 'Int32' is unused [#NoUsage]
3825 |             }
3826 |             defer { fn.finalize(stmt) }

/private/tmp/board1-rc15-preparatory-46903cd0-xke1sctz/rod-worktrees/wt_T56-RC7-a-failed-wipe-is-not-resumable/ios/Packages/GodstoneFoundation/Sources/GodstoneMesh/MessageStore.swift:3830:16: warning: result of call to function returning 'Int32' is unused [#NoUsage]
3828 |                 bindBlob(stmt, Int32(i + 1), arg)
3829 |             }
3830 |             fn.step(stmt)
     |                `- warning: result of call to function returning 'Int32' is unused [#NoUsage]
3831 |             return Int(fn.changes(db))
3832 |         } ?? 0

/private/tmp/board1-rc15-preparatory-46903cd0-xke1sctz/rod-worktrees/wt_T56-RC7-a-failed-wipe-is-not-resumable/ios/Packages/GodstoneFoundation/Sources/GodstoneMesh/MessageStore.swift:3826:24: warning: result of call to function returning 'Int32' is unused [#NoUsage]
3824 |                 fn.finalize(stmt); return 0
3825 |             }
3826 |             defer { fn.finalize(stmt) }
     |                        `- warning: result of call to function returning 'Int32' is unused [#NoUsage]
3827 |             for (i, arg) in bytesArgs.enumerated() {
3828 |                 bindBlob(stmt, Int32(i + 1), arg)

/private/tmp/board1-rc15-preparatory-46903cd0-xke1sctz/rod-worktrees/wt_T56-RC7-a-failed-wipe-is-not-resumable/ios/Packages/GodstoneFoundation/Sources/GodstoneMesh/MessageStore.swift:3906:16: warning: result of call to function returning 'Int32' is unused [#NoUsage]
3904 |     private func bindBlob(_ stmt: OpaquePointer?, _ index: Int32, _ data: Data) {
3905 |         data.withUnsafeBytes { (raw: UnsafeRawBufferPointer) -> Void in
3906 |             fn.bindBlob(stmt, index, raw.baseAddress, Int32(data.count), storeSqliteTransient)
     |                `- warning: result of call to function returning 'Int32' is unused [#NoUsage]
3907 |         }
3908 |     }

/private/tmp/board1-rc15-preparatory-46903cd0-xke1sctz/rod-worktrees/wt_T56-RC7-a-failed-wipe-is-not-resumable/ios/Packages/GodstoneFoundation/Sources/GodstoneMesh/MessageStore.swift:4407:16: warning: result of call to function returning 'Int32' is unused [#NoUsage]
4405 |         var stmt: OpaquePointer?
4406 |         guard fn.prepareV2(db, StoreSchema.insertObligationSql, -1, &stmt, nil) == SQLITE_OK else {
4407 |             fn.finalize(stmt); throw StoreError.prepareFailed
     |                `- warning: result of call to function returning 'Int32' is unused [#NoUsage]
4408 |         }
4409 |         defer { fn.finalize(stmt) }

/private/tmp/board1-rc15-preparatory-46903cd0-xke1sctz/rod-worktrees/wt_T56-RC7-a-failed-wipe-is-not-resumable/ios/Packages/GodstoneFoundation/Sources/GodstoneMesh/MessageStore.swift:4409:20: warning: result of call to function returning 'Int32' is unused [#NoUsage]
4407 |             fn.finalize(stmt); throw StoreError.prepareFailed
4408 |         }
4409 |         defer { fn.finalize(stmt) }
     |                    `- warning: result of call to function returning 'Int32' is unused [#NoUsage]
4410 |         bindBlob(stmt, 1, msgId)
4411 |         bindBlob(stmt, 2, recipientNodeId)

/private/tmp/board1-rc15-preparatory-46903cd0-xke1sctz/rod-worktrees/wt_T56-RC7-a-failed-wipe-is-not-resumable/ios/Packages/GodstoneFoundation/Sources/GodstoneMesh/MessageStore.swift:4412:12: warning: result of call to function returning 'Int32' is unused [#NoUsage]
4410 |         bindBlob(stmt, 1, msgId)
4411 |         bindBlob(stmt, 2, recipientNodeId)
4412 |         fn.bindInt64(stmt, 3, identityGeneration)
     |            `- warning: result of call to function returning 'Int32' is unused [#NoUsage]
4413 |         fn.bindInt64(stmt, 4, remainingLifetimeMs)
4414 |         fn.bindInt(stmt, 5, stateCode)

/private/tmp/board1-rc15-preparatory-46903cd0-xke1sctz/rod-worktrees/wt_T56-RC7-a-failed-wipe-is-not-resumable/ios/Packages/GodstoneFoundation/Sources/GodstoneMesh/MessageStore.swift:4413:12: warning: result of call to function returning 'Int32' is unused [#NoUsage]
4411 |         bindBlob(stmt, 2, recipientNodeId)
4412 |         fn.bindInt64(stmt, 3, identityGeneration)
4413 |         fn.bindInt64(stmt, 4, remainingLifetimeMs)
     |            `- warning: result of call to function returning 'Int32' is unused [#NoUsage]
4414 |         fn.bindInt(stmt, 5, stateCode)
4415 |         guard fn.step(stmt) == SQLITE_DONE else { throw StoreError.stepFailed }

/private/tmp/board1-rc15-preparatory-46903cd0-xke1sctz/rod-worktrees/wt_T56-RC7-a-failed-wipe-is-not-resumable/ios/Packages/GodstoneFoundation/Sources/GodstoneMesh/MessageStore.swift:4414:12: warning: result of call to function returning 'Int32' is unused [#NoUsage]
4412 |         fn.bindInt64(stmt, 3, identityGeneration)
4413 |         fn.bindInt64(stmt, 4, remainingLifetimeMs)
4414 |         fn.bindInt(stmt, 5, stateCode)
     |            `- warning: result of call to function returning 'Int32' is unused [#NoUsage]
4415 |         guard fn.step(stmt) == SQLITE_DONE else { throw StoreError.stepFailed }
4416 |         return fn.changes(db) > 0   // 1 inserted, 0 on pair-key conflict (DO NOTHING)

/private/tmp/board1-rc15-preparatory-46903cd0-xke1sctz/rod-worktrees/wt_T56-RC7-a-failed-wipe-is-not-resumable/ios/Packages/GodstoneFoundation/Sources/GodstoneMesh/MessageStore.swift:4429:16: warning: result of call to function returning 'Int32' is unused [#NoUsage]
4427 |         var stmt: OpaquePointer?
4428 |         guard fn.prepareV2(db, StoreSchema.readObligationSql, -1, &stmt, nil) == SQLITE_OK else {
4429 |             fn.finalize(stmt); throw StoreError.prepareFailed
     |                `- warning: result of call to function returning 'Int32' is unused [#NoUsage]
4430 |         }
4431 |         defer { fn.finalize(stmt) }

/private/tmp/board1-rc15-preparatory-46903cd0-xke1sctz/rod-worktrees/wt_T56-RC7-a-failed-wipe-is-not-resumable/ios/Packages/GodstoneFoundation/Sources/GodstoneMesh/MessageStore.swift:4431:20: warning: result of call to function returning 'Int32' is unused [#NoUsage]
4429 |             fn.finalize(stmt); throw StoreError.prepareFailed
4430 |         }
4431 |         defer { fn.finalize(stmt) }
     |                    `- warning: result of call to function returning 'Int32' is unused [#NoUsage]
4432 |         bindBlob(stmt, 1, msgId)
4433 |         bindBlob(stmt, 2, recipientNodeId)

/private/tmp/board1-rc15-preparatory-46903cd0-xke1sctz/rod-worktrees/wt_T56-RC7-a-failed-wipe-is-not-resumable/ios/Packages/GodstoneFoundation/Sources/GodstoneMesh/MessageStore.swift:4449:20: warning: result of call to function returning 'Int32' is unused [#NoUsage]
4447 |             var stmt: OpaquePointer?
4448 |             guard fn.prepareV2(db, StoreSchema.listPendingObligationSql, -1, &stmt, nil) == SQLITE_OK else {
4449 |                 fn.finalize(stmt); throw StoreError.prepareFailed
     |                    `- warning: result of call to function returning 'Int32' is unused [#NoUsage]
4450 |             }
4451 |             defer { fn.finalize(stmt) }

/private/tmp/board1-rc15-preparatory-46903cd0-xke1sctz/rod-worktrees/wt_T56-RC7-a-failed-wipe-is-not-resumable/ios/Packages/GodstoneFoundation/Sources/GodstoneMesh/MessageStore.swift:4452:16: warning: result of call to function returning 'Int32' is unused [#NoUsage]
4450 |             }
4451 |             defer { fn.finalize(stmt) }
4452 |             fn.bindInt64(stmt, 1, Int64(bound))
     |                `- warning: result of call to function returning 'Int32' is unused [#NoUsage]
4453 |             var out: [ObligationEntryRow] = []
4454 |             while fn.step(stmt) == SQLITE_ROW {

/private/tmp/board1-rc15-preparatory-46903cd0-xke1sctz/rod-worktrees/wt_T56-RC7-a-failed-wipe-is-not-resumable/ios/Packages/GodstoneFoundation/Sources/GodstoneMesh/MessageStore.swift:4451:24: warning: result of call to function returning 'Int32' is unused [#NoUsage]
4449 |                 fn.finalize(stmt); throw StoreError.prepareFailed
4450 |             }
4451 |             defer { fn.finalize(stmt) }
     |                        `- warning: result of call to function returning 'Int32' is unused [#NoUsage]
4452 |             fn.bindInt64(stmt, 1, Int64(bound))
4453 |             var out: [ObligationEntryRow] = []

/private/tmp/board1-rc15-preparatory-46903cd0-xke1sctz/rod-worktrees/wt_T56-RC7-a-failed-wipe-is-not-resumable/ios/Packages/GodstoneFoundation/Sources/GodstoneMesh/MessageStore.swift:4470:20: warning: result of call to function returning 'Int32' is unused [#NoUsage]
4468 |             var stmt: OpaquePointer?
4469 |             guard fn.prepareV2(db, StoreSchema.countObligationSql, -1, &stmt, nil) == SQLITE_OK else {
4470 |                 fn.finalize(stmt); throw StoreError.prepareFailed
     |                    `- warning: result of call to function returning 'Int32' is unused [#NoUsage]
4471 |             }
4472 |             defer { fn.finalize(stmt) }

/private/tmp/board1-rc15-preparatory-46903cd0-xke1sctz/rod-worktrees/wt_T56-RC7-a-failed-wipe-is-not-resumable/ios/Packages/GodstoneFoundation/Sources/GodstoneMesh/MessageStore.swift:4472:24: warning: result of call to function returning 'Int32' is unused [#NoUsage]
4470 |                 fn.finalize(stmt); throw StoreError.prepareFailed
4471 |             }
4472 |             defer { fn.finalize(stmt) }
     |                        `- warning: result of call to function returning 'Int32' is unused [#NoUsage]
4473 |             guard fn.step(stmt) == SQLITE_ROW else { return 0 }
4474 |             return Int(fn.columnInt(stmt, 0))

/private/tmp/board1-rc15-preparatory-46903cd0-xke1sctz/rod-worktrees/wt_T56-RC7-a-failed-wipe-is-not-resumable/ios/Packages/GodstoneFoundation/Sources/GodstoneMesh/MessageStore.swift:4495:16: warning: result of call to function returning 'Int32' is unused [#NoUsage]
4493 |         var stmt: OpaquePointer?
4494 |         guard fn.prepareV2(db, sql, -1, &stmt, nil) == SQLITE_OK else {
4495 |             fn.finalize(stmt); throw StoreError.prepareFailed
     |                `- warning: result of call to function returning 'Int32' is unused [#NoUsage]
4496 |         }
4497 |         defer { fn.finalize(stmt) }

/private/tmp/board1-rc15-preparatory-46903cd0-xke1sctz/rod-worktrees/wt_T56-RC7-a-failed-wipe-is-not-resumable/ios/Packages/GodstoneFoundation/Sources/GodstoneMesh/MessageStore.swift:4497:20: warning: result of call to function returning 'Int32' is unused [#NoUsage]
4495 |             fn.finalize(stmt); throw StoreError.prepareFailed
4496 |         }
4497 |         defer { fn.finalize(stmt) }
     |                    `- warning: result of call to function returning 'Int32' is unused [#NoUsage]
4498 |         for (i, arg) in binds.enumerated() { bindBlob(stmt, Int32(i + 1), arg) }
4499 |         guard fn.step(stmt) == SQLITE_DONE else { throw StoreError.stepFailed }

/private/tmp/board1-rc15-preparatory-46903cd0-xke1sctz/rod-worktrees/wt_T56-RC7-a-failed-wipe-is-not-resumable/ios/Packages/GodstoneFoundation/Sources/GodstoneMesh/MessageStore.swift:4512:16: warning: result of call to function returning 'Int32' is unused [#NoUsage]
4510 |         var stmt: OpaquePointer?
4511 |         guard fn.prepareV2(db, StoreSchema.insertAckFrameSql, -1, &stmt, nil) == SQLITE_OK else {
4512 |             fn.finalize(stmt); throw StoreError.prepareFailed
     |                `- warning: result of call to function returning 'Int32' is unused [#NoUsage]
4513 |         }
4514 |         defer { fn.finalize(stmt) }

/private/tmp/board1-rc15-preparatory-46903cd0-xke1sctz/rod-worktrees/wt_T56-RC7-a-failed-wipe-is-not-resumable/ios/Packages/GodstoneFoundation/Sources/GodstoneMesh/MessageStore.swift:4514:20: warning: result of call to function returning 'Int32' is unused [#NoUsage]
4512 |             fn.finalize(stmt); throw StoreError.prepareFailed
4513 |         }
4514 |         defer { fn.finalize(stmt) }
     |                    `- warning: result of call to function returning 'Int32' is unused [#NoUsage]
4515 |         bindBlob(stmt, 1, row.ackKey)
4516 |         bindBlob(stmt, 2, row.msgId)

/private/tmp/board1-rc15-preparatory-46903cd0-xke1sctz/rod-worktrees/wt_T56-RC7-a-failed-wipe-is-not-resumable/ios/Packages/GodstoneFoundation/Sources/GodstoneMesh/MessageStore.swift:4520:78: warning: result of call to function returning 'Int32' is unused [#NoUsage]
4518 |         bindBlob(stmt, 4, row.signature)
4519 |         bindBlob(stmt, 5, row.encodedFrame)
4520 |         if let from = row.receivedFrom { bindBlob(stmt, 6, from) } else { fn.bindNull(stmt, 6) }
     |                                                                              `- warning: result of call to function returning 'Int32' is unused [#NoUsage]
4521 |         fn.bindInt64(stmt, 7, row.remainingLifetimeMs)
4522 |         fn.bindInt(stmt, 8, row.verificationClassCode)

/private/tmp/board1-rc15-preparatory-46903cd0-xke1sctz/rod-worktrees/wt_T56-RC7-a-failed-wipe-is-not-resumable/ios/Packages/GodstoneFoundation/Sources/GodstoneMesh/MessageStore.swift:4521:12: warning: result of call to function returning 'Int32' is unused [#NoUsage]
4519 |         bindBlob(stmt, 5, row.encodedFrame)
4520 |         if let from = row.receivedFrom { bindBlob(stmt, 6, from) } else { fn.bindNull(stmt, 6) }
4521 |         fn.bindInt64(stmt, 7, row.remainingLifetimeMs)
     |            `- warning: result of call to function returning 'Int32' is unused [#NoUsage]
4522 |         fn.bindInt(stmt, 8, row.verificationClassCode)
4523 |         guard fn.step(stmt) == SQLITE_DONE else { throw StoreError.stepFailed }

/private/tmp/board1-rc15-preparatory-46903cd0-xke1sctz/rod-worktrees/wt_T56-RC7-a-failed-wipe-is-not-resumable/ios/Packages/GodstoneFoundation/Sources/GodstoneMesh/MessageStore.swift:4522:12: warning: result of call to function returning 'Int32' is unused [#NoUsage]
4520 |         if let from = row.receivedFrom { bindBlob(stmt, 6, from) } else { fn.bindNull(stmt, 6) }
4521 |         fn.bindInt64(stmt, 7, row.remainingLifetimeMs)
4522 |         fn.bindInt(stmt, 8, row.verificationClassCode)
     |            `- warning: result of call to function returning 'Int32' is unused [#NoUsage]
4523 |         guard fn.step(stmt) == SQLITE_DONE else { throw StoreError.stepFailed }
4524 |         return fn.changes(db) > 0   // 1 inserted, 0 on ack_key conflict (DO NOTHING)

/private/tmp/board1-rc15-preparatory-46903cd0-xke1sctz/rod-worktrees/wt_T56-RC7-a-failed-wipe-is-not-resumable/ios/Packages/GodstoneFoundation/Sources/GodstoneMesh/MessageStore.swift:4531:20: warning: result of call to function returning 'Int32' is unused [#NoUsage]
4529 |             var stmt: OpaquePointer?
4530 |             guard fn.prepareV2(db, StoreSchema.readAckFrameSql, -1, &stmt, nil) == SQLITE_OK else {
4531 |                 fn.finalize(stmt); throw StoreError.prepareFailed
     |                    `- warning: result of call to function returning 'Int32' is unused [#NoUsage]
4532 |             }
4533 |             defer { fn.finalize(stmt) }

/private/tmp/board1-rc15-preparatory-46903cd0-xke1sctz/rod-worktrees/wt_T56-RC7-a-failed-wipe-is-not-resumable/ios/Packages/GodstoneFoundation/Sources/GodstoneMesh/MessageStore.swift:4533:24: warning: result of call to function returning 'Int32' is unused [#NoUsage]
4531 |                 fn.finalize(stmt); throw StoreError.prepareFailed
4532 |             }
4533 |             defer { fn.finalize(stmt) }
     |                        `- warning: result of call to function returning 'Int32' is unused [#NoUsage]
4534 |             bindBlob(stmt, 1, ackKey)
4535 |             let rc = fn.step(stmt)

/private/tmp/board1-rc15-preparatory-46903cd0-xke1sctz/rod-worktrees/wt_T56-RC7-a-failed-wipe-is-not-resumable/ios/Packages/GodstoneFoundation/Sources/GodstoneMesh/MessageStore.swift:4553:20: warning: result of call to function returning 'Int32' is unused [#NoUsage]
4551 |             var stmt: OpaquePointer?
4552 |             guard fn.prepareV2(db, StoreSchema.listAckFrameForPairSql, -1, &stmt, nil) == SQLITE_OK else {
4553 |                 fn.finalize(stmt); throw StoreError.prepareFailed
     |                    `- warning: result of call to function returning 'Int32' is unused [#NoUsage]
4554 |             }
4555 |             defer { fn.finalize(stmt) }

/private/tmp/board1-rc15-preparatory-46903cd0-xke1sctz/rod-worktrees/wt_T56-RC7-a-failed-wipe-is-not-resumable/ios/Packages/GodstoneFoundation/Sources/GodstoneMesh/MessageStore.swift:4558:16: warning: result of call to function returning 'Int32' is unused [#NoUsage]
4556 |             bindBlob(stmt, 1, msgId)
4557 |             bindBlob(stmt, 2, recipientNodeId)
4558 |             fn.bindInt64(stmt, 3, Int64(bound))
     |                `- warning: result of call to function returning 'Int32' is unused [#NoUsage]
4559 |             var out: [AckFrameRowView] = []
4560 |             while fn.step(stmt) == SQLITE_ROW {

/private/tmp/board1-rc15-preparatory-46903cd0-xke1sctz/rod-worktrees/wt_T56-RC7-a-failed-wipe-is-not-resumable/ios/Packages/GodstoneFoundation/Sources/GodstoneMesh/MessageStore.swift:4555:24: warning: result of call to function returning 'Int32' is unused [#NoUsage]
4553 |                 fn.finalize(stmt); throw StoreError.prepareFailed
4554 |             }
4555 |             defer { fn.finalize(stmt) }
     |                        `- warning: result of call to function returning 'Int32' is unused [#NoUsage]
4556 |             bindBlob(stmt, 1, msgId)
4557 |             bindBlob(stmt, 2, recipientNodeId)

/private/tmp/board1-rc15-preparatory-46903cd0-xke1sctz/rod-worktrees/wt_T56-RC7-a-failed-wipe-is-not-resumable/ios/Packages/GodstoneFoundation/Sources/GodstoneMesh/MessageStore.swift:4578:20: warning: result of call to function returning 'Int32' is unused [#NoUsage]
4576 |             var stmt: OpaquePointer?
4577 |             guard fn.prepareV2(db, StoreSchema.countAckFrameForPairSql, -1, &stmt, nil) == SQLITE_OK else {
4578 |                 fn.finalize(stmt); throw StoreError.prepareFailed
     |                    `- warning: result of call to function returning 'Int32' is unused [#NoUsage]
4579 |             }
4580 |             defer { fn.finalize(stmt) }

/private/tmp/board1-rc15-preparatory-46903cd0-xke1sctz/rod-worktrees/wt_T56-RC7-a-failed-wipe-is-not-resumable/ios/Packages/GodstoneFoundation/Sources/GodstoneMesh/MessageStore.swift:4580:24: warning: result of call to function returning 'Int32' is unused [#NoUsage]
4578 |                 fn.finalize(stmt); throw StoreError.prepareFailed
4579 |             }
4580 |             defer { fn.finalize(stmt) }
     |                        `- warning: result of call to function returning 'Int32' is unused [#NoUsage]
4581 |             bindBlob(stmt, 1, msgId)
4582 |             bindBlob(stmt, 2, recipientNodeId)

/private/tmp/board1-rc15-preparatory-46903cd0-xke1sctz/rod-worktrees/wt_T56-RC7-a-failed-wipe-is-not-resumable/ios/Packages/GodstoneFoundation/Sources/GodstoneMesh/MessageStore.swift:4592:20: warning: result of call to function returning 'Int32' is unused [#NoUsage]
4590 |             var stmt: OpaquePointer?
4591 |             guard fn.prepareV2(db, StoreSchema.countAckFrameTotalSql, -1, &stmt, nil) == SQLITE_OK else {
4592 |                 fn.finalize(stmt); throw StoreError.prepareFailed
     |                    `- warning: result of call to function returning 'Int32' is unused [#NoUsage]
4593 |             }
4594 |             defer { fn.finalize(stmt) }

/private/tmp/board1-rc15-preparatory-46903cd0-xke1sctz/rod-worktrees/wt_T56-RC7-a-failed-wipe-is-not-resumable/ios/Packages/GodstoneFoundation/Sources/GodstoneMesh/MessageStore.swift:4594:24: warning: result of call to function returning 'Int32' is unused [#NoUsage]
4592 |                 fn.finalize(stmt); throw StoreError.prepareFailed
4593 |             }
4594 |             defer { fn.finalize(stmt) }
     |                        `- warning: result of call to function returning 'Int32' is unused [#NoUsage]
4595 |             guard fn.step(stmt) == SQLITE_ROW else { return 0 }
4596 |             return Int(fn.columnInt(stmt, 0))

/private/tmp/board1-rc15-preparatory-46903cd0-xke1sctz/rod-worktrees/wt_T56-RC7-a-failed-wipe-is-not-resumable/ios/Packages/GodstoneFoundation/Sources/GodstoneMesh/MessageStore.swift:4612:20: warning: result of call to function returning 'Int32' is unused [#NoUsage]
4610 |             var stmt: OpaquePointer?
4611 |             guard fn.prepareV2(db, StoreSchema.listAckFrameSql, -1, &stmt, nil) == SQLITE_OK else {
4612 |                 fn.finalize(stmt); throw StoreError.prepareFailed
     |                    `- warning: result of call to function returning 'Int32' is unused [#NoUsage]
4613 |             }
4614 |             defer { fn.finalize(stmt) }

/private/tmp/board1-rc15-preparatory-46903cd0-xke1sctz/rod-worktrees/wt_T56-RC7-a-failed-wipe-is-not-resumable/ios/Packages/GodstoneFoundation/Sources/GodstoneMesh/MessageStore.swift:4615:16: warning: result of call to function returning 'Int32' is unused [#NoUsage]
4613 |             }
4614 |             defer { fn.finalize(stmt) }
4615 |             fn.bindInt(stmt, 1, bound)
     |                `- warning: result of call to function returning 'Int32' is unused [#NoUsage]
4616 |             var out: [AckFrameRowView] = []
4617 |             while fn.step(stmt) == SQLITE_ROW {

/private/tmp/board1-rc15-preparatory-46903cd0-xke1sctz/rod-worktrees/wt_T56-RC7-a-failed-wipe-is-not-resumable/ios/Packages/GodstoneFoundation/Sources/GodstoneMesh/MessageStore.swift:4614:24: warning: result of call to function returning 'Int32' is unused [#NoUsage]
4612 |                 fn.finalize(stmt); throw StoreError.prepareFailed
4613 |             }
4614 |             defer { fn.finalize(stmt) }
     |                        `- warning: result of call to function returning 'Int32' is unused [#NoUsage]
4615 |             fn.bindInt(stmt, 1, bound)
4616 |             var out: [AckFrameRowView] = []

/private/tmp/board1-rc15-preparatory-46903cd0-xke1sctz/rod-worktrees/wt_T56-RC7-a-failed-wipe-is-not-resumable/ios/Packages/GodstoneFoundation/Sources/GodstoneMesh/MessageStore.swift:4637:20: warning: result of call to function returning 'Int32' is unused [#NoUsage]
4635 |             var stmt: OpaquePointer?
4636 |             guard fn.prepareV2(db, StoreSchema.debitAckFrameSql, -1, &stmt, nil) == SQLITE_OK else {
4637 |                 fn.finalize(stmt); throw StoreError.prepareFailed
     |                    `- warning: result of call to function returning 'Int32' is unused [#NoUsage]
4638 |             }
4639 |             defer { fn.finalize(stmt) }

/private/tmp/board1-rc15-preparatory-46903cd0-xke1sctz/rod-worktrees/wt_T56-RC7-a-failed-wipe-is-not-resumable/ios/Packages/GodstoneFoundation/Sources/GodstoneMesh/MessageStore.swift:4640:16: warning: result of call to function returning 'Int32' is unused [#NoUsage]
4638 |             }
4639 |             defer { fn.finalize(stmt) }
4640 |             fn.bindInt64(stmt, 1, remainingLifetimeMs)
     |                `- warning: result of call to function returning 'Int32' is unused [#NoUsage]
4641 |             bindBlob(stmt, 2, ackKey)
4642 |             fn.bindInt64(stmt, 3, remainingLifetimeMs)

/private/tmp/board1-rc15-preparatory-46903cd0-xke1sctz/rod-worktrees/wt_T56-RC7-a-failed-wipe-is-not-resumable/ios/Packages/GodstoneFoundation/Sources/GodstoneMesh/MessageStore.swift:4642:16: warning: result of call to function returning 'Int32' is unused [#NoUsage]
4640 |             fn.bindInt64(stmt, 1, remainingLifetimeMs)
4641 |             bindBlob(stmt, 2, ackKey)
4642 |             fn.bindInt64(stmt, 3, remainingLifetimeMs)
     |                `- warning: result of call to function returning 'Int32' is unused [#NoUsage]
4643 |             guard fn.step(stmt) == SQLITE_DONE else { throw StoreError.stepFailed }
4644 |             return fn.changes(db) > 0

/private/tmp/board1-rc15-preparatory-46903cd0-xke1sctz/rod-worktrees/wt_T56-RC7-a-failed-wipe-is-not-resumable/ios/Packages/GodstoneFoundation/Sources/GodstoneMesh/MessageStore.swift:4639:24: warning: result of call to function returning 'Int32' is unused [#NoUsage]
4637 |                 fn.finalize(stmt); throw StoreError.prepareFailed
4638 |             }
4639 |             defer { fn.finalize(stmt) }
     |                        `- warning: result of call to function returning 'Int32' is unused [#NoUsage]
4640 |             fn.bindInt64(stmt, 1, remainingLifetimeMs)
4641 |             bindBlob(stmt, 2, ackKey)

/private/tmp/board1-rc15-preparatory-46903cd0-xke1sctz/rod-worktrees/wt_T56-RC7-a-failed-wipe-is-not-resumable/ios/Packages/GodstoneFoundation/Sources/GodstoneMesh/MessageStore.swift:4652:20: warning: result of call to function returning 'Int32' is unused [#NoUsage]
4650 |             var stmt: OpaquePointer?
4651 |             guard fn.prepareV2(db, StoreSchema.deleteAckFrameSql, -1, &stmt, nil) == SQLITE_OK else {
4652 |                 fn.finalize(stmt); throw StoreError.prepareFailed
     |                    `- warning: result of call to function returning 'Int32' is unused [#NoUsage]
4653 |             }
4654 |             defer { fn.finalize(stmt) }

/private/tmp/board1-rc15-preparatory-46903cd0-xke1sctz/rod-worktrees/wt_T56-RC7-a-failed-wipe-is-not-resumable/ios/Packages/GodstoneFoundation/Sources/GodstoneMesh/MessageStore.swift:4654:24: warning: result of call to function returning 'Int32' is unused [#NoUsage]
4652 |                 fn.finalize(stmt); throw StoreError.prepareFailed
4653 |             }
4654 |             defer { fn.finalize(stmt) }
     |                        `- warning: result of call to function returning 'Int32' is unused [#NoUsage]
4655 |             bindBlob(stmt, 1, ackKey)
4656 |             guard fn.step(stmt) == SQLITE_DONE else { throw StoreError.stepFailed }

/private/tmp/board1-rc15-preparatory-46903cd0-xke1sctz/rod-worktrees/wt_T56-RC7-a-failed-wipe-is-not-resumable/ios/Packages/GodstoneFoundation/Sources/GodstoneMesh/MessageStore.swift:4665:20: warning: result of call to function returning 'Int32' is unused [#NoUsage]
4663 |             var stmt: OpaquePointer?
4664 |             guard fn.prepareV2(db, StoreSchema.countAckFrameFromPeerSql, -1, &stmt, nil) == SQLITE_OK else {
4665 |                 fn.finalize(stmt); throw StoreError.prepareFailed
     |                    `- warning: result of call to function returning 'Int32' is unused [#NoUsage]
4666 |             }
4667 |             defer { fn.finalize(stmt) }

/private/tmp/board1-rc15-preparatory-46903cd0-xke1sctz/rod-worktrees/wt_T56-RC7-a-failed-wipe-is-not-resumable/ios/Packages/GodstoneFoundation/Sources/GodstoneMesh/MessageStore.swift:4667:24: warning: result of call to function returning 'Int32' is unused [#NoUsage]
4665 |                 fn.finalize(stmt); throw StoreError.prepareFailed
4666 |             }
4667 |             defer { fn.finalize(stmt) }
     |                        `- warning: result of call to function returning 'Int32' is unused [#NoUsage]
4668 |             bindBlob(stmt, 1, peer)
4669 |             guard fn.step(stmt) == SQLITE_ROW else { return 0 }

/private/tmp/board1-rc15-preparatory-46903cd0-xke1sctz/rod-worktrees/wt_T56-RC7-a-failed-wipe-is-not-resumable/ios/Packages/GodstoneFoundation/Sources/GodstoneMesh/MessageStore.swift:4681:20: warning: result of call to function returning 'Int32' is unused [#NoUsage]
4679 |             var presentStmt: OpaquePointer?
4680 |             guard fn.prepareV2(db, StoreSchema.readAckFrameSql, -1, &presentStmt, nil) == SQLITE_OK else {
4681 |                 fn.finalize(presentStmt); throw StoreError.prepareFailed
     |                    `- warning: result of call to function returning 'Int32' is unused [#NoUsage]
4682 |             }
4683 |             defer { fn.finalize(presentStmt) }

/private/tmp/board1-rc15-preparatory-46903cd0-xke1sctz/rod-worktrees/wt_T56-RC7-a-failed-wipe-is-not-resumable/ios/Packages/GodstoneFoundation/Sources/GodstoneMesh/MessageStore.swift:4689:24: warning: result of call to function returning 'Int32' is unused [#NoUsage]
4687 |                 var pairStmt: OpaquePointer?
4688 |                 guard fn.prepareV2(db, StoreSchema.countAckFrameForPairSql, -1, &pairStmt, nil) == SQLITE_OK else {
4689 |                     fn.finalize(pairStmt); throw StoreError.prepareFailed
     |                        `- warning: result of call to function returning 'Int32' is unused [#NoUsage]
4690 |                 }
4691 |                 defer { fn.finalize(pairStmt) }

/private/tmp/board1-rc15-preparatory-46903cd0-xke1sctz/rod-worktrees/wt_T56-RC7-a-failed-wipe-is-not-resumable/ios/Packages/GodstoneFoundation/Sources/GodstoneMesh/MessageStore.swift:4698:24: warning: result of call to function returning 'Int32' is unused [#NoUsage]
4696 |                 var totalStmt: OpaquePointer?
4697 |                 guard fn.prepareV2(db, StoreSchema.countAckFrameTotalSql, -1, &totalStmt, nil) == SQLITE_OK else {
4698 |                     fn.finalize(totalStmt); throw StoreError.prepareFailed
     |                        `- warning: result of call to function returning 'Int32' is unused [#NoUsage]
4699 |                 }
4700 |                 defer { fn.finalize(totalStmt) }

/private/tmp/board1-rc15-preparatory-46903cd0-xke1sctz/rod-worktrees/wt_T56-RC7-a-failed-wipe-is-not-resumable/ios/Packages/GodstoneFoundation/Sources/GodstoneMesh/MessageStore.swift:4683:24: warning: result of call to function returning 'Int32' is unused [#NoUsage]
4681 |                 fn.finalize(presentStmt); throw StoreError.prepareFailed
4682 |             }
4683 |             defer { fn.finalize(presentStmt) }
     |                        `- warning: result of call to function returning 'Int32' is unused [#NoUsage]
4684 |             bindBlob(presentStmt, 1, row.ackKey)
4685 |             let present = fn.step(presentStmt) == SQLITE_ROW

/private/tmp/board1-rc15-preparatory-46903cd0-xke1sctz/rod-worktrees/wt_T56-RC7-a-failed-wipe-is-not-resumable/ios/Packages/GodstoneFoundation/Sources/GodstoneMesh/MessageStore.swift:4691:28: warning: result of call to function returning 'Int32' is unused [#NoUsage]
4689 |                     fn.finalize(pairStmt); throw StoreError.prepareFailed
4690 |                 }
4691 |                 defer { fn.finalize(pairStmt) }
     |                            `- warning: result of call to function returning 'Int32' is unused [#NoUsage]
4692 |                 bindBlob(pairStmt, 1, row.msgId)
4693 |                 bindBlob(pairStmt, 2, row.recipientNodeId)

/private/tmp/board1-rc15-preparatory-46903cd0-xke1sctz/rod-worktrees/wt_T56-RC7-a-failed-wipe-is-not-resumable/ios/Packages/GodstoneFoundation/Sources/GodstoneMesh/MessageStore.swift:4700:28: warning: result of call to function returning 'Int32' is unused [#NoUsage]
4698 |                     fn.finalize(totalStmt); throw StoreError.prepareFailed
4699 |                 }
4700 |                 defer { fn.finalize(totalStmt) }
     |                            `- warning: result of call to function returning 'Int32' is unused [#NoUsage]
4701 |                 let total = fn.step(totalStmt) == SQLITE_ROW ? Int(fn.columnInt(totalStmt, 0)) : 0
4702 |                 if total >= ackCandidatesTotalLimit { return .refusedQuotaGlobal }

/private/tmp/board1-rc15-preparatory-46903cd0-xke1sctz/rod-worktrees/wt_T56-RC7-a-failed-wipe-is-not-resumable/ios/Packages/GodstoneFoundation/Sources/GodstoneMesh/NoiseSession.swift:350:16: warning: value 'reason' was defined but never used; consider replacing with boolean test [#NoUsage]
348 |     public func openWithResult(_ ciphertext: Data) throws -> CryptoOpenResult {
349 |         guard let key = receiveKey else { throw MeshError.handshakeFailed }
350 |         if let reason = enforceReceiveBudget() {
    |                `- warning: value 'reason' was defined but never used; consider replacing with boolean test [#NoUsage]
351 |             return .expired
352 |         }

[#NoUsage]: <https://docs.swift.org/compiler/documentation/diagnostics/no-usage>
[50 / 54] GodstoneMeshTests-product
[51 / 55] GodstoneMeshTests-product
/private/tmp/board1-rc15-preparatory-46903cd0-xke1sctz/rod-worktrees/wt_T56-RC7-a-failed-wipe-is-not-resumable/ios/Packages/GodstoneFoundation/Tests/GodstoneMeshTests/ReadinessT25Tests.swift:122:13: warning: variable 'b' was never mutated; consider changing to 'let' constant [#VariableNeverMutated]
120 | 
121 |     private func bloomDigest(_ ids: [Data]) -> Data {
122 |         var b = BloomDigest()
    |             `- warning: variable 'b' was never mutated; consider changing to 'let' constant [#VariableNeverMutated]
123 |         for id in ids { b.add(id) }
124 |         return Data(b.toBytes().prefix(BleLinkInfoConstants.shortDigestBytes))

/private/tmp/board1-rc15-preparatory-46903cd0-xke1sctz/rod-worktrees/wt_T56-RC7-a-failed-wipe-is-not-resumable/ios/Packages/GodstoneFoundation/Tests/GodstoneMeshTests/ReadinessT27Tests.swift:89:47: warning: converting non-Sendable function value to '@Sendable () -> Int64' may introduce data races
 87 |                 let maxStr = maxToken.split(separator: "=", omittingEmptySubsequences: true).map { String($0) }
 88 |                 let mx = Int(maxStr[1]) ?? 4096
 89 |                 gov = PeerGovernor(nowMillis: clock(), maxTrackedPeers: mx)
    |                                               `- warning: converting non-Sendable function value to '@Sendable () -> Int64' may introduce data races
 90 |                 step = 0
 91 |                 continue

/private/tmp/board1-rc15-preparatory-46903cd0-xke1sctz/rod-worktrees/wt_T56-RC7-a-failed-wipe-is-not-resumable/ios/Packages/GodstoneFoundation/Tests/GodstoneMeshTests/ReadinessT27Tests.swift:114:41: warning: converting non-Sendable function value to '@Sendable () -> Int64' may introduce data races
112 |     // (2) bounded cache under Sybil churn: tracked set is capped; a known peer is served
113 |     func testBoundedCacheHoldsUnderSybilChurn() {
114 |         let g = PeerGovernor(nowMillis: clock(), maxTrackedPeers: 8)
    |                                         `- warning: converting non-Sendable function value to '@Sendable () -> Int64' may introduce data races
115 |         var served = 0
116 |         for k in 0..<12 {

/private/tmp/board1-rc15-preparatory-46903cd0-xke1sctz/rod-worktrees/wt_T56-RC7-a-failed-wipe-is-not-resumable/ios/Packages/GodstoneFoundation/Tests/GodstoneMeshTests/ReadinessT27Tests.swift:128:41: warning: converting non-Sendable function value to '@Sendable () -> Int64' may introduce data races
126 |     // (3) denial leaves EXISTING trusted peers intact (per-identity isolation)
127 |     func testDenialLeavesExistingTrustedPeersIntact() {
128 |         let g = PeerGovernor(nowMillis: clock(), maxTrackedPeers: 64)
    |                                         `- warning: converting non-Sendable function value to '@Sendable () -> Int64' may introduce data races
129 |         let attacker = node(0xE3)
130 |         let bystander = node(0xE1)

/private/tmp/board1-rc15-preparatory-46903cd0-xke1sctz/rod-worktrees/wt_T56-RC7-a-failed-wipe-is-not-resumable/ios/Packages/GodstoneFoundation/Tests/GodstoneMeshTests/ReadinessT27Tests.swift:148:41: warning: converting non-Sendable function value to '@Sendable () -> Int64' may introduce data races
146 |     //     peer's calls would begin to drop -- this witness is the T27-SM1 killer.
147 |     func testAdvertisedHintIsNeverTheAuthenticatedIdentity() {
148 |         let g = PeerGovernor(nowMillis: clock(), maxTrackedPeers: 64)
    |                                         `- warning: converting non-Sendable function value to '@Sendable () -> Int64' may introduce data races
149 |         let sharedHint = Data([0x0B, 0xAD, 0xF0, 0x0D])
150 |         let a = node(0xF1)

/private/tmp/board1-rc15-preparatory-46903cd0-xke1sctz/rod-worktrees/wt_T56-RC7-a-failed-wipe-is-not-resumable/ios/Packages/GodstoneFoundation/Tests/GodstoneMeshTests/ReadinessT27Tests.swift:163:41: warning: converting non-Sendable function value to '@Sendable () -> Int64' may introduce data races
161 |     // (5) a malformed/short advertised hint cannot collapse distinct identities
162 |     func testMalformedHintDoesNotCollapseDistinctIdentities() {
163 |         let g = PeerGovernor(nowMillis: clock(), maxTrackedPeers: 64)
    |                                         `- warning: converting non-Sendable function value to '@Sendable () -> Int64' may introduce data races
164 |         let x = node(0x34)
165 |         let y = node(0x78)

/private/tmp/board1-rc15-preparatory-46903cd0-xke1sctz/rod-worktrees/wt_T56-RC7-a-failed-wipe-is-not-resumable/ios/Packages/GodstoneFoundation/Tests/GodstoneMeshTests/ReadinessT27Tests.swift:184:41: warning: converting non-Sendable function value to '@Sendable () -> Int64' may introduce data races
182 |     func testGSSerialisedTrustMutationsGiveADeterministicScore() {
183 |         let clock: () -> Int64 = { 1_700_000_000_000 }
184 |         let g = PeerGovernor(nowMillis: clock, maxTrackedPeers: 8)
    |                                         `- warning: converting non-Sendable function value to '@Sendable () -> Int64' may introduce data races
185 |         let id = Data(repeating: 0x5A, count: 16)
186 | 

[#VariableNeverMutated]: <https://docs.swift.org/compiler/documentation/diagnostics/variable-never-mutated>
[62 / 66] GodstoneMeshTests-product
/private/tmp/board1-rc15-preparatory-46903cd0-xke1sctz/rod-worktrees/wt_T56-RC7-a-failed-wipe-is-not-resumable/ios/Packages/GodstoneFoundation/Tests/GodstoneMeshTests/ReadinessT14Tests.swift:307:13: warning: initialization of immutable value 'driverIdentityBefore' was never used; consider replacing with assignment to '_' or removing it [#NoUsage]
305 |         )
306 |         let driverBefore = try XCTUnwrap(transport.centralDriver)
307 |         let driverIdentityBefore = ObjectIdentifier(driverBefore)
    |             `- warning: initialization of immutable value 'driverIdentityBefore' was never used; consider replacing with assignment to '_' or removing it [#NoUsage]
308 | 
309 |         let order = OrderLog()

/private/tmp/board1-rc15-preparatory-46903cd0-xke1sctz/rod-worktrees/wt_T56-RC7-a-failed-wipe-is-not-resumable/ios/Packages/GodstoneFoundation/Tests/GodstoneMeshTests/ReadinessT14Tests.swift:478:13: warning: using '_' to ignore the result of a Void-returning function is redundant
476 |         let innerTrace = Box<BleTransport.ReductionTrace>()
477 |         transport.failpointAfterValidationForTest = { _ in
478 |             _ = transport.processCentralDidUpdateState(ctx.central, sourceEpoch: ctx.epoch)
    |             `- warning: using '_' to ignore the result of a Void-returning function is redundant
479 |             if let inner = transport.lastReductionTraceForTest {
480 |                 innerTrace.set(inner)

[#NoUsage]: <https://docs.swift.org/compiler/documentation/diagnostics/no-usage>
/private/tmp/board1-rc15-preparatory-46903cd0-xke1sctz/rod-worktrees/wt_T56-RC7-a-failed-wipe-is-not-resumable/ios/Packages/GodstoneFoundation/Tests/GodstoneMeshTests/GsUx001TrustSurfaceTests.swift:46:23: warning: no calls to throwing functions occur within 'try' expression [#UnnecessaryEffectMarker]
 44 |         )
 45 |         let sig = try! signingKey.signature(for: preimage)
 46 |         let binding = try! IdentityBindingV1(
    |                       `- warning: no calls to throwing functions occur within 'try' expression [#UnnecessaryEffectMarker]
 47 |             generation: generation,
 48 |             signingPublicKey: signingKey.publicKey.rawRepresentation,

/private/tmp/board1-rc15-preparatory-46903cd0-xke1sctz/rod-worktrees/wt_T56-RC7-a-failed-wipe-is-not-resumable/ios/Packages/GodstoneFoundation/Tests/GodstoneMeshTests/MeshNodeDeliveryIntegrationTests.swift:503:14: warning: immutable value 'pubA' was never used; consider replacing with '_' or removing it [#NoUsage]
501 | 
502 |     func testC661DispatchDirectTransmitsStoreReturnedCanonicalFrameAndNotCallerModifiedFrame() async throws {
503 |         let (pubA, _) = realDhKeypair()
    |              `- warning: immutable value 'pubA' was never used; consider replacing with '_' or removing it [#NoUsage]
504 |         let a = nodeA()
505 |         let flags = UInt16(Priority.direct.rawValue << 8) | UInt16(FrameV2.Flags.sealed)

/private/tmp/board1-rc15-preparatory-46903cd0-xke1sctz/rod-worktrees/wt_T56-RC7-a-failed-wipe-is-not-resumable/ios/Packages/GodstoneFoundation/Tests/GodstoneMeshTests/NativeConnectionRepairTests.swift:151:11: warning: result of call to 'withUnsafeBytes' is unused [#NoUsage]
 149 |     guard sqlite3_prepare_v2(tdb, sql, -1, &stmt, nil) == SQLITE_OK, let stmt else { return }
 150 |     defer { sqlite3_finalize(stmt) }
 151 |     msgId.withUnsafeBytes { sqlite3_bind_blob(stmt, 1, $0.baseAddress, Int32(msgId.count),
     |           `- warning: result of call to 'withUnsafeBytes' is unused [#NoUsage]
 152 |                                               unsafeBitCast(-1, to: sqlite3_destructor_type.self)) }
 153 |     sqlite3_bind_int64(stmt, 2, expiresAtMono)

/private/tmp/board1-rc15-preparatory-46903cd0-xke1sctz/rod-worktrees/wt_T56-RC7-a-failed-wipe-is-not-resumable/ios/Packages/GodstoneFoundation/Tests/GodstoneMeshTests/NativeConnectionRepairTests.swift:154:10: warning: result of call to 'withCString' is unused [#NoUsage]
 152 |                                               unsafeBitCast(-1, to: sqlite3_destructor_type.self)) }
 153 |     sqlite3_bind_int64(stmt, 2, expiresAtMono)
 154 |     boot.withCString { sqlite3_bind_text(stmt, 3, $0, -1, unsafeBitCast(-1, to: sqlite3_destructor_type.self)) }
     |          `- warning: result of call to 'withCString' is unused [#NoUsage]
 155 |     _ = sqlite3_step(stmt)
 156 | }

/private/tmp/board1-rc15-preparatory-46903cd0-xke1sctz/rod-worktrees/wt_T56-RC7-a-failed-wipe-is-not-resumable/ios/Packages/GodstoneFoundation/Tests/GodstoneMeshTests/NativeConnectionRepairTests.swift:195:11: warning: result of call to 'withUnsafeBytes' is unused [#NoUsage]
 193 |     guard sqlite3_prepare_v2(db, sql, -1, &stmt, nil) == SQLITE_OK, let stmt else { return false }
 194 |     defer { sqlite3_finalize(stmt) }
 195 |     msgId.withUnsafeBytes { sqlite3_bind_blob(stmt, 1, $0.baseAddress, Int32(msgId.count),
     |           `- warning: result of call to 'withUnsafeBytes' is unused [#NoUsage]
 196 |                                               unsafeBitCast(-1, to: sqlite3_destructor_type.self)) }
 197 |     return sqlite3_step(stmt) == SQLITE_ROW

/private/tmp/board1-rc15-preparatory-46903cd0-xke1sctz/rod-worktrees/wt_T56-RC7-a-failed-wipe-is-not-resumable/ios/Packages/GodstoneFoundation/Tests/GodstoneMeshTests/NativeConnectionRepairTests.swift:224:11: warning: result of call to 'withUnsafeBytes' is unused [#NoUsage]
 222 |     }
 223 |     let probe = Data(repeating: 0xE1, count: 16)
 224 |     probe.withUnsafeBytes { sqlite3_bind_blob(stmt, 1, $0.baseAddress, Int32(probe.count),
     |           `- warning: result of call to 'withUnsafeBytes' is unused [#NoUsage]
 225 |                                               unsafeBitCast(-1, to: sqlite3_destructor_type.self)) }
 226 |     sqlite3_bind_int64(stmt, 2, 0)

/private/tmp/board1-rc15-preparatory-46903cd0-xke1sctz/rod-worktrees/wt_T56-RC7-a-failed-wipe-is-not-resumable/ios/Packages/GodstoneFoundation/Tests/GodstoneMeshTests/NativeConnectionRepairTests.swift:227:18: warning: result of call to 'withCString' is unused [#NoUsage]
 225 |                                               unsafeBitCast(-1, to: sqlite3_destructor_type.self)) }
 226 |     sqlite3_bind_int64(stmt, 2, 0)
 227 |     "ncr-second".withCString { sqlite3_bind_text(stmt, 3, $0, -1, unsafeBitCast(-1, to: sqlite3_destructor_type.self)) }
     |                  `- warning: result of call to 'withCString' is unused [#NoUsage]
 228 |     let stepRC = sqlite3_step(stmt)
 229 |     sqlite3_finalize(stmt)

/private/tmp/board1-rc15-preparatory-46903cd0-xke1sctz/rod-worktrees/wt_T56-RC7-a-failed-wipe-is-not-resumable/ios/Packages/GodstoneFoundation/Tests/GodstoneMeshTests/NativeConnectionRepairTests.swift:633:25: warning: result of call to 'withUnsafeBytes' is unused [#NoUsage]
 631 |             var ts: OpaquePointer?
 632 |             if sqlite3_prepare_v2(tdb, tsql, -1, &ts, nil) == SQLITE_OK, let ts {
 633 |                 ghostId.withUnsafeBytes { sqlite3_bind_blob(ts, 1, $0.baseAddress, Int32(ghostId.count),
     |                         `- warning: result of call to 'withUnsafeBytes' is unused [#NoUsage]
 634 |                                                             unsafeBitCast(-1, to: sqlite3_destructor_type.self)) }
 635 |                 sqlite3_bind_int64(ts, 2, 0)                       // spent at the sweep's clock (now == 0)

/private/tmp/board1-rc15-preparatory-46903cd0-xke1sctz/rod-worktrees/wt_T56-RC7-a-failed-wipe-is-not-resumable/ios/Packages/GodstoneFoundation/Tests/GodstoneMeshTests/NativeConnectionRepairTests.swift:636:28: warning: result of call to 'withCString' is unused [#NoUsage]
 634 |                                                             unsafeBitCast(-1, to: sqlite3_destructor_type.self)) }
 635 |                 sqlite3_bind_int64(ts, 2, 0)                       // spent at the sweep's clock (now == 0)
 636 |                 "ncr-boot".withCString { sqlite3_bind_text(ts, 3, $0, -1,
     |                            `- warning: result of call to 'withCString' is unused [#NoUsage]
 637 |                                                             unsafeBitCast(-1, to: sqlite3_destructor_type.self)) }
 638 |                 _ = sqlite3_step(ts); sqlite3_finalize(ts)

/private/tmp/board1-rc15-preparatory-46903cd0-xke1sctz/rod-worktrees/wt_T56-RC7-a-failed-wipe-is-not-resumable/ios/Packages/GodstoneFoundation/Tests/GodstoneMeshTests/NativeConnectionRepairTests.swift:961:58: warning: result of call to 'withUnsafeBytes' is unused [#NoUsage]
 959 |             if sqlite3_prepare_v2(db, sql, -1, &st, nil) == SQLITE_OK, let st {
 960 |                 let short = Data(repeating: 1, count: 4)
 961 |                 func bindBlob(_ i: Int32, _ d: Data) { d.withUnsafeBytes { sqlite3_bind_blob(st, i, $0.baseAddress, Int32(d.count), unsafeBitCast(-1, to: sqlite3_destructor_type.self)) } }
     |                                                          `- warning: result of call to 'withUnsafeBytes' is unused [#NoUsage]
 962 |                 bindBlob(1, intentId); bindBlob(2, ncrMsgId(0x51)); bindBlob(3, Data(repeating: 2, count: 8))
 963 |                 bindBlob(4, Data(repeating: 3, count: 8)); bindBlob(5, ncrMsgId(0x52)); bindBlob(6, Data(repeating: 4, count: 32))

[#NoUsage]: <https://docs.swift.org/compiler/documentation/diagnostics/no-usage>
[#UnnecessaryEffectMarker]: <https://docs.swift.org/compiler/documentation/diagnostics/unnecessary-effect-marker>
/private/tmp/board1-rc15-preparatory-46903cd0-xke1sctz/rod-worktrees/wt_T56-RC7-a-failed-wipe-is-not-resumable/ios/Packages/GodstoneFoundation/Tests/GodstoneMeshTests/GsFinal003AdmissionPointTests.swift:40:13: warning: stored property 'allows' of 'Sendable'-conforming class 'SwitchableWipeGate' is mutable; this is an error in the Swift 6 language mode
 38 |     /// the coordinator (which GS-FINAL-002 already proved).
 39 |     private final class SwitchableWipeGate: WipeSensitiveUseGate {
 40 |         var allows: Bool
    |             `- warning: stored property 'allows' of 'Sendable'-conforming class 'SwitchableWipeGate' is mutable; this is an error in the Swift 6 language mode
 41 |         init(allows: Bool) { self.allows = allows }
 42 |         func allowsSensitiveUse() -> Bool { allows }

/private/tmp/board1-rc15-preparatory-46903cd0-xke1sctz/rod-worktrees/wt_T56-RC7-a-failed-wipe-is-not-resumable/ios/Packages/GodstoneFoundation/Tests/GodstoneMeshTests/GsFinal003RecoveryTopologyTests.swift:1490:13: warning: stored property 'dekProvider' of 'Sendable'-conforming struct 'OwnedArtifactEstate' contains non-Sendable type 'any PrivateStoreKeyProvider'; this is an error in the Swift 6 language mode
1488 |         let artifactPaths: [String: URL]
1489 |         var keychain: any LocalIdentityKeychain = RecoveryKeychain()
1490 |         var dekProvider: (any PrivateStoreKeyProvider)? = nil
     |             `- warning: stored property 'dekProvider' of 'Sendable'-conforming struct 'OwnedArtifactEstate' contains non-Sendable type 'any PrivateStoreKeyProvider'; this is an error in the Swift 6 language mode
1491 |         var liveTransport: TransportRuntimeSeam? { nil }
1492 |         var drain: () -> OwnerDrainResult = { .cold(reason: "the focused arm positively owns no live owner") }

GodstoneMesh.PrivateStoreKeyProvider:1:17: note: protocol 'PrivateStoreKeyProvider' does not conform to the 'Sendable' protocol
1 | public protocol PrivateStoreKeyProvider : AnyObject {
  |                 `- note: protocol 'PrivateStoreKeyProvider' does not conform to the 'Sendable' protocol
2 |     var dekByteCount: Int { get }
3 |     func fetchDEK(tag: String) throws -> GodstoneMesh.StoreDEK

/private/tmp/board1-rc15-preparatory-46903cd0-xke1sctz/rod-worktrees/wt_T56-RC7-a-failed-wipe-is-not-resumable/ios/Packages/GodstoneFoundation/Tests/GodstoneMeshTests/GsFinal003RecoveryTopologyTests.swift:4:11: warning: add '@preconcurrency' to suppress 'Sendable'-related warnings from module 'GodstoneMesh' [#AddPreconcurrencyImport]
   2 | import Foundation
   3 | import SQLite3
   4 | @testable import GodstoneMesh
     |           `- warning: add '@preconcurrency' to suppress 'Sendable'-related warnings from module 'GodstoneMesh' [#AddPreconcurrencyImport]
   5 | 
   6 | //  GS-FINAL-003 `true-recovery-topology`: THE TRUE PRE-PRIVATE RECOVERY, MEASURED AT ITS OWN SEAMS.

/private/tmp/board1-rc15-preparatory-46903cd0-xke1sctz/rod-worktrees/wt_T56-RC7-a-failed-wipe-is-not-resumable/ios/Packages/GodstoneFoundation/Tests/GodstoneMeshTests/GsFinal003RecoveryTopologyTests.swift:1492:13: warning: stored property 'drain' of 'Sendable'-conforming struct 'OwnedArtifactEstate' has non-Sendable type '() -> OwnerDrainResult'; this is an error in the Swift 6 language mode
1490 |         var dekProvider: (any PrivateStoreKeyProvider)? = nil
1491 |         var liveTransport: TransportRuntimeSeam? { nil }
1492 |         var drain: () -> OwnerDrainResult = { .cold(reason: "the focused arm positively owns no live owner") }
     |             |- warning: stored property 'drain' of 'Sendable'-conforming struct 'OwnedArtifactEstate' has non-Sendable type '() -> OwnerDrainResult'; this is an error in the Swift 6 language mode
     |             `- note: a function type must be marked '@Sendable' to conform to 'Sendable'
1493 |         func drainOwners() -> OwnerDrainResult { drain() }
1494 |     }

/private/tmp/board1-rc15-preparatory-46903cd0-xke1sctz/rod-worktrees/wt_T56-RC7-a-failed-wipe-is-not-resumable/ios/Packages/GodstoneFoundation/Tests/GodstoneMeshTests/GsFinal003RecoveryTopologyTests.swift:1564:17: warning: stored property 'dekProvider' of 'Sendable'-conforming struct 'LiveOwnerEstate' contains non-Sendable type 'any PrivateStoreKeyProvider'; this is an error in the Swift 6 language mode
1562 |             let artifactPaths: [String: URL]
1563 |             let keychain: any LocalIdentityKeychain = RecoveryKeychain()
1564 |             let dekProvider: (any PrivateStoreKeyProvider)? = nil
     |                 `- warning: stored property 'dekProvider' of 'Sendable'-conforming struct 'LiveOwnerEstate' contains non-Sendable type 'any PrivateStoreKeyProvider'; this is an error in the Swift 6 language mode
1565 |             var liveTransport: TransportRuntimeSeam? { nil }
1566 |             func drainOwners() -> OwnerDrainResult {

GodstoneMesh.PrivateStoreKeyProvider:1:17: note: protocol 'PrivateStoreKeyProvider' does not conform to the 'Sendable' protocol
1 | public protocol PrivateStoreKeyProvider : AnyObject {
  |                 `- note: protocol 'PrivateStoreKeyProvider' does not conform to the 'Sendable' protocol
2 |     var dekByteCount: Int { get }
3 |     func fetchDEK(tag: String) throws -> GodstoneMesh.StoreDEK

/private/tmp/board1-rc15-preparatory-46903cd0-xke1sctz/rod-worktrees/wt_T56-RC7-a-failed-wipe-is-not-resumable/ios/Packages/GodstoneFoundation/Tests/GodstoneMeshTests/GsFinal003RecoveryTopologyTests.swift:1604:17: warning: stored property 'dekProvider' of 'Sendable'-conforming struct 'LiveRadioEstate' contains non-Sendable type 'any PrivateStoreKeyProvider'; this is an error in the Swift 6 language mode
1602 |             let artifactPaths: [String: URL]
1603 |             let keychain: any LocalIdentityKeychain = RecoveryKeychain()
1604 |             let dekProvider: (any PrivateStoreKeyProvider)? = nil
     |                 `- warning: stored property 'dekProvider' of 'Sendable'-conforming struct 'LiveRadioEstate' contains non-Sendable type 'any PrivateStoreKeyProvider'; this is an error in the Swift 6 language mode
1605 |             var liveTransport: TransportRuntimeSeam? { NotDrainingTransport() }
1606 |             func drainOwners() -> OwnerDrainResult {

GodstoneMesh.PrivateStoreKeyProvider:1:17: note: protocol 'PrivateStoreKeyProvider' does not conform to the 'Sendable' protocol
1 | public protocol PrivateStoreKeyProvider : AnyObject {
  |                 `- note: protocol 'PrivateStoreKeyProvider' does not conform to the 'Sendable' protocol
2 |     var dekByteCount: Int { get }
3 |     func fetchDEK(tag: String) throws -> GodstoneMesh.StoreDEK

/private/tmp/board1-rc15-preparatory-46903cd0-xke1sctz/rod-worktrees/wt_T56-RC7-a-failed-wipe-is-not-resumable/ios/Packages/GodstoneFoundation/Tests/GodstoneMeshTests/GsFinal003RecoveryTopologyTests.swift:1806:17: warning: stored property 'dekProvider' of 'Sendable'-conforming class 'UndrainableEstate' contains non-Sendable type 'any PrivateStoreKeyProvider'; this is an error in the Swift 6 language mode
1804 |             let artifactPaths: [String: URL]
1805 |             let keychain: any LocalIdentityKeychain
1806 |             let dekProvider: (any PrivateStoreKeyProvider)?
     |                 `- warning: stored property 'dekProvider' of 'Sendable'-conforming class 'UndrainableEstate' contains non-Sendable type 'any PrivateStoreKeyProvider'; this is an error in the Swift 6 language mode
1807 |             var liveTransport: TransportRuntimeSeam? { nil }
1808 |             init(artifactPaths: [String: URL], keychain: any LocalIdentityKeychain,

GodstoneMesh.PrivateStoreKeyProvider:1:17: note: protocol 'PrivateStoreKeyProvider' does not conform to the 'Sendable' protocol
1 | public protocol PrivateStoreKeyProvider : AnyObject {
  |                 `- note: protocol 'PrivateStoreKeyProvider' does not conform to the 'Sendable' protocol
2 |     var dekByteCount: Int { get }
3 |     func fetchDEK(tag: String) throws -> GodstoneMesh.StoreDEK

/private/tmp/board1-rc15-preparatory-46903cd0-xke1sctz/rod-worktrees/wt_T56-RC7-a-failed-wipe-is-not-resumable/ios/Packages/GodstoneFoundation/Tests/GodstoneMeshTests/MeshNodeDeliveryIntegrationTests.swift:503:14: warning: immutable value 'pubA' was never used; consider replacing with '_' or removing it [#NoUsage]
501 | 
502 |     func testC661DispatchDirectTransmitsStoreReturnedCanonicalFrameAndNotCallerModifiedFrame() async throws {
503 |         let (pubA, _) = realDhKeypair()
    |              `- warning: immutable value 'pubA' was never used; consider replacing with '_' or removing it [#NoUsage]
504 |         let a = nodeA()
505 |         let flags = UInt16(Priority.direct.rawValue << 8) | UInt16(FrameV2.Flags.sealed)

/private/tmp/board1-rc15-preparatory-46903cd0-xke1sctz/rod-worktrees/wt_T56-RC7-a-failed-wipe-is-not-resumable/ios/Packages/GodstoneFoundation/Tests/GodstoneMeshTests/ReadinessTrustedPairing.swift:164:5: warning: '@discardableResult' declared on a function returning 'Void' is unnecessary
162 |     /// CRYPTO-001: the entries are addressed by the relation's ADMISSION -- by default the one a
163 |     /// freshly started transport minteth for the first relation of that handle.
164 |     @discardableResult
    |     `- warning: '@discardableResult' declared on a function returning 'Void' is unnecessary
165 |     static func pairUp(_ pair: Pair, viaBob: UUID, viaAlice: UUID,
166 |                        aliceHint: Data, bobHint: Data,

[#AddPreconcurrencyImport]: <https://docs.swift.org/compiler/documentation/diagnostics/add-preconcurrency-import>
[#NoUsage]: <https://docs.swift.org/compiler/documentation/diagnostics/no-usage>
/private/tmp/board1-rc15-preparatory-46903cd0-xke1sctz/rod-worktrees/wt_T56-RC7-a-failed-wipe-is-not-resumable/ios/Packages/GodstoneFoundation/Tests/GodstoneMeshTests/PeerIdentityRepositoryTests.swift:34:23: warning: no calls to throwing functions occur within 'try' expression [#UnnecessaryEffectMarker]
  32 |         )
  33 |         let sig = try! signingKey.signature(for: preimage)
  34 |         let binding = try! IdentityBindingV1(
     |                       `- warning: no calls to throwing functions occur within 'try' expression [#UnnecessaryEffectMarker]
  35 |             generation: generation,
  36 |             signingPublicKey: signingKey.publicKey.rawRepresentation,

/private/tmp/board1-rc15-preparatory-46903cd0-xke1sctz/rod-worktrees/wt_T56-RC7-a-failed-wipe-is-not-resumable/ios/Packages/GodstoneFoundation/Tests/GodstoneMeshTests/PeerTrustEngineTests.swift:27:23: warning: no calls to throwing functions occur within 'try' expression [#UnnecessaryEffectMarker]
 25 |         )
 26 |         let sig = try signingKey.signature(for: preimage)
 27 |         let binding = try IdentityBindingV1(
    |                       `- warning: no calls to throwing functions occur within 'try' expression [#UnnecessaryEffectMarker]
 28 |             generation: generation,
 29 |             signingPublicKey: signingKey.publicKey.rawRepresentation,

[#UnnecessaryEffectMarker]: <https://docs.swift.org/compiler/documentation/diagnostics/unnecessary-effect-marker>
/private/tmp/board1-rc15-preparatory-46903cd0-xke1sctz/rod-worktrees/wt_T56-RC7-a-failed-wipe-is-not-resumable/ios/Packages/GodstoneFoundation/Tests/GodstoneMeshTests/SessionManagerConcurrencyTests.swift:181:13: warning: variable 'hs3Result' was written to, but never read
179 |         let hsThreadFinished = expectation(description: "HS thread finished")
180 |         let invalidationFinished = expectation(description: "Invalidation finished")
181 |         var hs3Result: Data?
    |             `- warning: variable 'hs3Result' was written to, but never read
182 | 
183 |         var invalidationReturned = false

/private/tmp/board1-rc15-preparatory-46903cd0-xke1sctz/rod-worktrees/wt_T56-RC7-a-failed-wipe-is-not-resumable/ios/Packages/GodstoneFoundation/Tests/GodstoneMeshTests/SessionManagerTests.swift:314:24: warning: no calls to throwing functions occur within 'try' expression [#UnnecessaryEffectMarker]
312 |         XCTAssertTrue(smA.isReady(a.outbound))
313 |         let aToB = try XCTUnwrap(smA.seal(a.outbound, Data("incarnation A".utf8)))
314 |         XCTAssertEqual(try smB.open(a.inbound, aToB), Data("incarnation A".utf8))
    |                        `- warning: no calls to throwing functions occur within 'try' expression [#UnnecessaryEffectMarker]
315 |         let backFromB = try XCTUnwrap(smB.seal(a.inbound, Data("and back".utf8)))
316 |         XCTAssertEqual(try smA.open(a.outbound, backFromB), Data("and back".utf8))

/private/tmp/board1-rc15-preparatory-46903cd0-xke1sctz/rod-worktrees/wt_T56-RC7-a-failed-wipe-is-not-resumable/ios/Packages/GodstoneFoundation/Tests/GodstoneMeshTests/SessionManagerTests.swift:316:24: warning: no calls to throwing functions occur within 'try' expression [#UnnecessaryEffectMarker]
314 |         XCTAssertEqual(try smB.open(a.inbound, aToB), Data("incarnation A".utf8))
315 |         let backFromB = try XCTUnwrap(smB.seal(a.inbound, Data("and back".utf8)))
316 |         XCTAssertEqual(try smA.open(a.outbound, backFromB), Data("and back".utf8))
    |                        `- warning: no calls to throwing functions occur within 'try' expression [#UnnecessaryEffectMarker]
317 |         XCTAssertEqual(smA.drop(a.outbound), .retired)
318 |         XCTAssertEqual(smB.drop(a.inbound), .retired)

/private/tmp/board1-rc15-preparatory-46903cd0-xke1sctz/rod-worktrees/wt_T56-RC7-a-failed-wipe-is-not-resumable/ios/Packages/GodstoneFoundation/Tests/GodstoneMeshTests/SessionManagerTests.swift:338:24: warning: no calls to throwing functions occur within 'try' expression [#UnnecessaryEffectMarker]
336 |                       "the responder side of the replacement was slain by stale work")
337 |         let live = try XCTUnwrap(smA.seal(b.outbound, Data("replacement lives".utf8)))
338 |         XCTAssertEqual(try smB.open(b.inbound, live), Data("replacement lives".utf8))
    |                        `- warning: no calls to throwing functions occur within 'try' expression [#UnnecessaryEffectMarker]
339 |         // The replacement's own teardown still worketh, and only it.
340 |         XCTAssertEqual(smA.drop(b.outbound), .retired)

/private/tmp/board1-rc15-preparatory-46903cd0-xke1sctz/rod-worktrees/wt_T56-RC7-a-failed-wipe-is-not-resumable/ios/Packages/GodstoneFoundation/Tests/GodstoneMeshTests/SessionManagerTests.swift:381:24: warning: no calls to throwing functions occur within 'try' expression [#UnnecessaryEffectMarker]
379 |         XCTAssertTrue(smB.isReady(b.inbound), "stale work disturbed the responder's replacement")
380 |         let genuine = try XCTUnwrap(smA.seal(b.outbound, Data("genuine".utf8)))
381 |         XCTAssertEqual(try smB.open(b.inbound, genuine), Data("genuine".utf8))
    |                        `- warning: no calls to throwing functions occur within 'try' expression [#UnnecessaryEffectMarker]
382 |     }
383 | 

/private/tmp/board1-rc15-preparatory-46903cd0-xke1sctz/rod-worktrees/wt_T56-RC7-a-failed-wipe-is-not-resumable/ios/Packages/GodstoneFoundation/Tests/GodstoneMeshTests/SqliteDeliveryRepositoryTests.swift:1304:20: warning: immutable value 'privB' was never used; consider replacing with '_' or removing it [#NoUsage]
1302 | 
1303 |         let (pubA, privA) = realKeypair()
1304 |         let (pubB, privB) = realKeypair()
     |                    `- warning: immutable value 'privB' was never used; consider replacing with '_' or removing it [#NoUsage]
1305 |         let resolver = TwoRecipientResolver(nodeA(), pubA, nodeB(), pubB)
1306 |         let tracker = DeliveryTracker(repo: repo, authenticator: Ed25519AckAuthenticator(resolver: resolver))

/private/tmp/board1-rc15-preparatory-46903cd0-xke1sctz/rod-worktrees/wt_T56-RC7-a-failed-wipe-is-not-resumable/ios/Packages/GodstoneFoundation/Tests/GodstoneMeshTests/SqliteDeliveryRepositoryTests.swift:1553:14: warning: immutable value 'pub' was never used; consider replacing with '_' or removing it [#NoUsage]
1551 |         let faulting = FaultingDeliveryStore(store)
1552 |         let repo = SqliteDeliveryRepository(faulting)
1553 |         let (pub, priv) = realKeypair()
     |              `- warning: immutable value 'pub' was never used; consider replacing with '_' or removing it [#NoUsage]
1554 |         let recipient = nodeA()
1555 |         let auth = DualAckAuthenticator()

/private/tmp/board1-rc15-preparatory-46903cd0-xke1sctz/rod-worktrees/wt_T56-RC7-a-failed-wipe-is-not-resumable/ios/Packages/GodstoneFoundation/Tests/GodstoneMeshTests/SqliteDeliveryRepositoryTests.swift:1988:14: warning: immutable value 'pubA' was never used; consider replacing with '_' or removing it [#NoUsage]
1986 |         let store = SqliteMessageStore(url: url, maxBytes: 4096, fileProtection: .complete)
1987 |         let repo = SqliteDeliveryRepository(store)
1988 |         let (pubA, privA) = realKeypair()
     |              `- warning: immutable value 'pubA' was never used; consider replacing with '_' or removing it [#NoUsage]
1989 |         let auth = BlockingAckAuthenticator(result: true)
1990 |         let tracker = DeliveryTracker(repo: repo, authenticator: auth)

/private/tmp/board1-rc15-preparatory-46903cd0-xke1sctz/rod-worktrees/wt_T56-RC7-a-failed-wipe-is-not-resumable/ios/Packages/GodstoneFoundation/Tests/GodstoneMeshTests/SqliteDeliveryRepositoryTests.swift:2025:14: warning: immutable value 'pubA' was never used; consider replacing with '_' or removing it [#NoUsage]
2023 |         let store = SqliteMessageStore(url: url, maxBytes: 4096, fileProtection: .complete)
2024 |         let repo = SqliteDeliveryRepository(store)
2025 |         let (pubA, privA) = realKeypair()
     |              `- warning: immutable value 'pubA' was never used; consider replacing with '_' or removing it [#NoUsage]
2026 |         let auth = BlockingAckAuthenticator(result: true)
2027 |         let tracker = DeliveryTracker(repo: repo, authenticator: auth)

/private/tmp/board1-rc15-preparatory-46903cd0-xke1sctz/rod-worktrees/wt_T56-RC7-a-failed-wipe-is-not-resumable/ios/Packages/GodstoneFoundation/Tests/GodstoneMeshTests/SqliteMessageStoreTests.swift:74:15: warning: result of call to 'persist(_:receivedFrom:)' is unused [#NoUsage]
  72 |         _ = open(maxBytes: Int64.max)
  73 |         let f = frame(7, .direct, 64, type: .sos)
  74 |         store.persist(f, receivedFrom: Data([0, 1, 2, 3, 4, 5]))
     |               `- warning: result of call to 'persist(_:receivedFrom:)' is unused [#NoUsage]
  75 |         let out = store.allHeldOrderedByPriority()
  76 |         XCTAssertEqual(out.count, 1)

/private/tmp/board1-rc15-preparatory-46903cd0-xke1sctz/rod-worktrees/wt_T56-RC7-a-failed-wipe-is-not-resumable/ios/Packages/GodstoneFoundation/Tests/GodstoneMeshTests/SqliteMessageStoreTests.swift:92:15: warning: result of call to 'persist(_:receivedFrom:)' is unused [#NoUsage]
  90 |         _ = open(maxBytes: Int64.max)
  91 |         let f = frame(1, .group, 32)
  92 |         store.persist(f, receivedFrom: Data())
     |               `- warning: result of call to 'persist(_:receivedFrom:)' is unused [#NoUsage]
  93 |         store.persist(f, receivedFrom: Data())
  94 |         XCTAssertEqual(heldIds().count, 1)

/private/tmp/board1-rc15-preparatory-46903cd0-xke1sctz/rod-worktrees/wt_T56-RC7-a-failed-wipe-is-not-resumable/ios/Packages/GodstoneFoundation/Tests/GodstoneMeshTests/SqliteMessageStoreTests.swift:93:15: warning: result of call to 'persist(_:receivedFrom:)' is unused [#NoUsage]
  91 |         let f = frame(1, .group, 32)
  92 |         store.persist(f, receivedFrom: Data())
  93 |         store.persist(f, receivedFrom: Data())
     |               `- warning: result of call to 'persist(_:receivedFrom:)' is unused [#NoUsage]
  94 |         XCTAssertEqual(heldIds().count, 1)
  95 |     }

/private/tmp/board1-rc15-preparatory-46903cd0-xke1sctz/rod-worktrees/wt_T56-RC7-a-failed-wipe-is-not-resumable/ios/Packages/GodstoneFoundation/Tests/GodstoneMeshTests/SqliteMessageStoreTests.swift:864:9: warning: result of 'try?' is unused [#NoUsage]
 862 |         // Seed held frame with foreignNode provenance
 863 |         XCTAssertEqual(store.persist(f, receivedFrom: foreignNode), .heldNew)
 864 |         try? store.insertDelivery(f.msgId, stateOrdinal: DeliveryState.queuedDurably.code, ackModeOrdinal: AckMode.singleRecipient.rawValue, expectedRecipient: rec)
     |         `- warning: result of 'try?' is unused [#NoUsage]
 865 | 
 866 |         // Retry from local node A

/private/tmp/board1-rc15-preparatory-46903cd0-xke1sctz/rod-worktrees/wt_T56-RC7-a-failed-wipe-is-not-resumable/ios/Packages/GodstoneFoundation/Tests/GodstoneMeshTests/SqliteMessageStoreTests.swift:925:9: warning: result of 'try?' is unused [#NoUsage]
 923 |         let origin = localNode(1)
 924 | 
 925 |         try? store.insertDelivery(f.msgId, stateOrdinal: DeliveryState.queuedDurably.code, ackModeOrdinal: AckMode.singleRecipient.rawValue, expectedRecipient: rec)
     |         `- warning: result of 'try?' is unused [#NoUsage]
 926 |         XCTAssertFalse(containsId(heldIds(), f.msgId))
 927 | 

/private/tmp/board1-rc15-preparatory-46903cd0-xke1sctz/rod-worktrees/wt_T56-RC7-a-failed-wipe-is-not-resumable/ios/Packages/GodstoneFoundation/Tests/GodstoneMeshTests/SqliteMessageStoreTests.swift:1014:15: warning: result of call to 'withUnsafeBytes' is unused [#NoUsage]
1012 |         defer { sqlite3_finalize(stmt) }
1013 |         let transient = unsafeBitCast(-1, to: sqlite3_destructor_type.self)
1014 |         msgId.withUnsafeBytes { r in
     |               `- warning: result of call to 'withUnsafeBytes' is unused [#NoUsage]
1015 |             sqlite3_bind_blob(stmt, 1, r.baseAddress, Int32(msgId.count), transient)
1016 |         }

/private/tmp/board1-rc15-preparatory-46903cd0-xke1sctz/rod-worktrees/wt_T56-RC7-a-failed-wipe-is-not-resumable/ios/Packages/GodstoneFoundation/Tests/GodstoneMeshTests/SqliteMessageStoreTests.swift:1157:13: warning: result of 'try?' is unused [#NoUsage]
1155 |             let f = directFrame(UInt8(idx + 10), payloadSize: 100)
1156 |             // Plant delivery row directly with terminal state and NO held frame
1157 |             try? store.insertDelivery(
     |             `- warning: result of 'try?' is unused [#NoUsage]
1158 |                 f.msgId,
1159 |                 stateOrdinal: termState.code,

/private/tmp/board1-rc15-preparatory-46903cd0-xke1sctz/rod-worktrees/wt_T56-RC7-a-failed-wipe-is-not-resumable/ios/Packages/GodstoneFoundation/Tests/GodstoneMeshTests/SqliteMessageStoreTests.swift:1343:12: warning: result of call to 'withUnsafeBytes' is unused [#NoUsage]
1341 |         }
1342 |         let transient = unsafeBitCast(-1, to: sqlite3_destructor_type.self)
1343 |         id.withUnsafeBytes { r in
     |            `- warning: result of call to 'withUnsafeBytes' is unused [#NoUsage]
1344 |             sqlite3_bind_blob(stmt, 1, r.baseAddress, Int32(id.count), transient)
1345 |         }

/private/tmp/board1-rc15-preparatory-46903cd0-xke1sctz/rod-worktrees/wt_T56-RC7-a-failed-wipe-is-not-resumable/ios/Packages/GodstoneFoundation/Tests/GodstoneMeshTests/SqliteMessageStoreTests.swift:1396:15: warning: result of call to 'withUnsafeBytes' is unused [#NoUsage]
1394 |         }
1395 |         let transient = unsafeBitCast(-1, to: sqlite3_destructor_type.self)
1396 |         msgId.withUnsafeBytes { r in
     |               `- warning: result of call to 'withUnsafeBytes' is unused [#NoUsage]
1397 |             sqlite3_bind_blob(stmt, 1, r.baseAddress, Int32(msgId.count), transient)
1398 |         }

/private/tmp/board1-rc15-preparatory-46903cd0-xke1sctz/rod-worktrees/wt_T56-RC7-a-failed-wipe-is-not-resumable/ios/Packages/GodstoneFoundation/Tests/GodstoneMeshTests/SqliteMessageStoreTests.swift:1404:20: warning: result of call to 'withUnsafeBytes' is unused [#NoUsage]
1402 |         sqlite3_bind_int(stmt, 5, Int32(Priority.toFlags(.group)))
1403 |         sqlite3_bind_int(stmt, 6, Int32(Priority.group.rawValue))
1404 |         routingTag.withUnsafeBytes { r in
     |                    `- warning: result of call to 'withUnsafeBytes' is unused [#NoUsage]
1405 |             sqlite3_bind_blob(stmt, 7, r.baseAddress, Int32(routingTag.count), transient)
1406 |         }

/private/tmp/board1-rc15-preparatory-46903cd0-xke1sctz/rod-worktrees/wt_T56-RC7-a-failed-wipe-is-not-resumable/ios/Packages/GodstoneFoundation/Tests/GodstoneMeshTests/SqliteMessageStoreTests.swift:1408:17: warning: result of call to 'withUnsafeBytes' is unused [#NoUsage]
1406 |         }
1407 |         let payload = Data(repeating: 0, count: 8)
1408 |         payload.withUnsafeBytes { r in
     |                 `- warning: result of call to 'withUnsafeBytes' is unused [#NoUsage]
1409 |             sqlite3_bind_blob(stmt, 8, r.baseAddress, Int32(payload.count), transient)
1410 |         }

/private/tmp/board1-rc15-preparatory-46903cd0-xke1sctz/rod-worktrees/wt_T56-RC7-a-failed-wipe-is-not-resumable/ios/Packages/GodstoneFoundation/Tests/GodstoneMeshTests/SqliteMessageStoreTests.swift:1450:22: warning: weak variable 'weakW' was never mutated; consider changing to 'let' constant [#VariableNeverMutated::WeakMutability]
1448 |             let w = LifetimeWitness()
1449 |             witnesses.append(w)
1450 |             weak var weakW = w
     |                      `- warning: weak variable 'weakW' was never mutated; consider changing to 'let' constant [#VariableNeverMutated::WeakMutability]
1451 |             weakBoxes.append { weakW }
1452 |             // EVERY LIFETIME RELEASETH ITS OWN REGISTRATION, as a runtime's teardown must: the law is that a

/private/tmp/board1-rc15-preparatory-46903cd0-xke1sctz/rod-worktrees/wt_T56-RC7-a-failed-wipe-is-not-resumable/ios/Packages/GodstoneFoundation/Tests/GodstoneMeshTests/SqliteMessageStoreTests.swift:1468:63: warning: mutation of captured var 'fired' in concurrently-executing code; this is an error in the Swift 6 language mode [#SendableClosureCaptures]
1466 |         let baseline = s.observerCensusForTest()
1467 |         var fired = 0
1468 |         let lease = try XCTUnwrap(s.registerHeldSetObserver { fired += 1 },
     |                                                               `- warning: mutation of captured var 'fired' in concurrently-executing code; this is an error in the Swift 6 language mode [#SendableClosureCaptures]
1469 |                                   "the real store must answer a RELEASABLE lease, not nil")
1470 |         XCTAssertEqual(s.observerCensusForTest(), baseline + 1)

/private/tmp/board1-rc15-preparatory-46903cd0-xke1sctz/rod-worktrees/wt_T56-RC7-a-failed-wipe-is-not-resumable/ios/Packages/GodstoneFoundation/Tests/GodstoneMeshTests/SqliteMessageStoreTests.swift:2004:13: warning: variable 'now' was never mutated; consider changing to 'let' constant [#VariableNeverMutated]
2002 |     func testGSSTORE004_retirementLeavethADurableTombstone() throws {
2003 |         let s = open(maxBytes: 8 * 1024 * 1024)
2004 |         var now: Int64 = 6_000_000
     |             `- warning: variable 'now' was never mutated; consider changing to 'let' constant [#VariableNeverMutated]
2005 |         s.receiptTimeProvider = { (monoMs: now, bootIdentity: "boot-A") }
2006 |         let f = frame(13, .direct, 48)

/private/tmp/board1-rc15-preparatory-46903cd0-xke1sctz/rod-worktrees/wt_T56-RC7-a-failed-wipe-is-not-resumable/ios/Packages/GodstoneFoundation/Tests/GodstoneMeshTests/TrustedHandshakeControllerTests.swift:44:16: warning: no calls to throwing functions occur within 'try' expression [#UnnecessaryEffectMarker]
  42 |         )
  43 |         let sig = try signingKey.signature(for: preimage)
  44 |         return try IdentityBindingV1(
     |                `- warning: no calls to throwing functions occur within 'try' expression [#UnnecessaryEffectMarker]
  45 |             generation: generation,
  46 |             signingPublicKey: signingKey.publicKey.rawRepresentation,

[#NoUsage]: <https://docs.swift.org/compiler/documentation/diagnostics/no-usage>
[#SendableClosureCaptures]: <https://docs.swift.org/compiler/documentation/diagnostics/sendable-closure-captures>
[#UnnecessaryEffectMarker]: <https://docs.swift.org/compiler/documentation/diagnostics/unnecessary-effect-marker>
[#VariableNeverMutated]: <https://docs.swift.org/compiler/documentation/diagnostics/variable-never-mutated>
[#WeakMutability]: <https://docs.swift.org/compiler/documentation/diagnostics/weak-mutability>
/private/tmp/board1-rc15-preparatory-46903cd0-xke1sctz/rod-worktrees/wt_T56-RC7-a-failed-wipe-is-not-resumable/ios/Packages/GodstoneFoundation/Tests/GodstoneMeshTests/GsFinal004OwnedConnectionTests.swift:364:26: warning: no calls to throwing functions occur within 'try' expression [#UnnecessaryEffectMarker]
 362 |         // *** ADOPT IT, RUN REAL WORK, AND REQUIRE THE WORK TO HAVE LANDED ON THAT TABLE. ***
 363 |         let store = SqliteMessageStore(verifiedConnection: owned, maxBytes: 64 * 1024 * 1024)
 364 |         XCTAssertNoThrow(try store.allHeldMsgIds(),
     |                          `- warning: no calls to throwing functions occur within 'try' expression [#UnnecessaryEffectMarker]
 365 |                          "the store's own query must succeed through the provider table")
 366 |         XCTAssertGreaterThan(

/private/tmp/board1-rc15-preparatory-46903cd0-xke1sctz/rod-worktrees/wt_T56-RC7-a-failed-wipe-is-not-resumable/ios/Packages/GodstoneFoundation/Tests/GodstoneMeshTests/GsFinal004OwnedConnectionTests.swift:386:26: warning: no calls to throwing functions occur within 'try' expression [#UnnecessaryEffectMarker]
 384 |         defer { try? FileManager.default.removeItem(at: plainURL) }
 385 |         let plain = SqliteMessageStore(url: plainURL, maxBytes: 64 * 1024 * 1024)
 386 |         XCTAssertNoThrow(try plain.allHeldMsgIds(), "the plain store must still work on its own table")
     |                          `- warning: no calls to throwing functions occur within 'try' expression [#UnnecessaryEffectMarker]
 387 |         XCTAssertEqual(
 388 |             gf004Counts().prepare, before,

/private/tmp/board1-rc15-preparatory-46903cd0-xke1sctz/rod-worktrees/wt_T56-RC7-a-failed-wipe-is-not-resumable/ios/Packages/GodstoneFoundation/Tests/GodstoneMeshTests/GsFinal004OwnedConnectionTests.swift:605:26: warning: no calls to throwing functions occur within 'try' expression [#UnnecessaryEffectMarker]
 603 | 
 604 |         // *** AND THE MIGRATIONS REALLY RAN, ON THAT SAME CONNECTION: the repository verbs answer against it. ***
 605 |         XCTAssertNoThrow(try store.allHeldMsgIds(),
     |                          `- warning: no calls to throwing functions occur within 'try' expression [#UnnecessaryEffectMarker]
 606 |                          "the repository's own query must succeed on the adopted connection, which is what proves "
 607 |                          + "migrations ran there rather than somewhere else")

/private/tmp/board1-rc15-preparatory-46903cd0-xke1sctz/rod-worktrees/wt_T56-RC7-a-failed-wipe-is-not-resumable/ios/Packages/GodstoneFoundation/Tests/GodstoneMeshTests/GsFinal004OwnedConnectionTests.swift:810:26: warning: no calls to throwing functions occur within 'try' expression [#UnnecessaryEffectMarker]
 808 |         // AND BOTH STORES REALLY WORK ON THEIR ADOPTED CONNECTIONS -- an identity match with a store that cannot
 809 |         // query would prove nothing.
 810 |         XCTAssertNoThrow(try runtime.messageStore.allHeldMsgIds(),
     |                          `- warning: no calls to throwing functions occur within 'try' expression [#UnnecessaryEffectMarker]
 811 |                          "the repository must answer on the adopted connection")
 812 |         // *** NONEMPTY DURABLE WORK THROUGH THE COMPOSITION, NOT MERELY A QUERYABLE HANDLE. ***

/private/tmp/board1-rc15-preparatory-46903cd0-xke1sctz/rod-worktrees/wt_T56-RC7-a-failed-wipe-is-not-resumable/ios/Packages/GodstoneFoundation/Tests/GodstoneMeshTests/GsFinal005MandatoryClockTests.swift:149:21: warning: no calls to throwing functions occur within 'try' expression [#UnnecessaryEffectMarker]
147 |     func testGSFINAL005_theControlClockIsMonotonicAndNotWallTime() throws {
148 |         let url = tempUrl("controlclock")
149 |         let store = try SqliteMessageStore(url: url, maxBytes: 8 * 1024 * 1024)
    |                     `- warning: no calls to throwing functions occur within 'try' expression [#UnnecessaryEffectMarker]
150 |         let identity = try MeshIdentity.generateAndStore(keychain: InMemoryKeychain())
151 |         let tracker = DeliveryTracker(

/private/tmp/board1-rc15-preparatory-46903cd0-xke1sctz/rod-worktrees/wt_T56-RC7-a-failed-wipe-is-not-resumable/ios/Packages/GodstoneFoundation/Tests/GodstoneMeshTests/GsIntegration001CrossPlatformWorkerTests.swift:878:17: warning: using '_' to ignore the result of a Void-returning function is redundant
 876 |                 let request = RealTransportHostRig.HostRequest(
 877 |                     pinnedCentral: rig.centralPresent(handle), uuid: uuid, value: rec.payload)
 878 |                 _ = node.ble.processPeripheralReceiveWrite(
     |                 `- warning: using '_' to ignore the result of a Void-returning function is redundant
 879 |                     manager, requests: [unsafeBitCast(request, to: CBATTRequest.self)],
 880 |                     sourceEpoch: node.ble.currentTransportEpoch)

/private/tmp/board1-rc15-preparatory-46903cd0-xke1sctz/rod-worktrees/wt_T56-RC7-a-failed-wipe-is-not-resumable/ios/Packages/GodstoneFoundation/Tests/GodstoneMeshTests/GsIntegration001RealTransportTests.swift:1631:17: warning: capture of 'r' with non-Sendable type 'RealTransportHostRig' in a '@Sendable' closure [#SendableClosureCaptures]
1629 |             let tornDown = DispatchSemaphore(value: 0)
1630 |             DispatchQueue.global().async {
1631 |                 r.tearDown()
     |                 `- warning: capture of 'r' with non-Sendable type 'RealTransportHostRig' in a '@Sendable' closure [#SendableClosureCaptures]
1632 |                 tornDown.signal()
1633 |             }

GodstoneMesh.RealTransportHostRig:1:20: note: class 'RealTransportHostRig' does not conform to the 'Sendable' protocol
 1 | final public class RealTransportHostRig {
   |                    `- note: class 'RealTransportHostRig' does not conform to the 'Sendable' protocol
 2 |     public struct WireWrite : Sendable, Equatable {
 3 |         public let from: String

/private/tmp/board1-rc15-preparatory-46903cd0-xke1sctz/rod-worktrees/wt_T56-RC7-a-failed-wipe-is-not-resumable/ios/Packages/GodstoneFoundation/Tests/GodstoneMeshTests/GsIntegration001RealTransportTests.swift:6:11: warning: add '@preconcurrency' to suppress 'Sendable'-related warnings from module 'GodstoneMesh' [#AddPreconcurrencyImport]
   4 | import ObjectiveC
   5 | @testable import GodstoneCore
   6 | @testable import GodstoneMesh
     |           `- warning: add '@preconcurrency' to suppress 'Sendable'-related warnings from module 'GodstoneMesh' [#AddPreconcurrencyImport]
   7 | 
   8 | /// GS-INTEGRATION-001: The harness court standing on the real transport.

/private/tmp/board1-rc15-preparatory-46903cd0-xke1sctz/rod-worktrees/wt_T56-RC7-a-failed-wipe-is-not-resumable/ios/Packages/GodstoneFoundation/Tests/GodstoneMeshTests/GsIntegration001ScenarioTests.swift:172:25: warning: no calls to throwing functions occur within 'try' expression [#UnnecessaryEffectMarker]
170 |             return XCTFail("the stranger-bound initiator must still form its first counsel")
171 |         }
172 |         guard let hs2 = try? responder.responderProcessMessage1AndWriteMessage2(hs1: hs1) else {
    |                         `- warning: no calls to throwing functions occur within 'try' expression [#UnnecessaryEffectMarker]
173 |             return XCTFail("the production responder must answer the honest HS1 -- its gates are not the subject here")
174 |         }

/private/tmp/board1-rc15-preparatory-46903cd0-xke1sctz/rod-worktrees/wt_T56-RC7-a-failed-wipe-is-not-resumable/ios/Packages/GodstoneFoundation/Tests/GodstoneMeshTests/GsIntegration001ScenarioTests.swift:405:13: warning: initialization of immutable value 'initiator' was never used; consider replacing with assignment to '_' or removing it [#NoUsage]
403 |         let link = try r.link("alice", "bob")
404 | 
405 |         let initiator = try XCTUnwrap(r.opener(of: "alice", "bob"), "the initiator of the alice--bob exchange")
    |             `- warning: initialization of immutable value 'initiator' was never used; consider replacing with assignment to '_' or removing it [#NoUsage]
406 |         XCTAssertTrue(
407 |             r.waitUntil { r.isLinkReady(link) },

/private/tmp/board1-rc15-preparatory-46903cd0-xke1sctz/rod-worktrees/wt_T56-RC7-a-failed-wipe-is-not-resumable/ios/Packages/GodstoneFoundation/Tests/GodstoneMeshTests/GsStress001RealRuntimeDriverTests.swift:423:22: warning: mutation of captured var 'result' in concurrently-executing code; this is an error in the Swift 6 language mode [#SendableClosureCaptures]
 421 |         let worker = Thread {
 422 |             Task {
 423 |                 do { result = .success(try await body()) } catch { result = .failure(error) }
     |                      `- warning: mutation of captured var 'result' in concurrently-executing code; this is an error in the Swift 6 language mode [#SendableClosureCaptures]
 424 |                 sem.signal()
 425 |             }

/private/tmp/board1-rc15-preparatory-46903cd0-xke1sctz/rod-worktrees/wt_T56-RC7-a-failed-wipe-is-not-resumable/ios/Packages/GodstoneFoundation/Tests/GodstoneMeshTests/GsStress001RealRuntimeDriverTests.swift:423:68: warning: mutation of captured var 'result' in concurrently-executing code; this is an error in the Swift 6 language mode [#SendableClosureCaptures]
 421 |         let worker = Thread {
 422 |             Task {
 423 |                 do { result = .success(try await body()) } catch { result = .failure(error) }
     |                                                                    `- warning: mutation of captured var 'result' in concurrently-executing code; this is an error in the Swift 6 language mode [#SendableClosureCaptures]
 424 |                 sem.signal()
 425 |             }

/private/tmp/board1-rc15-preparatory-46903cd0-xke1sctz/rod-worktrees/wt_T56-RC7-a-failed-wipe-is-not-resumable/ios/Packages/GodstoneFoundation/Tests/GodstoneMeshTests/GsStress001RealRuntimeTests.swift:596:13: warning: initialization of variable 'maxHeld' was never used; consider replacing with assignment to '_' or removing it [#NoUsage]
594 |         /// **THE FIX IS A COUNTER THE LOOP ITSELF INCREMENTS, asserted against `cycles`.** An early break now fails.
595 |         var stepsRun = 0
596 |         var maxHeld = 0
    |             `- warning: initialization of variable 'maxHeld' was never used; consider replacing with assignment to '_' or removing it [#NoUsage]
597 |         var maxDepthSeen = 0
598 | 

[#AddPreconcurrencyImport]: <https://docs.swift.org/compiler/documentation/diagnostics/add-preconcurrency-import>
[#NoUsage]: <https://docs.swift.org/compiler/documentation/diagnostics/no-usage>
[#SendableClosureCaptures]: <https://docs.swift.org/compiler/documentation/diagnostics/sendable-closure-captures>
[#UnnecessaryEffectMarker]: <https://docs.swift.org/compiler/documentation/diagnostics/unnecessary-effect-marker>
/private/tmp/board1-rc15-preparatory-46903cd0-xke1sctz/rod-worktrees/wt_T56-RC7-a-failed-wipe-is-not-resumable/ios/Packages/GodstoneFoundation/Tests/GodstoneMeshTests/ReadinessT36Tests.swift:538:13: warning: variable 'f' was never mutated; consider changing to 'let' constant [#VariableNeverMutated]
 536 |     /// rejections -- failure distinguished from empty/no-op success, nothing mutated.
 537 |     func testUnapprovedRecipientYieldsTypedDistinctRejections() async throws {
 538 |         var f = try fixture()
     |             `- warning: variable 'f' was never mutated; consider changing to 'let' constant [#VariableNeverMutated]
 539 |         let absent = bytesOf(61, 16)                       // never entered in the table
 540 |         let quarantineKey = bytesOf(62, 16)

/private/tmp/board1-rc15-preparatory-46903cd0-xke1sctz/rod-worktrees/wt_T56-RC7-a-failed-wipe-is-not-resumable/ios/Packages/GodstoneFoundation/Tests/GodstoneMeshTests/ReadinessT36Tests.swift:596:13: warning: variable 'f' was never mutated; consider changing to 'let' constant [#VariableNeverMutated]
 594 |     /// effect CAPTURED; the refused variant of the same path captured as ABSENCE end to end.
 595 |     func testFullCallPathCommandToSignedAck() async throws {
 596 |         var f = try fixture()
     |             `- warning: variable 'f' was never mutated; consider changing to 'let' constant [#VariableNeverMutated]
 597 |         let (bob, bobSeed, bobXPriv) = try identityWithMaterial(0x31, 0x41)
 598 |         try f.trust.approve(nodeId: bob.nodeId, signingPub: bob.signingPublicKey,

/private/tmp/board1-rc15-preparatory-46903cd0-xke1sctz/rod-worktrees/wt_T56-RC7-a-failed-wipe-is-not-resumable/ios/Packages/GodstoneFoundation/Tests/GodstoneMeshTests/ReadinessT36Tests.swift:654:13: warning: variable 'f2' was never mutated; consider changing to 'let' constant [#VariableNeverMutated]
 652 |                        "the row advanced to ACKNOWLEDGED_BY_RECIPIENT")
 653 |         // the refused variant of the same path: an unapproved recipient captures pure absence
 654 |         var f2 = try fixture(seedByte: 0x1A, xByte: 0x2B)
     |             `- warning: variable 'f2' was never mutated; consider changing to 'let' constant [#VariableNeverMutated]
 655 |         let stranger = bytesOf(99, 16)                     // never approved anywhere
 656 |         let refused2 = await f2.authority.sendDirect(try cmd(bytesOf(98, 16), stranger, ascii("nowhere")))

/private/tmp/board1-rc15-preparatory-46903cd0-xke1sctz/rod-worktrees/wt_T56-RC7-a-failed-wipe-is-not-resumable/ios/Packages/GodstoneFoundation/Tests/GodstoneMeshTests/ReadinessT36Tests.swift:872:21: warning: no calls to throwing functions occur within 'try' expression [#UnnecessaryEffectMarker]
 870 |         defer { try? FileManager.default.removeItem(at: url) }
 871 | 
 872 |         let store = try SqliteMessageStore(url: url, maxBytes: 64 * 1024 * 1024)
     |                     `- warning: no calls to throwing functions occur within 'try' expression [#UnnecessaryEffectMarker]
 873 |         defer { store.close() }
 874 |         let journal = SqliteOutboundIntentJournal(store: store)

/private/tmp/board1-rc15-preparatory-46903cd0-xke1sctz/rod-worktrees/wt_T56-RC7-a-failed-wipe-is-not-resumable/ios/Packages/GodstoneFoundation/Tests/GodstoneMeshTests/ReadinessT36Tests.swift:1029:21: warning: no calls to throwing functions occur within 'try' expression [#UnnecessaryEffectMarker]
1027 | 
1028 |         // WRITE THROUGH THE REAL MEDIUM.
1029 |         let first = try SqliteMessageStore(url: url, maxBytes: 64 * 1024 * 1024)
     |                     `- warning: no calls to throwing functions occur within 'try' expression [#UnnecessaryEffectMarker]
1030 |         let firstJournal = SqliteOutboundIntentJournal(store: first)
1031 |         XCTAssertEqual(firstJournal.insertIfAbsent(entry), .stored, "the first insert must take the token's row")

/private/tmp/board1-rc15-preparatory-46903cd0-xke1sctz/rod-worktrees/wt_T56-RC7-a-failed-wipe-is-not-resumable/ios/Packages/GodstoneFoundation/Tests/GodstoneMeshTests/ReadinessT36Tests.swift:1040:24: warning: no calls to throwing functions occur within 'try' expression [#UnnecessaryEffectMarker]
1038 |         // *** DISCARD THE STORE ENTIRELY AND REOPEN IT FROM THE SAME PATH. ***
1039 |         first.close()
1040 |         let reopened = try SqliteMessageStore(url: url, maxBytes: 64 * 1024 * 1024)
     |                        `- warning: no calls to throwing functions occur within 'try' expression [#UnnecessaryEffectMarker]
1041 |         let secondJournal = SqliteOutboundIntentJournal(store: reopened)
1042 | 

/private/tmp/board1-rc15-preparatory-46903cd0-xke1sctz/rod-worktrees/wt_T56-RC7-a-failed-wipe-is-not-resumable/ios/Packages/GodstoneFoundation/Tests/GodstoneMeshTests/ReadinessT36Tests.swift:1308:13: warning: initialization of immutable value 'result' was never used; consider replacing with assignment to '_' or removing it [#NoUsage]
1306 | 
1307 |         let token = bytesOf(41, 16)
1308 |         let result = await authority.sendDirect(try cmd(token, peer.nodeId, ascii("advance boundary")))
     |             `- warning: initialization of immutable value 'result' was never used; consider replacing with assignment to '_' or removing it [#NoUsage]
1309 | 
1310 |         XCTAssertTrue(

/private/tmp/board1-rc15-preparatory-46903cd0-xke1sctz/rod-worktrees/wt_T56-RC7-a-failed-wipe-is-not-resumable/ios/Packages/GodstoneFoundation/Tests/GodstoneMeshTests/ReadinessT36Tests.swift:1403:26: warning: no calls to throwing functions occur within 'try' expression [#UnnecessaryEffectMarker]
1401 |         defer { try? FileManager.default.removeItem(at: root) }
1402 |         // *** IOS-R10: THE NODES OWN REAL DURABLE STORES, SO THE INTENT LIVES WHERE THE NODE WRITETH IT. ***
1403 |         let aliceStore = try SqliteMessageStore(url: root.appendingPathComponent("alice.db"), maxBytes: 64 * 1024 * 1024)
     |                          `- warning: no calls to throwing functions occur within 'try' expression [#UnnecessaryEffectMarker]
1404 |         let harness = ComposedRuntimeHarness()
1405 |         _ = try harness.addNode("alice", seedByte: 0x11, durableStore: aliceStore)

/private/tmp/board1-rc15-preparatory-46903cd0-xke1sctz/rod-worktrees/wt_T56-RC7-a-failed-wipe-is-not-resumable/ios/Packages/GodstoneFoundation/Tests/GodstoneMeshTests/ReadinessT36Tests.swift:1423:24: warning: no calls to throwing functions occur within 'try' expression [#UnnecessaryEffectMarker]
1421 | 
1422 |         // *** AND NOW THE CLAUSE'S OWN SECOND HALF: REOPEN THE STORE FROM THE SAME PATH AND FIND THE INTENT. ***
1423 |         let reopened = try SqliteMessageStore(url: storeURL, maxBytes: 64 * 1024 * 1024)
     |                        `- warning: no calls to throwing functions occur within 'try' expression [#UnnecessaryEffectMarker]
1424 |         let journal = SqliteOutboundIntentJournal(store: reopened)
1425 |         guard case let .found(back) = journal.load(intentId) else {

/private/tmp/board1-rc15-preparatory-46903cd0-xke1sctz/rod-worktrees/wt_T56-RC7-a-failed-wipe-is-not-resumable/ios/Packages/GodstoneFoundation/Tests/GodstoneMeshTests/ReadinessT36Tests.swift:1452:26: warning: no calls to throwing functions occur within 'try' expression [#UnnecessaryEffectMarker]
1450 |         try FileManager.default.createDirectory(at: root, withIntermediateDirectories: true)
1451 |         defer { try? FileManager.default.removeItem(at: root) }
1452 |         let aliceStore = try SqliteMessageStore(url: root.appendingPathComponent("alice.db"), maxBytes: 64 * 1024 * 1024)
     |                          `- warning: no calls to throwing functions occur within 'try' expression [#UnnecessaryEffectMarker]
1453 |         let harness = ComposedRuntimeHarness()
1454 |         _ = try harness.addNode("alice", seedByte: 0x51, durableStore: aliceStore)

/private/tmp/board1-rc15-preparatory-46903cd0-xke1sctz/rod-worktrees/wt_T56-RC7-a-failed-wipe-is-not-resumable/ios/Packages/GodstoneFoundation/Tests/GodstoneMeshTests/ReadinessT36Tests.swift:1489:24: warning: no calls to throwing functions occur within 'try' expression [#UnnecessaryEffectMarker]
1487 | 
1488 |         // *** AND NOW A NEW PROCESS: NOTHING BUT THE PATH SURVIVES. ***
1489 |         let reopened = try SqliteMessageStore(url: storeURL, maxBytes: 64 * 1024 * 1024)
     |                        `- warning: no calls to throwing functions occur within 'try' expression [#UnnecessaryEffectMarker]
1490 |         let journal = SqliteOutboundIntentJournal(store: reopened)
1491 |         guard case let .found(back) = journal.load(intentId) else {

/private/tmp/board1-rc15-preparatory-46903cd0-xke1sctz/rod-worktrees/wt_T56-RC7-a-failed-wipe-is-not-resumable/ios/Packages/GodstoneFoundation/Tests/GodstoneMeshTests/ReadinessT36Tests.swift:1540:26: warning: no calls to throwing functions occur within 'try' expression [#UnnecessaryEffectMarker]
1538 |         try FileManager.default.createDirectory(at: root, withIntermediateDirectories: true)
1539 |         defer { try? FileManager.default.removeItem(at: root) }
1540 |         let aliceStore = try SqliteMessageStore(url: root.appendingPathComponent("alice.db"), maxBytes: 64 * 1024 * 1024)
     |                          `- warning: no calls to throwing functions occur within 'try' expression [#UnnecessaryEffectMarker]
1541 |         let harness = ComposedRuntimeHarness()
1542 |         _ = try harness.addNode("alice", seedByte: 0x31, durableStore: aliceStore)

/private/tmp/board1-rc15-preparatory-46903cd0-xke1sctz/rod-worktrees/wt_T56-RC7-a-failed-wipe-is-not-resumable/ios/Packages/GodstoneFoundation/Tests/GodstoneMeshTests/ReadinessT36Tests.swift:1558:61: warning: no calls to throwing functions occur within 'try' expression [#UnnecessaryEffectMarker]
1556 |         // THE ROW MUST STAND **BEFORE** THE WIPE, OR THE ARM PROVES NOTHING (round 460's law: establish the subject was present).
1557 |         do {
1558 |             let before = SqliteOutboundIntentJournal(store: try SqliteMessageStore(url: storeURL, maxBytes: 64 * 1024 * 1024))
     |                                                             `- warning: no calls to throwing functions occur within 'try' expression [#UnnecessaryEffectMarker]
1559 |             guard case .found = before.load(intentId) else {
1560 |                 XCTFail("the pinned intent must stand BEFORE the wipe, or this arm measures nothing"); return

/private/tmp/board1-rc15-preparatory-46903cd0-xke1sctz/rod-worktrees/wt_T56-RC7-a-failed-wipe-is-not-resumable/ios/Packages/GodstoneFoundation/Tests/GodstoneMeshTests/ReadinessT36Tests.swift:1569:59: warning: no calls to throwing functions occur within 'try' expression [#UnnecessaryEffectMarker]
1567 | 
1568 |         // *** AND THE CLAUSE: THE INTENT MUST BE GONE. ***
1569 |         let reopened = SqliteOutboundIntentJournal(store: try SqliteMessageStore(url: storeURL, maxBytes: 64 * 1024 * 1024))
     |                                                           `- warning: no calls to throwing functions occur within 'try' expression [#UnnecessaryEffectMarker]
1570 |         if case .found = reopened.load(intentId) {
1571 |             XCTFail("*** GS-INTEGRATION-001: THE WIPE MUST REACH THE REAL OWNER -- THE DURABLE INTENT STILL STANDS AFTER beginWipe() ***")

/private/tmp/board1-rc15-preparatory-46903cd0-xke1sctz/rod-worktrees/wt_T56-RC7-a-failed-wipe-is-not-resumable/ios/Packages/GodstoneFoundation/Tests/GodstoneMeshTests/ReadinessT39Tests.swift:49:42: warning: no calls to throwing functions occur within 'try' expression [#UnnecessaryEffectMarker]
 47 |             x25519PrivateKey: Data(repeating: xByte, count: 32))
 48 |         let kc = InMemoryKeychain()
 49 |         kc.storage[MeshIdentity.v1Tag] = try state.encode()
    |                                          `- warning: no calls to throwing functions occur within 'try' expression [#UnnecessaryEffectMarker]
 50 |         return try MeshIdentity.loadFromKeychain(keychain: kc)
 51 |     }

/private/tmp/board1-rc15-preparatory-46903cd0-xke1sctz/rod-worktrees/wt_T56-RC7-a-failed-wipe-is-not-resumable/ios/Packages/GodstoneFoundation/Tests/GodstoneMeshTests/ReadinessT39Tests.swift:66:9: warning: no calls to throwing functions occur within 'try' expression [#UnnecessaryEffectMarker]
 64 |         payload: Data = Data((0..<200).map { UInt8(truncatingIfNeeded: $0 % 251) })
 65 |     ) throws -> FrameV2 {
 66 |         try FrameV2(type: type, msgId: msgId, routingTag: tag,
    |         `- warning: no calls to throwing functions occur within 'try' expression [#UnnecessaryEffectMarker]
 67 |                     ttl: 4, hopCount: 0, flags: flags, payload: payload)
 68 |     }

/private/tmp/board1-rc15-preparatory-46903cd0-xke1sctz/rod-worktrees/wt_T56-RC7-a-failed-wipe-is-not-resumable/ios/Packages/GodstoneFoundation/Tests/GodstoneMeshTests/ReadinessT39Tests.swift:758:65: warning: trailing closure in this context is confusable with the body of the statement; pass as a parenthesized argument to silence this warning
756 |         XCTAssertNotNil(node.activeSosSnapshot(), "the open gate must really admit the projection")
757 |         let mid = try XCTUnwrap(store.allHeldMsgIds().first)
758 |         if case .failed(let reason) = node.retrySos(msgId: mid) { _, _ in true } {
    |                                                                 `- warning: trailing closure in this context is confusable with the body of the statement; pass as a parenthesized argument to silence this warning
759 |             XCTAssertFalse(reason.contains("wipe"), "an OPEN gate must not produce a wipe refusal: \(reason)")
760 |         }

/private/tmp/board1-rc15-preparatory-46903cd0-xke1sctz/rod-worktrees/wt_T56-RC7-a-failed-wipe-is-not-resumable/ios/Packages/GodstoneFoundation/Tests/GodstoneMeshTests/ReadinessT40Tests.swift:240:42: warning: no calls to throwing functions occur within 'try' expression [#UnnecessaryEffectMarker]
 238 |             x25519PrivateKey: Data(repeating: xByte, count: 32))
 239 |         let kc = InMemoryKeychain()
 240 |         kc.storage[MeshIdentity.v1Tag] = try state.encode()
     |                                          `- warning: no calls to throwing functions occur within 'try' expression [#UnnecessaryEffectMarker]
 241 |         return try MeshIdentity.loadFromKeychain(keychain: kc)
 242 |     }

/private/tmp/board1-rc15-preparatory-46903cd0-xke1sctz/rod-worktrees/wt_T56-RC7-a-failed-wipe-is-not-resumable/ios/Packages/GodstoneFoundation/Tests/GodstoneMeshTests/ReadinessT40Tests.swift:599:13: warning: variable 'tnow' was never mutated; consider changing to 'let' constant [#VariableNeverMutated]
 597 |         let t = table()
 598 |         let store = InMemoryMessageStore()
 599 |         var tnow: Int64 = 1_000
     |             `- warning: variable 'tnow' was never mutated; consider changing to 'let' constant [#VariableNeverMutated]
 600 |         let authority = InventorySnapshotAuthority(store: store, monotonicNowMillis: { tnow })
 601 |         let owner = SyncControlOwner(store: store, authority: authority, monotonicNowMillis: { tnow }, localNodeId: peer(9))

/private/tmp/board1-rc15-preparatory-46903cd0-xke1sctz/rod-worktrees/wt_T56-RC7-a-failed-wipe-is-not-resumable/ios/Packages/GodstoneFoundation/Tests/GodstoneMeshTests/ReadinessT40Tests.swift:1057:13: warning: variable 'tnow' was never mutated; consider changing to 'let' constant [#VariableNeverMutated]
1055 |         let store = InMemoryMessageStore(maxBytes: 1_000)
1056 |         var ever = [Data]()
1057 |         var tnow: Int64 = 1_000
     |             `- warning: variable 'tnow' was never mutated; consider changing to 'let' constant [#VariableNeverMutated]
1058 |         let authority = InventorySnapshotAuthority(store: store, monotonicNowMillis: { tnow })
1059 |         for k in 0..<total {

/private/tmp/board1-rc15-preparatory-46903cd0-xke1sctz/rod-worktrees/wt_T56-RC7-a-failed-wipe-is-not-resumable/ios/Packages/GodstoneFoundation/Tests/GodstoneMeshTests/ReadinessT43Tests.swift:133:13: warning: immutable value 'i' was never used; consider replacing with '_' or removing it [#NoUsage]
131 |     private func authorAndOffer(_ r: Rig, _ recipient: Local, peers: Int = 1,
132 |                                 admitted: Bool = true) throws -> Data {
133 |         for i in 0..<peers { bringPeerUp(r.node, UUID()) }
    |             `- warning: immutable value 'i' was never used; consider replacing with '_' or removing it [#NoUsage]
134 |         let frame = directedFrame(r.nextSeed())
135 |         _ = r.node.dispatchDirect(frame, expectedRecipient: recipient.id.nodeId) { _, _ in admitted }

[#NoUsage]: <https://docs.swift.org/compiler/documentation/diagnostics/no-usage>
[#UnnecessaryEffectMarker]: <https://docs.swift.org/compiler/documentation/diagnostics/unnecessary-effect-marker>
[#VariableNeverMutated]: <https://docs.swift.org/compiler/documentation/diagnostics/variable-never-mutated>
/private/tmp/board1-rc15-preparatory-46903cd0-xke1sctz/rod-worktrees/wt_T56-RC7-a-failed-wipe-is-not-resumable/ios/Packages/GodstoneFoundation/Tests/GodstoneMeshTests/BoundRecipientKeyResolverTests.swift:31:23: warning: no calls to throwing functions occur within 'try' expression [#UnnecessaryEffectMarker]
 29 |         )
 30 |         let sig = try! signingKey.signature(for: preimage)
 31 |         let binding = try! IdentityBindingV1(
    |                       `- warning: no calls to throwing functions occur within 'try' expression [#UnnecessaryEffectMarker]
 32 |             generation: generation,
 33 |             signingPublicKey: signingKey.publicKey.rawRepresentation,

/private/tmp/board1-rc15-preparatory-46903cd0-xke1sctz/rod-worktrees/wt_T56-RC7-a-failed-wipe-is-not-resumable/ios/Packages/GodstoneFoundation/Tests/GodstoneMeshTests/CrashStartupResumeTests.swift:767:13: warning: initialization of immutable value 'outcome' was never used; consider replacing with assignment to '_' or removing it [#NoUsage]
 765 |         // DELETE. So the arm drives that rung, over the estate whose own init BINDETH the durable inventory, and then
 766 |         // opens the stores -- WHICH IS THE ORDER ITS NAME CLAIMS.**
 767 |         let outcome = try driveSanctionedRecoveryRoad(
     |             `- warning: initialization of immutable value 'outcome' was never used; consider replacing with assignment to '_' or removing it [#NoUsage]
 768 |             journal: journal, msgUrl: msgUrl, peerUrl: peerUrl,
 769 |             keychain: keychain, requestFresh: false)

/private/tmp/board1-rc15-preparatory-46903cd0-xke1sctz/rod-worktrees/wt_T56-RC7-a-failed-wipe-is-not-resumable/ios/Packages/GodstoneFoundation/Tests/GodstoneMeshTests/GsFinal003AdmissionPointTests.swift:40:13: warning: stored property 'allows' of 'Sendable'-conforming class 'SwitchableWipeGate' is mutable; this is an error in the Swift 6 language mode
 38 |     /// the coordinator (which GS-FINAL-002 already proved).
 39 |     private final class SwitchableWipeGate: WipeSensitiveUseGate {
 40 |         var allows: Bool
    |             `- warning: stored property 'allows' of 'Sendable'-conforming class 'SwitchableWipeGate' is mutable; this is an error in the Swift 6 language mode
 41 |         init(allows: Bool) { self.allows = allows }
 42 |         func allowsSensitiveUse() -> Bool { allows }

/private/tmp/board1-rc15-preparatory-46903cd0-xke1sctz/rod-worktrees/wt_T56-RC7-a-failed-wipe-is-not-resumable/ios/Packages/GodstoneFoundation/Tests/GodstoneMeshTests/GsFinal003RecoveryTopologyTests.swift:1490:13: warning: stored property 'dekProvider' of 'Sendable'-conforming struct 'OwnedArtifactEstate' contains non-Sendable type 'any PrivateStoreKeyProvider'; this is an error in the Swift 6 language mode
1488 |         let artifactPaths: [String: URL]
1489 |         var keychain: any LocalIdentityKeychain = RecoveryKeychain()
1490 |         var dekProvider: (any PrivateStoreKeyProvider)? = nil
     |             `- warning: stored property 'dekProvider' of 'Sendable'-conforming struct 'OwnedArtifactEstate' contains non-Sendable type 'any PrivateStoreKeyProvider'; this is an error in the Swift 6 language mode
1491 |         var liveTransport: TransportRuntimeSeam? { nil }
1492 |         var drain: () -> OwnerDrainResult = { .cold(reason: "the focused arm positively owns no live owner") }

GodstoneMesh.PrivateStoreKeyProvider:1:17: note: protocol 'PrivateStoreKeyProvider' does not conform to the 'Sendable' protocol
1 | public protocol PrivateStoreKeyProvider : AnyObject {
  |                 `- note: protocol 'PrivateStoreKeyProvider' does not conform to the 'Sendable' protocol
2 |     var dekByteCount: Int { get }
3 |     func fetchDEK(tag: String) throws -> GodstoneMesh.StoreDEK

/private/tmp/board1-rc15-preparatory-46903cd0-xke1sctz/rod-worktrees/wt_T56-RC7-a-failed-wipe-is-not-resumable/ios/Packages/GodstoneFoundation/Tests/GodstoneMeshTests/GsFinal003RecoveryTopologyTests.swift:4:11: warning: add '@preconcurrency' to suppress 'Sendable'-related warnings from module 'GodstoneMesh' [#AddPreconcurrencyImport]
   2 | import Foundation
   3 | import SQLite3
   4 | @testable import GodstoneMesh
     |           `- warning: add '@preconcurrency' to suppress 'Sendable'-related warnings from module 'GodstoneMesh' [#AddPreconcurrencyImport]
   5 | 
   6 | //  GS-FINAL-003 `true-recovery-topology`: THE TRUE PRE-PRIVATE RECOVERY, MEASURED AT ITS OWN SEAMS.

/private/tmp/board1-rc15-preparatory-46903cd0-xke1sctz/rod-worktrees/wt_T56-RC7-a-failed-wipe-is-not-resumable/ios/Packages/GodstoneFoundation/Tests/GodstoneMeshTests/GsFinal003RecoveryTopologyTests.swift:1492:13: warning: stored property 'drain' of 'Sendable'-conforming struct 'OwnedArtifactEstate' has non-Sendable type '() -> OwnerDrainResult'; this is an error in the Swift 6 language mode
1490 |         var dekProvider: (any PrivateStoreKeyProvider)? = nil
1491 |         var liveTransport: TransportRuntimeSeam? { nil }
1492 |         var drain: () -> OwnerDrainResult = { .cold(reason: "the focused arm positively owns no live owner") }
     |             |- warning: stored property 'drain' of 'Sendable'-conforming struct 'OwnedArtifactEstate' has non-Sendable type '() -> OwnerDrainResult'; this is an error in the Swift 6 language mode
     |             `- note: a function type must be marked '@Sendable' to conform to 'Sendable'
1493 |         func drainOwners() -> OwnerDrainResult { drain() }
1494 |     }

/private/tmp/board1-rc15-preparatory-46903cd0-xke1sctz/rod-worktrees/wt_T56-RC7-a-failed-wipe-is-not-resumable/ios/Packages/GodstoneFoundation/Tests/GodstoneMeshTests/GsFinal003RecoveryTopologyTests.swift:1564:17: warning: stored property 'dekProvider' of 'Sendable'-conforming struct 'LiveOwnerEstate' contains non-Sendable type 'any PrivateStoreKeyProvider'; this is an error in the Swift 6 language mode
1562 |             let artifactPaths: [String: URL]
1563 |             let keychain: any LocalIdentityKeychain = RecoveryKeychain()
1564 |             let dekProvider: (any PrivateStoreKeyProvider)? = nil
     |                 `- warning: stored property 'dekProvider' of 'Sendable'-conforming struct 'LiveOwnerEstate' contains non-Sendable type 'any PrivateStoreKeyProvider'; this is an error in the Swift 6 language mode
1565 |             var liveTransport: TransportRuntimeSeam? { nil }
1566 |             func drainOwners() -> OwnerDrainResult {

GodstoneMesh.PrivateStoreKeyProvider:1:17: note: protocol 'PrivateStoreKeyProvider' does not conform to the 'Sendable' protocol
1 | public protocol PrivateStoreKeyProvider : AnyObject {
  |                 `- note: protocol 'PrivateStoreKeyProvider' does not conform to the 'Sendable' protocol
2 |     var dekByteCount: Int { get }
3 |     func fetchDEK(tag: String) throws -> GodstoneMesh.StoreDEK

/private/tmp/board1-rc15-preparatory-46903cd0-xke1sctz/rod-worktrees/wt_T56-RC7-a-failed-wipe-is-not-resumable/ios/Packages/GodstoneFoundation/Tests/GodstoneMeshTests/GsFinal003RecoveryTopologyTests.swift:1604:17: warning: stored property 'dekProvider' of 'Sendable'-conforming struct 'LiveRadioEstate' contains non-Sendable type 'any PrivateStoreKeyProvider'; this is an error in the Swift 6 language mode
1602 |             let artifactPaths: [String: URL]
1603 |             let keychain: any LocalIdentityKeychain = RecoveryKeychain()
1604 |             let dekProvider: (any PrivateStoreKeyProvider)? = nil
     |                 `- warning: stored property 'dekProvider' of 'Sendable'-conforming struct 'LiveRadioEstate' contains non-Sendable type 'any PrivateStoreKeyProvider'; this is an error in the Swift 6 language mode
1605 |             var liveTransport: TransportRuntimeSeam? { NotDrainingTransport() }
1606 |             func drainOwners() -> OwnerDrainResult {

GodstoneMesh.PrivateStoreKeyProvider:1:17: note: protocol 'PrivateStoreKeyProvider' does not conform to the 'Sendable' protocol
1 | public protocol PrivateStoreKeyProvider : AnyObject {
  |                 `- note: protocol 'PrivateStoreKeyProvider' does not conform to the 'Sendable' protocol
2 |     var dekByteCount: Int { get }
3 |     func fetchDEK(tag: String) throws -> GodstoneMesh.StoreDEK

/private/tmp/board1-rc15-preparatory-46903cd0-xke1sctz/rod-worktrees/wt_T56-RC7-a-failed-wipe-is-not-resumable/ios/Packages/GodstoneFoundation/Tests/GodstoneMeshTests/GsFinal003RecoveryTopologyTests.swift:1806:17: warning: stored property 'dekProvider' of 'Sendable'-conforming class 'UndrainableEstate' contains non-Sendable type 'any PrivateStoreKeyProvider'; this is an error in the Swift 6 language mode
1804 |             let artifactPaths: [String: URL]
1805 |             let keychain: any LocalIdentityKeychain
1806 |             let dekProvider: (any PrivateStoreKeyProvider)?
     |                 `- warning: stored property 'dekProvider' of 'Sendable'-conforming class 'UndrainableEstate' contains non-Sendable type 'any PrivateStoreKeyProvider'; this is an error in the Swift 6 language mode
1807 |             var liveTransport: TransportRuntimeSeam? { nil }
1808 |             init(artifactPaths: [String: URL], keychain: any LocalIdentityKeychain,

GodstoneMesh.PrivateStoreKeyProvider:1:17: note: protocol 'PrivateStoreKeyProvider' does not conform to the 'Sendable' protocol
1 | public protocol PrivateStoreKeyProvider : AnyObject {
  |                 `- note: protocol 'PrivateStoreKeyProvider' does not conform to the 'Sendable' protocol
2 |     var dekByteCount: Int { get }
3 |     func fetchDEK(tag: String) throws -> GodstoneMesh.StoreDEK

[#AddPreconcurrencyImport]: <https://docs.swift.org/compiler/documentation/diagnostics/add-preconcurrency-import>
[#NoUsage]: <https://docs.swift.org/compiler/documentation/diagnostics/no-usage>
[#UnnecessaryEffectMarker]: <https://docs.swift.org/compiler/documentation/diagnostics/unnecessary-effect-marker>
/private/tmp/board1-rc15-preparatory-46903cd0-xke1sctz/rod-worktrees/wt_T56-RC7-a-failed-wipe-is-not-resumable/ios/Packages/GodstoneFoundation/Tests/GodstoneMeshTests/ReadinessT17Tests.swift:349:9: warning: using '_' to ignore the result of a Void-returning function is redundant
347 |         let req = CaptureRequest(centralId: centralId, pinnedCentral: pinned, value: bytes)
348 |         pins.append(req)
349 |         _ = bob.processPeripheralReceiveWrite(pm, requests: [unsafeBitCast(req, to: CBATTRequest.self)],
    |         `- warning: using '_' to ignore the result of a Void-returning function is redundant
350 |                                              sourceEpoch: bob.currentTransportEpoch)
351 |     }

/private/tmp/board1-rc15-preparatory-46903cd0-xke1sctz/rod-worktrees/wt_T56-RC7-a-failed-wipe-is-not-resumable/ios/Packages/GodstoneFoundation/Tests/GodstoneMeshTests/ReadinessT17Tests.swift:373:9: warning: using '_' to ignore the result of a Void-returning function is redundant
371 |                 ReadinessT17Tests.remoteLinkInfoStatic(hint: serviceDataHint)]
372 |         ]
373 |         _ = alice.processCentralDidDiscover(
    |         `- warning: using '_' to ignore the result of a Void-returning function is redundant
374 |             cm, peripheral: unsafeBitCast(capturePeer, to: CBPeripheral.self),
375 |             advertisementData: advRecord, rssi: NSNumber(value: -60),

/private/tmp/board1-rc15-preparatory-46903cd0-xke1sctz/rod-worktrees/wt_T56-RC7-a-failed-wipe-is-not-resumable/ios/Packages/GodstoneFoundation/Tests/GodstoneMeshTests/ReadinessT17Tests.swift:868:13: warning: initialization of variable 'bytesQueued' was never used; consider replacing with assignment to '_' or removing it [#NoUsage]
866 | 
867 |         var verdicts: [TransportResult] = []
868 |         var bytesQueued = 0
    |             `- warning: initialization of variable 'bytesQueued' was never used; consider replacing with assignment to '_' or removing it [#NoUsage]
869 |         for i in 0..<260 {
870 |             let verdict = alice.send(makeFrame([UInt8(i % 251) + 4]), to: peerId)

/private/tmp/board1-rc15-preparatory-46903cd0-xke1sctz/rod-worktrees/wt_T56-RC7-a-failed-wipe-is-not-resumable/ios/Packages/GodstoneFoundation/Tests/GodstoneMeshTests/ReadinessT19Tests.swift:349:9: warning: using '_' to ignore the result of a Void-returning function is redundant
 347 |         let req = CaptureRequest(centralId: centralId, pinnedCentral: pinned, value: bytes)
 348 |         pins.append(req)
 349 |         _ = bob.processPeripheralReceiveWrite(pm, requests: [unsafeBitCast(req, to: CBATTRequest.self)],
     |         `- warning: using '_' to ignore the result of a Void-returning function is redundant
 350 |                                              sourceEpoch: bob.currentTransportEpoch)
 351 |     }

/private/tmp/board1-rc15-preparatory-46903cd0-xke1sctz/rod-worktrees/wt_T56-RC7-a-failed-wipe-is-not-resumable/ios/Packages/GodstoneFoundation/Tests/GodstoneMeshTests/ReadinessT19Tests.swift:374:9: warning: using '_' to ignore the result of a Void-returning function is redundant
 372 |                 ReadinessT19Tests.remoteLinkInfoStatic(hint: serviceDataHint)]
 373 |         ]
 374 |         _ = alice.processCentralDidDiscover(
     |         `- warning: using '_' to ignore the result of a Void-returning function is redundant
 375 |             cm, peripheral: unsafeBitCast(capturePeer, to: CBPeripheral.self),
 376 |             advertisementData: advRecord, rssi: NSNumber(value: -60),

/private/tmp/board1-rc15-preparatory-46903cd0-xke1sctz/rod-worktrees/wt_T56-RC7-a-failed-wipe-is-not-resumable/ios/Packages/GodstoneFoundation/Tests/GodstoneMeshTests/ReadinessT19Tests.swift:946:13: warning: variable 'accepts' was never mutated; consider changing to 'let' constant [#VariableNeverMutated]
 944 |                                               remoteHint: pair.aliceIdentity.nodeHint)
 945 |         guard let pm = pmOpt else { XCTFail(why); return }
 946 |         var accepts = false
     |             `- warning: variable 'accepts' was never mutated; consider changing to 'let' constant [#VariableNeverMutated]
 947 |         pm.updateAnswer = { _ in accepts }
 948 |         let f = makeFrame([9, 8, 7, 6, 5, 4])

/private/tmp/board1-rc15-preparatory-46903cd0-xke1sctz/rod-worktrees/wt_T56-RC7-a-failed-wipe-is-not-resumable/ios/Packages/GodstoneFoundation/Tests/GodstoneMeshTests/ReadinessT19Tests.swift:1134:34: warning: immutable value 'res' was never used; consider replacing with '_' or removing it [#NoUsage]
1132 |         let writer = RecordWriter(connection: conn, relationKey: rk)
1133 |         let answer = writer.reserve(recordType: .data, clearLength: 120, capacity: 512)
1134 |         guard case .admitted(let res) = answer else {
     |                                  `- warning: immutable value 'res' was never used; consider replacing with '_' or removing it [#NoUsage]
1135 |             return XCTFail("the reservation must be admitted: \(answer)")
1136 |         }

/private/tmp/board1-rc15-preparatory-46903cd0-xke1sctz/rod-worktrees/wt_T56-RC7-a-failed-wipe-is-not-resumable/ios/Packages/GodstoneFoundation/Tests/GodstoneMeshTests/ReadinessT20Tests.swift:349:9: warning: using '_' to ignore the result of a Void-returning function is redundant
 347 |         let req = CaptureRequest(centralId: centralId, pinnedCentral: pinned, value: bytes)
 348 |         pins.append(req)
 349 |         _ = bob.processPeripheralReceiveWrite(pm, requests: [unsafeBitCast(req, to: CBATTRequest.self)],
     |         `- warning: using '_' to ignore the result of a Void-returning function is redundant
 350 |                                              sourceEpoch: bob.currentTransportEpoch)
 351 |     }

/private/tmp/board1-rc15-preparatory-46903cd0-xke1sctz/rod-worktrees/wt_T56-RC7-a-failed-wipe-is-not-resumable/ios/Packages/GodstoneFoundation/Tests/GodstoneMeshTests/ReadinessT20Tests.swift:373:9: warning: using '_' to ignore the result of a Void-returning function is redundant
 371 |                 ReadinessT20Tests.remoteLinkInfoStatic(hint: serviceDataHint)]
 372 |         ]
 373 |         _ = alice.processCentralDidDiscover(
     |         `- warning: using '_' to ignore the result of a Void-returning function is redundant
 374 |             cm, peripheral: unsafeBitCast(capturePeer, to: CBPeripheral.self),
 375 |             advertisementData: advRecord, rssi: NSNumber(value: -60),

/private/tmp/board1-rc15-preparatory-46903cd0-xke1sctz/rod-worktrees/wt_T56-RC7-a-failed-wipe-is-not-resumable/ios/Packages/GodstoneFoundation/Tests/GodstoneMeshTests/ReadinessT20Tests.swift:697:13: warning: result of call to 'publishRelation' is unused [#NoUsage]
 695 |         }
 696 |         let gen = bob.peripheralDriver?.getCentralGeneration(centralId) ?? 0
 697 |         bob.publishRelation(RelationKey(direction: .inboundPeripheral, peerId: centralId,
     |             `- warning: result of call to 'publishRelation' is unused [#NoUsage]
 698 |                                         generation: gen))
 699 |         XCTAssertTrue(bob.isRelationPublished(direction: .inboundPeripheral, peerId: centralId,

/private/tmp/board1-rc15-preparatory-46903cd0-xke1sctz/rod-worktrees/wt_T56-RC7-a-failed-wipe-is-not-resumable/ios/Packages/GodstoneFoundation/Tests/GodstoneMeshTests/ReadinessT20Tests.swift:777:13: warning: variable 'now' was never mutated; consider changing to 'let' constant [#VariableNeverMutated]
 775 |         defer { ReadinessTrustedPairing.tearDown(pair) }
 776 |         let centralId = pair.viaAlice
 777 |         var now = TimeInterval(1_700_000_000)
     |             `- warning: variable 'now' was never mutated; consider changing to 'let' constant [#VariableNeverMutated]
 778 |         let bob = BleTransport(identity: pair.bobIdentity, store: T17MessageStore(),
 779 |                                sessions: pair.bobManager, managerFactory: CaptureFactory(),

/private/tmp/board1-rc15-preparatory-46903cd0-xke1sctz/rod-worktrees/wt_T56-RC7-a-failed-wipe-is-not-resumable/ios/Packages/GodstoneFoundation/Tests/GodstoneMeshTests/ReadinessT20Tests.swift:808:13: warning: variable 'now' was never mutated; consider changing to 'let' constant [#VariableNeverMutated]
 806 |         defer { ReadinessTrustedPairing.tearDown(pair) }
 807 |         let centralId = pair.viaAlice
 808 |         var now = TimeInterval(1_700_000_000)
     |             `- warning: variable 'now' was never mutated; consider changing to 'let' constant [#VariableNeverMutated]
 809 |         let recorder = T17DelegateSpy()
 810 |         let bob = BleTransport(identity: pair.bobIdentity, store: T17MessageStore(),

/private/tmp/board1-rc15-preparatory-46903cd0-xke1sctz/rod-worktrees/wt_T56-RC7-a-failed-wipe-is-not-resumable/ios/Packages/GodstoneFoundation/Tests/GodstoneMeshTests/ReadinessT20Tests.swift:856:13: warning: variable 'now' was never mutated; consider changing to 'let' constant [#VariableNeverMutated]
 854 |         defer { ReadinessTrustedPairing.tearDown(pair) }
 855 |         let centralId = pair.viaAlice
 856 |         var now = TimeInterval(1_700_000_000)
     |             `- warning: variable 'now' was never mutated; consider changing to 'let' constant [#VariableNeverMutated]
 857 |         let recorder = T17DelegateSpy()
 858 |         let bob = BleTransport(identity: pair.bobIdentity, store: T17MessageStore(),

/private/tmp/board1-rc15-preparatory-46903cd0-xke1sctz/rod-worktrees/wt_T56-RC7-a-failed-wipe-is-not-resumable/ios/Packages/GodstoneFoundation/Tests/GodstoneMeshTests/ReadinessT20Tests.swift:906:13: warning: variable 'now' was never mutated; consider changing to 'let' constant [#VariableNeverMutated]
 904 |         defer { ReadinessTrustedPairing.tearDown(pair) }
 905 |         let centralId = pair.viaAlice
 906 |         var now = TimeInterval(1_700_000_000)
     |             `- warning: variable 'now' was never mutated; consider changing to 'let' constant [#VariableNeverMutated]
 907 |         let recorder = T17DelegateSpy()
 908 |         let bob = BleTransport(identity: pair.bobIdentity, store: T17MessageStore(),

/private/tmp/board1-rc15-preparatory-46903cd0-xke1sctz/rod-worktrees/wt_T56-RC7-a-failed-wipe-is-not-resumable/ios/Packages/GodstoneFoundation/Tests/GodstoneMeshTests/ReadinessT20Tests.swift:942:13: warning: variable 'now' was never mutated; consider changing to 'let' constant [#VariableNeverMutated]
 940 |         defer { ReadinessTrustedPairing.tearDown(pair) }
 941 |         let centralId = pair.viaAlice
 942 |         var now = TimeInterval(1_700_000_000)
     |             `- warning: variable 'now' was never mutated; consider changing to 'let' constant [#VariableNeverMutated]
 943 |         let bob = BleTransport(identity: pair.bobIdentity, store: T17MessageStore(),
 944 |                                sessions: pair.bobManager, managerFactory: CaptureFactory(),

/private/tmp/board1-rc15-preparatory-46903cd0-xke1sctz/rod-worktrees/wt_T56-RC7-a-failed-wipe-is-not-resumable/ios/Packages/GodstoneFoundation/Tests/GodstoneMeshTests/ReadinessT20Tests.swift:949:19: warning: value 'pm' was defined but never used; consider replacing with boolean test [#NoUsage]
 947 |                                        remoteHint: pair.aliceIdentity.nodeHint,
 948 |                                        leaseClock: { now })
 949 |         guard let pm = pm else { XCTFail("the responder never stood ready: " + why); return }
     |                   `- warning: value 'pm' was defined but never used; consider replacing with boolean test [#NoUsage]
 950 |         guard let conn = bob.connection(for: centralId) else {
 951 |             XCTFail("the responder has no connection"); return

/private/tmp/board1-rc15-preparatory-46903cd0-xke1sctz/rod-worktrees/wt_T56-RC7-a-failed-wipe-is-not-resumable/ios/Packages/GodstoneFoundation/Tests/GodstoneMeshTests/ReadinessT20Tests.swift:950:19: warning: value 'conn' was defined but never used; consider replacing with boolean test [#NoUsage]
 948 |                                        leaseClock: { now })
 949 |         guard let pm = pm else { XCTFail("the responder never stood ready: " + why); return }
 950 |         guard let conn = bob.connection(for: centralId) else {
     |                   `- warning: value 'conn' was defined but never used; consider replacing with boolean test [#NoUsage]
 951 |             XCTFail("the responder has no connection"); return
 952 |         }

/private/tmp/board1-rc15-preparatory-46903cd0-xke1sctz/rod-worktrees/wt_T56-RC7-a-failed-wipe-is-not-resumable/ios/Packages/GodstoneFoundation/Tests/GodstoneMeshTests/ReadinessT20Tests.swift:1016:13: warning: result of call to 'publishRelation' is unused [#NoUsage]
1014 |         guard let pm = pm else { XCTFail("the responder never stood ready: " + why); return }
1015 |         let gen = bob.peripheralDriver?.getCentralGeneration(centralId) ?? 0
1016 |         bob.publishRelation(RelationKey(direction: .inboundPeripheral, peerId: centralId,
     |             `- warning: result of call to 'publishRelation' is unused [#NoUsage]
1017 |                                         generation: gen))
1018 |         XCTAssertTrue(bob.isRelationPublished(direction: .inboundPeripheral, peerId: centralId,

/private/tmp/board1-rc15-preparatory-46903cd0-xke1sctz/rod-worktrees/wt_T56-RC7-a-failed-wipe-is-not-resumable/ios/Packages/GodstoneFoundation/Tests/GodstoneMeshTests/ReadinessT20Tests.swift:1007:13: warning: variable 'now' was never mutated; consider changing to 'let' constant [#VariableNeverMutated]
1005 |         defer { ReadinessTrustedPairing.tearDown(pair) }
1006 |         let centralId = pair.viaAlice
1007 |         var now = TimeInterval(1_700_000_000)
     |             `- warning: variable 'now' was never mutated; consider changing to 'let' constant [#VariableNeverMutated]
1008 |         let bob = BleTransport(identity: pair.bobIdentity, store: T17MessageStore(),
1009 |                                sessions: pair.bobManager, managerFactory: CaptureFactory(),

/private/tmp/board1-rc15-preparatory-46903cd0-xke1sctz/rod-worktrees/wt_T56-RC7-a-failed-wipe-is-not-resumable/ios/Packages/GodstoneFoundation/Tests/GodstoneMeshTests/ReadinessT20Tests.swift:1014:19: warning: value 'pm' was defined but never used; consider replacing with boolean test [#NoUsage]
1012 |                                        remoteHint: pair.aliceIdentity.nodeHint,
1013 |                                        leaseClock: { now })
1014 |         guard let pm = pm else { XCTFail("the responder never stood ready: " + why); return }
     |                   `- warning: value 'pm' was defined but never used; consider replacing with boolean test [#NoUsage]
1015 |         let gen = bob.peripheralDriver?.getCentralGeneration(centralId) ?? 0
1016 |         bob.publishRelation(RelationKey(direction: .inboundPeripheral, peerId: centralId,

/private/tmp/board1-rc15-preparatory-46903cd0-xke1sctz/rod-worktrees/wt_T56-RC7-a-failed-wipe-is-not-resumable/ios/Packages/GodstoneFoundation/Tests/GodstoneMeshTests/ReadinessT20Tests.swift:1053:13: warning: result of call to 'publishRelation' is unused [#NoUsage]
1051 |         }
1052 |         let gen = bob.peripheralDriver?.getCentralGeneration(centralId) ?? 0
1053 |         bob.publishRelation(RelationKey(direction: .inboundPeripheral, peerId: centralId,
     |             `- warning: result of call to 'publishRelation' is unused [#NoUsage]
1054 |                                         generation: gen))
1055 |         XCTAssertTrue(bob.isRelationPublished(direction: .inboundPeripheral, peerId: centralId,

/private/tmp/board1-rc15-preparatory-46903cd0-xke1sctz/rod-worktrees/wt_T56-RC7-a-failed-wipe-is-not-resumable/ios/Packages/GodstoneFoundation/Tests/GodstoneMeshTests/ReadinessT20Tests.swift:1085:13: warning: variable 'now' was never mutated; consider changing to 'let' constant [#VariableNeverMutated]
1083 |         defer { ReadinessTrustedPairing.tearDown(pair) }
1084 |         let centralId = pair.viaAlice
1085 |         var now = TimeInterval(1_700_000_000)
     |             `- warning: variable 'now' was never mutated; consider changing to 'let' constant [#VariableNeverMutated]
1086 |         let recorder = T17DelegateSpy()
1087 |         let bob = BleTransport(identity: pair.bobIdentity, store: T17MessageStore(),

/private/tmp/board1-rc15-preparatory-46903cd0-xke1sctz/rod-worktrees/wt_T56-RC7-a-failed-wipe-is-not-resumable/ios/Packages/GodstoneFoundation/Tests/GodstoneMeshTests/ReadinessT20Tests.swift:1150:14: warning: result of call to 'publishRelation' is unused [#NoUsage]
1148 |         }
1149 |         let genA = bobA.peripheralDriver?.getCentralGeneration(pairA.viaAlice) ?? 0
1150 |         bobA.publishRelation(RelationKey(direction: .inboundPeripheral, peerId: pairA.viaAlice,
     |              `- warning: result of call to 'publishRelation' is unused [#NoUsage]
1151 |                                          generation: genA))
1152 |         XCTAssertTrue(bobA.isRelationPublished(direction: .inboundPeripheral,

/private/tmp/board1-rc15-preparatory-46903cd0-xke1sctz/rod-worktrees/wt_T56-RC7-a-failed-wipe-is-not-resumable/ios/Packages/GodstoneFoundation/Tests/GodstoneMeshTests/ReadinessT20Tests.swift:1262:13: warning: variable 'now' was never mutated; consider changing to 'let' constant [#VariableNeverMutated]
1260 |         defer { ReadinessTrustedPairing.tearDown(pair) }
1261 |         let centralId = pair.viaAlice
1262 |         var now = TimeInterval(1_700_000_000)
     |             `- warning: variable 'now' was never mutated; consider changing to 'let' constant [#VariableNeverMutated]
1263 |         let bob = BleTransport(identity: pair.bobIdentity, store: T17MessageStore(),
1264 |                                sessions: pair.bobManager, managerFactory: CaptureFactory(),

/private/tmp/board1-rc15-preparatory-46903cd0-xke1sctz/rod-worktrees/wt_T56-RC7-a-failed-wipe-is-not-resumable/ios/Packages/GodstoneFoundation/Tests/GodstoneMeshTests/ReadinessT21Tests.swift:349:9: warning: using '_' to ignore the result of a Void-returning function is redundant
 347 |         let req = CaptureRequest(centralId: centralId, pinnedCentral: pinned, value: bytes)
 348 |         pins.append(req)
 349 |         _ = bob.processPeripheralReceiveWrite(pm, requests: [unsafeBitCast(req, to: CBATTRequest.self)],
     |         `- warning: using '_' to ignore the result of a Void-returning function is redundant
 350 |                                              sourceEpoch: bob.currentTransportEpoch)
 351 |     }

/private/tmp/board1-rc15-preparatory-46903cd0-xke1sctz/rod-worktrees/wt_T56-RC7-a-failed-wipe-is-not-resumable/ios/Packages/GodstoneFoundation/Tests/GodstoneMeshTests/ReadinessT21Tests.swift:374:9: warning: using '_' to ignore the result of a Void-returning function is redundant
 372 |                 ReadinessT21Tests.remoteLinkInfoStatic(hint: serviceDataHint)]
 373 |         ]
 374 |         _ = alice.processCentralDidDiscover(
     |         `- warning: using '_' to ignore the result of a Void-returning function is redundant
 375 |             cm, peripheral: unsafeBitCast(capturePeer, to: CBPeripheral.self),
 376 |             advertisementData: advRecord, rssi: NSNumber(value: -60),

/private/tmp/board1-rc15-preparatory-46903cd0-xke1sctz/rod-worktrees/wt_T56-RC7-a-failed-wipe-is-not-resumable/ios/Packages/GodstoneFoundation/Tests/GodstoneMeshTests/ReadinessT21Tests.swift:945:19: warning: value '_chain' was defined but never used; consider replacing with boolean test [#NoUsage]
 943 |         let r = try rigT21()
 944 |         defer { cleanup(r) }
 945 |         guard let _chain = try driveToReady(r) else { return }
     |                   `- warning: value '_chain' was defined but never used; consider replacing with boolean test [#NoUsage]
 946 |         let beforeData = r.capturePeer.writes
 947 |         let kindsBefore = beforeData.map { typeOfByte($0) }

/private/tmp/board1-rc15-preparatory-46903cd0-xke1sctz/rod-worktrees/wt_T56-RC7-a-failed-wipe-is-not-resumable/ios/Packages/GodstoneFoundation/Tests/GodstoneMeshTests/ReadinessT21Tests.swift:999:19: warning: value '_chain' was defined but never used; consider replacing with boolean test [#NoUsage]
 997 |         let censusA0 = r.alice.publishedRelationsForTest().count
 998 |         let censusB0 = r.bob.publishedRelationsForTest().count
 999 |         guard let _chain = try driveToReady(r) else { return }
     |                   `- warning: value '_chain' was defined but never used; consider replacing with boolean test [#NoUsage]
1000 |         XCTAssertTrue(waitUntil2 { !r.bobSpy.handshakeReadyPeers.isEmpty },
1001 |                       "the completion hook must note the trusted passage")

/private/tmp/board1-rc15-preparatory-46903cd0-xke1sctz/rod-worktrees/wt_T56-RC7-a-failed-wipe-is-not-resumable/ios/Packages/GodstoneFoundation/Tests/GodstoneMeshTests/ReadinessT22Tests.swift:347:9: warning: using '_' to ignore the result of a Void-returning function is redundant
 345 |         let req = CaptureRequest(centralId: centralId, pinnedCentral: pinned, value: bytes)
 346 |         pins.append(req)
 347 |         _ = bob.processPeripheralReceiveWrite(pm, requests: [unsafeBitCast(req, to: CBATTRequest.self)],
     |         `- warning: using '_' to ignore the result of a Void-returning function is redundant
 348 |                                              sourceEpoch: bob.currentTransportEpoch)
 349 |     }

/private/tmp/board1-rc15-preparatory-46903cd0-xke1sctz/rod-worktrees/wt_T56-RC7-a-failed-wipe-is-not-resumable/ios/Packages/GodstoneFoundation/Tests/GodstoneMeshTests/ReadinessT22Tests.swift:371:9: warning: using '_' to ignore the result of a Void-returning function is redundant
 369 |                 ReadinessT22Tests.remoteLinkInfoStatic(hint: serviceDataHint)]
 370 |         ]
 371 |         _ = alice.processCentralDidDiscover(
     |         `- warning: using '_' to ignore the result of a Void-returning function is redundant
 372 |             cm, peripheral: unsafeBitCast(capturePeer, to: CBPeripheral.self),
 373 |             advertisementData: advRecord, rssi: NSNumber(value: -60),

/private/tmp/board1-rc15-preparatory-46903cd0-xke1sctz/rod-worktrees/wt_T56-RC7-a-failed-wipe-is-not-resumable/ios/Packages/GodstoneFoundation/Tests/GodstoneMeshTests/ReadinessT22Tests.swift:748:23: warning: immutable value 'hs2' was never used; consider replacing with '_' or removing it [#NoUsage]
 746 |     func testTheResponderIsNotTrustedByTheFirstNorTheSecondAloneAndNoDATARidesTheStream() throws {
 747 |         let r = try rigT22()
 748 |         guard let (_, hs2) = try driveToAnswered(r) else { return }
     |                       `- warning: immutable value 'hs2' was never used; consider replacing with '_' or removing it [#NoUsage]
 749 |         XCTAssertEqual(r.bob.connection(for: r.handleA)?.state, .handshakeInProgress)
 750 |         XCTAssertFalse(r.pair.bobManager.isReady(r.handleA), "the first and second alone make no trust")

/private/tmp/board1-rc15-preparatory-46903cd0-xke1sctz/rod-worktrees/wt_T56-RC7-a-failed-wipe-is-not-resumable/ios/Packages/GodstoneFoundation/Tests/GodstoneMeshTests/ReadinessT22Tests.swift:988:13: warning: variable 'bobIdentity' was never mutated; consider changing to 'let' constant [#VariableNeverMutated]
 986 |         // right way: alice below bob. Search forward from the requested seed.
 987 |         var aliceIdentity = try ReadinessTrustedPairing.makeIdentity(seedByte: seedA, staticPrivByte: privA)
 988 |         var bobIdentity = try ReadinessTrustedPairing.makeIdentity(seedByte: seedB, staticPrivByte: privB)
     |             `- warning: variable 'bobIdentity' was never mutated; consider changing to 'let' constant [#VariableNeverMutated]
 989 |         var candidate = seedA
 990 |         while ReadinessTrustedPairing.hintOrder(aliceIdentity.nodeHint, bobIdentity.nodeHint) != .orderedAscending {

/private/tmp/board1-rc15-preparatory-46903cd0-xke1sctz/rod-worktrees/wt_T56-RC7-a-failed-wipe-is-not-resumable/ios/Packages/GodstoneFoundation/Tests/GodstoneMeshTests/ReadinessT22Tests.swift:1184:9: warning: using '_' to ignore the result of a Void-returning function is redundant
1182 |         let adv: [String: Any] = [CBAdvertisementDataServiceDataKey:
1183 |             [BleTransport.serviceUuid: ReadinessT22Tests.remoteLinkInfoStatic(hint: other)]]
1184 |         _ = r.alice.processCentralDidDiscover(
     |         `- warning: using '_' to ignore the result of a Void-returning function is redundant
1185 |             cm,
1186 |             peripheral: unsafeBitCast(r.capturePeer, to: CBPeripheral.self),

/private/tmp/board1-rc15-preparatory-46903cd0-xke1sctz/rod-worktrees/wt_T56-RC7-a-failed-wipe-is-not-resumable/ios/Packages/GodstoneFoundation/Tests/GodstoneMeshTests/ReadinessT23Tests.swift:291:9: warning: using '_' to ignore the result of a Void-returning function is redundant
 289 |         let req = CaptureRequest(centralId: centralId, pinnedCentral: pinned, value: bytes)
 290 |         pins.append(req)
 291 |         _ = bob.processPeripheralReceiveWrite(pm, requests: [unsafeBitCast(req, to: CBATTRequest.self)],
     |         `- warning: using '_' to ignore the result of a Void-returning function is redundant
 292 |                                             sourceEpoch: bob.currentTransportEpoch)
 293 |     }

/private/tmp/board1-rc15-preparatory-46903cd0-xke1sctz/rod-worktrees/wt_T56-RC7-a-failed-wipe-is-not-resumable/ios/Packages/GodstoneFoundation/Tests/GodstoneMeshTests/ReadinessT23Tests.swift:330:9: warning: using '_' to ignore the result of a Void-returning function is redundant
 328 |                 ReadinessT23Tests.remoteLinkInfoStatic(hint: serviceDataHint)]
 329 |         ]
 330 |         _ = alice.processCentralDidDiscover(
     |         `- warning: using '_' to ignore the result of a Void-returning function is redundant
 331 |             cm, peripheral: unsafeBitCast(capturePeer, to: CBPeripheral.self),
 332 |             advertisementData: advRecord, rssi: NSNumber(value: -60),

/private/tmp/board1-rc15-preparatory-46903cd0-xke1sctz/rod-worktrees/wt_T56-RC7-a-failed-wipe-is-not-resumable/ios/Packages/GodstoneFoundation/Tests/GodstoneMeshTests/ReadinessT23Tests.swift:545:62: warning: conditional downcast from 'ReadinessT23Tests.CapturePeripheralManager?' to 'ReadinessT23Tests.CapturePeripheralManager' does nothing
 543 |     /// The captures of the responders outlet towards the initiator.
 544 |     private func responderCaptures(_ r: T23Rig) -> [Data] {
 545 |         guard let mgr = r.bobFactory.peripheralManagers.last as? CapturePeripheralManager else { return [] }
     |                                                              `- warning: conditional downcast from 'ReadinessT23Tests.CapturePeripheralManager?' to 'ReadinessT23Tests.CapturePeripheralManager' does nothing
 546 |         return mgr.capturedUpdates.filter { $0.central == r.handleA }.map { $0.bytes }
 547 |     }

/private/tmp/board1-rc15-preparatory-46903cd0-xke1sctz/rod-worktrees/wt_T56-RC7-a-failed-wipe-is-not-resumable/ios/Packages/GodstoneFoundation/Tests/GodstoneMeshTests/ReadinessT23Tests.swift:554:47: warning: conditional downcast from 'ReadinessT23Tests.CapturePeripheralManager?' to 'ReadinessT23Tests.CapturePeripheralManager' does nothing
 552 |     }
 553 |     private func clearResponderCaptures(_ r: T23Rig) {
 554 |         (r.bobFactory.peripheralManagers.last as? CapturePeripheralManager)?.clearCaptured()
     |                                               `- warning: conditional downcast from 'ReadinessT23Tests.CapturePeripheralManager?' to 'ReadinessT23Tests.CapturePeripheralManager' does nothing
 555 |     }
 556 | 

/private/tmp/board1-rc15-preparatory-46903cd0-xke1sctz/rod-worktrees/wt_T56-RC7-a-failed-wipe-is-not-resumable/ios/Packages/GodstoneFoundation/Tests/GodstoneMeshTests/ReadinessT23Tests.swift:827:19: warning: value 'challenge' was defined but never used; consider replacing with boolean test [#NoUsage]
 825 |         // this rig no longer issueth one: it READETH the challenge the product put on the wire, and
 826 |         // every echo it thereafter crafteth is an answer to THAT challenge.
 827 |         guard let challenge = initiatorConnection(r)?.keyConfirmation.outstanding() else {
     |                   `- warning: value 'challenge' was defined but never used; consider replacing with boolean test [#NoUsage]
 828 |             XCTFail("the trusted-ready transition issued no challenge; ring: " + ringOf(r.alice)); return
 829 |         }

/private/tmp/board1-rc15-preparatory-46903cd0-xke1sctz/rod-worktrees/wt_T56-RC7-a-failed-wipe-is-not-resumable/ios/Packages/GodstoneFoundation/Tests/GodstoneMeshTests/ReadinessT23Tests.swift:904:19: warning: value 'challenge' was defined but never used; consider replacing with boolean test [#NoUsage]
 902 |         // this rig no longer issueth one: it READETH the challenge the product put on the wire, and
 903 |         // every echo it thereafter crafteth is an answer to THAT challenge.
 904 |         guard let challenge = initiatorConnection(r)?.keyConfirmation.outstanding() else {
     |                   `- warning: value 'challenge' was defined but never used; consider replacing with boolean test [#NoUsage]
 905 |             XCTFail("the trusted-ready transition issued no challenge; ring: " + ringOf(r.alice)); return
 906 |         }

/private/tmp/board1-rc15-preparatory-46903cd0-xke1sctz/rod-worktrees/wt_T56-RC7-a-failed-wipe-is-not-resumable/ios/Packages/GodstoneFoundation/Tests/GodstoneMeshTests/ReadinessT23Tests.swift:949:19: warning: value 'challenge' was defined but never used; consider replacing with boolean test [#NoUsage]
 947 |         // this rig no longer issueth one: it READETH the challenge the product put on the wire, and
 948 |         // every echo it thereafter crafteth is an answer to THAT challenge.
 949 |         guard let challenge = initiatorConnection(r)?.keyConfirmation.outstanding() else {
     |                   `- warning: value 'challenge' was defined but never used; consider replacing with boolean test [#NoUsage]
 950 |             XCTFail("the trusted-ready transition issued no challenge; ring: " + ringOf(r.alice)); return
 951 |         }

/private/tmp/board1-rc15-preparatory-46903cd0-xke1sctz/rod-worktrees/wt_T56-RC7-a-failed-wipe-is-not-resumable/ios/Packages/GodstoneFoundation/Tests/GodstoneMeshTests/ReadinessT23Tests.swift:988:19: warning: value 'challenge' was defined but never used; consider replacing with boolean test [#NoUsage]
 986 |         // this rig no longer issueth one: it READETH the challenge the product put on the wire, and
 987 |         // every echo it thereafter crafteth is an answer to THAT challenge.
 988 |         guard let challenge = initiatorConnection(r)?.keyConfirmation.outstanding() else {
     |                   `- warning: value 'challenge' was defined but never used; consider replacing with boolean test [#NoUsage]
 989 |             XCTFail("the trusted-ready transition issued no challenge; ring: " + ringOf(r.alice)); return
 990 |         }

/private/tmp/board1-rc15-preparatory-46903cd0-xke1sctz/rod-worktrees/wt_T56-RC7-a-failed-wipe-is-not-resumable/ios/Packages/GodstoneFoundation/Tests/GodstoneMeshTests/ReadinessT23Tests.swift:1107:19: warning: value 'challenge' was defined but never used; consider replacing with boolean test [#NoUsage]
1105 |         // this rig no longer issueth one: it READETH the challenge the product put on the wire, and
1106 |         // every echo it thereafter crafteth is an answer to THAT challenge.
1107 |         guard let challenge = initiatorConnection(r)?.keyConfirmation.outstanding() else {
     |                   `- warning: value 'challenge' was defined but never used; consider replacing with boolean test [#NoUsage]
1108 |             XCTFail("the trusted-ready transition issued no challenge; ring: " + ringOf(r.alice)); return
1109 |         }

[#NoUsage]: <https://docs.swift.org/compiler/documentation/diagnostics/no-usage>
[#VariableNeverMutated]: <https://docs.swift.org/compiler/documentation/diagnostics/variable-never-mutated>
/private/tmp/board1-rc15-preparatory-46903cd0-xke1sctz/rod-worktrees/wt_T56-RC7-a-failed-wipe-is-not-resumable/ios/Packages/GodstoneFoundation/Tests/GodstoneMeshTests/ReadinessT83Tests.swift:152:23: warning: result of call to 'runPendingOnce(_:fault:)' is unused [#NoUsage]
150 |         var raised = false
151 |         do {
152 |             try dying.runPendingOnce(8) { point in
    |                       `- warning: result of call to 'runPendingOnce(_:fault:)' is unused [#NoUsage]
153 |                 if point == "signing" { throw NSError(domain: "ReadinessT83", code: 1) }
154 |             }

/private/tmp/board1-rc15-preparatory-46903cd0-xke1sctz/rod-worktrees/wt_T56-RC7-a-failed-wipe-is-not-resumable/ios/Packages/GodstoneFoundation/Tests/GodstoneMeshTests/ReadinessT84Tests.swift:240:54: warning: no calls to throwing functions occur within 'try' expression [#UnnecessaryEffectMarker]
238 |             let batch = r.pump.nextBatch(Data(to.local.id.nodeId), now: now)
239 |             return batch.copies.map { copy in
240 |                 let verdict = to.dispatcher.dispatch(try! FrameV2.decode(copy.encodedFrame)!,
    |                                                      `- warning: no calls to throwing functions occur within 'try' expression [#UnnecessaryEffectMarker]
241 |                                                      receivedFrom: Data(r.local.id.nodeId))
242 |                 r.pump.onForwardOutcome(copy, peer: Data(to.local.id.nodeId), accepted: true, now: now)

/private/tmp/board1-rc15-preparatory-46903cd0-xke1sctz/rod-worktrees/wt_T56-RC7-a-failed-wipe-is-not-resumable/ios/Packages/GodstoneFoundation/Tests/GodstoneMeshTests/ReadinessT84Tests.swift:272:10: warning: no calls to throwing functions occur within 'try' expression [#UnnecessaryEffectMarker]
270 | 
271 |     private func heldFrames(_ store: InMemoryMessageStore) -> Int {
272 |         (try? store.allHeldMsgIds().count) ?? -1
    |          `- warning: no calls to throwing functions occur within 'try' expression [#UnnecessaryEffectMarker]
273 |     }
274 | 

/private/tmp/board1-rc15-preparatory-46903cd0-xke1sctz/rod-worktrees/wt_T56-RC7-a-failed-wipe-is-not-resumable/ios/Packages/GodstoneFoundation/Tests/GodstoneMeshTests/ReadinessT84Tests.swift:438:23: warning: no calls to throwing functions occur within 'try' expression [#UnnecessaryEffectMarker]
436 |         XCTAssertEqual(copy.ttl, ackRelayInitialTtl - 1)
437 |         XCTAssertEqual(copy.hopCount, 1)
438 |         let decoded = try FrameV2.decode(copy.encodedFrame)!
    |                       `- warning: no calls to throwing functions occur within 'try' expression [#UnnecessaryEffectMarker]
439 |         XCTAssertEqual(decoded.flags, 0)
440 |         XCTAssertEqual(decoded.payload.count, 80, "the 80-byte payload travelleth whole")

/private/tmp/board1-rc15-preparatory-46903cd0-xke1sctz/rod-worktrees/wt_T56-RC7-a-failed-wipe-is-not-resumable/ios/Packages/GodstoneFoundation/Tests/GodstoneMeshTests/ReadinessT84Tests.swift:601:47: warning: no calls to throwing functions occur within 'try' expression [#UnnecessaryEffectMarker]
599 |         XCTAssertEqual(batch.copies.count, 1)
600 |         guard let rebornCopy = firstCopy(batch, "the reborn copy") else { return }
601 |         let verdict = w.a.dispatcher.dispatch(try FrameV2.decode(rebornCopy.encodedFrame)!,
    |                                               `- warning: no calls to throwing functions occur within 'try' expression [#UnnecessaryEffectMarker]
602 |                                              receivedFrom: Data(w.r.local.id.nodeId))
603 |         XCTAssertTrue(verdict.accepted)

/private/tmp/board1-rc15-preparatory-46903cd0-xke1sctz/rod-worktrees/wt_T56-RC7-a-failed-wipe-is-not-resumable/ios/Packages/GodstoneFoundation/Tests/GodstoneMeshTests/ReadinessTrustedPairing.swift:164:5: warning: '@discardableResult' declared on a function returning 'Void' is unnecessary
162 |     /// CRYPTO-001: the entries are addressed by the relation's ADMISSION -- by default the one a
163 |     /// freshly started transport minteth for the first relation of that handle.
164 |     @discardableResult
    |     `- warning: '@discardableResult' declared on a function returning 'Void' is unnecessary
165 |     static func pairUp(_ pair: Pair, viaBob: UUID, viaAlice: UUID,
166 |                        aliceHint: Data, bobHint: Data,

/private/tmp/board1-rc15-preparatory-46903cd0-xke1sctz/rod-worktrees/wt_T56-RC7-a-failed-wipe-is-not-resumable/ios/Packages/GodstoneFoundation/Tests/GodstoneMeshTests/ReadinessTrustedPairing.swift:94:13: warning: variable 'bobIdentity' was never mutated; consider changing to 'let' constant [#VariableNeverMutated]
 92 |         // right way: alice below bob. Search forward from the requested seed.
 93 |         var aliceIdentity = try makeIdentity(seedByte: seedA, staticPrivByte: privA)
 94 |         var bobIdentity = try makeIdentity(seedByte: seedB, staticPrivByte: privB)
    |             `- warning: variable 'bobIdentity' was never mutated; consider changing to 'let' constant [#VariableNeverMutated]
 95 |         var candidate = seedA
 96 |         while ReadinessTrustedPairing.hintOrder(aliceIdentity.nodeHint, bobIdentity.nodeHint) != .orderedAscending {

[#NoUsage]: <https://docs.swift.org/compiler/documentation/diagnostics/no-usage>
[#UnnecessaryEffectMarker]: <https://docs.swift.org/compiler/documentation/diagnostics/unnecessary-effect-marker>
[#VariableNeverMutated]: <https://docs.swift.org/compiler/documentation/diagnostics/variable-never-mutated>
[67 / 69] GodstoneMeshTests-product
[70 / 74] LabMeshTests-product
[72 / 76] LabMeshTests-product
/private/tmp/board1-rc15-preparatory-46903cd0-xke1sctz/rod-worktrees/wt_T56-RC7-a-failed-wipe-is-not-resumable/ios/Packages/GodstoneFoundation/Tests/LabMeshTests/LabMeshAppTests.swift:88:24: warning: no calls to throwing functions occur within 'try' expression [#UnnecessaryEffectMarker]
 86 |         // over the caller-named medium still findeth EXACTLY THIS intent. Nothing of the authoring runtime is
 87 |         // consulted -- the medium alone answereth.
 88 |         let reopened = try SqliteMessageStore(url: storeURL, maxBytes: 64 * 1024 * 1024)
    |                        `- warning: no calls to throwing functions occur within 'try' expression [#UnnecessaryEffectMarker]
 89 |         let journal = SqliteOutboundIntentJournal(store: reopened)
 90 |         guard case .found = journal.load(intentId) else {

[#UnnecessaryEffectMarker]: <https://docs.swift.org/compiler/documentation/diagnostics/unnecessary-effect-marker>
[77 / 79] LabMeshTests-product
Build complete! (29.92 secs)
