Test Suite 'Selected tests' started at 2026-09-29 23:53:42.136.
Test Suite 'LabMeshTests.xctest' started at 2026-09-29 23:53:42.142.
Test Suite 'LabMeshTests.xctest' passed at 2026-09-29 23:53:42.142.
	 Executed 0 tests, with 0 failures (0 unexpected) in 0.000 (0.000) seconds
Test Suite 'Selected tests' passed at 2026-09-29 23:53:42.142.
	 Executed 0 tests, with 0 failures (0 unexpected) in 0.000 (0.006) seconds
Test Suite 'Selected tests' started at 2026-09-29 23:53:42.179.
Test Suite 'GodstoneMeshTests.xctest' started at 2026-09-29 23:53:42.185.
Test Suite 'ReadinessT60Tests' started at 2026-09-29 23:53:42.185.
Test Case '-[GodstoneMeshTests.ReadinessT60Tests testW01TheContractCarriethRequirementClasses]' started.
Test Case '-[GodstoneMeshTests.ReadinessT60Tests testW01TheContractCarriethRequirementClasses]' passed (0.000 seconds).
Test Case '-[GodstoneMeshTests.ReadinessT60Tests testW02ContrastIsComputedForReal]' started.
Test Case '-[GodstoneMeshTests.ReadinessT60Tests testW02ContrastIsComputedForReal]' passed (0.000 seconds).
Test Case '-[GodstoneMeshTests.ReadinessT60Tests testW03AnEssentialControlWithoutALabelIsRefused]' started.
Test Case '-[GodstoneMeshTests.ReadinessT60Tests testW03AnEssentialControlWithoutALabelIsRefused]' passed (0.000 seconds).
Test Case '-[GodstoneMeshTests.ReadinessT60Tests testW04AClippedStatusIsRefusedAtLargeText]' started.
Test Case '-[GodstoneMeshTests.ReadinessT60Tests testW04AClippedStatusIsRefusedAtLargeText]' passed (0.000 seconds).
Test Case '-[GodstoneMeshTests.ReadinessT60Tests testW05NoColourOnlyState]' started.
Test Case '-[GodstoneMeshTests.ReadinessT60Tests testW05NoColourOnlyState]' passed (0.000 seconds).
Test Case '-[GodstoneMeshTests.ReadinessT60Tests testW06TheTouchTargetMinimumsDifferByPlatform]' started.
Test Case '-[GodstoneMeshTests.ReadinessT60Tests testW06TheTouchTargetMinimumsDifferByPlatform]' passed (0.000 seconds).
Test Case '-[GodstoneMeshTests.ReadinessT60Tests testW07TheReadingOrderIsContiguousAndComplete]' started.
Test Case '-[GodstoneMeshTests.ReadinessT60Tests testW07TheReadingOrderIsContiguousAndComplete]' passed (0.000 seconds).
Test Case '-[GodstoneMeshTests.ReadinessT60Tests testW08RtlMirrorMayNotMoveAMeaning]' started.
Test Case '-[GodstoneMeshTests.ReadinessT60Tests testW08RtlMirrorMayNotMoveAMeaning]' passed (0.000 seconds).
Test Case '-[GodstoneMeshTests.ReadinessT60Tests testW09LongContentLocaleFixturesFit]' started.
Test Case '-[GodstoneMeshTests.ReadinessT60Tests testW09LongContentLocaleFixturesFit]' passed (0.000 seconds).
Test Case '-[GodstoneMeshTests.ReadinessT60Tests testW10TheRestorationCheckpointsDistinguishHumanChecks]' started.
Test Case '-[GodstoneMeshTests.ReadinessT60Tests testW10TheRestorationCheckpointsDistinguishHumanChecks]' passed (0.000 seconds).
Test Case '-[GodstoneMeshTests.ReadinessT60Tests testW11TheHoldGestureIsSpoken]' started.
Test Case '-[GodstoneMeshTests.ReadinessT60Tests testW11TheHoldGestureIsSpoken]' passed (0.000 seconds).
Test Case '-[GodstoneMeshTests.ReadinessT60Tests testW12TheWordsAreTheDurableVocabulary]' started.
Test Case '-[GodstoneMeshTests.ReadinessT60Tests testW12TheWordsAreTheDurableVocabulary]' passed (0.000 seconds).
Test Case '-[GodstoneMeshTests.ReadinessT60Tests testW13TheIslesShareTheirVocabularyAndEveryCheckRefusethByName]' started.
Test Case '-[GodstoneMeshTests.ReadinessT60Tests testW13TheIslesShareTheirVocabularyAndEveryCheckRefusethByName]' passed (0.001 seconds).
Test Suite 'ReadinessT60Tests' passed at 2026-09-29 23:53:42.188.
	 Executed 13 tests, with 0 failures (0 unexpected) in 0.002 (0.003) seconds
Test Suite 'GodstoneMeshTests.xctest' passed at 2026-09-29 23:53:42.188.
	 Executed 13 tests, with 0 failures (0 unexpected) in 0.002 (0.003) seconds
Test Suite 'Selected tests' passed at 2026-09-29 23:53:42.188.
	 Executed 13 tests, with 0 failures (0 unexpected) in 0.002 (0.009) seconds
Test Suite 'Selected tests' started at 2026-09-29 23:53:42.236.
Test Suite 'GodstoneCoreTests.xctest' started at 2026-09-29 23:53:42.242.
Test Suite 'GodstoneCoreTests.xctest' passed at 2026-09-29 23:53:42.242.
	 Executed 0 tests, with 0 failures (0 unexpected) in 0.000 (0.000) seconds
Test Suite 'Selected tests' passed at 2026-09-29 23:53:42.242.
	 Executed 0 tests, with 0 failures (0 unexpected) in 0.000 (0.006) seconds
Building for debugging...
[Pre-planning 1 / 211]
[Starting]
[53 / 116]
[54 / 117] GodstoneCore
[67 / 166]
[74 / 166]
[75 / 166]
[80 / 166]
[84 / 166]
[88 / 166]
[90 / 166]
[91 / 166]
/Users/oculus/.cache/godstone-mutation-worktrees/wt_T60-RC12-ios-the-touch-target-minimum-vanish/ios/Packages/GodstoneFoundation/Sources/GodstoneCore/ReleaseIntake.swift:58:16: [1;33mwarning: [1;39mstored property 'values' of 'Sendable'-conforming struct 'BundleMetadata' contains non-Sendable type 'Any'; this is an error in the Swift 6 language mode[0;0m
 [0;36m56 |[0;0m 
 [0;36m57 |[0;0m public struct BundleMetadata: Sendable {
 [0;36m58 |[0;0m     public let values: [String: Any]
    [0;36m|[0;0m                `- [1;33mwarning: [1;39mstored property 'values' of 'Sendable'-conforming struct 'BundleMetadata' contains non-Sendable type 'Any'; this is an error in the Swift 6 language mode[0;0m
 [0;36m59 |[0;0m 
 [0;36m60 |[0;0m     public init(values: [String: Any]) { self.values = values }
[103 / 166] GodstoneCore
/Users/oculus/.cache/godstone-mutation-worktrees/wt_T60-RC12-ios-the-touch-target-minimum-vanish/ios/Packages/GodstoneFoundation/Sources/GodstoneCore/ReleaseIntake.swift:58:16: [1;33mwarning: [1;39mstored property 'values' of 'Sendable'-conforming struct 'BundleMetadata' contains non-Sendable type 'Any'; this is an error in the Swift 6 language mode[0;0m
 [0;36m56 |[0;0m 
 [0;36m57 |[0;0m public struct BundleMetadata: Sendable {
 [0;36m58 |[0;0m     public let values: [String: Any]
    [0;36m|[0;0m                `- [1;33mwarning: [1;39mstored property 'values' of 'Sendable'-conforming struct 'BundleMetadata' contains non-Sendable type 'Any'; this is an error in the Swift 6 language mode[0;0m
 [0;36m59 |[0;0m 
 [0;36m60 |[0;0m     public init(values: [String: Any]) { self.values = values }
/Users/oculus/.cache/godstone-mutation-worktrees/wt_T60-RC12-ios-the-touch-target-minimum-vanish/ios/Packages/GodstoneFoundation/Sources/GodstoneCore/ArchiveRepository.swift:223:23: [1;33mwarning: [1;39mresult of call to 'withCString' is unused[0;0m [#]8;;https://docs.swift.org/compiler/documentation/diagnostics/no-usage\NoUsage]8;;\]
[0;36m221 |[0;0m             let bound = Int64(ArchiveSearchQuery.bound(limit))
[0;36m222 |[0;0m             return try run(sql, binds: { stmt in
[0;36m223 |[0;0m                 match.withCString [4;39m{ sqlite3_bind_text(stmt, 1, $0, -1, sqliteTransient) }[0;0m
    [0;36m|[0;0m                       `- [1;33mwarning: [1;39mresult of call to 'withCString' is unused[0;0m [#]8;;https://docs.swift.org/compiler/documentation/diagnostics/no-usage\NoUsage]8;;\]
[0;36m224 |[0;0m                 sqlite3_bind_int64(stmt, 2, bound)
[0;36m225 |[0;0m             }) { stmt in

/Users/oculus/.cache/godstone-mutation-worktrees/wt_T60-RC12-ios-the-touch-target-minimum-vanish/ios/Packages/GodstoneFoundation/Sources/GodstoneCore/ArchiveRepository.swift:240:62: [1;33mwarning: [1;39mleft side of nil coalescing operator '??' has non-optional type 'String', so the right side is never used[0;0m
[0;36m238 |[0;0m     public func versionString() throws -> String {
[0;36m239 |[0;0m         try run("SELECT sqlite_version()") { stmt in columnString(stmt, 0) }
[0;36m240 |[0;0m             .first ?? ([4;39mString(cString: sqlite3_libversion())[0;0m ?? "unknown")
    [0;36m|[0;0m                                                              `- [1;33mwarning: [1;39mleft side of nil coalescing operator '??' has non-optional type 'String', so the right side is never used[0;0m
[0;36m241 |[0;0m     }
[0;36m242 |[0;0m 

/Users/oculus/.cache/godstone-mutation-worktrees/wt_T60-RC12-ios-the-touch-target-minimum-vanish/ios/Packages/GodstoneFoundation/Sources/GodstoneCore/ArchiveRepository.swift:434:68: [1;33mwarning: [1;39mleft side of nil coalescing operator '??' has non-optional type 'String', so the right side is never used[0;0m
[0;36m432 |[0;0m         let flags = SQLITE_OPEN_READONLY | SQLITE_OPEN_FULLMUTEX
[0;36m433 |[0;0m         guard sqlite3_open_v2(path, &db, flags, nil) == SQLITE_OK else {
[0;36m434 |[0;0m             let why = db.map { [4;39mString(cString: sqlite3_errmsg($0))[0;0m ?? "?" } ?? "open refused"
    [0;36m|[0;0m                                                                    `- [1;33mwarning: [1;39mleft side of nil coalescing operator '??' has non-optional type 'String', so the right side is never used[0;0m
[0;36m435 |[0;0m             return refuse(db, .corrupt("the file at \(path) could not be opened read-only: \(why)"))
[0;36m436 |[0;0m         }

/Users/oculus/.cache/godstone-mutation-worktrees/wt_T60-RC12-ios-the-touch-target-minimum-vanish/ios/Packages/GodstoneFoundation/Sources/GodstoneCore/ArchiveRepository.swift:445:67: [1;33mwarning: [1;39mleft side of nil coalescing operator '??' has non-optional type 'String', so the right side is never used[0;0m
[0;36m443 |[0;0m             let rc = sqlite3_exec(handle, pragma, nil, nil, nil)
[0;36m444 |[0;0m             if rc != SQLITE_OK {
[0;36m445 |[0;0m                 let why = [4;39mString(cString: sqlite3_errmsg(handle))[0;0m ?? "rc \(rc)"
    [0;36m|[0;0m                                                                   `- [1;33mwarning: [1;39mleft side of nil coalescing operator '??' has non-optional type 'String', so the right side is never used[0;0m
[0;36m446 |[0;0m                 return refuse(handle, .readFailure("the seal \(pragma) would not seat: \(why)"))
[0;36m447 |[0;0m             }

/Users/oculus/.cache/godstone-mutation-worktrees/wt_T60-RC12-ios-the-touch-target-minimum-vanish/ios/Packages/GodstoneFoundation/Sources/GodstoneCore/ArchiveRepository.swift:489:59: [1;33mwarning: [1;39mleft side of nil coalescing operator '??' has non-optional type 'String', so the right side is never used[0;0m
[0;36m487 |[0;0m             return refuse(handle, .incompatible(ArchiveError.ftsUnavailable(fault).localizedDescription))
[0;36m488 |[0;0m         }
[0;36m489 |[0;0m         let stock = [4;39mString(cString: sqlite3_libversion())[0;0m ?? "unknown"
    [0;36m|[0;0m                                                           `- [1;33mwarning: [1;39mleft side of nil coalescing operator '??' has non-optional type 'String', so the right side is never used[0;0m
[0;36m490 |[0;0m         return (handle, .ready(origin: "file \(path) | sqlite \(stock) | read-only"))
[0;36m491 |[0;0m     }

/Users/oculus/.cache/godstone-mutation-worktrees/wt_T60-RC12-ios-the-touch-target-minimum-vanish/ios/Packages/GodstoneFoundation/Sources/GodstoneCore/ArchiveRepository.swift:503:28: [1;33mwarning: [1;39mresult of call to 'withCString' is unused[0;0m [#]8;;https://docs.swift.org/compiler/documentation/diagnostics/no-usage\NoUsage]8;;\]
[0;36m501 |[0;0m             sqlite3_finalize(stmt); return nil
[0;36m502 |[0;0m         }
[0;36m503 |[0;0m         if let bind { bind.withCString [4;39m{ sqlite3_bind_text(stmt, 1, $0, -1, sqliteTransient) }[0;0m }
    [0;36m|[0;0m                            `- [1;33mwarning: [1;39mresult of call to 'withCString' is unused[0;0m [#]8;;https://docs.swift.org/compiler/documentation/diagnostics/no-usage\NoUsage]8;;\]
[0;36m504 |[0;0m         var out: String?
[0;36m505 |[0;0m         if sqlite3_step(stmt) == SQLITE_ROW, let value = sqlite3_column_text(stmt, 0) {

/Users/oculus/.cache/godstone-mutation-worktrees/wt_T60-RC12-ios-the-touch-target-minimum-vanish/ios/Packages/GodstoneFoundation/Sources/GodstoneCore/ArchiveRepository.swift:531:64: [1;33mwarning: [1;39mleft side of nil coalescing operator '??' has non-optional type 'String', so the right side is never used[0;0m
[0;36m529 |[0;0m         for verse in verses {
[0;36m530 |[0;0m             if sqlite3_exec(mem, verse, nil, nil, nil) != SQLITE_OK {
[0;36m531 |[0;0m                 let why = [4;39mString(cString: sqlite3_errmsg(mem))[0;0m ?? "?"
    [0;36m|[0;0m                                                                `- [1;33mwarning: [1;39mleft side of nil coalescing operator '??' has non-optional type 'String', so the right side is never used[0;0m
[0;36m532 |[0;0m                 return "\(ellipsis(verse)) cried: \(why)"
[0;36m533 |[0;0m             }

/Users/oculus/.cache/godstone-mutation-worktrees/wt_T60-RC12-ios-the-touch-target-minimum-vanish/ios/Packages/GodstoneFoundation/Sources/GodstoneCore/ArchiveRepository.swift:538:60: [1;33mwarning: [1;39mleft side of nil coalescing operator '??' has non-optional type 'String', so the right side is never used[0;0m
[0;36m536 |[0;0m         guard sqlite3_prepare_v2(mem, "SELECT rowid FROM t48_canary WHERE t48_canary MATCH 'generate'",
[0;36m537 |[0;0m                                  -1, &stmt, nil) == SQLITE_OK else {
[0;36m538 |[0;0m             let why = [4;39mString(cString: sqlite3_errmsg(mem))[0;0m ?? "?"
    [0;36m|[0;0m                                                            `- [1;33mwarning: [1;39mleft side of nil coalescing operator '??' has non-optional type 'String', so the right side is never used[0;0m
[0;36m539 |[0;0m             sqlite3_finalize(stmt)
[0;36m540 |[0;0m             return "the stem match would not prepare: \(why)"

/Users/oculus/.cache/godstone-mutation-worktrees/wt_T60-RC12-ios-the-touch-target-minimum-vanish/ios/Packages/GodstoneFoundation/Sources/GodstoneCore/ArchiveRepository.swift:553:55: [1;33mwarning: [1;39mleft side of nil coalescing operator '??' has non-optional type 'String', so the right side is never used[0;0m
[0;36m551 |[0;0m         guard let db else { return "no handle" }
[0;36m552 |[0;0m         let code = sqlite3_errcode(db)
[0;36m553 |[0;0m         let msg = [4;39mString(cString: sqlite3_errmsg(db))[0;0m ?? "?"
    [0;36m|[0;0m                                                       `- [1;33mwarning: [1;39mleft side of nil coalescing operator '??' has non-optional type 'String', so the right side is never used[0;0m
[0;36m554 |[0;0m         return "errno \(code) errmsg \(msg)"
[0;36m555 |[0;0m     }

[#NoUsage]: <https://docs.swift.org/compiler/documentation/diagnostics/no-usage>
[112 / 167] GodstoneCore
[118 / 168] GodstoneMesh
[129 / 180] GodstoneMesh
[130 / 222]
[131 / 222]
[133 / 222]
[134 / 222]
/Users/oculus/.cache/godstone-mutation-worktrees/wt_T60-RC12-ios-the-touch-target-minimum-vanish/ios/Packages/GodstoneFoundation/Sources/GodstoneMesh/SosCommand.swift:44:16: [1;33mwarning: [1;39mstored property 'frame' of 'Sendable'-conforming struct 'ActiveSos' has non-Sendable type 'FrameV2'; this is an error in the Swift 6 language mode[0;0m
 [0;36m42 |[0;0m     public let msgId: Data
 [0;36m43 |[0;0m     public let state: DeliveryState
 [0;36m44 |[0;0m     public let frame: FrameV2
    [0;36m|[0;0m                `- [1;33mwarning: [1;39mstored property 'frame' of 'Sendable'-conforming struct 'ActiveSos' has non-Sendable type 'FrameV2'; this is an error in the Swift 6 language mode[0;0m
 [0;36m45 |[0;0m     /// When this node committed the pair, when it remembers; nil when the
 [0;36m46 |[0;0m     /// tables cannot name the instant (honest silence over a fabricated clock).

/Users/oculus/.cache/godstone-mutation-worktrees/wt_T60-RC12-ios-the-touch-target-minimum-vanish/ios/Packages/GodstoneFoundation/Sources/GodstoneMesh/WireV2.swift:7:15: [1;39mnote: [1;39mconsider making struct 'FrameV2' conform to the 'Sendable' protocol[0;0m
  [0;36m5 |[0;0m 
  [0;36m6 |[0;0m /// GMP/2 frame. Header is 32 bytes, big-endian.
  [0;36m7 |[0;0m public struct FrameV2: Equatable {
    [0;36m|[0;0m               `- [1;39mnote: [1;39mconsider making struct 'FrameV2' conform to the 'Sendable' protocol[0;0m
  [0;36m8 |[0;0m     public static let magic: UInt16 = 0x4753
  [0;36m9 |[0;0m     public static let version: UInt8 = 0x02
[138 / 222]
/Users/oculus/.cache/godstone-mutation-worktrees/wt_T60-RC12-ios-the-touch-target-minimum-vanish/ios/Packages/GodstoneFoundation/Sources/GodstoneMesh/LinkInfoSnapshotAuthority.swift:143:13: [1;33mwarning: [1;39mvariable 'bloom' was never mutated; consider changing to 'let' constant[0;0m [#]8;;https://docs.swift.org/compiler/documentation/diagnostics/variable-never-mutated\VariableNeverMutated]8;;\]
[0;36m141 |[0;0m         let nodeHint = identity.nodeHint
[0;36m142 |[0;0m         var count = 0
[0;36m143 |[0;0m         var bloom = BloomDigest()
    [0;36m|[0;0m             `- [1;33mwarning: [1;39mvariable 'bloom' was never mutated; consider changing to 'let' constant[0;0m [#]8;;https://docs.swift.org/compiler/documentation/diagnostics/variable-never-mutated\VariableNeverMutated]8;;\]
[0;36m144 |[0;0m         store.forEachHeldMsgId { msgId in
[0;36m145 |[0;0m             count += 1

/Users/oculus/.cache/godstone-mutation-worktrees/wt_T60-RC12-ios-the-touch-target-minimum-vanish/ios/Packages/GodstoneFoundation/Sources/GodstoneMesh/MeshRuntime.swift:911:17: [1;33mwarning: [1;39mno calls to throwing functions occur within 'try' expression[0;0m [#]8;;https://docs.swift.org/compiler/documentation/diagnostics/unnecessary-effect-marker\UnnecessaryEffectMarker]8;;\]
[0;36m909 |[0;0m             invalidateRuntime: { [invalidator, messageStore, peerIdentityStore,
[0;36m910 |[0;0m                                  adoptedMessageConnection, adoptedPeerConnection] in
[0;36m911 |[0;0m                 try invalidator.invalidateForWipe()
    [0;36m|[0;0m                 `- [1;33mwarning: [1;39mno calls to throwing functions occur within 'try' expression[0;0m [#]8;;https://docs.swift.org/compiler/documentation/diagnostics/unnecessary-effect-marker\UnnecessaryEffectMarker]8;;\]
[0;36m912 |[0;0m                 messageStore.close()
[0;36m913 |[0;0m                 peerIdentityStore.close()

/Users/oculus/.cache/godstone-mutation-worktrees/wt_T60-RC12-ios-the-touch-target-minimum-vanish/ios/Packages/GodstoneFoundation/Sources/GodstoneMesh/MeshRuntime.swift:278:24: [1;33mwarning: [1;39mno calls to throwing functions occur within 'try' expression[0;0m [#]8;;https://docs.swift.org/compiler/documentation/diagnostics/unnecessary-effect-marker\UnnecessaryEffectMarker]8;;\]
[0;36m276 |[0;0m                     return .storageFailure
[0;36m277 |[0;0m                 }
[0;36m278 |[0;0m                 return try messageStore.commitInboundWithObligationAtWithFault(
    [0;36m|[0;0m                        `- [1;33mwarning: [1;39mno calls to throwing functions occur within 'try' expression[0;0m [#]8;;https://docs.swift.org/compiler/documentation/diagnostics/unnecessary-effect-marker\UnnecessaryEffectMarker]8;;\]
[0;36m279 |[0;0m                     frame, receivedFrom: receivedFrom, localRecipientNodeId: localRecipient,
[0;36m280 |[0;0m                     identityGeneration: generation, obligationLifetimeMs: lifetime,

[#UnnecessaryEffectMarker]: <https://docs.swift.org/compiler/documentation/diagnostics/unnecessary-effect-marker>
[#VariableNeverMutated]: <https://docs.swift.org/compiler/documentation/diagnostics/variable-never-mutated>
/Users/oculus/.cache/godstone-mutation-worktrees/wt_T60-RC12-ios-the-touch-target-minimum-vanish/ios/Packages/GodstoneFoundation/Sources/GodstoneMesh/LabRuntime.swift:173:27: [1;33mwarning: [1;39mno calls to throwing functions occur within 'try' expression[0;0m [#]8;;https://docs.swift.org/compiler/documentation/diagnostics/unnecessary-effect-marker\UnnecessaryEffectMarker]8;;\]
[0;36m171 |[0;0m             if let estateRoot {
[0;36m172 |[0;0m                 let url = estateRoot.appendingPathComponent("lab_\(label)_\(next).db")
[0;36m173 |[0;0m                 durable = try SqliteMessageStore(url: url, maxBytes: 64 * 1024 * 1024)
    [0;36m|[0;0m                           `- [1;33mwarning: [1;39mno calls to throwing functions occur within 'try' expression[0;0m [#]8;;https://docs.swift.org/compiler/documentation/diagnostics/unnecessary-effect-marker\UnnecessaryEffectMarker]8;;\]
[0;36m174 |[0;0m                 durableStores[label] = durable
[0;36m175 |[0;0m             }

[#UnnecessaryEffectMarker]: <https://docs.swift.org/compiler/documentation/diagnostics/unnecessary-effect-marker>
[142 / 222]
/Users/oculus/.cache/godstone-mutation-worktrees/wt_T60-RC12-ios-the-touch-target-minimum-vanish/ios/Packages/GodstoneFoundation/Sources/GodstoneMesh/BleTransport.swift:8:16: [1;33mwarning: [1;39mstored property 'peripheral' of 'Sendable'-conforming struct 'OutboundPhysicalLifetime' contains non-Sendable type 'CBPeripheral'; this is an error in the Swift 6 language mode[0;0m
   [0;36m6 |[0;0m     public let relationKey: RelationKey
   [0;36m7 |[0;0m     public let transportEpoch: UInt64
   [0;36m8 |[0;0m     public let peripheral: CBPeripheral?
     [0;36m|[0;0m                `- [1;33mwarning: [1;39mstored property 'peripheral' of 'Sendable'-conforming struct 'OutboundPhysicalLifetime' contains non-Sendable type 'CBPeripheral'; this is an error in the Swift 6 language mode[0;0m
   [0;36m9 |[0;0m 
  [0;36m10 |[0;0m     public init(relationKey: RelationKey, transportEpoch: UInt64, peripheral: CBPeripheral? = nil) {

/Applications/Xcode.app/Contents/Developer/Platforms/MacOSX.platform/Developer/SDKs/MacOSX27.0.sdk/System/Library/Frameworks/CoreBluetooth.framework/Headers/CBPeripheral.h:66:28: [1;39mnote: [1;39mclass 'CBPeripheral' does not conform to the 'Sendable' protocol[0;0m
 [0;36m64 |[0;0m  */
 [0;36m65 |[0;0m NS_CLASS_AVAILABLE(10_7, 5_0)
 [0;36m66 |[0;0m CB_EXTERN_CLASS @interface CBPeripheral : CBPeer
    [0;36m|[0;0m                            `- [1;39mnote: [1;39mclass 'CBPeripheral' does not conform to the 'Sendable' protocol[0;0m
 [0;36m67 |[0;0m 
 [0;36m68 |[0;0m /*!

/Users/oculus/.cache/godstone-mutation-worktrees/wt_T60-RC12-ios-the-touch-target-minimum-vanish/ios/Packages/GodstoneFoundation/Sources/GodstoneMesh/BleTransport.swift:2:1: [1;33mwarning: [1;39madd '@preconcurrency' to suppress 'Sendable'-related warnings from module 'CoreBluetooth'[0;0m [#]8;;https://docs.swift.org/compiler/documentation/diagnostics/add-preconcurrency-import\AddPreconcurrencyImport]8;;\]
   [0;36m1 |[0;0m import Foundation
   [0;36m2 |[0;0m import CoreBluetooth
     [0;36m|[0;0m `- [1;33mwarning: [1;39madd '@preconcurrency' to suppress 'Sendable'-related warnings from module 'CoreBluetooth'[0;0m [#]8;;https://docs.swift.org/compiler/documentation/diagnostics/add-preconcurrency-import\AddPreconcurrencyImport]8;;\]
   [0;36m3 |[0;0m import GodstoneCore
   [0;36m4 |[0;0m 

/Users/oculus/.cache/godstone-mutation-worktrees/wt_T60-RC12-ios-the-touch-target-minimum-vanish/ios/Packages/GodstoneFoundation/Sources/GodstoneMesh/BleTransport.swift:32:16: [1;33mwarning: [1;39mstored property 'characteristicUuid' of 'Sendable'-conforming struct 'InboxSubscription' has non-Sendable type 'CBUUID'; this is an error in the Swift 6 language mode[0;0m
  [0;36m30 |[0;0m /// subscription. Presented by the subscribe callback, held with the lease.
  [0;36m31 |[0;0m public struct InboxSubscription: Equatable, Sendable {
  [0;36m32 |[0;0m     public let characteristicUuid: CBUUID
     [0;36m|[0;0m                `- [1;33mwarning: [1;39mstored property 'characteristicUuid' of 'Sendable'-conforming struct 'InboxSubscription' has non-Sendable type 'CBUUID'; this is an error in the Swift 6 language mode[0;0m
  [0;36m33 |[0;0m     public let maxUpdateLength: Int
  [0;36m34 |[0;0m 

/Applications/Xcode.app/Contents/Developer/Platforms/MacOSX.platform/Developer/SDKs/MacOSX27.0.sdk/System/Library/Frameworks/CoreBluetooth.framework/Headers/CBUUID.h:85:28: [1;39mnote: [1;39mclass 'CBUUID' does not conform to the 'Sendable' protocol[0;0m
 [0;36m83 |[0;0m  */
 [0;36m84 |[0;0m NS_CLASS_AVAILABLE(10_7, 5_0)
 [0;36m85 |[0;0m CB_EXTERN_CLASS @interface CBUUID : NSObject <NSCopying>
    [0;36m|[0;0m                            `- [1;39mnote: [1;39mclass 'CBUUID' does not conform to the 'Sendable' protocol[0;0m
 [0;36m86 |[0;0m 
 [0;36m87 |[0;0m /*!

/Users/oculus/.cache/godstone-mutation-worktrees/wt_T60-RC12-ios-the-touch-target-minimum-vanish/ios/Packages/GodstoneFoundation/Sources/GodstoneMesh/BleTransport.swift:48:16: [1;33mwarning: [1;39mstored property 'retainedCentral' of 'Sendable'-conforming struct 'InboundSubscriptionLifetime' contains non-Sendable type 'CBCentral'; this is an error in the Swift 6 language mode[0;0m
  [0;36m46 |[0;0m     /// this handle - never through a fresh lookup of the subscriber list,
  [0;36m47 |[0;0m     /// which a reused identity could have renewed in the meantime.
  [0;36m48 |[0;0m     public let retainedCentral: CBCentral?
     [0;36m|[0;0m                `- [1;33mwarning: [1;39mstored property 'retainedCentral' of 'Sendable'-conforming struct 'InboundSubscriptionLifetime' contains non-Sendable type 'CBCentral'; this is an error in the Swift 6 language mode[0;0m
  [0;36m49 |[0;0m     /// The inbox subscription this lease stands for, as presented by the
  [0;36m50 |[0;0m     /// callback; nil while the subscription was not distinguishable.

/Applications/Xcode.app/Contents/Developer/Platforms/MacOSX.platform/Developer/SDKs/MacOSX27.0.sdk/System/Library/Frameworks/CoreBluetooth.framework/Headers/CBCentral.h:28:28: [1;39mnote: [1;39mclass 'CBCentral' does not conform to the 'Sendable' protocol[0;0m
[0;36m26 |[0;0m  */
[0;36m27 |[0;0m NS_CLASS_AVAILABLE(10_9, 6_0)
[0;36m28 |[0;0m CB_EXTERN_CLASS @interface CBCentral : CBPeer
   [0;36m|[0;0m                            `- [1;39mnote: [1;39mclass 'CBCentral' does not conform to the 'Sendable' protocol[0;0m
[0;36m29 |[0;0m 
[0;36m30 |[0;0m /*!

/Users/oculus/.cache/godstone-mutation-worktrees/wt_T60-RC12-ios-the-touch-target-minimum-vanish/ios/Packages/GodstoneFoundation/Sources/GodstoneMesh/BleTransport.swift:123:5: [1;33mwarning: [1;39m'public' modifier is redundant for property declared in a public extension[0;0m
 [0;36m121 |[0;0m 
 [0;36m122 |[0;0m public extension TransportManagerFactory {
 [0;36m123 |[0;0m     public var admissionBudgetOverride: Int? { return nil }
     [0;36m|[0;0m     `- [1;33mwarning: [1;39m'public' modifier is redundant for property declared in a public extension[0;0m
 [0;36m124 |[0;0m }
 [0;36m125 |[0;0m 

/Users/oculus/.cache/godstone-mutation-worktrees/wt_T60-RC12-ios-the-touch-target-minimum-vanish/ios/Packages/GodstoneFoundation/Sources/GodstoneMesh/BleTransport.swift:550:9: [1;33mwarning: [1;39mstored property 'timer' of 'Sendable'-conforming struct 'TimerLease' has non-Sendable type 'Timer'; this is an error in the Swift 6 language mode[0;0m
 [0;36m548 |[0;0m     public let deadlineUptimeMillis: UInt64
 [0;36m549 |[0;0m     public let handle: TimerKey
 [0;36m550 |[0;0m     let timer: Timer
     [0;36m|[0;0m         `- [1;33mwarning: [1;39mstored property 'timer' of 'Sendable'-conforming struct 'TimerLease' has non-Sendable type 'Timer'; this is an error in the Swift 6 language mode[0;0m
 [0;36m551 |[0;0m     let context: ManagerContext?
 [0;36m552 |[0;0m 

/Applications/Xcode.app/Contents/Developer/Platforms/MacOSX.platform/Developer/SDKs/MacOSX27.0.sdk/System/Library/Frameworks/Foundation.framework/Headers/NSTimer.h:45:12: [1;39mnote: [1;39mclass 'Timer' does not conform to the 'Sendable' protocol[0;0m
 [0;36m43 |[0;0m ///
 [0;36m44 |[0;0m /// Do not subclass ``Timer``.
 [0;36m45 |[0;0m @interface NSTimer : NSObject
    [0;36m|[0;0m            `- [1;39mnote: [1;39mclass 'Timer' does not conform to the 'Sendable' protocol[0;0m
 [0;36m46 |[0;0m 
 [0;36m47 |[0;0m /// Initializes a timer object with the specified invocation object.

/Users/oculus/.cache/godstone-mutation-worktrees/wt_T60-RC12-ios-the-touch-target-minimum-vanish/ios/Packages/GodstoneFoundation/Sources/GodstoneMesh/BoundRecipientKeyResolver.swift:11:1: [1;33mwarning: [1;39mconformance to 'Sendable' must occur in the same source file as class 'PeerIdentityRepository'; use '@unchecked Sendable' for retroactive conformance; this is an error in the Swift 6 language mode[0;0m
 [0;36m9 |[0;0m }
[0;36m10 |[0;0m 
[0;36m11 |[0;0m extension PeerIdentityRepository: PeerIdentityLookupSource {}
   [0;36m|[0;0m `- [1;33mwarning: [1;39mconformance to 'Sendable' must occur in the same source file as class 'PeerIdentityRepository'; use '@unchecked Sendable' for retroactive conformance; this is an error in the Swift 6 language mode[0;0m
[0;36m12 |[0;0m 
[0;36m13 |[0;0m /// Read-only durable peer-identity -> ACK signing-key resolver (ADR-003, Phase C8.3).

/Users/oculus/.cache/godstone-mutation-worktrees/wt_T60-RC12-ios-the-touch-target-minimum-vanish/ios/Packages/GodstoneFoundation/Sources/GodstoneMesh/PeerIdentityRepository.swift:114:17: [1;33mwarning: [1;39mstored property 'store' of 'Sendable'-conforming class 'PeerIdentityRepository' has non-Sendable type 'any PeerIdentityStore'; this is an error in the Swift 6 language mode[0;0m
[0;36m112 |[0;0m /// and post-mutation readback verification (ADR-003, Phase C8.2B).
[0;36m113 |[0;0m internal final class PeerIdentityRepository {
[0;36m114 |[0;0m     private let store: PeerIdentityStore
    [0;36m|[0;0m                 `- [1;33mwarning: [1;39mstored property 'store' of 'Sendable'-conforming class 'PeerIdentityRepository' has non-Sendable type 'any PeerIdentityStore'; this is an error in the Swift 6 language mode[0;0m
[0;36m115 |[0;0m 
[0;36m116 |[0;0m     init(store: PeerIdentityStore) {

/Users/oculus/.cache/godstone-mutation-worktrees/wt_T60-RC12-ios-the-touch-target-minimum-vanish/ios/Packages/GodstoneFoundation/Sources/GodstoneMesh/PeerIdentityStore.swift:223:19: [1;39mnote: [1;39mprotocol 'PeerIdentityStore' does not conform to the 'Sendable' protocol[0;0m
 [0;36m221 |[0;0m 
 [0;36m222 |[0;0m /// Storage protocol for peer identity repository backend (ADR-003, Phase C8.2B).
 [0;36m223 |[0;0m internal protocol PeerIdentityStore: AnyObject {
     [0;36m|[0;0m                   `- [1;39mnote: [1;39mprotocol 'PeerIdentityStore' does not conform to the 'Sendable' protocol[0;0m
 [0;36m224 |[0;0m     func inImmediateTransaction<T>(_ block: (PeerIdentityStore) throws -> T) throws -> T
 [0;36m225 |[0;0m 

/Users/oculus/.cache/godstone-mutation-worktrees/wt_T60-RC12-ios-the-touch-target-minimum-vanish/ios/Packages/GodstoneFoundation/Sources/GodstoneMesh/MeshRuntime.swift:911:17: [1;33mwarning: [1;39mno calls to throwing functions occur within 'try' expression[0;0m [#]8;;https://docs.swift.org/compiler/documentation/diagnostics/unnecessary-effect-marker\UnnecessaryEffectMarker]8;;\]
[0;36m909 |[0;0m             invalidateRuntime: { [invalidator, messageStore, peerIdentityStore,
[0;36m910 |[0;0m                                  adoptedMessageConnection, adoptedPeerConnection] in
[0;36m911 |[0;0m                 try invalidator.invalidateForWipe()
    [0;36m|[0;0m                 `- [1;33mwarning: [1;39mno calls to throwing functions occur within 'try' expression[0;0m [#]8;;https://docs.swift.org/compiler/documentation/diagnostics/unnecessary-effect-marker\UnnecessaryEffectMarker]8;;\]
[0;36m912 |[0;0m                 messageStore.close()
[0;36m913 |[0;0m                 peerIdentityStore.close()

/Users/oculus/.cache/godstone-mutation-worktrees/wt_T60-RC12-ios-the-touch-target-minimum-vanish/ios/Packages/GodstoneFoundation/Sources/GodstoneMesh/MessageStore.swift:66:10: [1;33mwarning: [1;39massociated value 'created' of 'Sendable'-conforming enum 'OutboundEnqueueResult' has non-Sendable type 'FrameV2'; this is an error in the Swift 6 language mode[0;0m
  [0;36m64 |[0;0m public enum OutboundEnqueueResult: Sendable, Equatable {
  [0;36m65 |[0;0m     /// A new DIRECT message was atomically persisted in held_frames and delivery_state (QUEUED_DURABLY).
  [0;36m66 |[0;0m     case created(FrameV2)
     [0;36m|[0;0m          `- [1;33mwarning: [1;39massociated value 'created' of 'Sendable'-conforming enum 'OutboundEnqueueResult' has non-Sendable type 'FrameV2'; this is an error in the Swift 6 language mode[0;0m
  [0;36m67 |[0;0m     /// An idempotent retry of the SAME logical message with matching SINGLE_RECIPIENT binding and exact canonical frame.
  [0;36m68 |[0;0m     case alreadyQueuedSameBinding(FrameV2)

/Users/oculus/.cache/godstone-mutation-worktrees/wt_T60-RC12-ios-the-touch-target-minimum-vanish/ios/Packages/GodstoneFoundation/Sources/GodstoneMesh/WireV2.swift:7:15: [1;39mnote: [1;39mconsider making struct 'FrameV2' conform to the 'Sendable' protocol[0;0m
  [0;36m5 |[0;0m 
  [0;36m6 |[0;0m /// GMP/2 frame. Header is 32 bytes, big-endian.
  [0;36m7 |[0;0m public struct FrameV2: Equatable {
    [0;36m|[0;0m               `- [1;39mnote: [1;39mconsider making struct 'FrameV2' conform to the 'Sendable' protocol[0;0m
  [0;36m8 |[0;0m     public static let magic: UInt16 = 0x4753
  [0;36m9 |[0;0m     public static let version: UInt8 = 0x02

/Users/oculus/.cache/godstone-mutation-worktrees/wt_T60-RC12-ios-the-touch-target-minimum-vanish/ios/Packages/GodstoneFoundation/Sources/GodstoneMesh/MessageStore.swift:68:10: [1;33mwarning: [1;39massociated value 'alreadyQueuedSameBinding' of 'Sendable'-conforming enum 'OutboundEnqueueResult' has non-Sendable type 'FrameV2'; this is an error in the Swift 6 language mode[0;0m
  [0;36m66 |[0;0m     case created(FrameV2)
  [0;36m67 |[0;0m     /// An idempotent retry of the SAME logical message with matching SINGLE_RECIPIENT binding and exact canonical frame.
  [0;36m68 |[0;0m     case alreadyQueuedSameBinding(FrameV2)
     [0;36m|[0;0m          `- [1;33mwarning: [1;39massociated value 'alreadyQueuedSameBinding' of 'Sendable'-conforming enum 'OutboundEnqueueResult' has non-Sendable type 'FrameV2'; this is an error in the Swift 6 language mode[0;0m
  [0;36m69 |[0;0m     /// A held frame exists with matching msg_id but its fields/content differ from requested frame.
  [0;36m70 |[0;0m     case canonicalFrameMismatch

/Users/oculus/.cache/godstone-mutation-worktrees/wt_T60-RC12-ios-the-touch-target-minimum-vanish/ios/Packages/GodstoneFoundation/Sources/GodstoneMesh/WireV2.swift:7:15: [1;39mnote: [1;39mconsider making struct 'FrameV2' conform to the 'Sendable' protocol[0;0m
  [0;36m5 |[0;0m 
  [0;36m6 |[0;0m /// GMP/2 frame. Header is 32 bytes, big-endian.
  [0;36m7 |[0;0m public struct FrameV2: Equatable {
    [0;36m|[0;0m               `- [1;39mnote: [1;39mconsider making struct 'FrameV2' conform to the 'Sendable' protocol[0;0m
  [0;36m8 |[0;0m     public static let magic: UInt16 = 0x4753
  [0;36m9 |[0;0m     public static let version: UInt8 = 0x02

/Users/oculus/.cache/godstone-mutation-worktrees/wt_T60-RC12-ios-the-touch-target-minimum-vanish/ios/Packages/GodstoneFoundation/Sources/GodstoneMesh/SchemaMigration.swift:78:16: [1;33mwarning: [1;39mstored property 'apply' of 'Sendable'-conforming struct 'MigrationStep' contains non-Sendable type '(any MigrationExecutor) -> ()'; this is an error in the Swift 6 language mode[0;0m
 [0;36m76 |[0;0m     public let to: Int
 [0;36m77 |[0;0m     public let statements: [String]
 [0;36m78 |[0;0m     public let apply: MigrationApply?
    [0;36m|[0;0m                |- [1;33mwarning: [1;39mstored property 'apply' of 'Sendable'-conforming struct 'MigrationStep' contains non-Sendable type '(any MigrationExecutor) -> ()'; this is an error in the Swift 6 language mode[0;0m
    [0;36m|[0;0m                `- [1;39mnote: [1;39ma function type must be marked '@Sendable' to conform to 'Sendable'[0;0m
 [0;36m79 |[0;0m     public init(from: Int, to: Int, statements: [String], apply: MigrationApply? = nil) { self.from = from; self.to = to; self.statements = statements; self.apply = apply }
 [0;36m80 |[0;0m }

/Users/oculus/.cache/godstone-mutation-worktrees/wt_T60-RC12-ios-the-touch-target-minimum-vanish/ios/Packages/GodstoneFoundation/Sources/GodstoneMesh/SosCommand.swift:44:16: [1;33mwarning: [1;39mstored property 'frame' of 'Sendable'-conforming struct 'ActiveSos' has non-Sendable type 'FrameV2'; this is an error in the Swift 6 language mode[0;0m
 [0;36m42 |[0;0m     public let msgId: Data
 [0;36m43 |[0;0m     public let state: DeliveryState
 [0;36m44 |[0;0m     public let frame: FrameV2
    [0;36m|[0;0m                `- [1;33mwarning: [1;39mstored property 'frame' of 'Sendable'-conforming struct 'ActiveSos' has non-Sendable type 'FrameV2'; this is an error in the Swift 6 language mode[0;0m
 [0;36m45 |[0;0m     /// When this node committed the pair, when it remembers; nil when the
 [0;36m46 |[0;0m     /// tables cannot name the instant (honest silence over a fabricated clock).

/Users/oculus/.cache/godstone-mutation-worktrees/wt_T60-RC12-ios-the-touch-target-minimum-vanish/ios/Packages/GodstoneFoundation/Sources/GodstoneMesh/WireV2.swift:7:15: [1;39mnote: [1;39mconsider making struct 'FrameV2' conform to the 'Sendable' protocol[0;0m
  [0;36m5 |[0;0m 
  [0;36m6 |[0;0m /// GMP/2 frame. Header is 32 bytes, big-endian.
  [0;36m7 |[0;0m public struct FrameV2: Equatable {
    [0;36m|[0;0m               `- [1;39mnote: [1;39mconsider making struct 'FrameV2' conform to the 'Sendable' protocol[0;0m
  [0;36m8 |[0;0m     public static let magic: UInt16 = 0x4753
  [0;36m9 |[0;0m     public static let version: UInt8 = 0x02

/Users/oculus/.cache/godstone-mutation-worktrees/wt_T60-RC12-ios-the-touch-target-minimum-vanish/ios/Packages/GodstoneFoundation/Sources/GodstoneMesh/SyncControlOwner.swift:42:14: [1;33mwarning: [1;39massociated value 'answered(frame:)' of 'Sendable'-conforming enum 'OwnerDecision' contains non-Sendable type 'FrameV2'; this is an error in the Swift 6 language mode[0;0m
 [0;36m40 |[0;0m         case ignored(reason: String)
 [0;36m41 |[0;0m         case refused(reason: String)
 [0;36m42 |[0;0m         case answered(frame: FrameV2)
    [0;36m|[0;0m              `- [1;33mwarning: [1;39massociated value 'answered(frame:)' of 'Sendable'-conforming enum 'OwnerDecision' contains non-Sendable type 'FrameV2'; this is an error in the Swift 6 language mode[0;0m
 [0;36m43 |[0;0m         case delivered(frames: [FrameV2])
 [0;36m44 |[0;0m     }

/Users/oculus/.cache/godstone-mutation-worktrees/wt_T60-RC12-ios-the-touch-target-minimum-vanish/ios/Packages/GodstoneFoundation/Sources/GodstoneMesh/WireV2.swift:7:15: [1;39mnote: [1;39mconsider making struct 'FrameV2' conform to the 'Sendable' protocol[0;0m
  [0;36m5 |[0;0m 
  [0;36m6 |[0;0m /// GMP/2 frame. Header is 32 bytes, big-endian.
  [0;36m7 |[0;0m public struct FrameV2: Equatable {
    [0;36m|[0;0m               `- [1;39mnote: [1;39mconsider making struct 'FrameV2' conform to the 'Sendable' protocol[0;0m
  [0;36m8 |[0;0m     public static let magic: UInt16 = 0x4753
  [0;36m9 |[0;0m     public static let version: UInt8 = 0x02

/Users/oculus/.cache/godstone-mutation-worktrees/wt_T60-RC12-ios-the-touch-target-minimum-vanish/ios/Packages/GodstoneFoundation/Sources/GodstoneMesh/SyncControlOwner.swift:43:14: [1;33mwarning: [1;39massociated value 'delivered(frames:)' of 'Sendable'-conforming enum 'OwnerDecision' contains non-Sendable type 'FrameV2'; this is an error in the Swift 6 language mode[0;0m
 [0;36m41 |[0;0m         case refused(reason: String)
 [0;36m42 |[0;0m         case answered(frame: FrameV2)
 [0;36m43 |[0;0m         case delivered(frames: [FrameV2])
    [0;36m|[0;0m              `- [1;33mwarning: [1;39massociated value 'delivered(frames:)' of 'Sendable'-conforming enum 'OwnerDecision' contains non-Sendable type 'FrameV2'; this is an error in the Swift 6 language mode[0;0m
 [0;36m44 |[0;0m     }
 [0;36m45 |[0;0m 

/Users/oculus/.cache/godstone-mutation-worktrees/wt_T60-RC12-ios-the-touch-target-minimum-vanish/ios/Packages/GodstoneFoundation/Sources/GodstoneMesh/WireV2.swift:7:15: [1;39mnote: [1;39mconsider making struct 'FrameV2' conform to the 'Sendable' protocol[0;0m
  [0;36m5 |[0;0m 
  [0;36m6 |[0;0m /// GMP/2 frame. Header is 32 bytes, big-endian.
  [0;36m7 |[0;0m public struct FrameV2: Equatable {
    [0;36m|[0;0m               `- [1;39mnote: [1;39mconsider making struct 'FrameV2' conform to the 'Sendable' protocol[0;0m
  [0;36m8 |[0;0m     public static let magic: UInt16 = 0x4753
  [0;36m9 |[0;0m     public static let version: UInt8 = 0x02

/Users/oculus/.cache/godstone-mutation-worktrees/wt_T60-RC12-ios-the-touch-target-minimum-vanish/ios/Packages/GodstoneFoundation/Sources/GodstoneMesh/SyncPump.swift:46:16: [1;33mwarning: [1;39mstored property 'frame' of 'Sendable'-conforming struct 'ForwardCopy' has non-Sendable type 'FrameV2'; this is an error in the Swift 6 language mode[0;0m
 [0;36m44 |[0;0m /// exactly once -- and every retry re-emiteth these exact bytes.
 [0;36m45 |[0;0m public struct ForwardCopy: Equatable, Sendable {
 [0;36m46 |[0;0m     public let frame: FrameV2
    [0;36m|[0;0m                `- [1;33mwarning: [1;39mstored property 'frame' of 'Sendable'-conforming struct 'ForwardCopy' has non-Sendable type 'FrameV2'; this is an error in the Swift 6 language mode[0;0m
 [0;36m47 |[0;0m     /// The immediate hop it arrived from, which is never offered it back.
 [0;36m48 |[0;0m     public let fromPeer: Data?

/Users/oculus/.cache/godstone-mutation-worktrees/wt_T60-RC12-ios-the-touch-target-minimum-vanish/ios/Packages/GodstoneFoundation/Sources/GodstoneMesh/WireV2.swift:7:15: [1;39mnote: [1;39mconsider making struct 'FrameV2' conform to the 'Sendable' protocol[0;0m
  [0;36m5 |[0;0m 
  [0;36m6 |[0;0m /// GMP/2 frame. Header is 32 bytes, big-endian.
  [0;36m7 |[0;0m public struct FrameV2: Equatable {
    [0;36m|[0;0m               `- [1;39mnote: [1;39mconsider making struct 'FrameV2' conform to the 'Sendable' protocol[0;0m
  [0;36m8 |[0;0m     public static let magic: UInt16 = 0x4753
  [0;36m9 |[0;0m     public static let version: UInt8 = 0x02

/Users/oculus/.cache/godstone-mutation-worktrees/wt_T60-RC12-ios-the-touch-target-minimum-vanish/ios/Packages/GodstoneFoundation/Sources/GodstoneMesh/TrustedHandshakeController.swift:39:9: [1;33mwarning: [1;39mstored property 'noiseSession' of 'Sendable'-conforming struct 'DefaultHs3Writer' has non-Sendable type 'NoiseSession'; this is an error in the Swift 6 language mode[0;0m
 [0;36m37 |[0;0m 
 [0;36m38 |[0;0m internal struct DefaultHs3Writer: Hs3Writer {
 [0;36m39 |[0;0m     let noiseSession: NoiseSession
    [0;36m|[0;0m         `- [1;33mwarning: [1;39mstored property 'noiseSession' of 'Sendable'-conforming struct 'DefaultHs3Writer' has non-Sendable type 'NoiseSession'; this is an error in the Swift 6 language mode[0;0m
 [0;36m40 |[0;0m     func writeHs3(payload: Data) throws -> Data {
 [0;36m41 |[0;0m         try noiseSession.writeMessage3(payload: payload)

/Users/oculus/.cache/godstone-mutation-worktrees/wt_T60-RC12-ios-the-touch-target-minimum-vanish/ios/Packages/GodstoneFoundation/Sources/GodstoneMesh/NoiseSession.swift:48:20: [1;39mnote: [1;39mclass 'NoiseSession' does not conform to the 'Sendable' protocol[0;0m
 [0;36m46 |[0;0m }
 [0;36m47 |[0;0m 
 [0;36m48 |[0;0m public final class NoiseSession {
    [0;36m|[0;0m                    `- [1;39mnote: [1;39mclass 'NoiseSession' does not conform to the 'Sendable' protocol[0;0m
 [0;36m49 |[0;0m 
 [0;36m50 |[0;0m     public enum Role { case initiator, responder }

[#AddPreconcurrencyImport]: <https://docs.swift.org/compiler/documentation/diagnostics/add-preconcurrency-import>
[#UnnecessaryEffectMarker]: <https://docs.swift.org/compiler/documentation/diagnostics/unnecessary-effect-marker>
[148 / 222]
[162 / 222]
[165 / 222]
/Users/oculus/.cache/godstone-mutation-worktrees/wt_T60-RC12-ios-the-touch-target-minimum-vanish/ios/Packages/GodstoneFoundation/Sources/GodstoneMesh/SyncControlOwner.swift:42:14: [1;33mwarning: [1;39massociated value 'answered(frame:)' of 'Sendable'-conforming enum 'OwnerDecision' contains non-Sendable type 'FrameV2'; this is an error in the Swift 6 language mode[0;0m
 [0;36m40 |[0;0m         case ignored(reason: String)
 [0;36m41 |[0;0m         case refused(reason: String)
 [0;36m42 |[0;0m         case answered(frame: FrameV2)
    [0;36m|[0;0m              `- [1;33mwarning: [1;39massociated value 'answered(frame:)' of 'Sendable'-conforming enum 'OwnerDecision' contains non-Sendable type 'FrameV2'; this is an error in the Swift 6 language mode[0;0m
 [0;36m43 |[0;0m         case delivered(frames: [FrameV2])
 [0;36m44 |[0;0m     }

/Users/oculus/.cache/godstone-mutation-worktrees/wt_T60-RC12-ios-the-touch-target-minimum-vanish/ios/Packages/GodstoneFoundation/Sources/GodstoneMesh/WireV2.swift:7:15: [1;39mnote: [1;39mconsider making struct 'FrameV2' conform to the 'Sendable' protocol[0;0m
  [0;36m5 |[0;0m 
  [0;36m6 |[0;0m /// GMP/2 frame. Header is 32 bytes, big-endian.
  [0;36m7 |[0;0m public struct FrameV2: Equatable {
    [0;36m|[0;0m               `- [1;39mnote: [1;39mconsider making struct 'FrameV2' conform to the 'Sendable' protocol[0;0m
  [0;36m8 |[0;0m     public static let magic: UInt16 = 0x4753
  [0;36m9 |[0;0m     public static let version: UInt8 = 0x02

/Users/oculus/.cache/godstone-mutation-worktrees/wt_T60-RC12-ios-the-touch-target-minimum-vanish/ios/Packages/GodstoneFoundation/Sources/GodstoneMesh/SyncControlOwner.swift:43:14: [1;33mwarning: [1;39massociated value 'delivered(frames:)' of 'Sendable'-conforming enum 'OwnerDecision' contains non-Sendable type 'FrameV2'; this is an error in the Swift 6 language mode[0;0m
 [0;36m41 |[0;0m         case refused(reason: String)
 [0;36m42 |[0;0m         case answered(frame: FrameV2)
 [0;36m43 |[0;0m         case delivered(frames: [FrameV2])
    [0;36m|[0;0m              `- [1;33mwarning: [1;39massociated value 'delivered(frames:)' of 'Sendable'-conforming enum 'OwnerDecision' contains non-Sendable type 'FrameV2'; this is an error in the Swift 6 language mode[0;0m
 [0;36m44 |[0;0m     }
 [0;36m45 |[0;0m 

/Users/oculus/.cache/godstone-mutation-worktrees/wt_T60-RC12-ios-the-touch-target-minimum-vanish/ios/Packages/GodstoneFoundation/Sources/GodstoneMesh/WireV2.swift:7:15: [1;39mnote: [1;39mconsider making struct 'FrameV2' conform to the 'Sendable' protocol[0;0m
  [0;36m5 |[0;0m 
  [0;36m6 |[0;0m /// GMP/2 frame. Header is 32 bytes, big-endian.
  [0;36m7 |[0;0m public struct FrameV2: Equatable {
    [0;36m|[0;0m               `- [1;39mnote: [1;39mconsider making struct 'FrameV2' conform to the 'Sendable' protocol[0;0m
  [0;36m8 |[0;0m     public static let magic: UInt16 = 0x4753
  [0;36m9 |[0;0m     public static let version: UInt8 = 0x02

/Users/oculus/.cache/godstone-mutation-worktrees/wt_T60-RC12-ios-the-touch-target-minimum-vanish/ios/Packages/GodstoneFoundation/Sources/GodstoneMesh/SyncPump.swift:46:16: [1;33mwarning: [1;39mstored property 'frame' of 'Sendable'-conforming struct 'ForwardCopy' has non-Sendable type 'FrameV2'; this is an error in the Swift 6 language mode[0;0m
 [0;36m44 |[0;0m /// exactly once -- and every retry re-emiteth these exact bytes.
 [0;36m45 |[0;0m public struct ForwardCopy: Equatable, Sendable {
 [0;36m46 |[0;0m     public let frame: FrameV2
    [0;36m|[0;0m                `- [1;33mwarning: [1;39mstored property 'frame' of 'Sendable'-conforming struct 'ForwardCopy' has non-Sendable type 'FrameV2'; this is an error in the Swift 6 language mode[0;0m
 [0;36m47 |[0;0m     /// The immediate hop it arrived from, which is never offered it back.
 [0;36m48 |[0;0m     public let fromPeer: Data?

/Users/oculus/.cache/godstone-mutation-worktrees/wt_T60-RC12-ios-the-touch-target-minimum-vanish/ios/Packages/GodstoneFoundation/Sources/GodstoneMesh/WireV2.swift:7:15: [1;39mnote: [1;39mconsider making struct 'FrameV2' conform to the 'Sendable' protocol[0;0m
  [0;36m5 |[0;0m 
  [0;36m6 |[0;0m /// GMP/2 frame. Header is 32 bytes, big-endian.
  [0;36m7 |[0;0m public struct FrameV2: Equatable {
    [0;36m|[0;0m               `- [1;39mnote: [1;39mconsider making struct 'FrameV2' conform to the 'Sendable' protocol[0;0m
  [0;36m8 |[0;0m     public static let magic: UInt16 = 0x4753
  [0;36m9 |[0;0m     public static let version: UInt8 = 0x02

/Users/oculus/.cache/godstone-mutation-worktrees/wt_T60-RC12-ios-the-touch-target-minimum-vanish/ios/Packages/GodstoneFoundation/Sources/GodstoneMesh/TrustedHandshakeController.swift:39:9: [1;33mwarning: [1;39mstored property 'noiseSession' of 'Sendable'-conforming struct 'DefaultHs3Writer' has non-Sendable type 'NoiseSession'; this is an error in the Swift 6 language mode[0;0m
 [0;36m37 |[0;0m 
 [0;36m38 |[0;0m internal struct DefaultHs3Writer: Hs3Writer {
 [0;36m39 |[0;0m     let noiseSession: NoiseSession
    [0;36m|[0;0m         `- [1;33mwarning: [1;39mstored property 'noiseSession' of 'Sendable'-conforming struct 'DefaultHs3Writer' has non-Sendable type 'NoiseSession'; this is an error in the Swift 6 language mode[0;0m
 [0;36m40 |[0;0m     func writeHs3(payload: Data) throws -> Data {
 [0;36m41 |[0;0m         try noiseSession.writeMessage3(payload: payload)

/Users/oculus/.cache/godstone-mutation-worktrees/wt_T60-RC12-ios-the-touch-target-minimum-vanish/ios/Packages/GodstoneFoundation/Sources/GodstoneMesh/NoiseSession.swift:48:20: [1;39mnote: [1;39mclass 'NoiseSession' does not conform to the 'Sendable' protocol[0;0m
 [0;36m46 |[0;0m }
 [0;36m47 |[0;0m 
 [0;36m48 |[0;0m public final class NoiseSession {
    [0;36m|[0;0m                    `- [1;39mnote: [1;39mclass 'NoiseSession' does not conform to the 'Sendable' protocol[0;0m
 [0;36m49 |[0;0m 
 [0;36m50 |[0;0m     public enum Role { case initiator, responder }
/Users/oculus/.cache/godstone-mutation-worktrees/wt_T60-RC12-ios-the-touch-target-minimum-vanish/ios/Packages/GodstoneFoundation/Sources/GodstoneMesh/SchemaMigration.swift:78:16: [1;33mwarning: [1;39mstored property 'apply' of 'Sendable'-conforming struct 'MigrationStep' contains non-Sendable type '(any MigrationExecutor) -> ()'; this is an error in the Swift 6 language mode[0;0m
 [0;36m76 |[0;0m     public let to: Int
 [0;36m77 |[0;0m     public let statements: [String]
 [0;36m78 |[0;0m     public let apply: MigrationApply?
    [0;36m|[0;0m                |- [1;33mwarning: [1;39mstored property 'apply' of 'Sendable'-conforming struct 'MigrationStep' contains non-Sendable type '(any MigrationExecutor) -> ()'; this is an error in the Swift 6 language mode[0;0m
    [0;36m|[0;0m                `- [1;39mnote: [1;39ma function type must be marked '@Sendable' to conform to 'Sendable'[0;0m
 [0;36m79 |[0;0m     public init(from: Int, to: Int, statements: [String], apply: MigrationApply? = nil) { self.from = from; self.to = to; self.statements = statements; self.apply = apply }
 [0;36m80 |[0;0m }

/Users/oculus/.cache/godstone-mutation-worktrees/wt_T60-RC12-ios-the-touch-target-minimum-vanish/ios/Packages/GodstoneFoundation/Sources/GodstoneMesh/SessionManager.swift:409:21: [1;33mwarning: [1;39mresult of call to 'removeSlot' is unused[0;0m [#]8;;https://docs.swift.org/compiler/documentation/diagnostics/no-usage\NoUsage]8;;\]
[0;36m407 |[0;0m                 guard isActive else {
[0;36m408 |[0;0m                     _ = slot.retire()
[0;36m409 |[0;0m                     removeSlot(admission)
    [0;36m|[0;0m                     `- [1;33mwarning: [1;39mresult of call to 'removeSlot' is unused[0;0m [#]8;;https://docs.swift.org/compiler/documentation/diagnostics/no-usage\NoUsage]8;;\]
[0;36m410 |[0;0m                     ctrl.destroy()
[0;36m411 |[0;0m                     return nil

/Users/oculus/.cache/godstone-mutation-worktrees/wt_T60-RC12-ios-the-touch-target-minimum-vanish/ios/Packages/GodstoneFoundation/Sources/GodstoneMesh/SessionManager.swift:443:17: [1;33mwarning: [1;39mresult of call to 'removeSlot' is unused[0;0m [#]8;;https://docs.swift.org/compiler/documentation/diagnostics/no-usage\NoUsage]8;;\]
[0;36m441 |[0;0m             }
[0;36m442 |[0;0m             if let doomed = doomed {
[0;36m443 |[0;0m                 removeSlot(admission)
    [0;36m|[0;0m                 `- [1;33mwarning: [1;39mresult of call to 'removeSlot' is unused[0;0m [#]8;;https://docs.swift.org/compiler/documentation/diagnostics/no-usage\NoUsage]8;;\]
[0;36m444 |[0;0m                 doomed.destroy()
[0;36m445 |[0;0m             }

/Users/oculus/.cache/godstone-mutation-worktrees/wt_T60-RC12-ios-the-touch-target-minimum-vanish/ios/Packages/GodstoneFoundation/Sources/GodstoneMesh/SessionManager.swift:476:21: [1;33mwarning: [1;39mresult of call to 'removeSlot' is unused[0;0m [#]8;;https://docs.swift.org/compiler/documentation/diagnostics/no-usage\NoUsage]8;;\]
[0;36m474 |[0;0m                 guard isActive else {
[0;36m475 |[0;0m                     _ = slot.retire()
[0;36m476 |[0;0m                     removeSlot(admission)
    [0;36m|[0;0m                     `- [1;33mwarning: [1;39mresult of call to 'removeSlot' is unused[0;0m [#]8;;https://docs.swift.org/compiler/documentation/diagnostics/no-usage\NoUsage]8;;\]
[0;36m477 |[0;0m                     ctrl.destroy()
[0;36m478 |[0;0m                     return nil

/Users/oculus/.cache/godstone-mutation-worktrees/wt_T60-RC12-ios-the-touch-target-minimum-vanish/ios/Packages/GodstoneFoundation/Sources/GodstoneMesh/SessionManager.swift:470:33: [1;33mwarning: [1;39mno calls to throwing functions occur within 'try' expression[0;0m [#]8;;https://docs.swift.org/compiler/documentation/diagnostics/unnecessary-effect-marker\UnnecessaryEffectMarker]8;;\]
[0;36m468 |[0;0m                     trustAuthority: trustAuthority
[0;36m469 |[0;0m                 )
[0;36m470 |[0;0m                 guard let hs2 = try? ctrl.responderProcessMessage1AndWriteMessage2(hs1: hs1) else {
    [0;36m|[0;0m                                 `- [1;33mwarning: [1;39mno calls to throwing functions occur within 'try' expression[0;0m [#]8;;https://docs.swift.org/compiler/documentation/diagnostics/unnecessary-effect-marker\UnnecessaryEffectMarker]8;;\]
[0;36m471 |[0;0m                     ctrl.destroy()
[0;36m472 |[0;0m                     return nil

/Users/oculus/.cache/godstone-mutation-worktrees/wt_T60-RC12-ios-the-touch-target-minimum-vanish/ios/Packages/GodstoneFoundation/Sources/GodstoneMesh/SessionManager.swift:506:17: [1;33mwarning: [1;39mresult of call to 'removeSlot' is unused[0;0m [#]8;;https://docs.swift.org/compiler/documentation/diagnostics/no-usage\NoUsage]8;;\]
[0;36m504 |[0;0m             }
[0;36m505 |[0;0m             if let doomed = doomed {
[0;36m506 |[0;0m                 removeSlot(admission)
    [0;36m|[0;0m                 `- [1;33mwarning: [1;39mresult of call to 'removeSlot' is unused[0;0m [#]8;;https://docs.swift.org/compiler/documentation/diagnostics/no-usage\NoUsage]8;;\]
[0;36m507 |[0;0m                 doomed.destroy()
[0;36m508 |[0;0m             }

[#NoUsage]: <https://docs.swift.org/compiler/documentation/diagnostics/no-usage>
[#UnnecessaryEffectMarker]: <https://docs.swift.org/compiler/documentation/diagnostics/unnecessary-effect-marker>
[167 / 222]
/Users/oculus/.cache/godstone-mutation-worktrees/wt_T60-RC12-ios-the-touch-target-minimum-vanish/ios/Packages/GodstoneFoundation/Sources/GodstoneMesh/AckDispatcher.swift:323:11: [1;33mwarning: [1;39m'catch' block is unreachable because no errors are thrown in 'do' block[0;0m
[0;36m321 |[0;0m         do {
[0;36m322 |[0;0m             result = admitForeign(encoded, receivedFrom)
[0;36m323 |[0;0m         } catch {
    [0;36m|[0;0m           `- [1;33mwarning: [1;39m'catch' block is unreachable because no errors are thrown in 'do' block[0;0m
[0;36m324 |[0;0m             return AckAdmission(result: .storageFailure, ackKey: nil, verificationClass: nil)
[0;36m325 |[0;0m         }

/Users/oculus/.cache/godstone-mutation-worktrees/wt_T60-RC12-ios-the-touch-target-minimum-vanish/ios/Packages/GodstoneFoundation/Sources/GodstoneMesh/AckDispatcher.swift:326:27: [1;33mwarning: [1;39mno calls to throwing functions occur within 'try' expression[0;0m [#]8;;https://docs.swift.org/compiler/documentation/diagnostics/unnecessary-effect-marker\UnnecessaryEffectMarker]8;;\]
[0;36m324 |[0;0m             return AckAdmission(result: .storageFailure, ackKey: nil, verificationClass: nil)
[0;36m325 |[0;0m         }
[0;36m326 |[0;0m         guard let frame = try? FrameV2.decode(encoded), frame.payload.count == ackPayloadLen else {
    [0;36m|[0;0m                           `- [1;33mwarning: [1;39mno calls to throwing functions occur within 'try' expression[0;0m [#]8;;https://docs.swift.org/compiler/documentation/diagnostics/unnecessary-effect-marker\UnnecessaryEffectMarker]8;;\]
[0;36m327 |[0;0m             return AckAdmission(result: result, ackKey: nil, verificationClass: nil)
[0;36m328 |[0;0m         }

/Users/oculus/.cache/godstone-mutation-worktrees/wt_T60-RC12-ios-the-touch-target-minimum-vanish/ios/Packages/GodstoneFoundation/Sources/GodstoneMesh/AckDispatcher.swift:407:31: [1;33mwarning: [1;39mno calls to throwing functions occur within 'try' expression[0;0m [#]8;;https://docs.swift.org/compiler/documentation/diagnostics/unnecessary-effect-marker\UnnecessaryEffectMarker]8;;\]
[0;36m405 |[0;0m                 continue
[0;36m406 |[0;0m             }
[0;36m407 |[0;0m             guard let frame = try? FrameV2.decode(record.encodedFrame) else {
    [0;36m|[0;0m                               `- [1;33mwarning: [1;39mno calls to throwing functions occur within 'try' expression[0;0m [#]8;;https://docs.swift.org/compiler/documentation/diagnostics/unnecessary-effect-marker\UnnecessaryEffectMarker]8;;\]
[0;36m408 |[0;0m                 refuse(.malformed)
[0;36m409 |[0;0m                 continue

[#UnnecessaryEffectMarker]: <https://docs.swift.org/compiler/documentation/diagnostics/unnecessary-effect-marker>
[170 / 222]
[171 / 222]
[179 / 222] GodstoneCoreTests-product
/Users/oculus/.cache/godstone-mutation-worktrees/wt_T60-RC12-ios-the-touch-target-minimum-vanish/ios/Packages/GodstoneFoundation/Tests/GodstoneCoreTests/ReadinessT48Tests.swift:134:69: [1;33mwarning: [1;39mmain actor-isolated static property 'tierName' can not be referenced from a nonisolated context; this is an error in the Swift 6 language mode[0;0m
 [0;36m23 |[0;0m @MainActor
 [0;36m24 |[0;0m final class ReadinessT48Tests: XCTestCase {
 [0;36m25 |[0;0m     private static let tierName = Tier.light.archiveDatabaseName   // archive_light.db
    [0;36m|[0;0m                        `- [1;39mnote: [1;39mstatic property declared here[0;0m
 [0;36m26 |[0;0m 
 [0;36m27 |[0;0m     private var fixturesDirectory: URL {
    [0;36m:[0;0m
[0;36m132 |[0;0m     /// Build (or rebuild) the tier's archive under the application-support
[0;36m133 |[0;0m     /// archives directory, where the production resolver looketh.
[0;36m134 |[0;0m     private func makeArchive(named name: String = ReadinessT48Tests.tierName,
    [0;36m|[0;0m                                                                     `- [1;33mwarning: [1;39mmain actor-isolated static property 'tierName' can not be referenced from a nonisolated context; this is an error in the Swift 6 language mode[0;0m
[0;36m135 |[0;0m                               _ shape: (inout FixtureKnobs) -> Void = { _ in }) throws -> URL {
[0;36m136 |[0;0m         var knobs = FixtureKnobs()

/Users/oculus/.cache/godstone-mutation-worktrees/wt_T60-RC12-ios-the-touch-target-minimum-vanish/ios/Packages/GodstoneFoundation/Tests/GodstoneCoreTests/ReadinessT50Tests.swift:224:69: [1;33mwarning: [1;39mmain actor-isolated static property 'tierName' can not be referenced from a nonisolated context; this is an error in the Swift 6 language mode[0;0m
 [0;36m114 |[0;0m @MainActor
 [0;36m115 |[0;0m final class ReadinessT50Tests: XCTestCase {
 [0;36m116 |[0;0m     private static let tierName = Tier.light.archiveDatabaseName   // archive_light.db
     [0;36m|[0;0m                        `- [1;39mnote: [1;39mstatic property declared here[0;0m
 [0;36m117 |[0;0m 
 [0;36m118 |[0;0m     private enum TestError: Error { case fixtureNotFound(String), noSupportDirectory }
     [0;36m:[0;0m
 [0;36m222 |[0;0m 
 [0;36m223 |[0;0m     /// Build (or rebuild) the tier's archive under the resolver's eye.
 [0;36m224 |[0;0m     private func makeArchive(named name: String = ReadinessT50Tests.tierName,
     [0;36m|[0;0m                                                                     `- [1;33mwarning: [1;39mmain actor-isolated static property 'tierName' can not be referenced from a nonisolated context; this is an error in the Swift 6 language mode[0;0m
 [0;36m225 |[0;0m                              _ shape: (inout FixtureKnobs) -> Void = { _ in }) throws -> URL {
 [0;36m226 |[0;0m         var knobs = FixtureKnobs()
/Users/oculus/.cache/godstone-mutation-worktrees/wt_T60-RC12-ios-the-touch-target-minimum-vanish/ios/Packages/GodstoneFoundation/Sources/GodstoneMesh/BleTransport.swift:8:16: [1;33mwarning: [1;39mstored property 'peripheral' of 'Sendable'-conforming struct 'OutboundPhysicalLifetime' contains non-Sendable type 'CBPeripheral'; this is an error in the Swift 6 language mode[0;0m
   [0;36m6 |[0;0m     public let relationKey: RelationKey
   [0;36m7 |[0;0m     public let transportEpoch: UInt64
   [0;36m8 |[0;0m     public let peripheral: CBPeripheral?
     [0;36m|[0;0m                `- [1;33mwarning: [1;39mstored property 'peripheral' of 'Sendable'-conforming struct 'OutboundPhysicalLifetime' contains non-Sendable type 'CBPeripheral'; this is an error in the Swift 6 language mode[0;0m
   [0;36m9 |[0;0m 
  [0;36m10 |[0;0m     public init(relationKey: RelationKey, transportEpoch: UInt64, peripheral: CBPeripheral? = nil) {

/Applications/Xcode.app/Contents/Developer/Platforms/MacOSX.platform/Developer/SDKs/MacOSX27.0.sdk/System/Library/Frameworks/CoreBluetooth.framework/Headers/CBPeripheral.h:66:28: [1;39mnote: [1;39mclass 'CBPeripheral' does not conform to the 'Sendable' protocol[0;0m
 [0;36m64 |[0;0m  */
 [0;36m65 |[0;0m NS_CLASS_AVAILABLE(10_7, 5_0)
 [0;36m66 |[0;0m CB_EXTERN_CLASS @interface CBPeripheral : CBPeer
    [0;36m|[0;0m                            `- [1;39mnote: [1;39mclass 'CBPeripheral' does not conform to the 'Sendable' protocol[0;0m
 [0;36m67 |[0;0m 
 [0;36m68 |[0;0m /*!

/Users/oculus/.cache/godstone-mutation-worktrees/wt_T60-RC12-ios-the-touch-target-minimum-vanish/ios/Packages/GodstoneFoundation/Sources/GodstoneMesh/BleTransport.swift:2:1: [1;33mwarning: [1;39madd '@preconcurrency' to suppress 'Sendable'-related warnings from module 'CoreBluetooth'[0;0m [#]8;;https://docs.swift.org/compiler/documentation/diagnostics/add-preconcurrency-import\AddPreconcurrencyImport]8;;\]
   [0;36m1 |[0;0m import Foundation
   [0;36m2 |[0;0m import CoreBluetooth
     [0;36m|[0;0m `- [1;33mwarning: [1;39madd '@preconcurrency' to suppress 'Sendable'-related warnings from module 'CoreBluetooth'[0;0m [#]8;;https://docs.swift.org/compiler/documentation/diagnostics/add-preconcurrency-import\AddPreconcurrencyImport]8;;\]
   [0;36m3 |[0;0m import GodstoneCore
   [0;36m4 |[0;0m 

/Users/oculus/.cache/godstone-mutation-worktrees/wt_T60-RC12-ios-the-touch-target-minimum-vanish/ios/Packages/GodstoneFoundation/Sources/GodstoneMesh/BleTransport.swift:32:16: [1;33mwarning: [1;39mstored property 'characteristicUuid' of 'Sendable'-conforming struct 'InboxSubscription' has non-Sendable type 'CBUUID'; this is an error in the Swift 6 language mode[0;0m
  [0;36m30 |[0;0m /// subscription. Presented by the subscribe callback, held with the lease.
  [0;36m31 |[0;0m public struct InboxSubscription: Equatable, Sendable {
  [0;36m32 |[0;0m     public let characteristicUuid: CBUUID
     [0;36m|[0;0m                `- [1;33mwarning: [1;39mstored property 'characteristicUuid' of 'Sendable'-conforming struct 'InboxSubscription' has non-Sendable type 'CBUUID'; this is an error in the Swift 6 language mode[0;0m
  [0;36m33 |[0;0m     public let maxUpdateLength: Int
  [0;36m34 |[0;0m 

/Applications/Xcode.app/Contents/Developer/Platforms/MacOSX.platform/Developer/SDKs/MacOSX27.0.sdk/System/Library/Frameworks/CoreBluetooth.framework/Headers/CBUUID.h:85:28: [1;39mnote: [1;39mclass 'CBUUID' does not conform to the 'Sendable' protocol[0;0m
 [0;36m83 |[0;0m  */
 [0;36m84 |[0;0m NS_CLASS_AVAILABLE(10_7, 5_0)
 [0;36m85 |[0;0m CB_EXTERN_CLASS @interface CBUUID : NSObject <NSCopying>
    [0;36m|[0;0m                            `- [1;39mnote: [1;39mclass 'CBUUID' does not conform to the 'Sendable' protocol[0;0m
 [0;36m86 |[0;0m 
 [0;36m87 |[0;0m /*!

/Users/oculus/.cache/godstone-mutation-worktrees/wt_T60-RC12-ios-the-touch-target-minimum-vanish/ios/Packages/GodstoneFoundation/Sources/GodstoneMesh/BleTransport.swift:48:16: [1;33mwarning: [1;39mstored property 'retainedCentral' of 'Sendable'-conforming struct 'InboundSubscriptionLifetime' contains non-Sendable type 'CBCentral'; this is an error in the Swift 6 language mode[0;0m
  [0;36m46 |[0;0m     /// this handle - never through a fresh lookup of the subscriber list,
  [0;36m47 |[0;0m     /// which a reused identity could have renewed in the meantime.
  [0;36m48 |[0;0m     public let retainedCentral: CBCentral?
     [0;36m|[0;0m                `- [1;33mwarning: [1;39mstored property 'retainedCentral' of 'Sendable'-conforming struct 'InboundSubscriptionLifetime' contains non-Sendable type 'CBCentral'; this is an error in the Swift 6 language mode[0;0m
  [0;36m49 |[0;0m     /// The inbox subscription this lease stands for, as presented by the
  [0;36m50 |[0;0m     /// callback; nil while the subscription was not distinguishable.

/Applications/Xcode.app/Contents/Developer/Platforms/MacOSX.platform/Developer/SDKs/MacOSX27.0.sdk/System/Library/Frameworks/CoreBluetooth.framework/Headers/CBCentral.h:28:28: [1;39mnote: [1;39mclass 'CBCentral' does not conform to the 'Sendable' protocol[0;0m
[0;36m26 |[0;0m  */
[0;36m27 |[0;0m NS_CLASS_AVAILABLE(10_9, 6_0)
[0;36m28 |[0;0m CB_EXTERN_CLASS @interface CBCentral : CBPeer
   [0;36m|[0;0m                            `- [1;39mnote: [1;39mclass 'CBCentral' does not conform to the 'Sendable' protocol[0;0m
[0;36m29 |[0;0m 
[0;36m30 |[0;0m /*!

/Users/oculus/.cache/godstone-mutation-worktrees/wt_T60-RC12-ios-the-touch-target-minimum-vanish/ios/Packages/GodstoneFoundation/Sources/GodstoneMesh/BleTransport.swift:123:5: [1;33mwarning: [1;39m'public' modifier is redundant for property declared in a public extension[0;0m
 [0;36m121 |[0;0m 
 [0;36m122 |[0;0m public extension TransportManagerFactory {
 [0;36m123 |[0;0m     public var admissionBudgetOverride: Int? { return nil }
     [0;36m|[0;0m     `- [1;33mwarning: [1;39m'public' modifier is redundant for property declared in a public extension[0;0m
 [0;36m124 |[0;0m }
 [0;36m125 |[0;0m 

/Users/oculus/.cache/godstone-mutation-worktrees/wt_T60-RC12-ios-the-touch-target-minimum-vanish/ios/Packages/GodstoneFoundation/Sources/GodstoneMesh/BleTransport.swift:550:9: [1;33mwarning: [1;39mstored property 'timer' of 'Sendable'-conforming struct 'TimerLease' has non-Sendable type 'Timer'; this is an error in the Swift 6 language mode[0;0m
 [0;36m548 |[0;0m     public let deadlineUptimeMillis: UInt64
 [0;36m549 |[0;0m     public let handle: TimerKey
 [0;36m550 |[0;0m     let timer: Timer
     [0;36m|[0;0m         `- [1;33mwarning: [1;39mstored property 'timer' of 'Sendable'-conforming struct 'TimerLease' has non-Sendable type 'Timer'; this is an error in the Swift 6 language mode[0;0m
 [0;36m551 |[0;0m     let context: ManagerContext?
 [0;36m552 |[0;0m 

/Applications/Xcode.app/Contents/Developer/Platforms/MacOSX.platform/Developer/SDKs/MacOSX27.0.sdk/System/Library/Frameworks/Foundation.framework/Headers/NSTimer.h:45:12: [1;39mnote: [1;39mclass 'Timer' does not conform to the 'Sendable' protocol[0;0m
 [0;36m43 |[0;0m ///
 [0;36m44 |[0;0m /// Do not subclass ``Timer``.
 [0;36m45 |[0;0m @interface NSTimer : NSObject
    [0;36m|[0;0m            `- [1;39mnote: [1;39mclass 'Timer' does not conform to the 'Sendable' protocol[0;0m
 [0;36m46 |[0;0m 
 [0;36m47 |[0;0m /// Initializes a timer object with the specified invocation object.

/Users/oculus/.cache/godstone-mutation-worktrees/wt_T60-RC12-ios-the-touch-target-minimum-vanish/ios/Packages/GodstoneFoundation/Sources/GodstoneMesh/BleTransport.swift:2013:28: [1;33mwarning: [1;39mresult of call to 'rewindInFlight' is unused[0;0m [#]8;;https://docs.swift.org/compiler/documentation/diagnostics/no-usage\NoUsage]8;;\]
[0;36m2011 |[0;0m                       p.canSendWriteWithoutResponse,
[0;36m2012 |[0;0m                       let ch = inboxCharacteristics[peerId] else {
[0;36m2013 |[0;0m                     writer.rewindInFlight(operation)
     [0;36m|[0;0m                            `- [1;33mwarning: [1;39mresult of call to 'rewindInFlight' is unused[0;0m [#]8;;https://docs.swift.org/compiler/documentation/diagnostics/no-usage\NoUsage]8;;\]
[0;36m2014 |[0;0m                     return true
[0;36m2015 |[0;0m                 }

/Users/oculus/.cache/godstone-mutation-worktrees/wt_T60-RC12-ios-the-touch-target-minimum-vanish/ios/Packages/GodstoneFoundation/Sources/GodstoneMesh/BleTransport.swift:2033:24: [1;33mwarning: [1;39mresult of call to 'completed' is unused[0;0m [#]8;;https://docs.swift.org/compiler/documentation/diagnostics/no-usage\NoUsage]8;;\]
[0;36m2031 |[0;0m                 // claimed of the remote.
[0;36m2032 |[0;0m                 p.writeValue(bytes, for: ch, type: .withoutResponse)
[0;36m2033 |[0;0m                 writer.completed(operation)
     [0;36m|[0;0m                        `- [1;33mwarning: [1;39mresult of call to 'completed' is unused[0;0m [#]8;;https://docs.swift.org/compiler/documentation/diagnostics/no-usage\NoUsage]8;;\]
[0;36m2034 |[0;0m             } else {
[0;36m2035 |[0;0m                 if activeManagerContext?.isQuarantined(peerId) == true {

/Users/oculus/.cache/godstone-mutation-worktrees/wt_T60-RC12-ios-the-touch-target-minimum-vanish/ios/Packages/GodstoneFoundation/Sources/GodstoneMesh/BleTransport.swift:2039:28: [1;33mwarning: [1;39mresult of call to 'rewindInFlight' is unused[0;0m [#]8;;https://docs.swift.org/compiler/documentation/diagnostics/no-usage\NoUsage]8;;\]
[0;36m2037 |[0;0m                     // the value keeps its place until the drop comes by the
[0;36m2038 |[0;0m                     // paths that are entitled to make it.
[0;36m2039 |[0;0m                     writer.rewindInFlight(operation)
     [0;36m|[0;0m                            `- [1;33mwarning: [1;39mresult of call to 'rewindInFlight' is unused[0;0m [#]8;;https://docs.swift.org/compiler/documentation/diagnostics/no-usage\NoUsage]8;;\]
[0;36m2040 |[0;0m                     return true
[0;36m2041 |[0;0m                 }

/Users/oculus/.cache/godstone-mutation-worktrees/wt_T60-RC12-ios-the-touch-target-minimum-vanish/ios/Packages/GodstoneFoundation/Sources/GodstoneMesh/BleTransport.swift:2049:28: [1;33mwarning: [1;39mresult of call to 'rewindInFlight' is unused[0;0m [#]8;;https://docs.swift.org/compiler/documentation/diagnostics/no-usage\NoUsage]8;;\]
[0;36m2047 |[0;0m                       // property deliberately, and the object is THE SAME reference.
[0;36m2048 |[0;0m                       let peripheral = peripheral else {
[0;36m2049 |[0;0m                     writer.rewindInFlight(operation)
     [0;36m|[0;0m                            `- [1;33mwarning: [1;39mresult of call to 'rewindInFlight' is unused[0;0m [#]8;;https://docs.swift.org/compiler/documentation/diagnostics/no-usage\NoUsage]8;;\]
[0;36m2050 |[0;0m                     return true
[0;36m2051 |[0;0m                 }

/Users/oculus/.cache/godstone-mutation-worktrees/wt_T60-RC12-ios-the-touch-target-minimum-vanish/ios/Packages/GodstoneFoundation/Sources/GodstoneMesh/BleTransport.swift:2066:28: [1;33mwarning: [1;39mresult of call to 'completed' is unused[0;0m [#]8;;https://docs.swift.org/compiler/documentation/diagnostics/no-usage\NoUsage]8;;\]
[0;36m2064 |[0;0m                     via: ObjectIdentifier(centralObj), viaRetained: true))
[0;36m2065 |[0;0m                 if ok {
[0;36m2066 |[0;0m                     writer.completed(operation)
     [0;36m|[0;0m                            `- [1;33mwarning: [1;39mresult of call to 'completed' is unused[0;0m [#]8;;https://docs.swift.org/compiler/documentation/diagnostics/no-usage\NoUsage]8;;\]
[0;36m2067 |[0;0m                 } else {
[0;36m2068 |[0;0m                     // updateValue refused: the very same ciphertext fragment

/Users/oculus/.cache/godstone-mutation-worktrees/wt_T60-RC12-ios-the-touch-target-minimum-vanish/ios/Packages/GodstoneFoundation/Sources/GodstoneMesh/BleTransport.swift:2071:28: [1;33mwarning: [1;39mresult of call to 'rewindInFlight' is unused[0;0m [#]8;;https://docs.swift.org/compiler/documentation/diagnostics/no-usage\NoUsage]8;;\]
[0;36m2069 |[0;0m                     // keeps its place in the window, unaltered, for the next
[0;36m2070 |[0;0m                     // report of readiness. It is never resealed on the retry.
[0;36m2071 |[0;0m                     writer.rewindInFlight(operation)
     [0;36m|[0;0m                            `- [1;33mwarning: [1;39mresult of call to 'rewindInFlight' is unused[0;0m [#]8;;https://docs.swift.org/compiler/documentation/diagnostics/no-usage\NoUsage]8;;\]
[0;36m2072 |[0;0m                     return true
[0;36m2073 |[0;0m                 }

/Users/oculus/.cache/godstone-mutation-worktrees/wt_T60-RC12-ios-the-touch-target-minimum-vanish/ios/Packages/GodstoneFoundation/Sources/GodstoneMesh/BleTransport.swift:2283:19: [1;33mwarning: [1;39mvalue 'registry' was defined but never used; consider replacing with boolean test[0;0m [#]8;;https://docs.swift.org/compiler/documentation/diagnostics/no-usage\NoUsage]8;;\]
[0;36m2281 |[0;0m         let rememberedHint = inboundRemoteHints[centralId]
[0;36m2282 |[0;0m         unlockTransport()
[0;36m2283 |[0;0m         guard let registry else {
     [0;36m|[0;0m                   `- [1;33mwarning: [1;39mvalue 'registry' was defined but never used; consider replacing with boolean test[0;0m [#]8;;https://docs.swift.org/compiler/documentation/diagnostics/no-usage\NoUsage]8;;\]
[0;36m2284 |[0;0m             recordRejection(peerId: centralId, site: "hs.read.responder", reason: "no trusted session registry")
[0;36m2285 |[0;0m             return

/Users/oculus/.cache/godstone-mutation-worktrees/wt_T60-RC12-ios-the-touch-target-minimum-vanish/ios/Packages/GodstoneFoundation/Sources/GodstoneMesh/BleTransport.swift:2421:19: [1;33mwarning: [1;39mvalue 'registry' was defined but never used; consider replacing with boolean test[0;0m [#]8;;https://docs.swift.org/compiler/documentation/diagnostics/no-usage\NoUsage]8;;\]
[0;36m2419 |[0;0m         let conn = outboundCentralConnections[peerId]
[0;36m2420 |[0;0m         unlockTransport()
[0;36m2421 |[0;0m         guard let registry else {
     [0;36m|[0;0m                   `- [1;33mwarning: [1;39mvalue 'registry' was defined but never used; consider replacing with boolean test[0;0m [#]8;;https://docs.swift.org/compiler/documentation/diagnostics/no-usage\NoUsage]8;;\]
[0;36m2422 |[0;0m             recordRejection(peerId: peerId, site: "hs.read.initiator", reason: "no trusted session registry")
[0;36m2423 |[0;0m             return

/Users/oculus/.cache/godstone-mutation-worktrees/wt_T60-RC12-ios-the-touch-target-minimum-vanish/ios/Packages/GodstoneFoundation/Sources/GodstoneMesh/BleTransport.swift:2599:19: [1;33mwarning: [1;39mvalue 'registry' was defined but never used; consider replacing with boolean test[0;0m [#]8;;https://docs.swift.org/compiler/documentation/diagnostics/no-usage\NoUsage]8;;\]
[0;36m2597 |[0;0m         let conn = outboundCentralConnections[peerId]
[0;36m2598 |[0;0m         unlockTransport()
[0;36m2599 |[0;0m         guard let registry else {
     [0;36m|[0;0m                   `- [1;33mwarning: [1;39mvalue 'registry' was defined but never used; consider replacing with boolean test[0;0m [#]8;;https://docs.swift.org/compiler/documentation/diagnostics/no-usage\NoUsage]8;;\]
[0;36m2600 |[0;0m             recordRejection(peerId: peerId, site: "hs.begin", reason: "no trusted session registry")
[0;36m2601 |[0;0m             return .rejected("no trusted session registry")

/Users/oculus/.cache/godstone-mutation-worktrees/wt_T60-RC12-ios-the-touch-target-minimum-vanish/ios/Packages/GodstoneFoundation/Sources/GodstoneMesh/BleTransport.swift:3018:16: [1;33mwarning: [1;39m'init(bytes:)' is deprecated: use `init(_:)` instead[0;0m [#]8;;https://docs.swift.org/compiler/documentation/diagnostics/deprecated-declaration\DeprecatedDeclaration]8;;\]
[0;36m3016 |[0;0m     private static func peerOctets(_ peerId: UUID) -> Data {
[0;36m3017 |[0;0m         var uuid = peerId.uuid
[0;36m3018 |[0;0m         return Data(bytes: [
     [0;36m|[0;0m                `- [1;33mwarning: [1;39m'init(bytes:)' is deprecated: use `init(_:)` instead[0;0m [#]8;;https://docs.swift.org/compiler/documentation/diagnostics/deprecated-declaration\DeprecatedDeclaration]8;;\]
[0;36m3019 |[0;0m             UInt8(uuid.0), UInt8(uuid.1), UInt8(uuid.2), UInt8(uuid.3),
[0;36m3020 |[0;0m             UInt8(uuid.4), UInt8(uuid.5), UInt8(uuid.6), UInt8(uuid.7),

/Users/oculus/.cache/godstone-mutation-worktrees/wt_T60-RC12-ios-the-touch-target-minimum-vanish/ios/Packages/GodstoneFoundation/Sources/GodstoneMesh/BleTransport.swift:3017:13: [1;33mwarning: [1;39mvariable 'uuid' was never mutated; consider changing to 'let' constant[0;0m [#]8;;https://docs.swift.org/compiler/documentation/diagnostics/variable-never-mutated\VariableNeverMutated]8;;\]
[0;36m3015 |[0;0m     /// The octets of a relations peer, as a dispatch record keepeth them.
[0;36m3016 |[0;0m     private static func peerOctets(_ peerId: UUID) -> Data {
[0;36m3017 |[0;0m         var uuid = peerId.uuid
     [0;36m|[0;0m             `- [1;33mwarning: [1;39mvariable 'uuid' was never mutated; consider changing to 'let' constant[0;0m [#]8;;https://docs.swift.org/compiler/documentation/diagnostics/variable-never-mutated\VariableNeverMutated]8;;\]
[0;36m3018 |[0;0m         return Data(bytes: [
[0;36m3019 |[0;0m             UInt8(uuid.0), UInt8(uuid.1), UInt8(uuid.2), UInt8(uuid.3),

/Users/oculus/.cache/godstone-mutation-worktrees/wt_T60-RC12-ios-the-touch-target-minimum-vanish/ios/Packages/GodstoneFoundation/Sources/GodstoneMesh/BleTransport.swift:3838:17: [1;33mwarning: [1;39mresult of call to 'publishRelation' is unused[0;0m [#]8;;https://docs.swift.org/compiler/documentation/diagnostics/no-usage\NoUsage]8;;\]
[0;36m3836 |[0;0m                 let mayBegin = outboundCentralConnections[peerId]?.state == .roleBound
[0;36m3837 |[0;0m                 unlockTransport()
[0;36m3838 |[0;0m                 publishRelation(delegate.relationKey)
     [0;36m|[0;0m                 `- [1;33mwarning: [1;39mresult of call to 'publishRelation' is unused[0;0m [#]8;;https://docs.swift.org/compiler/documentation/diagnostics/no-usage\NoUsage]8;;\]
[0;36m3839 |[0;0m                 if mayBegin, let relationHint = relationHint {
[0;36m3840 |[0;0m                     _ = beginTrustedHandshake(peerId: peerId, remoteHint: relationHint)

/Users/oculus/.cache/godstone-mutation-worktrees/wt_T60-RC12-ios-the-touch-target-minimum-vanish/ios/Packages/GodstoneFoundation/Sources/GodstoneMesh/BleTransport.swift:4026:17: [1;33mwarning: [1;39mresult of call to 'publishRelation' is unused[0;0m [#]8;;https://docs.swift.org/compiler/documentation/diagnostics/no-usage\NoUsage]8;;\]
[0;36m4024 |[0;0m             unlockTransport()
[0;36m4025 |[0;0m             if case .acceptWriteAndDuplexReady = action {
[0;36m4026 |[0;0m                 publishRelation(key)
     [0;36m|[0;0m                 `- [1;33mwarning: [1;39mresult of call to 'publishRelation' is unused[0;0m [#]8;;https://docs.swift.org/compiler/documentation/diagnostics/no-usage\NoUsage]8;;\]
[0;36m4027 |[0;0m             }
[0;36m4028 |[0;0m         case .acceptDuplicateWrite:

/Users/oculus/.cache/godstone-mutation-worktrees/wt_T60-RC12-ios-the-touch-target-minimum-vanish/ios/Packages/GodstoneFoundation/Sources/GodstoneMesh/BleTransport.swift:4118:17: [1;33mwarning: [1;39mresult of call to 'publishRelation' is unused[0;0m [#]8;;https://docs.swift.org/compiler/documentation/diagnostics/no-usage\NoUsage]8;;\]
[0;36m4116 |[0;0m             unlockTransport()
[0;36m4117 |[0;0m             if case .acceptSubscriptionAndDuplexReady = action {
[0;36m4118 |[0;0m                 publishRelation(key)
     [0;36m|[0;0m                 `- [1;33mwarning: [1;39mresult of call to 'publishRelation' is unused[0;0m [#]8;;https://docs.swift.org/compiler/documentation/diagnostics/no-usage\NoUsage]8;;\]
[0;36m4119 |[0;0m             }
[0;36m4120 |[0;0m         default:

/Users/oculus/.cache/godstone-mutation-worktrees/wt_T60-RC12-ios-the-touch-target-minimum-vanish/ios/Packages/GodstoneFoundation/Sources/GodstoneMesh/BleTransport.swift:4910:19: [1;33mwarning: [1;39mvalue 'inboxChar' was defined but never used; consider replacing with boolean test[0;0m [#]8;;https://docs.swift.org/compiler/documentation/diagnostics/no-usage\NoUsage]8;;\]
[0;36m4908 |[0;0m             return
[0;36m4909 |[0;0m         }
[0;36m4910 |[0;0m         guard let inboxChar = mutableInboxCharacteristic else {
     [0;36m|[0;0m                   `- [1;33mwarning: [1;39mvalue 'inboxChar' was defined but never used; consider replacing with boolean test[0;0m [#]8;;https://docs.swift.org/compiler/documentation/diagnostics/no-usage\NoUsage]8;;\]
[0;36m4911 |[0;0m             unlockTransport()
[0;36m4912 |[0;0m             return

/Users/oculus/.cache/godstone-mutation-worktrees/wt_T60-RC12-ios-the-touch-target-minimum-vanish/ios/Packages/GodstoneFoundation/Sources/GodstoneMesh/BoundRecipientKeyResolver.swift:11:1: [1;33mwarning: [1;39mconformance to 'Sendable' must occur in the same source file as class 'PeerIdentityRepository'; use '@unchecked Sendable' for retroactive conformance; this is an error in the Swift 6 language mode[0;0m
 [0;36m9 |[0;0m }
[0;36m10 |[0;0m 
[0;36m11 |[0;0m extension PeerIdentityRepository: PeerIdentityLookupSource {}
   [0;36m|[0;0m `- [1;33mwarning: [1;39mconformance to 'Sendable' must occur in the same source file as class 'PeerIdentityRepository'; use '@unchecked Sendable' for retroactive conformance; this is an error in the Swift 6 language mode[0;0m
[0;36m12 |[0;0m 
[0;36m13 |[0;0m /// Read-only durable peer-identity -> ACK signing-key resolver (ADR-003, Phase C8.3).

/Users/oculus/.cache/godstone-mutation-worktrees/wt_T60-RC12-ios-the-touch-target-minimum-vanish/ios/Packages/GodstoneFoundation/Sources/GodstoneMesh/PeerIdentityRepository.swift:114:17: [1;33mwarning: [1;39mstored property 'store' of 'Sendable'-conforming class 'PeerIdentityRepository' has non-Sendable type 'any PeerIdentityStore'; this is an error in the Swift 6 language mode[0;0m
[0;36m112 |[0;0m /// and post-mutation readback verification (ADR-003, Phase C8.2B).
[0;36m113 |[0;0m internal final class PeerIdentityRepository {
[0;36m114 |[0;0m     private let store: PeerIdentityStore
    [0;36m|[0;0m                 `- [1;33mwarning: [1;39mstored property 'store' of 'Sendable'-conforming class 'PeerIdentityRepository' has non-Sendable type 'any PeerIdentityStore'; this is an error in the Swift 6 language mode[0;0m
[0;36m115 |[0;0m 
[0;36m116 |[0;0m     init(store: PeerIdentityStore) {

/Users/oculus/.cache/godstone-mutation-worktrees/wt_T60-RC12-ios-the-touch-target-minimum-vanish/ios/Packages/GodstoneFoundation/Sources/GodstoneMesh/PeerIdentityStore.swift:223:19: [1;39mnote: [1;39mprotocol 'PeerIdentityStore' does not conform to the 'Sendable' protocol[0;0m
 [0;36m221 |[0;0m 
 [0;36m222 |[0;0m /// Storage protocol for peer identity repository backend (ADR-003, Phase C8.2B).
 [0;36m223 |[0;0m internal protocol PeerIdentityStore: AnyObject {
     [0;36m|[0;0m                   `- [1;39mnote: [1;39mprotocol 'PeerIdentityStore' does not conform to the 'Sendable' protocol[0;0m
 [0;36m224 |[0;0m     func inImmediateTransaction<T>(_ block: (PeerIdentityStore) throws -> T) throws -> T
 [0;36m225 |[0;0m 

/Users/oculus/.cache/godstone-mutation-worktrees/wt_T60-RC12-ios-the-touch-target-minimum-vanish/ios/Packages/GodstoneFoundation/Sources/GodstoneMesh/ComposedRuntime.swift:426:28: [1;33mwarning: [1;39mno calls to throwing functions occur within 'try' expression[0;0m [#]8;;https://docs.swift.org/compiler/documentation/diagnostics/unnecessary-effect-marker\UnnecessaryEffectMarker]8;;\]
[0;36m424 |[0;0m                     let durableFault: ((String, OpaquePointer?) throws -> Void)? =
[0;36m425 |[0;0m                         (fault == nil) ? nil : { site, _ in try fault!(site) }
[0;36m426 |[0;0m                     return try durableStore.commitInboundWithObligationAtWithFault(
    [0;36m|[0;0m                            `- [1;33mwarning: [1;39mno calls to throwing functions occur within 'try' expression[0;0m [#]8;;https://docs.swift.org/compiler/documentation/diagnostics/unnecessary-effect-marker\UnnecessaryEffectMarker]8;;\]
[0;36m427 |[0;0m                         frame, receivedFrom: receivedFrom, localRecipientNodeId: localRecipient,
[0;36m428 |[0;0m                         identityGeneration: generation, obligationLifetimeMs: lifetime,

/Users/oculus/.cache/godstone-mutation-worktrees/wt_T60-RC12-ios-the-touch-target-minimum-vanish/ios/Packages/GodstoneFoundation/Sources/GodstoneMesh/ComposedRuntime.swift:431:28: [1;33mwarning: [1;39mno calls to throwing functions occur within 'try' expression[0;0m [#]8;;https://docs.swift.org/compiler/documentation/diagnostics/unnecessary-effect-marker\UnnecessaryEffectMarker]8;;\]
[0;36m429 |[0;0m                         receivedAt: receivedAt, fault: durableFault)
[0;36m430 |[0;0m                 } else {
[0;36m431 |[0;0m                     return try store.commitInboundWithObligationAtWithFault(
    [0;36m|[0;0m                            `- [1;33mwarning: [1;39mno calls to throwing functions occur within 'try' expression[0;0m [#]8;;https://docs.swift.org/compiler/documentation/diagnostics/unnecessary-effect-marker\UnnecessaryEffectMarker]8;;\]
[0;36m432 |[0;0m                         frame, receivedFrom: receivedFrom, localRecipientNodeId: localRecipient,
[0;36m433 |[0;0m                         identityGeneration: generation, obligationLifetimeMs: lifetime,

/Users/oculus/.cache/godstone-mutation-worktrees/wt_T60-RC12-ios-the-touch-target-minimum-vanish/ios/Packages/GodstoneFoundation/Sources/GodstoneMesh/ComposedRuntime.swift:967:28: [1;33mwarning: [1;39mno calls to throwing functions occur within 'try' expression[0;0m [#]8;;https://docs.swift.org/compiler/documentation/diagnostics/unnecessary-effect-marker\UnnecessaryEffectMarker]8;;\]
[0;36m965 |[0;0m 
[0;36m966 |[0;0m         // WIRING 1: THE DURABLE STORE -- the same `SqliteMessageStore` the runtime uses, over a caller-named path (so a court can REOPEN it).
[0;36m967 |[0;0m         let durableStore = try SqliteMessageStore(url: storeURL, maxBytes: 64 * 1024 * 1024)
    [0;36m|[0;0m                            `- [1;33mwarning: [1;39mno calls to throwing functions occur within 'try' expression[0;0m [#]8;;https://docs.swift.org/compiler/documentation/diagnostics/unnecessary-effect-marker\UnnecessaryEffectMarker]8;;\]
[0;36m968 |[0;0m         // AND THE COMPOSITION TAKETH **OWNERSHIP** OF WHAT IT CREATED, so that ITS OWN WIPE can reach it (GS-INTEGRATION-001: a wipe that owns nothing
[0;36m969 |[0;0m         // has nothing to reach -- which is exactly the measured RED of round 514).

[#AddPreconcurrencyImport]: <https://docs.swift.org/compiler/documentation/diagnostics/add-preconcurrency-import>
[#DeprecatedDeclaration]: <https://docs.swift.org/compiler/documentation/diagnostics/deprecated-declaration>
[#NoUsage]: <https://docs.swift.org/compiler/documentation/diagnostics/no-usage>
[#UnnecessaryEffectMarker]: <https://docs.swift.org/compiler/documentation/diagnostics/unnecessary-effect-marker>
[#VariableNeverMutated]: <https://docs.swift.org/compiler/documentation/diagnostics/variable-never-mutated>
[179 / 222] GodstoneMesh
[182 / 222] GodstoneCoreTests-product
/Users/oculus/.cache/godstone-mutation-worktrees/wt_T60-RC12-ios-the-touch-target-minimum-vanish/ios/Packages/GodstoneFoundation/Sources/GodstoneMesh/PeerIdentityStore.swift:346:12: [1;33mwarning: [1;39mresult of call to function returning 'Int32' is unused[0;0m [#]8;;https://docs.swift.org/compiler/documentation/diagnostics/no-usage\NoUsage]8;;\]
 [0;36m344 |[0;0m         adoptedConnectionIdentity = owned.connection.connectionIdentity
 [0;36m345 |[0;0m 
 [0;36m346 |[0;0m         fn.busyTimeout(db, 5000)
     [0;36m|[0;0m            `- [1;33mwarning: [1;39mresult of call to function returning 'Int32' is unused[0;0m [#]8;;https://docs.swift.org/compiler/documentation/diagnostics/no-usage\NoUsage]8;;\]
 [0;36m347 |[0;0m 
 [0;36m348 |[0;0m         do {

/Users/oculus/.cache/godstone-mutation-worktrees/wt_T60-RC12-ios-the-touch-target-minimum-vanish/ios/Packages/GodstoneFoundation/Sources/GodstoneMesh/PeerIdentityStore.swift:368:33: [1;33mwarning: [1;39mresult of call to function returning 'Int32' is unused[0;0m [#]8;;https://docs.swift.org/compiler/documentation/diagnostics/no-usage\NoUsage]8;;\]
 [0;36m366 |[0;0m         let flags = SQLITE_OPEN_READWRITE | SQLITE_OPEN_CREATE | SQLITE_OPEN_FULLMUTEX
 [0;36m367 |[0;0m         guard fn.openV2(path, &db, flags, nil) == SQLITE_OK, let validDb = db else {
 [0;36m368 |[0;0m             if let db = db { fn.closeV2(db) }
     [0;36m|[0;0m                                 `- [1;33mwarning: [1;39mresult of call to function returning 'Int32' is unused[0;0m [#]8;;https://docs.swift.org/compiler/documentation/diagnostics/no-usage\NoUsage]8;;\]
 [0;36m369 |[0;0m             throw PeerStoreError.handleMissing
 [0;36m370 |[0;0m         }

/Users/oculus/.cache/godstone-mutation-worktrees/wt_T60-RC12-ios-the-touch-target-minimum-vanish/ios/Packages/GodstoneFoundation/Sources/GodstoneMesh/PeerIdentityStore.swift:374:12: [1;33mwarning: [1;39mresult of call to function returning 'Int32' is unused[0;0m [#]8;;https://docs.swift.org/compiler/documentation/diagnostics/no-usage\NoUsage]8;;\]
 [0;36m372 |[0;0m 
 [0;36m373 |[0;0m         // Set busy timeout for cross-connection concurrency
 [0;36m374 |[0;0m         fn.busyTimeout(validDb, 5000)
     [0;36m|[0;0m            `- [1;33mwarning: [1;39mresult of call to function returning 'Int32' is unused[0;0m [#]8;;https://docs.swift.org/compiler/documentation/diagnostics/no-usage\NoUsage]8;;\]
 [0;36m375 |[0;0m 
 [0;36m376 |[0;0m         do {

/Users/oculus/.cache/godstone-mutation-worktrees/wt_T60-RC12-ios-the-touch-target-minimum-vanish/ios/Packages/GodstoneFoundation/Sources/GodstoneMesh/PeerIdentityStore.swift:379:16: [1;33mwarning: [1;39mresult of call to function returning 'Int32' is unused[0;0m [#]8;;https://docs.swift.org/compiler/documentation/diagnostics/no-usage\NoUsage]8;;\]
 [0;36m377 |[0;0m             try runMigrations(validDb)
 [0;36m378 |[0;0m         } catch {
 [0;36m379 |[0;0m             fn.closeV2(validDb)
     [0;36m|[0;0m                `- [1;33mwarning: [1;39mresult of call to function returning 'Int32' is unused[0;0m [#]8;;https://docs.swift.org/compiler/documentation/diagnostics/no-usage\NoUsage]8;;\]
 [0;36m380 |[0;0m             handle = nil
 [0;36m381 |[0;0m             throw error

/Users/oculus/.cache/godstone-mutation-worktrees/wt_T60-RC12-ios-the-touch-target-minimum-vanish/ios/Packages/GodstoneFoundation/Sources/GodstoneMesh/PeerIdentityStore.swift:403:16: [1;33mwarning: [1;39mresult of call to function returning 'Int32' is unused[0;0m [#]8;;https://docs.swift.org/compiler/documentation/diagnostics/no-usage\NoUsage]8;;\]
 [0;36m401 |[0;0m             try protectionSetter(path, fileProtection)
 [0;36m402 |[0;0m         } catch {
 [0;36m403 |[0;0m             fn.closeV2(validDb)
     [0;36m|[0;0m                `- [1;33mwarning: [1;39mresult of call to function returning 'Int32' is unused[0;0m [#]8;;https://docs.swift.org/compiler/documentation/diagnostics/no-usage\NoUsage]8;;\]
 [0;36m404 |[0;0m             handle = nil
 [0;36m405 |[0;0m             throw PeerStoreError.fileProtectionFailed

/Users/oculus/.cache/godstone-mutation-worktrees/wt_T60-RC12-ios-the-touch-target-minimum-vanish/ios/Packages/GodstoneFoundation/Sources/GodstoneMesh/PeerIdentityStore.swift:414:16: [1;33mwarning: [1;39mresult of call to function returning 'Int32' is unused[0;0m [#]8;;https://docs.swift.org/compiler/documentation/diagnostics/no-usage\NoUsage]8;;\]
 [0;36m412 |[0;0m     deinit {
 [0;36m413 |[0;0m         if ownsConnection, let db = handle {
 [0;36m414 |[0;0m             fn.closeV2(db)
     [0;36m|[0;0m                `- [1;33mwarning: [1;39mresult of call to function returning 'Int32' is unused[0;0m [#]8;;https://docs.swift.org/compiler/documentation/diagnostics/no-usage\NoUsage]8;;\]
 [0;36m415 |[0;0m         }
 [0;36m416 |[0;0m     }

/Users/oculus/.cache/godstone-mutation-worktrees/wt_T60-RC12-ios-the-touch-target-minimum-vanish/ios/Packages/GodstoneFoundation/Sources/GodstoneMesh/PeerIdentityStore.swift:431:16: [1;33mwarning: [1;39mresult of call to function returning 'Int32' is unused[0;0m [#]8;;https://docs.swift.org/compiler/documentation/diagnostics/no-usage\NoUsage]8;;\]
 [0;36m429 |[0;0m         }
 [0;36m430 |[0;0m         if let db = handle {
 [0;36m431 |[0;0m             fn.closeV2(db)
     [0;36m|[0;0m                `- [1;33mwarning: [1;39mresult of call to function returning 'Int32' is unused[0;0m [#]8;;https://docs.swift.org/compiler/documentation/diagnostics/no-usage\NoUsage]8;;\]
 [0;36m432 |[0;0m             handle = nil
 [0;36m433 |[0;0m         }

/Users/oculus/.cache/godstone-mutation-worktrees/wt_T60-RC12-ios-the-touch-target-minimum-vanish/ios/Packages/GodstoneFoundation/Sources/GodstoneMesh/PeerIdentityStore.swift:449:20: [1;33mwarning: [1;39mresult of call to function returning 'Int32' is unused[0;0m [#]8;;https://docs.swift.org/compiler/documentation/diagnostics/no-usage\NoUsage]8;;\]
 [0;36m447 |[0;0m             let result = try block(txStore)
 [0;36m448 |[0;0m             guard fn.exec(db, "COMMIT", nil, nil, nil) == SQLITE_OK else {
 [0;36m449 |[0;0m                 fn.exec(db, "ROLLBACK", nil, nil, nil)
     [0;36m|[0;0m                    `- [1;33mwarning: [1;39mresult of call to function returning 'Int32' is unused[0;0m [#]8;;https://docs.swift.org/compiler/documentation/diagnostics/no-usage\NoUsage]8;;\]
 [0;36m450 |[0;0m                 throw PeerStoreError.stepFailed
 [0;36m451 |[0;0m             }

/Users/oculus/.cache/godstone-mutation-worktrees/wt_T60-RC12-ios-the-touch-target-minimum-vanish/ios/Packages/GodstoneFoundation/Sources/GodstoneMesh/PeerIdentityStore.swift:454:16: [1;33mwarning: [1;39mresult of call to function returning 'Int32' is unused[0;0m [#]8;;https://docs.swift.org/compiler/documentation/diagnostics/no-usage\NoUsage]8;;\]
 [0;36m452 |[0;0m             return result
 [0;36m453 |[0;0m         } catch {
 [0;36m454 |[0;0m             fn.exec(db, "ROLLBACK", nil, nil, nil)
     [0;36m|[0;0m                `- [1;33mwarning: [1;39mresult of call to function returning 'Int32' is unused[0;0m [#]8;;https://docs.swift.org/compiler/documentation/diagnostics/no-usage\NoUsage]8;;\]
 [0;36m455 |[0;0m             throw error
 [0;36m456 |[0;0m         }

/Users/oculus/.cache/godstone-mutation-worktrees/wt_T60-RC12-ios-the-touch-target-minimum-vanish/ios/Packages/GodstoneFoundation/Sources/GodstoneMesh/PeerIdentityStore.swift:462:16: [1;33mwarning: [1;39mresult of call to function returning 'Int32' is unused[0;0m [#]8;;https://docs.swift.org/compiler/documentation/diagnostics/no-usage\NoUsage]8;;\]
 [0;36m460 |[0;0m         var stmt: OpaquePointer?
 [0;36m461 |[0;0m         guard fn.prepareV2(db, "PRAGMA user_version", -1, &stmt, nil) == SQLITE_OK else {
 [0;36m462 |[0;0m             fn.finalize(stmt); throw PeerStoreError.prepareFailed
     [0;36m|[0;0m                `- [1;33mwarning: [1;39mresult of call to function returning 'Int32' is unused[0;0m [#]8;;https://docs.swift.org/compiler/documentation/diagnostics/no-usage\NoUsage]8;;\]
 [0;36m463 |[0;0m         }
 [0;36m464 |[0;0m         defer { fn.finalize(stmt) }

/Users/oculus/.cache/godstone-mutation-worktrees/wt_T60-RC12-ios-the-touch-target-minimum-vanish/ios/Packages/GodstoneFoundation/Sources/GodstoneMesh/PeerIdentityStore.swift:464:20: [1;33mwarning: [1;39mresult of call to function returning 'Int32' is unused[0;0m [#]8;;https://docs.swift.org/compiler/documentation/diagnostics/no-usage\NoUsage]8;;\]
 [0;36m462 |[0;0m             fn.finalize(stmt); throw PeerStoreError.prepareFailed
 [0;36m463 |[0;0m         }
 [0;36m464 |[0;0m         defer { fn.finalize(stmt) }
     [0;36m|[0;0m                    `- [1;33mwarning: [1;39mresult of call to function returning 'Int32' is unused[0;0m [#]8;;https://docs.swift.org/compiler/documentation/diagnostics/no-usage\NoUsage]8;;\]
 [0;36m465 |[0;0m         guard fn.step(stmt) == SQLITE_ROW else { throw PeerStoreError.stepFailed }
 [0;36m466 |[0;0m         return fn.columnInt(stmt, 0)

/Users/oculus/.cache/godstone-mutation-worktrees/wt_T60-RC12-ios-the-touch-target-minimum-vanish/ios/Packages/GodstoneFoundation/Sources/GodstoneMesh/PeerIdentityStore.swift:473:16: [1;33mwarning: [1;39mresult of call to function returning 'Int32' is unused[0;0m [#]8;;https://docs.swift.org/compiler/documentation/diagnostics/no-usage\NoUsage]8;;\]
 [0;36m471 |[0;0m         let sql = "SELECT 1 FROM sqlite_master WHERE type = 'table' AND name = ?"
 [0;36m472 |[0;0m         guard fn.prepareV2(db, sql, -1, &stmt, nil) == SQLITE_OK else {
 [0;36m473 |[0;0m             fn.finalize(stmt); throw PeerStoreError.prepareFailed
     [0;36m|[0;0m                `- [1;33mwarning: [1;39mresult of call to function returning 'Int32' is unused[0;0m [#]8;;https://docs.swift.org/compiler/documentation/diagnostics/no-usage\NoUsage]8;;\]
 [0;36m474 |[0;0m         }
 [0;36m475 |[0;0m         defer { fn.finalize(stmt) }

/Users/oculus/.cache/godstone-mutation-worktrees/wt_T60-RC12-ios-the-touch-target-minimum-vanish/ios/Packages/GodstoneFoundation/Sources/GodstoneMesh/PeerIdentityStore.swift:475:20: [1;33mwarning: [1;39mresult of call to function returning 'Int32' is unused[0;0m [#]8;;https://docs.swift.org/compiler/documentation/diagnostics/no-usage\NoUsage]8;;\]
 [0;36m473 |[0;0m             fn.finalize(stmt); throw PeerStoreError.prepareFailed
 [0;36m474 |[0;0m         }
 [0;36m475 |[0;0m         defer { fn.finalize(stmt) }
     [0;36m|[0;0m                    `- [1;33mwarning: [1;39mresult of call to function returning 'Int32' is unused[0;0m [#]8;;https://docs.swift.org/compiler/documentation/diagnostics/no-usage\NoUsage]8;;\]
 [0;36m476 |[0;0m         bindText(stmt, 1, name)
 [0;36m477 |[0;0m         let rc = fn.step(stmt)

/Users/oculus/.cache/godstone-mutation-worktrees/wt_T60-RC12-ios-the-touch-target-minimum-vanish/ios/Packages/GodstoneFoundation/Sources/GodstoneMesh/PeerIdentityStore.swift:497:20: [1;33mwarning: [1;39mresult of call to function returning 'Int32' is unused[0;0m [#]8;;https://docs.swift.org/compiler/documentation/diagnostics/no-usage\NoUsage]8;;\]
 [0;36m495 |[0;0m                 guard fn.exec(db, "COMMIT", nil, nil, nil) == SQLITE_OK else { throw PeerStoreError.stepFailed }
 [0;36m496 |[0;0m             } catch {
 [0;36m497 |[0;0m                 fn.exec(db, "ROLLBACK", nil, nil, nil)
     [0;36m|[0;0m                    `- [1;33mwarning: [1;39mresult of call to function returning 'Int32' is unused[0;0m [#]8;;https://docs.swift.org/compiler/documentation/diagnostics/no-usage\NoUsage]8;;\]
 [0;36m498 |[0;0m                 throw error
 [0;36m499 |[0;0m             }

/Users/oculus/.cache/godstone-mutation-worktrees/wt_T60-RC12-ios-the-touch-target-minimum-vanish/ios/Packages/GodstoneFoundation/Sources/GodstoneMesh/PeerIdentityStore.swift:523:16: [1;33mwarning: [1;39mresult of call to function returning 'Int32' is unused[0;0m [#]8;;https://docs.swift.org/compiler/documentation/diagnostics/no-usage\NoUsage]8;;\]
 [0;36m521 |[0;0m         let sql = "SELECT sql FROM sqlite_master WHERE type = 'table' AND name = ?"
 [0;36m522 |[0;0m         guard fn.prepareV2(db, sql, -1, &stmt, nil) == SQLITE_OK else {
 [0;36m523 |[0;0m             fn.finalize(stmt); throw PeerStoreError.prepareFailed
     [0;36m|[0;0m                `- [1;33mwarning: [1;39mresult of call to function returning 'Int32' is unused[0;0m [#]8;;https://docs.swift.org/compiler/documentation/diagnostics/no-usage\NoUsage]8;;\]
 [0;36m524 |[0;0m         }
 [0;36m525 |[0;0m         defer { fn.finalize(stmt) }

/Users/oculus/.cache/godstone-mutation-worktrees/wt_T60-RC12-ios-the-touch-target-minimum-vanish/ios/Packages/GodstoneFoundation/Sources/GodstoneMesh/PeerIdentityStore.swift:525:20: [1;33mwarning: [1;39mresult of call to function returning 'Int32' is unused[0;0m [#]8;;https://docs.swift.org/compiler/documentation/diagnostics/no-usage\NoUsage]8;;\]
 [0;36m523 |[0;0m             fn.finalize(stmt); throw PeerStoreError.prepareFailed
 [0;36m524 |[0;0m         }
 [0;36m525 |[0;0m         defer { fn.finalize(stmt) }
     [0;36m|[0;0m                    `- [1;33mwarning: [1;39mresult of call to function returning 'Int32' is unused[0;0m [#]8;;https://docs.swift.org/compiler/documentation/diagnostics/no-usage\NoUsage]8;;\]
 [0;36m526 |[0;0m         bindText(stmt, 1, PeerIdentitySchema.table)
 [0;36m527 |[0;0m         guard fn.step(stmt) == SQLITE_ROW, let raw = fn.columnText(stmt, 0) else {

/Users/oculus/.cache/godstone-mutation-worktrees/wt_T60-RC12-ios-the-touch-target-minimum-vanish/ios/Packages/GodstoneFoundation/Sources/GodstoneMesh/PeerIdentityStore.swift:700:16: [1;33mwarning: [1;39mresult of call to function returning 'Int32' is unused[0;0m [#]8;;https://docs.swift.org/compiler/documentation/diagnostics/no-usage\NoUsage]8;;\]
 [0;36m698 |[0;0m         var stmt: OpaquePointer?
 [0;36m699 |[0;0m         guard fn.prepareV2(db, PeerIdentitySchema.readRawSql, -1, &stmt, nil) == SQLITE_OK else {
 [0;36m700 |[0;0m             fn.finalize(stmt); throw PeerStoreError.prepareFailed
     [0;36m|[0;0m                `- [1;33mwarning: [1;39mresult of call to function returning 'Int32' is unused[0;0m [#]8;;https://docs.swift.org/compiler/documentation/diagnostics/no-usage\NoUsage]8;;\]
 [0;36m701 |[0;0m         }
 [0;36m702 |[0;0m         defer { fn.finalize(stmt) }

/Users/oculus/.cache/godstone-mutation-worktrees/wt_T60-RC12-ios-the-touch-target-minimum-vanish/ios/Packages/GodstoneFoundation/Sources/GodstoneMesh/PeerIdentityStore.swift:702:20: [1;33mwarning: [1;39mresult of call to function returning 'Int32' is unused[0;0m [#]8;;https://docs.swift.org/compiler/documentation/diagnostics/no-usage\NoUsage]8;;\]
 [0;36m700 |[0;0m             fn.finalize(stmt); throw PeerStoreError.prepareFailed
 [0;36m701 |[0;0m         }
 [0;36m702 |[0;0m         defer { fn.finalize(stmt) }
     [0;36m|[0;0m                    `- [1;33mwarning: [1;39mresult of call to function returning 'Int32' is unused[0;0m [#]8;;https://docs.swift.org/compiler/documentation/diagnostics/no-usage\NoUsage]8;;\]
 [0;36m703 |[0;0m         bindBlob(stmt, 1, nodeId)
 [0;36m704 |[0;0m 

/Users/oculus/.cache/godstone-mutation-worktrees/wt_T60-RC12-ios-the-touch-target-minimum-vanish/ios/Packages/GodstoneFoundation/Sources/GodstoneMesh/PeerIdentityStore.swift:738:16: [1;33mwarning: [1;39mresult of call to function returning 'Int32' is unused[0;0m [#]8;;https://docs.swift.org/compiler/documentation/diagnostics/no-usage\NoUsage]8;;\]
 [0;36m736 |[0;0m         var stmt: OpaquePointer?
 [0;36m737 |[0;0m         guard fn.prepareV2(db, PeerIdentitySchema.insertFirstSeenSql, -1, &stmt, nil) == SQLITE_OK else {
 [0;36m738 |[0;0m             fn.finalize(stmt); throw PeerStoreError.prepareFailed
     [0;36m|[0;0m                `- [1;33mwarning: [1;39mresult of call to function returning 'Int32' is unused[0;0m [#]8;;https://docs.swift.org/compiler/documentation/diagnostics/no-usage\NoUsage]8;;\]
 [0;36m739 |[0;0m         }
 [0;36m740 |[0;0m         defer { fn.finalize(stmt) }

/Users/oculus/.cache/godstone-mutation-worktrees/wt_T60-RC12-ios-the-touch-target-minimum-vanish/ios/Packages/GodstoneFoundation/Sources/GodstoneMesh/PeerIdentityStore.swift:740:20: [1;33mwarning: [1;39mresult of call to function returning 'Int32' is unused[0;0m [#]8;;https://docs.swift.org/compiler/documentation/diagnostics/no-usage\NoUsage]8;;\]
 [0;36m738 |[0;0m             fn.finalize(stmt); throw PeerStoreError.prepareFailed
 [0;36m739 |[0;0m         }
 [0;36m740 |[0;0m         defer { fn.finalize(stmt) }
     [0;36m|[0;0m                    `- [1;33mwarning: [1;39mresult of call to function returning 'Int32' is unused[0;0m [#]8;;https://docs.swift.org/compiler/documentation/diagnostics/no-usage\NoUsage]8;;\]
 [0;36m741 |[0;0m         bindBlob(stmt, 1, nodeId)
 [0;36m742 |[0;0m         bindBlob(stmt, 2, signingPub)

/Users/oculus/.cache/godstone-mutation-worktrees/wt_T60-RC12-ios-the-touch-target-minimum-vanish/ios/Packages/GodstoneFoundation/Sources/GodstoneMesh/PeerIdentityStore.swift:744:12: [1;33mwarning: [1;39mresult of call to function returning 'Int32' is unused[0;0m [#]8;;https://docs.swift.org/compiler/documentation/diagnostics/no-usage\NoUsage]8;;\]
 [0;36m742 |[0;0m         bindBlob(stmt, 2, signingPub)
 [0;36m743 |[0;0m         bindBlob(stmt, 3, acceptedStatic)
 [0;36m744 |[0;0m         fn.bindInt64(stmt, 4, acceptedGeneration)
     [0;36m|[0;0m            `- [1;33mwarning: [1;39mresult of call to function returning 'Int32' is unused[0;0m [#]8;;https://docs.swift.org/compiler/documentation/diagnostics/no-usage\NoUsage]8;;\]
 [0;36m745 |[0;0m         fn.bindInt(stmt, 5, trustCode)
 [0;36m746 |[0;0m 

/Users/oculus/.cache/godstone-mutation-worktrees/wt_T60-RC12-ios-the-touch-target-minimum-vanish/ios/Packages/GodstoneFoundation/Sources/GodstoneMesh/PeerIdentityStore.swift:745:12: [1;33mwarning: [1;39mresult of call to function returning 'Int32' is unused[0;0m [#]8;;https://docs.swift.org/compiler/documentation/diagnostics/no-usage\NoUsage]8;;\]
 [0;36m743 |[0;0m         bindBlob(stmt, 3, acceptedStatic)
 [0;36m744 |[0;0m         fn.bindInt64(stmt, 4, acceptedGeneration)
 [0;36m745 |[0;0m         fn.bindInt(stmt, 5, trustCode)
     [0;36m|[0;0m            `- [1;33mwarning: [1;39mresult of call to function returning 'Int32' is unused[0;0m [#]8;;https://docs.swift.org/compiler/documentation/diagnostics/no-usage\NoUsage]8;;\]
 [0;36m746 |[0;0m 
 [0;36m747 |[0;0m         guard fn.step(stmt) == SQLITE_DONE else { throw PeerStoreError.stepFailed }

/Users/oculus/.cache/godstone-mutation-worktrees/wt_T60-RC12-ios-the-touch-target-minimum-vanish/ios/Packages/GodstoneFoundation/Sources/GodstoneMesh/PeerIdentityStore.swift:763:16: [1;33mwarning: [1;39mresult of call to function returning 'Int32' is unused[0;0m [#]8;;https://docs.swift.org/compiler/documentation/diagnostics/no-usage\NoUsage]8;;\]
 [0;36m761 |[0;0m         var stmt: OpaquePointer?
 [0;36m762 |[0;0m         guard fn.prepareV2(db, PeerIdentitySchema.setInitialPendingSql, -1, &stmt, nil) == SQLITE_OK else {
 [0;36m763 |[0;0m             fn.finalize(stmt); throw PeerStoreError.prepareFailed
     [0;36m|[0;0m                `- [1;33mwarning: [1;39mresult of call to function returning 'Int32' is unused[0;0m [#]8;;https://docs.swift.org/compiler/documentation/diagnostics/no-usage\NoUsage]8;;\]
 [0;36m764 |[0;0m         }
 [0;36m765 |[0;0m         defer { fn.finalize(stmt) }

/Users/oculus/.cache/godstone-mutation-worktrees/wt_T60-RC12-ios-the-touch-target-minimum-vanish/ios/Packages/GodstoneFoundation/Sources/GodstoneMesh/PeerIdentityStore.swift:765:20: [1;33mwarning: [1;39mresult of call to function returning 'Int32' is unused[0;0m [#]8;;https://docs.swift.org/compiler/documentation/diagnostics/no-usage\NoUsage]8;;\]
 [0;36m763 |[0;0m             fn.finalize(stmt); throw PeerStoreError.prepareFailed
 [0;36m764 |[0;0m         }
 [0;36m765 |[0;0m         defer { fn.finalize(stmt) }
     [0;36m|[0;0m                    `- [1;33mwarning: [1;39mresult of call to function returning 'Int32' is unused[0;0m [#]8;;https://docs.swift.org/compiler/documentation/diagnostics/no-usage\NoUsage]8;;\]
 [0;36m766 |[0;0m         bindBlob(stmt, 1, newPendingStatic)
 [0;36m767 |[0;0m         fn.bindInt64(stmt, 2, newPendingGeneration)

/Users/oculus/.cache/godstone-mutation-worktrees/wt_T60-RC12-ios-the-touch-target-minimum-vanish/ios/Packages/GodstoneFoundation/Sources/GodstoneMesh/PeerIdentityStore.swift:767:12: [1;33mwarning: [1;39mresult of call to function returning 'Int32' is unused[0;0m [#]8;;https://docs.swift.org/compiler/documentation/diagnostics/no-usage\NoUsage]8;;\]
 [0;36m765 |[0;0m         defer { fn.finalize(stmt) }
 [0;36m766 |[0;0m         bindBlob(stmt, 1, newPendingStatic)
 [0;36m767 |[0;0m         fn.bindInt64(stmt, 2, newPendingGeneration)
     [0;36m|[0;0m            `- [1;33mwarning: [1;39mresult of call to function returning 'Int32' is unused[0;0m [#]8;;https://docs.swift.org/compiler/documentation/diagnostics/no-usage\NoUsage]8;;\]
 [0;36m768 |[0;0m         bindBlob(stmt, 3, nodeId)
 [0;36m769 |[0;0m         bindBlob(stmt, 4, signingPub)

/Users/oculus/.cache/godstone-mutation-worktrees/wt_T60-RC12-ios-the-touch-target-minimum-vanish/ios/Packages/GodstoneFoundation/Sources/GodstoneMesh/PeerIdentityStore.swift:771:12: [1;33mwarning: [1;39mresult of call to function returning 'Int32' is unused[0;0m [#]8;;https://docs.swift.org/compiler/documentation/diagnostics/no-usage\NoUsage]8;;\]
 [0;36m769 |[0;0m         bindBlob(stmt, 4, signingPub)
 [0;36m770 |[0;0m         bindBlob(stmt, 5, acceptedStatic)
 [0;36m771 |[0;0m         fn.bindInt64(stmt, 6, acceptedGeneration)
     [0;36m|[0;0m            `- [1;33mwarning: [1;39mresult of call to function returning 'Int32' is unused[0;0m [#]8;;https://docs.swift.org/compiler/documentation/diagnostics/no-usage\NoUsage]8;;\]
 [0;36m772 |[0;0m         fn.bindInt(stmt, 7, trustLevel)
 [0;36m773 |[0;0m 

/Users/oculus/.cache/godstone-mutation-worktrees/wt_T60-RC12-ios-the-touch-target-minimum-vanish/ios/Packages/GodstoneFoundation/Sources/GodstoneMesh/PeerIdentityStore.swift:772:12: [1;33mwarning: [1;39mresult of call to function returning 'Int32' is unused[0;0m [#]8;;https://docs.swift.org/compiler/documentation/diagnostics/no-usage\NoUsage]8;;\]
 [0;36m770 |[0;0m         bindBlob(stmt, 5, acceptedStatic)
 [0;36m771 |[0;0m         fn.bindInt64(stmt, 6, acceptedGeneration)
 [0;36m772 |[0;0m         fn.bindInt(stmt, 7, trustLevel)
     [0;36m|[0;0m            `- [1;33mwarning: [1;39mresult of call to function returning 'Int32' is unused[0;0m [#]8;;https://docs.swift.org/compiler/documentation/diagnostics/no-usage\NoUsage]8;;\]
 [0;36m773 |[0;0m 
 [0;36m774 |[0;0m         guard fn.step(stmt) == SQLITE_DONE else { throw PeerStoreError.stepFailed }

/Users/oculus/.cache/godstone-mutation-worktrees/wt_T60-RC12-ios-the-touch-target-minimum-vanish/ios/Packages/GodstoneFoundation/Sources/GodstoneMesh/PeerIdentityStore.swift:792:16: [1;33mwarning: [1;39mresult of call to function returning 'Int32' is unused[0;0m [#]8;;https://docs.swift.org/compiler/documentation/diagnostics/no-usage\NoUsage]8;;\]
 [0;36m790 |[0;0m         var stmt: OpaquePointer?
 [0;36m791 |[0;0m         guard fn.prepareV2(db, PeerIdentitySchema.advancePendingSql, -1, &stmt, nil) == SQLITE_OK else {
 [0;36m792 |[0;0m             fn.finalize(stmt); throw PeerStoreError.prepareFailed
     [0;36m|[0;0m                `- [1;33mwarning: [1;39mresult of call to function returning 'Int32' is unused[0;0m [#]8;;https://docs.swift.org/compiler/documentation/diagnostics/no-usage\NoUsage]8;;\]
 [0;36m793 |[0;0m         }
 [0;36m794 |[0;0m         defer { fn.finalize(stmt) }

/Users/oculus/.cache/godstone-mutation-worktrees/wt_T60-RC12-ios-the-touch-target-minimum-vanish/ios/Packages/GodstoneFoundation/Sources/GodstoneMesh/PeerIdentityStore.swift:794:20: [1;33mwarning: [1;39mresult of call to function returning 'Int32' is unused[0;0m [#]8;;https://docs.swift.org/compiler/documentation/diagnostics/no-usage\NoUsage]8;;\]
 [0;36m792 |[0;0m             fn.finalize(stmt); throw PeerStoreError.prepareFailed
 [0;36m793 |[0;0m         }
 [0;36m794 |[0;0m         defer { fn.finalize(stmt) }
     [0;36m|[0;0m                    `- [1;33mwarning: [1;39mresult of call to function returning 'Int32' is unused[0;0m [#]8;;https://docs.swift.org/compiler/documentation/diagnostics/no-usage\NoUsage]8;;\]
 [0;36m795 |[0;0m         bindBlob(stmt, 1, newPendingStatic)
 [0;36m796 |[0;0m         fn.bindInt64(stmt, 2, newPendingGeneration)

/Users/oculus/.cache/godstone-mutation-worktrees/wt_T60-RC12-ios-the-touch-target-minimum-vanish/ios/Packages/GodstoneFoundation/Sources/GodstoneMesh/PeerIdentityStore.swift:796:12: [1;33mwarning: [1;39mresult of call to function returning 'Int32' is unused[0;0m [#]8;;https://docs.swift.org/compiler/documentation/diagnostics/no-usage\NoUsage]8;;\]
 [0;36m794 |[0;0m         defer { fn.finalize(stmt) }
 [0;36m795 |[0;0m         bindBlob(stmt, 1, newPendingStatic)
 [0;36m796 |[0;0m         fn.bindInt64(stmt, 2, newPendingGeneration)
     [0;36m|[0;0m            `- [1;33mwarning: [1;39mresult of call to function returning 'Int32' is unused[0;0m [#]8;;https://docs.swift.org/compiler/documentation/diagnostics/no-usage\NoUsage]8;;\]
 [0;36m797 |[0;0m         bindBlob(stmt, 3, nodeId)
 [0;36m798 |[0;0m         bindBlob(stmt, 4, signingPub)

/Users/oculus/.cache/godstone-mutation-worktrees/wt_T60-RC12-ios-the-touch-target-minimum-vanish/ios/Packages/GodstoneFoundation/Sources/GodstoneMesh/PeerIdentityStore.swift:800:12: [1;33mwarning: [1;39mresult of call to function returning 'Int32' is unused[0;0m [#]8;;https://docs.swift.org/compiler/documentation/diagnostics/no-usage\NoUsage]8;;\]
 [0;36m798 |[0;0m         bindBlob(stmt, 4, signingPub)
 [0;36m799 |[0;0m         bindBlob(stmt, 5, acceptedStatic)
 [0;36m800 |[0;0m         fn.bindInt64(stmt, 6, acceptedGeneration)
     [0;36m|[0;0m            `- [1;33mwarning: [1;39mresult of call to function returning 'Int32' is unused[0;0m [#]8;;https://docs.swift.org/compiler/documentation/diagnostics/no-usage\NoUsage]8;;\]
 [0;36m801 |[0;0m         fn.bindInt(stmt, 7, trustLevel)
 [0;36m802 |[0;0m         bindBlob(stmt, 8, oldPendingStatic)

/Users/oculus/.cache/godstone-mutation-worktrees/wt_T60-RC12-ios-the-touch-target-minimum-vanish/ios/Packages/GodstoneFoundation/Sources/GodstoneMesh/PeerIdentityStore.swift:801:12: [1;33mwarning: [1;39mresult of call to function returning 'Int32' is unused[0;0m [#]8;;https://docs.swift.org/compiler/documentation/diagnostics/no-usage\NoUsage]8;;\]
 [0;36m799 |[0;0m         bindBlob(stmt, 5, acceptedStatic)
 [0;36m800 |[0;0m         fn.bindInt64(stmt, 6, acceptedGeneration)
 [0;36m801 |[0;0m         fn.bindInt(stmt, 7, trustLevel)
     [0;36m|[0;0m            `- [1;33mwarning: [1;39mresult of call to function returning 'Int32' is unused[0;0m [#]8;;https://docs.swift.org/compiler/documentation/diagnostics/no-usage\NoUsage]8;;\]
 [0;36m802 |[0;0m         bindBlob(stmt, 8, oldPendingStatic)
 [0;36m803 |[0;0m         fn.bindInt64(stmt, 9, oldPendingGeneration)

/Users/oculus/.cache/godstone-mutation-worktrees/wt_T60-RC12-ios-the-touch-target-minimum-vanish/ios/Packages/GodstoneFoundation/Sources/GodstoneMesh/PeerIdentityStore.swift:803:12: [1;33mwarning: [1;39mresult of call to function returning 'Int32' is unused[0;0m [#]8;;https://docs.swift.org/compiler/documentation/diagnostics/no-usage\NoUsage]8;;\]
 [0;36m801 |[0;0m         fn.bindInt(stmt, 7, trustLevel)
 [0;36m802 |[0;0m         bindBlob(stmt, 8, oldPendingStatic)
 [0;36m803 |[0;0m         fn.bindInt64(stmt, 9, oldPendingGeneration)
     [0;36m|[0;0m            `- [1;33mwarning: [1;39mresult of call to function returning 'Int32' is unused[0;0m [#]8;;https://docs.swift.org/compiler/documentation/diagnostics/no-usage\NoUsage]8;;\]
 [0;36m804 |[0;0m 
 [0;36m805 |[0;0m         guard fn.step(stmt) == SQLITE_DONE else { throw PeerStoreError.stepFailed }

/Users/oculus/.cache/godstone-mutation-worktrees/wt_T60-RC12-ios-the-touch-target-minimum-vanish/ios/Packages/GodstoneFoundation/Sources/GodstoneMesh/PeerIdentityStore.swift:821:16: [1;33mwarning: [1;39mresult of call to function returning 'Int32' is unused[0;0m [#]8;;https://docs.swift.org/compiler/documentation/diagnostics/no-usage\NoUsage]8;;\]
 [0;36m819 |[0;0m         var stmt: OpaquePointer?
 [0;36m820 |[0;0m         guard fn.prepareV2(db, PeerIdentitySchema.approvePendingRotationSql, -1, &stmt, nil) == SQLITE_OK else {
 [0;36m821 |[0;0m             fn.finalize(stmt); throw PeerStoreError.prepareFailed
     [0;36m|[0;0m                `- [1;33mwarning: [1;39mresult of call to function returning 'Int32' is unused[0;0m [#]8;;https://docs.swift.org/compiler/documentation/diagnostics/no-usage\NoUsage]8;;\]
 [0;36m822 |[0;0m         }
 [0;36m823 |[0;0m         defer { fn.finalize(stmt) }

/Users/oculus/.cache/godstone-mutation-worktrees/wt_T60-RC12-ios-the-touch-target-minimum-vanish/ios/Packages/GodstoneFoundation/Sources/GodstoneMesh/PeerIdentityStore.swift:823:20: [1;33mwarning: [1;39mresult of call to function returning 'Int32' is unused[0;0m [#]8;;https://docs.swift.org/compiler/documentation/diagnostics/no-usage\NoUsage]8;;\]
 [0;36m821 |[0;0m             fn.finalize(stmt); throw PeerStoreError.prepareFailed
 [0;36m822 |[0;0m         }
 [0;36m823 |[0;0m         defer { fn.finalize(stmt) }
     [0;36m|[0;0m                    `- [1;33mwarning: [1;39mresult of call to function returning 'Int32' is unused[0;0m [#]8;;https://docs.swift.org/compiler/documentation/diagnostics/no-usage\NoUsage]8;;\]
 [0;36m824 |[0;0m         bindBlob(stmt, 1, nodeId)
 [0;36m825 |[0;0m         bindBlob(stmt, 2, signingPub)

/Users/oculus/.cache/godstone-mutation-worktrees/wt_T60-RC12-ios-the-touch-target-minimum-vanish/ios/Packages/GodstoneFoundation/Sources/GodstoneMesh/PeerIdentityStore.swift:827:12: [1;33mwarning: [1;39mresult of call to function returning 'Int32' is unused[0;0m [#]8;;https://docs.swift.org/compiler/documentation/diagnostics/no-usage\NoUsage]8;;\]
 [0;36m825 |[0;0m         bindBlob(stmt, 2, signingPub)
 [0;36m826 |[0;0m         bindBlob(stmt, 3, acceptedStatic)
 [0;36m827 |[0;0m         fn.bindInt64(stmt, 4, acceptedGeneration)
     [0;36m|[0;0m            `- [1;33mwarning: [1;39mresult of call to function returning 'Int32' is unused[0;0m [#]8;;https://docs.swift.org/compiler/documentation/diagnostics/no-usage\NoUsage]8;;\]
 [0;36m828 |[0;0m         fn.bindInt(stmt, 5, trustLevel)
 [0;36m829 |[0;0m         bindBlob(stmt, 6, expectedPendingStatic)

/Users/oculus/.cache/godstone-mutation-worktrees/wt_T60-RC12-ios-the-touch-target-minimum-vanish/ios/Packages/GodstoneFoundation/Sources/GodstoneMesh/PeerIdentityStore.swift:828:12: [1;33mwarning: [1;39mresult of call to function returning 'Int32' is unused[0;0m [#]8;;https://docs.swift.org/compiler/documentation/diagnostics/no-usage\NoUsage]8;;\]
 [0;36m826 |[0;0m         bindBlob(stmt, 3, acceptedStatic)
 [0;36m827 |[0;0m         fn.bindInt64(stmt, 4, acceptedGeneration)
 [0;36m828 |[0;0m         fn.bindInt(stmt, 5, trustLevel)
     [0;36m|[0;0m            `- [1;33mwarning: [1;39mresult of call to function returning 'Int32' is unused[0;0m [#]8;;https://docs.swift.org/compiler/documentation/diagnostics/no-usage\NoUsage]8;;\]
 [0;36m829 |[0;0m         bindBlob(stmt, 6, expectedPendingStatic)
 [0;36m830 |[0;0m         fn.bindInt64(stmt, 7, expectedPendingGeneration)

/Users/oculus/.cache/godstone-mutation-worktrees/wt_T60-RC12-ios-the-touch-target-minimum-vanish/ios/Packages/GodstoneFoundation/Sources/GodstoneMesh/PeerIdentityStore.swift:830:12: [1;33mwarning: [1;39mresult of call to function returning 'Int32' is unused[0;0m [#]8;;https://docs.swift.org/compiler/documentation/diagnostics/no-usage\NoUsage]8;;\]
 [0;36m828 |[0;0m         fn.bindInt(stmt, 5, trustLevel)
 [0;36m829 |[0;0m         bindBlob(stmt, 6, expectedPendingStatic)
 [0;36m830 |[0;0m         fn.bindInt64(stmt, 7, expectedPendingGeneration)
     [0;36m|[0;0m            `- [1;33mwarning: [1;39mresult of call to function returning 'Int32' is unused[0;0m [#]8;;https://docs.swift.org/compiler/documentation/diagnostics/no-usage\NoUsage]8;;\]
 [0;36m831 |[0;0m 
 [0;36m832 |[0;0m         guard fn.step(stmt) == SQLITE_DONE else { throw PeerStoreError.stepFailed }

/Users/oculus/.cache/godstone-mutation-worktrees/wt_T60-RC12-ios-the-touch-target-minimum-vanish/ios/Packages/GodstoneFoundation/Sources/GodstoneMesh/PeerIdentityStore.swift:848:16: [1;33mwarning: [1;39mresult of call to function returning 'Int32' is unused[0;0m [#]8;;https://docs.swift.org/compiler/documentation/diagnostics/no-usage\NoUsage]8;;\]
 [0;36m846 |[0;0m         var stmt: OpaquePointer?
 [0;36m847 |[0;0m         guard fn.prepareV2(db, PeerIdentitySchema.confirmVerifiedSql, -1, &stmt, nil) == SQLITE_OK else {
 [0;36m848 |[0;0m             fn.finalize(stmt); throw PeerStoreError.prepareFailed
     [0;36m|[0;0m                `- [1;33mwarning: [1;39mresult of call to function returning 'Int32' is unused[0;0m [#]8;;https://docs.swift.org/compiler/documentation/diagnostics/no-usage\NoUsage]8;;\]
 [0;36m849 |[0;0m         }
 [0;36m850 |[0;0m         defer { fn.finalize(stmt) }

/Users/oculus/.cache/godstone-mutation-worktrees/wt_T60-RC12-ios-the-touch-target-minimum-vanish/ios/Packages/GodstoneFoundation/Sources/GodstoneMesh/PeerIdentityStore.swift:850:20: [1;33mwarning: [1;39mresult of call to function returning 'Int32' is unused[0;0m [#]8;;https://docs.swift.org/compiler/documentation/diagnostics/no-usage\NoUsage]8;;\]
 [0;36m848 |[0;0m             fn.finalize(stmt); throw PeerStoreError.prepareFailed
 [0;36m849 |[0;0m         }
 [0;36m850 |[0;0m         defer { fn.finalize(stmt) }
     [0;36m|[0;0m                    `- [1;33mwarning: [1;39mresult of call to function returning 'Int32' is unused[0;0m [#]8;;https://docs.swift.org/compiler/documentation/diagnostics/no-usage\NoUsage]8;;\]
 [0;36m851 |[0;0m         bindBlob(stmt, 1, nodeId)
 [0;36m852 |[0;0m         bindBlob(stmt, 2, signingPub)

/Users/oculus/.cache/godstone-mutation-worktrees/wt_T60-RC12-ios-the-touch-target-minimum-vanish/ios/Packages/GodstoneFoundation/Sources/GodstoneMesh/PeerIdentityStore.swift:854:12: [1;33mwarning: [1;39mresult of call to function returning 'Int32' is unused[0;0m [#]8;;https://docs.swift.org/compiler/documentation/diagnostics/no-usage\NoUsage]8;;\]
 [0;36m852 |[0;0m         bindBlob(stmt, 2, signingPub)
 [0;36m853 |[0;0m         bindBlob(stmt, 3, acceptedStatic)
 [0;36m854 |[0;0m         fn.bindInt64(stmt, 4, acceptedGeneration)
     [0;36m|[0;0m            `- [1;33mwarning: [1;39mresult of call to function returning 'Int32' is unused[0;0m [#]8;;https://docs.swift.org/compiler/documentation/diagnostics/no-usage\NoUsage]8;;\]
 [0;36m855 |[0;0m         guard fn.step(stmt) == SQLITE_DONE else { throw PeerStoreError.stepFailed }
 [0;36m856 |[0;0m         return Int(fn.changes(db))

/Users/oculus/.cache/godstone-mutation-worktrees/wt_T60-RC12-ios-the-touch-target-minimum-vanish/ios/Packages/GodstoneFoundation/Sources/GodstoneMesh/PeerIdentityStore.swift:872:20: [1;33mwarning: [1;39mresult of call to function returning 'Int32' is unused[0;0m [#]8;;https://docs.swift.org/compiler/documentation/diagnostics/no-usage\NoUsage]8;;\]
 [0;36m870 |[0;0m         if let oldStatic = oldPendingStatic, let oldGen = oldPendingGeneration {
 [0;36m871 |[0;0m             guard fn.prepareV2(db, PeerIdentitySchema.revokeWithPendingSql, -1, &stmt, nil) == SQLITE_OK else {
 [0;36m872 |[0;0m                 fn.finalize(stmt); throw PeerStoreError.prepareFailed
     [0;36m|[0;0m                    `- [1;33mwarning: [1;39mresult of call to function returning 'Int32' is unused[0;0m [#]8;;https://docs.swift.org/compiler/documentation/diagnostics/no-usage\NoUsage]8;;\]
 [0;36m873 |[0;0m             }
 [0;36m874 |[0;0m             defer { fn.finalize(stmt) }

/Users/oculus/.cache/godstone-mutation-worktrees/wt_T60-RC12-ios-the-touch-target-minimum-vanish/ios/Packages/GodstoneFoundation/Sources/GodstoneMesh/PeerIdentityStore.swift:874:24: [1;33mwarning: [1;39mresult of call to function returning 'Int32' is unused[0;0m [#]8;;https://docs.swift.org/compiler/documentation/diagnostics/no-usage\NoUsage]8;;\]
 [0;36m872 |[0;0m                 fn.finalize(stmt); throw PeerStoreError.prepareFailed
 [0;36m873 |[0;0m             }
 [0;36m874 |[0;0m             defer { fn.finalize(stmt) }
     [0;36m|[0;0m                        `- [1;33mwarning: [1;39mresult of call to function returning 'Int32' is unused[0;0m [#]8;;https://docs.swift.org/compiler/documentation/diagnostics/no-usage\NoUsage]8;;\]
 [0;36m875 |[0;0m             bindBlob(stmt, 1, nodeId)
 [0;36m876 |[0;0m             bindBlob(stmt, 2, signingPub)

/Users/oculus/.cache/godstone-mutation-worktrees/wt_T60-RC12-ios-the-touch-target-minimum-vanish/ios/Packages/GodstoneFoundation/Sources/GodstoneMesh/PeerIdentityStore.swift:878:16: [1;33mwarning: [1;39mresult of call to function returning 'Int32' is unused[0;0m [#]8;;https://docs.swift.org/compiler/documentation/diagnostics/no-usage\NoUsage]8;;\]
 [0;36m876 |[0;0m             bindBlob(stmt, 2, signingPub)
 [0;36m877 |[0;0m             bindBlob(stmt, 3, acceptedStatic)
 [0;36m878 |[0;0m             fn.bindInt64(stmt, 4, acceptedGeneration)
     [0;36m|[0;0m                `- [1;33mwarning: [1;39mresult of call to function returning 'Int32' is unused[0;0m [#]8;;https://docs.swift.org/compiler/documentation/diagnostics/no-usage\NoUsage]8;;\]
 [0;36m879 |[0;0m             fn.bindInt(stmt, 5, currentTrustLevel)
 [0;36m880 |[0;0m             bindBlob(stmt, 6, oldStatic)

/Users/oculus/.cache/godstone-mutation-worktrees/wt_T60-RC12-ios-the-touch-target-minimum-vanish/ios/Packages/GodstoneFoundation/Sources/GodstoneMesh/PeerIdentityStore.swift:879:16: [1;33mwarning: [1;39mresult of call to function returning 'Int32' is unused[0;0m [#]8;;https://docs.swift.org/compiler/documentation/diagnostics/no-usage\NoUsage]8;;\]
 [0;36m877 |[0;0m             bindBlob(stmt, 3, acceptedStatic)
 [0;36m878 |[0;0m             fn.bindInt64(stmt, 4, acceptedGeneration)
 [0;36m879 |[0;0m             fn.bindInt(stmt, 5, currentTrustLevel)
     [0;36m|[0;0m                `- [1;33mwarning: [1;39mresult of call to function returning 'Int32' is unused[0;0m [#]8;;https://docs.swift.org/compiler/documentation/diagnostics/no-usage\NoUsage]8;;\]
 [0;36m880 |[0;0m             bindBlob(stmt, 6, oldStatic)
 [0;36m881 |[0;0m             fn.bindInt64(stmt, 7, oldGen)

/Users/oculus/.cache/godstone-mutation-worktrees/wt_T60-RC12-ios-the-touch-target-minimum-vanish/ios/Packages/GodstoneFoundation/Sources/GodstoneMesh/PeerIdentityStore.swift:881:16: [1;33mwarning: [1;39mresult of call to function returning 'Int32' is unused[0;0m [#]8;;https://docs.swift.org/compiler/documentation/diagnostics/no-usage\NoUsage]8;;\]
 [0;36m879 |[0;0m             fn.bindInt(stmt, 5, currentTrustLevel)
 [0;36m880 |[0;0m             bindBlob(stmt, 6, oldStatic)
 [0;36m881 |[0;0m             fn.bindInt64(stmt, 7, oldGen)
     [0;36m|[0;0m                `- [1;33mwarning: [1;39mresult of call to function returning 'Int32' is unused[0;0m [#]8;;https://docs.swift.org/compiler/documentation/diagnostics/no-usage\NoUsage]8;;\]
 [0;36m882 |[0;0m 
 [0;36m883 |[0;0m             guard fn.step(stmt) == SQLITE_DONE else { throw PeerStoreError.stepFailed }

/Users/oculus/.cache/godstone-mutation-worktrees/wt_T60-RC12-ios-the-touch-target-minimum-vanish/ios/Packages/GodstoneFoundation/Sources/GodstoneMesh/PeerIdentityStore.swift:887:20: [1;33mwarning: [1;39mresult of call to function returning 'Int32' is unused[0;0m [#]8;;https://docs.swift.org/compiler/documentation/diagnostics/no-usage\NoUsage]8;;\]
 [0;36m885 |[0;0m         } else {
 [0;36m886 |[0;0m             guard fn.prepareV2(db, PeerIdentitySchema.revokeNoPendingSql, -1, &stmt, nil) == SQLITE_OK else {
 [0;36m887 |[0;0m                 fn.finalize(stmt); throw PeerStoreError.prepareFailed
     [0;36m|[0;0m                    `- [1;33mwarning: [1;39mresult of call to function returning 'Int32' is unused[0;0m [#]8;;https://docs.swift.org/compiler/documentation/diagnostics/no-usage\NoUsage]8;;\]
 [0;36m888 |[0;0m             }
 [0;36m889 |[0;0m             defer { fn.finalize(stmt) }

/Users/oculus/.cache/godstone-mutation-worktrees/wt_T60-RC12-ios-the-touch-target-minimum-vanish/ios/Packages/GodstoneFoundation/Sources/GodstoneMesh/PeerIdentityStore.swift:889:24: [1;33mwarning: [1;39mresult of call to function returning 'Int32' is unused[0;0m [#]8;;https://docs.swift.org/compiler/documentation/diagnostics/no-usage\NoUsage]8;;\]
 [0;36m887 |[0;0m                 fn.finalize(stmt); throw PeerStoreError.prepareFailed
 [0;36m888 |[0;0m             }
 [0;36m889 |[0;0m             defer { fn.finalize(stmt) }
     [0;36m|[0;0m                        `- [1;33mwarning: [1;39mresult of call to function returning 'Int32' is unused[0;0m [#]8;;https://docs.swift.org/compiler/documentation/diagnostics/no-usage\NoUsage]8;;\]
 [0;36m890 |[0;0m             bindBlob(stmt, 1, nodeId)
 [0;36m891 |[0;0m             bindBlob(stmt, 2, signingPub)

/Users/oculus/.cache/godstone-mutation-worktrees/wt_T60-RC12-ios-the-touch-target-minimum-vanish/ios/Packages/GodstoneFoundation/Sources/GodstoneMesh/PeerIdentityStore.swift:893:16: [1;33mwarning: [1;39mresult of call to function returning 'Int32' is unused[0;0m [#]8;;https://docs.swift.org/compiler/documentation/diagnostics/no-usage\NoUsage]8;;\]
 [0;36m891 |[0;0m             bindBlob(stmt, 2, signingPub)
 [0;36m892 |[0;0m             bindBlob(stmt, 3, acceptedStatic)
 [0;36m893 |[0;0m             fn.bindInt64(stmt, 4, acceptedGeneration)
     [0;36m|[0;0m                `- [1;33mwarning: [1;39mresult of call to function returning 'Int32' is unused[0;0m [#]8;;https://docs.swift.org/compiler/documentation/diagnostics/no-usage\NoUsage]8;;\]
 [0;36m894 |[0;0m             fn.bindInt(stmt, 5, currentTrustLevel)
 [0;36m895 |[0;0m 

/Users/oculus/.cache/godstone-mutation-worktrees/wt_T60-RC12-ios-the-touch-target-minimum-vanish/ios/Packages/GodstoneFoundation/Sources/GodstoneMesh/PeerIdentityStore.swift:894:16: [1;33mwarning: [1;39mresult of call to function returning 'Int32' is unused[0;0m [#]8;;https://docs.swift.org/compiler/documentation/diagnostics/no-usage\NoUsage]8;;\]
 [0;36m892 |[0;0m             bindBlob(stmt, 3, acceptedStatic)
 [0;36m893 |[0;0m             fn.bindInt64(stmt, 4, acceptedGeneration)
 [0;36m894 |[0;0m             fn.bindInt(stmt, 5, currentTrustLevel)
     [0;36m|[0;0m                `- [1;33mwarning: [1;39mresult of call to function returning 'Int32' is unused[0;0m [#]8;;https://docs.swift.org/compiler/documentation/diagnostics/no-usage\NoUsage]8;;\]
 [0;36m895 |[0;0m 
 [0;36m896 |[0;0m             guard fn.step(stmt) == SQLITE_DONE else { throw PeerStoreError.stepFailed }

/Users/oculus/.cache/godstone-mutation-worktrees/wt_T60-RC12-ios-the-touch-target-minimum-vanish/ios/Packages/GodstoneFoundation/Sources/GodstoneMesh/PeerIdentityStore.swift:910:12: [1;33mwarning: [1;39mresult of call to function returning 'Int32' is unused[0;0m [#]8;;https://docs.swift.org/compiler/documentation/diagnostics/no-usage\NoUsage]8;;\]
 [0;36m908 |[0;0m     @inline(__always)
 [0;36m909 |[0;0m     private func bindText(_ stmt: OpaquePointer?, _ index: Int32, _ text: String) {
 [0;36m910 |[0;0m         fn.bindText(stmt, index, text, -1, peerStoreSqliteTransient)
     [0;36m|[0;0m            `- [1;33mwarning: [1;39mresult of call to function returning 'Int32' is unused[0;0m [#]8;;https://docs.swift.org/compiler/documentation/diagnostics/no-usage\NoUsage]8;;\]
 [0;36m911 |[0;0m     }
 [0;36m912 |[0;0m 

/Users/oculus/.cache/godstone-mutation-worktrees/wt_T60-RC12-ios-the-touch-target-minimum-vanish/ios/Packages/GodstoneFoundation/Sources/GodstoneMesh/RealTransportHostRig.swift:850:28: [1;33mwarning: [1;39mcapture 'self' was never used[0;0m [#]8;;https://docs.swift.org/compiler/documentation/diagnostics/no-usage\NoUsage]8;;\]
 [0;36m848 |[0;0m             fabric.record(from: relay.aLabel, to: relay.bLabel, bytes: bytes,
 [0;36m849 |[0;0m                           characteristic: uuid == BleTransport.linkInfoCharacteristicUuid ? "linkInfo" : "inbox")
 [0;36m850 |[0;0m             queue.async { [self] in relay.deliverInitiatorToResponder(bytes: bytes, uuid: uuid) }
     [0;36m|[0;0m                            `- [1;33mwarning: [1;39mcapture 'self' was never used[0;0m [#]8;;https://docs.swift.org/compiler/documentation/diagnostics/no-usage\NoUsage]8;;\]
 [0;36m851 |[0;0m         }
 [0;36m852 |[0;0m         // *** *** ONE MANAGER DISPATCHER OVER A LINK REGISTRY, ROUTED BY THE DESTINATION CENTRAL. *** ***

/Users/oculus/.cache/godstone-mutation-worktrees/wt_T60-RC12-ios-the-touch-target-minimum-vanish/ios/Packages/GodstoneFoundation/Sources/GodstoneMesh/RealTransportHostRig.swift:895:40: [1;33mwarning: [1;39mcapture 'self' was never used[0;0m [#]8;;https://docs.swift.org/compiler/documentation/diagnostics/no-usage\NoUsage]8;;\]
 [0;36m893 |[0;0m                 let key = ResponderKey(responderLabel: responder.label, centralId: centralId)
 [0;36m894 |[0;0m                 guard let route = responderDispatch[key] else { return }
 [0;36m895 |[0;0m                 deliveryQueue.async { [self] in
     [0;36m|[0;0m                                        `- [1;33mwarning: [1;39mcapture 'self' was never used[0;0m [#]8;;https://docs.swift.org/compiler/documentation/diagnostics/no-usage\NoUsage]8;;\]
 [0;36m896 |[0;0m                     route.relay.deliverResponderToInitiator(bytes: bytes, uuid: uuid, admittedEpoch: route.epoch)
 [0;36m897 |[0;0m                 }

/Users/oculus/.cache/godstone-mutation-worktrees/wt_T60-RC12-ios-the-touch-target-minimum-vanish/ios/Packages/GodstoneFoundation/Sources/GodstoneMesh/RealTransportHostRig.swift:938:13: [1;33mwarning: [1;39musing '_' to ignore the result of a Void-returning function is redundant[0;0m
 [0;36m936 |[0;0m                                                    : BleTransport.inboxCharacteristicUuid,
 [0;36m937 |[0;0m                                   value: bytes)
 [0;36m938 |[0;0m             _ = responder.ble.processPeripheralReceiveWrite(
     [0;36m|[0;0m             `- [1;33mwarning: [1;39musing '_' to ignore the result of a Void-returning function is redundant[0;0m
 [0;36m939 |[0;0m                 rPM, requests: [unsafeBitCast(req, to: CBATTRequest.self)],
 [0;36m940 |[0;0m                 sourceEpoch: responder.ble.currentTransportEpoch)

[#NoUsage]: <https://docs.swift.org/compiler/documentation/diagnostics/no-usage>
[186 / 222] GodstoneCoreTests-product
/Users/oculus/.cache/godstone-mutation-worktrees/wt_T60-RC12-ios-the-touch-target-minimum-vanish/ios/Packages/GodstoneFoundation/Sources/GodstoneMesh/MessageStore.swift:66:10: [1;33mwarning: [1;39massociated value 'created' of 'Sendable'-conforming enum 'OutboundEnqueueResult' has non-Sendable type 'FrameV2'; this is an error in the Swift 6 language mode[0;0m
  [0;36m64 |[0;0m public enum OutboundEnqueueResult: Sendable, Equatable {
  [0;36m65 |[0;0m     /// A new DIRECT message was atomically persisted in held_frames and delivery_state (QUEUED_DURABLY).
  [0;36m66 |[0;0m     case created(FrameV2)
     [0;36m|[0;0m          `- [1;33mwarning: [1;39massociated value 'created' of 'Sendable'-conforming enum 'OutboundEnqueueResult' has non-Sendable type 'FrameV2'; this is an error in the Swift 6 language mode[0;0m
  [0;36m67 |[0;0m     /// An idempotent retry of the SAME logical message with matching SINGLE_RECIPIENT binding and exact canonical frame.
  [0;36m68 |[0;0m     case alreadyQueuedSameBinding(FrameV2)

/Users/oculus/.cache/godstone-mutation-worktrees/wt_T60-RC12-ios-the-touch-target-minimum-vanish/ios/Packages/GodstoneFoundation/Sources/GodstoneMesh/WireV2.swift:7:15: [1;39mnote: [1;39mconsider making struct 'FrameV2' conform to the 'Sendable' protocol[0;0m
  [0;36m5 |[0;0m 
  [0;36m6 |[0;0m /// GMP/2 frame. Header is 32 bytes, big-endian.
  [0;36m7 |[0;0m public struct FrameV2: Equatable {
    [0;36m|[0;0m               `- [1;39mnote: [1;39mconsider making struct 'FrameV2' conform to the 'Sendable' protocol[0;0m
  [0;36m8 |[0;0m     public static let magic: UInt16 = 0x4753
  [0;36m9 |[0;0m     public static let version: UInt8 = 0x02

/Users/oculus/.cache/godstone-mutation-worktrees/wt_T60-RC12-ios-the-touch-target-minimum-vanish/ios/Packages/GodstoneFoundation/Sources/GodstoneMesh/MessageStore.swift:68:10: [1;33mwarning: [1;39massociated value 'alreadyQueuedSameBinding' of 'Sendable'-conforming enum 'OutboundEnqueueResult' has non-Sendable type 'FrameV2'; this is an error in the Swift 6 language mode[0;0m
  [0;36m66 |[0;0m     case created(FrameV2)
  [0;36m67 |[0;0m     /// An idempotent retry of the SAME logical message with matching SINGLE_RECIPIENT binding and exact canonical frame.
  [0;36m68 |[0;0m     case alreadyQueuedSameBinding(FrameV2)
     [0;36m|[0;0m          `- [1;33mwarning: [1;39massociated value 'alreadyQueuedSameBinding' of 'Sendable'-conforming enum 'OutboundEnqueueResult' has non-Sendable type 'FrameV2'; this is an error in the Swift 6 language mode[0;0m
  [0;36m69 |[0;0m     /// A held frame exists with matching msg_id but its fields/content differ from requested frame.
  [0;36m70 |[0;0m     case canonicalFrameMismatch

/Users/oculus/.cache/godstone-mutation-worktrees/wt_T60-RC12-ios-the-touch-target-minimum-vanish/ios/Packages/GodstoneFoundation/Sources/GodstoneMesh/WireV2.swift:7:15: [1;39mnote: [1;39mconsider making struct 'FrameV2' conform to the 'Sendable' protocol[0;0m
  [0;36m5 |[0;0m 
  [0;36m6 |[0;0m /// GMP/2 frame. Header is 32 bytes, big-endian.
  [0;36m7 |[0;0m public struct FrameV2: Equatable {
    [0;36m|[0;0m               `- [1;39mnote: [1;39mconsider making struct 'FrameV2' conform to the 'Sendable' protocol[0;0m
  [0;36m8 |[0;0m     public static let magic: UInt16 = 0x4753
  [0;36m9 |[0;0m     public static let version: UInt8 = 0x02

/Users/oculus/.cache/godstone-mutation-worktrees/wt_T60-RC12-ios-the-touch-target-minimum-vanish/ios/Packages/GodstoneFoundation/Sources/GodstoneMesh/MessageStore.swift:633:69: [1;33mwarning: [1;39mstring interpolation produces a debug description for an optional value; did you mean to make this explicit?[0;0m
 [0;36m631 |[0;0m             if f.columns != o.columns { return "COLUMNS of \(f.name): frozen=\(f.columns) observed=\(o.columns)" }
 [0;36m632 |[0;0m             if f.immutableColumns != o.immutableColumns { return "IMMUTABLE DOMAIN of \(f.name)" }
 [0;36m633 |[0;0m             if f.ddl != o.ddl { return "DDL of \(f.name): frozen=[\([4;39mf.ddl[0;0m)] observed=[\(o.ddl)]" }
     [0;36m|[0;0m                                                                     | |- [1;39mnote: [1;39mprovide a default value to avoid this warning[0;0m
     [0;36m|[0;0m                                                                     | `- [1;39mnote: [1;39muse 'String(describing:)' to silence this warning[0;0m
     [0;36m|[0;0m                                                                     `- [1;33mwarning: [1;39mstring interpolation produces a debug description for an optional value; did you mean to make this explicit?[0;0m
 [0;36m634 |[0;0m         }
 [0;36m635 |[0;0m         return "no difference found by inspection (ordering?)"

/Users/oculus/.cache/godstone-mutation-worktrees/wt_T60-RC12-ios-the-touch-target-minimum-vanish/ios/Packages/GodstoneFoundation/Sources/GodstoneMesh/MessageStore.swift:633:89: [1;33mwarning: [1;39mstring interpolation produces a debug description for an optional value; did you mean to make this explicit?[0;0m
 [0;36m631 |[0;0m             if f.columns != o.columns { return "COLUMNS of \(f.name): frozen=\(f.columns) observed=\(o.columns)" }
 [0;36m632 |[0;0m             if f.immutableColumns != o.immutableColumns { return "IMMUTABLE DOMAIN of \(f.name)" }
 [0;36m633 |[0;0m             if f.ddl != o.ddl { return "DDL of \(f.name): frozen=[\(f.ddl)] observed=[\([4;39mo.ddl[0;0m)]" }
     [0;36m|[0;0m                                                                                         | |- [1;39mnote: [1;39mprovide a default value to avoid this warning[0;0m
     [0;36m|[0;0m                                                                                         | `- [1;39mnote: [1;39muse 'String(describing:)' to silence this warning[0;0m
     [0;36m|[0;0m                                                                                         `- [1;33mwarning: [1;39mstring interpolation produces a debug description for an optional value; did you mean to make this explicit?[0;0m
 [0;36m634 |[0;0m         }
 [0;36m635 |[0;0m         return "no difference found by inspection (ordering?)"

/Users/oculus/.cache/godstone-mutation-worktrees/wt_T60-RC12-ios-the-touch-target-minimum-vanish/ios/Packages/GodstoneFoundation/Sources/GodstoneMesh/MessageStore.swift:1078:16: [1;33mwarning: [1;39mresult of call to function returning 'Int32' is unused[0;0m [#]8;;https://docs.swift.org/compiler/documentation/diagnostics/no-usage\NoUsage]8;;\]
[0;36m1076 |[0;0m         let flags = SQLITE_OPEN_READWRITE | SQLITE_OPEN_CREATE | SQLITE_OPEN_FULLMUTEX
[0;36m1077 |[0;0m         guard fn.openV2(path, &db, flags, nil) == SQLITE_OK else {
[0;36m1078 |[0;0m             fn.closeV2(db)
     [0;36m|[0;0m                `- [1;33mwarning: [1;39mresult of call to function returning 'Int32' is unused[0;0m [#]8;;https://docs.swift.org/compiler/documentation/diagnostics/no-usage\NoUsage]8;;\]
[0;36m1079 |[0;0m             openOutcome = .failed(.cannotOpenDatabase)
[0;36m1080 |[0;0m             return

/Users/oculus/.cache/godstone-mutation-worktrees/wt_T60-RC12-ios-the-touch-target-minimum-vanish/ios/Packages/GodstoneFoundation/Sources/GodstoneMesh/MessageStore.swift:1105:16: [1;33mwarning: [1;39mresult of call to function returning 'Int32' is unused[0;0m [#]8;;https://docs.swift.org/compiler/documentation/diagnostics/no-usage\NoUsage]8;;\]
[0;36m1103 |[0;0m             try runMigrations(db)
[0;36m1104 |[0;0m         } catch {
[0;36m1105 |[0;0m             fn.closeV2(db)
     [0;36m|[0;0m                `- [1;33mwarning: [1;39mresult of call to function returning 'Int32' is unused[0;0m [#]8;;https://docs.swift.org/compiler/documentation/diagnostics/no-usage\NoUsage]8;;\]
[0;36m1106 |[0;0m             handle = nil
[0;36m1107 |[0;0m             openOutcome = .failed(.schemaMigrationFailed)

/Users/oculus/.cache/godstone-mutation-worktrees/wt_T60-RC12-ios-the-touch-target-minimum-vanish/ios/Packages/GodstoneFoundation/Sources/GodstoneMesh/MessageStore.swift:1132:54: [1;33mwarning: [1;39mresult of call to function returning 'Int32' is unused[0;0m [#]8;;https://docs.swift.org/compiler/documentation/diagnostics/no-usage\NoUsage]8;;\]
[0;36m1130 |[0;0m     // *It closed unconditionally, so on the factory road the store's own deallocation would close a handle the
[0;36m1131 |[0;0m     // COMPOSITION owns -- and the wipe path closes both, so the same `OpaquePointer` could be freed twice.*
[0;36m1132 |[0;0m     deinit { if ownsConnection, let db = handle { fn.closeV2(db) } }
     [0;36m|[0;0m                                                      `- [1;33mwarning: [1;39mresult of call to function returning 'Int32' is unused[0;0m [#]8;;https://docs.swift.org/compiler/documentation/diagnostics/no-usage\NoUsage]8;;\]
[0;36m1133 |[0;0m 
[0;36m1134 |[0;0m     public func close() {

/Users/oculus/.cache/godstone-mutation-worktrees/wt_T60-RC12-ios-the-touch-target-minimum-vanish/ios/Packages/GodstoneFoundation/Sources/GodstoneMesh/MessageStore.swift:1156:16: [1;33mwarning: [1;39mresult of call to function returning 'Int32' is unused[0;0m [#]8;;https://docs.swift.org/compiler/documentation/diagnostics/no-usage\NoUsage]8;;\]
[0;36m1154 |[0;0m         }
[0;36m1155 |[0;0m         if let db = handle {
[0;36m1156 |[0;0m             fn.closeV2(db)
     [0;36m|[0;0m                `- [1;33mwarning: [1;39mresult of call to function returning 'Int32' is unused[0;0m [#]8;;https://docs.swift.org/compiler/documentation/diagnostics/no-usage\NoUsage]8;;\]
[0;36m1157 |[0;0m             handle = nil
[0;36m1158 |[0;0m         }

/Users/oculus/.cache/godstone-mutation-worktrees/wt_T60-RC12-ios-the-touch-target-minimum-vanish/ios/Packages/GodstoneFoundation/Sources/GodstoneMesh/MessageStore.swift:1320:20: [1;33mwarning: [1;39mresult of call to function returning 'Int32' is unused[0;0m [#]8;;https://docs.swift.org/compiler/documentation/diagnostics/no-usage\NoUsage]8;;\]
[0;36m1318 |[0;0m             var stmt: OpaquePointer?
[0;36m1319 |[0;0m             guard fn.prepareV2(db, sql, -1, &stmt, nil) == SQLITE_OK else {
[0;36m1320 |[0;0m                 fn.finalize(stmt); return false
     [0;36m|[0;0m                    `- [1;33mwarning: [1;39mresult of call to function returning 'Int32' is unused[0;0m [#]8;;https://docs.swift.org/compiler/documentation/diagnostics/no-usage\NoUsage]8;;\]
[0;36m1321 |[0;0m             }
[0;36m1322 |[0;0m             defer { fn.finalize(stmt) }

/Users/oculus/.cache/godstone-mutation-worktrees/wt_T60-RC12-ios-the-touch-target-minimum-vanish/ios/Packages/GodstoneFoundation/Sources/GodstoneMesh/MessageStore.swift:1322:24: [1;33mwarning: [1;39mresult of call to function returning 'Int32' is unused[0;0m [#]8;;https://docs.swift.org/compiler/documentation/diagnostics/no-usage\NoUsage]8;;\]
[0;36m1320 |[0;0m                 fn.finalize(stmt); return false
[0;36m1321 |[0;0m             }
[0;36m1322 |[0;0m             defer { fn.finalize(stmt) }
     [0;36m|[0;0m                        `- [1;33mwarning: [1;39mresult of call to function returning 'Int32' is unused[0;0m [#]8;;https://docs.swift.org/compiler/documentation/diagnostics/no-usage\NoUsage]8;;\]
[0;36m1323 |[0;0m             let blob = msgId as NSData
[0;36m1324 |[0;0m             guard fn.bindBlob(stmt, 1, blob.bytes, Int32(blob.length), nil) == SQLITE_OK else { return false }

/Users/oculus/.cache/godstone-mutation-worktrees/wt_T60-RC12-ios-the-touch-target-minimum-vanish/ios/Packages/GodstoneFoundation/Sources/GodstoneMesh/MessageStore.swift:1369:16: [1;33mwarning: [1;39mresult of call to function returning 'Int32' is unused[0;0m [#]8;;https://docs.swift.org/compiler/documentation/diagnostics/no-usage\NoUsage]8;;\]
[0;36m1367 |[0;0m         var stmt: OpaquePointer?
[0;36m1368 |[0;0m         guard fn.prepareV2(db, sql, -1, &stmt, nil) == SQLITE_OK else {
[0;36m1369 |[0;0m             fn.finalize(stmt); return false
     [0;36m|[0;0m                `- [1;33mwarning: [1;39mresult of call to function returning 'Int32' is unused[0;0m [#]8;;https://docs.swift.org/compiler/documentation/diagnostics/no-usage\NoUsage]8;;\]
[0;36m1370 |[0;0m         }
[0;36m1371 |[0;0m         defer { fn.finalize(stmt) }

/Users/oculus/.cache/godstone-mutation-worktrees/wt_T60-RC12-ios-the-touch-target-minimum-vanish/ios/Packages/GodstoneFoundation/Sources/GodstoneMesh/MessageStore.swift:1371:20: [1;33mwarning: [1;39mresult of call to function returning 'Int32' is unused[0;0m [#]8;;https://docs.swift.org/compiler/documentation/diagnostics/no-usage\NoUsage]8;;\]
[0;36m1369 |[0;0m             fn.finalize(stmt); return false
[0;36m1370 |[0;0m         }
[0;36m1371 |[0;0m         defer { fn.finalize(stmt) }
     [0;36m|[0;0m                    `- [1;33mwarning: [1;39mresult of call to function returning 'Int32' is unused[0;0m [#]8;;https://docs.swift.org/compiler/documentation/diagnostics/no-usage\NoUsage]8;;\]
[0;36m1372 |[0;0m         fn.bindInt64(stmt, 1, Int64(next.remainingMs))
[0;36m1373 |[0;0m         fn.bindInt64(stmt, 2, Int64(next.checkpointMonotonicMs))

/Users/oculus/.cache/godstone-mutation-worktrees/wt_T60-RC12-ios-the-touch-target-minimum-vanish/ios/Packages/GodstoneFoundation/Sources/GodstoneMesh/MessageStore.swift:1372:12: [1;33mwarning: [1;39mresult of call to function returning 'Int32' is unused[0;0m [#]8;;https://docs.swift.org/compiler/documentation/diagnostics/no-usage\NoUsage]8;;\]
[0;36m1370 |[0;0m         }
[0;36m1371 |[0;0m         defer { fn.finalize(stmt) }
[0;36m1372 |[0;0m         fn.bindInt64(stmt, 1, Int64(next.remainingMs))
     [0;36m|[0;0m            `- [1;33mwarning: [1;39mresult of call to function returning 'Int32' is unused[0;0m [#]8;;https://docs.swift.org/compiler/documentation/diagnostics/no-usage\NoUsage]8;;\]
[0;36m1373 |[0;0m         fn.bindInt64(stmt, 2, Int64(next.checkpointMonotonicMs))
[0;36m1374 |[0;0m         fn.bindInt64(stmt, 3, Int64(next.discontinuityCount))

/Users/oculus/.cache/godstone-mutation-worktrees/wt_T60-RC12-ios-the-touch-target-minimum-vanish/ios/Packages/GodstoneFoundation/Sources/GodstoneMesh/MessageStore.swift:1373:12: [1;33mwarning: [1;39mresult of call to function returning 'Int32' is unused[0;0m [#]8;;https://docs.swift.org/compiler/documentation/diagnostics/no-usage\NoUsage]8;;\]
[0;36m1371 |[0;0m         defer { fn.finalize(stmt) }
[0;36m1372 |[0;0m         fn.bindInt64(stmt, 1, Int64(next.remainingMs))
[0;36m1373 |[0;0m         fn.bindInt64(stmt, 2, Int64(next.checkpointMonotonicMs))
     [0;36m|[0;0m            `- [1;33mwarning: [1;39mresult of call to function returning 'Int32' is unused[0;0m [#]8;;https://docs.swift.org/compiler/documentation/diagnostics/no-usage\NoUsage]8;;\]
[0;36m1374 |[0;0m         fn.bindInt64(stmt, 3, Int64(next.discontinuityCount))
[0;36m1375 |[0;0m         fn.bindText(stmt, 4, next.bootIdentity, -1, storeSqliteTransient)

/Users/oculus/.cache/godstone-mutation-worktrees/wt_T60-RC12-ios-the-touch-target-minimum-vanish/ios/Packages/GodstoneFoundation/Sources/GodstoneMesh/MessageStore.swift:1374:12: [1;33mwarning: [1;39mresult of call to function returning 'Int32' is unused[0;0m [#]8;;https://docs.swift.org/compiler/documentation/diagnostics/no-usage\NoUsage]8;;\]
[0;36m1372 |[0;0m         fn.bindInt64(stmt, 1, Int64(next.remainingMs))
[0;36m1373 |[0;0m         fn.bindInt64(stmt, 2, Int64(next.checkpointMonotonicMs))
[0;36m1374 |[0;0m         fn.bindInt64(stmt, 3, Int64(next.discontinuityCount))
     [0;36m|[0;0m            `- [1;33mwarning: [1;39mresult of call to function returning 'Int32' is unused[0;0m [#]8;;https://docs.swift.org/compiler/documentation/diagnostics/no-usage\NoUsage]8;;\]
[0;36m1375 |[0;0m         fn.bindText(stmt, 4, next.bootIdentity, -1, storeSqliteTransient)
[0;36m1376 |[0;0m         let blob = msgId as NSData

/Users/oculus/.cache/godstone-mutation-worktrees/wt_T60-RC12-ios-the-touch-target-minimum-vanish/ios/Packages/GodstoneFoundation/Sources/GodstoneMesh/MessageStore.swift:1375:12: [1;33mwarning: [1;39mresult of call to function returning 'Int32' is unused[0;0m [#]8;;https://docs.swift.org/compiler/documentation/diagnostics/no-usage\NoUsage]8;;\]
[0;36m1373 |[0;0m         fn.bindInt64(stmt, 2, Int64(next.checkpointMonotonicMs))
[0;36m1374 |[0;0m         fn.bindInt64(stmt, 3, Int64(next.discontinuityCount))
[0;36m1375 |[0;0m         fn.bindText(stmt, 4, next.bootIdentity, -1, storeSqliteTransient)
     [0;36m|[0;0m            `- [1;33mwarning: [1;39mresult of call to function returning 'Int32' is unused[0;0m [#]8;;https://docs.swift.org/compiler/documentation/diagnostics/no-usage\NoUsage]8;;\]
[0;36m1376 |[0;0m         let blob = msgId as NSData
[0;36m1377 |[0;0m         fn.bindBlob(stmt, 5, blob.bytes, Int32(blob.length), storeSqliteTransient)

/Users/oculus/.cache/godstone-mutation-worktrees/wt_T60-RC12-ios-the-touch-target-minimum-vanish/ios/Packages/GodstoneFoundation/Sources/GodstoneMesh/MessageStore.swift:1377:12: [1;33mwarning: [1;39mresult of call to function returning 'Int32' is unused[0;0m [#]8;;https://docs.swift.org/compiler/documentation/diagnostics/no-usage\NoUsage]8;;\]
[0;36m1375 |[0;0m         fn.bindText(stmt, 4, next.bootIdentity, -1, storeSqliteTransient)
[0;36m1376 |[0;0m         let blob = msgId as NSData
[0;36m1377 |[0;0m         fn.bindBlob(stmt, 5, blob.bytes, Int32(blob.length), storeSqliteTransient)
     [0;36m|[0;0m            `- [1;33mwarning: [1;39mresult of call to function returning 'Int32' is unused[0;0m [#]8;;https://docs.swift.org/compiler/documentation/diagnostics/no-usage\NoUsage]8;;\]
[0;36m1378 |[0;0m         return fn.step(stmt) == SQLITE_DONE
[0;36m1379 |[0;0m     }

/Users/oculus/.cache/godstone-mutation-worktrees/wt_T60-RC12-ios-the-touch-target-minimum-vanish/ios/Packages/GodstoneFoundation/Sources/GodstoneMesh/MessageStore.swift:1425:81: [1;33mwarning: [1;39mresult of call to function returning 'Int32' is unused[0;0m [#]8;;https://docs.swift.org/compiler/documentation/diagnostics/no-usage\NoUsage]8;;\]
[0;36m1423 |[0;0m                 "\(StoreSchema.colDiscontinuity) FROM \(StoreSchema.table) LIMIT ?"
[0;36m1424 |[0;0m             var stmt: OpaquePointer?
[0;36m1425 |[0;0m             guard fn.prepareV2(db, scan, -1, &stmt, nil) == SQLITE_OK else { fn.finalize(stmt); return 0 }
     [0;36m|[0;0m                                                                                 `- [1;33mwarning: [1;39mresult of call to function returning 'Int32' is unused[0;0m [#]8;;https://docs.swift.org/compiler/documentation/diagnostics/no-usage\NoUsage]8;;\]
[0;36m1426 |[0;0m             defer { fn.finalize(stmt) }
[0;36m1427 |[0;0m             fn.bindInt(stmt, 1, Int32(max(1, limit)))

/Users/oculus/.cache/godstone-mutation-worktrees/wt_T60-RC12-ios-the-touch-target-minimum-vanish/ios/Packages/GodstoneFoundation/Sources/GodstoneMesh/MessageStore.swift:1426:24: [1;33mwarning: [1;39mresult of call to function returning 'Int32' is unused[0;0m [#]8;;https://docs.swift.org/compiler/documentation/diagnostics/no-usage\NoUsage]8;;\]
[0;36m1424 |[0;0m             var stmt: OpaquePointer?
[0;36m1425 |[0;0m             guard fn.prepareV2(db, scan, -1, &stmt, nil) == SQLITE_OK else { fn.finalize(stmt); return 0 }
[0;36m1426 |[0;0m             defer { fn.finalize(stmt) }
     [0;36m|[0;0m                        `- [1;33mwarning: [1;39mresult of call to function returning 'Int32' is unused[0;0m [#]8;;https://docs.swift.org/compiler/documentation/diagnostics/no-usage\NoUsage]8;;\]
[0;36m1427 |[0;0m             fn.bindInt(stmt, 1, Int32(max(1, limit)))
[0;36m1428 |[0;0m             var spent: [Data] = []

/Users/oculus/.cache/godstone-mutation-worktrees/wt_T60-RC12-ios-the-touch-target-minimum-vanish/ios/Packages/GodstoneFoundation/Sources/GodstoneMesh/MessageStore.swift:1427:16: [1;33mwarning: [1;39mresult of call to function returning 'Int32' is unused[0;0m [#]8;;https://docs.swift.org/compiler/documentation/diagnostics/no-usage\NoUsage]8;;\]
[0;36m1425 |[0;0m             guard fn.prepareV2(db, scan, -1, &stmt, nil) == SQLITE_OK else { fn.finalize(stmt); return 0 }
[0;36m1426 |[0;0m             defer { fn.finalize(stmt) }
[0;36m1427 |[0;0m             fn.bindInt(stmt, 1, Int32(max(1, limit)))
     [0;36m|[0;0m                `- [1;33mwarning: [1;39mresult of call to function returning 'Int32' is unused[0;0m [#]8;;https://docs.swift.org/compiler/documentation/diagnostics/no-usage\NoUsage]8;;\]
[0;36m1428 |[0;0m             var spent: [Data] = []
[0;36m1429 |[0;0m             var scanned = 0

/Users/oculus/.cache/godstone-mutation-worktrees/wt_T60-RC12-ios-the-touch-target-minimum-vanish/ios/Packages/GodstoneFoundation/Sources/GodstoneMesh/MessageStore.swift:1462:81: [1;33mwarning: [1;39mresult of call to function returning 'Int32' is unused[0;0m [#]8;;https://docs.swift.org/compiler/documentation/diagnostics/no-usage\NoUsage]8;;\]
[0;36m1460 |[0;0m                 let del = "DELETE FROM \(StoreSchema.table) WHERE \(StoreSchema.colMsgId) = ?"
[0;36m1461 |[0;0m                 var d: OpaquePointer?
[0;36m1462 |[0;0m                 guard fn.prepareV2(db, del, -1, &d, nil) == SQLITE_OK else { fn.finalize(d); continue }
     [0;36m|[0;0m                                                                                 `- [1;33mwarning: [1;39mresult of call to function returning 'Int32' is unused[0;0m [#]8;;https://docs.swift.org/compiler/documentation/diagnostics/no-usage\NoUsage]8;;\]
[0;36m1463 |[0;0m                 let blob = id as NSData
[0;36m1464 |[0;0m                 fn.bindBlob(d, 1, blob.bytes, Int32(blob.length), storeSqliteTransient)

/Users/oculus/.cache/godstone-mutation-worktrees/wt_T60-RC12-ios-the-touch-target-minimum-vanish/ios/Packages/GodstoneFoundation/Sources/GodstoneMesh/MessageStore.swift:1464:20: [1;33mwarning: [1;39mresult of call to function returning 'Int32' is unused[0;0m [#]8;;https://docs.swift.org/compiler/documentation/diagnostics/no-usage\NoUsage]8;;\]
[0;36m1462 |[0;0m                 guard fn.prepareV2(db, del, -1, &d, nil) == SQLITE_OK else { fn.finalize(d); continue }
[0;36m1463 |[0;0m                 let blob = id as NSData
[0;36m1464 |[0;0m                 fn.bindBlob(d, 1, blob.bytes, Int32(blob.length), storeSqliteTransient)
     [0;36m|[0;0m                    `- [1;33mwarning: [1;39mresult of call to function returning 'Int32' is unused[0;0m [#]8;;https://docs.swift.org/compiler/documentation/diagnostics/no-usage\NoUsage]8;;\]
[0;36m1465 |[0;0m                 let deleted = fn.step(d) == SQLITE_DONE
[0;36m1466 |[0;0m                 fn.finalize(d)

/Users/oculus/.cache/godstone-mutation-worktrees/wt_T60-RC12-ios-the-touch-target-minimum-vanish/ios/Packages/GodstoneFoundation/Sources/GodstoneMesh/MessageStore.swift:1466:20: [1;33mwarning: [1;39mresult of call to function returning 'Int32' is unused[0;0m [#]8;;https://docs.swift.org/compiler/documentation/diagnostics/no-usage\NoUsage]8;;\]
[0;36m1464 |[0;0m                 fn.bindBlob(d, 1, blob.bytes, Int32(blob.length), storeSqliteTransient)
[0;36m1465 |[0;0m                 let deleted = fn.step(d) == SQLITE_DONE
[0;36m1466 |[0;0m                 fn.finalize(d)
     [0;36m|[0;0m                    `- [1;33mwarning: [1;39mresult of call to function returning 'Int32' is unused[0;0m [#]8;;https://docs.swift.org/compiler/documentation/diagnostics/no-usage\NoUsage]8;;\]
[0;36m1467 |[0;0m                 // THE TOMBSTONE, WRITTEN INSIDE THE SAME TRANSACTION THAT RETIRETH THE ROW -- because a row
[0;36m1468 |[0;0m                 // retired without one could be REPLAYED AND RE-ACCEPTED, and a retirement that half-happeneth

/Users/oculus/.cache/godstone-mutation-worktrees/wt_T60-RC12-ios-the-touch-target-minimum-vanish/ios/Packages/GodstoneFoundation/Sources/GodstoneMesh/MessageStore.swift:1478:28: [1;33mwarning: [1;39mresult of call to function returning 'Int32' is unused[0;0m [#]8;;https://docs.swift.org/compiler/documentation/diagnostics/no-usage\NoUsage]8;;\]
[0;36m1476 |[0;0m                     var ts: OpaquePointer?
[0;36m1477 |[0;0m                     if fn.prepareV2(handle, ins, -1, &ts, nil) == SQLITE_OK {
[0;36m1478 |[0;0m                         fn.bindBlob(ts, 1, blob.bytes, Int32(blob.length), storeSqliteTransient)
     [0;36m|[0;0m                            `- [1;33mwarning: [1;39mresult of call to function returning 'Int32' is unused[0;0m [#]8;;https://docs.swift.org/compiler/documentation/diagnostics/no-usage\NoUsage]8;;\]
[0;36m1479 |[0;0m                         fn.bindInt64(ts, 2, now + Int64(RetentionPolicy.tombstoneMs))
[0;36m1480 |[0;0m                         boot.withCString { fn.bindText(ts, 3, $0, -1, storeSqliteTransient) }

/Users/oculus/.cache/godstone-mutation-worktrees/wt_T60-RC12-ios-the-touch-target-minimum-vanish/ios/Packages/GodstoneFoundation/Sources/GodstoneMesh/MessageStore.swift:1479:28: [1;33mwarning: [1;39mresult of call to function returning 'Int32' is unused[0;0m [#]8;;https://docs.swift.org/compiler/documentation/diagnostics/no-usage\NoUsage]8;;\]
[0;36m1477 |[0;0m                     if fn.prepareV2(handle, ins, -1, &ts, nil) == SQLITE_OK {
[0;36m1478 |[0;0m                         fn.bindBlob(ts, 1, blob.bytes, Int32(blob.length), storeSqliteTransient)
[0;36m1479 |[0;0m                         fn.bindInt64(ts, 2, now + Int64(RetentionPolicy.tombstoneMs))
     [0;36m|[0;0m                            `- [1;33mwarning: [1;39mresult of call to function returning 'Int32' is unused[0;0m [#]8;;https://docs.swift.org/compiler/documentation/diagnostics/no-usage\NoUsage]8;;\]
[0;36m1480 |[0;0m                         boot.withCString { fn.bindText(ts, 3, $0, -1, storeSqliteTransient) }
[0;36m1481 |[0;0m                         _ = fn.step(ts)

/Users/oculus/.cache/godstone-mutation-worktrees/wt_T60-RC12-ios-the-touch-target-minimum-vanish/ios/Packages/GodstoneFoundation/Sources/GodstoneMesh/MessageStore.swift:1480:30: [1;33mwarning: [1;39mresult of call to 'withCString' is unused[0;0m [#]8;;https://docs.swift.org/compiler/documentation/diagnostics/no-usage\NoUsage]8;;\]
[0;36m1478 |[0;0m                         fn.bindBlob(ts, 1, blob.bytes, Int32(blob.length), storeSqliteTransient)
[0;36m1479 |[0;0m                         fn.bindInt64(ts, 2, now + Int64(RetentionPolicy.tombstoneMs))
[0;36m1480 |[0;0m                         boot.withCString [4;39m{ fn.bindText(ts, 3, $0, -1, storeSqliteTransient) }[0;0m
     [0;36m|[0;0m                              `- [1;33mwarning: [1;39mresult of call to 'withCString' is unused[0;0m [#]8;;https://docs.swift.org/compiler/documentation/diagnostics/no-usage\NoUsage]8;;\]
[0;36m1481 |[0;0m                         _ = fn.step(ts)
[0;36m1482 |[0;0m                     }

/Users/oculus/.cache/godstone-mutation-worktrees/wt_T60-RC12-ios-the-touch-target-minimum-vanish/ios/Packages/GodstoneFoundation/Sources/GodstoneMesh/MessageStore.swift:1483:24: [1;33mwarning: [1;39mresult of call to function returning 'Int32' is unused[0;0m [#]8;;https://docs.swift.org/compiler/documentation/diagnostics/no-usage\NoUsage]8;;\]
[0;36m1481 |[0;0m                         _ = fn.step(ts)
[0;36m1482 |[0;0m                     }
[0;36m1483 |[0;0m                     fn.finalize(ts)
     [0;36m|[0;0m                        `- [1;33mwarning: [1;39mresult of call to function returning 'Int32' is unused[0;0m [#]8;;https://docs.swift.org/compiler/documentation/diagnostics/no-usage\NoUsage]8;;\]
[0;36m1484 |[0;0m                 }
[0;36m1485 |[0;0m                 let upd = "UPDATE \(StoreSchema.deliveryTable) SET \(StoreSchema.colDState) = ? " +

/Users/oculus/.cache/godstone-mutation-worktrees/wt_T60-RC12-ios-the-touch-target-minimum-vanish/ios/Packages/GodstoneFoundation/Sources/GodstoneMesh/MessageStore.swift:1489:24: [1;33mwarning: [1;39mresult of call to function returning 'Int32' is unused[0;0m [#]8;;https://docs.swift.org/compiler/documentation/diagnostics/no-usage\NoUsage]8;;\]
[0;36m1487 |[0;0m                 var u: OpaquePointer?
[0;36m1488 |[0;0m                 if fn.prepareV2(db, upd, -1, &u, nil) == SQLITE_OK {
[0;36m1489 |[0;0m                     fn.bindInt(u, 1, DeliveryState.expired.code)
     [0;36m|[0;0m                        `- [1;33mwarning: [1;39mresult of call to function returning 'Int32' is unused[0;0m [#]8;;https://docs.swift.org/compiler/documentation/diagnostics/no-usage\NoUsage]8;;\]
[0;36m1490 |[0;0m                     fn.bindBlob(u, 2, blob.bytes, Int32(blob.length), storeSqliteTransient)
[0;36m1491 |[0;0m                     _ = fn.step(u)

/Users/oculus/.cache/godstone-mutation-worktrees/wt_T60-RC12-ios-the-touch-target-minimum-vanish/ios/Packages/GodstoneFoundation/Sources/GodstoneMesh/MessageStore.swift:1490:24: [1;33mwarning: [1;39mresult of call to function returning 'Int32' is unused[0;0m [#]8;;https://docs.swift.org/compiler/documentation/diagnostics/no-usage\NoUsage]8;;\]
[0;36m1488 |[0;0m                 if fn.prepareV2(db, upd, -1, &u, nil) == SQLITE_OK {
[0;36m1489 |[0;0m                     fn.bindInt(u, 1, DeliveryState.expired.code)
[0;36m1490 |[0;0m                     fn.bindBlob(u, 2, blob.bytes, Int32(blob.length), storeSqliteTransient)
     [0;36m|[0;0m                        `- [1;33mwarning: [1;39mresult of call to function returning 'Int32' is unused[0;0m [#]8;;https://docs.swift.org/compiler/documentation/diagnostics/no-usage\NoUsage]8;;\]
[0;36m1491 |[0;0m                     _ = fn.step(u)
[0;36m1492 |[0;0m                 }

/Users/oculus/.cache/godstone-mutation-worktrees/wt_T60-RC12-ios-the-touch-target-minimum-vanish/ios/Packages/GodstoneFoundation/Sources/GodstoneMesh/MessageStore.swift:1493:20: [1;33mwarning: [1;39mresult of call to function returning 'Int32' is unused[0;0m [#]8;;https://docs.swift.org/compiler/documentation/diagnostics/no-usage\NoUsage]8;;\]
[0;36m1491 |[0;0m                     _ = fn.step(u)
[0;36m1492 |[0;0m                 }
[0;36m1493 |[0;0m                 fn.finalize(u)
     [0;36m|[0;0m                    `- [1;33mwarning: [1;39mresult of call to function returning 'Int32' is unused[0;0m [#]8;;https://docs.swift.org/compiler/documentation/diagnostics/no-usage\NoUsage]8;;\]
[0;36m1494 |[0;0m                 if deleted { retired += 1 }
[0;36m1495 |[0;0m             }

/Users/oculus/.cache/godstone-mutation-worktrees/wt_T60-RC12-ios-the-touch-target-minimum-vanish/ios/Packages/GodstoneFoundation/Sources/GodstoneMesh/MessageStore.swift:1572:16: [1;33mwarning: [1;39mresult of call to function returning 'Int32' is unused[0;0m [#]8;;https://docs.swift.org/compiler/documentation/diagnostics/no-usage\NoUsage]8;;\]
[0;36m1570 |[0;0m         var stmt: OpaquePointer?
[0;36m1571 |[0;0m         guard fn.prepareV2(db, sql, -1, &stmt, nil) == SQLITE_OK else {
[0;36m1572 |[0;0m             fn.finalize(stmt); return
     [0;36m|[0;0m                `- [1;33mwarning: [1;39mresult of call to function returning 'Int32' is unused[0;0m [#]8;;https://docs.swift.org/compiler/documentation/diagnostics/no-usage\NoUsage]8;;\]
[0;36m1573 |[0;0m         }
[0;36m1574 |[0;0m         defer { fn.finalize(stmt) }

/Users/oculus/.cache/godstone-mutation-worktrees/wt_T60-RC12-ios-the-touch-target-minimum-vanish/ios/Packages/GodstoneFoundation/Sources/GodstoneMesh/MessageStore.swift:1574:20: [1;33mwarning: [1;39mresult of call to function returning 'Int32' is unused[0;0m [#]8;;https://docs.swift.org/compiler/documentation/diagnostics/no-usage\NoUsage]8;;\]
[0;36m1572 |[0;0m             fn.finalize(stmt); return
[0;36m1573 |[0;0m         }
[0;36m1574 |[0;0m         defer { fn.finalize(stmt) }
     [0;36m|[0;0m                    `- [1;33mwarning: [1;39mresult of call to function returning 'Int32' is unused[0;0m [#]8;;https://docs.swift.org/compiler/documentation/diagnostics/no-usage\NoUsage]8;;\]
[0;36m1575 |[0;0m         boot.withCString { fn.bindText(stmt, 1, $0, -1, storeSqliteTransient) }
[0;36m1576 |[0;0m         fn.bindInt64(stmt, 2, nowMono)

/Users/oculus/.cache/godstone-mutation-worktrees/wt_T60-RC12-ios-the-touch-target-minimum-vanish/ios/Packages/GodstoneFoundation/Sources/GodstoneMesh/MessageStore.swift:1575:14: [1;33mwarning: [1;39mresult of call to 'withCString' is unused[0;0m [#]8;;https://docs.swift.org/compiler/documentation/diagnostics/no-usage\NoUsage]8;;\]
[0;36m1573 |[0;0m         }
[0;36m1574 |[0;0m         defer { fn.finalize(stmt) }
[0;36m1575 |[0;0m         boot.withCString [4;39m{ fn.bindText(stmt, 1, $0, -1, storeSqliteTransient) }[0;0m
     [0;36m|[0;0m              `- [1;33mwarning: [1;39mresult of call to 'withCString' is unused[0;0m [#]8;;https://docs.swift.org/compiler/documentation/diagnostics/no-usage\NoUsage]8;;\]
[0;36m1576 |[0;0m         fn.bindInt64(stmt, 2, nowMono)
[0;36m1577 |[0;0m         fn.bindInt(stmt, 3, Int32(max(1, limit)))

/Users/oculus/.cache/godstone-mutation-worktrees/wt_T60-RC12-ios-the-touch-target-minimum-vanish/ios/Packages/GodstoneFoundation/Sources/GodstoneMesh/MessageStore.swift:1576:12: [1;33mwarning: [1;39mresult of call to function returning 'Int32' is unused[0;0m [#]8;;https://docs.swift.org/compiler/documentation/diagnostics/no-usage\NoUsage]8;;\]
[0;36m1574 |[0;0m         defer { fn.finalize(stmt) }
[0;36m1575 |[0;0m         boot.withCString { fn.bindText(stmt, 1, $0, -1, storeSqliteTransient) }
[0;36m1576 |[0;0m         fn.bindInt64(stmt, 2, nowMono)
     [0;36m|[0;0m            `- [1;33mwarning: [1;39mresult of call to function returning 'Int32' is unused[0;0m [#]8;;https://docs.swift.org/compiler/documentation/diagnostics/no-usage\NoUsage]8;;\]
[0;36m1577 |[0;0m         fn.bindInt(stmt, 3, Int32(max(1, limit)))
[0;36m1578 |[0;0m         _ = fn.step(stmt)

/Users/oculus/.cache/godstone-mutation-worktrees/wt_T60-RC12-ios-the-touch-target-minimum-vanish/ios/Packages/GodstoneFoundation/Sources/GodstoneMesh/MessageStore.swift:1577:12: [1;33mwarning: [1;39mresult of call to function returning 'Int32' is unused[0;0m [#]8;;https://docs.swift.org/compiler/documentation/diagnostics/no-usage\NoUsage]8;;\]
[0;36m1575 |[0;0m         boot.withCString { fn.bindText(stmt, 1, $0, -1, storeSqliteTransient) }
[0;36m1576 |[0;0m         fn.bindInt64(stmt, 2, nowMono)
[0;36m1577 |[0;0m         fn.bindInt(stmt, 3, Int32(max(1, limit)))
     [0;36m|[0;0m            `- [1;33mwarning: [1;39mresult of call to function returning 'Int32' is unused[0;0m [#]8;;https://docs.swift.org/compiler/documentation/diagnostics/no-usage\NoUsage]8;;\]
[0;36m1578 |[0;0m         _ = fn.step(stmt)
[0;36m1579 |[0;0m     }

/Users/oculus/.cache/godstone-mutation-worktrees/wt_T60-RC12-ios-the-touch-target-minimum-vanish/ios/Packages/GodstoneFoundation/Sources/GodstoneMesh/MessageStore.swift:1586:16: [1;33mwarning: [1;39mresult of call to function returning 'Int32' is unused[0;0m [#]8;;https://docs.swift.org/compiler/documentation/diagnostics/no-usage\NoUsage]8;;\]
[0;36m1584 |[0;0m         var stmt: OpaquePointer?
[0;36m1585 |[0;0m         guard fn.prepareV2(db, sql, -1, &stmt, nil) == SQLITE_OK else {
[0;36m1586 |[0;0m             fn.finalize(stmt); return false
     [0;36m|[0;0m                `- [1;33mwarning: [1;39mresult of call to function returning 'Int32' is unused[0;0m [#]8;;https://docs.swift.org/compiler/documentation/diagnostics/no-usage\NoUsage]8;;\]
[0;36m1587 |[0;0m         }
[0;36m1588 |[0;0m         defer { fn.finalize(stmt) }

/Users/oculus/.cache/godstone-mutation-worktrees/wt_T60-RC12-ios-the-touch-target-minimum-vanish/ios/Packages/GodstoneFoundation/Sources/GodstoneMesh/MessageStore.swift:1588:20: [1;33mwarning: [1;39mresult of call to function returning 'Int32' is unused[0;0m [#]8;;https://docs.swift.org/compiler/documentation/diagnostics/no-usage\NoUsage]8;;\]
[0;36m1586 |[0;0m             fn.finalize(stmt); return false
[0;36m1587 |[0;0m         }
[0;36m1588 |[0;0m         defer { fn.finalize(stmt) }
     [0;36m|[0;0m                    `- [1;33mwarning: [1;39mresult of call to function returning 'Int32' is unused[0;0m [#]8;;https://docs.swift.org/compiler/documentation/diagnostics/no-usage\NoUsage]8;;\]
[0;36m1589 |[0;0m         let blob = msgId as NSData
[0;36m1590 |[0;0m         guard fn.bindBlob(stmt, 1, blob.bytes, Int32(blob.length), storeSqliteTransient) == SQLITE_OK,

/Users/oculus/.cache/godstone-mutation-worktrees/wt_T60-RC12-ios-the-touch-target-minimum-vanish/ios/Packages/GodstoneFoundation/Sources/GodstoneMesh/MessageStore.swift:1615:20: [1;33mwarning: [1;39mresult of call to function returning 'Int32' is unused[0;0m [#]8;;https://docs.swift.org/compiler/documentation/diagnostics/no-usage\NoUsage]8;;\]
[0;36m1613 |[0;0m             let sql = "SELECT COUNT(*) FROM \(StoreSchema.tombstoneTable)"
[0;36m1614 |[0;0m             guard fn.prepareV2(db, sql, -1, &stmt, nil) == SQLITE_OK else {
[0;36m1615 |[0;0m                 fn.finalize(stmt); return 0
     [0;36m|[0;0m                    `- [1;33mwarning: [1;39mresult of call to function returning 'Int32' is unused[0;0m [#]8;;https://docs.swift.org/compiler/documentation/diagnostics/no-usage\NoUsage]8;;\]
[0;36m1616 |[0;0m             }
[0;36m1617 |[0;0m             defer { fn.finalize(stmt) }

/Users/oculus/.cache/godstone-mutation-worktrees/wt_T60-RC12-ios-the-touch-target-minimum-vanish/ios/Packages/GodstoneFoundation/Sources/GodstoneMesh/MessageStore.swift:1617:24: [1;33mwarning: [1;39mresult of call to function returning 'Int32' is unused[0;0m [#]8;;https://docs.swift.org/compiler/documentation/diagnostics/no-usage\NoUsage]8;;\]
[0;36m1615 |[0;0m                 fn.finalize(stmt); return 0
[0;36m1616 |[0;0m             }
[0;36m1617 |[0;0m             defer { fn.finalize(stmt) }
     [0;36m|[0;0m                        `- [1;33mwarning: [1;39mresult of call to function returning 'Int32' is unused[0;0m [#]8;;https://docs.swift.org/compiler/documentation/diagnostics/no-usage\NoUsage]8;;\]
[0;36m1618 |[0;0m             guard fn.step(stmt) == SQLITE_ROW else { return 0 }
[0;36m1619 |[0;0m             return Int(fn.columnInt64(stmt, 0))

/Users/oculus/.cache/godstone-mutation-worktrees/wt_T60-RC12-ios-the-touch-target-minimum-vanish/ios/Packages/GodstoneFoundation/Sources/GodstoneMesh/MessageStore.swift:1630:20: [1;33mwarning: [1;39mresult of call to function returning 'Int32' is unused[0;0m [#]8;;https://docs.swift.org/compiler/documentation/diagnostics/no-usage\NoUsage]8;;\]
[0;36m1628 |[0;0m             var stmt: OpaquePointer?
[0;36m1629 |[0;0m             guard fn.prepareV2(db, sql, -1, &stmt, nil) == SQLITE_OK else {
[0;36m1630 |[0;0m                 fn.finalize(stmt); return false
     [0;36m|[0;0m                    `- [1;33mwarning: [1;39mresult of call to function returning 'Int32' is unused[0;0m [#]8;;https://docs.swift.org/compiler/documentation/diagnostics/no-usage\NoUsage]8;;\]
[0;36m1631 |[0;0m             }
[0;36m1632 |[0;0m             defer { fn.finalize(stmt) }

/Users/oculus/.cache/godstone-mutation-worktrees/wt_T60-RC12-ios-the-touch-target-minimum-vanish/ios/Packages/GodstoneFoundation/Sources/GodstoneMesh/MessageStore.swift:1632:24: [1;33mwarning: [1;39mresult of call to function returning 'Int32' is unused[0;0m [#]8;;https://docs.swift.org/compiler/documentation/diagnostics/no-usage\NoUsage]8;;\]
[0;36m1630 |[0;0m                 fn.finalize(stmt); return false
[0;36m1631 |[0;0m             }
[0;36m1632 |[0;0m             defer { fn.finalize(stmt) }
     [0;36m|[0;0m                        `- [1;33mwarning: [1;39mresult of call to function returning 'Int32' is unused[0;0m [#]8;;https://docs.swift.org/compiler/documentation/diagnostics/no-usage\NoUsage]8;;\]
[0;36m1633 |[0;0m             let blob = msgId as NSData
[0;36m1634 |[0;0m             guard fn.bindBlob(stmt, 1, blob.bytes, Int32(blob.length), nil) == SQLITE_OK,

/Users/oculus/.cache/godstone-mutation-worktrees/wt_T60-RC12-ios-the-touch-target-minimum-vanish/ios/Packages/GodstoneFoundation/Sources/GodstoneMesh/MessageStore.swift:1651:20: [1;33mwarning: [1;39mresult of call to function returning 'Int32' is unused[0;0m [#]8;;https://docs.swift.org/compiler/documentation/diagnostics/no-usage\NoUsage]8;;\]
[0;36m1649 |[0;0m             var stmt: OpaquePointer?
[0;36m1650 |[0;0m             guard fn.prepareV2(db, sql, -1, &stmt, nil) == SQLITE_OK else {
[0;36m1651 |[0;0m                 fn.finalize(stmt); return false
     [0;36m|[0;0m                    `- [1;33mwarning: [1;39mresult of call to function returning 'Int32' is unused[0;0m [#]8;;https://docs.swift.org/compiler/documentation/diagnostics/no-usage\NoUsage]8;;\]
[0;36m1652 |[0;0m             }
[0;36m1653 |[0;0m             defer { fn.finalize(stmt) }

/Users/oculus/.cache/godstone-mutation-worktrees/wt_T60-RC12-ios-the-touch-target-minimum-vanish/ios/Packages/GodstoneFoundation/Sources/GodstoneMesh/MessageStore.swift:1653:24: [1;33mwarning: [1;39mresult of call to function returning 'Int32' is unused[0;0m [#]8;;https://docs.swift.org/compiler/documentation/diagnostics/no-usage\NoUsage]8;;\]
[0;36m1651 |[0;0m                 fn.finalize(stmt); return false
[0;36m1652 |[0;0m             }
[0;36m1653 |[0;0m             defer { fn.finalize(stmt) }
     [0;36m|[0;0m                        `- [1;33mwarning: [1;39mresult of call to function returning 'Int32' is unused[0;0m [#]8;;https://docs.swift.org/compiler/documentation/diagnostics/no-usage\NoUsage]8;;\]
[0;36m1654 |[0;0m             let blob = msgId as NSData
[0;36m1655 |[0;0m             guard fn.bindBlob(stmt, 1, blob.bytes, Int32(blob.length), nil) == SQLITE_OK else { return false }

/Users/oculus/.cache/godstone-mutation-worktrees/wt_T60-RC12-ios-the-touch-target-minimum-vanish/ios/Packages/GodstoneFoundation/Sources/GodstoneMesh/MessageStore.swift:1690:20: [1;33mwarning: [1;39mresult of call to function returning 'Int32' is unused[0;0m [#]8;;https://docs.swift.org/compiler/documentation/diagnostics/no-usage\NoUsage]8;;\]
[0;36m1688 |[0;0m             var stmt: OpaquePointer?
[0;36m1689 |[0;0m             guard fn.prepareV2(db, sql, -1, &stmt, nil) == SQLITE_OK else {
[0;36m1690 |[0;0m                 fn.finalize(stmt); return
     [0;36m|[0;0m                    `- [1;33mwarning: [1;39mresult of call to function returning 'Int32' is unused[0;0m [#]8;;https://docs.swift.org/compiler/documentation/diagnostics/no-usage\NoUsage]8;;\]
[0;36m1691 |[0;0m             }
[0;36m1692 |[0;0m             defer { fn.finalize(stmt) }

/Users/oculus/.cache/godstone-mutation-worktrees/wt_T60-RC12-ios-the-touch-target-minimum-vanish/ios/Packages/GodstoneFoundation/Sources/GodstoneMesh/MessageStore.swift:1692:24: [1;33mwarning: [1;39mresult of call to function returning 'Int32' is unused[0;0m [#]8;;https://docs.swift.org/compiler/documentation/diagnostics/no-usage\NoUsage]8;;\]
[0;36m1690 |[0;0m                 fn.finalize(stmt); return
[0;36m1691 |[0;0m             }
[0;36m1692 |[0;0m             defer { fn.finalize(stmt) }
     [0;36m|[0;0m                        `- [1;33mwarning: [1;39mresult of call to function returning 'Int32' is unused[0;0m [#]8;;https://docs.swift.org/compiler/documentation/diagnostics/no-usage\NoUsage]8;;\]
[0;36m1693 |[0;0m             while fn.step(stmt) == SQLITE_ROW {
[0;36m1694 |[0;0m                 let row = StoreRow(

/Users/oculus/.cache/godstone-mutation-worktrees/wt_T60-RC12-ios-the-touch-target-minimum-vanish/ios/Packages/GodstoneFoundation/Sources/GodstoneMesh/MessageStore.swift:1731:20: [1;33mwarning: [1;39mresult of call to function returning 'Int32' is unused[0;0m [#]8;;https://docs.swift.org/compiler/documentation/diagnostics/no-usage\NoUsage]8;;\]
[0;36m1729 |[0;0m             var stmt: OpaquePointer?
[0;36m1730 |[0;0m             guard fn.prepareV2(db, sql, -1, &stmt, nil) == SQLITE_OK else {
[0;36m1731 |[0;0m                 fn.finalize(stmt); return
     [0;36m|[0;0m                    `- [1;33mwarning: [1;39mresult of call to function returning 'Int32' is unused[0;0m [#]8;;https://docs.swift.org/compiler/documentation/diagnostics/no-usage\NoUsage]8;;\]
[0;36m1732 |[0;0m             }
[0;36m1733 |[0;0m             defer { fn.finalize(stmt) }

/Users/oculus/.cache/godstone-mutation-worktrees/wt_T60-RC12-ios-the-touch-target-minimum-vanish/ios/Packages/GodstoneFoundation/Sources/GodstoneMesh/MessageStore.swift:1733:24: [1;33mwarning: [1;39mresult of call to function returning 'Int32' is unused[0;0m [#]8;;https://docs.swift.org/compiler/documentation/diagnostics/no-usage\NoUsage]8;;\]
[0;36m1731 |[0;0m                 fn.finalize(stmt); return
[0;36m1732 |[0;0m             }
[0;36m1733 |[0;0m             defer { fn.finalize(stmt) }
     [0;36m|[0;0m                        `- [1;33mwarning: [1;39mresult of call to function returning 'Int32' is unused[0;0m [#]8;;https://docs.swift.org/compiler/documentation/diagnostics/no-usage\NoUsage]8;;\]
[0;36m1734 |[0;0m             while fn.step(stmt) == SQLITE_ROW {
[0;36m1735 |[0;0m                 // GS-STORE-004: the id reader is a FORWARDING surface too, so it carrieth the same gate -- AND

/Users/oculus/.cache/godstone-mutation-worktrees/wt_T60-RC12-ios-the-touch-target-minimum-vanish/ios/Packages/GodstoneFoundation/Sources/GodstoneMesh/MessageStore.swift:2226:20: [1;33mwarning: [1;39mresult of call to function returning 'Int32' is unused[0;0m [#]8;;https://docs.swift.org/compiler/documentation/diagnostics/no-usage\NoUsage]8;;\]
[0;36m2224 |[0;0m             var stmt: OpaquePointer?
[0;36m2225 |[0;0m             guard fn.prepareV2(db, sql, -1, &stmt, nil) == SQLITE_OK else {
[0;36m2226 |[0;0m                 fn.finalize(stmt)
     [0;36m|[0;0m                    `- [1;33mwarning: [1;39mresult of call to function returning 'Int32' is unused[0;0m [#]8;;https://docs.swift.org/compiler/documentation/diagnostics/no-usage\NoUsage]8;;\]
[0;36m2227 |[0;0m                 return false
[0;36m2228 |[0;0m             }

/Users/oculus/.cache/godstone-mutation-worktrees/wt_T60-RC12-ios-the-touch-target-minimum-vanish/ios/Packages/GodstoneFoundation/Sources/GodstoneMesh/MessageStore.swift:2229:24: [1;33mwarning: [1;39mresult of call to function returning 'Int32' is unused[0;0m [#]8;;https://docs.swift.org/compiler/documentation/diagnostics/no-usage\NoUsage]8;;\]
[0;36m2227 |[0;0m                 return false
[0;36m2228 |[0;0m             }
[0;36m2229 |[0;0m             defer { fn.finalize(stmt) }
     [0;36m|[0;0m                        `- [1;33mwarning: [1;39mresult of call to function returning 'Int32' is unused[0;0m [#]8;;https://docs.swift.org/compiler/documentation/diagnostics/no-usage\NoUsage]8;;\]
[0;36m2230 |[0;0m             self.bindBlob(stmt, 1, msgId)
[0;36m2231 |[0;0m             let step = fn.step(stmt)

/Users/oculus/.cache/godstone-mutation-worktrees/wt_T60-RC12-ios-the-touch-target-minimum-vanish/ios/Packages/GodstoneFoundation/Sources/GodstoneMesh/MessageStore.swift:2283:20: [1;33mwarning: [1;39mresult of call to function returning 'Int32' is unused[0;0m [#]8;;https://docs.swift.org/compiler/documentation/diagnostics/no-usage\NoUsage]8;;\]
[0;36m2281 |[0;0m             let result = try body(db)
[0;36m2282 |[0;0m             if fn.exec(db, "COMMIT", nil, nil, nil) != SQLITE_OK {
[0;36m2283 |[0;0m                 fn.exec(db, "ROLLBACK", nil, nil, nil)
     [0;36m|[0;0m                    `- [1;33mwarning: [1;39mresult of call to function returning 'Int32' is unused[0;0m [#]8;;https://docs.swift.org/compiler/documentation/diagnostics/no-usage\NoUsage]8;;\]
[0;36m2284 |[0;0m                 throw StoreTxnError.commitFailed
[0;36m2285 |[0;0m             }

/Users/oculus/.cache/godstone-mutation-worktrees/wt_T60-RC12-ios-the-touch-target-minimum-vanish/ios/Packages/GodstoneFoundation/Sources/GodstoneMesh/MessageStore.swift:2288:16: [1;33mwarning: [1;39mresult of call to function returning 'Int32' is unused[0;0m [#]8;;https://docs.swift.org/compiler/documentation/diagnostics/no-usage\NoUsage]8;;\]
[0;36m2286 |[0;0m             return result
[0;36m2287 |[0;0m         } catch {
[0;36m2288 |[0;0m             fn.exec(db, "ROLLBACK", nil, nil, nil)
     [0;36m|[0;0m                `- [1;33mwarning: [1;39mresult of call to function returning 'Int32' is unused[0;0m [#]8;;https://docs.swift.org/compiler/documentation/diagnostics/no-usage\NoUsage]8;;\]
[0;36m2289 |[0;0m             throw error
[0;36m2290 |[0;0m         }

/Users/oculus/.cache/godstone-mutation-worktrees/wt_T60-RC12-ios-the-touch-target-minimum-vanish/ios/Packages/GodstoneFoundation/Sources/GodstoneMesh/MessageStore.swift:2316:16: [1;33mwarning: [1;39mresult of call to function returning 'Int32' is unused[0;0m [#]8;;https://docs.swift.org/compiler/documentation/diagnostics/no-usage\NoUsage]8;;\]
[0;36m2314 |[0;0m         var stmt: OpaquePointer?
[0;36m2315 |[0;0m         guard fn.prepareV2(db, sql, -1, &stmt, nil) == SQLITE_OK else {
[0;36m2316 |[0;0m             fn.finalize(stmt); throw StoreError.prepareFailed
     [0;36m|[0;0m                `- [1;33mwarning: [1;39mresult of call to function returning 'Int32' is unused[0;0m [#]8;;https://docs.swift.org/compiler/documentation/diagnostics/no-usage\NoUsage]8;;\]
[0;36m2317 |[0;0m         }
[0;36m2318 |[0;0m         defer { fn.finalize(stmt) }

/Users/oculus/.cache/godstone-mutation-worktrees/wt_T60-RC12-ios-the-touch-target-minimum-vanish/ios/Packages/GodstoneFoundation/Sources/GodstoneMesh/MessageStore.swift:2318:20: [1;33mwarning: [1;39mresult of call to function returning 'Int32' is unused[0;0m [#]8;;https://docs.swift.org/compiler/documentation/diagnostics/no-usage\NoUsage]8;;\]
[0;36m2316 |[0;0m             fn.finalize(stmt); throw StoreError.prepareFailed
[0;36m2317 |[0;0m         }
[0;36m2318 |[0;0m         defer { fn.finalize(stmt) }
     [0;36m|[0;0m                    `- [1;33mwarning: [1;39mresult of call to function returning 'Int32' is unused[0;0m [#]8;;https://docs.swift.org/compiler/documentation/diagnostics/no-usage\NoUsage]8;;\]
[0;36m2319 |[0;0m         bindBlob(stmt, 1, frame.msgId)
[0;36m2320 |[0;0m         fn.bindInt(stmt, 2, Int32(frame.type.rawValue))

/Users/oculus/.cache/godstone-mutation-worktrees/wt_T60-RC12-ios-the-touch-target-minimum-vanish/ios/Packages/GodstoneFoundation/Sources/GodstoneMesh/MessageStore.swift:2320:12: [1;33mwarning: [1;39mresult of call to function returning 'Int32' is unused[0;0m [#]8;;https://docs.swift.org/compiler/documentation/diagnostics/no-usage\NoUsage]8;;\]
[0;36m2318 |[0;0m         defer { fn.finalize(stmt) }
[0;36m2319 |[0;0m         bindBlob(stmt, 1, frame.msgId)
[0;36m2320 |[0;0m         fn.bindInt(stmt, 2, Int32(frame.type.rawValue))
     [0;36m|[0;0m            `- [1;33mwarning: [1;39mresult of call to function returning 'Int32' is unused[0;0m [#]8;;https://docs.swift.org/compiler/documentation/diagnostics/no-usage\NoUsage]8;;\]
[0;36m2321 |[0;0m         fn.bindInt(stmt, 3, Int32(frame.ttl))
[0;36m2322 |[0;0m         fn.bindInt(stmt, 4, Int32(frame.hopCount))

/Users/oculus/.cache/godstone-mutation-worktrees/wt_T60-RC12-ios-the-touch-target-minimum-vanish/ios/Packages/GodstoneFoundation/Sources/GodstoneMesh/MessageStore.swift:2321:12: [1;33mwarning: [1;39mresult of call to function returning 'Int32' is unused[0;0m [#]8;;https://docs.swift.org/compiler/documentation/diagnostics/no-usage\NoUsage]8;;\]
[0;36m2319 |[0;0m         bindBlob(stmt, 1, frame.msgId)
[0;36m2320 |[0;0m         fn.bindInt(stmt, 2, Int32(frame.type.rawValue))
[0;36m2321 |[0;0m         fn.bindInt(stmt, 3, Int32(frame.ttl))
     [0;36m|[0;0m            `- [1;33mwarning: [1;39mresult of call to function returning 'Int32' is unused[0;0m [#]8;;https://docs.swift.org/compiler/documentation/diagnostics/no-usage\NoUsage]8;;\]
[0;36m2322 |[0;0m         fn.bindInt(stmt, 4, Int32(frame.hopCount))
[0;36m2323 |[0;0m         fn.bindInt(stmt, 5, Int32(frame.flags))

/Users/oculus/.cache/godstone-mutation-worktrees/wt_T60-RC12-ios-the-touch-target-minimum-vanish/ios/Packages/GodstoneFoundation/Sources/GodstoneMesh/MessageStore.swift:2322:12: [1;33mwarning: [1;39mresult of call to function returning 'Int32' is unused[0;0m [#]8;;https://docs.swift.org/compiler/documentation/diagnostics/no-usage\NoUsage]8;;\]
[0;36m2320 |[0;0m         fn.bindInt(stmt, 2, Int32(frame.type.rawValue))
[0;36m2321 |[0;0m         fn.bindInt(stmt, 3, Int32(frame.ttl))
[0;36m2322 |[0;0m         fn.bindInt(stmt, 4, Int32(frame.hopCount))
     [0;36m|[0;0m            `- [1;33mwarning: [1;39mresult of call to function returning 'Int32' is unused[0;0m [#]8;;https://docs.swift.org/compiler/documentation/diagnostics/no-usage\NoUsage]8;;\]
[0;36m2323 |[0;0m         fn.bindInt(stmt, 5, Int32(frame.flags))
[0;36m2324 |[0;0m         fn.bindInt(stmt, 6, Int32(Priority.fromFlags(frame.flags).rawValue))

/Users/oculus/.cache/godstone-mutation-worktrees/wt_T60-RC12-ios-the-touch-target-minimum-vanish/ios/Packages/GodstoneFoundation/Sources/GodstoneMesh/MessageStore.swift:2323:12: [1;33mwarning: [1;39mresult of call to function returning 'Int32' is unused[0;0m [#]8;;https://docs.swift.org/compiler/documentation/diagnostics/no-usage\NoUsage]8;;\]
[0;36m2321 |[0;0m         fn.bindInt(stmt, 3, Int32(frame.ttl))
[0;36m2322 |[0;0m         fn.bindInt(stmt, 4, Int32(frame.hopCount))
[0;36m2323 |[0;0m         fn.bindInt(stmt, 5, Int32(frame.flags))
     [0;36m|[0;0m            `- [1;33mwarning: [1;39mresult of call to function returning 'Int32' is unused[0;0m [#]8;;https://docs.swift.org/compiler/documentation/diagnostics/no-usage\NoUsage]8;;\]
[0;36m2324 |[0;0m         fn.bindInt(stmt, 6, Int32(Priority.fromFlags(frame.flags).rawValue))
[0;36m2325 |[0;0m         bindBlob(stmt, 7, frame.routingTag)

/Users/oculus/.cache/godstone-mutation-worktrees/wt_T60-RC12-ios-the-touch-target-minimum-vanish/ios/Packages/GodstoneFoundation/Sources/GodstoneMesh/MessageStore.swift:2324:12: [1;33mwarning: [1;39mresult of call to function returning 'Int32' is unused[0;0m [#]8;;https://docs.swift.org/compiler/documentation/diagnostics/no-usage\NoUsage]8;;\]
[0;36m2322 |[0;0m         fn.bindInt(stmt, 4, Int32(frame.hopCount))
[0;36m2323 |[0;0m         fn.bindInt(stmt, 5, Int32(frame.flags))
[0;36m2324 |[0;0m         fn.bindInt(stmt, 6, Int32(Priority.fromFlags(frame.flags).rawValue))
     [0;36m|[0;0m            `- [1;33mwarning: [1;39mresult of call to function returning 'Int32' is unused[0;0m [#]8;;https://docs.swift.org/compiler/documentation/diagnostics/no-usage\NoUsage]8;;\]
[0;36m2325 |[0;0m         bindBlob(stmt, 7, frame.routingTag)
[0;36m2326 |[0;0m         bindBlob(stmt, 8, frame.payload)

/Users/oculus/.cache/godstone-mutation-worktrees/wt_T60-RC12-ios-the-touch-target-minimum-vanish/ios/Packages/GodstoneFoundation/Sources/GodstoneMesh/MessageStore.swift:2328:12: [1;33mwarning: [1;39mresult of call to function returning 'Int32' is unused[0;0m [#]8;;https://docs.swift.org/compiler/documentation/diagnostics/no-usage\NoUsage]8;;\]
[0;36m2326 |[0;0m         bindBlob(stmt, 8, frame.payload)
[0;36m2327 |[0;0m         bindBlob(stmt, 9, receivedFrom)
[0;36m2328 |[0;0m         fn.bindInt64(stmt, 10, receivedAt)
     [0;36m|[0;0m            `- [1;33mwarning: [1;39mresult of call to function returning 'Int32' is unused[0;0m [#]8;;https://docs.swift.org/compiler/documentation/diagnostics/no-usage\NoUsage]8;;\]
[0;36m2329 |[0;0m         // GS-STORE-004 STEP FIVE: THE LOCAL POLICY BUDGET, PERSISTED WITH THE ROW IN THE SAME STATEMENT. NULL
[0;36m2330 |[0;0m         // when no clock was injected: the historical behaviour is preserved for every path that owneth no

/Users/oculus/.cache/godstone-mutation-worktrees/wt_T60-RC12-ios-the-touch-target-minimum-vanish/ios/Packages/GodstoneFoundation/Sources/GodstoneMesh/MessageStore.swift:2334:16: [1;33mwarning: [1;39mresult of call to function returning 'Int32' is unused[0;0m [#]8;;https://docs.swift.org/compiler/documentation/diagnostics/no-usage\NoUsage]8;;\]
[0;36m2332 |[0;0m         // zero. A DUPLICATE never reacheth here (INSERT OR IGNORE), which is what maketh the budget un-replenishable.
[0;36m2333 |[0;0m         if let retention = retention {
[0;36m2334 |[0;0m             fn.bindInt64(stmt, 11, Int64(retention.remainingMs))
     [0;36m|[0;0m                `- [1;33mwarning: [1;39mresult of call to function returning 'Int32' is unused[0;0m [#]8;;https://docs.swift.org/compiler/documentation/diagnostics/no-usage\NoUsage]8;;\]
[0;36m2335 |[0;0m             fn.bindInt64(stmt, 12, Int64(retention.checkpointMonotonicMs))
[0;36m2336 |[0;0m             // THE CONTINUITY IDENTIFIER COMETH FROM THE INJECTED CLOCK, NOT FROM THE CHECKPOINT TYPE: read in

/Users/oculus/.cache/godstone-mutation-worktrees/wt_T60-RC12-ios-the-touch-target-minimum-vanish/ios/Packages/GodstoneFoundation/Sources/GodstoneMesh/MessageStore.swift:2335:16: [1;33mwarning: [1;39mresult of call to function returning 'Int32' is unused[0;0m [#]8;;https://docs.swift.org/compiler/documentation/diagnostics/no-usage\NoUsage]8;;\]
[0;36m2333 |[0;0m         if let retention = retention {
[0;36m2334 |[0;0m             fn.bindInt64(stmt, 11, Int64(retention.remainingMs))
[0;36m2335 |[0;0m             fn.bindInt64(stmt, 12, Int64(retention.checkpointMonotonicMs))
     [0;36m|[0;0m                `- [1;33mwarning: [1;39mresult of call to function returning 'Int32' is unused[0;0m [#]8;;https://docs.swift.org/compiler/documentation/diagnostics/no-usage\NoUsage]8;;\]
[0;36m2336 |[0;0m             // THE CONTINUITY IDENTIFIER COMETH FROM THE INJECTED CLOCK, NOT FROM THE CHECKPOINT TYPE: read in
[0;36m2337 |[0;0m             // the tree, `RetentionCheckpoint` carrieth `remainingMs`, `checkpointMonotonicMs`,

/Users/oculus/.cache/godstone-mutation-worktrees/wt_T60-RC12-ios-the-touch-target-minimum-vanish/ios/Packages/GodstoneFoundation/Sources/GodstoneMesh/MessageStore.swift:2345:22: [1;33mwarning: [1;39mresult of call to 'withCString' is unused[0;0m [#]8;;https://docs.swift.org/compiler/documentation/diagnostics/no-usage\NoUsage]8;;\]
[0;36m2343 |[0;0m             // exactly that ("" where "boot-A" was due).
[0;36m2344 |[0;0m             if let boot = bootIdentity {
[0;36m2345 |[0;0m                 boot.withCString [4;39m{ fn.bindText(stmt, 13, $0, -1, storeSqliteTransient) }[0;0m
     [0;36m|[0;0m                      `- [1;33mwarning: [1;39mresult of call to 'withCString' is unused[0;0m [#]8;;https://docs.swift.org/compiler/documentation/diagnostics/no-usage\NoUsage]8;;\]
[0;36m2346 |[0;0m             } else {
[0;36m2347 |[0;0m                 fn.bindNull(stmt, 13)

/Users/oculus/.cache/godstone-mutation-worktrees/wt_T60-RC12-ios-the-touch-target-minimum-vanish/ios/Packages/GodstoneFoundation/Sources/GodstoneMesh/MessageStore.swift:2347:20: [1;33mwarning: [1;39mresult of call to function returning 'Int32' is unused[0;0m [#]8;;https://docs.swift.org/compiler/documentation/diagnostics/no-usage\NoUsage]8;;\]
[0;36m2345 |[0;0m                 boot.withCString { fn.bindText(stmt, 13, $0, -1, storeSqliteTransient) }
[0;36m2346 |[0;0m             } else {
[0;36m2347 |[0;0m                 fn.bindNull(stmt, 13)
     [0;36m|[0;0m                    `- [1;33mwarning: [1;39mresult of call to function returning 'Int32' is unused[0;0m [#]8;;https://docs.swift.org/compiler/documentation/diagnostics/no-usage\NoUsage]8;;\]
[0;36m2348 |[0;0m             }
[0;36m2349 |[0;0m             fn.bindInt64(stmt, 14, Int64(retention.discontinuityCount))

/Users/oculus/.cache/godstone-mutation-worktrees/wt_T60-RC12-ios-the-touch-target-minimum-vanish/ios/Packages/GodstoneFoundation/Sources/GodstoneMesh/MessageStore.swift:2349:16: [1;33mwarning: [1;39mresult of call to function returning 'Int32' is unused[0;0m [#]8;;https://docs.swift.org/compiler/documentation/diagnostics/no-usage\NoUsage]8;;\]
[0;36m2347 |[0;0m                 fn.bindNull(stmt, 13)
[0;36m2348 |[0;0m             }
[0;36m2349 |[0;0m             fn.bindInt64(stmt, 14, Int64(retention.discontinuityCount))
     [0;36m|[0;0m                `- [1;33mwarning: [1;39mresult of call to function returning 'Int32' is unused[0;0m [#]8;;https://docs.swift.org/compiler/documentation/diagnostics/no-usage\NoUsage]8;;\]
[0;36m2350 |[0;0m         } else {
[0;36m2351 |[0;0m             fn.bindNull(stmt, 11); fn.bindNull(stmt, 12)

/Users/oculus/.cache/godstone-mutation-worktrees/wt_T60-RC12-ios-the-touch-target-minimum-vanish/ios/Packages/GodstoneFoundation/Sources/GodstoneMesh/MessageStore.swift:2351:16: [1;33mwarning: [1;39mresult of call to function returning 'Int32' is unused[0;0m [#]8;;https://docs.swift.org/compiler/documentation/diagnostics/no-usage\NoUsage]8;;\]
[0;36m2349 |[0;0m             fn.bindInt64(stmt, 14, Int64(retention.discontinuityCount))
[0;36m2350 |[0;0m         } else {
[0;36m2351 |[0;0m             fn.bindNull(stmt, 11); fn.bindNull(stmt, 12)
     [0;36m|[0;0m                `- [1;33mwarning: [1;39mresult of call to function returning 'Int32' is unused[0;0m [#]8;;https://docs.swift.org/compiler/documentation/diagnostics/no-usage\NoUsage]8;;\]
[0;36m2352 |[0;0m             fn.bindNull(stmt, 13); fn.bindNull(stmt, 14)
[0;36m2353 |[0;0m         }

/Users/oculus/.cache/godstone-mutation-worktrees/wt_T60-RC12-ios-the-touch-target-minimum-vanish/ios/Packages/GodstoneFoundation/Sources/GodstoneMesh/MessageStore.swift:2351:39: [1;33mwarning: [1;39mresult of call to function returning 'Int32' is unused[0;0m [#]8;;https://docs.swift.org/compiler/documentation/diagnostics/no-usage\NoUsage]8;;\]
[0;36m2349 |[0;0m             fn.bindInt64(stmt, 14, Int64(retention.discontinuityCount))
[0;36m2350 |[0;0m         } else {
[0;36m2351 |[0;0m             fn.bindNull(stmt, 11); fn.bindNull(stmt, 12)
     [0;36m|[0;0m                                       `- [1;33mwarning: [1;39mresult of call to function returning 'Int32' is unused[0;0m [#]8;;https://docs.swift.org/compiler/documentation/diagnostics/no-usage\NoUsage]8;;\]
[0;36m2352 |[0;0m             fn.bindNull(stmt, 13); fn.bindNull(stmt, 14)
[0;36m2353 |[0;0m         }

/Users/oculus/.cache/godstone-mutation-worktrees/wt_T60-RC12-ios-the-touch-target-minimum-vanish/ios/Packages/GodstoneFoundation/Sources/GodstoneMesh/MessageStore.swift:2352:16: [1;33mwarning: [1;39mresult of call to function returning 'Int32' is unused[0;0m [#]8;;https://docs.swift.org/compiler/documentation/diagnostics/no-usage\NoUsage]8;;\]
[0;36m2350 |[0;0m         } else {
[0;36m2351 |[0;0m             fn.bindNull(stmt, 11); fn.bindNull(stmt, 12)
[0;36m2352 |[0;0m             fn.bindNull(stmt, 13); fn.bindNull(stmt, 14)
     [0;36m|[0;0m                `- [1;33mwarning: [1;39mresult of call to function returning 'Int32' is unused[0;0m [#]8;;https://docs.swift.org/compiler/documentation/diagnostics/no-usage\NoUsage]8;;\]
[0;36m2353 |[0;0m         }
[0;36m2354 |[0;0m         guard fn.step(stmt) == SQLITE_DONE else { throw StoreError.stepFailed }

/Users/oculus/.cache/godstone-mutation-worktrees/wt_T60-RC12-ios-the-touch-target-minimum-vanish/ios/Packages/GodstoneFoundation/Sources/GodstoneMesh/MessageStore.swift:2352:39: [1;33mwarning: [1;39mresult of call to function returning 'Int32' is unused[0;0m [#]8;;https://docs.swift.org/compiler/documentation/diagnostics/no-usage\NoUsage]8;;\]
[0;36m2350 |[0;0m         } else {
[0;36m2351 |[0;0m             fn.bindNull(stmt, 11); fn.bindNull(stmt, 12)
[0;36m2352 |[0;0m             fn.bindNull(stmt, 13); fn.bindNull(stmt, 14)
     [0;36m|[0;0m                                       `- [1;33mwarning: [1;39mresult of call to function returning 'Int32' is unused[0;0m [#]8;;https://docs.swift.org/compiler/documentation/diagnostics/no-usage\NoUsage]8;;\]
[0;36m2353 |[0;0m         }
[0;36m2354 |[0;0m         guard fn.step(stmt) == SQLITE_DONE else { throw StoreError.stepFailed }

/Users/oculus/.cache/godstone-mutation-worktrees/wt_T60-RC12-ios-the-touch-target-minimum-vanish/ios/Packages/GodstoneFoundation/Sources/GodstoneMesh/MessageStore.swift:2367:16: [1;33mwarning: [1;39mresult of call to function returning 'Int32' is unused[0;0m [#]8;;https://docs.swift.org/compiler/documentation/diagnostics/no-usage\NoUsage]8;;\]
[0;36m2365 |[0;0m         var stmt: OpaquePointer?
[0;36m2366 |[0;0m         guard fn.prepareV2(db, StoreSchema.containsSql, -1, &stmt, nil) == SQLITE_OK else {
[0;36m2367 |[0;0m             fn.finalize(stmt); throw StoreError.prepareFailed
     [0;36m|[0;0m                `- [1;33mwarning: [1;39mresult of call to function returning 'Int32' is unused[0;0m [#]8;;https://docs.swift.org/compiler/documentation/diagnostics/no-usage\NoUsage]8;;\]
[0;36m2368 |[0;0m         }
[0;36m2369 |[0;0m         defer { fn.finalize(stmt) }

/Users/oculus/.cache/godstone-mutation-worktrees/wt_T60-RC12-ios-the-touch-target-minimum-vanish/ios/Packages/GodstoneFoundation/Sources/GodstoneMesh/MessageStore.swift:2369:20: [1;33mwarning: [1;39mresult of call to function returning 'Int32' is unused[0;0m [#]8;;https://docs.swift.org/compiler/documentation/diagnostics/no-usage\NoUsage]8;;\]
[0;36m2367 |[0;0m             fn.finalize(stmt); throw StoreError.prepareFailed
[0;36m2368 |[0;0m         }
[0;36m2369 |[0;0m         defer { fn.finalize(stmt) }
     [0;36m|[0;0m                    `- [1;33mwarning: [1;39mresult of call to function returning 'Int32' is unused[0;0m [#]8;;https://docs.swift.org/compiler/documentation/diagnostics/no-usage\NoUsage]8;;\]
[0;36m2370 |[0;0m         bindBlob(stmt, 1, msgId)
[0;36m2371 |[0;0m         let rc = fn.step(stmt)

/Users/oculus/.cache/godstone-mutation-worktrees/wt_T60-RC12-ios-the-touch-target-minimum-vanish/ios/Packages/GodstoneFoundation/Sources/GodstoneMesh/MessageStore.swift:2391:16: [1;33mwarning: [1;39mresult of call to function returning 'Int32' is unused[0;0m [#]8;;https://docs.swift.org/compiler/documentation/diagnostics/no-usage\NoUsage]8;;\]
[0;36m2389 |[0;0m         var stmt: OpaquePointer?
[0;36m2390 |[0;0m         guard fn.prepareV2(db, sql, -1, &stmt, nil) == SQLITE_OK else {
[0;36m2391 |[0;0m             fn.finalize(stmt); throw StoreError.prepareFailed
     [0;36m|[0;0m                `- [1;33mwarning: [1;39mresult of call to function returning 'Int32' is unused[0;0m [#]8;;https://docs.swift.org/compiler/documentation/diagnostics/no-usage\NoUsage]8;;\]
[0;36m2392 |[0;0m         }
[0;36m2393 |[0;0m         defer { fn.finalize(stmt) }

/Users/oculus/.cache/godstone-mutation-worktrees/wt_T60-RC12-ios-the-touch-target-minimum-vanish/ios/Packages/GodstoneFoundation/Sources/GodstoneMesh/MessageStore.swift:2393:20: [1;33mwarning: [1;39mresult of call to function returning 'Int32' is unused[0;0m [#]8;;https://docs.swift.org/compiler/documentation/diagnostics/no-usage\NoUsage]8;;\]
[0;36m2391 |[0;0m             fn.finalize(stmt); throw StoreError.prepareFailed
[0;36m2392 |[0;0m         }
[0;36m2393 |[0;0m         defer { fn.finalize(stmt) }
     [0;36m|[0;0m                    `- [1;33mwarning: [1;39mresult of call to function returning 'Int32' is unused[0;0m [#]8;;https://docs.swift.org/compiler/documentation/diagnostics/no-usage\NoUsage]8;;\]
[0;36m2394 |[0;0m         bindBlob(stmt, 1, msgId)
[0;36m2395 |[0;0m         let rc = fn.step(stmt)

/Users/oculus/.cache/godstone-mutation-worktrees/wt_T60-RC12-ios-the-touch-target-minimum-vanish/ios/Packages/GodstoneFoundation/Sources/GodstoneMesh/MessageStore.swift:2429:16: [1;33mwarning: [1;39mresult of call to function returning 'Int32' is unused[0;0m [#]8;;https://docs.swift.org/compiler/documentation/diagnostics/no-usage\NoUsage]8;;\]
[0;36m2427 |[0;0m         var stmt: OpaquePointer?
[0;36m2428 |[0;0m         guard fn.prepareV2(db, StoreSchema.heldBytesSql, -1, &stmt, nil) == SQLITE_OK else {
[0;36m2429 |[0;0m             fn.finalize(stmt); throw StoreError.prepareFailed
     [0;36m|[0;0m                `- [1;33mwarning: [1;39mresult of call to function returning 'Int32' is unused[0;0m [#]8;;https://docs.swift.org/compiler/documentation/diagnostics/no-usage\NoUsage]8;;\]
[0;36m2430 |[0;0m         }
[0;36m2431 |[0;0m         defer { fn.finalize(stmt) }

/Users/oculus/.cache/godstone-mutation-worktrees/wt_T60-RC12-ios-the-touch-target-minimum-vanish/ios/Packages/GodstoneFoundation/Sources/GodstoneMesh/MessageStore.swift:2431:20: [1;33mwarning: [1;39mresult of call to function returning 'Int32' is unused[0;0m [#]8;;https://docs.swift.org/compiler/documentation/diagnostics/no-usage\NoUsage]8;;\]
[0;36m2429 |[0;0m             fn.finalize(stmt); throw StoreError.prepareFailed
[0;36m2430 |[0;0m         }
[0;36m2431 |[0;0m         defer { fn.finalize(stmt) }
     [0;36m|[0;0m                    `- [1;33mwarning: [1;39mresult of call to function returning 'Int32' is unused[0;0m [#]8;;https://docs.swift.org/compiler/documentation/diagnostics/no-usage\NoUsage]8;;\]
[0;36m2432 |[0;0m         guard fn.step(stmt) == SQLITE_ROW else { throw StoreError.stepFailed }
[0;36m2433 |[0;0m         return fn.columnInt64(stmt, 0)

/Users/oculus/.cache/godstone-mutation-worktrees/wt_T60-RC12-ios-the-touch-target-minimum-vanish/ios/Packages/GodstoneFoundation/Sources/GodstoneMesh/MessageStore.swift:2446:16: [1;33mwarning: [1;39mresult of call to function returning 'Int32' is unused[0;0m [#]8;;https://docs.swift.org/compiler/documentation/diagnostics/no-usage\NoUsage]8;;\]
[0;36m2444 |[0;0m         var stmt: OpaquePointer?
[0;36m2445 |[0;0m         guard fn.prepareV2(db, StoreSchema.evictPrefixSql, -1, &stmt, nil) == SQLITE_OK else {
[0;36m2446 |[0;0m             fn.finalize(stmt); throw StoreError.prepareFailed
     [0;36m|[0;0m                `- [1;33mwarning: [1;39mresult of call to function returning 'Int32' is unused[0;0m [#]8;;https://docs.swift.org/compiler/documentation/diagnostics/no-usage\NoUsage]8;;\]
[0;36m2447 |[0;0m         }
[0;36m2448 |[0;0m         defer { fn.finalize(stmt) }

/Users/oculus/.cache/godstone-mutation-worktrees/wt_T60-RC12-ios-the-touch-target-minimum-vanish/ios/Packages/GodstoneFoundation/Sources/GodstoneMesh/MessageStore.swift:2448:20: [1;33mwarning: [1;39mresult of call to function returning 'Int32' is unused[0;0m [#]8;;https://docs.swift.org/compiler/documentation/diagnostics/no-usage\NoUsage]8;;\]
[0;36m2446 |[0;0m             fn.finalize(stmt); throw StoreError.prepareFailed
[0;36m2447 |[0;0m         }
[0;36m2448 |[0;0m         defer { fn.finalize(stmt) }
     [0;36m|[0;0m                    `- [1;33mwarning: [1;39mresult of call to function returning 'Int32' is unused[0;0m [#]8;;https://docs.swift.org/compiler/documentation/diagnostics/no-usage\NoUsage]8;;\]
[0;36m2449 |[0;0m         fn.bindInt64(stmt, 1, overshoot)
[0;36m2450 |[0;0m         guard fn.step(stmt) == SQLITE_DONE else { throw StoreError.stepFailed }

/Users/oculus/.cache/godstone-mutation-worktrees/wt_T60-RC12-ios-the-touch-target-minimum-vanish/ios/Packages/GodstoneFoundation/Sources/GodstoneMesh/MessageStore.swift:2449:12: [1;33mwarning: [1;39mresult of call to function returning 'Int32' is unused[0;0m [#]8;;https://docs.swift.org/compiler/documentation/diagnostics/no-usage\NoUsage]8;;\]
[0;36m2447 |[0;0m         }
[0;36m2448 |[0;0m         defer { fn.finalize(stmt) }
[0;36m2449 |[0;0m         fn.bindInt64(stmt, 1, overshoot)
     [0;36m|[0;0m            `- [1;33mwarning: [1;39mresult of call to function returning 'Int32' is unused[0;0m [#]8;;https://docs.swift.org/compiler/documentation/diagnostics/no-usage\NoUsage]8;;\]
[0;36m2450 |[0;0m         guard fn.step(stmt) == SQLITE_DONE else { throw StoreError.stepFailed }
[0;36m2451 |[0;0m     }

/Users/oculus/.cache/godstone-mutation-worktrees/wt_T60-RC12-ios-the-touch-target-minimum-vanish/ios/Packages/GodstoneFoundation/Sources/GodstoneMesh/MessageStore.swift:2461:16: [1;33mwarning: [1;39mresult of call to function returning 'Int32' is unused[0;0m [#]8;;https://docs.swift.org/compiler/documentation/diagnostics/no-usage\NoUsage]8;;\]
[0;36m2459 |[0;0m         var stmt: OpaquePointer?
[0;36m2460 |[0;0m         guard fn.prepareV2(db, StoreSchema.heldBytesSql, -1, &stmt, nil) == SQLITE_OK else {
[0;36m2461 |[0;0m             fn.finalize(stmt); return 0
     [0;36m|[0;0m                `- [1;33mwarning: [1;39mresult of call to function returning 'Int32' is unused[0;0m [#]8;;https://docs.swift.org/compiler/documentation/diagnostics/no-usage\NoUsage]8;;\]
[0;36m2462 |[0;0m         }
[0;36m2463 |[0;0m         defer { fn.finalize(stmt) }

/Users/oculus/.cache/godstone-mutation-worktrees/wt_T60-RC12-ios-the-touch-target-minimum-vanish/ios/Packages/GodstoneFoundation/Sources/GodstoneMesh/MessageStore.swift:2463:20: [1;33mwarning: [1;39mresult of call to function returning 'Int32' is unused[0;0m [#]8;;https://docs.swift.org/compiler/documentation/diagnostics/no-usage\NoUsage]8;;\]
[0;36m2461 |[0;0m             fn.finalize(stmt); return 0
[0;36m2462 |[0;0m         }
[0;36m2463 |[0;0m         defer { fn.finalize(stmt) }
     [0;36m|[0;0m                    `- [1;33mwarning: [1;39mresult of call to function returning 'Int32' is unused[0;0m [#]8;;https://docs.swift.org/compiler/documentation/diagnostics/no-usage\NoUsage]8;;\]
[0;36m2464 |[0;0m         return fn.step(stmt) == SQLITE_ROW ? fn.columnInt64(stmt, 0) : 0
[0;36m2465 |[0;0m     }

/Users/oculus/.cache/godstone-mutation-worktrees/wt_T60-RC12-ios-the-touch-target-minimum-vanish/ios/Packages/GodstoneFoundation/Sources/GodstoneMesh/MessageStore.swift:2475:16: [1;33mwarning: [1;39mresult of call to function returning 'Int32' is unused[0;0m [#]8;;https://docs.swift.org/compiler/documentation/diagnostics/no-usage\NoUsage]8;;\]
[0;36m2473 |[0;0m         var stmt: OpaquePointer?
[0;36m2474 |[0;0m         guard fn.prepareV2(db, StoreSchema.evictPrefixSql, -1, &stmt, nil) == SQLITE_OK else {
[0;36m2475 |[0;0m             fn.finalize(stmt); return
     [0;36m|[0;0m                `- [1;33mwarning: [1;39mresult of call to function returning 'Int32' is unused[0;0m [#]8;;https://docs.swift.org/compiler/documentation/diagnostics/no-usage\NoUsage]8;;\]
[0;36m2476 |[0;0m         }
[0;36m2477 |[0;0m         defer { fn.finalize(stmt) }

/Users/oculus/.cache/godstone-mutation-worktrees/wt_T60-RC12-ios-the-touch-target-minimum-vanish/ios/Packages/GodstoneFoundation/Sources/GodstoneMesh/MessageStore.swift:2477:20: [1;33mwarning: [1;39mresult of call to function returning 'Int32' is unused[0;0m [#]8;;https://docs.swift.org/compiler/documentation/diagnostics/no-usage\NoUsage]8;;\]
[0;36m2475 |[0;0m             fn.finalize(stmt); return
[0;36m2476 |[0;0m         }
[0;36m2477 |[0;0m         defer { fn.finalize(stmt) }
     [0;36m|[0;0m                    `- [1;33mwarning: [1;39mresult of call to function returning 'Int32' is unused[0;0m [#]8;;https://docs.swift.org/compiler/documentation/diagnostics/no-usage\NoUsage]8;;\]
[0;36m2478 |[0;0m         fn.bindInt64(stmt, 1, overshoot)
[0;36m2479 |[0;0m         fn.step(stmt)

/Users/oculus/.cache/godstone-mutation-worktrees/wt_T60-RC12-ios-the-touch-target-minimum-vanish/ios/Packages/GodstoneFoundation/Sources/GodstoneMesh/MessageStore.swift:2478:12: [1;33mwarning: [1;39mresult of call to function returning 'Int32' is unused[0;0m [#]8;;https://docs.swift.org/compiler/documentation/diagnostics/no-usage\NoUsage]8;;\]
[0;36m2476 |[0;0m         }
[0;36m2477 |[0;0m         defer { fn.finalize(stmt) }
[0;36m2478 |[0;0m         fn.bindInt64(stmt, 1, overshoot)
     [0;36m|[0;0m            `- [1;33mwarning: [1;39mresult of call to function returning 'Int32' is unused[0;0m [#]8;;https://docs.swift.org/compiler/documentation/diagnostics/no-usage\NoUsage]8;;\]
[0;36m2479 |[0;0m         fn.step(stmt)
[0;36m2480 |[0;0m     }

/Users/oculus/.cache/godstone-mutation-worktrees/wt_T60-RC12-ios-the-touch-target-minimum-vanish/ios/Packages/GodstoneFoundation/Sources/GodstoneMesh/MessageStore.swift:2479:12: [1;33mwarning: [1;39mresult of call to function returning 'Int32' is unused[0;0m [#]8;;https://docs.swift.org/compiler/documentation/diagnostics/no-usage\NoUsage]8;;\]
[0;36m2477 |[0;0m         defer { fn.finalize(stmt) }
[0;36m2478 |[0;0m         fn.bindInt64(stmt, 1, overshoot)
[0;36m2479 |[0;0m         fn.step(stmt)
     [0;36m|[0;0m            `- [1;33mwarning: [1;39mresult of call to function returning 'Int32' is unused[0;0m [#]8;;https://docs.swift.org/compiler/documentation/diagnostics/no-usage\NoUsage]8;;\]
[0;36m2480 |[0;0m     }
[0;36m2481 |[0;0m 

/Users/oculus/.cache/godstone-mutation-worktrees/wt_T60-RC12-ios-the-touch-target-minimum-vanish/ios/Packages/GodstoneFoundation/Sources/GodstoneMesh/MessageStore.swift:2509:16: [1;33mwarning: [1;39mresult of call to function returning 'Int32' is unused[0;0m [#]8;;https://docs.swift.org/compiler/documentation/diagnostics/no-usage\NoUsage]8;;\]
[0;36m2507 |[0;0m         var stmt: OpaquePointer?
[0;36m2508 |[0;0m         guard fn.prepareV2(db, "PRAGMA user_version", -1, &stmt, nil) == SQLITE_OK else {
[0;36m2509 |[0;0m             fn.finalize(stmt); throw StoreError.prepareFailed
     [0;36m|[0;0m                `- [1;33mwarning: [1;39mresult of call to function returning 'Int32' is unused[0;0m [#]8;;https://docs.swift.org/compiler/documentation/diagnostics/no-usage\NoUsage]8;;\]
[0;36m2510 |[0;0m         }
[0;36m2511 |[0;0m         defer { fn.finalize(stmt) }

/Users/oculus/.cache/godstone-mutation-worktrees/wt_T60-RC12-ios-the-touch-target-minimum-vanish/ios/Packages/GodstoneFoundation/Sources/GodstoneMesh/MessageStore.swift:2511:20: [1;33mwarning: [1;39mresult of call to function returning 'Int32' is unused[0;0m [#]8;;https://docs.swift.org/compiler/documentation/diagnostics/no-usage\NoUsage]8;;\]
[0;36m2509 |[0;0m             fn.finalize(stmt); throw StoreError.prepareFailed
[0;36m2510 |[0;0m         }
[0;36m2511 |[0;0m         defer { fn.finalize(stmt) }
     [0;36m|[0;0m                    `- [1;33mwarning: [1;39mresult of call to function returning 'Int32' is unused[0;0m [#]8;;https://docs.swift.org/compiler/documentation/diagnostics/no-usage\NoUsage]8;;\]
[0;36m2512 |[0;0m         guard fn.step(stmt) == SQLITE_ROW else { throw StoreError.stepFailed }
[0;36m2513 |[0;0m         return fn.columnInt(stmt, 0)

/Users/oculus/.cache/godstone-mutation-worktrees/wt_T60-RC12-ios-the-touch-target-minimum-vanish/ios/Packages/GodstoneFoundation/Sources/GodstoneMesh/MessageStore.swift:2550:16: [1;33mwarning: [1;39mresult of call to function returning 'Int32' is unused[0;0m [#]8;;https://docs.swift.org/compiler/documentation/diagnostics/no-usage\NoUsage]8;;\]
[0;36m2548 |[0;0m         var stmt: OpaquePointer?
[0;36m2549 |[0;0m         guard fn.prepareV2(db, sql, -1, &stmt, nil) == SQLITE_OK else {
[0;36m2550 |[0;0m             fn.finalize(stmt); throw StoreError.prepareFailed
     [0;36m|[0;0m                `- [1;33mwarning: [1;39mresult of call to function returning 'Int32' is unused[0;0m [#]8;;https://docs.swift.org/compiler/documentation/diagnostics/no-usage\NoUsage]8;;\]
[0;36m2551 |[0;0m         }
[0;36m2552 |[0;0m         defer { fn.finalize(stmt) }

/Users/oculus/.cache/godstone-mutation-worktrees/wt_T60-RC12-ios-the-touch-target-minimum-vanish/ios/Packages/GodstoneFoundation/Sources/GodstoneMesh/MessageStore.swift:2552:20: [1;33mwarning: [1;39mresult of call to function returning 'Int32' is unused[0;0m [#]8;;https://docs.swift.org/compiler/documentation/diagnostics/no-usage\NoUsage]8;;\]
[0;36m2550 |[0;0m             fn.finalize(stmt); throw StoreError.prepareFailed
[0;36m2551 |[0;0m         }
[0;36m2552 |[0;0m         defer { fn.finalize(stmt) }
     [0;36m|[0;0m                    `- [1;33mwarning: [1;39mresult of call to function returning 'Int32' is unused[0;0m [#]8;;https://docs.swift.org/compiler/documentation/diagnostics/no-usage\NoUsage]8;;\]
[0;36m2553 |[0;0m         guard fn.step(stmt) == SQLITE_ROW, let raw = fn.columnText(stmt, 0) else {
[0;36m2554 |[0;0m             throw StoreError.schemaMismatch

/Users/oculus/.cache/godstone-mutation-worktrees/wt_T60-RC12-ios-the-touch-target-minimum-vanish/ios/Packages/GodstoneFoundation/Sources/GodstoneMesh/MessageStore.swift:2738:26: [1;33mwarning: [1;39mresult of call to function returning 'Int32' is unused[0;0m [#]8;;https://docs.swift.org/compiler/documentation/diagnostics/no-usage\NoUsage]8;;\]
[0;36m2736 |[0;0m                 try store.execStrict(db, "COMMIT")
[0;36m2737 |[0;0m             } catch {
[0;36m2738 |[0;0m                 store.fn.exec(db, "ROLLBACK", nil, nil, nil)
     [0;36m|[0;0m                          `- [1;33mwarning: [1;39mresult of call to function returning 'Int32' is unused[0;0m [#]8;;https://docs.swift.org/compiler/documentation/diagnostics/no-usage\NoUsage]8;;\]
[0;36m2739 |[0;0m                 throw error
[0;36m2740 |[0;0m             }

/Users/oculus/.cache/godstone-mutation-worktrees/wt_T60-RC12-ios-the-touch-target-minimum-vanish/ios/Packages/GodstoneFoundation/Sources/GodstoneMesh/MessageStore.swift:2773:16: [1;33mwarning: [1;39mresult of call to function returning 'Int32' is unused[0;0m [#]8;;https://docs.swift.org/compiler/documentation/diagnostics/no-usage\NoUsage]8;;\]
[0;36m2771 |[0;0m         var stmt: OpaquePointer?
[0;36m2772 |[0;0m         guard fn.prepareV2(db, "PRAGMA table_info(\(table))", -1, &stmt, nil) == SQLITE_OK else {
[0;36m2773 |[0;0m             fn.finalize(stmt); return false
     [0;36m|[0;0m                `- [1;33mwarning: [1;39mresult of call to function returning 'Int32' is unused[0;0m [#]8;;https://docs.swift.org/compiler/documentation/diagnostics/no-usage\NoUsage]8;;\]
[0;36m2774 |[0;0m         }
[0;36m2775 |[0;0m         defer { fn.finalize(stmt) }

/Users/oculus/.cache/godstone-mutation-worktrees/wt_T60-RC12-ios-the-touch-target-minimum-vanish/ios/Packages/GodstoneFoundation/Sources/GodstoneMesh/MessageStore.swift:2775:20: [1;33mwarning: [1;39mresult of call to function returning 'Int32' is unused[0;0m [#]8;;https://docs.swift.org/compiler/documentation/diagnostics/no-usage\NoUsage]8;;\]
[0;36m2773 |[0;0m             fn.finalize(stmt); return false
[0;36m2774 |[0;0m         }
[0;36m2775 |[0;0m         defer { fn.finalize(stmt) }
     [0;36m|[0;0m                    `- [1;33mwarning: [1;39mresult of call to function returning 'Int32' is unused[0;0m [#]8;;https://docs.swift.org/compiler/documentation/diagnostics/no-usage\NoUsage]8;;\]
[0;36m2776 |[0;0m         while fn.step(stmt) == SQLITE_ROW {
[0;36m2777 |[0;0m             if let name = fn.columnText(stmt, 1), String(cString: name) == column { return true }

/Users/oculus/.cache/godstone-mutation-worktrees/wt_T60-RC12-ios-the-touch-target-minimum-vanish/ios/Packages/GodstoneFoundation/Sources/GodstoneMesh/MessageStore.swift:2798:16: [1;33mwarning: [1;39mresult of call to function returning 'Int32' is unused[0;0m [#]8;;https://docs.swift.org/compiler/documentation/diagnostics/no-usage\NoUsage]8;;\]
[0;36m2796 |[0;0m         var stmt: OpaquePointer?
[0;36m2797 |[0;0m         guard fn.prepareV2(db, sql, -1, &stmt, nil) == SQLITE_OK else {
[0;36m2798 |[0;0m             fn.finalize(stmt); throw StoreError.prepareFailed
     [0;36m|[0;0m                `- [1;33mwarning: [1;39mresult of call to function returning 'Int32' is unused[0;0m [#]8;;https://docs.swift.org/compiler/documentation/diagnostics/no-usage\NoUsage]8;;\]
[0;36m2799 |[0;0m         }
[0;36m2800 |[0;0m         defer { fn.finalize(stmt) }

/Users/oculus/.cache/godstone-mutation-worktrees/wt_T60-RC12-ios-the-touch-target-minimum-vanish/ios/Packages/GodstoneFoundation/Sources/GodstoneMesh/MessageStore.swift:2800:20: [1;33mwarning: [1;39mresult of call to function returning 'Int32' is unused[0;0m [#]8;;https://docs.swift.org/compiler/documentation/diagnostics/no-usage\NoUsage]8;;\]
[0;36m2798 |[0;0m             fn.finalize(stmt); throw StoreError.prepareFailed
[0;36m2799 |[0;0m         }
[0;36m2800 |[0;0m         defer { fn.finalize(stmt) }
     [0;36m|[0;0m                    `- [1;33mwarning: [1;39mresult of call to function returning 'Int32' is unused[0;0m [#]8;;https://docs.swift.org/compiler/documentation/diagnostics/no-usage\NoUsage]8;;\]
[0;36m2801 |[0;0m         guard fn.step(stmt) == SQLITE_ROW, let raw = fn.columnText(stmt, 0) else { return nil }
[0;36m2802 |[0;0m         return String(cString: raw)

/Users/oculus/.cache/godstone-mutation-worktrees/wt_T60-RC12-ios-the-touch-target-minimum-vanish/ios/Packages/GodstoneFoundation/Sources/GodstoneMesh/MessageStore.swift:2809:16: [1;33mwarning: [1;39mresult of call to function returning 'Int32' is unused[0;0m [#]8;;https://docs.swift.org/compiler/documentation/diagnostics/no-usage\NoUsage]8;;\]
[0;36m2807 |[0;0m         var stmt: OpaquePointer?
[0;36m2808 |[0;0m         guard fn.prepareV2(db, "PRAGMA table_info(\(name))", -1, &stmt, nil) == SQLITE_OK else {
[0;36m2809 |[0;0m             fn.finalize(stmt); throw StoreError.prepareFailed
     [0;36m|[0;0m                `- [1;33mwarning: [1;39mresult of call to function returning 'Int32' is unused[0;0m [#]8;;https://docs.swift.org/compiler/documentation/diagnostics/no-usage\NoUsage]8;;\]
[0;36m2810 |[0;0m         }
[0;36m2811 |[0;0m         defer { fn.finalize(stmt) }

/Users/oculus/.cache/godstone-mutation-worktrees/wt_T60-RC12-ios-the-touch-target-minimum-vanish/ios/Packages/GodstoneFoundation/Sources/GodstoneMesh/MessageStore.swift:2811:20: [1;33mwarning: [1;39mresult of call to function returning 'Int32' is unused[0;0m [#]8;;https://docs.swift.org/compiler/documentation/diagnostics/no-usage\NoUsage]8;;\]
[0;36m2809 |[0;0m             fn.finalize(stmt); throw StoreError.prepareFailed
[0;36m2810 |[0;0m         }
[0;36m2811 |[0;0m         defer { fn.finalize(stmt) }
     [0;36m|[0;0m                    `- [1;33mwarning: [1;39mresult of call to function returning 'Int32' is unused[0;0m [#]8;;https://docs.swift.org/compiler/documentation/diagnostics/no-usage\NoUsage]8;;\]
[0;36m2812 |[0;0m         var columns: [String] = []
[0;36m2813 |[0;0m         while fn.step(stmt) == SQLITE_ROW {

/Users/oculus/.cache/godstone-mutation-worktrees/wt_T60-RC12-ios-the-touch-target-minimum-vanish/ios/Packages/GodstoneFoundation/Sources/GodstoneMesh/MessageStore.swift:2867:16: [1;33mwarning: [1;39mresult of call to function returning 'Int32' is unused[0;0m [#]8;;https://docs.swift.org/compiler/documentation/diagnostics/no-usage\NoUsage]8;;\]
[0;36m2865 |[0;0m         var stmt: OpaquePointer?
[0;36m2866 |[0;0m         guard fn.prepareV2(db, select, -1, &stmt, nil) == SQLITE_OK else {
[0;36m2867 |[0;0m             fn.finalize(stmt); return []
     [0;36m|[0;0m                `- [1;33mwarning: [1;39mresult of call to function returning 'Int32' is unused[0;0m [#]8;;https://docs.swift.org/compiler/documentation/diagnostics/no-usage\NoUsage]8;;\]
[0;36m2868 |[0;0m         }
[0;36m2869 |[0;0m         defer { fn.finalize(stmt) }

/Users/oculus/.cache/godstone-mutation-worktrees/wt_T60-RC12-ios-the-touch-target-minimum-vanish/ios/Packages/GodstoneFoundation/Sources/GodstoneMesh/MessageStore.swift:2869:20: [1;33mwarning: [1;39mresult of call to function returning 'Int32' is unused[0;0m [#]8;;https://docs.swift.org/compiler/documentation/diagnostics/no-usage\NoUsage]8;;\]
[0;36m2867 |[0;0m             fn.finalize(stmt); return []
[0;36m2868 |[0;0m         }
[0;36m2869 |[0;0m         defer { fn.finalize(stmt) }
     [0;36m|[0;0m                    `- [1;33mwarning: [1;39mresult of call to function returning 'Int32' is unused[0;0m [#]8;;https://docs.swift.org/compiler/documentation/diagnostics/no-usage\NoUsage]8;;\]
[0;36m2870 |[0;0m         var rows: [[[UInt8]?]] = []
[0;36m2871 |[0;0m         while fn.step(stmt) == SQLITE_ROW {

/Users/oculus/.cache/godstone-mutation-worktrees/wt_T60-RC12-ios-the-touch-target-minimum-vanish/ios/Packages/GodstoneFoundation/Sources/GodstoneMesh/MessageStore.swift:2927:16: [1;33mwarning: [1;39mresult of call to function returning 'Int32' is unused[0;0m [#]8;;https://docs.swift.org/compiler/documentation/diagnostics/no-usage\NoUsage]8;;\]
[0;36m2925 |[0;0m         var stmt: OpaquePointer?
[0;36m2926 |[0;0m         guard fn.prepareV2(db, StoreSchema.readDeliverySql, -1, &stmt, nil) == SQLITE_OK else {
[0;36m2927 |[0;0m             fn.finalize(stmt); throw StoreError.prepareFailed
     [0;36m|[0;0m                `- [1;33mwarning: [1;39mresult of call to function returning 'Int32' is unused[0;0m [#]8;;https://docs.swift.org/compiler/documentation/diagnostics/no-usage\NoUsage]8;;\]
[0;36m2928 |[0;0m         }
[0;36m2929 |[0;0m         defer { fn.finalize(stmt) }

/Users/oculus/.cache/godstone-mutation-worktrees/wt_T60-RC12-ios-the-touch-target-minimum-vanish/ios/Packages/GodstoneFoundation/Sources/GodstoneMesh/MessageStore.swift:2929:20: [1;33mwarning: [1;39mresult of call to function returning 'Int32' is unused[0;0m [#]8;;https://docs.swift.org/compiler/documentation/diagnostics/no-usage\NoUsage]8;;\]
[0;36m2927 |[0;0m             fn.finalize(stmt); throw StoreError.prepareFailed
[0;36m2928 |[0;0m         }
[0;36m2929 |[0;0m         defer { fn.finalize(stmt) }
     [0;36m|[0;0m                    `- [1;33mwarning: [1;39mresult of call to function returning 'Int32' is unused[0;0m [#]8;;https://docs.swift.org/compiler/documentation/diagnostics/no-usage\NoUsage]8;;\]
[0;36m2930 |[0;0m         bindBlob(stmt, 1, msgId)
[0;36m2931 |[0;0m         let rc = fn.step(stmt)

/Users/oculus/.cache/godstone-mutation-worktrees/wt_T60-RC12-ios-the-touch-target-minimum-vanish/ios/Packages/GodstoneFoundation/Sources/GodstoneMesh/MessageStore.swift:2951:16: [1;33mwarning: [1;39mresult of call to function returning 'Int32' is unused[0;0m [#]8;;https://docs.swift.org/compiler/documentation/diagnostics/no-usage\NoUsage]8;;\]
[0;36m2949 |[0;0m         var stmt: OpaquePointer?
[0;36m2950 |[0;0m         guard fn.prepareV2(db, StoreSchema.insertDeliverySql, -1, &stmt, nil) == SQLITE_OK else {
[0;36m2951 |[0;0m             fn.finalize(stmt); throw StoreError.prepareFailed
     [0;36m|[0;0m                `- [1;33mwarning: [1;39mresult of call to function returning 'Int32' is unused[0;0m [#]8;;https://docs.swift.org/compiler/documentation/diagnostics/no-usage\NoUsage]8;;\]
[0;36m2952 |[0;0m         }
[0;36m2953 |[0;0m         defer { fn.finalize(stmt) }

/Users/oculus/.cache/godstone-mutation-worktrees/wt_T60-RC12-ios-the-touch-target-minimum-vanish/ios/Packages/GodstoneFoundation/Sources/GodstoneMesh/MessageStore.swift:2953:20: [1;33mwarning: [1;39mresult of call to function returning 'Int32' is unused[0;0m [#]8;;https://docs.swift.org/compiler/documentation/diagnostics/no-usage\NoUsage]8;;\]
[0;36m2951 |[0;0m             fn.finalize(stmt); throw StoreError.prepareFailed
[0;36m2952 |[0;0m         }
[0;36m2953 |[0;0m         defer { fn.finalize(stmt) }
     [0;36m|[0;0m                    `- [1;33mwarning: [1;39mresult of call to function returning 'Int32' is unused[0;0m [#]8;;https://docs.swift.org/compiler/documentation/diagnostics/no-usage\NoUsage]8;;\]
[0;36m2954 |[0;0m         bindBlob(stmt, 1, msgId)
[0;36m2955 |[0;0m         fn.bindInt(stmt, 2, stateOrdinal)

/Users/oculus/.cache/godstone-mutation-worktrees/wt_T60-RC12-ios-the-touch-target-minimum-vanish/ios/Packages/GodstoneFoundation/Sources/GodstoneMesh/MessageStore.swift:2955:12: [1;33mwarning: [1;39mresult of call to function returning 'Int32' is unused[0;0m [#]8;;https://docs.swift.org/compiler/documentation/diagnostics/no-usage\NoUsage]8;;\]
[0;36m2953 |[0;0m         defer { fn.finalize(stmt) }
[0;36m2954 |[0;0m         bindBlob(stmt, 1, msgId)
[0;36m2955 |[0;0m         fn.bindInt(stmt, 2, stateOrdinal)
     [0;36m|[0;0m            `- [1;33mwarning: [1;39mresult of call to function returning 'Int32' is unused[0;0m [#]8;;https://docs.swift.org/compiler/documentation/diagnostics/no-usage\NoUsage]8;;\]
[0;36m2956 |[0;0m         fn.bindInt(stmt, 3, ackModeOrdinal)
[0;36m2957 |[0;0m         if let r = expectedRecipient { bindBlob(stmt, 4, r) } else { fn.bindNull(stmt, 4) }

/Users/oculus/.cache/godstone-mutation-worktrees/wt_T60-RC12-ios-the-touch-target-minimum-vanish/ios/Packages/GodstoneFoundation/Sources/GodstoneMesh/MessageStore.swift:2956:12: [1;33mwarning: [1;39mresult of call to function returning 'Int32' is unused[0;0m [#]8;;https://docs.swift.org/compiler/documentation/diagnostics/no-usage\NoUsage]8;;\]
[0;36m2954 |[0;0m         bindBlob(stmt, 1, msgId)
[0;36m2955 |[0;0m         fn.bindInt(stmt, 2, stateOrdinal)
[0;36m2956 |[0;0m         fn.bindInt(stmt, 3, ackModeOrdinal)
     [0;36m|[0;0m            `- [1;33mwarning: [1;39mresult of call to function returning 'Int32' is unused[0;0m [#]8;;https://docs.swift.org/compiler/documentation/diagnostics/no-usage\NoUsage]8;;\]
[0;36m2957 |[0;0m         if let r = expectedRecipient { bindBlob(stmt, 4, r) } else { fn.bindNull(stmt, 4) }
[0;36m2958 |[0;0m         guard fn.step(stmt) == SQLITE_DONE else { throw StoreError.stepFailed }

/Users/oculus/.cache/godstone-mutation-worktrees/wt_T60-RC12-ios-the-touch-target-minimum-vanish/ios/Packages/GodstoneFoundation/Sources/GodstoneMesh/MessageStore.swift:2957:73: [1;33mwarning: [1;39mresult of call to function returning 'Int32' is unused[0;0m [#]8;;https://docs.swift.org/compiler/documentation/diagnostics/no-usage\NoUsage]8;;\]
[0;36m2955 |[0;0m         fn.bindInt(stmt, 2, stateOrdinal)
[0;36m2956 |[0;0m         fn.bindInt(stmt, 3, ackModeOrdinal)
[0;36m2957 |[0;0m         if let r = expectedRecipient { bindBlob(stmt, 4, r) } else { fn.bindNull(stmt, 4) }
     [0;36m|[0;0m                                                                         `- [1;33mwarning: [1;39mresult of call to function returning 'Int32' is unused[0;0m [#]8;;https://docs.swift.org/compiler/documentation/diagnostics/no-usage\NoUsage]8;;\]
[0;36m2958 |[0;0m         guard fn.step(stmt) == SQLITE_DONE else { throw StoreError.stepFailed }
[0;36m2959 |[0;0m         return fn.changes(db) > 0   // 1 inserted, 0 on conflict (DO NOTHING)

/Users/oculus/.cache/godstone-mutation-worktrees/wt_T60-RC12-ios-the-touch-target-minimum-vanish/ios/Packages/GodstoneFoundation/Sources/GodstoneMesh/MessageStore.swift:3004:16: [1;33mwarning: [1;39mresult of call to function returning 'Int32' is unused[0;0m [#]8;;https://docs.swift.org/compiler/documentation/diagnostics/no-usage\NoUsage]8;;\]
[0;36m3002 |[0;0m         var stmt: OpaquePointer?
[0;36m3003 |[0;0m         guard fn.prepareV2(db, Self.intentInsertIfAbsentSql, -1, &stmt, nil) == SQLITE_OK else {
[0;36m3004 |[0;0m             fn.finalize(stmt); throw StoreError.stepFailed
     [0;36m|[0;0m                `- [1;33mwarning: [1;39mresult of call to function returning 'Int32' is unused[0;0m [#]8;;https://docs.swift.org/compiler/documentation/diagnostics/no-usage\NoUsage]8;;\]
[0;36m3005 |[0;0m         }
[0;36m3006 |[0;0m         defer { fn.finalize(stmt) }

/Users/oculus/.cache/godstone-mutation-worktrees/wt_T60-RC12-ios-the-touch-target-minimum-vanish/ios/Packages/GodstoneFoundation/Sources/GodstoneMesh/MessageStore.swift:3006:20: [1;33mwarning: [1;39mresult of call to function returning 'Int32' is unused[0;0m [#]8;;https://docs.swift.org/compiler/documentation/diagnostics/no-usage\NoUsage]8;;\]
[0;36m3004 |[0;0m             fn.finalize(stmt); throw StoreError.stepFailed
[0;36m3005 |[0;0m         }
[0;36m3006 |[0;0m         defer { fn.finalize(stmt) }
     [0;36m|[0;0m                    `- [1;33mwarning: [1;39mresult of call to function returning 'Int32' is unused[0;0m [#]8;;https://docs.swift.org/compiler/documentation/diagnostics/no-usage\NoUsage]8;;\]
[0;36m3007 |[0;0m         // *** CRYPTO-005 (round 489): THE TWO LISTS ARE READ TOGETHER, WHICH IS THE LAW THIS SPAN LEARNED FOR THE SCHEMA AT ROUND 432
[0;36m3008 |[0;0m         // ("a list that describeth a shape existeth in more than one place"), APPLIED HERE TO A **BIND SEQUENCE**. The first version

/Users/oculus/.cache/godstone-mutation-worktrees/wt_T60-RC12-ios-the-touch-target-minimum-vanish/ios/Packages/GodstoneFoundation/Sources/GodstoneMesh/MessageStore.swift:3050:16: [1;33mwarning: [1;39mresult of call to function returning 'Int32' is unused[0;0m [#]8;;https://docs.swift.org/compiler/documentation/diagnostics/no-usage\NoUsage]8;;\]
[0;36m3048 |[0;0m         var stmt: OpaquePointer?
[0;36m3049 |[0;0m         guard fn.prepareV2(db, Self.intentAdvanceSql, -1, &stmt, nil) == SQLITE_OK else {
[0;36m3050 |[0;0m             fn.finalize(stmt); throw StoreError.stepFailed
     [0;36m|[0;0m                `- [1;33mwarning: [1;39mresult of call to function returning 'Int32' is unused[0;0m [#]8;;https://docs.swift.org/compiler/documentation/diagnostics/no-usage\NoUsage]8;;\]
[0;36m3051 |[0;0m         }
[0;36m3052 |[0;0m         defer { fn.finalize(stmt) }

/Users/oculus/.cache/godstone-mutation-worktrees/wt_T60-RC12-ios-the-touch-target-minimum-vanish/ios/Packages/GodstoneFoundation/Sources/GodstoneMesh/MessageStore.swift:3052:20: [1;33mwarning: [1;39mresult of call to function returning 'Int32' is unused[0;0m [#]8;;https://docs.swift.org/compiler/documentation/diagnostics/no-usage\NoUsage]8;;\]
[0;36m3050 |[0;0m             fn.finalize(stmt); throw StoreError.stepFailed
[0;36m3051 |[0;0m         }
[0;36m3052 |[0;0m         defer { fn.finalize(stmt) }
     [0;36m|[0;0m                    `- [1;33mwarning: [1;39mresult of call to function returning 'Int32' is unused[0;0m [#]8;;https://docs.swift.org/compiler/documentation/diagnostics/no-usage\NoUsage]8;;\]
[0;36m3053 |[0;0m         guard fn.bindInt64(stmt, 1, Int64(to.rawValue)) == SQLITE_OK,
[0;36m3054 |[0;0m               fn.bindBlob(stmt, 2, (intentId as NSData).bytes, Int32(intentId.count), nil) == SQLITE_OK,

/Users/oculus/.cache/godstone-mutation-worktrees/wt_T60-RC12-ios-the-touch-target-minimum-vanish/ios/Packages/GodstoneFoundation/Sources/GodstoneMesh/MessageStore.swift:3078:16: [1;33mwarning: [1;39mresult of call to function returning 'Int32' is unused[0;0m [#]8;;https://docs.swift.org/compiler/documentation/diagnostics/no-usage\NoUsage]8;;\]
[0;36m3076 |[0;0m         var stmt: OpaquePointer?
[0;36m3077 |[0;0m         guard fn.prepareV2(db, Self.intentSelectSql, -1, &stmt, nil) == SQLITE_OK else {
[0;36m3078 |[0;0m             fn.finalize(stmt)
     [0;36m|[0;0m                `- [1;33mwarning: [1;39mresult of call to function returning 'Int32' is unused[0;0m [#]8;;https://docs.swift.org/compiler/documentation/diagnostics/no-usage\NoUsage]8;;\]
[0;36m3079 |[0;0m             throw StoreError.stepFailed
[0;36m3080 |[0;0m         }

/Users/oculus/.cache/godstone-mutation-worktrees/wt_T60-RC12-ios-the-touch-target-minimum-vanish/ios/Packages/GodstoneFoundation/Sources/GodstoneMesh/MessageStore.swift:3081:20: [1;33mwarning: [1;39mresult of call to function returning 'Int32' is unused[0;0m [#]8;;https://docs.swift.org/compiler/documentation/diagnostics/no-usage\NoUsage]8;;\]
[0;36m3079 |[0;0m             throw StoreError.stepFailed
[0;36m3080 |[0;0m         }
[0;36m3081 |[0;0m         defer { fn.finalize(stmt) }
     [0;36m|[0;0m                    `- [1;33mwarning: [1;39mresult of call to function returning 'Int32' is unused[0;0m [#]8;;https://docs.swift.org/compiler/documentation/diagnostics/no-usage\NoUsage]8;;\]
[0;36m3082 |[0;0m         guard fn.bindBlob(stmt, 1, (intentId as NSData).bytes, Int32(intentId.count), nil) == SQLITE_OK else {
[0;36m3083 |[0;0m             throw StoreError.stepFailed

/Users/oculus/.cache/godstone-mutation-worktrees/wt_T60-RC12-ios-the-touch-target-minimum-vanish/ios/Packages/GodstoneFoundation/Sources/GodstoneMesh/MessageStore.swift:3123:20: [1;33mwarning: [1;39mresult of call to function returning 'Int32' is unused[0;0m [#]8;;https://docs.swift.org/compiler/documentation/diagnostics/no-usage\NoUsage]8;;\]
[0;36m3121 |[0;0m             let sql = "SELECT \(StoreSchema.colDMsgId) FROM \(StoreSchema.deliveryTable)"
[0;36m3122 |[0;0m             guard fn.prepareV2(db, sql, -1, &stmt, nil) == SQLITE_OK else {
[0;36m3123 |[0;0m                 fn.finalize(stmt)
     [0;36m|[0;0m                    `- [1;33mwarning: [1;39mresult of call to function returning 'Int32' is unused[0;0m [#]8;;https://docs.swift.org/compiler/documentation/diagnostics/no-usage\NoUsage]8;;\]
[0;36m3124 |[0;0m                 throw StoreError.prepareFailed
[0;36m3125 |[0;0m             }

/Users/oculus/.cache/godstone-mutation-worktrees/wt_T60-RC12-ios-the-touch-target-minimum-vanish/ios/Packages/GodstoneFoundation/Sources/GodstoneMesh/MessageStore.swift:3126:24: [1;33mwarning: [1;39mresult of call to function returning 'Int32' is unused[0;0m [#]8;;https://docs.swift.org/compiler/documentation/diagnostics/no-usage\NoUsage]8;;\]
[0;36m3124 |[0;0m                 throw StoreError.prepareFailed
[0;36m3125 |[0;0m             }
[0;36m3126 |[0;0m             defer { fn.finalize(stmt) }
     [0;36m|[0;0m                        `- [1;33mwarning: [1;39mresult of call to function returning 'Int32' is unused[0;0m [#]8;;https://docs.swift.org/compiler/documentation/diagnostics/no-usage\NoUsage]8;;\]
[0;36m3127 |[0;0m             var out: [Data] = []
[0;36m3128 |[0;0m             while fn.step(stmt) == SQLITE_ROW {

/Users/oculus/.cache/godstone-mutation-worktrees/wt_T60-RC12-ios-the-touch-target-minimum-vanish/ios/Packages/GodstoneFoundation/Sources/GodstoneMesh/MessageStore.swift:3166:20: [1;33mwarning: [1;39mresult of call to function returning 'Int32' is unused[0;0m [#]8;;https://docs.swift.org/compiler/documentation/diagnostics/no-usage\NoUsage]8;;\]
[0;36m3164 |[0;0m             var stmt: OpaquePointer?
[0;36m3165 |[0;0m             guard fn.prepareV2(db, sql, -1, &stmt, nil) == SQLITE_OK else {
[0;36m3166 |[0;0m                 fn.finalize(stmt); throw StoreError.prepareFailed
     [0;36m|[0;0m                    `- [1;33mwarning: [1;39mresult of call to function returning 'Int32' is unused[0;0m [#]8;;https://docs.swift.org/compiler/documentation/diagnostics/no-usage\NoUsage]8;;\]
[0;36m3167 |[0;0m             }
[0;36m3168 |[0;0m             defer { fn.finalize(stmt) }

/Users/oculus/.cache/godstone-mutation-worktrees/wt_T60-RC12-ios-the-touch-target-minimum-vanish/ios/Packages/GodstoneFoundation/Sources/GodstoneMesh/MessageStore.swift:3170:78: [1;33mwarning: [1;39mresult of call to function returning 'Int32' is unused[0;0m [#]8;;https://docs.swift.org/compiler/documentation/diagnostics/no-usage\NoUsage]8;;\]
[0;36m3168 |[0;0m             defer { fn.finalize(stmt) }
[0;36m3169 |[0;0m             for (i, arg) in bytesArgs.enumerated() {
[0;36m3170 |[0;0m                 if let d = arg { bindBlob(stmt, Int32(i + 1), d) } else { fn.bindNull(stmt, Int32(i + 1)) }
     [0;36m|[0;0m                                                                              `- [1;33mwarning: [1;39mresult of call to function returning 'Int32' is unused[0;0m [#]8;;https://docs.swift.org/compiler/documentation/diagnostics/no-usage\NoUsage]8;;\]
[0;36m3171 |[0;0m             }
[0;36m3172 |[0;0m             guard fn.step(stmt) == SQLITE_DONE else { throw StoreError.stepFailed }

/Users/oculus/.cache/godstone-mutation-worktrees/wt_T60-RC12-ios-the-touch-target-minimum-vanish/ios/Packages/GodstoneFoundation/Sources/GodstoneMesh/MessageStore.swift:3168:24: [1;33mwarning: [1;39mresult of call to function returning 'Int32' is unused[0;0m [#]8;;https://docs.swift.org/compiler/documentation/diagnostics/no-usage\NoUsage]8;;\]
[0;36m3166 |[0;0m                 fn.finalize(stmt); throw StoreError.prepareFailed
[0;36m3167 |[0;0m             }
[0;36m3168 |[0;0m             defer { fn.finalize(stmt) }
     [0;36m|[0;0m                        `- [1;33mwarning: [1;39mresult of call to function returning 'Int32' is unused[0;0m [#]8;;https://docs.swift.org/compiler/documentation/diagnostics/no-usage\NoUsage]8;;\]
[0;36m3169 |[0;0m             for (i, arg) in bytesArgs.enumerated() {
[0;36m3170 |[0;0m                 if let d = arg { bindBlob(stmt, Int32(i + 1), d) } else { fn.bindNull(stmt, Int32(i + 1)) }

/Users/oculus/.cache/godstone-mutation-worktrees/wt_T60-RC12-ios-the-touch-target-minimum-vanish/ios/Packages/GodstoneFoundation/Sources/GodstoneMesh/MessageStore.swift:3207:24: [1;33mwarning: [1;39mresult of call to function returning 'Int32' is unused[0;0m [#]8;;https://docs.swift.org/compiler/documentation/diagnostics/no-usage\NoUsage]8;;\]
[0;36m3205 |[0;0m                 var stmt: OpaquePointer?
[0;36m3206 |[0;0m                 guard fn.prepareV2(db, guardedAckSql, -1, &stmt, nil) == SQLITE_OK else {
[0;36m3207 |[0;0m                     fn.finalize(stmt); throw StoreError.prepareFailed
     [0;36m|[0;0m                        `- [1;33mwarning: [1;39mresult of call to function returning 'Int32' is unused[0;0m [#]8;;https://docs.swift.org/compiler/documentation/diagnostics/no-usage\NoUsage]8;;\]
[0;36m3208 |[0;0m                 }
[0;36m3209 |[0;0m                 defer { fn.finalize(stmt) }

/Users/oculus/.cache/godstone-mutation-worktrees/wt_T60-RC12-ios-the-touch-target-minimum-vanish/ios/Packages/GodstoneFoundation/Sources/GodstoneMesh/MessageStore.swift:3226:24: [1;33mwarning: [1;39mresult of call to function returning 'Int32' is unused[0;0m [#]8;;https://docs.swift.org/compiler/documentation/diagnostics/no-usage\NoUsage]8;;\]
[0;36m3224 |[0;0m                 var delStmt: OpaquePointer?
[0;36m3225 |[0;0m                 guard fn.prepareV2(db, deleteHeldSql, -1, &delStmt, nil) == SQLITE_OK else {
[0;36m3226 |[0;0m                     fn.finalize(delStmt); throw StoreError.prepareFailed
     [0;36m|[0;0m                        `- [1;33mwarning: [1;39mresult of call to function returning 'Int32' is unused[0;0m [#]8;;https://docs.swift.org/compiler/documentation/diagnostics/no-usage\NoUsage]8;;\]
[0;36m3227 |[0;0m                 }
[0;36m3228 |[0;0m                 defer { fn.finalize(delStmt) }

/Users/oculus/.cache/godstone-mutation-worktrees/wt_T60-RC12-ios-the-touch-target-minimum-vanish/ios/Packages/GodstoneFoundation/Sources/GodstoneMesh/MessageStore.swift:3209:28: [1;33mwarning: [1;39mresult of call to function returning 'Int32' is unused[0;0m [#]8;;https://docs.swift.org/compiler/documentation/diagnostics/no-usage\NoUsage]8;;\]
[0;36m3207 |[0;0m                     fn.finalize(stmt); throw StoreError.prepareFailed
[0;36m3208 |[0;0m                 }
[0;36m3209 |[0;0m                 defer { fn.finalize(stmt) }
     [0;36m|[0;0m                            `- [1;33mwarning: [1;39mresult of call to function returning 'Int32' is unused[0;0m [#]8;;https://docs.swift.org/compiler/documentation/diagnostics/no-usage\NoUsage]8;;\]
[0;36m3210 |[0;0m                 bindBlob(stmt, 1, msgId)
[0;36m3211 |[0;0m                 bindBlob(stmt, 2, expectedRecipient)

/Users/oculus/.cache/godstone-mutation-worktrees/wt_T60-RC12-ios-the-touch-target-minimum-vanish/ios/Packages/GodstoneFoundation/Sources/GodstoneMesh/MessageStore.swift:3228:28: [1;33mwarning: [1;39mresult of call to function returning 'Int32' is unused[0;0m [#]8;;https://docs.swift.org/compiler/documentation/diagnostics/no-usage\NoUsage]8;;\]
[0;36m3226 |[0;0m                     fn.finalize(delStmt); throw StoreError.prepareFailed
[0;36m3227 |[0;0m                 }
[0;36m3228 |[0;0m                 defer { fn.finalize(delStmt) }
     [0;36m|[0;0m                            `- [1;33mwarning: [1;39mresult of call to function returning 'Int32' is unused[0;0m [#]8;;https://docs.swift.org/compiler/documentation/diagnostics/no-usage\NoUsage]8;;\]
[0;36m3229 |[0;0m                 bindBlob(delStmt, 1, msgId)
[0;36m3230 |[0;0m                 guard fn.step(delStmt) == SQLITE_DONE else { throw StoreError.stepFailed }

/Users/oculus/.cache/godstone-mutation-worktrees/wt_T60-RC12-ios-the-touch-target-minimum-vanish/ios/Packages/GodstoneFoundation/Sources/GodstoneMesh/MessageStore.swift:3278:24: [1;33mwarning: [1;39mresult of call to function returning 'Int32' is unused[0;0m [#]8;;https://docs.swift.org/compiler/documentation/diagnostics/no-usage\NoUsage]8;;\]
[0;36m3276 |[0;0m                 var stmt: OpaquePointer?
[0;36m3277 |[0;0m                 guard fn.prepareV2(db, guardedTransitionSql, -1, &stmt, nil) == SQLITE_OK else {
[0;36m3278 |[0;0m                     fn.finalize(stmt); throw StoreError.prepareFailed
     [0;36m|[0;0m                        `- [1;33mwarning: [1;39mresult of call to function returning 'Int32' is unused[0;0m [#]8;;https://docs.swift.org/compiler/documentation/diagnostics/no-usage\NoUsage]8;;\]
[0;36m3279 |[0;0m                 }
[0;36m3280 |[0;0m                 defer { fn.finalize(stmt) }

/Users/oculus/.cache/godstone-mutation-worktrees/wt_T60-RC12-ios-the-touch-target-minimum-vanish/ios/Packages/GodstoneFoundation/Sources/GodstoneMesh/MessageStore.swift:3296:24: [1;33mwarning: [1;39mresult of call to function returning 'Int32' is unused[0;0m [#]8;;https://docs.swift.org/compiler/documentation/diagnostics/no-usage\NoUsage]8;;\]
[0;36m3294 |[0;0m                 var delStmt: OpaquePointer?
[0;36m3295 |[0;0m                 guard fn.prepareV2(db, deleteHeldSql, -1, &delStmt, nil) == SQLITE_OK else {
[0;36m3296 |[0;0m                     fn.finalize(delStmt); throw StoreError.prepareFailed
     [0;36m|[0;0m                        `- [1;33mwarning: [1;39mresult of call to function returning 'Int32' is unused[0;0m [#]8;;https://docs.swift.org/compiler/documentation/diagnostics/no-usage\NoUsage]8;;\]
[0;36m3297 |[0;0m                 }
[0;36m3298 |[0;0m                 defer { fn.finalize(delStmt) }

/Users/oculus/.cache/godstone-mutation-worktrees/wt_T60-RC12-ios-the-touch-target-minimum-vanish/ios/Packages/GodstoneFoundation/Sources/GodstoneMesh/MessageStore.swift:3280:28: [1;33mwarning: [1;39mresult of call to function returning 'Int32' is unused[0;0m [#]8;;https://docs.swift.org/compiler/documentation/diagnostics/no-usage\NoUsage]8;;\]
[0;36m3278 |[0;0m                     fn.finalize(stmt); throw StoreError.prepareFailed
[0;36m3279 |[0;0m                 }
[0;36m3280 |[0;0m                 defer { fn.finalize(stmt) }
     [0;36m|[0;0m                            `- [1;33mwarning: [1;39mresult of call to function returning 'Int32' is unused[0;0m [#]8;;https://docs.swift.org/compiler/documentation/diagnostics/no-usage\NoUsage]8;;\]
[0;36m3281 |[0;0m                 bindBlob(stmt, 1, msgId)
[0;36m3282 |[0;0m                 guard fn.step(stmt) == SQLITE_DONE else { throw StoreError.stepFailed }

/Users/oculus/.cache/godstone-mutation-worktrees/wt_T60-RC12-ios-the-touch-target-minimum-vanish/ios/Packages/GodstoneFoundation/Sources/GodstoneMesh/MessageStore.swift:3298:28: [1;33mwarning: [1;39mresult of call to function returning 'Int32' is unused[0;0m [#]8;;https://docs.swift.org/compiler/documentation/diagnostics/no-usage\NoUsage]8;;\]
[0;36m3296 |[0;0m                     fn.finalize(delStmt); throw StoreError.prepareFailed
[0;36m3297 |[0;0m                 }
[0;36m3298 |[0;0m                 defer { fn.finalize(delStmt) }
     [0;36m|[0;0m                            `- [1;33mwarning: [1;39mresult of call to function returning 'Int32' is unused[0;0m [#]8;;https://docs.swift.org/compiler/documentation/diagnostics/no-usage\NoUsage]8;;\]
[0;36m3299 |[0;0m                 bindBlob(delStmt, 1, msgId)
[0;36m3300 |[0;0m                 guard fn.step(delStmt) == SQLITE_DONE else { throw StoreError.stepFailed }

/Users/oculus/.cache/godstone-mutation-worktrees/wt_T60-RC12-ios-the-touch-target-minimum-vanish/ios/Packages/GodstoneFoundation/Sources/GodstoneMesh/MessageStore.swift:3348:20: [1;33mwarning: [1;39mresult of call to function returning 'Int32' is unused[0;0m [#]8;;https://docs.swift.org/compiler/documentation/diagnostics/no-usage\NoUsage]8;;\]
[0;36m3346 |[0;0m             var stmt: OpaquePointer?
[0;36m3347 |[0;0m             guard fn.prepareV2(db, sql, -1, &stmt, nil) == SQLITE_OK else {
[0;36m3348 |[0;0m                 fn.finalize(stmt); return 0
     [0;36m|[0;0m                    `- [1;33mwarning: [1;39mresult of call to function returning 'Int32' is unused[0;0m [#]8;;https://docs.swift.org/compiler/documentation/diagnostics/no-usage\NoUsage]8;;\]
[0;36m3349 |[0;0m             }
[0;36m3350 |[0;0m             defer { fn.finalize(stmt) }

/Users/oculus/.cache/godstone-mutation-worktrees/wt_T60-RC12-ios-the-touch-target-minimum-vanish/ios/Packages/GodstoneFoundation/Sources/GodstoneMesh/MessageStore.swift:3354:16: [1;33mwarning: [1;39mresult of call to function returning 'Int32' is unused[0;0m [#]8;;https://docs.swift.org/compiler/documentation/diagnostics/no-usage\NoUsage]8;;\]
[0;36m3352 |[0;0m                 bindBlob(stmt, Int32(i + 1), arg)
[0;36m3353 |[0;0m             }
[0;36m3354 |[0;0m             fn.step(stmt)
     [0;36m|[0;0m                `- [1;33mwarning: [1;39mresult of call to function returning 'Int32' is unused[0;0m [#]8;;https://docs.swift.org/compiler/documentation/diagnostics/no-usage\NoUsage]8;;\]
[0;36m3355 |[0;0m             return Int(fn.changes(db))
[0;36m3356 |[0;0m         } ?? 0

/Users/oculus/.cache/godstone-mutation-worktrees/wt_T60-RC12-ios-the-touch-target-minimum-vanish/ios/Packages/GodstoneFoundation/Sources/GodstoneMesh/MessageStore.swift:3350:24: [1;33mwarning: [1;39mresult of call to function returning 'Int32' is unused[0;0m [#]8;;https://docs.swift.org/compiler/documentation/diagnostics/no-usage\NoUsage]8;;\]
[0;36m3348 |[0;0m                 fn.finalize(stmt); return 0
[0;36m3349 |[0;0m             }
[0;36m3350 |[0;0m             defer { fn.finalize(stmt) }
     [0;36m|[0;0m                        `- [1;33mwarning: [1;39mresult of call to function returning 'Int32' is unused[0;0m [#]8;;https://docs.swift.org/compiler/documentation/diagnostics/no-usage\NoUsage]8;;\]
[0;36m3351 |[0;0m             for (i, arg) in bytesArgs.enumerated() {
[0;36m3352 |[0;0m                 bindBlob(stmt, Int32(i + 1), arg)

/Users/oculus/.cache/godstone-mutation-worktrees/wt_T60-RC12-ios-the-touch-target-minimum-vanish/ios/Packages/GodstoneFoundation/Sources/GodstoneMesh/MessageStore.swift:3411:16: [1;33mwarning: [1;39mresult of call to function returning 'Int32' is unused[0;0m [#]8;;https://docs.swift.org/compiler/documentation/diagnostics/no-usage\NoUsage]8;;\]
[0;36m3409 |[0;0m     private func bindBlob(_ stmt: OpaquePointer?, _ index: Int32, _ data: Data) {
[0;36m3410 |[0;0m         data.withUnsafeBytes { (raw: UnsafeRawBufferPointer) -> Void in
[0;36m3411 |[0;0m             fn.bindBlob(stmt, index, raw.baseAddress, Int32(data.count), storeSqliteTransient)
     [0;36m|[0;0m                `- [1;33mwarning: [1;39mresult of call to function returning 'Int32' is unused[0;0m [#]8;;https://docs.swift.org/compiler/documentation/diagnostics/no-usage\NoUsage]8;;\]
[0;36m3412 |[0;0m         }
[0;36m3413 |[0;0m     }

/Users/oculus/.cache/godstone-mutation-worktrees/wt_T60-RC12-ios-the-touch-target-minimum-vanish/ios/Packages/GodstoneFoundation/Sources/GodstoneMesh/MessageStore.swift:3912:16: [1;33mwarning: [1;39mresult of call to function returning 'Int32' is unused[0;0m [#]8;;https://docs.swift.org/compiler/documentation/diagnostics/no-usage\NoUsage]8;;\]
[0;36m3910 |[0;0m         var stmt: OpaquePointer?
[0;36m3911 |[0;0m         guard fn.prepareV2(db, StoreSchema.insertObligationSql, -1, &stmt, nil) == SQLITE_OK else {
[0;36m3912 |[0;0m             fn.finalize(stmt); throw StoreError.prepareFailed
     [0;36m|[0;0m                `- [1;33mwarning: [1;39mresult of call to function returning 'Int32' is unused[0;0m [#]8;;https://docs.swift.org/compiler/documentation/diagnostics/no-usage\NoUsage]8;;\]
[0;36m3913 |[0;0m         }
[0;36m3914 |[0;0m         defer { fn.finalize(stmt) }

/Users/oculus/.cache/godstone-mutation-worktrees/wt_T60-RC12-ios-the-touch-target-minimum-vanish/ios/Packages/GodstoneFoundation/Sources/GodstoneMesh/MessageStore.swift:3914:20: [1;33mwarning: [1;39mresult of call to function returning 'Int32' is unused[0;0m [#]8;;https://docs.swift.org/compiler/documentation/diagnostics/no-usage\NoUsage]8;;\]
[0;36m3912 |[0;0m             fn.finalize(stmt); throw StoreError.prepareFailed
[0;36m3913 |[0;0m         }
[0;36m3914 |[0;0m         defer { fn.finalize(stmt) }
     [0;36m|[0;0m                    `- [1;33mwarning: [1;39mresult of call to function returning 'Int32' is unused[0;0m [#]8;;https://docs.swift.org/compiler/documentation/diagnostics/no-usage\NoUsage]8;;\]
[0;36m3915 |[0;0m         bindBlob(stmt, 1, msgId)
[0;36m3916 |[0;0m         bindBlob(stmt, 2, recipientNodeId)

/Users/oculus/.cache/godstone-mutation-worktrees/wt_T60-RC12-ios-the-touch-target-minimum-vanish/ios/Packages/GodstoneFoundation/Sources/GodstoneMesh/MessageStore.swift:3917:12: [1;33mwarning: [1;39mresult of call to function returning 'Int32' is unused[0;0m [#]8;;https://docs.swift.org/compiler/documentation/diagnostics/no-usage\NoUsage]8;;\]
[0;36m3915 |[0;0m         bindBlob(stmt, 1, msgId)
[0;36m3916 |[0;0m         bindBlob(stmt, 2, recipientNodeId)
[0;36m3917 |[0;0m         fn.bindInt64(stmt, 3, identityGeneration)
     [0;36m|[0;0m            `- [1;33mwarning: [1;39mresult of call to function returning 'Int32' is unused[0;0m [#]8;;https://docs.swift.org/compiler/documentation/diagnostics/no-usage\NoUsage]8;;\]
[0;36m3918 |[0;0m         fn.bindInt64(stmt, 4, remainingLifetimeMs)
[0;36m3919 |[0;0m         fn.bindInt(stmt, 5, stateCode)

/Users/oculus/.cache/godstone-mutation-worktrees/wt_T60-RC12-ios-the-touch-target-minimum-vanish/ios/Packages/GodstoneFoundation/Sources/GodstoneMesh/MessageStore.swift:3918:12: [1;33mwarning: [1;39mresult of call to function returning 'Int32' is unused[0;0m [#]8;;https://docs.swift.org/compiler/documentation/diagnostics/no-usage\NoUsage]8;;\]
[0;36m3916 |[0;0m         bindBlob(stmt, 2, recipientNodeId)
[0;36m3917 |[0;0m         fn.bindInt64(stmt, 3, identityGeneration)
[0;36m3918 |[0;0m         fn.bindInt64(stmt, 4, remainingLifetimeMs)
     [0;36m|[0;0m            `- [1;33mwarning: [1;39mresult of call to function returning 'Int32' is unused[0;0m [#]8;;https://docs.swift.org/compiler/documentation/diagnostics/no-usage\NoUsage]8;;\]
[0;36m3919 |[0;0m         fn.bindInt(stmt, 5, stateCode)
[0;36m3920 |[0;0m         guard fn.step(stmt) == SQLITE_DONE else { throw StoreError.stepFailed }

/Users/oculus/.cache/godstone-mutation-worktrees/wt_T60-RC12-ios-the-touch-target-minimum-vanish/ios/Packages/GodstoneFoundation/Sources/GodstoneMesh/MessageStore.swift:3919:12: [1;33mwarning: [1;39mresult of call to function returning 'Int32' is unused[0;0m [#]8;;https://docs.swift.org/compiler/documentation/diagnostics/no-usage\NoUsage]8;;\]
[0;36m3917 |[0;0m         fn.bindInt64(stmt, 3, identityGeneration)
[0;36m3918 |[0;0m         fn.bindInt64(stmt, 4, remainingLifetimeMs)
[0;36m3919 |[0;0m         fn.bindInt(stmt, 5, stateCode)
     [0;36m|[0;0m            `- [1;33mwarning: [1;39mresult of call to function returning 'Int32' is unused[0;0m [#]8;;https://docs.swift.org/compiler/documentation/diagnostics/no-usage\NoUsage]8;;\]
[0;36m3920 |[0;0m         guard fn.step(stmt) == SQLITE_DONE else { throw StoreError.stepFailed }
[0;36m3921 |[0;0m         return fn.changes(db) > 0   // 1 inserted, 0 on pair-key conflict (DO NOTHING)

/Users/oculus/.cache/godstone-mutation-worktrees/wt_T60-RC12-ios-the-touch-target-minimum-vanish/ios/Packages/GodstoneFoundation/Sources/GodstoneMesh/MessageStore.swift:3934:16: [1;33mwarning: [1;39mresult of call to function returning 'Int32' is unused[0;0m [#]8;;https://docs.swift.org/compiler/documentation/diagnostics/no-usage\NoUsage]8;;\]
[0;36m3932 |[0;0m         var stmt: OpaquePointer?
[0;36m3933 |[0;0m         guard fn.prepareV2(db, StoreSchema.readObligationSql, -1, &stmt, nil) == SQLITE_OK else {
[0;36m3934 |[0;0m             fn.finalize(stmt); throw StoreError.prepareFailed
     [0;36m|[0;0m                `- [1;33mwarning: [1;39mresult of call to function returning 'Int32' is unused[0;0m [#]8;;https://docs.swift.org/compiler/documentation/diagnostics/no-usage\NoUsage]8;;\]
[0;36m3935 |[0;0m         }
[0;36m3936 |[0;0m         defer { fn.finalize(stmt) }

/Users/oculus/.cache/godstone-mutation-worktrees/wt_T60-RC12-ios-the-touch-target-minimum-vanish/ios/Packages/GodstoneFoundation/Sources/GodstoneMesh/MessageStore.swift:3936:20: [1;33mwarning: [1;39mresult of call to function returning 'Int32' is unused[0;0m [#]8;;https://docs.swift.org/compiler/documentation/diagnostics/no-usage\NoUsage]8;;\]
[0;36m3934 |[0;0m             fn.finalize(stmt); throw StoreError.prepareFailed
[0;36m3935 |[0;0m         }
[0;36m3936 |[0;0m         defer { fn.finalize(stmt) }
     [0;36m|[0;0m                    `- [1;33mwarning: [1;39mresult of call to function returning 'Int32' is unused[0;0m [#]8;;https://docs.swift.org/compiler/documentation/diagnostics/no-usage\NoUsage]8;;\]
[0;36m3937 |[0;0m         bindBlob(stmt, 1, msgId)
[0;36m3938 |[0;0m         bindBlob(stmt, 2, recipientNodeId)

/Users/oculus/.cache/godstone-mutation-worktrees/wt_T60-RC12-ios-the-touch-target-minimum-vanish/ios/Packages/GodstoneFoundation/Sources/GodstoneMesh/MessageStore.swift:3954:20: [1;33mwarning: [1;39mresult of call to function returning 'Int32' is unused[0;0m [#]8;;https://docs.swift.org/compiler/documentation/diagnostics/no-usage\NoUsage]8;;\]
[0;36m3952 |[0;0m             var stmt: OpaquePointer?
[0;36m3953 |[0;0m             guard fn.prepareV2(db, StoreSchema.listPendingObligationSql, -1, &stmt, nil) == SQLITE_OK else {
[0;36m3954 |[0;0m                 fn.finalize(stmt); throw StoreError.prepareFailed
     [0;36m|[0;0m                    `- [1;33mwarning: [1;39mresult of call to function returning 'Int32' is unused[0;0m [#]8;;https://docs.swift.org/compiler/documentation/diagnostics/no-usage\NoUsage]8;;\]
[0;36m3955 |[0;0m             }
[0;36m3956 |[0;0m             defer { fn.finalize(stmt) }

/Users/oculus/.cache/godstone-mutation-worktrees/wt_T60-RC12-ios-the-touch-target-minimum-vanish/ios/Packages/GodstoneFoundation/Sources/GodstoneMesh/MessageStore.swift:3957:16: [1;33mwarning: [1;39mresult of call to function returning 'Int32' is unused[0;0m [#]8;;https://docs.swift.org/compiler/documentation/diagnostics/no-usage\NoUsage]8;;\]
[0;36m3955 |[0;0m             }
[0;36m3956 |[0;0m             defer { fn.finalize(stmt) }
[0;36m3957 |[0;0m             fn.bindInt64(stmt, 1, Int64(bound))
     [0;36m|[0;0m                `- [1;33mwarning: [1;39mresult of call to function returning 'Int32' is unused[0;0m [#]8;;https://docs.swift.org/compiler/documentation/diagnostics/no-usage\NoUsage]8;;\]
[0;36m3958 |[0;0m             var out: [ObligationEntryRow] = []
[0;36m3959 |[0;0m             while fn.step(stmt) == SQLITE_ROW {

/Users/oculus/.cache/godstone-mutation-worktrees/wt_T60-RC12-ios-the-touch-target-minimum-vanish/ios/Packages/GodstoneFoundation/Sources/GodstoneMesh/MessageStore.swift:3956:24: [1;33mwarning: [1;39mresult of call to function returning 'Int32' is unused[0;0m [#]8;;https://docs.swift.org/compiler/documentation/diagnostics/no-usage\NoUsage]8;;\]
[0;36m3954 |[0;0m                 fn.finalize(stmt); throw StoreError.prepareFailed
[0;36m3955 |[0;0m             }
[0;36m3956 |[0;0m             defer { fn.finalize(stmt) }
     [0;36m|[0;0m                        `- [1;33mwarning: [1;39mresult of call to function returning 'Int32' is unused[0;0m [#]8;;https://docs.swift.org/compiler/documentation/diagnostics/no-usage\NoUsage]8;;\]
[0;36m3957 |[0;0m             fn.bindInt64(stmt, 1, Int64(bound))
[0;36m3958 |[0;0m             var out: [ObligationEntryRow] = []

/Users/oculus/.cache/godstone-mutation-worktrees/wt_T60-RC12-ios-the-touch-target-minimum-vanish/ios/Packages/GodstoneFoundation/Sources/GodstoneMesh/MessageStore.swift:3975:20: [1;33mwarning: [1;39mresult of call to function returning 'Int32' is unused[0;0m [#]8;;https://docs.swift.org/compiler/documentation/diagnostics/no-usage\NoUsage]8;;\]
[0;36m3973 |[0;0m             var stmt: OpaquePointer?
[0;36m3974 |[0;0m             guard fn.prepareV2(db, StoreSchema.countObligationSql, -1, &stmt, nil) == SQLITE_OK else {
[0;36m3975 |[0;0m                 fn.finalize(stmt); throw StoreError.prepareFailed
     [0;36m|[0;0m                    `- [1;33mwarning: [1;39mresult of call to function returning 'Int32' is unused[0;0m [#]8;;https://docs.swift.org/compiler/documentation/diagnostics/no-usage\NoUsage]8;;\]
[0;36m3976 |[0;0m             }
[0;36m3977 |[0;0m             defer { fn.finalize(stmt) }

/Users/oculus/.cache/godstone-mutation-worktrees/wt_T60-RC12-ios-the-touch-target-minimum-vanish/ios/Packages/GodstoneFoundation/Sources/GodstoneMesh/MessageStore.swift:3977:24: [1;33mwarning: [1;39mresult of call to function returning 'Int32' is unused[0;0m [#]8;;https://docs.swift.org/compiler/documentation/diagnostics/no-usage\NoUsage]8;;\]
[0;36m3975 |[0;0m                 fn.finalize(stmt); throw StoreError.prepareFailed
[0;36m3976 |[0;0m             }
[0;36m3977 |[0;0m             defer { fn.finalize(stmt) }
     [0;36m|[0;0m                        `- [1;33mwarning: [1;39mresult of call to function returning 'Int32' is unused[0;0m [#]8;;https://docs.swift.org/compiler/documentation/diagnostics/no-usage\NoUsage]8;;\]
[0;36m3978 |[0;0m             guard fn.step(stmt) == SQLITE_ROW else { return 0 }
[0;36m3979 |[0;0m             return Int(fn.columnInt(stmt, 0))

/Users/oculus/.cache/godstone-mutation-worktrees/wt_T60-RC12-ios-the-touch-target-minimum-vanish/ios/Packages/GodstoneFoundation/Sources/GodstoneMesh/MessageStore.swift:4000:16: [1;33mwarning: [1;39mresult of call to function returning 'Int32' is unused[0;0m [#]8;;https://docs.swift.org/compiler/documentation/diagnostics/no-usage\NoUsage]8;;\]
[0;36m3998 |[0;0m         var stmt: OpaquePointer?
[0;36m3999 |[0;0m         guard fn.prepareV2(db, sql, -1, &stmt, nil) == SQLITE_OK else {
[0;36m4000 |[0;0m             fn.finalize(stmt); throw StoreError.prepareFailed
     [0;36m|[0;0m                `- [1;33mwarning: [1;39mresult of call to function returning 'Int32' is unused[0;0m [#]8;;https://docs.swift.org/compiler/documentation/diagnostics/no-usage\NoUsage]8;;\]
[0;36m4001 |[0;0m         }
[0;36m4002 |[0;0m         defer { fn.finalize(stmt) }

/Users/oculus/.cache/godstone-mutation-worktrees/wt_T60-RC12-ios-the-touch-target-minimum-vanish/ios/Packages/GodstoneFoundation/Sources/GodstoneMesh/MessageStore.swift:4002:20: [1;33mwarning: [1;39mresult of call to function returning 'Int32' is unused[0;0m [#]8;;https://docs.swift.org/compiler/documentation/diagnostics/no-usage\NoUsage]8;;\]
[0;36m4000 |[0;0m             fn.finalize(stmt); throw StoreError.prepareFailed
[0;36m4001 |[0;0m         }
[0;36m4002 |[0;0m         defer { fn.finalize(stmt) }
     [0;36m|[0;0m                    `- [1;33mwarning: [1;39mresult of call to function returning 'Int32' is unused[0;0m [#]8;;https://docs.swift.org/compiler/documentation/diagnostics/no-usage\NoUsage]8;;\]
[0;36m4003 |[0;0m         for (i, arg) in binds.enumerated() { bindBlob(stmt, Int32(i + 1), arg) }
[0;36m4004 |[0;0m         guard fn.step(stmt) == SQLITE_DONE else { throw StoreError.stepFailed }

/Users/oculus/.cache/godstone-mutation-worktrees/wt_T60-RC12-ios-the-touch-target-minimum-vanish/ios/Packages/GodstoneFoundation/Sources/GodstoneMesh/MessageStore.swift:4017:16: [1;33mwarning: [1;39mresult of call to function returning 'Int32' is unused[0;0m [#]8;;https://docs.swift.org/compiler/documentation/diagnostics/no-usage\NoUsage]8;;\]
[0;36m4015 |[0;0m         var stmt: OpaquePointer?
[0;36m4016 |[0;0m         guard fn.prepareV2(db, StoreSchema.insertAckFrameSql, -1, &stmt, nil) == SQLITE_OK else {
[0;36m4017 |[0;0m             fn.finalize(stmt); throw StoreError.prepareFailed
     [0;36m|[0;0m                `- [1;33mwarning: [1;39mresult of call to function returning 'Int32' is unused[0;0m [#]8;;https://docs.swift.org/compiler/documentation/diagnostics/no-usage\NoUsage]8;;\]
[0;36m4018 |[0;0m         }
[0;36m4019 |[0;0m         defer { fn.finalize(stmt) }

/Users/oculus/.cache/godstone-mutation-worktrees/wt_T60-RC12-ios-the-touch-target-minimum-vanish/ios/Packages/GodstoneFoundation/Sources/GodstoneMesh/MessageStore.swift:4019:20: [1;33mwarning: [1;39mresult of call to function returning 'Int32' is unused[0;0m [#]8;;https://docs.swift.org/compiler/documentation/diagnostics/no-usage\NoUsage]8;;\]
[0;36m4017 |[0;0m             fn.finalize(stmt); throw StoreError.prepareFailed
[0;36m4018 |[0;0m         }
[0;36m4019 |[0;0m         defer { fn.finalize(stmt) }
     [0;36m|[0;0m                    `- [1;33mwarning: [1;39mresult of call to function returning 'Int32' is unused[0;0m [#]8;;https://docs.swift.org/compiler/documentation/diagnostics/no-usage\NoUsage]8;;\]
[0;36m4020 |[0;0m         bindBlob(stmt, 1, row.ackKey)
[0;36m4021 |[0;0m         bindBlob(stmt, 2, row.msgId)

/Users/oculus/.cache/godstone-mutation-worktrees/wt_T60-RC12-ios-the-touch-target-minimum-vanish/ios/Packages/GodstoneFoundation/Sources/GodstoneMesh/MessageStore.swift:4025:78: [1;33mwarning: [1;39mresult of call to function returning 'Int32' is unused[0;0m [#]8;;https://docs.swift.org/compiler/documentation/diagnostics/no-usage\NoUsage]8;;\]
[0;36m4023 |[0;0m         bindBlob(stmt, 4, row.signature)
[0;36m4024 |[0;0m         bindBlob(stmt, 5, row.encodedFrame)
[0;36m4025 |[0;0m         if let from = row.receivedFrom { bindBlob(stmt, 6, from) } else { fn.bindNull(stmt, 6) }
     [0;36m|[0;0m                                                                              `- [1;33mwarning: [1;39mresult of call to function returning 'Int32' is unused[0;0m [#]8;;https://docs.swift.org/compiler/documentation/diagnostics/no-usage\NoUsage]8;;\]
[0;36m4026 |[0;0m         fn.bindInt64(stmt, 7, row.remainingLifetimeMs)
[0;36m4027 |[0;0m         fn.bindInt(stmt, 8, row.verificationClassCode)

/Users/oculus/.cache/godstone-mutation-worktrees/wt_T60-RC12-ios-the-touch-target-minimum-vanish/ios/Packages/GodstoneFoundation/Sources/GodstoneMesh/MessageStore.swift:4026:12: [1;33mwarning: [1;39mresult of call to function returning 'Int32' is unused[0;0m [#]8;;https://docs.swift.org/compiler/documentation/diagnostics/no-usage\NoUsage]8;;\]
[0;36m4024 |[0;0m         bindBlob(stmt, 5, row.encodedFrame)
[0;36m4025 |[0;0m         if let from = row.receivedFrom { bindBlob(stmt, 6, from) } else { fn.bindNull(stmt, 6) }
[0;36m4026 |[0;0m         fn.bindInt64(stmt, 7, row.remainingLifetimeMs)
     [0;36m|[0;0m            `- [1;33mwarning: [1;39mresult of call to function returning 'Int32' is unused[0;0m [#]8;;https://docs.swift.org/compiler/documentation/diagnostics/no-usage\NoUsage]8;;\]
[0;36m4027 |[0;0m         fn.bindInt(stmt, 8, row.verificationClassCode)
[0;36m4028 |[0;0m         guard fn.step(stmt) == SQLITE_DONE else { throw StoreError.stepFailed }

/Users/oculus/.cache/godstone-mutation-worktrees/wt_T60-RC12-ios-the-touch-target-minimum-vanish/ios/Packages/GodstoneFoundation/Sources/GodstoneMesh/MessageStore.swift:4027:12: [1;33mwarning: [1;39mresult of call to function returning 'Int32' is unused[0;0m [#]8;;https://docs.swift.org/compiler/documentation/diagnostics/no-usage\NoUsage]8;;\]
[0;36m4025 |[0;0m         if let from = row.receivedFrom { bindBlob(stmt, 6, from) } else { fn.bindNull(stmt, 6) }
[0;36m4026 |[0;0m         fn.bindInt64(stmt, 7, row.remainingLifetimeMs)
[0;36m4027 |[0;0m         fn.bindInt(stmt, 8, row.verificationClassCode)
     [0;36m|[0;0m            `- [1;33mwarning: [1;39mresult of call to function returning 'Int32' is unused[0;0m [#]8;;https://docs.swift.org/compiler/documentation/diagnostics/no-usage\NoUsage]8;;\]
[0;36m4028 |[0;0m         guard fn.step(stmt) == SQLITE_DONE else { throw StoreError.stepFailed }
[0;36m4029 |[0;0m         return fn.changes(db) > 0   // 1 inserted, 0 on ack_key conflict (DO NOTHING)

/Users/oculus/.cache/godstone-mutation-worktrees/wt_T60-RC12-ios-the-touch-target-minimum-vanish/ios/Packages/GodstoneFoundation/Sources/GodstoneMesh/MessageStore.swift:4036:20: [1;33mwarning: [1;39mresult of call to function returning 'Int32' is unused[0;0m [#]8;;https://docs.swift.org/compiler/documentation/diagnostics/no-usage\NoUsage]8;;\]
[0;36m4034 |[0;0m             var stmt: OpaquePointer?
[0;36m4035 |[0;0m             guard fn.prepareV2(db, StoreSchema.readAckFrameSql, -1, &stmt, nil) == SQLITE_OK else {
[0;36m4036 |[0;0m                 fn.finalize(stmt); throw StoreError.prepareFailed
     [0;36m|[0;0m                    `- [1;33mwarning: [1;39mresult of call to function returning 'Int32' is unused[0;0m [#]8;;https://docs.swift.org/compiler/documentation/diagnostics/no-usage\NoUsage]8;;\]
[0;36m4037 |[0;0m             }
[0;36m4038 |[0;0m             defer { fn.finalize(stmt) }

/Users/oculus/.cache/godstone-mutation-worktrees/wt_T60-RC12-ios-the-touch-target-minimum-vanish/ios/Packages/GodstoneFoundation/Sources/GodstoneMesh/MessageStore.swift:4038:24: [1;33mwarning: [1;39mresult of call to function returning 'Int32' is unused[0;0m [#]8;;https://docs.swift.org/compiler/documentation/diagnostics/no-usage\NoUsage]8;;\]
[0;36m4036 |[0;0m                 fn.finalize(stmt); throw StoreError.prepareFailed
[0;36m4037 |[0;0m             }
[0;36m4038 |[0;0m             defer { fn.finalize(stmt) }
     [0;36m|[0;0m                        `- [1;33mwarning: [1;39mresult of call to function returning 'Int32' is unused[0;0m [#]8;;https://docs.swift.org/compiler/documentation/diagnostics/no-usage\NoUsage]8;;\]
[0;36m4039 |[0;0m             bindBlob(stmt, 1, ackKey)
[0;36m4040 |[0;0m             let rc = fn.step(stmt)

/Users/oculus/.cache/godstone-mutation-worktrees/wt_T60-RC12-ios-the-touch-target-minimum-vanish/ios/Packages/GodstoneFoundation/Sources/GodstoneMesh/MessageStore.swift:4058:20: [1;33mwarning: [1;39mresult of call to function returning 'Int32' is unused[0;0m [#]8;;https://docs.swift.org/compiler/documentation/diagnostics/no-usage\NoUsage]8;;\]
[0;36m4056 |[0;0m             var stmt: OpaquePointer?
[0;36m4057 |[0;0m             guard fn.prepareV2(db, StoreSchema.listAckFrameForPairSql, -1, &stmt, nil) == SQLITE_OK else {
[0;36m4058 |[0;0m                 fn.finalize(stmt); throw StoreError.prepareFailed
     [0;36m|[0;0m                    `- [1;33mwarning: [1;39mresult of call to function returning 'Int32' is unused[0;0m [#]8;;https://docs.swift.org/compiler/documentation/diagnostics/no-usage\NoUsage]8;;\]
[0;36m4059 |[0;0m             }
[0;36m4060 |[0;0m             defer { fn.finalize(stmt) }

/Users/oculus/.cache/godstone-mutation-worktrees/wt_T60-RC12-ios-the-touch-target-minimum-vanish/ios/Packages/GodstoneFoundation/Sources/GodstoneMesh/MessageStore.swift:4063:16: [1;33mwarning: [1;39mresult of call to function returning 'Int32' is unused[0;0m [#]8;;https://docs.swift.org/compiler/documentation/diagnostics/no-usage\NoUsage]8;;\]
[0;36m4061 |[0;0m             bindBlob(stmt, 1, msgId)
[0;36m4062 |[0;0m             bindBlob(stmt, 2, recipientNodeId)
[0;36m4063 |[0;0m             fn.bindInt64(stmt, 3, Int64(bound))
     [0;36m|[0;0m                `- [1;33mwarning: [1;39mresult of call to function returning 'Int32' is unused[0;0m [#]8;;https://docs.swift.org/compiler/documentation/diagnostics/no-usage\NoUsage]8;;\]
[0;36m4064 |[0;0m             var out: [AckFrameRowView] = []
[0;36m4065 |[0;0m             while fn.step(stmt) == SQLITE_ROW {

/Users/oculus/.cache/godstone-mutation-worktrees/wt_T60-RC12-ios-the-touch-target-minimum-vanish/ios/Packages/GodstoneFoundation/Sources/GodstoneMesh/MessageStore.swift:4060:24: [1;33mwarning: [1;39mresult of call to function returning 'Int32' is unused[0;0m [#]8;;https://docs.swift.org/compiler/documentation/diagnostics/no-usage\NoUsage]8;;\]
[0;36m4058 |[0;0m                 fn.finalize(stmt); throw StoreError.prepareFailed
[0;36m4059 |[0;0m             }
[0;36m4060 |[0;0m             defer { fn.finalize(stmt) }
     [0;36m|[0;0m                        `- [1;33mwarning: [1;39mresult of call to function returning 'Int32' is unused[0;0m [#]8;;https://docs.swift.org/compiler/documentation/diagnostics/no-usage\NoUsage]8;;\]
[0;36m4061 |[0;0m             bindBlob(stmt, 1, msgId)
[0;36m4062 |[0;0m             bindBlob(stmt, 2, recipientNodeId)

/Users/oculus/.cache/godstone-mutation-worktrees/wt_T60-RC12-ios-the-touch-target-minimum-vanish/ios/Packages/GodstoneFoundation/Sources/GodstoneMesh/MessageStore.swift:4083:20: [1;33mwarning: [1;39mresult of call to function returning 'Int32' is unused[0;0m [#]8;;https://docs.swift.org/compiler/documentation/diagnostics/no-usage\NoUsage]8;;\]
[0;36m4081 |[0;0m             var stmt: OpaquePointer?
[0;36m4082 |[0;0m             guard fn.prepareV2(db, StoreSchema.countAckFrameForPairSql, -1, &stmt, nil) == SQLITE_OK else {
[0;36m4083 |[0;0m                 fn.finalize(stmt); throw StoreError.prepareFailed
     [0;36m|[0;0m                    `- [1;33mwarning: [1;39mresult of call to function returning 'Int32' is unused[0;0m [#]8;;https://docs.swift.org/compiler/documentation/diagnostics/no-usage\NoUsage]8;;\]
[0;36m4084 |[0;0m             }
[0;36m4085 |[0;0m             defer { fn.finalize(stmt) }

/Users/oculus/.cache/godstone-mutation-worktrees/wt_T60-RC12-ios-the-touch-target-minimum-vanish/ios/Packages/GodstoneFoundation/Sources/GodstoneMesh/MessageStore.swift:4085:24: [1;33mwarning: [1;39mresult of call to function returning 'Int32' is unused[0;0m [#]8;;https://docs.swift.org/compiler/documentation/diagnostics/no-usage\NoUsage]8;;\]
[0;36m4083 |[0;0m                 fn.finalize(stmt); throw StoreError.prepareFailed
[0;36m4084 |[0;0m             }
[0;36m4085 |[0;0m             defer { fn.finalize(stmt) }
     [0;36m|[0;0m                        `- [1;33mwarning: [1;39mresult of call to function returning 'Int32' is unused[0;0m [#]8;;https://docs.swift.org/compiler/documentation/diagnostics/no-usage\NoUsage]8;;\]
[0;36m4086 |[0;0m             bindBlob(stmt, 1, msgId)
[0;36m4087 |[0;0m             bindBlob(stmt, 2, recipientNodeId)

/Users/oculus/.cache/godstone-mutation-worktrees/wt_T60-RC12-ios-the-touch-target-minimum-vanish/ios/Packages/GodstoneFoundation/Sources/GodstoneMesh/MessageStore.swift:4097:20: [1;33mwarning: [1;39mresult of call to function returning 'Int32' is unused[0;0m [#]8;;https://docs.swift.org/compiler/documentation/diagnostics/no-usage\NoUsage]8;;\]
[0;36m4095 |[0;0m             var stmt: OpaquePointer?
[0;36m4096 |[0;0m             guard fn.prepareV2(db, StoreSchema.countAckFrameTotalSql, -1, &stmt, nil) == SQLITE_OK else {
[0;36m4097 |[0;0m                 fn.finalize(stmt); throw StoreError.prepareFailed
     [0;36m|[0;0m                    `- [1;33mwarning: [1;39mresult of call to function returning 'Int32' is unused[0;0m [#]8;;https://docs.swift.org/compiler/documentation/diagnostics/no-usage\NoUsage]8;;\]
[0;36m4098 |[0;0m             }
[0;36m4099 |[0;0m             defer { fn.finalize(stmt) }

/Users/oculus/.cache/godstone-mutation-worktrees/wt_T60-RC12-ios-the-touch-target-minimum-vanish/ios/Packages/GodstoneFoundation/Sources/GodstoneMesh/MessageStore.swift:4099:24: [1;33mwarning: [1;39mresult of call to function returning 'Int32' is unused[0;0m [#]8;;https://docs.swift.org/compiler/documentation/diagnostics/no-usage\NoUsage]8;;\]
[0;36m4097 |[0;0m                 fn.finalize(stmt); throw StoreError.prepareFailed
[0;36m4098 |[0;0m             }
[0;36m4099 |[0;0m             defer { fn.finalize(stmt) }
     [0;36m|[0;0m                        `- [1;33mwarning: [1;39mresult of call to function returning 'Int32' is unused[0;0m [#]8;;https://docs.swift.org/compiler/documentation/diagnostics/no-usage\NoUsage]8;;\]
[0;36m4100 |[0;0m             guard fn.step(stmt) == SQLITE_ROW else { return 0 }
[0;36m4101 |[0;0m             return Int(fn.columnInt(stmt, 0))

/Users/oculus/.cache/godstone-mutation-worktrees/wt_T60-RC12-ios-the-touch-target-minimum-vanish/ios/Packages/GodstoneFoundation/Sources/GodstoneMesh/MessageStore.swift:4117:20: [1;33mwarning: [1;39mresult of call to function returning 'Int32' is unused[0;0m [#]8;;https://docs.swift.org/compiler/documentation/diagnostics/no-usage\NoUsage]8;;\]
[0;36m4115 |[0;0m             var stmt: OpaquePointer?
[0;36m4116 |[0;0m             guard fn.prepareV2(db, StoreSchema.listAckFrameSql, -1, &stmt, nil) == SQLITE_OK else {
[0;36m4117 |[0;0m                 fn.finalize(stmt); throw StoreError.prepareFailed
     [0;36m|[0;0m                    `- [1;33mwarning: [1;39mresult of call to function returning 'Int32' is unused[0;0m [#]8;;https://docs.swift.org/compiler/documentation/diagnostics/no-usage\NoUsage]8;;\]
[0;36m4118 |[0;0m             }
[0;36m4119 |[0;0m             defer { fn.finalize(stmt) }

/Users/oculus/.cache/godstone-mutation-worktrees/wt_T60-RC12-ios-the-touch-target-minimum-vanish/ios/Packages/GodstoneFoundation/Sources/GodstoneMesh/MessageStore.swift:4120:16: [1;33mwarning: [1;39mresult of call to function returning 'Int32' is unused[0;0m [#]8;;https://docs.swift.org/compiler/documentation/diagnostics/no-usage\NoUsage]8;;\]
[0;36m4118 |[0;0m             }
[0;36m4119 |[0;0m             defer { fn.finalize(stmt) }
[0;36m4120 |[0;0m             fn.bindInt(stmt, 1, bound)
     [0;36m|[0;0m                `- [1;33mwarning: [1;39mresult of call to function returning 'Int32' is unused[0;0m [#]8;;https://docs.swift.org/compiler/documentation/diagnostics/no-usage\NoUsage]8;;\]
[0;36m4121 |[0;0m             var out: [AckFrameRowView] = []
[0;36m4122 |[0;0m             while fn.step(stmt) == SQLITE_ROW {

/Users/oculus/.cache/godstone-mutation-worktrees/wt_T60-RC12-ios-the-touch-target-minimum-vanish/ios/Packages/GodstoneFoundation/Sources/GodstoneMesh/MessageStore.swift:4119:24: [1;33mwarning: [1;39mresult of call to function returning 'Int32' is unused[0;0m [#]8;;https://docs.swift.org/compiler/documentation/diagnostics/no-usage\NoUsage]8;;\]
[0;36m4117 |[0;0m                 fn.finalize(stmt); throw StoreError.prepareFailed
[0;36m4118 |[0;0m             }
[0;36m4119 |[0;0m             defer { fn.finalize(stmt) }
     [0;36m|[0;0m                        `- [1;33mwarning: [1;39mresult of call to function returning 'Int32' is unused[0;0m [#]8;;https://docs.swift.org/compiler/documentation/diagnostics/no-usage\NoUsage]8;;\]
[0;36m4120 |[0;0m             fn.bindInt(stmt, 1, bound)
[0;36m4121 |[0;0m             var out: [AckFrameRowView] = []

/Users/oculus/.cache/godstone-mutation-worktrees/wt_T60-RC12-ios-the-touch-target-minimum-vanish/ios/Packages/GodstoneFoundation/Sources/GodstoneMesh/MessageStore.swift:4142:20: [1;33mwarning: [1;39mresult of call to function returning 'Int32' is unused[0;0m [#]8;;https://docs.swift.org/compiler/documentation/diagnostics/no-usage\NoUsage]8;;\]
[0;36m4140 |[0;0m             var stmt: OpaquePointer?
[0;36m4141 |[0;0m             guard fn.prepareV2(db, StoreSchema.debitAckFrameSql, -1, &stmt, nil) == SQLITE_OK else {
[0;36m4142 |[0;0m                 fn.finalize(stmt); throw StoreError.prepareFailed
     [0;36m|[0;0m                    `- [1;33mwarning: [1;39mresult of call to function returning 'Int32' is unused[0;0m [#]8;;https://docs.swift.org/compiler/documentation/diagnostics/no-usage\NoUsage]8;;\]
[0;36m4143 |[0;0m             }
[0;36m4144 |[0;0m             defer { fn.finalize(stmt) }

/Users/oculus/.cache/godstone-mutation-worktrees/wt_T60-RC12-ios-the-touch-target-minimum-vanish/ios/Packages/GodstoneFoundation/Sources/GodstoneMesh/MessageStore.swift:4145:16: [1;33mwarning: [1;39mresult of call to function returning 'Int32' is unused[0;0m [#]8;;https://docs.swift.org/compiler/documentation/diagnostics/no-usage\NoUsage]8;;\]
[0;36m4143 |[0;0m             }
[0;36m4144 |[0;0m             defer { fn.finalize(stmt) }
[0;36m4145 |[0;0m             fn.bindInt64(stmt, 1, remainingLifetimeMs)
     [0;36m|[0;0m                `- [1;33mwarning: [1;39mresult of call to function returning 'Int32' is unused[0;0m [#]8;;https://docs.swift.org/compiler/documentation/diagnostics/no-usage\NoUsage]8;;\]
[0;36m4146 |[0;0m             bindBlob(stmt, 2, ackKey)
[0;36m4147 |[0;0m             fn.bindInt64(stmt, 3, remainingLifetimeMs)

/Users/oculus/.cache/godstone-mutation-worktrees/wt_T60-RC12-ios-the-touch-target-minimum-vanish/ios/Packages/GodstoneFoundation/Sources/GodstoneMesh/MessageStore.swift:4147:16: [1;33mwarning: [1;39mresult of call to function returning 'Int32' is unused[0;0m [#]8;;https://docs.swift.org/compiler/documentation/diagnostics/no-usage\NoUsage]8;;\]
[0;36m4145 |[0;0m             fn.bindInt64(stmt, 1, remainingLifetimeMs)
[0;36m4146 |[0;0m             bindBlob(stmt, 2, ackKey)
[0;36m4147 |[0;0m             fn.bindInt64(stmt, 3, remainingLifetimeMs)
     [0;36m|[0;0m                `- [1;33mwarning: [1;39mresult of call to function returning 'Int32' is unused[0;0m [#]8;;https://docs.swift.org/compiler/documentation/diagnostics/no-usage\NoUsage]8;;\]
[0;36m4148 |[0;0m             guard fn.step(stmt) == SQLITE_DONE else { throw StoreError.stepFailed }
[0;36m4149 |[0;0m             return fn.changes(db) > 0

/Users/oculus/.cache/godstone-mutation-worktrees/wt_T60-RC12-ios-the-touch-target-minimum-vanish/ios/Packages/GodstoneFoundation/Sources/GodstoneMesh/MessageStore.swift:4144:24: [1;33mwarning: [1;39mresult of call to function returning 'Int32' is unused[0;0m [#]8;;https://docs.swift.org/compiler/documentation/diagnostics/no-usage\NoUsage]8;;\]
[0;36m4142 |[0;0m                 fn.finalize(stmt); throw StoreError.prepareFailed
[0;36m4143 |[0;0m             }
[0;36m4144 |[0;0m             defer { fn.finalize(stmt) }
     [0;36m|[0;0m                        `- [1;33mwarning: [1;39mresult of call to function returning 'Int32' is unused[0;0m [#]8;;https://docs.swift.org/compiler/documentation/diagnostics/no-usage\NoUsage]8;;\]
[0;36m4145 |[0;0m             fn.bindInt64(stmt, 1, remainingLifetimeMs)
[0;36m4146 |[0;0m             bindBlob(stmt, 2, ackKey)

/Users/oculus/.cache/godstone-mutation-worktrees/wt_T60-RC12-ios-the-touch-target-minimum-vanish/ios/Packages/GodstoneFoundation/Sources/GodstoneMesh/MessageStore.swift:4157:20: [1;33mwarning: [1;39mresult of call to function returning 'Int32' is unused[0;0m [#]8;;https://docs.swift.org/compiler/documentation/diagnostics/no-usage\NoUsage]8;;\]
[0;36m4155 |[0;0m             var stmt: OpaquePointer?
[0;36m4156 |[0;0m             guard fn.prepareV2(db, StoreSchema.deleteAckFrameSql, -1, &stmt, nil) == SQLITE_OK else {
[0;36m4157 |[0;0m                 fn.finalize(stmt); throw StoreError.prepareFailed
     [0;36m|[0;0m                    `- [1;33mwarning: [1;39mresult of call to function returning 'Int32' is unused[0;0m [#]8;;https://docs.swift.org/compiler/documentation/diagnostics/no-usage\NoUsage]8;;\]
[0;36m4158 |[0;0m             }
[0;36m4159 |[0;0m             defer { fn.finalize(stmt) }

/Users/oculus/.cache/godstone-mutation-worktrees/wt_T60-RC12-ios-the-touch-target-minimum-vanish/ios/Packages/GodstoneFoundation/Sources/GodstoneMesh/MessageStore.swift:4159:24: [1;33mwarning: [1;39mresult of call to function returning 'Int32' is unused[0;0m [#]8;;https://docs.swift.org/compiler/documentation/diagnostics/no-usage\NoUsage]8;;\]
[0;36m4157 |[0;0m                 fn.finalize(stmt); throw StoreError.prepareFailed
[0;36m4158 |[0;0m             }
[0;36m4159 |[0;0m             defer { fn.finalize(stmt) }
     [0;36m|[0;0m                        `- [1;33mwarning: [1;39mresult of call to function returning 'Int32' is unused[0;0m [#]8;;https://docs.swift.org/compiler/documentation/diagnostics/no-usage\NoUsage]8;;\]
[0;36m4160 |[0;0m             bindBlob(stmt, 1, ackKey)
[0;36m4161 |[0;0m             guard fn.step(stmt) == SQLITE_DONE else { throw StoreError.stepFailed }

/Users/oculus/.cache/godstone-mutation-worktrees/wt_T60-RC12-ios-the-touch-target-minimum-vanish/ios/Packages/GodstoneFoundation/Sources/GodstoneMesh/MessageStore.swift:4170:20: [1;33mwarning: [1;39mresult of call to function returning 'Int32' is unused[0;0m [#]8;;https://docs.swift.org/compiler/documentation/diagnostics/no-usage\NoUsage]8;;\]
[0;36m4168 |[0;0m             var stmt: OpaquePointer?
[0;36m4169 |[0;0m             guard fn.prepareV2(db, StoreSchema.countAckFrameFromPeerSql, -1, &stmt, nil) == SQLITE_OK else {
[0;36m4170 |[0;0m                 fn.finalize(stmt); throw StoreError.prepareFailed
     [0;36m|[0;0m                    `- [1;33mwarning: [1;39mresult of call to function returning 'Int32' is unused[0;0m [#]8;;https://docs.swift.org/compiler/documentation/diagnostics/no-usage\NoUsage]8;;\]
[0;36m4171 |[0;0m             }
[0;36m4172 |[0;0m             defer { fn.finalize(stmt) }

/Users/oculus/.cache/godstone-mutation-worktrees/wt_T60-RC12-ios-the-touch-target-minimum-vanish/ios/Packages/GodstoneFoundation/Sources/GodstoneMesh/MessageStore.swift:4172:24: [1;33mwarning: [1;39mresult of call to function returning 'Int32' is unused[0;0m [#]8;;https://docs.swift.org/compiler/documentation/diagnostics/no-usage\NoUsage]8;;\]
[0;36m4170 |[0;0m                 fn.finalize(stmt); throw StoreError.prepareFailed
[0;36m4171 |[0;0m             }
[0;36m4172 |[0;0m             defer { fn.finalize(stmt) }
     [0;36m|[0;0m                        `- [1;33mwarning: [1;39mresult of call to function returning 'Int32' is unused[0;0m [#]8;;https://docs.swift.org/compiler/documentation/diagnostics/no-usage\NoUsage]8;;\]
[0;36m4173 |[0;0m             bindBlob(stmt, 1, peer)
[0;36m4174 |[0;0m             guard fn.step(stmt) == SQLITE_ROW else { return 0 }

/Users/oculus/.cache/godstone-mutation-worktrees/wt_T60-RC12-ios-the-touch-target-minimum-vanish/ios/Packages/GodstoneFoundation/Sources/GodstoneMesh/MessageStore.swift:4186:20: [1;33mwarning: [1;39mresult of call to function returning 'Int32' is unused[0;0m [#]8;;https://docs.swift.org/compiler/documentation/diagnostics/no-usage\NoUsage]8;;\]
[0;36m4184 |[0;0m             var presentStmt: OpaquePointer?
[0;36m4185 |[0;0m             guard fn.prepareV2(db, StoreSchema.readAckFrameSql, -1, &presentStmt, nil) == SQLITE_OK else {
[0;36m4186 |[0;0m                 fn.finalize(presentStmt); throw StoreError.prepareFailed
     [0;36m|[0;0m                    `- [1;33mwarning: [1;39mresult of call to function returning 'Int32' is unused[0;0m [#]8;;https://docs.swift.org/compiler/documentation/diagnostics/no-usage\NoUsage]8;;\]
[0;36m4187 |[0;0m             }
[0;36m4188 |[0;0m             defer { fn.finalize(presentStmt) }

/Users/oculus/.cache/godstone-mutation-worktrees/wt_T60-RC12-ios-the-touch-target-minimum-vanish/ios/Packages/GodstoneFoundation/Sources/GodstoneMesh/MessageStore.swift:4194:24: [1;33mwarning: [1;39mresult of call to function returning 'Int32' is unused[0;0m [#]8;;https://docs.swift.org/compiler/documentation/diagnostics/no-usage\NoUsage]8;;\]
[0;36m4192 |[0;0m                 var pairStmt: OpaquePointer?
[0;36m4193 |[0;0m                 guard fn.prepareV2(db, StoreSchema.countAckFrameForPairSql, -1, &pairStmt, nil) == SQLITE_OK else {
[0;36m4194 |[0;0m                     fn.finalize(pairStmt); throw StoreError.prepareFailed
     [0;36m|[0;0m                        `- [1;33mwarning: [1;39mresult of call to function returning 'Int32' is unused[0;0m [#]8;;https://docs.swift.org/compiler/documentation/diagnostics/no-usage\NoUsage]8;;\]
[0;36m4195 |[0;0m                 }
[0;36m4196 |[0;0m                 defer { fn.finalize(pairStmt) }

/Users/oculus/.cache/godstone-mutation-worktrees/wt_T60-RC12-ios-the-touch-target-minimum-vanish/ios/Packages/GodstoneFoundation/Sources/GodstoneMesh/MessageStore.swift:4203:24: [1;33mwarning: [1;39mresult of call to function returning 'Int32' is unused[0;0m [#]8;;https://docs.swift.org/compiler/documentation/diagnostics/no-usage\NoUsage]8;;\]
[0;36m4201 |[0;0m                 var totalStmt: OpaquePointer?
[0;36m4202 |[0;0m                 guard fn.prepareV2(db, StoreSchema.countAckFrameTotalSql, -1, &totalStmt, nil) == SQLITE_OK else {
[0;36m4203 |[0;0m                     fn.finalize(totalStmt); throw StoreError.prepareFailed
     [0;36m|[0;0m                        `- [1;33mwarning: [1;39mresult of call to function returning 'Int32' is unused[0;0m [#]8;;https://docs.swift.org/compiler/documentation/diagnostics/no-usage\NoUsage]8;;\]
[0;36m4204 |[0;0m                 }
[0;36m4205 |[0;0m                 defer { fn.finalize(totalStmt) }

/Users/oculus/.cache/godstone-mutation-worktrees/wt_T60-RC12-ios-the-touch-target-minimum-vanish/ios/Packages/GodstoneFoundation/Sources/GodstoneMesh/MessageStore.swift:4188:24: [1;33mwarning: [1;39mresult of call to function returning 'Int32' is unused[0;0m [#]8;;https://docs.swift.org/compiler/documentation/diagnostics/no-usage\NoUsage]8;;\]
[0;36m4186 |[0;0m                 fn.finalize(presentStmt); throw StoreError.prepareFailed
[0;36m4187 |[0;0m             }
[0;36m4188 |[0;0m             defer { fn.finalize(presentStmt) }
     [0;36m|[0;0m                        `- [1;33mwarning: [1;39mresult of call to function returning 'Int32' is unused[0;0m [#]8;;https://docs.swift.org/compiler/documentation/diagnostics/no-usage\NoUsage]8;;\]
[0;36m4189 |[0;0m             bindBlob(presentStmt, 1, row.ackKey)
[0;36m4190 |[0;0m             let present = fn.step(presentStmt) == SQLITE_ROW

/Users/oculus/.cache/godstone-mutation-worktrees/wt_T60-RC12-ios-the-touch-target-minimum-vanish/ios/Packages/GodstoneFoundation/Sources/GodstoneMesh/MessageStore.swift:4196:28: [1;33mwarning: [1;39mresult of call to function returning 'Int32' is unused[0;0m [#]8;;https://docs.swift.org/compiler/documentation/diagnostics/no-usage\NoUsage]8;;\]
[0;36m4194 |[0;0m                     fn.finalize(pairStmt); throw StoreError.prepareFailed
[0;36m4195 |[0;0m                 }
[0;36m4196 |[0;0m                 defer { fn.finalize(pairStmt) }
     [0;36m|[0;0m                            `- [1;33mwarning: [1;39mresult of call to function returning 'Int32' is unused[0;0m [#]8;;https://docs.swift.org/compiler/documentation/diagnostics/no-usage\NoUsage]8;;\]
[0;36m4197 |[0;0m                 bindBlob(pairStmt, 1, row.msgId)
[0;36m4198 |[0;0m                 bindBlob(pairStmt, 2, row.recipientNodeId)

/Users/oculus/.cache/godstone-mutation-worktrees/wt_T60-RC12-ios-the-touch-target-minimum-vanish/ios/Packages/GodstoneFoundation/Sources/GodstoneMesh/MessageStore.swift:4205:28: [1;33mwarning: [1;39mresult of call to function returning 'Int32' is unused[0;0m [#]8;;https://docs.swift.org/compiler/documentation/diagnostics/no-usage\NoUsage]8;;\]
[0;36m4203 |[0;0m                     fn.finalize(totalStmt); throw StoreError.prepareFailed
[0;36m4204 |[0;0m                 }
[0;36m4205 |[0;0m                 defer { fn.finalize(totalStmt) }
     [0;36m|[0;0m                            `- [1;33mwarning: [1;39mresult of call to function returning 'Int32' is unused[0;0m [#]8;;https://docs.swift.org/compiler/documentation/diagnostics/no-usage\NoUsage]8;;\]
[0;36m4206 |[0;0m                 let total = fn.step(totalStmt) == SQLITE_ROW ? Int(fn.columnInt(totalStmt, 0)) : 0
[0;36m4207 |[0;0m                 if total >= ackCandidatesTotalLimit { return .refusedQuotaGlobal }

/Users/oculus/.cache/godstone-mutation-worktrees/wt_T60-RC12-ios-the-touch-target-minimum-vanish/ios/Packages/GodstoneFoundation/Sources/GodstoneMesh/NoiseSession.swift:350:16: [1;33mwarning: [1;39mvalue 'reason' was defined but never used; consider replacing with boolean test[0;0m [#]8;;https://docs.swift.org/compiler/documentation/diagnostics/no-usage\NoUsage]8;;\]
[0;36m348 |[0;0m     public func openWithResult(_ ciphertext: Data) throws -> CryptoOpenResult {
[0;36m349 |[0;0m         guard let key = receiveKey else { throw MeshError.handshakeFailed }
[0;36m350 |[0;0m         if let reason = enforceReceiveBudget() {
    [0;36m|[0;0m                `- [1;33mwarning: [1;39mvalue 'reason' was defined but never used; consider replacing with boolean test[0;0m [#]8;;https://docs.swift.org/compiler/documentation/diagnostics/no-usage\NoUsage]8;;\]
[0;36m351 |[0;0m             return .expired
[0;36m352 |[0;0m         }

[#NoUsage]: <https://docs.swift.org/compiler/documentation/diagnostics/no-usage>
/Users/oculus/.cache/godstone-mutation-worktrees/wt_T60-RC12-ios-the-touch-target-minimum-vanish/ios/Packages/GodstoneFoundation/Tests/GodstoneCoreTests/GsFinal007SearchReturnTests.swift:47:18: [1;33mwarning: [1;39minstance method 'lock' is unavailable from asynchronous contexts; Use async-safe scoped locking instead; this is an error in the Swift 6 language mode[0;0m
 [0;36m45 |[0;0m         switch request {
 [0;36m46 |[0;0m         case .browse:
 [0;36m47 |[0;0m             lock.lock(); browseCalls += 1; lock.unlock()
    [0;36m|[0;0m                  `- [1;33mwarning: [1;39minstance method 'lock' is unavailable from asynchronous contexts; Use async-safe scoped locking instead; this is an error in the Swift 6 language mode[0;0m
 [0;36m48 |[0;0m             return .documents(browseRows ?? [document])
 [0;36m49 |[0;0m         case .search(let phrase):

/Applications/Xcode.app/Contents/Developer/Platforms/MacOSX.platform/Developer/SDKs/MacOSX27.0.sdk/System/Library/Frameworks/Foundation.framework/Headers/NSLock.h:15:1: [1;39mnote: [1;39m'lock()' declared here[0;0m
 [0;36m13 |[0;0m 
 [0;36m14 |[0;0m /// Attempts to acquire a lock, blocking a thread's execution until the lock can be acquired.
 [0;36m15 |[0;0m - (void)lock NS_SWIFT_UNAVAILABLE_FROM_ASYNC("Use async-safe scoped locking instead");
    [0;36m|[0;0m `- [1;39mnote: [1;39m'lock()' declared here[0;0m
 [0;36m16 |[0;0m 
 [0;36m17 |[0;0m /// Relinquishes a previously acquired lock.

/Users/oculus/.cache/godstone-mutation-worktrees/wt_T60-RC12-ios-the-touch-target-minimum-vanish/ios/Packages/GodstoneFoundation/Tests/GodstoneCoreTests/GsFinal007SearchReturnTests.swift:47:49: [1;33mwarning: [1;39minstance method 'unlock' is unavailable from asynchronous contexts; Use async-safe scoped locking instead; this is an error in the Swift 6 language mode[0;0m
 [0;36m45 |[0;0m         switch request {
 [0;36m46 |[0;0m         case .browse:
 [0;36m47 |[0;0m             lock.lock(); browseCalls += 1; lock.unlock()
    [0;36m|[0;0m                                                 `- [1;33mwarning: [1;39minstance method 'unlock' is unavailable from asynchronous contexts; Use async-safe scoped locking instead; this is an error in the Swift 6 language mode[0;0m
 [0;36m48 |[0;0m             return .documents(browseRows ?? [document])
 [0;36m49 |[0;0m         case .search(let phrase):

/Applications/Xcode.app/Contents/Developer/Platforms/MacOSX.platform/Developer/SDKs/MacOSX27.0.sdk/System/Library/Frameworks/Foundation.framework/Headers/NSLock.h:18:1: [1;39mnote: [1;39m'unlock()' declared here[0;0m
 [0;36m16 |[0;0m 
 [0;36m17 |[0;0m /// Relinquishes a previously acquired lock.
 [0;36m18 |[0;0m - (void)unlock NS_SWIFT_UNAVAILABLE_FROM_ASYNC("Use async-safe scoped locking instead");
    [0;36m|[0;0m `- [1;39mnote: [1;39m'unlock()' declared here[0;0m
 [0;36m19 |[0;0m 
 [0;36m20 |[0;0m @end

/Users/oculus/.cache/godstone-mutation-worktrees/wt_T60-RC12-ios-the-touch-target-minimum-vanish/ios/Packages/GodstoneFoundation/Tests/GodstoneCoreTests/GsFinal007SearchReturnTests.swift:50:18: [1;33mwarning: [1;39minstance method 'lock' is unavailable from asynchronous contexts; Use async-safe scoped locking instead; this is an error in the Swift 6 language mode[0;0m
 [0;36m48 |[0;0m             return .documents(browseRows ?? [document])
 [0;36m49 |[0;0m         case .search(let phrase):
 [0;36m50 |[0;0m             lock.lock()
    [0;36m|[0;0m                  `- [1;33mwarning: [1;39minstance method 'lock' is unavailable from asynchronous contexts; Use async-safe scoped locking instead; this is an error in the Swift 6 language mode[0;0m
 [0;36m51 |[0;0m             searched.append(phrase)
 [0;36m52 |[0;0m             let answer = searchAnswers.isEmpty ? hitsForSearch : searchAnswers.removeFirst()

/Applications/Xcode.app/Contents/Developer/Platforms/MacOSX.platform/Developer/SDKs/MacOSX27.0.sdk/System/Library/Frameworks/Foundation.framework/Headers/NSLock.h:15:1: [1;39mnote: [1;39m'lock()' declared here[0;0m
 [0;36m13 |[0;0m 
 [0;36m14 |[0;0m /// Attempts to acquire a lock, blocking a thread's execution until the lock can be acquired.
 [0;36m15 |[0;0m - (void)lock NS_SWIFT_UNAVAILABLE_FROM_ASYNC("Use async-safe scoped locking instead");
    [0;36m|[0;0m `- [1;39mnote: [1;39m'lock()' declared here[0;0m
 [0;36m16 |[0;0m 
 [0;36m17 |[0;0m /// Relinquishes a previously acquired lock.

/Users/oculus/.cache/godstone-mutation-worktrees/wt_T60-RC12-ios-the-touch-target-minimum-vanish/ios/Packages/GodstoneFoundation/Tests/GodstoneCoreTests/GsFinal007SearchReturnTests.swift:53:18: [1;33mwarning: [1;39minstance method 'unlock' is unavailable from asynchronous contexts; Use async-safe scoped locking instead; this is an error in the Swift 6 language mode[0;0m
 [0;36m51 |[0;0m             searched.append(phrase)
 [0;36m52 |[0;0m             let answer = searchAnswers.isEmpty ? hitsForSearch : searchAnswers.removeFirst()
 [0;36m53 |[0;0m             lock.unlock()
    [0;36m|[0;0m                  `- [1;33mwarning: [1;39minstance method 'unlock' is unavailable from asynchronous contexts; Use async-safe scoped locking instead; this is an error in the Swift 6 language mode[0;0m
 [0;36m54 |[0;0m             return .passages(answer)
 [0;36m55 |[0;0m         case .document:

/Applications/Xcode.app/Contents/Developer/Platforms/MacOSX.platform/Developer/SDKs/MacOSX27.0.sdk/System/Library/Frameworks/Foundation.framework/Headers/NSLock.h:18:1: [1;39mnote: [1;39m'unlock()' declared here[0;0m
 [0;36m16 |[0;0m 
 [0;36m17 |[0;0m /// Relinquishes a previously acquired lock.
 [0;36m18 |[0;0m - (void)unlock NS_SWIFT_UNAVAILABLE_FROM_ASYNC("Use async-safe scoped locking instead");
    [0;36m|[0;0m `- [1;39mnote: [1;39m'unlock()' declared here[0;0m
 [0;36m19 |[0;0m 
 [0;36m20 |[0;0m @end
[189 / 222] GodstoneCoreTests-product
/Users/oculus/.cache/godstone-mutation-worktrees/wt_T60-RC12-ios-the-touch-target-minimum-vanish/ios/Packages/GodstoneFoundation/Tests/GodstoneCoreTests/OracleSupersessionAndBudgetTests.swift:178:18: [1;33mwarning: [1;39minstance method 'lock' is unavailable from asynchronous contexts; Use async-safe scoped locking instead; this is an error in the Swift 6 language mode[0;0m
[0;36m176 |[0;0m 
[0;36m177 |[0;0m         func retrieve(question: String) async -> RetrievalResult {
[0;36m178 |[0;0m             lock.lock(); _retrieveCount += 1; lock.unlock()
    [0;36m|[0;0m                  `- [1;33mwarning: [1;39minstance method 'lock' is unavailable from asynchronous contexts; Use async-safe scoped locking instead; this is an error in the Swift 6 language mode[0;0m
[0;36m179 |[0;0m             await waitAtGate()
[0;36m180 |[0;0m             return retrievalResult

/Applications/Xcode.app/Contents/Developer/Platforms/MacOSX.platform/Developer/SDKs/MacOSX27.0.sdk/System/Library/Frameworks/Foundation.framework/Headers/NSLock.h:15:1: [1;39mnote: [1;39m'lock()' declared here[0;0m
 [0;36m13 |[0;0m 
 [0;36m14 |[0;0m /// Attempts to acquire a lock, blocking a thread's execution until the lock can be acquired.
 [0;36m15 |[0;0m - (void)lock NS_SWIFT_UNAVAILABLE_FROM_ASYNC("Use async-safe scoped locking instead");
    [0;36m|[0;0m `- [1;39mnote: [1;39m'lock()' declared here[0;0m
 [0;36m16 |[0;0m 
 [0;36m17 |[0;0m /// Relinquishes a previously acquired lock.

/Users/oculus/.cache/godstone-mutation-worktrees/wt_T60-RC12-ios-the-touch-target-minimum-vanish/ios/Packages/GodstoneFoundation/Tests/GodstoneCoreTests/OracleSupersessionAndBudgetTests.swift:178:52: [1;33mwarning: [1;39minstance method 'unlock' is unavailable from asynchronous contexts; Use async-safe scoped locking instead; this is an error in the Swift 6 language mode[0;0m
[0;36m176 |[0;0m 
[0;36m177 |[0;0m         func retrieve(question: String) async -> RetrievalResult {
[0;36m178 |[0;0m             lock.lock(); _retrieveCount += 1; lock.unlock()
    [0;36m|[0;0m                                                    `- [1;33mwarning: [1;39minstance method 'unlock' is unavailable from asynchronous contexts; Use async-safe scoped locking instead; this is an error in the Swift 6 language mode[0;0m
[0;36m179 |[0;0m             await waitAtGate()
[0;36m180 |[0;0m             return retrievalResult

/Applications/Xcode.app/Contents/Developer/Platforms/MacOSX.platform/Developer/SDKs/MacOSX27.0.sdk/System/Library/Frameworks/Foundation.framework/Headers/NSLock.h:18:1: [1;39mnote: [1;39m'unlock()' declared here[0;0m
 [0;36m16 |[0;0m 
 [0;36m17 |[0;0m /// Relinquishes a previously acquired lock.
 [0;36m18 |[0;0m - (void)unlock NS_SWIFT_UNAVAILABLE_FROM_ASYNC("Use async-safe scoped locking instead");
    [0;36m|[0;0m `- [1;39mnote: [1;39m'unlock()' declared here[0;0m
 [0;36m19 |[0;0m 
 [0;36m20 |[0;0m @end

/Users/oculus/.cache/godstone-mutation-worktrees/wt_T60-RC12-ios-the-touch-target-minimum-vanish/ios/Packages/GodstoneFoundation/Tests/GodstoneCoreTests/OracleSupersessionAndBudgetTests.swift:429:14: [1;33mwarning: [1;39mimmutable value 'recorder' was never used; consider replacing with '_' or removing it[0;0m [#]8;;https://docs.swift.org/compiler/documentation/diagnostics/no-usage\NoUsage]8;;\]
[0;36m427 |[0;0m                                     tokens: ["The dose is 50 ml [1]."])
[0;36m428 |[0;0m         let vm = OracleViewModel(pipeline: pipeline)
[0;36m429 |[0;0m         let (recorder, cancellable) = record(vm)
    [0;36m|[0;0m              `- [1;33mwarning: [1;39mimmutable value 'recorder' was never used; consider replacing with '_' or removing it[0;0m [#]8;;https://docs.swift.org/compiler/documentation/diagnostics/no-usage\NoUsage]8;;\]
[0;36m430 |[0;0m         defer { cancellable.cancel() }
[0;36m431 |[0;0m 

/Users/oculus/.cache/godstone-mutation-worktrees/wt_T60-RC12-ios-the-touch-target-minimum-vanish/ios/Packages/GodstoneFoundation/Tests/GodstoneCoreTests/OracleSupersessionAndBudgetTests.swift:514:14: [1;33mwarning: [1;39mimmutable value 'recorder' was never used; consider replacing with '_' or removing it[0;0m [#]8;;https://docs.swift.org/compiler/documentation/diagnostics/no-usage\NoUsage]8;;\]
[0;36m512 |[0;0m                                     tokens: [oversized])
[0;36m513 |[0;0m         let vm = OracleViewModel(pipeline: pipeline, budget: budget)
[0;36m514 |[0;0m         let (recorder, cancellable) = record(vm)
    [0;36m|[0;0m              `- [1;33mwarning: [1;39mimmutable value 'recorder' was never used; consider replacing with '_' or removing it[0;0m [#]8;;https://docs.swift.org/compiler/documentation/diagnostics/no-usage\NoUsage]8;;\]
[0;36m515 |[0;0m         defer { cancellable.cancel() }
[0;36m516 |[0;0m 

/Users/oculus/.cache/godstone-mutation-worktrees/wt_T60-RC12-ios-the-touch-target-minimum-vanish/ios/Packages/GodstoneFoundation/Tests/GodstoneCoreTests/OracleSupersessionAndBudgetTests.swift:533:14: [1;33mwarning: [1;39mimmutable value 'recorder' was never used; consider replacing with '_' or removing it[0;0m [#]8;;https://docs.swift.org/compiler/documentation/diagnostics/no-usage\NoUsage]8;;\]
[0;36m531 |[0;0m                                     tokens: supported.map(String.init), ready: false)
[0;36m532 |[0;0m         let vm = OracleViewModel(pipeline: pipeline)
[0;36m533 |[0;0m         let (recorder, cancellable) = record(vm)
    [0;36m|[0;0m              `- [1;33mwarning: [1;39mimmutable value 'recorder' was never used; consider replacing with '_' or removing it[0;0m [#]8;;https://docs.swift.org/compiler/documentation/diagnostics/no-usage\NoUsage]8;;\]
[0;36m534 |[0;0m         defer { cancellable.cancel() }
[0;36m535 |[0;0m 

[#NoUsage]: <https://docs.swift.org/compiler/documentation/diagnostics/no-usage>
/Users/oculus/.cache/godstone-mutation-worktrees/wt_T60-RC12-ios-the-touch-target-minimum-vanish/ios/Packages/GodstoneFoundation/Tests/GodstoneCoreTests/ReadinessT51Tests.swift:171:57: [1;33mwarning: [1;39mleft side of nil coalescing operator '??' has non-optional type 'String', so the right side is never used[0;0m
[0;36m169 |[0;0m             let rc = sqlite3_exec(db, statement, nil, nil, &err)
[0;36m170 |[0;0m             if rc != SQLITE_OK {
[0;36m171 |[0;0m                 let why = err.map { [4;39mString(cString: $0)[0;0m ?? "?" } ?? "rc \(rc)"
    [0;36m|[0;0m                                                         `- [1;33mwarning: [1;39mleft side of nil coalescing operator '??' has non-optional type 'String', so the right side is never used[0;0m
[0;36m172 |[0;0m                 if let e = err { sqlite3_free(e) }
[0;36m173 |[0;0m                 XCTFail("plant DDL from \(origin) cried on \"\(String(statement.prefix(72)))…\": \(why)")

/Users/oculus/.cache/godstone-mutation-worktrees/wt_T60-RC12-ios-the-touch-target-minimum-vanish/ios/Packages/GodstoneFoundation/Tests/GodstoneCoreTests/ReadinessT51Tests.swift:203:57: [1;33mwarning: [1;39mleft side of nil coalescing operator '??' has non-optional type 'String', so the right side is never used[0;0m
[0;36m201 |[0;0m             let prc = sqlite3_exec(db, sql, nil, nil, &err)
[0;36m202 |[0;0m             if prc != SQLITE_OK {
[0;36m203 |[0;0m                 let why = err.map { [4;39mString(cString: $0)[0;0m ?? "?" } ?? "rc \(prc)"
    [0;36m|[0;0m                                                         `- [1;33mwarning: [1;39mleft side of nil coalescing operator '??' has non-optional type 'String', so the right side is never used[0;0m
[0;36m204 |[0;0m                 if let e = err { sqlite3_free(e) }
[0;36m205 |[0;0m                 XCTFail("plant insert cried: \(why) on \(String(sql.prefix(72)))…")
[196 / 224] GodstoneCoreTests-product
/Users/oculus/.cache/godstone-mutation-worktrees/wt_T60-RC12-ios-the-touch-target-minimum-vanish/ios/Packages/GodstoneFoundation/Tests/GodstoneCoreTests/ReadinessT48Tests.swift:134:69: [1;33mwarning: [1;39mmain actor-isolated static property 'tierName' can not be referenced from a nonisolated context; this is an error in the Swift 6 language mode[0;0m
 [0;36m23 |[0;0m @MainActor
 [0;36m24 |[0;0m final class ReadinessT48Tests: XCTestCase {
 [0;36m25 |[0;0m     private static let tierName = Tier.light.archiveDatabaseName   // archive_light.db
    [0;36m|[0;0m                        `- [1;39mnote: [1;39mstatic property declared here[0;0m
 [0;36m26 |[0;0m 
 [0;36m27 |[0;0m     private var fixturesDirectory: URL {
    [0;36m:[0;0m
[0;36m132 |[0;0m     /// Build (or rebuild) the tier's archive under the application-support
[0;36m133 |[0;0m     /// archives directory, where the production resolver looketh.
[0;36m134 |[0;0m     private func makeArchive(named name: String = ReadinessT48Tests.tierName,
    [0;36m|[0;0m                                                                     `- [1;33mwarning: [1;39mmain actor-isolated static property 'tierName' can not be referenced from a nonisolated context; this is an error in the Swift 6 language mode[0;0m
[0;36m135 |[0;0m                               _ shape: (inout FixtureKnobs) -> Void = { _ in }) throws -> URL {
[0;36m136 |[0;0m         var knobs = FixtureKnobs()

/Users/oculus/.cache/godstone-mutation-worktrees/wt_T60-RC12-ios-the-touch-target-minimum-vanish/ios/Packages/GodstoneFoundation/Tests/GodstoneCoreTests/ReadinessT48Tests.swift:112:57: [1;33mwarning: [1;39mleft side of nil coalescing operator '??' has non-optional type 'String', so the right side is never used[0;0m
[0;36m110 |[0;0m             let rc = sqlite3_exec(db, statement, nil, nil, &err)
[0;36m111 |[0;0m             if rc != SQLITE_OK {
[0;36m112 |[0;0m                 let why = err.map { [4;39mString(cString: $0)[0;0m ?? "?" } ?? "rc \(rc)"
    [0;36m|[0;0m                                                         `- [1;33mwarning: [1;39mleft side of nil coalescing operator '??' has non-optional type 'String', so the right side is never used[0;0m
[0;36m113 |[0;0m                 if let e = err { sqlite3_free(e) }
[0;36m114 |[0;0m                 XCTFail("fixture DDL from \(origin) cried on \"\(String(statement.prefix(72)))…\": \(why)")

/Users/oculus/.cache/godstone-mutation-worktrees/wt_T60-RC12-ios-the-touch-target-minimum-vanish/ios/Packages/GodstoneFoundation/Tests/GodstoneCoreTests/ReadinessT48Tests.swift:233:53: [1;33mwarning: [1;39mleft side of nil coalescing operator '??' has non-optional type 'String', so the right side is never used[0;0m
[0;36m231 |[0;0m         let rc = sqlite3_exec(db, sql, nil, nil, &err)
[0;36m232 |[0;0m         if rc != SQLITE_OK {
[0;36m233 |[0;0m             let why = err.map { [4;39mString(cString: $0)[0;0m ?? "?" } ?? "rc \(rc)"
    [0;36m|[0;0m                                                     `- [1;33mwarning: [1;39mleft side of nil coalescing operator '??' has non-optional type 'String', so the right side is never used[0;0m
[0;36m234 |[0;0m             if let e = err { sqlite3_free(e) }
[0;36m235 |[0;0m             XCTFail("fixture insert cried: \(why) on \(String(sql.prefix(72)))…")
/Users/oculus/.cache/godstone-mutation-worktrees/wt_T60-RC12-ios-the-touch-target-minimum-vanish/ios/Packages/GodstoneFoundation/Tests/GodstoneCoreTests/ReadinessT61Tests.swift:215:9: [1;33mwarning: [1;39mvariable 'given' was never mutated; consider changing to 'let' constant[0;0m [#]8;;https://docs.swift.org/compiler/documentation/diagnostics/variable-never-mutated\VariableNeverMutated]8;;\]
[0;36m213 |[0;0m 
[0;36m214 |[0;0m private func t61Chunked(_ bytes: [UInt8], _ measure: Int, _ burst: Int) -> ModelStaging.T61Chunker {
[0;36m215 |[0;0m     var given = bytes
    [0;36m|[0;0m         `- [1;33mwarning: [1;39mvariable 'given' was never mutated; consider changing to 'let' constant[0;0m [#]8;;https://docs.swift.org/compiler/documentation/diagnostics/variable-never-mutated\VariableNeverMutated]8;;\]
[0;36m216 |[0;0m     var at = 0
[0;36m217 |[0;0m     var words = 0

[#VariableNeverMutated]: <https://docs.swift.org/compiler/documentation/diagnostics/variable-never-mutated>
[196 / 224] LabMeshTests-product
/Users/oculus/.cache/godstone-mutation-worktrees/wt_T60-RC12-ios-the-touch-target-minimum-vanish/ios/Packages/GodstoneFoundation/Tests/GodstoneCoreTests/ReadinessT50Tests.swift:224:69: [1;33mwarning: [1;39mmain actor-isolated static property 'tierName' can not be referenced from a nonisolated context; this is an error in the Swift 6 language mode[0;0m
 [0;36m114 |[0;0m @MainActor
 [0;36m115 |[0;0m final class ReadinessT50Tests: XCTestCase {
 [0;36m116 |[0;0m     private static let tierName = Tier.light.archiveDatabaseName   // archive_light.db
     [0;36m|[0;0m                        `- [1;39mnote: [1;39mstatic property declared here[0;0m
 [0;36m117 |[0;0m 
 [0;36m118 |[0;0m     private enum TestError: Error { case fixtureNotFound(String), noSupportDirectory }
     [0;36m:[0;0m
 [0;36m222 |[0;0m 
 [0;36m223 |[0;0m     /// Build (or rebuild) the tier's archive under the resolver's eye.
 [0;36m224 |[0;0m     private func makeArchive(named name: String = ReadinessT50Tests.tierName,
     [0;36m|[0;0m                                                                     `- [1;33mwarning: [1;39mmain actor-isolated static property 'tierName' can not be referenced from a nonisolated context; this is an error in the Swift 6 language mode[0;0m
 [0;36m225 |[0;0m                              _ shape: (inout FixtureKnobs) -> Void = { _ in }) throws -> URL {
 [0;36m226 |[0;0m         var knobs = FixtureKnobs()

/Users/oculus/.cache/godstone-mutation-worktrees/wt_T60-RC12-ios-the-touch-target-minimum-vanish/ios/Packages/GodstoneFoundation/Tests/GodstoneCoreTests/ReadinessT50Tests.swift:79:18: [1;33mwarning: [1;39minstance method 'lock' is unavailable from asynchronous contexts; Use async-safe scoped locking instead; this is an error in the Swift 6 language mode[0;0m
  [0;36m77 |[0;0m         switch request {
  [0;36m78 |[0;0m         case .browse:
  [0;36m79 |[0;0m             lock.lock(); listCalls += 1; lock.unlock()
     [0;36m|[0;0m                  `- [1;33mwarning: [1;39minstance method 'lock' is unavailable from asynchronous contexts; Use async-safe scoped locking instead; this is an error in the Swift 6 language mode[0;0m
  [0;36m80 |[0;0m             if failList { throw ArchiveError.queryFailed("no such table: documents") }
  [0;36m81 |[0;0m             return .documents([guide])

/Applications/Xcode.app/Contents/Developer/Platforms/MacOSX.platform/Developer/SDKs/MacOSX27.0.sdk/System/Library/Frameworks/Foundation.framework/Headers/NSLock.h:15:1: [1;39mnote: [1;39m'lock()' declared here[0;0m
 [0;36m13 |[0;0m 
 [0;36m14 |[0;0m /// Attempts to acquire a lock, blocking a thread's execution until the lock can be acquired.
 [0;36m15 |[0;0m - (void)lock NS_SWIFT_UNAVAILABLE_FROM_ASYNC("Use async-safe scoped locking instead");
    [0;36m|[0;0m `- [1;39mnote: [1;39m'lock()' declared here[0;0m
 [0;36m16 |[0;0m 
 [0;36m17 |[0;0m /// Relinquishes a previously acquired lock.

/Users/oculus/.cache/godstone-mutation-worktrees/wt_T60-RC12-ios-the-touch-target-minimum-vanish/ios/Packages/GodstoneFoundation/Tests/GodstoneCoreTests/ReadinessT50Tests.swift:79:47: [1;33mwarning: [1;39minstance method 'unlock' is unavailable from asynchronous contexts; Use async-safe scoped locking instead; this is an error in the Swift 6 language mode[0;0m
  [0;36m77 |[0;0m         switch request {
  [0;36m78 |[0;0m         case .browse:
  [0;36m79 |[0;0m             lock.lock(); listCalls += 1; lock.unlock()
     [0;36m|[0;0m                                               `- [1;33mwarning: [1;39minstance method 'unlock' is unavailable from asynchronous contexts; Use async-safe scoped locking instead; this is an error in the Swift 6 language mode[0;0m
  [0;36m80 |[0;0m             if failList { throw ArchiveError.queryFailed("no such table: documents") }
  [0;36m81 |[0;0m             return .documents([guide])

/Applications/Xcode.app/Contents/Developer/Platforms/MacOSX.platform/Developer/SDKs/MacOSX27.0.sdk/System/Library/Frameworks/Foundation.framework/Headers/NSLock.h:18:1: [1;39mnote: [1;39m'unlock()' declared here[0;0m
 [0;36m16 |[0;0m 
 [0;36m17 |[0;0m /// Relinquishes a previously acquired lock.
 [0;36m18 |[0;0m - (void)unlock NS_SWIFT_UNAVAILABLE_FROM_ASYNC("Use async-safe scoped locking instead");
    [0;36m|[0;0m `- [1;39mnote: [1;39m'unlock()' declared here[0;0m
 [0;36m19 |[0;0m 
 [0;36m20 |[0;0m @end

/Users/oculus/.cache/godstone-mutation-worktrees/wt_T60-RC12-ios-the-touch-target-minimum-vanish/ios/Packages/GodstoneFoundation/Tests/GodstoneCoreTests/ReadinessT50Tests.swift:83:18: [1;33mwarning: [1;39minstance method 'lock' is unavailable from asynchronous contexts; Use async-safe scoped locking instead; this is an error in the Swift 6 language mode[0;0m
  [0;36m81 |[0;0m             return .documents([guide])
  [0;36m82 |[0;0m         case .search(let phrase):
  [0;36m83 |[0;0m             lock.lock(); searchCalls += 1; searched.append(phrase); lock.unlock()
     [0;36m|[0;0m                  `- [1;33mwarning: [1;39minstance method 'lock' is unavailable from asynchronous contexts; Use async-safe scoped locking instead; this is an error in the Swift 6 language mode[0;0m
  [0;36m84 |[0;0m             if isPaused(phrase) {
  [0;36m85 |[0;0m                 return try await withCheckedThrowingContinuation { (k: CheckedContinuation<ArchivePage, Error>) in

/Applications/Xcode.app/Contents/Developer/Platforms/MacOSX.platform/Developer/SDKs/MacOSX27.0.sdk/System/Library/Frameworks/Foundation.framework/Headers/NSLock.h:15:1: [1;39mnote: [1;39m'lock()' declared here[0;0m
 [0;36m13 |[0;0m 
 [0;36m14 |[0;0m /// Attempts to acquire a lock, blocking a thread's execution until the lock can be acquired.
 [0;36m15 |[0;0m - (void)lock NS_SWIFT_UNAVAILABLE_FROM_ASYNC("Use async-safe scoped locking instead");
    [0;36m|[0;0m `- [1;39mnote: [1;39m'lock()' declared here[0;0m
 [0;36m16 |[0;0m 
 [0;36m17 |[0;0m /// Relinquishes a previously acquired lock.

/Users/oculus/.cache/godstone-mutation-worktrees/wt_T60-RC12-ios-the-touch-target-minimum-vanish/ios/Packages/GodstoneFoundation/Tests/GodstoneCoreTests/ReadinessT50Tests.swift:83:74: [1;33mwarning: [1;39minstance method 'unlock' is unavailable from asynchronous contexts; Use async-safe scoped locking instead; this is an error in the Swift 6 language mode[0;0m
  [0;36m81 |[0;0m             return .documents([guide])
  [0;36m82 |[0;0m         case .search(let phrase):
  [0;36m83 |[0;0m             lock.lock(); searchCalls += 1; searched.append(phrase); lock.unlock()
     [0;36m|[0;0m                                                                          `- [1;33mwarning: [1;39minstance method 'unlock' is unavailable from asynchronous contexts; Use async-safe scoped locking instead; this is an error in the Swift 6 language mode[0;0m
  [0;36m84 |[0;0m             if isPaused(phrase) {
  [0;36m85 |[0;0m                 return try await withCheckedThrowingContinuation { (k: CheckedContinuation<ArchivePage, Error>) in

/Applications/Xcode.app/Contents/Developer/Platforms/MacOSX.platform/Developer/SDKs/MacOSX27.0.sdk/System/Library/Frameworks/Foundation.framework/Headers/NSLock.h:18:1: [1;39mnote: [1;39m'unlock()' declared here[0;0m
 [0;36m16 |[0;0m 
 [0;36m17 |[0;0m /// Relinquishes a previously acquired lock.
 [0;36m18 |[0;0m - (void)unlock NS_SWIFT_UNAVAILABLE_FROM_ASYNC("Use async-safe scoped locking instead");
    [0;36m|[0;0m `- [1;39mnote: [1;39m'unlock()' declared here[0;0m
 [0;36m19 |[0;0m 
 [0;36m20 |[0;0m @end

/Users/oculus/.cache/godstone-mutation-worktrees/wt_T60-RC12-ios-the-touch-target-minimum-vanish/ios/Packages/GodstoneFoundation/Tests/GodstoneCoreTests/ReadinessT50Tests.swift:97:18: [1;33mwarning: [1;39minstance method 'lock' is unavailable from asynchronous contexts; Use async-safe scoped locking instead; this is an error in the Swift 6 language mode[0;0m
  [0;36m95 |[0;0m             return .passages(searchBlock?(phrase) ?? [first])
  [0;36m96 |[0;0m         case .document(let id):
  [0;36m97 |[0;0m             lock.lock(); passageCalls += 1; lock.unlock()
     [0;36m|[0;0m                  `- [1;33mwarning: [1;39minstance method 'lock' is unavailable from asynchronous contexts; Use async-safe scoped locking instead; this is an error in the Swift 6 language mode[0;0m
  [0;36m98 |[0;0m             if failPassages { throw ArchiveError.queryFailed("prepare: no such column: c.text") }
  [0;36m99 |[0;0m             if id != 7 { return .passages([]) }

/Applications/Xcode.app/Contents/Developer/Platforms/MacOSX.platform/Developer/SDKs/MacOSX27.0.sdk/System/Library/Frameworks/Foundation.framework/Headers/NSLock.h:15:1: [1;39mnote: [1;39m'lock()' declared here[0;0m
 [0;36m13 |[0;0m 
 [0;36m14 |[0;0m /// Attempts to acquire a lock, blocking a thread's execution until the lock can be acquired.
 [0;36m15 |[0;0m - (void)lock NS_SWIFT_UNAVAILABLE_FROM_ASYNC("Use async-safe scoped locking instead");
    [0;36m|[0;0m `- [1;39mnote: [1;39m'lock()' declared here[0;0m
 [0;36m16 |[0;0m 
 [0;36m17 |[0;0m /// Relinquishes a previously acquired lock.

/Users/oculus/.cache/godstone-mutation-worktrees/wt_T60-RC12-ios-the-touch-target-minimum-vanish/ios/Packages/GodstoneFoundation/Tests/GodstoneCoreTests/ReadinessT50Tests.swift:97:50: [1;33mwarning: [1;39minstance method 'unlock' is unavailable from asynchronous contexts; Use async-safe scoped locking instead; this is an error in the Swift 6 language mode[0;0m
  [0;36m95 |[0;0m             return .passages(searchBlock?(phrase) ?? [first])
  [0;36m96 |[0;0m         case .document(let id):
  [0;36m97 |[0;0m             lock.lock(); passageCalls += 1; lock.unlock()
     [0;36m|[0;0m                                                  `- [1;33mwarning: [1;39minstance method 'unlock' is unavailable from asynchronous contexts; Use async-safe scoped locking instead; this is an error in the Swift 6 language mode[0;0m
  [0;36m98 |[0;0m             if failPassages { throw ArchiveError.queryFailed("prepare: no such column: c.text") }
  [0;36m99 |[0;0m             if id != 7 { return .passages([]) }

/Applications/Xcode.app/Contents/Developer/Platforms/MacOSX.platform/Developer/SDKs/MacOSX27.0.sdk/System/Library/Frameworks/Foundation.framework/Headers/NSLock.h:18:1: [1;39mnote: [1;39m'unlock()' declared here[0;0m
 [0;36m16 |[0;0m 
 [0;36m17 |[0;0m /// Relinquishes a previously acquired lock.
 [0;36m18 |[0;0m - (void)unlock NS_SWIFT_UNAVAILABLE_FROM_ASYNC("Use async-safe scoped locking instead");
    [0;36m|[0;0m `- [1;39mnote: [1;39m'unlock()' declared here[0;0m
 [0;36m19 |[0;0m 
 [0;36m20 |[0;0m @end

/Users/oculus/.cache/godstone-mutation-worktrees/wt_T60-RC12-ios-the-touch-target-minimum-vanish/ios/Packages/GodstoneFoundation/Tests/GodstoneCoreTests/ReadinessT50Tests.swift:200:57: [1;33mwarning: [1;39mleft side of nil coalescing operator '??' has non-optional type 'String', so the right side is never used[0;0m
 [0;36m198 |[0;0m             let rc = sqlite3_exec(db, statement, nil, nil, &err)
 [0;36m199 |[0;0m             if rc != SQLITE_OK {
 [0;36m200 |[0;0m                 let why = err.map { [4;39mString(cString: $0)[0;0m ?? "?" } ?? "rc \(rc)"
     [0;36m|[0;0m                                                         `- [1;33mwarning: [1;39mleft side of nil coalescing operator '??' has non-optional type 'String', so the right side is never used[0;0m
 [0;36m201 |[0;0m                 if let e = err { sqlite3_free(e) }
 [0;36m202 |[0;0m                 XCTFail("fixture DDL from \(origin) cried on \"\(String(statement.prefix(72)))…\": \(why)")

/Users/oculus/.cache/godstone-mutation-worktrees/wt_T60-RC12-ios-the-touch-target-minimum-vanish/ios/Packages/GodstoneFoundation/Tests/GodstoneCoreTests/ReadinessT50Tests.swift:212:53: [1;33mwarning: [1;39mleft side of nil coalescing operator '??' has non-optional type 'String', so the right side is never used[0;0m
 [0;36m210 |[0;0m         let rc = sqlite3_exec(db, sql, nil, nil, &err)
 [0;36m211 |[0;0m         if rc != SQLITE_OK {
 [0;36m212 |[0;0m             let why = err.map { [4;39mString(cString: $0)[0;0m ?? "?" } ?? "rc \(rc)"
     [0;36m|[0;0m                                                     `- [1;33mwarning: [1;39mleft side of nil coalescing operator '??' has non-optional type 'String', so the right side is never used[0;0m
 [0;36m213 |[0;0m             if let e = err { sqlite3_free(e) }
 [0;36m214 |[0;0m             XCTFail("fixture insert cried: \(why) on \(String(sql.prefix(72)))…")

/Users/oculus/.cache/godstone-mutation-worktrees/wt_T60-RC12-ios-the-touch-target-minimum-vanish/ios/Packages/GodstoneFoundation/Tests/GodstoneCoreTests/ReadinessT50Tests.swift:579:32: [1;33mwarning: [1;39mimmutable value 'model' was never used; consider replacing with '_' or removing it[0;0m [#]8;;https://docs.swift.org/compiler/documentation/diagnostics/no-usage\NoUsage]8;;\]
 [0;36m577 |[0;0m     func testTheRealRoadProjectethProvenanceFromTheFrozenColumns() async throws {
 [0;36m578 |[0;0m         _ = try makeArchive()
 [0;36m579 |[0;0m         let (archive, library, model, scene) = composeTrio()
     [0;36m|[0;0m                                `- [1;33mwarning: [1;39mimmutable value 'model' was never used; consider replacing with '_' or removing it[0;0m [#]8;;https://docs.swift.org/compiler/documentation/diagnostics/no-usage\NoUsage]8;;\]
 [0;36m580 |[0;0m         await scene.loadDocuments()
 [0;36m581 |[0;0m         await seat(scene)

/Users/oculus/.cache/godstone-mutation-worktrees/wt_T60-RC12-ios-the-touch-target-minimum-vanish/ios/Packages/GodstoneFoundation/Tests/GodstoneCoreTests/ReadinessT50Tests.swift:602:34: [1;33mwarning: [1;39mimmutable value 'model2' was never used; consider replacing with '_' or removing it[0;0m [#]8;;https://docs.swift.org/compiler/documentation/diagnostics/no-usage\NoUsage]8;;\]
 [0;36m600 |[0;0m         // tell Unavailable, and the scene must refuse the empty masquerade
 [0;36m601 |[0;0m         _ = try makeArchive { $0.poisonBodyPages = true }
 [0;36m602 |[0;0m         let (archive2, library2, model2, scene2) = composeTrio()
     [0;36m|[0;0m                                  `- [1;33mwarning: [1;39mimmutable value 'model2' was never used; consider replacing with '_' or removing it[0;0m [#]8;;https://docs.swift.org/compiler/documentation/diagnostics/no-usage\NoUsage]8;;\]
 [0;36m603 |[0;0m         await scene2.loadDocuments()
 [0;36m604 |[0;0m         await seat(scene2)

/Users/oculus/.cache/godstone-mutation-worktrees/wt_T60-RC12-ios-the-touch-target-minimum-vanish/ios/Packages/GodstoneFoundation/Tests/GodstoneCoreTests/ReadinessT50Tests.swift:753:23: [1;33mwarning: [1;39mimmutable value 'library' was never used; consider replacing with '_' or removing it[0;0m [#]8;;https://docs.swift.org/compiler/documentation/diagnostics/no-usage\NoUsage]8;;\]
 [0;36m751 |[0;0m     func testW20TheVisiblePassageIsNotedAndAnAnchorForAnotherDocumentIsRefused() async throws {
 [0;36m752 |[0;0m         _ = try makeArchive()
 [0;36m753 |[0;0m         let (archive, library, _, scene) = composeTrio()
     [0;36m|[0;0m                       `- [1;33mwarning: [1;39mimmutable value 'library' was never used; consider replacing with '_' or removing it[0;0m [#]8;;https://docs.swift.org/compiler/documentation/diagnostics/no-usage\NoUsage]8;;\]
 [0;36m754 |[0;0m         defer { archive.close() }
 [0;36m755 |[0;0m         await scene.loadDocuments()

/Users/oculus/.cache/godstone-mutation-worktrees/wt_T60-RC12-ios-the-touch-target-minimum-vanish/ios/Packages/GodstoneFoundation/Tests/GodstoneCoreTests/ReadinessT50Tests.swift:772:9: [1;33mwarning: [1;39mno 'async' operations occur within 'await' expression[0;0m [#]8;;https://docs.swift.org/compiler/documentation/diagnostics/unnecessary-effect-marker\UnnecessaryEffectMarker]8;;\]
 [0;36m770 |[0;0m         // (2) *** THE DISCRIMINATOR: AN ANCHOR NOTED WHILE NO DOCUMENT STANDS IS REFUSED, because an anchor for
 [0;36m771 |[0;0m         // another document would place the reader at whatever passage happeneth to carrieth that identity. ***
 [0;36m772 |[0;0m         await scene.backToDocuments()
     [0;36m|[0;0m         `- [1;33mwarning: [1;39mno 'async' operations occur within 'await' expression[0;0m [#]8;;https://docs.swift.org/compiler/documentation/diagnostics/unnecessary-effect-marker\UnnecessaryEffectMarker]8;;\]
 [0;36m773 |[0;0m         await seat(scene)
 [0;36m774 |[0;0m         let before = scene.scrollAnchor?.passageId

/Users/oculus/.cache/godstone-mutation-worktrees/wt_T60-RC12-ios-the-touch-target-minimum-vanish/ios/Packages/GodstoneFoundation/Tests/GodstoneCoreTests/ReadinessT50Tests.swift:891:23: [1;33mwarning: [1;39mimmutable value 'library' was never used; consider replacing with '_' or removing it[0;0m [#]8;;https://docs.swift.org/compiler/documentation/diagnostics/no-usage\NoUsage]8;;\]
 [0;36m889 |[0;0m     func testW16TheSceneRecordSurvivethARealPersistenceRoundTrip() async throws {
 [0;36m890 |[0;0m         _ = try makeArchive()
 [0;36m891 |[0;0m         let (archive, library, _, scene) = composeTrio()
     [0;36m|[0;0m                       `- [1;33mwarning: [1;39mimmutable value 'library' was never used; consider replacing with '_' or removing it[0;0m [#]8;;https://docs.swift.org/compiler/documentation/diagnostics/no-usage\NoUsage]8;;\]
 [0;36m892 |[0;0m         defer { archive.close() }
 [0;36m893 |[0;0m         await scene.loadDocuments()

/Users/oculus/.cache/godstone-mutation-worktrees/wt_T60-RC12-ios-the-touch-target-minimum-vanish/ios/Packages/GodstoneFoundation/Tests/GodstoneCoreTests/ReadinessT50Tests.swift:89:17: [1;33mwarning: [1;39mcode after 'return' will never be executed[0;0m
  [0;36m87 |[0;0m                 }
  [0;36m88 |[0;0m                 // resumed by the court; the halt-and-catch below is the elder's fate
  [0;36m89 |[0;0m                 if failSearch {
     [0;36m|[0;0m                 `- [1;33mwarning: [1;39mcode after 'return' will never be executed[0;0m
  [0;36m90 |[0;0m                     throw ArchiveError.queryFailed(
  [0;36m91 |[0;0m                         "SELECT private FROM tables WHERE hidden = 1: prepare 'x' returned 8")

[#NoUsage]: <https://docs.swift.org/compiler/documentation/diagnostics/no-usage>
[#UnnecessaryEffectMarker]: <https://docs.swift.org/compiler/documentation/diagnostics/unnecessary-effect-marker>
[201 / 227] GodstoneMeshTests-product
/Users/oculus/.cache/godstone-mutation-worktrees/wt_T60-RC12-ios-the-touch-target-minimum-vanish/ios/Packages/GodstoneFoundation/Tests/LabMeshTests/LabMeshAppTests.swift:85:24: [1;33mwarning: [1;39mno calls to throwing functions occur within 'try' expression[0;0m [#]8;;https://docs.swift.org/compiler/documentation/diagnostics/unnecessary-effect-marker\UnnecessaryEffectMarker]8;;\]
 [0;36m83 |[0;0m         // over the caller-named medium still findeth EXACTLY THIS intent. Nothing of the authoring runtime is
 [0;36m84 |[0;0m         // consulted -- the medium alone answereth.
 [0;36m85 |[0;0m         let reopened = try SqliteMessageStore(url: storeURL, maxBytes: 64 * 1024 * 1024)
    [0;36m|[0;0m                        `- [1;33mwarning: [1;39mno calls to throwing functions occur within 'try' expression[0;0m [#]8;;https://docs.swift.org/compiler/documentation/diagnostics/unnecessary-effect-marker\UnnecessaryEffectMarker]8;;\]
 [0;36m86 |[0;0m         let journal = SqliteOutboundIntentJournal(store: reopened)
 [0;36m87 |[0;0m         guard case .found = journal.load(intentId) else {

[#UnnecessaryEffectMarker]: <https://docs.swift.org/compiler/documentation/diagnostics/unnecessary-effect-marker>
[210 / 238] LabMeshTests-product
[217 / 238] LabMeshTests-product
[218 / 238] GodstoneMeshTests-product
[218 / 238] LabMeshTests-product
/Users/oculus/.cache/godstone-mutation-worktrees/wt_T60-RC12-ios-the-touch-target-minimum-vanish/ios/Packages/GodstoneFoundation/Tests/GodstoneMeshTests/ReadinessT25Tests.swift:122:13: [1;33mwarning: [1;39mvariable 'b' was never mutated; consider changing to 'let' constant[0;0m [#]8;;https://docs.swift.org/compiler/documentation/diagnostics/variable-never-mutated\VariableNeverMutated]8;;\]
[0;36m120 |[0;0m 
[0;36m121 |[0;0m     private func bloomDigest(_ ids: [Data]) -> Data {
[0;36m122 |[0;0m         var b = BloomDigest()
    [0;36m|[0;0m             `- [1;33mwarning: [1;39mvariable 'b' was never mutated; consider changing to 'let' constant[0;0m [#]8;;https://docs.swift.org/compiler/documentation/diagnostics/variable-never-mutated\VariableNeverMutated]8;;\]
[0;36m123 |[0;0m         for id in ids { b.add(id) }
[0;36m124 |[0;0m         return Data(b.toBytes().prefix(BleLinkInfoConstants.shortDigestBytes))

/Users/oculus/.cache/godstone-mutation-worktrees/wt_T60-RC12-ios-the-touch-target-minimum-vanish/ios/Packages/GodstoneFoundation/Tests/GodstoneMeshTests/ReadinessT27Tests.swift:89:47: [1;33mwarning: [1;39mconverting non-Sendable function value to '@Sendable () -> Int64' may introduce data races[0;0m
 [0;36m87 |[0;0m                 let maxStr = maxToken.split(separator: "=", omittingEmptySubsequences: true).map { String($0) }
 [0;36m88 |[0;0m                 let mx = Int(maxStr[1]) ?? 4096
 [0;36m89 |[0;0m                 gov = PeerGovernor(nowMillis: clock(), maxTrackedPeers: mx)
    [0;36m|[0;0m                                               `- [1;33mwarning: [1;39mconverting non-Sendable function value to '@Sendable () -> Int64' may introduce data races[0;0m
 [0;36m90 |[0;0m                 step = 0
 [0;36m91 |[0;0m                 continue

/Users/oculus/.cache/godstone-mutation-worktrees/wt_T60-RC12-ios-the-touch-target-minimum-vanish/ios/Packages/GodstoneFoundation/Tests/GodstoneMeshTests/ReadinessT27Tests.swift:114:41: [1;33mwarning: [1;39mconverting non-Sendable function value to '@Sendable () -> Int64' may introduce data races[0;0m
[0;36m112 |[0;0m     // (2) bounded cache under Sybil churn: tracked set is capped; a known peer is served
[0;36m113 |[0;0m     func testBoundedCacheHoldsUnderSybilChurn() {
[0;36m114 |[0;0m         let g = PeerGovernor(nowMillis: clock(), maxTrackedPeers: 8)
    [0;36m|[0;0m                                         `- [1;33mwarning: [1;39mconverting non-Sendable function value to '@Sendable () -> Int64' may introduce data races[0;0m
[0;36m115 |[0;0m         var served = 0
[0;36m116 |[0;0m         for k in 0..<12 {

/Users/oculus/.cache/godstone-mutation-worktrees/wt_T60-RC12-ios-the-touch-target-minimum-vanish/ios/Packages/GodstoneFoundation/Tests/GodstoneMeshTests/ReadinessT27Tests.swift:128:41: [1;33mwarning: [1;39mconverting non-Sendable function value to '@Sendable () -> Int64' may introduce data races[0;0m
[0;36m126 |[0;0m     // (3) denial leaves EXISTING trusted peers intact (per-identity isolation)
[0;36m127 |[0;0m     func testDenialLeavesExistingTrustedPeersIntact() {
[0;36m128 |[0;0m         let g = PeerGovernor(nowMillis: clock(), maxTrackedPeers: 64)
    [0;36m|[0;0m                                         `- [1;33mwarning: [1;39mconverting non-Sendable function value to '@Sendable () -> Int64' may introduce data races[0;0m
[0;36m129 |[0;0m         let attacker = node(0xE3)
[0;36m130 |[0;0m         let bystander = node(0xE1)

/Users/oculus/.cache/godstone-mutation-worktrees/wt_T60-RC12-ios-the-touch-target-minimum-vanish/ios/Packages/GodstoneFoundation/Tests/GodstoneMeshTests/ReadinessT27Tests.swift:148:41: [1;33mwarning: [1;39mconverting non-Sendable function value to '@Sendable () -> Int64' may introduce data races[0;0m
[0;36m146 |[0;0m     //     peer's calls would begin to drop -- this witness is the T27-SM1 killer.
[0;36m147 |[0;0m     func testAdvertisedHintIsNeverTheAuthenticatedIdentity() {
[0;36m148 |[0;0m         let g = PeerGovernor(nowMillis: clock(), maxTrackedPeers: 64)
    [0;36m|[0;0m                                         `- [1;33mwarning: [1;39mconverting non-Sendable function value to '@Sendable () -> Int64' may introduce data races[0;0m
[0;36m149 |[0;0m         let sharedHint = Data([0x0B, 0xAD, 0xF0, 0x0D])
[0;36m150 |[0;0m         let a = node(0xF1)

/Users/oculus/.cache/godstone-mutation-worktrees/wt_T60-RC12-ios-the-touch-target-minimum-vanish/ios/Packages/GodstoneFoundation/Tests/GodstoneMeshTests/ReadinessT27Tests.swift:163:41: [1;33mwarning: [1;39mconverting non-Sendable function value to '@Sendable () -> Int64' may introduce data races[0;0m
[0;36m161 |[0;0m     // (5) a malformed/short advertised hint cannot collapse distinct identities
[0;36m162 |[0;0m     func testMalformedHintDoesNotCollapseDistinctIdentities() {
[0;36m163 |[0;0m         let g = PeerGovernor(nowMillis: clock(), maxTrackedPeers: 64)
    [0;36m|[0;0m                                         `- [1;33mwarning: [1;39mconverting non-Sendable function value to '@Sendable () -> Int64' may introduce data races[0;0m
[0;36m164 |[0;0m         let x = node(0x34)
[0;36m165 |[0;0m         let y = node(0x78)

/Users/oculus/.cache/godstone-mutation-worktrees/wt_T60-RC12-ios-the-touch-target-minimum-vanish/ios/Packages/GodstoneFoundation/Tests/GodstoneMeshTests/ReadinessT27Tests.swift:184:41: [1;33mwarning: [1;39mconverting non-Sendable function value to '@Sendable () -> Int64' may introduce data races[0;0m
[0;36m182 |[0;0m     func testGSSerialisedTrustMutationsGiveADeterministicScore() {
[0;36m183 |[0;0m         let clock: () -> Int64 = { 1_700_000_000_000 }
[0;36m184 |[0;0m         let g = PeerGovernor(nowMillis: clock, maxTrackedPeers: 8)
    [0;36m|[0;0m                                         `- [1;33mwarning: [1;39mconverting non-Sendable function value to '@Sendable () -> Int64' may introduce data races[0;0m
[0;36m185 |[0;0m         let id = Data(repeating: 0x5A, count: 16)
[0;36m186 |[0;0m 

[#VariableNeverMutated]: <https://docs.swift.org/compiler/documentation/diagnostics/variable-never-mutated>
/Users/oculus/.cache/godstone-mutation-worktrees/wt_T60-RC12-ios-the-touch-target-minimum-vanish/ios/Packages/GodstoneFoundation/Tests/GodstoneMeshTests/GsFinal003AdmissionPointTests.swift:40:13: [1;33mwarning: [1;39mstored property 'allows' of 'Sendable'-conforming class 'SwitchableWipeGate' is mutable; this is an error in the Swift 6 language mode[0;0m
 [0;36m38 |[0;0m     /// the coordinator (which GS-FINAL-002 already proved).
 [0;36m39 |[0;0m     private final class SwitchableWipeGate: WipeSensitiveUseGate {
 [0;36m40 |[0;0m         var allows: Bool
    [0;36m|[0;0m             `- [1;33mwarning: [1;39mstored property 'allows' of 'Sendable'-conforming class 'SwitchableWipeGate' is mutable; this is an error in the Swift 6 language mode[0;0m
 [0;36m41 |[0;0m         init(allows: Bool) { self.allows = allows }
 [0;36m42 |[0;0m         func allowsSensitiveUse() -> Bool { allows }

/Users/oculus/.cache/godstone-mutation-worktrees/wt_T60-RC12-ios-the-touch-target-minimum-vanish/ios/Packages/GodstoneFoundation/Tests/GodstoneMeshTests/MeshNodeDeliveryIntegrationTests.swift:503:14: [1;33mwarning: [1;39mimmutable value 'pubA' was never used; consider replacing with '_' or removing it[0;0m [#]8;;https://docs.swift.org/compiler/documentation/diagnostics/no-usage\NoUsage]8;;\]
[0;36m501 |[0;0m 
[0;36m502 |[0;0m     func testC661DispatchDirectTransmitsStoreReturnedCanonicalFrameAndNotCallerModifiedFrame() async throws {
[0;36m503 |[0;0m         let (pubA, _) = realDhKeypair()
    [0;36m|[0;0m              `- [1;33mwarning: [1;39mimmutable value 'pubA' was never used; consider replacing with '_' or removing it[0;0m [#]8;;https://docs.swift.org/compiler/documentation/diagnostics/no-usage\NoUsage]8;;\]
[0;36m504 |[0;0m         let a = nodeA()
[0;36m505 |[0;0m         let flags = UInt16(Priority.direct.rawValue << 8) | UInt16(FrameV2.Flags.sealed)

/Users/oculus/.cache/godstone-mutation-worktrees/wt_T60-RC12-ios-the-touch-target-minimum-vanish/ios/Packages/GodstoneFoundation/Tests/GodstoneMeshTests/ReadinessTrustedPairing.swift:164:5: [1;33mwarning: [1;39m'@discardableResult' declared on a function returning 'Void' is unnecessary[0;0m
[0;36m162 |[0;0m     /// CRYPTO-001: the entries are addressed by the relation's ADMISSION -- by default the one a
[0;36m163 |[0;0m     /// freshly started transport minteth for the first relation of that handle.
[0;36m164 |[0;0m     @discardableResult
    [0;36m|[0;0m     `- [1;33mwarning: [1;39m'@discardableResult' declared on a function returning 'Void' is unnecessary[0;0m
[0;36m165 |[0;0m     static func pairUp(_ pair: Pair, viaBob: UUID, viaAlice: UUID,
[0;36m166 |[0;0m                        aliceHint: Data, bobHint: Data,

[#NoUsage]: <https://docs.swift.org/compiler/documentation/diagnostics/no-usage>
[222 / 238] GodstoneMeshTests-product
[230 / 238] LabMeshTests-product
/Users/oculus/.cache/godstone-mutation-worktrees/wt_T60-RC12-ios-the-touch-target-minimum-vanish/ios/Packages/GodstoneFoundation/Tests/GodstoneMeshTests/PeerIdentityRepositoryTests.swift:34:23: [1;33mwarning: [1;39mno calls to throwing functions occur within 'try' expression[0;0m [#]8;;https://docs.swift.org/compiler/documentation/diagnostics/unnecessary-effect-marker\UnnecessaryEffectMarker]8;;\]
  [0;36m32 |[0;0m         )
  [0;36m33 |[0;0m         let sig = try! signingKey.signature(for: preimage)
  [0;36m34 |[0;0m         let binding = try! IdentityBindingV1(
     [0;36m|[0;0m                       `- [1;33mwarning: [1;39mno calls to throwing functions occur within 'try' expression[0;0m [#]8;;https://docs.swift.org/compiler/documentation/diagnostics/unnecessary-effect-marker\UnnecessaryEffectMarker]8;;\]
  [0;36m35 |[0;0m             generation: generation,
  [0;36m36 |[0;0m             signingPublicKey: signingKey.publicKey.rawRepresentation,

/Users/oculus/.cache/godstone-mutation-worktrees/wt_T60-RC12-ios-the-touch-target-minimum-vanish/ios/Packages/GodstoneFoundation/Tests/GodstoneMeshTests/PeerTrustEngineTests.swift:27:23: [1;33mwarning: [1;39mno calls to throwing functions occur within 'try' expression[0;0m [#]8;;https://docs.swift.org/compiler/documentation/diagnostics/unnecessary-effect-marker\UnnecessaryEffectMarker]8;;\]
 [0;36m25 |[0;0m         )
 [0;36m26 |[0;0m         let sig = try signingKey.signature(for: preimage)
 [0;36m27 |[0;0m         let binding = try IdentityBindingV1(
    [0;36m|[0;0m                       `- [1;33mwarning: [1;39mno calls to throwing functions occur within 'try' expression[0;0m [#]8;;https://docs.swift.org/compiler/documentation/diagnostics/unnecessary-effect-marker\UnnecessaryEffectMarker]8;;\]
 [0;36m28 |[0;0m             generation: generation,
 [0;36m29 |[0;0m             signingPublicKey: signingKey.publicKey.rawRepresentation,

[#UnnecessaryEffectMarker]: <https://docs.swift.org/compiler/documentation/diagnostics/unnecessary-effect-marker>
[232 / 238] GodstoneMeshTests-product
/Users/oculus/.cache/godstone-mutation-worktrees/wt_T60-RC12-ios-the-touch-target-minimum-vanish/ios/Packages/GodstoneFoundation/Tests/GodstoneMeshTests/ReadinessT14Tests.swift:274:13: [1;33mwarning: [1;39minitialization of immutable value 'driverIdentityBefore' was never used; consider replacing with assignment to '_' or removing it[0;0m [#]8;;https://docs.swift.org/compiler/documentation/diagnostics/no-usage\NoUsage]8;;\]
[0;36m272 |[0;0m         )
[0;36m273 |[0;0m         let driverBefore = try XCTUnwrap(transport.centralDriver)
[0;36m274 |[0;0m         let driverIdentityBefore = ObjectIdentifier(driverBefore)
    [0;36m|[0;0m             `- [1;33mwarning: [1;39minitialization of immutable value 'driverIdentityBefore' was never used; consider replacing with assignment to '_' or removing it[0;0m [#]8;;https://docs.swift.org/compiler/documentation/diagnostics/no-usage\NoUsage]8;;\]
[0;36m275 |[0;0m 
[0;36m276 |[0;0m         let order = OrderLog()

/Users/oculus/.cache/godstone-mutation-worktrees/wt_T60-RC12-ios-the-touch-target-minimum-vanish/ios/Packages/GodstoneFoundation/Tests/GodstoneMeshTests/ReadinessT14Tests.swift:421:13: [1;33mwarning: [1;39musing '_' to ignore the result of a Void-returning function is redundant[0;0m
[0;36m419 |[0;0m         let innerTrace = Box<BleTransport.ReductionTrace>()
[0;36m420 |[0;0m         transport.failpointAfterValidationForTest = { _ in
[0;36m421 |[0;0m             _ = transport.processCentralDidUpdateState(ctx.central, sourceEpoch: ctx.epoch)
    [0;36m|[0;0m             `- [1;33mwarning: [1;39musing '_' to ignore the result of a Void-returning function is redundant[0;0m
[0;36m422 |[0;0m             if let inner = transport.lastReductionTraceForTest {
[0;36m423 |[0;0m                 innerTrace.set(inner)

/Users/oculus/.cache/godstone-mutation-worktrees/wt_T60-RC12-ios-the-touch-target-minimum-vanish/ios/Packages/GodstoneFoundation/Tests/GodstoneMeshTests/ReadinessT17Tests.swift:347:9: [1;33mwarning: [1;39musing '_' to ignore the result of a Void-returning function is redundant[0;0m
[0;36m345 |[0;0m         let req = CaptureRequest(centralId: centralId, pinnedCentral: pinned, value: bytes)
[0;36m346 |[0;0m         pins.append(req)
[0;36m347 |[0;0m         _ = bob.processPeripheralReceiveWrite(pm, requests: [unsafeBitCast(req, to: CBATTRequest.self)],
    [0;36m|[0;0m         `- [1;33mwarning: [1;39musing '_' to ignore the result of a Void-returning function is redundant[0;0m
[0;36m348 |[0;0m                                              sourceEpoch: bob.currentTransportEpoch)
[0;36m349 |[0;0m     }

/Users/oculus/.cache/godstone-mutation-worktrees/wt_T60-RC12-ios-the-touch-target-minimum-vanish/ios/Packages/GodstoneFoundation/Tests/GodstoneMeshTests/ReadinessT17Tests.swift:371:9: [1;33mwarning: [1;39musing '_' to ignore the result of a Void-returning function is redundant[0;0m
[0;36m369 |[0;0m                 ReadinessT17Tests.remoteLinkInfoStatic(hint: serviceDataHint)]
[0;36m370 |[0;0m         ]
[0;36m371 |[0;0m         _ = alice.processCentralDidDiscover(
    [0;36m|[0;0m         `- [1;33mwarning: [1;39musing '_' to ignore the result of a Void-returning function is redundant[0;0m
[0;36m372 |[0;0m             cm, peripheral: unsafeBitCast(capturePeer, to: CBPeripheral.self),
[0;36m373 |[0;0m             advertisementData: advRecord, rssi: NSNumber(value: -60),

/Users/oculus/.cache/godstone-mutation-worktrees/wt_T60-RC12-ios-the-touch-target-minimum-vanish/ios/Packages/GodstoneFoundation/Tests/GodstoneMeshTests/ReadinessT17Tests.swift:861:13: [1;33mwarning: [1;39minitialization of variable 'bytesQueued' was never used; consider replacing with assignment to '_' or removing it[0;0m [#]8;;https://docs.swift.org/compiler/documentation/diagnostics/no-usage\NoUsage]8;;\]
[0;36m859 |[0;0m 
[0;36m860 |[0;0m         var verdicts: [TransportResult] = []
[0;36m861 |[0;0m         var bytesQueued = 0
    [0;36m|[0;0m             `- [1;33mwarning: [1;39minitialization of variable 'bytesQueued' was never used; consider replacing with assignment to '_' or removing it[0;0m [#]8;;https://docs.swift.org/compiler/documentation/diagnostics/no-usage\NoUsage]8;;\]
[0;36m862 |[0;0m         for i in 0..<260 {
[0;36m863 |[0;0m             let verdict = alice.send(makeFrame([UInt8(i % 251) + 4]), to: peerId)

[#NoUsage]: <https://docs.swift.org/compiler/documentation/diagnostics/no-usage>
/Users/oculus/.cache/godstone-mutation-worktrees/wt_T60-RC12-ios-the-touch-target-minimum-vanish/ios/Packages/GodstoneFoundation/Tests/GodstoneMeshTests/GsStress001RealRuntimeTests.swift:581:13: [1;33mwarning: [1;39minitialization of variable 'maxHeld' was never used; consider replacing with assignment to '_' or removing it[0;0m [#]8;;https://docs.swift.org/compiler/documentation/diagnostics/no-usage\NoUsage]8;;\]
[0;36m579 |[0;0m         /// **THE FIX IS A COUNTER THE LOOP ITSELF INCREMENTS, asserted against `cycles`.** An early break now fails.
[0;36m580 |[0;0m         var stepsRun = 0
[0;36m581 |[0;0m         var maxHeld = 0
    [0;36m|[0;0m             `- [1;33mwarning: [1;39minitialization of variable 'maxHeld' was never used; consider replacing with assignment to '_' or removing it[0;0m [#]8;;https://docs.swift.org/compiler/documentation/diagnostics/no-usage\NoUsage]8;;\]
[0;36m582 |[0;0m         var maxDepthSeen = 0
[0;36m583 |[0;0m 

/Users/oculus/.cache/godstone-mutation-worktrees/wt_T60-RC12-ios-the-touch-target-minimum-vanish/ios/Packages/GodstoneFoundation/Tests/GodstoneMeshTests/GsUx001TrustSurfaceTests.swift:46:23: [1;33mwarning: [1;39mno calls to throwing functions occur within 'try' expression[0;0m [#]8;;https://docs.swift.org/compiler/documentation/diagnostics/unnecessary-effect-marker\UnnecessaryEffectMarker]8;;\]
 [0;36m44 |[0;0m         )
 [0;36m45 |[0;0m         let sig = try! signingKey.signature(for: preimage)
 [0;36m46 |[0;0m         let binding = try! IdentityBindingV1(
    [0;36m|[0;0m                       `- [1;33mwarning: [1;39mno calls to throwing functions occur within 'try' expression[0;0m [#]8;;https://docs.swift.org/compiler/documentation/diagnostics/unnecessary-effect-marker\UnnecessaryEffectMarker]8;;\]
 [0;36m47 |[0;0m             generation: generation,
 [0;36m48 |[0;0m             signingPublicKey: signingKey.publicKey.rawRepresentation,

/Users/oculus/.cache/godstone-mutation-worktrees/wt_T60-RC12-ios-the-touch-target-minimum-vanish/ios/Packages/GodstoneFoundation/Tests/GodstoneMeshTests/MeshNodeDeliveryIntegrationTests.swift:503:14: [1;33mwarning: [1;39mimmutable value 'pubA' was never used; consider replacing with '_' or removing it[0;0m [#]8;;https://docs.swift.org/compiler/documentation/diagnostics/no-usage\NoUsage]8;;\]
[0;36m501 |[0;0m 
[0;36m502 |[0;0m     func testC661DispatchDirectTransmitsStoreReturnedCanonicalFrameAndNotCallerModifiedFrame() async throws {
[0;36m503 |[0;0m         let (pubA, _) = realDhKeypair()
    [0;36m|[0;0m              `- [1;33mwarning: [1;39mimmutable value 'pubA' was never used; consider replacing with '_' or removing it[0;0m [#]8;;https://docs.swift.org/compiler/documentation/diagnostics/no-usage\NoUsage]8;;\]
[0;36m504 |[0;0m         let a = nodeA()
[0;36m505 |[0;0m         let flags = UInt16(Priority.direct.rawValue << 8) | UInt16(FrameV2.Flags.sealed)

[#NoUsage]: <https://docs.swift.org/compiler/documentation/diagnostics/no-usage>
[#UnnecessaryEffectMarker]: <https://docs.swift.org/compiler/documentation/diagnostics/unnecessary-effect-marker>
/Users/oculus/.cache/godstone-mutation-worktrees/wt_T60-RC12-ios-the-touch-target-minimum-vanish/ios/Packages/GodstoneFoundation/Tests/GodstoneMeshTests/BoundRecipientKeyResolverTests.swift:31:23: [1;33mwarning: [1;39mno calls to throwing functions occur within 'try' expression[0;0m [#]8;;https://docs.swift.org/compiler/documentation/diagnostics/unnecessary-effect-marker\UnnecessaryEffectMarker]8;;\]
 [0;36m29 |[0;0m         )
 [0;36m30 |[0;0m         let sig = try! signingKey.signature(for: preimage)
 [0;36m31 |[0;0m         let binding = try! IdentityBindingV1(
    [0;36m|[0;0m                       `- [1;33mwarning: [1;39mno calls to throwing functions occur within 'try' expression[0;0m [#]8;;https://docs.swift.org/compiler/documentation/diagnostics/unnecessary-effect-marker\UnnecessaryEffectMarker]8;;\]
 [0;36m32 |[0;0m             generation: generation,
 [0;36m33 |[0;0m             signingPublicKey: signingKey.publicKey.rawRepresentation,

/Users/oculus/.cache/godstone-mutation-worktrees/wt_T60-RC12-ios-the-touch-target-minimum-vanish/ios/Packages/GodstoneFoundation/Tests/GodstoneMeshTests/GsFinal003AdmissionPointTests.swift:40:13: [1;33mwarning: [1;39mstored property 'allows' of 'Sendable'-conforming class 'SwitchableWipeGate' is mutable; this is an error in the Swift 6 language mode[0;0m
 [0;36m38 |[0;0m     /// the coordinator (which GS-FINAL-002 already proved).
 [0;36m39 |[0;0m     private final class SwitchableWipeGate: WipeSensitiveUseGate {
 [0;36m40 |[0;0m         var allows: Bool
    [0;36m|[0;0m             `- [1;33mwarning: [1;39mstored property 'allows' of 'Sendable'-conforming class 'SwitchableWipeGate' is mutable; this is an error in the Swift 6 language mode[0;0m
 [0;36m41 |[0;0m         init(allows: Bool) { self.allows = allows }
 [0;36m42 |[0;0m         func allowsSensitiveUse() -> Bool { allows }

[#UnnecessaryEffectMarker]: <https://docs.swift.org/compiler/documentation/diagnostics/unnecessary-effect-marker>
/Users/oculus/.cache/godstone-mutation-worktrees/wt_T60-RC12-ios-the-touch-target-minimum-vanish/ios/Packages/GodstoneFoundation/Tests/GodstoneMeshTests/SessionManagerConcurrencyTests.swift:181:13: [1;33mwarning: [1;39mvariable 'hs3Result' was written to, but never read[0;0m
[0;36m179 |[0;0m         let hsThreadFinished = expectation(description: "HS thread finished")
[0;36m180 |[0;0m         let invalidationFinished = expectation(description: "Invalidation finished")
[0;36m181 |[0;0m         var hs3Result: Data?
    [0;36m|[0;0m             `- [1;33mwarning: [1;39mvariable 'hs3Result' was written to, but never read[0;0m
[0;36m182 |[0;0m 
[0;36m183 |[0;0m         var invalidationReturned = false

/Users/oculus/.cache/godstone-mutation-worktrees/wt_T60-RC12-ios-the-touch-target-minimum-vanish/ios/Packages/GodstoneFoundation/Tests/GodstoneMeshTests/SessionManagerTests.swift:314:24: [1;33mwarning: [1;39mno calls to throwing functions occur within 'try' expression[0;0m [#]8;;https://docs.swift.org/compiler/documentation/diagnostics/unnecessary-effect-marker\UnnecessaryEffectMarker]8;;\]
[0;36m312 |[0;0m         XCTAssertTrue(smA.isReady(a.outbound))
[0;36m313 |[0;0m         let aToB = try XCTUnwrap(smA.seal(a.outbound, Data("incarnation A".utf8)))
[0;36m314 |[0;0m         XCTAssertEqual(try smB.open(a.inbound, aToB), Data("incarnation A".utf8))
    [0;36m|[0;0m                        `- [1;33mwarning: [1;39mno calls to throwing functions occur within 'try' expression[0;0m [#]8;;https://docs.swift.org/compiler/documentation/diagnostics/unnecessary-effect-marker\UnnecessaryEffectMarker]8;;\]
[0;36m315 |[0;0m         let backFromB = try XCTUnwrap(smB.seal(a.inbound, Data("and back".utf8)))
[0;36m316 |[0;0m         XCTAssertEqual(try smA.open(a.outbound, backFromB), Data("and back".utf8))

/Users/oculus/.cache/godstone-mutation-worktrees/wt_T60-RC12-ios-the-touch-target-minimum-vanish/ios/Packages/GodstoneFoundation/Tests/GodstoneMeshTests/SessionManagerTests.swift:316:24: [1;33mwarning: [1;39mno calls to throwing functions occur within 'try' expression[0;0m [#]8;;https://docs.swift.org/compiler/documentation/diagnostics/unnecessary-effect-marker\UnnecessaryEffectMarker]8;;\]
[0;36m314 |[0;0m         XCTAssertEqual(try smB.open(a.inbound, aToB), Data("incarnation A".utf8))
[0;36m315 |[0;0m         let backFromB = try XCTUnwrap(smB.seal(a.inbound, Data("and back".utf8)))
[0;36m316 |[0;0m         XCTAssertEqual(try smA.open(a.outbound, backFromB), Data("and back".utf8))
    [0;36m|[0;0m                        `- [1;33mwarning: [1;39mno calls to throwing functions occur within 'try' expression[0;0m [#]8;;https://docs.swift.org/compiler/documentation/diagnostics/unnecessary-effect-marker\UnnecessaryEffectMarker]8;;\]
[0;36m317 |[0;0m         XCTAssertEqual(smA.drop(a.outbound), .retired)
[0;36m318 |[0;0m         XCTAssertEqual(smB.drop(a.inbound), .retired)

/Users/oculus/.cache/godstone-mutation-worktrees/wt_T60-RC12-ios-the-touch-target-minimum-vanish/ios/Packages/GodstoneFoundation/Tests/GodstoneMeshTests/SessionManagerTests.swift:338:24: [1;33mwarning: [1;39mno calls to throwing functions occur within 'try' expression[0;0m [#]8;;https://docs.swift.org/compiler/documentation/diagnostics/unnecessary-effect-marker\UnnecessaryEffectMarker]8;;\]
[0;36m336 |[0;0m                       "the responder side of the replacement was slain by stale work")
[0;36m337 |[0;0m         let live = try XCTUnwrap(smA.seal(b.outbound, Data("replacement lives".utf8)))
[0;36m338 |[0;0m         XCTAssertEqual(try smB.open(b.inbound, live), Data("replacement lives".utf8))
    [0;36m|[0;0m                        `- [1;33mwarning: [1;39mno calls to throwing functions occur within 'try' expression[0;0m [#]8;;https://docs.swift.org/compiler/documentation/diagnostics/unnecessary-effect-marker\UnnecessaryEffectMarker]8;;\]
[0;36m339 |[0;0m         // The replacement's own teardown still worketh, and only it.
[0;36m340 |[0;0m         XCTAssertEqual(smA.drop(b.outbound), .retired)

/Users/oculus/.cache/godstone-mutation-worktrees/wt_T60-RC12-ios-the-touch-target-minimum-vanish/ios/Packages/GodstoneFoundation/Tests/GodstoneMeshTests/SessionManagerTests.swift:381:24: [1;33mwarning: [1;39mno calls to throwing functions occur within 'try' expression[0;0m [#]8;;https://docs.swift.org/compiler/documentation/diagnostics/unnecessary-effect-marker\UnnecessaryEffectMarker]8;;\]
[0;36m379 |[0;0m         XCTAssertTrue(smB.isReady(b.inbound), "stale work disturbed the responder's replacement")
[0;36m380 |[0;0m         let genuine = try XCTUnwrap(smA.seal(b.outbound, Data("genuine".utf8)))
[0;36m381 |[0;0m         XCTAssertEqual(try smB.open(b.inbound, genuine), Data("genuine".utf8))
    [0;36m|[0;0m                        `- [1;33mwarning: [1;39mno calls to throwing functions occur within 'try' expression[0;0m [#]8;;https://docs.swift.org/compiler/documentation/diagnostics/unnecessary-effect-marker\UnnecessaryEffectMarker]8;;\]
[0;36m382 |[0;0m     }
[0;36m383 |[0;0m 

/Users/oculus/.cache/godstone-mutation-worktrees/wt_T60-RC12-ios-the-touch-target-minimum-vanish/ios/Packages/GodstoneFoundation/Tests/GodstoneMeshTests/SqliteDeliveryRepositoryTests.swift:1304:20: [1;33mwarning: [1;39mimmutable value 'privB' was never used; consider replacing with '_' or removing it[0;0m [#]8;;https://docs.swift.org/compiler/documentation/diagnostics/no-usage\NoUsage]8;;\]
[0;36m1302 |[0;0m 
[0;36m1303 |[0;0m         let (pubA, privA) = realKeypair()
[0;36m1304 |[0;0m         let (pubB, privB) = realKeypair()
     [0;36m|[0;0m                    `- [1;33mwarning: [1;39mimmutable value 'privB' was never used; consider replacing with '_' or removing it[0;0m [#]8;;https://docs.swift.org/compiler/documentation/diagnostics/no-usage\NoUsage]8;;\]
[0;36m1305 |[0;0m         let resolver = TwoRecipientResolver(nodeA(), pubA, nodeB(), pubB)
[0;36m1306 |[0;0m         let tracker = DeliveryTracker(repo: repo, authenticator: Ed25519AckAuthenticator(resolver: resolver))

/Users/oculus/.cache/godstone-mutation-worktrees/wt_T60-RC12-ios-the-touch-target-minimum-vanish/ios/Packages/GodstoneFoundation/Tests/GodstoneMeshTests/SqliteDeliveryRepositoryTests.swift:1553:14: [1;33mwarning: [1;39mimmutable value 'pub' was never used; consider replacing with '_' or removing it[0;0m [#]8;;https://docs.swift.org/compiler/documentation/diagnostics/no-usage\NoUsage]8;;\]
[0;36m1551 |[0;0m         let faulting = FaultingDeliveryStore(store)
[0;36m1552 |[0;0m         let repo = SqliteDeliveryRepository(faulting)
[0;36m1553 |[0;0m         let (pub, priv) = realKeypair()
     [0;36m|[0;0m              `- [1;33mwarning: [1;39mimmutable value 'pub' was never used; consider replacing with '_' or removing it[0;0m [#]8;;https://docs.swift.org/compiler/documentation/diagnostics/no-usage\NoUsage]8;;\]
[0;36m1554 |[0;0m         let recipient = nodeA()
[0;36m1555 |[0;0m         let auth = DualAckAuthenticator()

/Users/oculus/.cache/godstone-mutation-worktrees/wt_T60-RC12-ios-the-touch-target-minimum-vanish/ios/Packages/GodstoneFoundation/Tests/GodstoneMeshTests/SqliteDeliveryRepositoryTests.swift:1988:14: [1;33mwarning: [1;39mimmutable value 'pubA' was never used; consider replacing with '_' or removing it[0;0m [#]8;;https://docs.swift.org/compiler/documentation/diagnostics/no-usage\NoUsage]8;;\]
[0;36m1986 |[0;0m         let store = SqliteMessageStore(url: url, maxBytes: 4096, fileProtection: .complete)
[0;36m1987 |[0;0m         let repo = SqliteDeliveryRepository(store)
[0;36m1988 |[0;0m         let (pubA, privA) = realKeypair()
     [0;36m|[0;0m              `- [1;33mwarning: [1;39mimmutable value 'pubA' was never used; consider replacing with '_' or removing it[0;0m [#]8;;https://docs.swift.org/compiler/documentation/diagnostics/no-usage\NoUsage]8;;\]
[0;36m1989 |[0;0m         let auth = BlockingAckAuthenticator(result: true)
[0;36m1990 |[0;0m         let tracker = DeliveryTracker(repo: repo, authenticator: auth)

/Users/oculus/.cache/godstone-mutation-worktrees/wt_T60-RC12-ios-the-touch-target-minimum-vanish/ios/Packages/GodstoneFoundation/Tests/GodstoneMeshTests/SqliteDeliveryRepositoryTests.swift:2025:14: [1;33mwarning: [1;39mimmutable value 'pubA' was never used; consider replacing with '_' or removing it[0;0m [#]8;;https://docs.swift.org/compiler/documentation/diagnostics/no-usage\NoUsage]8;;\]
[0;36m2023 |[0;0m         let store = SqliteMessageStore(url: url, maxBytes: 4096, fileProtection: .complete)
[0;36m2024 |[0;0m         let repo = SqliteDeliveryRepository(store)
[0;36m2025 |[0;0m         let (pubA, privA) = realKeypair()
     [0;36m|[0;0m              `- [1;33mwarning: [1;39mimmutable value 'pubA' was never used; consider replacing with '_' or removing it[0;0m [#]8;;https://docs.swift.org/compiler/documentation/diagnostics/no-usage\NoUsage]8;;\]
[0;36m2026 |[0;0m         let auth = BlockingAckAuthenticator(result: true)
[0;36m2027 |[0;0m         let tracker = DeliveryTracker(repo: repo, authenticator: auth)

/Users/oculus/.cache/godstone-mutation-worktrees/wt_T60-RC12-ios-the-touch-target-minimum-vanish/ios/Packages/GodstoneFoundation/Tests/GodstoneMeshTests/SqliteMessageStoreTests.swift:74:15: [1;33mwarning: [1;39mresult of call to 'persist(_:receivedFrom:)' is unused[0;0m [#]8;;https://docs.swift.org/compiler/documentation/diagnostics/no-usage\NoUsage]8;;\]
  [0;36m72 |[0;0m         _ = open(maxBytes: Int64.max)
  [0;36m73 |[0;0m         let f = frame(7, .direct, 64, type: .sos)
  [0;36m74 |[0;0m         store.persist(f, receivedFrom: Data([0, 1, 2, 3, 4, 5]))
     [0;36m|[0;0m               `- [1;33mwarning: [1;39mresult of call to 'persist(_:receivedFrom:)' is unused[0;0m [#]8;;https://docs.swift.org/compiler/documentation/diagnostics/no-usage\NoUsage]8;;\]
  [0;36m75 |[0;0m         let out = store.allHeldOrderedByPriority()
  [0;36m76 |[0;0m         XCTAssertEqual(out.count, 1)

/Users/oculus/.cache/godstone-mutation-worktrees/wt_T60-RC12-ios-the-touch-target-minimum-vanish/ios/Packages/GodstoneFoundation/Tests/GodstoneMeshTests/SqliteMessageStoreTests.swift:92:15: [1;33mwarning: [1;39mresult of call to 'persist(_:receivedFrom:)' is unused[0;0m [#]8;;https://docs.swift.org/compiler/documentation/diagnostics/no-usage\NoUsage]8;;\]
  [0;36m90 |[0;0m         _ = open(maxBytes: Int64.max)
  [0;36m91 |[0;0m         let f = frame(1, .group, 32)
  [0;36m92 |[0;0m         store.persist(f, receivedFrom: Data())
     [0;36m|[0;0m               `- [1;33mwarning: [1;39mresult of call to 'persist(_:receivedFrom:)' is unused[0;0m [#]8;;https://docs.swift.org/compiler/documentation/diagnostics/no-usage\NoUsage]8;;\]
  [0;36m93 |[0;0m         store.persist(f, receivedFrom: Data())
  [0;36m94 |[0;0m         XCTAssertEqual(heldIds().count, 1)

/Users/oculus/.cache/godstone-mutation-worktrees/wt_T60-RC12-ios-the-touch-target-minimum-vanish/ios/Packages/GodstoneFoundation/Tests/GodstoneMeshTests/SqliteMessageStoreTests.swift:93:15: [1;33mwarning: [1;39mresult of call to 'persist(_:receivedFrom:)' is unused[0;0m [#]8;;https://docs.swift.org/compiler/documentation/diagnostics/no-usage\NoUsage]8;;\]
  [0;36m91 |[0;0m         let f = frame(1, .group, 32)
  [0;36m92 |[0;0m         store.persist(f, receivedFrom: Data())
  [0;36m93 |[0;0m         store.persist(f, receivedFrom: Data())
     [0;36m|[0;0m               `- [1;33mwarning: [1;39mresult of call to 'persist(_:receivedFrom:)' is unused[0;0m [#]8;;https://docs.swift.org/compiler/documentation/diagnostics/no-usage\NoUsage]8;;\]
  [0;36m94 |[0;0m         XCTAssertEqual(heldIds().count, 1)
  [0;36m95 |[0;0m     }

/Users/oculus/.cache/godstone-mutation-worktrees/wt_T60-RC12-ios-the-touch-target-minimum-vanish/ios/Packages/GodstoneFoundation/Tests/GodstoneMeshTests/SqliteMessageStoreTests.swift:864:9: [1;33mwarning: [1;39mresult of 'try?' is unused[0;0m [#]8;;https://docs.swift.org/compiler/documentation/diagnostics/no-usage\NoUsage]8;;\]
 [0;36m862 |[0;0m         // Seed held frame with foreignNode provenance
 [0;36m863 |[0;0m         XCTAssertEqual(store.persist(f, receivedFrom: foreignNode), .heldNew)
 [0;36m864 |[0;0m         [4;39mtry? store.insertDelivery(f.msgId, stateOrdinal: DeliveryState.queuedDurably.code, ackModeOrdinal: AckMode.singleRecipient.rawValue, expectedRecipient: rec)[0;0m
     [0;36m|[0;0m         `- [1;33mwarning: [1;39mresult of 'try?' is unused[0;0m [#]8;;https://docs.swift.org/compiler/documentation/diagnostics/no-usage\NoUsage]8;;\]
 [0;36m865 |[0;0m 
 [0;36m866 |[0;0m         // Retry from local node A

/Users/oculus/.cache/godstone-mutation-worktrees/wt_T60-RC12-ios-the-touch-target-minimum-vanish/ios/Packages/GodstoneFoundation/Tests/GodstoneMeshTests/SqliteMessageStoreTests.swift:925:9: [1;33mwarning: [1;39mresult of 'try?' is unused[0;0m [#]8;;https://docs.swift.org/compiler/documentation/diagnostics/no-usage\NoUsage]8;;\]
 [0;36m923 |[0;0m         let origin = localNode(1)
 [0;36m924 |[0;0m 
 [0;36m925 |[0;0m         [4;39mtry? store.insertDelivery(f.msgId, stateOrdinal: DeliveryState.queuedDurably.code, ackModeOrdinal: AckMode.singleRecipient.rawValue, expectedRecipient: rec)[0;0m
     [0;36m|[0;0m         `- [1;33mwarning: [1;39mresult of 'try?' is unused[0;0m [#]8;;https://docs.swift.org/compiler/documentation/diagnostics/no-usage\NoUsage]8;;\]
 [0;36m926 |[0;0m         XCTAssertFalse(containsId(heldIds(), f.msgId))
 [0;36m927 |[0;0m 

/Users/oculus/.cache/godstone-mutation-worktrees/wt_T60-RC12-ios-the-touch-target-minimum-vanish/ios/Packages/GodstoneFoundation/Tests/GodstoneMeshTests/SqliteMessageStoreTests.swift:1014:15: [1;33mwarning: [1;39mresult of call to 'withUnsafeBytes' is unused[0;0m [#]8;;https://docs.swift.org/compiler/documentation/diagnostics/no-usage\NoUsage]8;;\]
[0;36m1012 |[0;0m         defer { sqlite3_finalize(stmt) }
[0;36m1013 |[0;0m         let transient = unsafeBitCast(-1, to: sqlite3_destructor_type.self)
[0;36m1014 |[0;0m         msgId.withUnsafeBytes [4;39m{ r in[0;0m
     [0;36m|[0;0m               `- [1;33mwarning: [1;39mresult of call to 'withUnsafeBytes' is unused[0;0m [#]8;;https://docs.swift.org/compiler/documentation/diagnostics/no-usage\NoUsage]8;;\]
[0;36m1015 |[0;0m             sqlite3_bind_blob(stmt, 1, r.baseAddress, Int32(msgId.count), transient)
[0;36m1016 |[0;0m         }

/Users/oculus/.cache/godstone-mutation-worktrees/wt_T60-RC12-ios-the-touch-target-minimum-vanish/ios/Packages/GodstoneFoundation/Tests/GodstoneMeshTests/SqliteMessageStoreTests.swift:1157:13: [1;33mwarning: [1;39mresult of 'try?' is unused[0;0m [#]8;;https://docs.swift.org/compiler/documentation/diagnostics/no-usage\NoUsage]8;;\]
[0;36m1155 |[0;0m             let f = directFrame(UInt8(idx + 10), payloadSize: 100)
[0;36m1156 |[0;0m             // Plant delivery row directly with terminal state and NO held frame
[0;36m1157 |[0;0m             [4;39mtry? store.insertDelivery([0;0m
     [0;36m|[0;0m             `- [1;33mwarning: [1;39mresult of 'try?' is unused[0;0m [#]8;;https://docs.swift.org/compiler/documentation/diagnostics/no-usage\NoUsage]8;;\]
[0;36m1158 |[0;0m                 f.msgId,
[0;36m1159 |[0;0m                 stateOrdinal: termState.code,

/Users/oculus/.cache/godstone-mutation-worktrees/wt_T60-RC12-ios-the-touch-target-minimum-vanish/ios/Packages/GodstoneFoundation/Tests/GodstoneMeshTests/SqliteMessageStoreTests.swift:1343:12: [1;33mwarning: [1;39mresult of call to 'withUnsafeBytes' is unused[0;0m [#]8;;https://docs.swift.org/compiler/documentation/diagnostics/no-usage\NoUsage]8;;\]
[0;36m1341 |[0;0m         }
[0;36m1342 |[0;0m         let transient = unsafeBitCast(-1, to: sqlite3_destructor_type.self)
[0;36m1343 |[0;0m         id.withUnsafeBytes [4;39m{ r in[0;0m
     [0;36m|[0;0m            `- [1;33mwarning: [1;39mresult of call to 'withUnsafeBytes' is unused[0;0m [#]8;;https://docs.swift.org/compiler/documentation/diagnostics/no-usage\NoUsage]8;;\]
[0;36m1344 |[0;0m             sqlite3_bind_blob(stmt, 1, r.baseAddress, Int32(id.count), transient)
[0;36m1345 |[0;0m         }

/Users/oculus/.cache/godstone-mutation-worktrees/wt_T60-RC12-ios-the-touch-target-minimum-vanish/ios/Packages/GodstoneFoundation/Tests/GodstoneMeshTests/SqliteMessageStoreTests.swift:1392:15: [1;33mwarning: [1;39mresult of call to 'withUnsafeBytes' is unused[0;0m [#]8;;https://docs.swift.org/compiler/documentation/diagnostics/no-usage\NoUsage]8;;\]
[0;36m1390 |[0;0m         }
[0;36m1391 |[0;0m         let transient = unsafeBitCast(-1, to: sqlite3_destructor_type.self)
[0;36m1392 |[0;0m         msgId.withUnsafeBytes [4;39m{ r in[0;0m
     [0;36m|[0;0m               `- [1;33mwarning: [1;39mresult of call to 'withUnsafeBytes' is unused[0;0m [#]8;;https://docs.swift.org/compiler/documentation/diagnostics/no-usage\NoUsage]8;;\]
[0;36m1393 |[0;0m             sqlite3_bind_blob(stmt, 1, r.baseAddress, Int32(msgId.count), transient)
[0;36m1394 |[0;0m         }

/Users/oculus/.cache/godstone-mutation-worktrees/wt_T60-RC12-ios-the-touch-target-minimum-vanish/ios/Packages/GodstoneFoundation/Tests/GodstoneMeshTests/SqliteMessageStoreTests.swift:1400:20: [1;33mwarning: [1;39mresult of call to 'withUnsafeBytes' is unused[0;0m [#]8;;https://docs.swift.org/compiler/documentation/diagnostics/no-usage\NoUsage]8;;\]
[0;36m1398 |[0;0m         sqlite3_bind_int(stmt, 5, Int32(Priority.toFlags(.group)))
[0;36m1399 |[0;0m         sqlite3_bind_int(stmt, 6, Int32(Priority.group.rawValue))
[0;36m1400 |[0;0m         routingTag.withUnsafeBytes [4;39m{ r in[0;0m
     [0;36m|[0;0m                    `- [1;33mwarning: [1;39mresult of call to 'withUnsafeBytes' is unused[0;0m [#]8;;https://docs.swift.org/compiler/documentation/diagnostics/no-usage\NoUsage]8;;\]
[0;36m1401 |[0;0m             sqlite3_bind_blob(stmt, 7, r.baseAddress, Int32(routingTag.count), transient)
[0;36m1402 |[0;0m         }

/Users/oculus/.cache/godstone-mutation-worktrees/wt_T60-RC12-ios-the-touch-target-minimum-vanish/ios/Packages/GodstoneFoundation/Tests/GodstoneMeshTests/SqliteMessageStoreTests.swift:1404:17: [1;33mwarning: [1;39mresult of call to 'withUnsafeBytes' is unused[0;0m [#]8;;https://docs.swift.org/compiler/documentation/diagnostics/no-usage\NoUsage]8;;\]
[0;36m1402 |[0;0m         }
[0;36m1403 |[0;0m         let payload = Data(repeating: 0, count: 8)
[0;36m1404 |[0;0m         payload.withUnsafeBytes [4;39m{ r in[0;0m
     [0;36m|[0;0m                 `- [1;33mwarning: [1;39mresult of call to 'withUnsafeBytes' is unused[0;0m [#]8;;https://docs.swift.org/compiler/documentation/diagnostics/no-usage\NoUsage]8;;\]
[0;36m1405 |[0;0m             sqlite3_bind_blob(stmt, 8, r.baseAddress, Int32(payload.count), transient)
[0;36m1406 |[0;0m         }

/Users/oculus/.cache/godstone-mutation-worktrees/wt_T60-RC12-ios-the-touch-target-minimum-vanish/ios/Packages/GodstoneFoundation/Tests/GodstoneMeshTests/SqliteMessageStoreTests.swift:1446:22: [1;33mwarning: [1;39mweak variable 'weakW' was never mutated; consider changing to 'let' constant[0;0m [#]8;;https://docs.swift.org/compiler/documentation/diagnostics/variable-never-mutated\VariableNeverMutated]8;;\::]8;;https://docs.swift.org/compiler/documentation/diagnostics/weak-mutability\WeakMutability]8;;\]
[0;36m1444 |[0;0m             let w = LifetimeWitness()
[0;36m1445 |[0;0m             witnesses.append(w)
[0;36m1446 |[0;0m             weak var weakW = w
     [0;36m|[0;0m                      `- [1;33mwarning: [1;39mweak variable 'weakW' was never mutated; consider changing to 'let' constant[0;0m [#]8;;https://docs.swift.org/compiler/documentation/diagnostics/variable-never-mutated\VariableNeverMutated]8;;\::]8;;https://docs.swift.org/compiler/documentation/diagnostics/weak-mutability\WeakMutability]8;;\]
[0;36m1447 |[0;0m             weakBoxes.append { weakW }
[0;36m1448 |[0;0m             // EVERY LIFETIME RELEASETH ITS OWN REGISTRATION, as a runtime's teardown must: the law is that a

/Users/oculus/.cache/godstone-mutation-worktrees/wt_T60-RC12-ios-the-touch-target-minimum-vanish/ios/Packages/GodstoneFoundation/Tests/GodstoneMeshTests/SqliteMessageStoreTests.swift:1464:63: [1;33mwarning: [1;39mmutation of captured var 'fired' in concurrently-executing code; this is an error in the Swift 6 language mode[0;0m [#]8;;https://docs.swift.org/compiler/documentation/diagnostics/sendable-closure-captures\SendableClosureCaptures]8;;\]
[0;36m1462 |[0;0m         let baseline = s.observerCensusForTest()
[0;36m1463 |[0;0m         var fired = 0
[0;36m1464 |[0;0m         let lease = try XCTUnwrap(s.registerHeldSetObserver { fired += 1 },
     [0;36m|[0;0m                                                               `- [1;33mwarning: [1;39mmutation of captured var 'fired' in concurrently-executing code; this is an error in the Swift 6 language mode[0;0m [#]8;;https://docs.swift.org/compiler/documentation/diagnostics/sendable-closure-captures\SendableClosureCaptures]8;;\]
[0;36m1465 |[0;0m                                   "the real store must answer a RELEASABLE lease, not nil")
[0;36m1466 |[0;0m         XCTAssertEqual(s.observerCensusForTest(), baseline + 1)

/Users/oculus/.cache/godstone-mutation-worktrees/wt_T60-RC12-ios-the-touch-target-minimum-vanish/ios/Packages/GodstoneFoundation/Tests/GodstoneMeshTests/SqliteMessageStoreTests.swift:2000:13: [1;33mwarning: [1;39mvariable 'now' was never mutated; consider changing to 'let' constant[0;0m [#]8;;https://docs.swift.org/compiler/documentation/diagnostics/variable-never-mutated\VariableNeverMutated]8;;\]
[0;36m1998 |[0;0m     func testGSSTORE004_retirementLeavethADurableTombstone() throws {
[0;36m1999 |[0;0m         let s = open(maxBytes: 8 * 1024 * 1024)
[0;36m2000 |[0;0m         var now: Int64 = 6_000_000
     [0;36m|[0;0m             `- [1;33mwarning: [1;39mvariable 'now' was never mutated; consider changing to 'let' constant[0;0m [#]8;;https://docs.swift.org/compiler/documentation/diagnostics/variable-never-mutated\VariableNeverMutated]8;;\]
[0;36m2001 |[0;0m         s.receiptTimeProvider = { (monoMs: now, bootIdentity: "boot-A") }
[0;36m2002 |[0;0m         let f = frame(13, .direct, 48)

/Users/oculus/.cache/godstone-mutation-worktrees/wt_T60-RC12-ios-the-touch-target-minimum-vanish/ios/Packages/GodstoneFoundation/Tests/GodstoneMeshTests/TrustedHandshakeControllerTests.swift:44:16: [1;33mwarning: [1;39mno calls to throwing functions occur within 'try' expression[0;0m [#]8;;https://docs.swift.org/compiler/documentation/diagnostics/unnecessary-effect-marker\UnnecessaryEffectMarker]8;;\]
  [0;36m42 |[0;0m         )
  [0;36m43 |[0;0m         let sig = try signingKey.signature(for: preimage)
  [0;36m44 |[0;0m         return try IdentityBindingV1(
     [0;36m|[0;0m                `- [1;33mwarning: [1;39mno calls to throwing functions occur within 'try' expression[0;0m [#]8;;https://docs.swift.org/compiler/documentation/diagnostics/unnecessary-effect-marker\UnnecessaryEffectMarker]8;;\]
  [0;36m45 |[0;0m             generation: generation,
  [0;36m46 |[0;0m             signingPublicKey: signingKey.publicKey.rawRepresentation,

[#NoUsage]: <https://docs.swift.org/compiler/documentation/diagnostics/no-usage>
[#SendableClosureCaptures]: <https://docs.swift.org/compiler/documentation/diagnostics/sendable-closure-captures>
[#UnnecessaryEffectMarker]: <https://docs.swift.org/compiler/documentation/diagnostics/unnecessary-effect-marker>
[#VariableNeverMutated]: <https://docs.swift.org/compiler/documentation/diagnostics/variable-never-mutated>
[#WeakMutability]: <https://docs.swift.org/compiler/documentation/diagnostics/weak-mutability>
/Users/oculus/.cache/godstone-mutation-worktrees/wt_T60-RC12-ios-the-touch-target-minimum-vanish/ios/Packages/GodstoneFoundation/Tests/GodstoneMeshTests/GsFinal004OwnedConnectionTests.swift:196:26: [1;33mwarning: [1;39mno calls to throwing functions occur within 'try' expression[0;0m [#]8;;https://docs.swift.org/compiler/documentation/diagnostics/unnecessary-effect-marker\UnnecessaryEffectMarker]8;;\]
[0;36m194 |[0;0m         // *** ADOPT IT, RUN REAL WORK, AND REQUIRE THE WORK TO HAVE LANDED ON THAT TABLE. ***
[0;36m195 |[0;0m         let store = SqliteMessageStore(verifiedConnection: owned, maxBytes: 64 * 1024 * 1024)
[0;36m196 |[0;0m         XCTAssertNoThrow(try store.allHeldMsgIds(),
    [0;36m|[0;0m                          `- [1;33mwarning: [1;39mno calls to throwing functions occur within 'try' expression[0;0m [#]8;;https://docs.swift.org/compiler/documentation/diagnostics/unnecessary-effect-marker\UnnecessaryEffectMarker]8;;\]
[0;36m197 |[0;0m                          "the store's own query must succeed through the provider table")
[0;36m198 |[0;0m         XCTAssertGreaterThan(

/Users/oculus/.cache/godstone-mutation-worktrees/wt_T60-RC12-ios-the-touch-target-minimum-vanish/ios/Packages/GodstoneFoundation/Tests/GodstoneMeshTests/GsFinal004OwnedConnectionTests.swift:218:26: [1;33mwarning: [1;39mno calls to throwing functions occur within 'try' expression[0;0m [#]8;;https://docs.swift.org/compiler/documentation/diagnostics/unnecessary-effect-marker\UnnecessaryEffectMarker]8;;\]
[0;36m216 |[0;0m         defer { try? FileManager.default.removeItem(at: plainURL) }
[0;36m217 |[0;0m         let plain = SqliteMessageStore(url: plainURL, maxBytes: 64 * 1024 * 1024)
[0;36m218 |[0;0m         XCTAssertNoThrow(try plain.allHeldMsgIds(), "the plain store must still work on its own table")
    [0;36m|[0;0m                          `- [1;33mwarning: [1;39mno calls to throwing functions occur within 'try' expression[0;0m [#]8;;https://docs.swift.org/compiler/documentation/diagnostics/unnecessary-effect-marker\UnnecessaryEffectMarker]8;;\]
[0;36m219 |[0;0m         XCTAssertEqual(
[0;36m220 |[0;0m             gf004Counts().prepare, before,

/Users/oculus/.cache/godstone-mutation-worktrees/wt_T60-RC12-ios-the-touch-target-minimum-vanish/ios/Packages/GodstoneFoundation/Tests/GodstoneMeshTests/GsFinal004OwnedConnectionTests.swift:401:26: [1;33mwarning: [1;39mno calls to throwing functions occur within 'try' expression[0;0m [#]8;;https://docs.swift.org/compiler/documentation/diagnostics/unnecessary-effect-marker\UnnecessaryEffectMarker]8;;\]
[0;36m399 |[0;0m 
[0;36m400 |[0;0m         // *** AND THE MIGRATIONS REALLY RAN, ON THAT SAME CONNECTION: the repository verbs answer against it. ***
[0;36m401 |[0;0m         XCTAssertNoThrow(try store.allHeldMsgIds(),
    [0;36m|[0;0m                          `- [1;33mwarning: [1;39mno calls to throwing functions occur within 'try' expression[0;0m [#]8;;https://docs.swift.org/compiler/documentation/diagnostics/unnecessary-effect-marker\UnnecessaryEffectMarker]8;;\]
[0;36m402 |[0;0m                          "the repository's own query must succeed on the adopted connection, which is what proves "
[0;36m403 |[0;0m                          + "migrations ran there rather than somewhere else")

/Users/oculus/.cache/godstone-mutation-worktrees/wt_T60-RC12-ios-the-touch-target-minimum-vanish/ios/Packages/GodstoneFoundation/Tests/GodstoneMeshTests/GsFinal004OwnedConnectionTests.swift:564:26: [1;33mwarning: [1;39mno calls to throwing functions occur within 'try' expression[0;0m [#]8;;https://docs.swift.org/compiler/documentation/diagnostics/unnecessary-effect-marker\UnnecessaryEffectMarker]8;;\]
[0;36m562 |[0;0m         // AND BOTH STORES REALLY WORK ON THEIR ADOPTED CONNECTIONS -- an identity match with a store that cannot
[0;36m563 |[0;0m         // query would prove nothing.
[0;36m564 |[0;0m         XCTAssertNoThrow(try runtime.messageStore.allHeldMsgIds(),
    [0;36m|[0;0m                          `- [1;33mwarning: [1;39mno calls to throwing functions occur within 'try' expression[0;0m [#]8;;https://docs.swift.org/compiler/documentation/diagnostics/unnecessary-effect-marker\UnnecessaryEffectMarker]8;;\]
[0;36m565 |[0;0m                          "the repository must answer on the adopted connection")
[0;36m566 |[0;0m 

/Users/oculus/.cache/godstone-mutation-worktrees/wt_T60-RC12-ios-the-touch-target-minimum-vanish/ios/Packages/GodstoneFoundation/Tests/GodstoneMeshTests/GsFinal005MandatoryClockTests.swift:149:21: [1;33mwarning: [1;39mno calls to throwing functions occur within 'try' expression[0;0m [#]8;;https://docs.swift.org/compiler/documentation/diagnostics/unnecessary-effect-marker\UnnecessaryEffectMarker]8;;\]
[0;36m147 |[0;0m     func testGSFINAL005_theControlClockIsMonotonicAndNotWallTime() throws {
[0;36m148 |[0;0m         let url = tempUrl("controlclock")
[0;36m149 |[0;0m         let store = try SqliteMessageStore(url: url, maxBytes: 8 * 1024 * 1024)
    [0;36m|[0;0m                     `- [1;33mwarning: [1;39mno calls to throwing functions occur within 'try' expression[0;0m [#]8;;https://docs.swift.org/compiler/documentation/diagnostics/unnecessary-effect-marker\UnnecessaryEffectMarker]8;;\]
[0;36m150 |[0;0m         let identity = try MeshIdentity.generateAndStore(keychain: InMemoryKeychain())
[0;36m151 |[0;0m         let tracker = DeliveryTracker(

/Users/oculus/.cache/godstone-mutation-worktrees/wt_T60-RC12-ios-the-touch-target-minimum-vanish/ios/Packages/GodstoneFoundation/Tests/GodstoneMeshTests/GsIntegration001CrossPlatformWorkerTests.swift:725:17: [1;33mwarning: [1;39musing '_' to ignore the result of a Void-returning function is redundant[0;0m
[0;36m723 |[0;0m                 let request = RealTransportHostRig.HostRequest(
[0;36m724 |[0;0m                     pinnedCentral: rig.centralPresent(handle), uuid: uuid, value: rec.payload)
[0;36m725 |[0;0m                 _ = node.ble.processPeripheralReceiveWrite(
    [0;36m|[0;0m                 `- [1;33mwarning: [1;39musing '_' to ignore the result of a Void-returning function is redundant[0;0m
[0;36m726 |[0;0m                     manager, requests: [unsafeBitCast(request, to: CBATTRequest.self)],
[0;36m727 |[0;0m                     sourceEpoch: node.ble.currentTransportEpoch)

/Users/oculus/.cache/godstone-mutation-worktrees/wt_T60-RC12-ios-the-touch-target-minimum-vanish/ios/Packages/GodstoneFoundation/Tests/GodstoneMeshTests/GsIntegration001RealTransportTests.swift:1586:17: [1;33mwarning: [1;39mcapture of 'r' with non-Sendable type 'RealTransportHostRig' in a '@Sendable' closure[0;0m [#]8;;https://docs.swift.org/compiler/documentation/diagnostics/sendable-closure-captures\SendableClosureCaptures]8;;\]
[0;36m1584 |[0;0m             let tornDown = DispatchSemaphore(value: 0)
[0;36m1585 |[0;0m             DispatchQueue.global().async {
[0;36m1586 |[0;0m                 r.tearDown()
     [0;36m|[0;0m                 `- [1;33mwarning: [1;39mcapture of 'r' with non-Sendable type 'RealTransportHostRig' in a '@Sendable' closure[0;0m [#]8;;https://docs.swift.org/compiler/documentation/diagnostics/sendable-closure-captures\SendableClosureCaptures]8;;\]
[0;36m1587 |[0;0m                 tornDown.signal()
[0;36m1588 |[0;0m             }

GodstoneMesh.RealTransportHostRig:1:20: [1;39mnote: [1;39mclass 'RealTransportHostRig' does not conform to the 'Sendable' protocol[0;0m
 [0;36m1 |[0;0m final public class RealTransportHostRig {
   [0;36m|[0;0m                    `- [1;39mnote: [1;39mclass 'RealTransportHostRig' does not conform to the 'Sendable' protocol[0;0m
 [0;36m2 |[0;0m     public struct WireWrite : Sendable, Equatable {
 [0;36m3 |[0;0m         public let from: String

/Users/oculus/.cache/godstone-mutation-worktrees/wt_T60-RC12-ios-the-touch-target-minimum-vanish/ios/Packages/GodstoneFoundation/Tests/GodstoneMeshTests/GsIntegration001RealTransportTests.swift:6:11: [1;33mwarning: [1;39madd '@preconcurrency' to suppress 'Sendable'-related warnings from module 'GodstoneMesh'[0;0m [#]8;;https://docs.swift.org/compiler/documentation/diagnostics/add-preconcurrency-import\AddPreconcurrencyImport]8;;\]
   [0;36m4 |[0;0m import ObjectiveC
   [0;36m5 |[0;0m @testable import GodstoneCore
   [0;36m6 |[0;0m @testable import GodstoneMesh
     [0;36m|[0;0m           `- [1;33mwarning: [1;39madd '@preconcurrency' to suppress 'Sendable'-related warnings from module 'GodstoneMesh'[0;0m [#]8;;https://docs.swift.org/compiler/documentation/diagnostics/add-preconcurrency-import\AddPreconcurrencyImport]8;;\]
   [0;36m7 |[0;0m 
   [0;36m8 |[0;0m /// GS-INTEGRATION-001: The harness court standing on the real transport.

/Users/oculus/.cache/godstone-mutation-worktrees/wt_T60-RC12-ios-the-touch-target-minimum-vanish/ios/Packages/GodstoneFoundation/Tests/GodstoneMeshTests/GsIntegration001ScenarioTests.swift:172:25: [1;33mwarning: [1;39mno calls to throwing functions occur within 'try' expression[0;0m [#]8;;https://docs.swift.org/compiler/documentation/diagnostics/unnecessary-effect-marker\UnnecessaryEffectMarker]8;;\]
[0;36m170 |[0;0m             return XCTFail("the stranger-bound initiator must still form its first counsel")
[0;36m171 |[0;0m         }
[0;36m172 |[0;0m         guard let hs2 = try? responder.responderProcessMessage1AndWriteMessage2(hs1: hs1) else {
    [0;36m|[0;0m                         `- [1;33mwarning: [1;39mno calls to throwing functions occur within 'try' expression[0;0m [#]8;;https://docs.swift.org/compiler/documentation/diagnostics/unnecessary-effect-marker\UnnecessaryEffectMarker]8;;\]
[0;36m173 |[0;0m             return XCTFail("the production responder must answer the honest HS1 -- its gates are not the subject here")
[0;36m174 |[0;0m         }

/Users/oculus/.cache/godstone-mutation-worktrees/wt_T60-RC12-ios-the-touch-target-minimum-vanish/ios/Packages/GodstoneFoundation/Tests/GodstoneMeshTests/GsIntegration001ScenarioTests.swift:405:13: [1;33mwarning: [1;39minitialization of immutable value 'initiator' was never used; consider replacing with assignment to '_' or removing it[0;0m [#]8;;https://docs.swift.org/compiler/documentation/diagnostics/no-usage\NoUsage]8;;\]
[0;36m403 |[0;0m         let link = try r.link("alice", "bob")
[0;36m404 |[0;0m 
[0;36m405 |[0;0m         let initiator = try XCTUnwrap(r.opener(of: "alice", "bob"), "the initiator of the alice--bob exchange")
    [0;36m|[0;0m             `- [1;33mwarning: [1;39minitialization of immutable value 'initiator' was never used; consider replacing with assignment to '_' or removing it[0;0m [#]8;;https://docs.swift.org/compiler/documentation/diagnostics/no-usage\NoUsage]8;;\]
[0;36m406 |[0;0m         XCTAssertTrue(
[0;36m407 |[0;0m             r.waitUntil { r.isLinkReady(link) },

/Users/oculus/.cache/godstone-mutation-worktrees/wt_T60-RC12-ios-the-touch-target-minimum-vanish/ios/Packages/GodstoneFoundation/Tests/GodstoneMeshTests/GsStress001RealRuntimeDriverTests.swift:423:22: [1;33mwarning: [1;39mmutation of captured var 'result' in concurrently-executing code; this is an error in the Swift 6 language mode[0;0m [#]8;;https://docs.swift.org/compiler/documentation/diagnostics/sendable-closure-captures\SendableClosureCaptures]8;;\]
 [0;36m421 |[0;0m         let worker = Thread {
 [0;36m422 |[0;0m             Task {
 [0;36m423 |[0;0m                 do { result = .success(try await body()) } catch { result = .failure(error) }
     [0;36m|[0;0m                      `- [1;33mwarning: [1;39mmutation of captured var 'result' in concurrently-executing code; this is an error in the Swift 6 language mode[0;0m [#]8;;https://docs.swift.org/compiler/documentation/diagnostics/sendable-closure-captures\SendableClosureCaptures]8;;\]
 [0;36m424 |[0;0m                 sem.signal()
 [0;36m425 |[0;0m             }

/Users/oculus/.cache/godstone-mutation-worktrees/wt_T60-RC12-ios-the-touch-target-minimum-vanish/ios/Packages/GodstoneFoundation/Tests/GodstoneMeshTests/GsStress001RealRuntimeDriverTests.swift:423:68: [1;33mwarning: [1;39mmutation of captured var 'result' in concurrently-executing code; this is an error in the Swift 6 language mode[0;0m [#]8;;https://docs.swift.org/compiler/documentation/diagnostics/sendable-closure-captures\SendableClosureCaptures]8;;\]
 [0;36m421 |[0;0m         let worker = Thread {
 [0;36m422 |[0;0m             Task {
 [0;36m423 |[0;0m                 do { result = .success(try await body()) } catch { result = .failure(error) }
     [0;36m|[0;0m                                                                    `- [1;33mwarning: [1;39mmutation of captured var 'result' in concurrently-executing code; this is an error in the Swift 6 language mode[0;0m [#]8;;https://docs.swift.org/compiler/documentation/diagnostics/sendable-closure-captures\SendableClosureCaptures]8;;\]
 [0;36m424 |[0;0m                 sem.signal()
 [0;36m425 |[0;0m             }

[#AddPreconcurrencyImport]: <https://docs.swift.org/compiler/documentation/diagnostics/add-preconcurrency-import>
[#NoUsage]: <https://docs.swift.org/compiler/documentation/diagnostics/no-usage>
[#SendableClosureCaptures]: <https://docs.swift.org/compiler/documentation/diagnostics/sendable-closure-captures>
[#UnnecessaryEffectMarker]: <https://docs.swift.org/compiler/documentation/diagnostics/unnecessary-effect-marker>
/Users/oculus/.cache/godstone-mutation-worktrees/wt_T60-RC12-ios-the-touch-target-minimum-vanish/ios/Packages/GodstoneFoundation/Tests/GodstoneMeshTests/ReadinessT19Tests.swift:347:9: [1;33mwarning: [1;39musing '_' to ignore the result of a Void-returning function is redundant[0;0m
 [0;36m345 |[0;0m         let req = CaptureRequest(centralId: centralId, pinnedCentral: pinned, value: bytes)
 [0;36m346 |[0;0m         pins.append(req)
 [0;36m347 |[0;0m         _ = bob.processPeripheralReceiveWrite(pm, requests: [unsafeBitCast(req, to: CBATTRequest.self)],
     [0;36m|[0;0m         `- [1;33mwarning: [1;39musing '_' to ignore the result of a Void-returning function is redundant[0;0m
 [0;36m348 |[0;0m                                              sourceEpoch: bob.currentTransportEpoch)
 [0;36m349 |[0;0m     }

/Users/oculus/.cache/godstone-mutation-worktrees/wt_T60-RC12-ios-the-touch-target-minimum-vanish/ios/Packages/GodstoneFoundation/Tests/GodstoneMeshTests/ReadinessT19Tests.swift:372:9: [1;33mwarning: [1;39musing '_' to ignore the result of a Void-returning function is redundant[0;0m
 [0;36m370 |[0;0m                 ReadinessT19Tests.remoteLinkInfoStatic(hint: serviceDataHint)]
 [0;36m371 |[0;0m         ]
 [0;36m372 |[0;0m         _ = alice.processCentralDidDiscover(
     [0;36m|[0;0m         `- [1;33mwarning: [1;39musing '_' to ignore the result of a Void-returning function is redundant[0;0m
 [0;36m373 |[0;0m             cm, peripheral: unsafeBitCast(capturePeer, to: CBPeripheral.self),
 [0;36m374 |[0;0m             advertisementData: advRecord, rssi: NSNumber(value: -60),

/Users/oculus/.cache/godstone-mutation-worktrees/wt_T60-RC12-ios-the-touch-target-minimum-vanish/ios/Packages/GodstoneFoundation/Tests/GodstoneMeshTests/ReadinessT19Tests.swift:939:13: [1;33mwarning: [1;39mvariable 'accepts' was never mutated; consider changing to 'let' constant[0;0m [#]8;;https://docs.swift.org/compiler/documentation/diagnostics/variable-never-mutated\VariableNeverMutated]8;;\]
 [0;36m937 |[0;0m                                               remoteHint: pair.aliceIdentity.nodeHint)
 [0;36m938 |[0;0m         guard let pm = pmOpt else { XCTFail(why); return }
 [0;36m939 |[0;0m         var accepts = false
     [0;36m|[0;0m             `- [1;33mwarning: [1;39mvariable 'accepts' was never mutated; consider changing to 'let' constant[0;0m [#]8;;https://docs.swift.org/compiler/documentation/diagnostics/variable-never-mutated\VariableNeverMutated]8;;\]
 [0;36m940 |[0;0m         pm.updateAnswer = { _ in accepts }
 [0;36m941 |[0;0m         let f = makeFrame([9, 8, 7, 6, 5, 4])

/Users/oculus/.cache/godstone-mutation-worktrees/wt_T60-RC12-ios-the-touch-target-minimum-vanish/ios/Packages/GodstoneFoundation/Tests/GodstoneMeshTests/ReadinessT19Tests.swift:1127:34: [1;33mwarning: [1;39mimmutable value 'res' was never used; consider replacing with '_' or removing it[0;0m [#]8;;https://docs.swift.org/compiler/documentation/diagnostics/no-usage\NoUsage]8;;\]
[0;36m1125 |[0;0m         let writer = RecordWriter(connection: conn, relationKey: rk)
[0;36m1126 |[0;0m         let answer = writer.reserve(recordType: .data, clearLength: 120, capacity: 512)
[0;36m1127 |[0;0m         guard case .admitted(let res) = answer else {
     [0;36m|[0;0m                                  `- [1;33mwarning: [1;39mimmutable value 'res' was never used; consider replacing with '_' or removing it[0;0m [#]8;;https://docs.swift.org/compiler/documentation/diagnostics/no-usage\NoUsage]8;;\]
[0;36m1128 |[0;0m             return XCTFail("the reservation must be admitted: \(answer)")
[0;36m1129 |[0;0m         }

/Users/oculus/.cache/godstone-mutation-worktrees/wt_T60-RC12-ios-the-touch-target-minimum-vanish/ios/Packages/GodstoneFoundation/Tests/GodstoneMeshTests/ReadinessT20Tests.swift:347:9: [1;33mwarning: [1;39musing '_' to ignore the result of a Void-returning function is redundant[0;0m
 [0;36m345 |[0;0m         let req = CaptureRequest(centralId: centralId, pinnedCentral: pinned, value: bytes)
 [0;36m346 |[0;0m         pins.append(req)
 [0;36m347 |[0;0m         _ = bob.processPeripheralReceiveWrite(pm, requests: [unsafeBitCast(req, to: CBATTRequest.self)],
     [0;36m|[0;0m         `- [1;33mwarning: [1;39musing '_' to ignore the result of a Void-returning function is redundant[0;0m
 [0;36m348 |[0;0m                                              sourceEpoch: bob.currentTransportEpoch)
 [0;36m349 |[0;0m     }

/Users/oculus/.cache/godstone-mutation-worktrees/wt_T60-RC12-ios-the-touch-target-minimum-vanish/ios/Packages/GodstoneFoundation/Tests/GodstoneMeshTests/ReadinessT20Tests.swift:371:9: [1;33mwarning: [1;39musing '_' to ignore the result of a Void-returning function is redundant[0;0m
 [0;36m369 |[0;0m                 ReadinessT20Tests.remoteLinkInfoStatic(hint: serviceDataHint)]
 [0;36m370 |[0;0m         ]
 [0;36m371 |[0;0m         _ = alice.processCentralDidDiscover(
     [0;36m|[0;0m         `- [1;33mwarning: [1;39musing '_' to ignore the result of a Void-returning function is redundant[0;0m
 [0;36m372 |[0;0m             cm, peripheral: unsafeBitCast(capturePeer, to: CBPeripheral.self),
 [0;36m373 |[0;0m             advertisementData: advRecord, rssi: NSNumber(value: -60),

/Users/oculus/.cache/godstone-mutation-worktrees/wt_T60-RC12-ios-the-touch-target-minimum-vanish/ios/Packages/GodstoneFoundation/Tests/GodstoneMeshTests/ReadinessT20Tests.swift:690:13: [1;33mwarning: [1;39mresult of call to 'publishRelation' is unused[0;0m [#]8;;https://docs.swift.org/compiler/documentation/diagnostics/no-usage\NoUsage]8;;\]
 [0;36m688 |[0;0m         }
 [0;36m689 |[0;0m         let gen = bob.peripheralDriver?.getCentralGeneration(centralId) ?? 0
 [0;36m690 |[0;0m         bob.publishRelation(RelationKey(direction: .inboundPeripheral, peerId: centralId,
     [0;36m|[0;0m             `- [1;33mwarning: [1;39mresult of call to 'publishRelation' is unused[0;0m [#]8;;https://docs.swift.org/compiler/documentation/diagnostics/no-usage\NoUsage]8;;\]
 [0;36m691 |[0;0m                                         generation: gen))
 [0;36m692 |[0;0m         XCTAssertTrue(bob.isRelationPublished(direction: .inboundPeripheral, peerId: centralId,

/Users/oculus/.cache/godstone-mutation-worktrees/wt_T60-RC12-ios-the-touch-target-minimum-vanish/ios/Packages/GodstoneFoundation/Tests/GodstoneMeshTests/ReadinessT20Tests.swift:770:13: [1;33mwarning: [1;39mvariable 'now' was never mutated; consider changing to 'let' constant[0;0m [#]8;;https://docs.swift.org/compiler/documentation/diagnostics/variable-never-mutated\VariableNeverMutated]8;;\]
 [0;36m768 |[0;0m         defer { ReadinessTrustedPairing.tearDown(pair) }
 [0;36m769 |[0;0m         let centralId = pair.viaAlice
 [0;36m770 |[0;0m         var now = TimeInterval(1_700_000_000)
     [0;36m|[0;0m             `- [1;33mwarning: [1;39mvariable 'now' was never mutated; consider changing to 'let' constant[0;0m [#]8;;https://docs.swift.org/compiler/documentation/diagnostics/variable-never-mutated\VariableNeverMutated]8;;\]
 [0;36m771 |[0;0m         let bob = BleTransport(identity: pair.bobIdentity, store: T17MessageStore(),
 [0;36m772 |[0;0m                                sessions: pair.bobManager, managerFactory: CaptureFactory(),

/Users/oculus/.cache/godstone-mutation-worktrees/wt_T60-RC12-ios-the-touch-target-minimum-vanish/ios/Packages/GodstoneFoundation/Tests/GodstoneMeshTests/ReadinessT20Tests.swift:801:13: [1;33mwarning: [1;39mvariable 'now' was never mutated; consider changing to 'let' constant[0;0m [#]8;;https://docs.swift.org/compiler/documentation/diagnostics/variable-never-mutated\VariableNeverMutated]8;;\]
 [0;36m799 |[0;0m         defer { ReadinessTrustedPairing.tearDown(pair) }
 [0;36m800 |[0;0m         let centralId = pair.viaAlice
 [0;36m801 |[0;0m         var now = TimeInterval(1_700_000_000)
     [0;36m|[0;0m             `- [1;33mwarning: [1;39mvariable 'now' was never mutated; consider changing to 'let' constant[0;0m [#]8;;https://docs.swift.org/compiler/documentation/diagnostics/variable-never-mutated\VariableNeverMutated]8;;\]
 [0;36m802 |[0;0m         let recorder = T17DelegateSpy()
 [0;36m803 |[0;0m         let bob = BleTransport(identity: pair.bobIdentity, store: T17MessageStore(),

/Users/oculus/.cache/godstone-mutation-worktrees/wt_T60-RC12-ios-the-touch-target-minimum-vanish/ios/Packages/GodstoneFoundation/Tests/GodstoneMeshTests/ReadinessT20Tests.swift:849:13: [1;33mwarning: [1;39mvariable 'now' was never mutated; consider changing to 'let' constant[0;0m [#]8;;https://docs.swift.org/compiler/documentation/diagnostics/variable-never-mutated\VariableNeverMutated]8;;\]
 [0;36m847 |[0;0m         defer { ReadinessTrustedPairing.tearDown(pair) }
 [0;36m848 |[0;0m         let centralId = pair.viaAlice
 [0;36m849 |[0;0m         var now = TimeInterval(1_700_000_000)
     [0;36m|[0;0m             `- [1;33mwarning: [1;39mvariable 'now' was never mutated; consider changing to 'let' constant[0;0m [#]8;;https://docs.swift.org/compiler/documentation/diagnostics/variable-never-mutated\VariableNeverMutated]8;;\]
 [0;36m850 |[0;0m         let recorder = T17DelegateSpy()
 [0;36m851 |[0;0m         let bob = BleTransport(identity: pair.bobIdentity, store: T17MessageStore(),

/Users/oculus/.cache/godstone-mutation-worktrees/wt_T60-RC12-ios-the-touch-target-minimum-vanish/ios/Packages/GodstoneFoundation/Tests/GodstoneMeshTests/ReadinessT20Tests.swift:899:13: [1;33mwarning: [1;39mvariable 'now' was never mutated; consider changing to 'let' constant[0;0m [#]8;;https://docs.swift.org/compiler/documentation/diagnostics/variable-never-mutated\VariableNeverMutated]8;;\]
 [0;36m897 |[0;0m         defer { ReadinessTrustedPairing.tearDown(pair) }
 [0;36m898 |[0;0m         let centralId = pair.viaAlice
 [0;36m899 |[0;0m         var now = TimeInterval(1_700_000_000)
     [0;36m|[0;0m             `- [1;33mwarning: [1;39mvariable 'now' was never mutated; consider changing to 'let' constant[0;0m [#]8;;https://docs.swift.org/compiler/documentation/diagnostics/variable-never-mutated\VariableNeverMutated]8;;\]
 [0;36m900 |[0;0m         let recorder = T17DelegateSpy()
 [0;36m901 |[0;0m         let bob = BleTransport(identity: pair.bobIdentity, store: T17MessageStore(),

/Users/oculus/.cache/godstone-mutation-worktrees/wt_T60-RC12-ios-the-touch-target-minimum-vanish/ios/Packages/GodstoneFoundation/Tests/GodstoneMeshTests/ReadinessT20Tests.swift:935:13: [1;33mwarning: [1;39mvariable 'now' was never mutated; consider changing to 'let' constant[0;0m [#]8;;https://docs.swift.org/compiler/documentation/diagnostics/variable-never-mutated\VariableNeverMutated]8;;\]
 [0;36m933 |[0;0m         defer { ReadinessTrustedPairing.tearDown(pair) }
 [0;36m934 |[0;0m         let centralId = pair.viaAlice
 [0;36m935 |[0;0m         var now = TimeInterval(1_700_000_000)
     [0;36m|[0;0m             `- [1;33mwarning: [1;39mvariable 'now' was never mutated; consider changing to 'let' constant[0;0m [#]8;;https://docs.swift.org/compiler/documentation/diagnostics/variable-never-mutated\VariableNeverMutated]8;;\]
 [0;36m936 |[0;0m         let bob = BleTransport(identity: pair.bobIdentity, store: T17MessageStore(),
 [0;36m937 |[0;0m                                sessions: pair.bobManager, managerFactory: CaptureFactory(),

/Users/oculus/.cache/godstone-mutation-worktrees/wt_T60-RC12-ios-the-touch-target-minimum-vanish/ios/Packages/GodstoneFoundation/Tests/GodstoneMeshTests/ReadinessT20Tests.swift:942:19: [1;33mwarning: [1;39mvalue 'pm' was defined but never used; consider replacing with boolean test[0;0m [#]8;;https://docs.swift.org/compiler/documentation/diagnostics/no-usage\NoUsage]8;;\]
 [0;36m940 |[0;0m                                        remoteHint: pair.aliceIdentity.nodeHint,
 [0;36m941 |[0;0m                                        leaseClock: { now })
 [0;36m942 |[0;0m         guard let pm = pm else { XCTFail("the responder never stood ready: " + why); return }
     [0;36m|[0;0m                   `- [1;33mwarning: [1;39mvalue 'pm' was defined but never used; consider replacing with boolean test[0;0m [#]8;;https://docs.swift.org/compiler/documentation/diagnostics/no-usage\NoUsage]8;;\]
 [0;36m943 |[0;0m         guard let conn = bob.connection(for: centralId) else {
 [0;36m944 |[0;0m             XCTFail("the responder has no connection"); return

/Users/oculus/.cache/godstone-mutation-worktrees/wt_T60-RC12-ios-the-touch-target-minimum-vanish/ios/Packages/GodstoneFoundation/Tests/GodstoneMeshTests/ReadinessT20Tests.swift:943:19: [1;33mwarning: [1;39mvalue 'conn' was defined but never used; consider replacing with boolean test[0;0m [#]8;;https://docs.swift.org/compiler/documentation/diagnostics/no-usage\NoUsage]8;;\]
 [0;36m941 |[0;0m                                        leaseClock: { now })
 [0;36m942 |[0;0m         guard let pm = pm else { XCTFail("the responder never stood ready: " + why); return }
 [0;36m943 |[0;0m         guard let conn = bob.connection(for: centralId) else {
     [0;36m|[0;0m                   `- [1;33mwarning: [1;39mvalue 'conn' was defined but never used; consider replacing with boolean test[0;0m [#]8;;https://docs.swift.org/compiler/documentation/diagnostics/no-usage\NoUsage]8;;\]
 [0;36m944 |[0;0m             XCTFail("the responder has no connection"); return
 [0;36m945 |[0;0m         }

/Users/oculus/.cache/godstone-mutation-worktrees/wt_T60-RC12-ios-the-touch-target-minimum-vanish/ios/Packages/GodstoneFoundation/Tests/GodstoneMeshTests/ReadinessT20Tests.swift:1009:13: [1;33mwarning: [1;39mresult of call to 'publishRelation' is unused[0;0m [#]8;;https://docs.swift.org/compiler/documentation/diagnostics/no-usage\NoUsage]8;;\]
[0;36m1007 |[0;0m         guard let pm = pm else { XCTFail("the responder never stood ready: " + why); return }
[0;36m1008 |[0;0m         let gen = bob.peripheralDriver?.getCentralGeneration(centralId) ?? 0
[0;36m1009 |[0;0m         bob.publishRelation(RelationKey(direction: .inboundPeripheral, peerId: centralId,
     [0;36m|[0;0m             `- [1;33mwarning: [1;39mresult of call to 'publishRelation' is unused[0;0m [#]8;;https://docs.swift.org/compiler/documentation/diagnostics/no-usage\NoUsage]8;;\]
[0;36m1010 |[0;0m                                         generation: gen))
[0;36m1011 |[0;0m         XCTAssertTrue(bob.isRelationPublished(direction: .inboundPeripheral, peerId: centralId,

/Users/oculus/.cache/godstone-mutation-worktrees/wt_T60-RC12-ios-the-touch-target-minimum-vanish/ios/Packages/GodstoneFoundation/Tests/GodstoneMeshTests/ReadinessT20Tests.swift:1000:13: [1;33mwarning: [1;39mvariable 'now' was never mutated; consider changing to 'let' constant[0;0m [#]8;;https://docs.swift.org/compiler/documentation/diagnostics/variable-never-mutated\VariableNeverMutated]8;;\]
 [0;36m998 |[0;0m         defer { ReadinessTrustedPairing.tearDown(pair) }
 [0;36m999 |[0;0m         let centralId = pair.viaAlice
[0;36m1000 |[0;0m         var now = TimeInterval(1_700_000_000)
     [0;36m|[0;0m             `- [1;33mwarning: [1;39mvariable 'now' was never mutated; consider changing to 'let' constant[0;0m [#]8;;https://docs.swift.org/compiler/documentation/diagnostics/variable-never-mutated\VariableNeverMutated]8;;\]
[0;36m1001 |[0;0m         let bob = BleTransport(identity: pair.bobIdentity, store: T17MessageStore(),
[0;36m1002 |[0;0m                                sessions: pair.bobManager, managerFactory: CaptureFactory(),

/Users/oculus/.cache/godstone-mutation-worktrees/wt_T60-RC12-ios-the-touch-target-minimum-vanish/ios/Packages/GodstoneFoundation/Tests/GodstoneMeshTests/ReadinessT20Tests.swift:1007:19: [1;33mwarning: [1;39mvalue 'pm' was defined but never used; consider replacing with boolean test[0;0m [#]8;;https://docs.swift.org/compiler/documentation/diagnostics/no-usage\NoUsage]8;;\]
[0;36m1005 |[0;0m                                        remoteHint: pair.aliceIdentity.nodeHint,
[0;36m1006 |[0;0m                                        leaseClock: { now })
[0;36m1007 |[0;0m         guard let pm = pm else { XCTFail("the responder never stood ready: " + why); return }
     [0;36m|[0;0m                   `- [1;33mwarning: [1;39mvalue 'pm' was defined but never used; consider replacing with boolean test[0;0m [#]8;;https://docs.swift.org/compiler/documentation/diagnostics/no-usage\NoUsage]8;;\]
[0;36m1008 |[0;0m         let gen = bob.peripheralDriver?.getCentralGeneration(centralId) ?? 0
[0;36m1009 |[0;0m         bob.publishRelation(RelationKey(direction: .inboundPeripheral, peerId: centralId,

/Users/oculus/.cache/godstone-mutation-worktrees/wt_T60-RC12-ios-the-touch-target-minimum-vanish/ios/Packages/GodstoneFoundation/Tests/GodstoneMeshTests/ReadinessT20Tests.swift:1046:13: [1;33mwarning: [1;39mresult of call to 'publishRelation' is unused[0;0m [#]8;;https://docs.swift.org/compiler/documentation/diagnostics/no-usage\NoUsage]8;;\]
[0;36m1044 |[0;0m         }
[0;36m1045 |[0;0m         let gen = bob.peripheralDriver?.getCentralGeneration(centralId) ?? 0
[0;36m1046 |[0;0m         bob.publishRelation(RelationKey(direction: .inboundPeripheral, peerId: centralId,
     [0;36m|[0;0m             `- [1;33mwarning: [1;39mresult of call to 'publishRelation' is unused[0;0m [#]8;;https://docs.swift.org/compiler/documentation/diagnostics/no-usage\NoUsage]8;;\]
[0;36m1047 |[0;0m                                         generation: gen))
[0;36m1048 |[0;0m         XCTAssertTrue(bob.isRelationPublished(direction: .inboundPeripheral, peerId: centralId,

/Users/oculus/.cache/godstone-mutation-worktrees/wt_T60-RC12-ios-the-touch-target-minimum-vanish/ios/Packages/GodstoneFoundation/Tests/GodstoneMeshTests/ReadinessT20Tests.swift:1078:13: [1;33mwarning: [1;39mvariable 'now' was never mutated; consider changing to 'let' constant[0;0m [#]8;;https://docs.swift.org/compiler/documentation/diagnostics/variable-never-mutated\VariableNeverMutated]8;;\]
[0;36m1076 |[0;0m         defer { ReadinessTrustedPairing.tearDown(pair) }
[0;36m1077 |[0;0m         let centralId = pair.viaAlice
[0;36m1078 |[0;0m         var now = TimeInterval(1_700_000_000)
     [0;36m|[0;0m             `- [1;33mwarning: [1;39mvariable 'now' was never mutated; consider changing to 'let' constant[0;0m [#]8;;https://docs.swift.org/compiler/documentation/diagnostics/variable-never-mutated\VariableNeverMutated]8;;\]
[0;36m1079 |[0;0m         let recorder = T17DelegateSpy()
[0;36m1080 |[0;0m         let bob = BleTransport(identity: pair.bobIdentity, store: T17MessageStore(),

/Users/oculus/.cache/godstone-mutation-worktrees/wt_T60-RC12-ios-the-touch-target-minimum-vanish/ios/Packages/GodstoneFoundation/Tests/GodstoneMeshTests/ReadinessT20Tests.swift:1143:14: [1;33mwarning: [1;39mresult of call to 'publishRelation' is unused[0;0m [#]8;;https://docs.swift.org/compiler/documentation/diagnostics/no-usage\NoUsage]8;;\]
[0;36m1141 |[0;0m         }
[0;36m1142 |[0;0m         let genA = bobA.peripheralDriver?.getCentralGeneration(pairA.viaAlice) ?? 0
[0;36m1143 |[0;0m         bobA.publishRelation(RelationKey(direction: .inboundPeripheral, peerId: pairA.viaAlice,
     [0;36m|[0;0m              `- [1;33mwarning: [1;39mresult of call to 'publishRelation' is unused[0;0m [#]8;;https://docs.swift.org/compiler/documentation/diagnostics/no-usage\NoUsage]8;;\]
[0;36m1144 |[0;0m                                          generation: genA))
[0;36m1145 |[0;0m         XCTAssertTrue(bobA.isRelationPublished(direction: .inboundPeripheral,

/Users/oculus/.cache/godstone-mutation-worktrees/wt_T60-RC12-ios-the-touch-target-minimum-vanish/ios/Packages/GodstoneFoundation/Tests/GodstoneMeshTests/ReadinessT20Tests.swift:1255:13: [1;33mwarning: [1;39mvariable 'now' was never mutated; consider changing to 'let' constant[0;0m [#]8;;https://docs.swift.org/compiler/documentation/diagnostics/variable-never-mutated\VariableNeverMutated]8;;\]
[0;36m1253 |[0;0m         defer { ReadinessTrustedPairing.tearDown(pair) }
[0;36m1254 |[0;0m         let centralId = pair.viaAlice
[0;36m1255 |[0;0m         var now = TimeInterval(1_700_000_000)
     [0;36m|[0;0m             `- [1;33mwarning: [1;39mvariable 'now' was never mutated; consider changing to 'let' constant[0;0m [#]8;;https://docs.swift.org/compiler/documentation/diagnostics/variable-never-mutated\VariableNeverMutated]8;;\]
[0;36m1256 |[0;0m         let bob = BleTransport(identity: pair.bobIdentity, store: T17MessageStore(),
[0;36m1257 |[0;0m                                sessions: pair.bobManager, managerFactory: CaptureFactory(),

/Users/oculus/.cache/godstone-mutation-worktrees/wt_T60-RC12-ios-the-touch-target-minimum-vanish/ios/Packages/GodstoneFoundation/Tests/GodstoneMeshTests/ReadinessT21Tests.swift:347:9: [1;33mwarning: [1;39musing '_' to ignore the result of a Void-returning function is redundant[0;0m
 [0;36m345 |[0;0m         let req = CaptureRequest(centralId: centralId, pinnedCentral: pinned, value: bytes)
 [0;36m346 |[0;0m         pins.append(req)
 [0;36m347 |[0;0m         _ = bob.processPeripheralReceiveWrite(pm, requests: [unsafeBitCast(req, to: CBATTRequest.self)],
     [0;36m|[0;0m         `- [1;33mwarning: [1;39musing '_' to ignore the result of a Void-returning function is redundant[0;0m
 [0;36m348 |[0;0m                                              sourceEpoch: bob.currentTransportEpoch)
 [0;36m349 |[0;0m     }

/Users/oculus/.cache/godstone-mutation-worktrees/wt_T60-RC12-ios-the-touch-target-minimum-vanish/ios/Packages/GodstoneFoundation/Tests/GodstoneMeshTests/ReadinessT21Tests.swift:372:9: [1;33mwarning: [1;39musing '_' to ignore the result of a Void-returning function is redundant[0;0m
 [0;36m370 |[0;0m                 ReadinessT21Tests.remoteLinkInfoStatic(hint: serviceDataHint)]
 [0;36m371 |[0;0m         ]
 [0;36m372 |[0;0m         _ = alice.processCentralDidDiscover(
     [0;36m|[0;0m         `- [1;33mwarning: [1;39musing '_' to ignore the result of a Void-returning function is redundant[0;0m
 [0;36m373 |[0;0m             cm, peripheral: unsafeBitCast(capturePeer, to: CBPeripheral.self),
 [0;36m374 |[0;0m             advertisementData: advRecord, rssi: NSNumber(value: -60),

/Users/oculus/.cache/godstone-mutation-worktrees/wt_T60-RC12-ios-the-touch-target-minimum-vanish/ios/Packages/GodstoneFoundation/Tests/GodstoneMeshTests/ReadinessT21Tests.swift:938:19: [1;33mwarning: [1;39mvalue '_chain' was defined but never used; consider replacing with boolean test[0;0m [#]8;;https://docs.swift.org/compiler/documentation/diagnostics/no-usage\NoUsage]8;;\]
 [0;36m936 |[0;0m         let r = try rigT21()
 [0;36m937 |[0;0m         defer { cleanup(r) }
 [0;36m938 |[0;0m         guard let _chain = try driveToReady(r) else { return }
     [0;36m|[0;0m                   `- [1;33mwarning: [1;39mvalue '_chain' was defined but never used; consider replacing with boolean test[0;0m [#]8;;https://docs.swift.org/compiler/documentation/diagnostics/no-usage\NoUsage]8;;\]
 [0;36m939 |[0;0m         let beforeData = r.capturePeer.writes
 [0;36m940 |[0;0m         let kindsBefore = beforeData.map { typeOfByte($0) }

/Users/oculus/.cache/godstone-mutation-worktrees/wt_T60-RC12-ios-the-touch-target-minimum-vanish/ios/Packages/GodstoneFoundation/Tests/GodstoneMeshTests/ReadinessT21Tests.swift:992:19: [1;33mwarning: [1;39mvalue '_chain' was defined but never used; consider replacing with boolean test[0;0m [#]8;;https://docs.swift.org/compiler/documentation/diagnostics/no-usage\NoUsage]8;;\]
 [0;36m990 |[0;0m         let censusA0 = r.alice.publishedRelationsForTest().count
 [0;36m991 |[0;0m         let censusB0 = r.bob.publishedRelationsForTest().count
 [0;36m992 |[0;0m         guard let _chain = try driveToReady(r) else { return }
     [0;36m|[0;0m                   `- [1;33mwarning: [1;39mvalue '_chain' was defined but never used; consider replacing with boolean test[0;0m [#]8;;https://docs.swift.org/compiler/documentation/diagnostics/no-usage\NoUsage]8;;\]
 [0;36m993 |[0;0m         XCTAssertTrue(waitUntil2 { !r.bobSpy.handshakeReadyPeers.isEmpty },
 [0;36m994 |[0;0m                       "the completion hook must note the trusted passage")

/Users/oculus/.cache/godstone-mutation-worktrees/wt_T60-RC12-ios-the-touch-target-minimum-vanish/ios/Packages/GodstoneFoundation/Tests/GodstoneMeshTests/ReadinessT22Tests.swift:345:9: [1;33mwarning: [1;39musing '_' to ignore the result of a Void-returning function is redundant[0;0m
 [0;36m343 |[0;0m         let req = CaptureRequest(centralId: centralId, pinnedCentral: pinned, value: bytes)
 [0;36m344 |[0;0m         pins.append(req)
 [0;36m345 |[0;0m         _ = bob.processPeripheralReceiveWrite(pm, requests: [unsafeBitCast(req, to: CBATTRequest.self)],
     [0;36m|[0;0m         `- [1;33mwarning: [1;39musing '_' to ignore the result of a Void-returning function is redundant[0;0m
 [0;36m346 |[0;0m                                              sourceEpoch: bob.currentTransportEpoch)
 [0;36m347 |[0;0m     }

/Users/oculus/.cache/godstone-mutation-worktrees/wt_T60-RC12-ios-the-touch-target-minimum-vanish/ios/Packages/GodstoneFoundation/Tests/GodstoneMeshTests/ReadinessT22Tests.swift:369:9: [1;33mwarning: [1;39musing '_' to ignore the result of a Void-returning function is redundant[0;0m
 [0;36m367 |[0;0m                 ReadinessT22Tests.remoteLinkInfoStatic(hint: serviceDataHint)]
 [0;36m368 |[0;0m         ]
 [0;36m369 |[0;0m         _ = alice.processCentralDidDiscover(
     [0;36m|[0;0m         `- [1;33mwarning: [1;39musing '_' to ignore the result of a Void-returning function is redundant[0;0m
 [0;36m370 |[0;0m             cm, peripheral: unsafeBitCast(capturePeer, to: CBPeripheral.self),
 [0;36m371 |[0;0m             advertisementData: advRecord, rssi: NSNumber(value: -60),

/Users/oculus/.cache/godstone-mutation-worktrees/wt_T60-RC12-ios-the-touch-target-minimum-vanish/ios/Packages/GodstoneFoundation/Tests/GodstoneMeshTests/ReadinessT22Tests.swift:741:23: [1;33mwarning: [1;39mimmutable value 'hs2' was never used; consider replacing with '_' or removing it[0;0m [#]8;;https://docs.swift.org/compiler/documentation/diagnostics/no-usage\NoUsage]8;;\]
 [0;36m739 |[0;0m     func testTheResponderIsNotTrustedByTheFirstNorTheSecondAloneAndNoDATARidesTheStream() throws {
 [0;36m740 |[0;0m         let r = try rigT22()
 [0;36m741 |[0;0m         guard let (_, hs2) = try driveToAnswered(r) else { return }
     [0;36m|[0;0m                       `- [1;33mwarning: [1;39mimmutable value 'hs2' was never used; consider replacing with '_' or removing it[0;0m [#]8;;https://docs.swift.org/compiler/documentation/diagnostics/no-usage\NoUsage]8;;\]
 [0;36m742 |[0;0m         XCTAssertEqual(r.bob.connection(for: r.handleA)?.state, .handshakeInProgress)
 [0;36m743 |[0;0m         XCTAssertFalse(r.pair.bobManager.isReady(r.handleA), "the first and second alone make no trust")

/Users/oculus/.cache/godstone-mutation-worktrees/wt_T60-RC12-ios-the-touch-target-minimum-vanish/ios/Packages/GodstoneFoundation/Tests/GodstoneMeshTests/ReadinessT22Tests.swift:981:13: [1;33mwarning: [1;39mvariable 'bobIdentity' was never mutated; consider changing to 'let' constant[0;0m [#]8;;https://docs.swift.org/compiler/documentation/diagnostics/variable-never-mutated\VariableNeverMutated]8;;\]
 [0;36m979 |[0;0m         // right way: alice below bob. Search forward from the requested seed.
 [0;36m980 |[0;0m         var aliceIdentity = try ReadinessTrustedPairing.makeIdentity(seedByte: seedA, staticPrivByte: privA)
 [0;36m981 |[0;0m         var bobIdentity = try ReadinessTrustedPairing.makeIdentity(seedByte: seedB, staticPrivByte: privB)
     [0;36m|[0;0m             `- [1;33mwarning: [1;39mvariable 'bobIdentity' was never mutated; consider changing to 'let' constant[0;0m [#]8;;https://docs.swift.org/compiler/documentation/diagnostics/variable-never-mutated\VariableNeverMutated]8;;\]
 [0;36m982 |[0;0m         var candidate = seedA
 [0;36m983 |[0;0m         while ReadinessTrustedPairing.hintOrder(aliceIdentity.nodeHint, bobIdentity.nodeHint) != .orderedAscending {

/Users/oculus/.cache/godstone-mutation-worktrees/wt_T60-RC12-ios-the-touch-target-minimum-vanish/ios/Packages/GodstoneFoundation/Tests/GodstoneMeshTests/ReadinessT22Tests.swift:1177:9: [1;33mwarning: [1;39musing '_' to ignore the result of a Void-returning function is redundant[0;0m
[0;36m1175 |[0;0m         let adv: [String: Any] = [CBAdvertisementDataServiceDataKey:
[0;36m1176 |[0;0m             [BleTransport.serviceUuid: ReadinessT22Tests.remoteLinkInfoStatic(hint: other)]]
[0;36m1177 |[0;0m         _ = r.alice.processCentralDidDiscover(
     [0;36m|[0;0m         `- [1;33mwarning: [1;39musing '_' to ignore the result of a Void-returning function is redundant[0;0m
[0;36m1178 |[0;0m             cm,
[0;36m1179 |[0;0m             peripheral: unsafeBitCast(r.capturePeer, to: CBPeripheral.self),

/Users/oculus/.cache/godstone-mutation-worktrees/wt_T60-RC12-ios-the-touch-target-minimum-vanish/ios/Packages/GodstoneFoundation/Tests/GodstoneMeshTests/ReadinessT23Tests.swift:289:9: [1;33mwarning: [1;39musing '_' to ignore the result of a Void-returning function is redundant[0;0m
 [0;36m287 |[0;0m         let req = CaptureRequest(centralId: centralId, pinnedCentral: pinned, value: bytes)
 [0;36m288 |[0;0m         pins.append(req)
 [0;36m289 |[0;0m         _ = bob.processPeripheralReceiveWrite(pm, requests: [unsafeBitCast(req, to: CBATTRequest.self)],
     [0;36m|[0;0m         `- [1;33mwarning: [1;39musing '_' to ignore the result of a Void-returning function is redundant[0;0m
 [0;36m290 |[0;0m                                             sourceEpoch: bob.currentTransportEpoch)
 [0;36m291 |[0;0m     }

/Users/oculus/.cache/godstone-mutation-worktrees/wt_T60-RC12-ios-the-touch-target-minimum-vanish/ios/Packages/GodstoneFoundation/Tests/GodstoneMeshTests/ReadinessT23Tests.swift:328:9: [1;33mwarning: [1;39musing '_' to ignore the result of a Void-returning function is redundant[0;0m
 [0;36m326 |[0;0m                 ReadinessT23Tests.remoteLinkInfoStatic(hint: serviceDataHint)]
 [0;36m327 |[0;0m         ]
 [0;36m328 |[0;0m         _ = alice.processCentralDidDiscover(
     [0;36m|[0;0m         `- [1;33mwarning: [1;39musing '_' to ignore the result of a Void-returning function is redundant[0;0m
 [0;36m329 |[0;0m             cm, peripheral: unsafeBitCast(capturePeer, to: CBPeripheral.self),
 [0;36m330 |[0;0m             advertisementData: advRecord, rssi: NSNumber(value: -60),

/Users/oculus/.cache/godstone-mutation-worktrees/wt_T60-RC12-ios-the-touch-target-minimum-vanish/ios/Packages/GodstoneFoundation/Tests/GodstoneMeshTests/ReadinessT23Tests.swift:538:62: [1;33mwarning: [1;39mconditional downcast from 'ReadinessT23Tests.CapturePeripheralManager?' to 'ReadinessT23Tests.CapturePeripheralManager' does nothing[0;0m
 [0;36m536 |[0;0m     /// The captures of the responders outlet towards the initiator.
 [0;36m537 |[0;0m     private func responderCaptures(_ r: T23Rig) -> [Data] {
 [0;36m538 |[0;0m         guard let mgr = [4;39mr.bobFactory.peripheralManagers.last[0;0m as? [4;39mCapturePeripheralManager[0;0m else { return [] }
     [0;36m|[0;0m                                                              `- [1;33mwarning: [1;39mconditional downcast from 'ReadinessT23Tests.CapturePeripheralManager?' to 'ReadinessT23Tests.CapturePeripheralManager' does nothing[0;0m
 [0;36m539 |[0;0m         return mgr.capturedUpdates.filter { $0.central == r.handleA }.map { $0.bytes }
 [0;36m540 |[0;0m     }

/Users/oculus/.cache/godstone-mutation-worktrees/wt_T60-RC12-ios-the-touch-target-minimum-vanish/ios/Packages/GodstoneFoundation/Tests/GodstoneMeshTests/ReadinessT23Tests.swift:547:47: [1;33mwarning: [1;39mconditional downcast from 'ReadinessT23Tests.CapturePeripheralManager?' to 'ReadinessT23Tests.CapturePeripheralManager' does nothing[0;0m
 [0;36m545 |[0;0m     }
 [0;36m546 |[0;0m     private func clearResponderCaptures(_ r: T23Rig) {
 [0;36m547 |[0;0m         ([4;39mr.bobFactory.peripheralManagers.last[0;0m as? [4;39mCapturePeripheralManager[0;0m)?.clearCaptured()
     [0;36m|[0;0m                                               `- [1;33mwarning: [1;39mconditional downcast from 'ReadinessT23Tests.CapturePeripheralManager?' to 'ReadinessT23Tests.CapturePeripheralManager' does nothing[0;0m
 [0;36m548 |[0;0m     }
 [0;36m549 |[0;0m 

/Users/oculus/.cache/godstone-mutation-worktrees/wt_T60-RC12-ios-the-touch-target-minimum-vanish/ios/Packages/GodstoneFoundation/Tests/GodstoneMeshTests/ReadinessT23Tests.swift:820:19: [1;33mwarning: [1;39mvalue 'challenge' was defined but never used; consider replacing with boolean test[0;0m [#]8;;https://docs.swift.org/compiler/documentation/diagnostics/no-usage\NoUsage]8;;\]
 [0;36m818 |[0;0m         // this rig no longer issueth one: it READETH the challenge the product put on the wire, and
 [0;36m819 |[0;0m         // every echo it thereafter crafteth is an answer to THAT challenge.
 [0;36m820 |[0;0m         guard let challenge = initiatorConnection(r)?.keyConfirmation.outstanding() else {
     [0;36m|[0;0m                   `- [1;33mwarning: [1;39mvalue 'challenge' was defined but never used; consider replacing with boolean test[0;0m [#]8;;https://docs.swift.org/compiler/documentation/diagnostics/no-usage\NoUsage]8;;\]
 [0;36m821 |[0;0m             XCTFail("the trusted-ready transition issued no challenge; ring: " + ringOf(r.alice)); return
 [0;36m822 |[0;0m         }

/Users/oculus/.cache/godstone-mutation-worktrees/wt_T60-RC12-ios-the-touch-target-minimum-vanish/ios/Packages/GodstoneFoundation/Tests/GodstoneMeshTests/ReadinessT23Tests.swift:897:19: [1;33mwarning: [1;39mvalue 'challenge' was defined but never used; consider replacing with boolean test[0;0m [#]8;;https://docs.swift.org/compiler/documentation/diagnostics/no-usage\NoUsage]8;;\]
 [0;36m895 |[0;0m         // this rig no longer issueth one: it READETH the challenge the product put on the wire, and
 [0;36m896 |[0;0m         // every echo it thereafter crafteth is an answer to THAT challenge.
 [0;36m897 |[0;0m         guard let challenge = initiatorConnection(r)?.keyConfirmation.outstanding() else {
     [0;36m|[0;0m                   `- [1;33mwarning: [1;39mvalue 'challenge' was defined but never used; consider replacing with boolean test[0;0m [#]8;;https://docs.swift.org/compiler/documentation/diagnostics/no-usage\NoUsage]8;;\]
 [0;36m898 |[0;0m             XCTFail("the trusted-ready transition issued no challenge; ring: " + ringOf(r.alice)); return
 [0;36m899 |[0;0m         }

/Users/oculus/.cache/godstone-mutation-worktrees/wt_T60-RC12-ios-the-touch-target-minimum-vanish/ios/Packages/GodstoneFoundation/Tests/GodstoneMeshTests/ReadinessT23Tests.swift:942:19: [1;33mwarning: [1;39mvalue 'challenge' was defined but never used; consider replacing with boolean test[0;0m [#]8;;https://docs.swift.org/compiler/documentation/diagnostics/no-usage\NoUsage]8;;\]
 [0;36m940 |[0;0m         // this rig no longer issueth one: it READETH the challenge the product put on the wire, and
 [0;36m941 |[0;0m         // every echo it thereafter crafteth is an answer to THAT challenge.
 [0;36m942 |[0;0m         guard let challenge = initiatorConnection(r)?.keyConfirmation.outstanding() else {
     [0;36m|[0;0m                   `- [1;33mwarning: [1;39mvalue 'challenge' was defined but never used; consider replacing with boolean test[0;0m [#]8;;https://docs.swift.org/compiler/documentation/diagnostics/no-usage\NoUsage]8;;\]
 [0;36m943 |[0;0m             XCTFail("the trusted-ready transition issued no challenge; ring: " + ringOf(r.alice)); return
 [0;36m944 |[0;0m         }

/Users/oculus/.cache/godstone-mutation-worktrees/wt_T60-RC12-ios-the-touch-target-minimum-vanish/ios/Packages/GodstoneFoundation/Tests/GodstoneMeshTests/ReadinessT23Tests.swift:981:19: [1;33mwarning: [1;39mvalue 'challenge' was defined but never used; consider replacing with boolean test[0;0m [#]8;;https://docs.swift.org/compiler/documentation/diagnostics/no-usage\NoUsage]8;;\]
 [0;36m979 |[0;0m         // this rig no longer issueth one: it READETH the challenge the product put on the wire, and
 [0;36m980 |[0;0m         // every echo it thereafter crafteth is an answer to THAT challenge.
 [0;36m981 |[0;0m         guard let challenge = initiatorConnection(r)?.keyConfirmation.outstanding() else {
     [0;36m|[0;0m                   `- [1;33mwarning: [1;39mvalue 'challenge' was defined but never used; consider replacing with boolean test[0;0m [#]8;;https://docs.swift.org/compiler/documentation/diagnostics/no-usage\NoUsage]8;;\]
 [0;36m982 |[0;0m             XCTFail("the trusted-ready transition issued no challenge; ring: " + ringOf(r.alice)); return
 [0;36m983 |[0;0m         }

/Users/oculus/.cache/godstone-mutation-worktrees/wt_T60-RC12-ios-the-touch-target-minimum-vanish/ios/Packages/GodstoneFoundation/Tests/GodstoneMeshTests/ReadinessT23Tests.swift:1100:19: [1;33mwarning: [1;39mvalue 'challenge' was defined but never used; consider replacing with boolean test[0;0m [#]8;;https://docs.swift.org/compiler/documentation/diagnostics/no-usage\NoUsage]8;;\]
[0;36m1098 |[0;0m         // this rig no longer issueth one: it READETH the challenge the product put on the wire, and
[0;36m1099 |[0;0m         // every echo it thereafter crafteth is an answer to THAT challenge.
[0;36m1100 |[0;0m         guard let challenge = initiatorConnection(r)?.keyConfirmation.outstanding() else {
     [0;36m|[0;0m                   `- [1;33mwarning: [1;39mvalue 'challenge' was defined but never used; consider replacing with boolean test[0;0m [#]8;;https://docs.swift.org/compiler/documentation/diagnostics/no-usage\NoUsage]8;;\]
[0;36m1101 |[0;0m             XCTFail("the trusted-ready transition issued no challenge; ring: " + ringOf(r.alice)); return
[0;36m1102 |[0;0m         }

[#NoUsage]: <https://docs.swift.org/compiler/documentation/diagnostics/no-usage>
[#VariableNeverMutated]: <https://docs.swift.org/compiler/documentation/diagnostics/variable-never-mutated>
/Users/oculus/.cache/godstone-mutation-worktrees/wt_T60-RC12-ios-the-touch-target-minimum-vanish/ios/Packages/GodstoneFoundation/Tests/GodstoneMeshTests/ReadinessT36Tests.swift:538:13: [1;33mwarning: [1;39mvariable 'f' was never mutated; consider changing to 'let' constant[0;0m [#]8;;https://docs.swift.org/compiler/documentation/diagnostics/variable-never-mutated\VariableNeverMutated]8;;\]
 [0;36m536 |[0;0m     /// rejections -- failure distinguished from empty/no-op success, nothing mutated.
 [0;36m537 |[0;0m     func testUnapprovedRecipientYieldsTypedDistinctRejections() async throws {
 [0;36m538 |[0;0m         var f = try fixture()
     [0;36m|[0;0m             `- [1;33mwarning: [1;39mvariable 'f' was never mutated; consider changing to 'let' constant[0;0m [#]8;;https://docs.swift.org/compiler/documentation/diagnostics/variable-never-mutated\VariableNeverMutated]8;;\]
 [0;36m539 |[0;0m         let absent = bytesOf(61, 16)                       // never entered in the table
 [0;36m540 |[0;0m         let quarantineKey = bytesOf(62, 16)

/Users/oculus/.cache/godstone-mutation-worktrees/wt_T60-RC12-ios-the-touch-target-minimum-vanish/ios/Packages/GodstoneFoundation/Tests/GodstoneMeshTests/ReadinessT36Tests.swift:596:13: [1;33mwarning: [1;39mvariable 'f' was never mutated; consider changing to 'let' constant[0;0m [#]8;;https://docs.swift.org/compiler/documentation/diagnostics/variable-never-mutated\VariableNeverMutated]8;;\]
 [0;36m594 |[0;0m     /// effect CAPTURED; the refused variant of the same path captured as ABSENCE end to end.
 [0;36m595 |[0;0m     func testFullCallPathCommandToSignedAck() async throws {
 [0;36m596 |[0;0m         var f = try fixture()
     [0;36m|[0;0m             `- [1;33mwarning: [1;39mvariable 'f' was never mutated; consider changing to 'let' constant[0;0m [#]8;;https://docs.swift.org/compiler/documentation/diagnostics/variable-never-mutated\VariableNeverMutated]8;;\]
 [0;36m597 |[0;0m         let (bob, bobSeed, bobXPriv) = try identityWithMaterial(0x31, 0x41)
 [0;36m598 |[0;0m         try f.trust.approve(nodeId: bob.nodeId, signingPub: bob.signingPublicKey,

/Users/oculus/.cache/godstone-mutation-worktrees/wt_T60-RC12-ios-the-touch-target-minimum-vanish/ios/Packages/GodstoneFoundation/Tests/GodstoneMeshTests/ReadinessT36Tests.swift:654:13: [1;33mwarning: [1;39mvariable 'f2' was never mutated; consider changing to 'let' constant[0;0m [#]8;;https://docs.swift.org/compiler/documentation/diagnostics/variable-never-mutated\VariableNeverMutated]8;;\]
 [0;36m652 |[0;0m                        "the row advanced to ACKNOWLEDGED_BY_RECIPIENT")
 [0;36m653 |[0;0m         // the refused variant of the same path: an unapproved recipient captures pure absence
 [0;36m654 |[0;0m         var f2 = try fixture(seedByte: 0x1A, xByte: 0x2B)
     [0;36m|[0;0m             `- [1;33mwarning: [1;39mvariable 'f2' was never mutated; consider changing to 'let' constant[0;0m [#]8;;https://docs.swift.org/compiler/documentation/diagnostics/variable-never-mutated\VariableNeverMutated]8;;\]
 [0;36m655 |[0;0m         let stranger = bytesOf(99, 16)                     // never approved anywhere
 [0;36m656 |[0;0m         let refused2 = await f2.authority.sendDirect(try cmd(bytesOf(98, 16), stranger, ascii("nowhere")))

/Users/oculus/.cache/godstone-mutation-worktrees/wt_T60-RC12-ios-the-touch-target-minimum-vanish/ios/Packages/GodstoneFoundation/Tests/GodstoneMeshTests/ReadinessT36Tests.swift:872:21: [1;33mwarning: [1;39mno calls to throwing functions occur within 'try' expression[0;0m [#]8;;https://docs.swift.org/compiler/documentation/diagnostics/unnecessary-effect-marker\UnnecessaryEffectMarker]8;;\]
 [0;36m870 |[0;0m         defer { try? FileManager.default.removeItem(at: url) }
 [0;36m871 |[0;0m 
 [0;36m872 |[0;0m         let store = try SqliteMessageStore(url: url, maxBytes: 64 * 1024 * 1024)
     [0;36m|[0;0m                     `- [1;33mwarning: [1;39mno calls to throwing functions occur within 'try' expression[0;0m [#]8;;https://docs.swift.org/compiler/documentation/diagnostics/unnecessary-effect-marker\UnnecessaryEffectMarker]8;;\]
 [0;36m873 |[0;0m         defer { store.close() }
 [0;36m874 |[0;0m         let journal = SqliteOutboundIntentJournal(store: store)

/Users/oculus/.cache/godstone-mutation-worktrees/wt_T60-RC12-ios-the-touch-target-minimum-vanish/ios/Packages/GodstoneFoundation/Tests/GodstoneMeshTests/ReadinessT36Tests.swift:1029:21: [1;33mwarning: [1;39mno calls to throwing functions occur within 'try' expression[0;0m [#]8;;https://docs.swift.org/compiler/documentation/diagnostics/unnecessary-effect-marker\UnnecessaryEffectMarker]8;;\]
[0;36m1027 |[0;0m 
[0;36m1028 |[0;0m         // WRITE THROUGH THE REAL MEDIUM.
[0;36m1029 |[0;0m         let first = try SqliteMessageStore(url: url, maxBytes: 64 * 1024 * 1024)
     [0;36m|[0;0m                     `- [1;33mwarning: [1;39mno calls to throwing functions occur within 'try' expression[0;0m [#]8;;https://docs.swift.org/compiler/documentation/diagnostics/unnecessary-effect-marker\UnnecessaryEffectMarker]8;;\]
[0;36m1030 |[0;0m         let firstJournal = SqliteOutboundIntentJournal(store: first)
[0;36m1031 |[0;0m         XCTAssertEqual(firstJournal.insertIfAbsent(entry), .stored, "the first insert must take the token's row")

/Users/oculus/.cache/godstone-mutation-worktrees/wt_T60-RC12-ios-the-touch-target-minimum-vanish/ios/Packages/GodstoneFoundation/Tests/GodstoneMeshTests/ReadinessT36Tests.swift:1040:24: [1;33mwarning: [1;39mno calls to throwing functions occur within 'try' expression[0;0m [#]8;;https://docs.swift.org/compiler/documentation/diagnostics/unnecessary-effect-marker\UnnecessaryEffectMarker]8;;\]
[0;36m1038 |[0;0m         // *** DISCARD THE STORE ENTIRELY AND REOPEN IT FROM THE SAME PATH. ***
[0;36m1039 |[0;0m         first.close()
[0;36m1040 |[0;0m         let reopened = try SqliteMessageStore(url: url, maxBytes: 64 * 1024 * 1024)
     [0;36m|[0;0m                        `- [1;33mwarning: [1;39mno calls to throwing functions occur within 'try' expression[0;0m [#]8;;https://docs.swift.org/compiler/documentation/diagnostics/unnecessary-effect-marker\UnnecessaryEffectMarker]8;;\]
[0;36m1041 |[0;0m         let secondJournal = SqliteOutboundIntentJournal(store: reopened)
[0;36m1042 |[0;0m 

/Users/oculus/.cache/godstone-mutation-worktrees/wt_T60-RC12-ios-the-touch-target-minimum-vanish/ios/Packages/GodstoneFoundation/Tests/GodstoneMeshTests/ReadinessT36Tests.swift:1308:13: [1;33mwarning: [1;39minitialization of immutable value 'result' was never used; consider replacing with assignment to '_' or removing it[0;0m [#]8;;https://docs.swift.org/compiler/documentation/diagnostics/no-usage\NoUsage]8;;\]
[0;36m1306 |[0;0m 
[0;36m1307 |[0;0m         let token = bytesOf(41, 16)
[0;36m1308 |[0;0m         let result = await authority.sendDirect(try cmd(token, peer.nodeId, ascii("advance boundary")))
     [0;36m|[0;0m             `- [1;33mwarning: [1;39minitialization of immutable value 'result' was never used; consider replacing with assignment to '_' or removing it[0;0m [#]8;;https://docs.swift.org/compiler/documentation/diagnostics/no-usage\NoUsage]8;;\]
[0;36m1309 |[0;0m 
[0;36m1310 |[0;0m         XCTAssertTrue(

/Users/oculus/.cache/godstone-mutation-worktrees/wt_T60-RC12-ios-the-touch-target-minimum-vanish/ios/Packages/GodstoneFoundation/Tests/GodstoneMeshTests/ReadinessT36Tests.swift:1419:24: [1;33mwarning: [1;39mno calls to throwing functions occur within 'try' expression[0;0m [#]8;;https://docs.swift.org/compiler/documentation/diagnostics/unnecessary-effect-marker\UnnecessaryEffectMarker]8;;\]
[0;36m1417 |[0;0m 
[0;36m1418 |[0;0m         // *** AND NOW THE CLAUSE'S OWN SECOND HALF: REOPEN THE STORE FROM THE SAME PATH AND FIND THE INTENT. ***
[0;36m1419 |[0;0m         let reopened = try SqliteMessageStore(url: storeURL, maxBytes: 64 * 1024 * 1024)
     [0;36m|[0;0m                        `- [1;33mwarning: [1;39mno calls to throwing functions occur within 'try' expression[0;0m [#]8;;https://docs.swift.org/compiler/documentation/diagnostics/unnecessary-effect-marker\UnnecessaryEffectMarker]8;;\]
[0;36m1420 |[0;0m         let journal = SqliteOutboundIntentJournal(store: reopened)
[0;36m1421 |[0;0m         guard case let .found(back) = journal.load(intentId) else {

/Users/oculus/.cache/godstone-mutation-worktrees/wt_T60-RC12-ios-the-touch-target-minimum-vanish/ios/Packages/GodstoneFoundation/Tests/GodstoneMeshTests/ReadinessT36Tests.swift:1487:24: [1;33mwarning: [1;39mno calls to throwing functions occur within 'try' expression[0;0m [#]8;;https://docs.swift.org/compiler/documentation/diagnostics/unnecessary-effect-marker\UnnecessaryEffectMarker]8;;\]
[0;36m1485 |[0;0m 
[0;36m1486 |[0;0m         // *** AND NOW A NEW PROCESS: NOTHING BUT THE PATH SURVIVES. ***
[0;36m1487 |[0;0m         let reopened = try SqliteMessageStore(url: storeURL, maxBytes: 64 * 1024 * 1024)
     [0;36m|[0;0m                        `- [1;33mwarning: [1;39mno calls to throwing functions occur within 'try' expression[0;0m [#]8;;https://docs.swift.org/compiler/documentation/diagnostics/unnecessary-effect-marker\UnnecessaryEffectMarker]8;;\]
[0;36m1488 |[0;0m         let journal = SqliteOutboundIntentJournal(store: reopened)
[0;36m1489 |[0;0m         guard case let .found(back) = journal.load(intentId) else {

/Users/oculus/.cache/godstone-mutation-worktrees/wt_T60-RC12-ios-the-touch-target-minimum-vanish/ios/Packages/GodstoneFoundation/Tests/GodstoneMeshTests/ReadinessT36Tests.swift:1552:61: [1;33mwarning: [1;39mno calls to throwing functions occur within 'try' expression[0;0m [#]8;;https://docs.swift.org/compiler/documentation/diagnostics/unnecessary-effect-marker\UnnecessaryEffectMarker]8;;\]
[0;36m1550 |[0;0m         // THE ROW MUST STAND **BEFORE** THE WIPE, OR THE ARM PROVES NOTHING (round 460's law: establish the subject was present).
[0;36m1551 |[0;0m         do {
[0;36m1552 |[0;0m             let before = SqliteOutboundIntentJournal(store: try SqliteMessageStore(url: storeURL, maxBytes: 64 * 1024 * 1024))
     [0;36m|[0;0m                                                             `- [1;33mwarning: [1;39mno calls to throwing functions occur within 'try' expression[0;0m [#]8;;https://docs.swift.org/compiler/documentation/diagnostics/unnecessary-effect-marker\UnnecessaryEffectMarker]8;;\]
[0;36m1553 |[0;0m             guard case .found = before.load(intentId) else {
[0;36m1554 |[0;0m                 XCTFail("the pinned intent must stand BEFORE the wipe, or this arm measures nothing"); return

/Users/oculus/.cache/godstone-mutation-worktrees/wt_T60-RC12-ios-the-touch-target-minimum-vanish/ios/Packages/GodstoneFoundation/Tests/GodstoneMeshTests/ReadinessT36Tests.swift:1563:59: [1;33mwarning: [1;39mno calls to throwing functions occur within 'try' expression[0;0m [#]8;;https://docs.swift.org/compiler/documentation/diagnostics/unnecessary-effect-marker\UnnecessaryEffectMarker]8;;\]
[0;36m1561 |[0;0m 
[0;36m1562 |[0;0m         // *** AND THE CLAUSE: THE INTENT MUST BE GONE. ***
[0;36m1563 |[0;0m         let reopened = SqliteOutboundIntentJournal(store: try SqliteMessageStore(url: storeURL, maxBytes: 64 * 1024 * 1024))
     [0;36m|[0;0m                                                           `- [1;33mwarning: [1;39mno calls to throwing functions occur within 'try' expression[0;0m [#]8;;https://docs.swift.org/compiler/documentation/diagnostics/unnecessary-effect-marker\UnnecessaryEffectMarker]8;;\]
[0;36m1564 |[0;0m         if case .found = reopened.load(intentId) {
[0;36m1565 |[0;0m             XCTFail("*** GS-INTEGRATION-001: THE WIPE MUST REACH THE REAL OWNER -- THE DURABLE INTENT STILL STANDS AFTER beginWipe() ***")

/Users/oculus/.cache/godstone-mutation-worktrees/wt_T60-RC12-ios-the-touch-target-minimum-vanish/ios/Packages/GodstoneFoundation/Tests/GodstoneMeshTests/ReadinessT39Tests.swift:49:42: [1;33mwarning: [1;39mno calls to throwing functions occur within 'try' expression[0;0m [#]8;;https://docs.swift.org/compiler/documentation/diagnostics/unnecessary-effect-marker\UnnecessaryEffectMarker]8;;\]
 [0;36m47 |[0;0m             x25519PrivateKey: Data(repeating: xByte, count: 32))
 [0;36m48 |[0;0m         let kc = InMemoryKeychain()
 [0;36m49 |[0;0m         kc.storage[MeshIdentity.v1Tag] = try state.encode()
    [0;36m|[0;0m                                          `- [1;33mwarning: [1;39mno calls to throwing functions occur within 'try' expression[0;0m [#]8;;https://docs.swift.org/compiler/documentation/diagnostics/unnecessary-effect-marker\UnnecessaryEffectMarker]8;;\]
 [0;36m50 |[0;0m         return try MeshIdentity.loadFromKeychain(keychain: kc)
 [0;36m51 |[0;0m     }

/Users/oculus/.cache/godstone-mutation-worktrees/wt_T60-RC12-ios-the-touch-target-minimum-vanish/ios/Packages/GodstoneFoundation/Tests/GodstoneMeshTests/ReadinessT39Tests.swift:66:9: [1;33mwarning: [1;39mno calls to throwing functions occur within 'try' expression[0;0m [#]8;;https://docs.swift.org/compiler/documentation/diagnostics/unnecessary-effect-marker\UnnecessaryEffectMarker]8;;\]
 [0;36m64 |[0;0m         payload: Data = Data((0..<200).map { UInt8(truncatingIfNeeded: $0 % 251) })
 [0;36m65 |[0;0m     ) throws -> FrameV2 {
 [0;36m66 |[0;0m         try FrameV2(type: type, msgId: msgId, routingTag: tag,
    [0;36m|[0;0m         `- [1;33mwarning: [1;39mno calls to throwing functions occur within 'try' expression[0;0m [#]8;;https://docs.swift.org/compiler/documentation/diagnostics/unnecessary-effect-marker\UnnecessaryEffectMarker]8;;\]
 [0;36m67 |[0;0m                     ttl: 4, hopCount: 0, flags: flags, payload: payload)
 [0;36m68 |[0;0m     }

/Users/oculus/.cache/godstone-mutation-worktrees/wt_T60-RC12-ios-the-touch-target-minimum-vanish/ios/Packages/GodstoneFoundation/Tests/GodstoneMeshTests/ReadinessT39Tests.swift:758:65: [1;33mwarning: [1;39mtrailing closure in this context is confusable with the body of the statement; pass as a parenthesized argument to silence this warning[0;0m
[0;36m756 |[0;0m         XCTAssertNotNil(node.activeSosSnapshot(), "the open gate must really admit the projection")
[0;36m757 |[0;0m         let mid = try XCTUnwrap(store.allHeldMsgIds().first)
[0;36m758 |[0;0m         if case .failed(let reason) = node.retrySos(msgId: mid) { _, _ in true } {
    [0;36m|[0;0m                                                                 `- [1;33mwarning: [1;39mtrailing closure in this context is confusable with the body of the statement; pass as a parenthesized argument to silence this warning[0;0m
[0;36m759 |[0;0m             XCTAssertFalse(reason.contains("wipe"), "an OPEN gate must not produce a wipe refusal: \(reason)")
[0;36m760 |[0;0m         }

/Users/oculus/.cache/godstone-mutation-worktrees/wt_T60-RC12-ios-the-touch-target-minimum-vanish/ios/Packages/GodstoneFoundation/Tests/GodstoneMeshTests/ReadinessT40Tests.swift:240:42: [1;33mwarning: [1;39mno calls to throwing functions occur within 'try' expression[0;0m [#]8;;https://docs.swift.org/compiler/documentation/diagnostics/unnecessary-effect-marker\UnnecessaryEffectMarker]8;;\]
 [0;36m238 |[0;0m             x25519PrivateKey: Data(repeating: xByte, count: 32))
 [0;36m239 |[0;0m         let kc = InMemoryKeychain()
 [0;36m240 |[0;0m         kc.storage[MeshIdentity.v1Tag] = try state.encode()
     [0;36m|[0;0m                                          `- [1;33mwarning: [1;39mno calls to throwing functions occur within 'try' expression[0;0m [#]8;;https://docs.swift.org/compiler/documentation/diagnostics/unnecessary-effect-marker\UnnecessaryEffectMarker]8;;\]
 [0;36m241 |[0;0m         return try MeshIdentity.loadFromKeychain(keychain: kc)
 [0;36m242 |[0;0m     }

/Users/oculus/.cache/godstone-mutation-worktrees/wt_T60-RC12-ios-the-touch-target-minimum-vanish/ios/Packages/GodstoneFoundation/Tests/GodstoneMeshTests/ReadinessT40Tests.swift:599:13: [1;33mwarning: [1;39mvariable 'tnow' was never mutated; consider changing to 'let' constant[0;0m [#]8;;https://docs.swift.org/compiler/documentation/diagnostics/variable-never-mutated\VariableNeverMutated]8;;\]
 [0;36m597 |[0;0m         let t = table()
 [0;36m598 |[0;0m         let store = InMemoryMessageStore()
 [0;36m599 |[0;0m         var tnow: Int64 = 1_000
     [0;36m|[0;0m             `- [1;33mwarning: [1;39mvariable 'tnow' was never mutated; consider changing to 'let' constant[0;0m [#]8;;https://docs.swift.org/compiler/documentation/diagnostics/variable-never-mutated\VariableNeverMutated]8;;\]
 [0;36m600 |[0;0m         let authority = InventorySnapshotAuthority(store: store, monotonicNowMillis: { tnow })
 [0;36m601 |[0;0m         let owner = SyncControlOwner(store: store, authority: authority, monotonicNowMillis: { tnow }, localNodeId: peer(9))

/Users/oculus/.cache/godstone-mutation-worktrees/wt_T60-RC12-ios-the-touch-target-minimum-vanish/ios/Packages/GodstoneFoundation/Tests/GodstoneMeshTests/ReadinessT40Tests.swift:1057:13: [1;33mwarning: [1;39mvariable 'tnow' was never mutated; consider changing to 'let' constant[0;0m [#]8;;https://docs.swift.org/compiler/documentation/diagnostics/variable-never-mutated\VariableNeverMutated]8;;\]
[0;36m1055 |[0;0m         let store = InMemoryMessageStore(maxBytes: 1_000)
[0;36m1056 |[0;0m         var ever = [Data]()
[0;36m1057 |[0;0m         var tnow: Int64 = 1_000
     [0;36m|[0;0m             `- [1;33mwarning: [1;39mvariable 'tnow' was never mutated; consider changing to 'let' constant[0;0m [#]8;;https://docs.swift.org/compiler/documentation/diagnostics/variable-never-mutated\VariableNeverMutated]8;;\]
[0;36m1058 |[0;0m         let authority = InventorySnapshotAuthority(store: store, monotonicNowMillis: { tnow })
[0;36m1059 |[0;0m         for k in 0..<total {

/Users/oculus/.cache/godstone-mutation-worktrees/wt_T60-RC12-ios-the-touch-target-minimum-vanish/ios/Packages/GodstoneFoundation/Tests/GodstoneMeshTests/ReadinessT43Tests.swift:133:13: [1;33mwarning: [1;39mimmutable value 'i' was never used; consider replacing with '_' or removing it[0;0m [#]8;;https://docs.swift.org/compiler/documentation/diagnostics/no-usage\NoUsage]8;;\]
[0;36m131 |[0;0m     private func authorAndOffer(_ r: Rig, _ recipient: Local, peers: Int = 1,
[0;36m132 |[0;0m                                 admitted: Bool = true) throws -> Data {
[0;36m133 |[0;0m         for i in 0..<peers { bringPeerUp(r.node, UUID()) }
    [0;36m|[0;0m             `- [1;33mwarning: [1;39mimmutable value 'i' was never used; consider replacing with '_' or removing it[0;0m [#]8;;https://docs.swift.org/compiler/documentation/diagnostics/no-usage\NoUsage]8;;\]
[0;36m134 |[0;0m         let frame = directedFrame(r.nextSeed())
[0;36m135 |[0;0m         _ = r.node.dispatchDirect(frame, expectedRecipient: recipient.id.nodeId) { _, _ in admitted }

[#NoUsage]: <https://docs.swift.org/compiler/documentation/diagnostics/no-usage>
[#UnnecessaryEffectMarker]: <https://docs.swift.org/compiler/documentation/diagnostics/unnecessary-effect-marker>
[#VariableNeverMutated]: <https://docs.swift.org/compiler/documentation/diagnostics/variable-never-mutated>
/Users/oculus/.cache/godstone-mutation-worktrees/wt_T60-RC12-ios-the-touch-target-minimum-vanish/ios/Packages/GodstoneFoundation/Tests/GodstoneMeshTests/ReadinessT83Tests.swift:152:23: [1;33mwarning: [1;39mresult of call to 'runPendingOnce(_:fault:)' is unused[0;0m [#]8;;https://docs.swift.org/compiler/documentation/diagnostics/no-usage\NoUsage]8;;\]
[0;36m150 |[0;0m         var raised = false
[0;36m151 |[0;0m         do {
[0;36m152 |[0;0m             try dying.runPendingOnce(8) { point in
    [0;36m|[0;0m                       `- [1;33mwarning: [1;39mresult of call to 'runPendingOnce(_:fault:)' is unused[0;0m [#]8;;https://docs.swift.org/compiler/documentation/diagnostics/no-usage\NoUsage]8;;\]
[0;36m153 |[0;0m                 if point == "signing" { throw NSError(domain: "ReadinessT83", code: 1) }
[0;36m154 |[0;0m             }

/Users/oculus/.cache/godstone-mutation-worktrees/wt_T60-RC12-ios-the-touch-target-minimum-vanish/ios/Packages/GodstoneFoundation/Tests/GodstoneMeshTests/ReadinessT84Tests.swift:240:54: [1;33mwarning: [1;39mno calls to throwing functions occur within 'try' expression[0;0m [#]8;;https://docs.swift.org/compiler/documentation/diagnostics/unnecessary-effect-marker\UnnecessaryEffectMarker]8;;\]
[0;36m238 |[0;0m             let batch = r.pump.nextBatch(Data(to.local.id.nodeId), now: now)
[0;36m239 |[0;0m             return batch.copies.map { copy in
[0;36m240 |[0;0m                 let verdict = to.dispatcher.dispatch(try! FrameV2.decode(copy.encodedFrame)!,
    [0;36m|[0;0m                                                      `- [1;33mwarning: [1;39mno calls to throwing functions occur within 'try' expression[0;0m [#]8;;https://docs.swift.org/compiler/documentation/diagnostics/unnecessary-effect-marker\UnnecessaryEffectMarker]8;;\]
[0;36m241 |[0;0m                                                      receivedFrom: Data(r.local.id.nodeId))
[0;36m242 |[0;0m                 r.pump.onForwardOutcome(copy, peer: Data(to.local.id.nodeId), accepted: true, now: now)

/Users/oculus/.cache/godstone-mutation-worktrees/wt_T60-RC12-ios-the-touch-target-minimum-vanish/ios/Packages/GodstoneFoundation/Tests/GodstoneMeshTests/ReadinessT84Tests.swift:272:10: [1;33mwarning: [1;39mno calls to throwing functions occur within 'try' expression[0;0m [#]8;;https://docs.swift.org/compiler/documentation/diagnostics/unnecessary-effect-marker\UnnecessaryEffectMarker]8;;\]
[0;36m270 |[0;0m 
[0;36m271 |[0;0m     private func heldFrames(_ store: InMemoryMessageStore) -> Int {
[0;36m272 |[0;0m         (try? store.allHeldMsgIds().count) ?? -1
    [0;36m|[0;0m          `- [1;33mwarning: [1;39mno calls to throwing functions occur within 'try' expression[0;0m [#]8;;https://docs.swift.org/compiler/documentation/diagnostics/unnecessary-effect-marker\UnnecessaryEffectMarker]8;;\]
[0;36m273 |[0;0m     }
[0;36m274 |[0;0m 

/Users/oculus/.cache/godstone-mutation-worktrees/wt_T60-RC12-ios-the-touch-target-minimum-vanish/ios/Packages/GodstoneFoundation/Tests/GodstoneMeshTests/ReadinessT84Tests.swift:438:23: [1;33mwarning: [1;39mno calls to throwing functions occur within 'try' expression[0;0m [#]8;;https://docs.swift.org/compiler/documentation/diagnostics/unnecessary-effect-marker\UnnecessaryEffectMarker]8;;\]
[0;36m436 |[0;0m         XCTAssertEqual(copy.ttl, ackRelayInitialTtl - 1)
[0;36m437 |[0;0m         XCTAssertEqual(copy.hopCount, 1)
[0;36m438 |[0;0m         let decoded = try FrameV2.decode(copy.encodedFrame)!
    [0;36m|[0;0m                       `- [1;33mwarning: [1;39mno calls to throwing functions occur within 'try' expression[0;0m [#]8;;https://docs.swift.org/compiler/documentation/diagnostics/unnecessary-effect-marker\UnnecessaryEffectMarker]8;;\]
[0;36m439 |[0;0m         XCTAssertEqual(decoded.flags, 0)
[0;36m440 |[0;0m         XCTAssertEqual(decoded.payload.count, 80, "the 80-byte payload travelleth whole")

/Users/oculus/.cache/godstone-mutation-worktrees/wt_T60-RC12-ios-the-touch-target-minimum-vanish/ios/Packages/GodstoneFoundation/Tests/GodstoneMeshTests/ReadinessT84Tests.swift:601:47: [1;33mwarning: [1;39mno calls to throwing functions occur within 'try' expression[0;0m [#]8;;https://docs.swift.org/compiler/documentation/diagnostics/unnecessary-effect-marker\UnnecessaryEffectMarker]8;;\]
[0;36m599 |[0;0m         XCTAssertEqual(batch.copies.count, 1)
[0;36m600 |[0;0m         guard let rebornCopy = firstCopy(batch, "the reborn copy") else { return }
[0;36m601 |[0;0m         let verdict = w.a.dispatcher.dispatch(try FrameV2.decode(rebornCopy.encodedFrame)!,
    [0;36m|[0;0m                                               `- [1;33mwarning: [1;39mno calls to throwing functions occur within 'try' expression[0;0m [#]8;;https://docs.swift.org/compiler/documentation/diagnostics/unnecessary-effect-marker\UnnecessaryEffectMarker]8;;\]
[0;36m602 |[0;0m                                              receivedFrom: Data(w.r.local.id.nodeId))
[0;36m603 |[0;0m         XCTAssertTrue(verdict.accepted)

/Users/oculus/.cache/godstone-mutation-worktrees/wt_T60-RC12-ios-the-touch-target-minimum-vanish/ios/Packages/GodstoneFoundation/Tests/GodstoneMeshTests/ReadinessTrustedPairing.swift:164:5: [1;33mwarning: [1;39m'@discardableResult' declared on a function returning 'Void' is unnecessary[0;0m
[0;36m162 |[0;0m     /// CRYPTO-001: the entries are addressed by the relation's ADMISSION -- by default the one a
[0;36m163 |[0;0m     /// freshly started transport minteth for the first relation of that handle.
[0;36m164 |[0;0m     @discardableResult
    [0;36m|[0;0m     `- [1;33mwarning: [1;39m'@discardableResult' declared on a function returning 'Void' is unnecessary[0;0m
[0;36m165 |[0;0m     static func pairUp(_ pair: Pair, viaBob: UUID, viaAlice: UUID,
[0;36m166 |[0;0m                        aliceHint: Data, bobHint: Data,

/Users/oculus/.cache/godstone-mutation-worktrees/wt_T60-RC12-ios-the-touch-target-minimum-vanish/ios/Packages/GodstoneFoundation/Tests/GodstoneMeshTests/ReadinessTrustedPairing.swift:94:13: [1;33mwarning: [1;39mvariable 'bobIdentity' was never mutated; consider changing to 'let' constant[0;0m [#]8;;https://docs.swift.org/compiler/documentation/diagnostics/variable-never-mutated\VariableNeverMutated]8;;\]
 [0;36m92 |[0;0m         // right way: alice below bob. Search forward from the requested seed.
 [0;36m93 |[0;0m         var aliceIdentity = try makeIdentity(seedByte: seedA, staticPrivByte: privA)
 [0;36m94 |[0;0m         var bobIdentity = try makeIdentity(seedByte: seedB, staticPrivByte: privB)
    [0;36m|[0;0m             `- [1;33mwarning: [1;39mvariable 'bobIdentity' was never mutated; consider changing to 'let' constant[0;0m [#]8;;https://docs.swift.org/compiler/documentation/diagnostics/variable-never-mutated\VariableNeverMutated]8;;\]
 [0;36m95 |[0;0m         var candidate = seedA
 [0;36m96 |[0;0m         while ReadinessTrustedPairing.hintOrder(aliceIdentity.nodeHint, bobIdentity.nodeHint) != .orderedAscending {

[#NoUsage]: <https://docs.swift.org/compiler/documentation/diagnostics/no-usage>
[#UnnecessaryEffectMarker]: <https://docs.swift.org/compiler/documentation/diagnostics/unnecessary-effect-marker>
[#VariableNeverMutated]: <https://docs.swift.org/compiler/documentation/diagnostics/variable-never-mutated>
[234 / 238] GodstoneMeshTests-product
Build complete! (15.35 secs)
