⚙️  Generating plists...
⚙️  Generating project...
⚙️  Writing project...
Created project at /tmp/godstone-board1-rc15-full-4f84d0b6/wt_ARCHIVE-PROV-007/ios/Godstone.xcodeproj
iOS UI lane: attempted=2 launched=2 raw-rc=0 log=ios-ui-lane.log digest=48c42fa820772fb4…
  (*the raw xcodebuild status is EVIDENCE; the verdict comes from `ci/check_lane_results.py`*)

sqlcipher_stage=/var/folders/bg/pd6rztd92f73y6f73sbxdkdc0000gn/T//board1-sqlcipher-ios-simulator
=== scheme LabMeshUI ===
Command line invocation:
    /Applications/Xcode.app/Contents/Developer/usr/bin/xcodebuild -project ios/Godstone.xcodeproj -scheme LabMeshUI -configuration LightDebug -destination "platform=iOS Simulator,name=iPhone 17 Pro Max" CODE_SIGNING_ALLOWED=NO test

Build settings from command line:
    CODE_SIGNING_ALLOWED = NO

Resolve Package Graph


Resolved source packages:
  GodstonePackages: /tmp/godstone-board1-rc15-full-4f84d0b6/wt_ARCHIVE-PROV-007/ios/Godstone

ComputePackagePrebuildTargetDependencyGraph

Prepare packages

CreateBuildRequest

SendProjectDescription

CreateBuildOperation

ComputeTargetDependencyGraph
note: Building targets in dependency order
note: Target dependency graph (6 targets)
    Target 'LabMeshUITests' in project 'Godstone'
        ➜ Explicit dependency on target 'LabMesh' in project 'Godstone'
    Target 'LabMesh' in project 'Godstone'
        ➜ Explicit dependency on target 'GodstoneMesh-product' in project 'GodstonePackages'
        ➜ Explicit dependency on target 'GodstoneCore-product' in project 'GodstonePackages'
    Target 'GodstoneCore-product' in project 'GodstonePackages'
        ➜ Explicit dependency on target 'GodstoneCore' in project 'GodstonePackages'
    Target 'GodstoneMesh-product' in project 'GodstonePackages'
        ➜ Explicit dependency on target 'GodstoneMesh' in project 'GodstonePackages'
        ➜ Explicit dependency on target 'GodstoneCore' in project 'GodstonePackages'
    Target 'GodstoneMesh' in project 'GodstonePackages'
        ➜ Explicit dependency on target 'GodstoneCore' in project 'GodstonePackages'
    Target 'GodstoneCore' in project 'GodstonePackages' (no dependencies)

GatherProvisioningInputs

CreateBuildDescription

ExecuteExternalTool /Applications/Xcode.app/Contents/Developer/Toolchains/XcodeDefault.xctoolchain/usr/bin/swiftc --version

ExecuteExternalTool /Applications/Xcode.app/Contents/Developer/Toolchains/XcodeDefault.xctoolchain/usr/bin/clang -v -E -dM -isysroot /Applications/Xcode.app/Contents/Developer/Platforms/iPhoneSimulator.platform/Developer/SDKs/iPhoneSimulator27.0.sdk -x c -c /dev/null

ExecuteExternalTool /Applications/Xcode.app/Contents/Developer/Toolchains/XcodeDefault.xctoolchain/usr/bin/ld -version_details

Build description signature: 4c0184ea3ba13900bc66a5c76f0aafaa
Build description path: /Users/oculus/Library/Developer/Xcode/DerivedData/Godstone-amgfvuzikbdlwwbsulbruyunrsbz/Build/Intermediates.noindex/XCBuildData/4c0184ea3ba13900bc66a5c76f0aafaa.xcbuilddata
ClangStatCache /Applications/Xcode.app/Contents/Developer/Toolchains/XcodeDefault.xctoolchain/usr/bin/clang-stat-cache /Applications/Xcode.app/Contents/Developer/Platforms/iPhoneSimulator.platform/Developer/SDKs/iPhoneSimulator27.0.sdk /Users/oculus/Library/Developer/Xcode/DerivedData/SDKStatCaches.noindex/iphonesimulator27.0-24A430-8dc58220667be655e1bcc261a7455254.sdkstatcache
    cd /tmp/godstone-board1-rc15-full-4f84d0b6/wt_ARCHIVE-PROV-007/ios/Godstone.xcodeproj
    /Applications/Xcode.app/Contents/Developer/Toolchains/XcodeDefault.xctoolchain/usr/bin/clang-stat-cache /Applications/Xcode.app/Contents/Developer/Platforms/iPhoneSimulator.platform/Developer/SDKs/iPhoneSimulator27.0.sdk -o /Users/oculus/Library/Developer/Xcode/DerivedData/SDKStatCaches.noindex/iphonesimulator27.0-24A430-8dc58220667be655e1bcc261a7455254.sdkstatcache

SwiftDriver GodstoneMesh normal arm64 com.apple.xcode.tools.swift.compiler (in target 'GodstoneMesh' from project 'GodstonePackages')
    cd /tmp/godstone-board1-rc15-full-4f84d0b6/wt_ARCHIVE-PROV-007/ios/Godstone.xcodeproj
    builtin-SwiftDriver -- /Applications/Xcode.app/Contents/Developer/Toolchains/XcodeDefault.xctoolchain/usr/bin/swiftc -parse-as-library -module-name GodstoneMesh -Onone @/Users/oculus/Library/Developer/Xcode/DerivedData/Godstone-amgfvuzikbdlwwbsulbruyunrsbz/Build/Intermediates.noindex/GodstonePackages.build/LightDebug-iphonesimulator/GodstoneMesh-t.build/Objects-normal/arm64/GodstoneMesh.SwiftFileList -DSWIFT_PACKAGE -DDEBUG -DSWIFT_MODULE_RESOURCE_BUNDLE_UNAVAILABLE -DXcode -plugin-path /Applications/Xcode.app/Contents/Developer/Toolchains/XcodeDefault.xctoolchain/usr/lib/swift/host/plugins/testing -enable-experimental-feature DebugDescriptionMacro -sdk /Applications/Xcode.app/Contents/Developer/Platforms/iPhoneSimulator.platform/Developer/SDKs/iPhoneSimulator27.0.sdk -target arm64-apple-ios16.0-simulator -g -module-cache-path /Users/oculus/Library/Developer/Xcode/DerivedData/ModuleCache.noindex -Xfrontend -serialize-debugging-options -enable-testing -index-store-path /Users/oculus/Library/Developer/Xcode/DerivedData/Godstone-amgfvuzikbdlwwbsulbruyunrsbz/Index.noindex/DataStore -Xcc -D_LIBCPP_HARDENING_MODE\=_LIBCPP_HARDENING_MODE_DEBUG -swift-version 5 -I /Users/oculus/Library/Developer/Xcode/DerivedData/Godstone-amgfvuzikbdlwwbsulbruyunrsbz/Build/Products/LightDebug-iphonesimulator -Isystem /Applications/Xcode.app/Contents/Developer/Platforms/iPhoneSimulator.platform/Developer/usr/lib -F /Users/oculus/Library/Developer/Xcode/DerivedData/Godstone-amgfvuzikbdlwwbsulbruyunrsbz/Build/Products/LightDebug-iphonesimulator/PackageFrameworks -F /Users/oculus/Library/Developer/Xcode/DerivedData/Godstone-amgfvuzikbdlwwbsulbruyunrsbz/Build/Products/LightDebug-iphonesimulator -F /Applications/Xcode.app/Contents/Developer/Platforms/iPhoneSimulator.platform/Developer/Library/Frameworks -F /Applications/Xcode.app/Contents/Developer/Platforms/iPhoneSimulator.platform/Developer/SDKs/iPhoneSimulator27.0.sdk/Developer/Library/Frameworks -c -j10 -enable-batch-mode -incremental -Xcc -ivfsstatcache -Xcc /Users/oculus/Library/Developer/Xcode/DerivedData/SDKStatCaches.noindex/iphonesimulator27.0-24A430-8dc58220667be655e1bcc261a7455254.sdkstatcache -output-file-map /Users/oculus/Library/Developer/Xcode/DerivedData/Godstone-amgfvuzikbdlwwbsulbruyunrsbz/Build/Intermediates.noindex/GodstonePackages.build/LightDebug-iphonesimulator/GodstoneMesh-t.build/Objects-normal/arm64/GodstoneMesh-OutputFileMap.json -save-temps -no-color-diagnostics -explicit-module-build -module-cache-path /Users/oculus/Library/Developer/Xcode/DerivedData/Godstone-amgfvuzikbdlwwbsulbruyunrsbz/Build/Intermediates.noindex/SwiftExplicitPrecompiledModules -clang-scanner-module-cache-path /Users/oculus/Library/Developer/Xcode/DerivedData/ModuleCache.noindex -sdk-module-cache-path /Users/oculus/Library/Developer/Xcode/DerivedData/SDKExplicitPrecompiledModules -emit-dependencies -emit-module -emit-module-path /Users/oculus/Library/Developer/Xcode/DerivedData/Godstone-amgfvuzikbdlwwbsulbruyunrsbz/Build/Intermediates.noindex/GodstonePackages.build/LightDebug-iphonesimulator/GodstoneMesh-t.build/Objects-normal/arm64/GodstoneMesh.swiftmodule -serialize-diagnostics -dependency-scan-serialize-diagnostics-path /Users/oculus/Library/Developer/Xcode/DerivedData/Godstone-amgfvuzikbdlwwbsulbruyunrsbz/Build/Intermediates.noindex/GodstonePackages.build/LightDebug-iphonesimulator/GodstoneMesh-t.build/Objects-normal/arm64/GodstoneMesh-dependency-scan.dia -validate-clang-modules-once -clang-build-session-file /Users/oculus/Library/Developer/Xcode/DerivedData/ModuleCache.noindex/Session.modulevalidation -Xcc -fmodules-prune-interval\=86400 -Xcc -fmodules-prune-after\=345600 -package-name godstone -emit-const-values -const-gather-protocols-list /Users/oculus/Library/Developer/Xcode/DerivedData/Godstone-amgfvuzikbdlwwbsulbruyunrsbz/Build/Intermediates.noindex/GodstonePackages.build/LightDebug-iphonesimulator/GodstoneMesh-t.build/Objects-normal/arm64/GodstoneMesh_const_extract_protocols.json -Xcc -I/Users/oculus/Library/Developer/Xcode/DerivedData/Godstone-amgfvuzikbdlwwbsulbruyunrsbz/Build/Products/LightDebug-iphonesimulator/include -Xcc -I/Users/oculus/Library/Developer/Xcode/DerivedData/Godstone-amgfvuzikbdlwwbsulbruyunrsbz/Build/Intermediates.noindex/GodstonePackages.build/LightDebug-iphonesimulator/GodstoneMesh-t.build/DerivedSources-normal/arm64 -Xcc -I/Users/oculus/Library/Developer/Xcode/DerivedData/Godstone-amgfvuzikbdlwwbsulbruyunrsbz/Build/Intermediates.noindex/GodstonePackages.build/LightDebug-iphonesimulator/GodstoneMesh-t.build/DerivedSources/arm64 -Xcc -I/Users/oculus/Library/Developer/Xcode/DerivedData/Godstone-amgfvuzikbdlwwbsulbruyunrsbz/Build/Intermediates.noindex/GodstonePackages.build/LightDebug-iphonesimulator/GodstoneMesh-t.build/DerivedSources -Xcc -DSWIFT_PACKAGE -Xcc -DDEBUG\=1 -emit-objc-header -emit-objc-header-path /Users/oculus/Library/Developer/Xcode/DerivedData/Godstone-amgfvuzikbdlwwbsulbruyunrsbz/Build/Intermediates.noindex/GodstonePackages.build/LightDebug-iphonesimulator/GodstoneMesh-t.build/Objects-normal/arm64/GodstoneMesh-Swift.h -working-directory /tmp/godstone-board1-rc15-full-4f84d0b6/wt_ARCHIVE-PROV-007/ios/Godstone.xcodeproj -experimental-emit-module-separately -disable-cmo

SwiftCompile normal arm64 Compiling\ SQLCipherTrustedExpectation.swift /private/tmp/godstone-board1-rc15-full-4f84d0b6/wt_ARCHIVE-PROV-007/ios/Godstone/Sources/GodstoneMesh/SQLCipherTrustedExpectation.swift (in target 'GodstoneMesh' from project 'GodstonePackages')

SwiftCompile normal arm64 /private/tmp/godstone-board1-rc15-full-4f84d0b6/wt_ARCHIVE-PROV-007/ios/Godstone/Sources/GodstoneMesh/SQLCipherTrustedExpectation.swift (in target 'GodstoneMesh' from project 'GodstonePackages')
    cd /tmp/godstone-board1-rc15-full-4f84d0b6/wt_ARCHIVE-PROV-007/ios/Godstone.xcodeproj
    builtin-SwiftPerFileCompile SQLCipherTrustedExpectation.swift

SwiftEmitModule normal arm64 Emitting\ module\ for\ GodstoneMesh (in target 'GodstoneMesh' from project 'GodstonePackages')
/private/tmp/godstone-board1-rc15-full-4f84d0b6/wt_ARCHIVE-PROV-007/ios/Godstone/Sources/GodstoneMesh/BleTransport.swift:8:16: warning: stored property 'peripheral' of 'Sendable'-conforming struct 'OutboundPhysicalLifetime' contains non-Sendable type 'CBPeripheral'; this is an error in the Swift 6 language mode
   6 |     public let relationKey: RelationKey
   7 |     public let transportEpoch: UInt64
   8 |     public let peripheral: CBPeripheral?
     |                `- warning: stored property 'peripheral' of 'Sendable'-conforming struct 'OutboundPhysicalLifetime' contains non-Sendable type 'CBPeripheral'; this is an error in the Swift 6 language mode
   9 | 
  10 |     public init(relationKey: RelationKey, transportEpoch: UInt64, peripheral: CBPeripheral? = nil) {

/Applications/Xcode.app/Contents/Developer/Platforms/iPhoneSimulator.platform/Developer/SDKs/iPhoneSimulator27.0.sdk/System/Library/Frameworks/CoreBluetooth.framework/Headers/CBPeripheral.h:66:28: note: class 'CBPeripheral' does not conform to the 'Sendable' protocol
 64 |  */
 65 | NS_CLASS_AVAILABLE(10_7, 5_0)
 66 | CB_EXTERN_CLASS @interface CBPeripheral : CBPeer
    |                            `- note: class 'CBPeripheral' does not conform to the 'Sendable' protocol
 67 | 
 68 | /*!

/private/tmp/godstone-board1-rc15-full-4f84d0b6/wt_ARCHIVE-PROV-007/ios/Godstone/Sources/GodstoneMesh/BleTransport.swift:2:1: warning: add '@preconcurrency' to suppress 'Sendable'-related warnings from module 'CoreBluetooth' [#AddPreconcurrencyImport]
   1 | import Foundation
   2 | import CoreBluetooth
     | `- warning: add '@preconcurrency' to suppress 'Sendable'-related warnings from module 'CoreBluetooth' [#AddPreconcurrencyImport]
   3 | import GodstoneCore
   4 | 

/private/tmp/godstone-board1-rc15-full-4f84d0b6/wt_ARCHIVE-PROV-007/ios/Godstone/Sources/GodstoneMesh/BleTransport.swift:32:16: warning: stored property 'characteristicUuid' of 'Sendable'-conforming struct 'InboxSubscription' has non-Sendable type 'CBUUID'; this is an error in the Swift 6 language mode
  30 | /// subscription. Presented by the subscribe callback, held with the lease.
  31 | public struct InboxSubscription: Equatable, Sendable {
  32 |     public let characteristicUuid: CBUUID
     |                `- warning: stored property 'characteristicUuid' of 'Sendable'-conforming struct 'InboxSubscription' has non-Sendable type 'CBUUID'; this is an error in the Swift 6 language mode
  33 |     public let maxUpdateLength: Int
  34 | 

/Applications/Xcode.app/Contents/Developer/Platforms/iPhoneSimulator.platform/Developer/SDKs/iPhoneSimulator27.0.sdk/System/Library/Frameworks/CoreBluetooth.framework/Headers/CBUUID.h:85:28: note: class 'CBUUID' does not conform to the 'Sendable' protocol
 83 |  */
 84 | NS_CLASS_AVAILABLE(10_7, 5_0)
 85 | CB_EXTERN_CLASS @interface CBUUID : NSObject <NSCopying>
    |                            `- note: class 'CBUUID' does not conform to the 'Sendable' protocol
 86 | 
 87 | /*!

/private/tmp/godstone-board1-rc15-full-4f84d0b6/wt_ARCHIVE-PROV-007/ios/Godstone/Sources/GodstoneMesh/BleTransport.swift:48:16: warning: stored property 'retainedCentral' of 'Sendable'-conforming struct 'InboundSubscriptionLifetime' contains non-Sendable type 'CBCentral'; this is an error in the Swift 6 language mode
  46 |     /// this handle - never through a fresh lookup of the subscriber list,
  47 |     /// which a reused identity could have renewed in the meantime.
  48 |     public let retainedCentral: CBCentral?
     |                `- warning: stored property 'retainedCentral' of 'Sendable'-conforming struct 'InboundSubscriptionLifetime' contains non-Sendable type 'CBCentral'; this is an error in the Swift 6 language mode
  49 |     /// The inbox subscription this lease stands for, as presented by the
  50 |     /// callback; nil while the subscription was not distinguishable.

/Applications/Xcode.app/Contents/Developer/Platforms/iPhoneSimulator.platform/Developer/SDKs/iPhoneSimulator27.0.sdk/System/Library/Frameworks/CoreBluetooth.framework/Headers/CBCentral.h:28:28: note: class 'CBCentral' does not conform to the 'Sendable' protocol
26 |  */
27 | NS_CLASS_AVAILABLE(10_9, 6_0)
28 | CB_EXTERN_CLASS @interface CBCentral : CBPeer
   |                            `- note: class 'CBCentral' does not conform to the 'Sendable' protocol
29 | 
30 | /*!

/private/tmp/godstone-board1-rc15-full-4f84d0b6/wt_ARCHIVE-PROV-007/ios/Godstone/Sources/GodstoneMesh/BleTransport.swift:123:5: warning: 'public' modifier is redundant for property declared in a public extension
 121 | 
 122 | public extension TransportManagerFactory {
 123 |     public var admissionBudgetOverride: Int? { return nil }
     |     `- warning: 'public' modifier is redundant for property declared in a public extension
 124 | }
 125 | 

/private/tmp/godstone-board1-rc15-full-4f84d0b6/wt_ARCHIVE-PROV-007/ios/Godstone/Sources/GodstoneMesh/BleTransport.swift:550:9: warning: stored property 'timer' of 'Sendable'-conforming struct 'TimerLease' has non-Sendable type 'Timer'; this is an error in the Swift 6 language mode
 548 |     public let deadlineUptimeMillis: UInt64
 549 |     public let handle: TimerKey
 550 |     let timer: Timer
     |         `- warning: stored property 'timer' of 'Sendable'-conforming struct 'TimerLease' has non-Sendable type 'Timer'; this is an error in the Swift 6 language mode
 551 |     let context: ManagerContext?
 552 | 

/Applications/Xcode.app/Contents/Developer/Platforms/iPhoneSimulator.platform/Developer/SDKs/iPhoneSimulator27.0.sdk/System/Library/Frameworks/Foundation.framework/Headers/NSTimer.h:45:12: note: class 'Timer' does not conform to the 'Sendable' protocol
 43 | ///
 44 | /// Do not subclass ``Timer``.
 45 | @interface NSTimer : NSObject
    |            `- note: class 'Timer' does not conform to the 'Sendable' protocol
 46 | 
 47 | /// Initializes a timer object with the specified invocation object.

/private/tmp/godstone-board1-rc15-full-4f84d0b6/wt_ARCHIVE-PROV-007/ios/Godstone/Sources/GodstoneMesh/BoundRecipientKeyResolver.swift:11:1: warning: conformance to 'Sendable' must occur in the same source file as class 'PeerIdentityRepository'; use '@unchecked Sendable' for retroactive conformance; this is an error in the Swift 6 language mode
 9 | }
10 | 
11 | extension PeerIdentityRepository: PeerIdentityLookupSource {}
   | `- warning: conformance to 'Sendable' must occur in the same source file as class 'PeerIdentityRepository'; use '@unchecked Sendable' for retroactive conformance; this is an error in the Swift 6 language mode
12 | 
13 | /// Read-only durable peer-identity -> ACK signing-key resolver (ADR-003, Phase C8.3).

/private/tmp/godstone-board1-rc15-full-4f84d0b6/wt_ARCHIVE-PROV-007/ios/Godstone/Sources/GodstoneMesh/PeerIdentityRepository.swift:114:17: warning: stored property 'store' of 'Sendable'-conforming class 'PeerIdentityRepository' has non-Sendable type 'any PeerIdentityStore'; this is an error in the Swift 6 language mode
112 | /// and post-mutation readback verification (ADR-003, Phase C8.2B).
113 | internal final class PeerIdentityRepository {
114 |     private let store: PeerIdentityStore
    |                 `- warning: stored property 'store' of 'Sendable'-conforming class 'PeerIdentityRepository' has non-Sendable type 'any PeerIdentityStore'; this is an error in the Swift 6 language mode
115 | 
116 |     init(store: PeerIdentityStore) {

/private/tmp/godstone-board1-rc15-full-4f84d0b6/wt_ARCHIVE-PROV-007/ios/Godstone/Sources/GodstoneMesh/PeerIdentityStore.swift:223:19: note: protocol 'PeerIdentityStore' does not conform to the 'Sendable' protocol
 221 | 
 222 | /// Storage protocol for peer identity repository backend (ADR-003, Phase C8.2B).
 223 | internal protocol PeerIdentityStore: AnyObject {
     |                   `- note: protocol 'PeerIdentityStore' does not conform to the 'Sendable' protocol
 224 |     func inImmediateTransaction<T>(_ block: (PeerIdentityStore) throws -> T) throws -> T
 225 | 

/private/tmp/godstone-board1-rc15-full-4f84d0b6/wt_ARCHIVE-PROV-007/ios/Godstone/Sources/GodstoneMesh/LabRuntime.swift:1937:17: warning: stored property 'trustStore' of 'Sendable'-conforming struct 'LabEstateSeam' contains non-Sendable type 'SqlitePeerIdentityStore'; this is an error in the Swift 6 language mode
1935 |     private let paths: [String: URL]
1936 |     private let drain: LabEstateDrainSeam?
1937 |     private let trustStore: SqlitePeerIdentityStore?
     |                 `- warning: stored property 'trustStore' of 'Sendable'-conforming struct 'LabEstateSeam' contains non-Sendable type 'SqlitePeerIdentityStore'; this is an error in the Swift 6 language mode
1938 |     internal let keychain: any LocalIdentityKeychain = HarnessIdentityKeychain()
1939 |     /// The lab carries no encrypted private store (its stores are plaintext files under Application Support), so

/private/tmp/godstone-board1-rc15-full-4f84d0b6/wt_ARCHIVE-PROV-007/ios/Godstone/Sources/GodstoneMesh/PeerIdentityStore.swift:288:22: note: class 'SqlitePeerIdentityStore' does not conform to the 'Sendable' protocol
 286 | 
 287 | /// Production SQLite-backed peer identity store with fixed FileProtectionType.complete (ADR-003, Phase C8.2B).
 288 | internal final class SqlitePeerIdentityStore: PeerIdentityStore {
     |                      `- note: class 'SqlitePeerIdentityStore' does not conform to the 'Sendable' protocol
 289 |     private var handle: OpaquePointer?
 290 | 

/private/tmp/godstone-board1-rc15-full-4f84d0b6/wt_ARCHIVE-PROV-007/ios/Godstone/Sources/GodstoneMesh/LabRuntime.swift:1941:18: warning: stored property 'dekProvider' of 'Sendable'-conforming struct 'LabEstateSeam' contains non-Sendable type 'any PrivateStoreKeyProvider'; this is an error in the Swift 6 language mode
1939 |     /// The lab carries no encrypted private store (its stores are plaintext files under Application Support), so
1940 |     /// there is no DEK to erase and the vault answereth `.absent` -- the tri-state doctrine's own honest word.
1941 |     internal let dekProvider: (any PrivateStoreKeyProvider)? = nil
     |                  `- warning: stored property 'dekProvider' of 'Sendable'-conforming struct 'LabEstateSeam' contains non-Sendable type 'any PrivateStoreKeyProvider'; this is an error in the Swift 6 language mode
1942 | 
1943 |     /// - Parameters:

/private/tmp/godstone-board1-rc15-full-4f84d0b6/wt_ARCHIVE-PROV-007/ios/Godstone/Sources/GodstoneMesh/PrivateStoreKeyProvider.swift:66:17: note: protocol 'PrivateStoreKeyProvider' does not conform to the 'Sendable' protocol
 64 | /// `DefaultPrivateStoreKeyProvider`; the court injects a fake to drive wrong-DEK,
 65 | /// Keychain-unavailable, locked-device and protection-failure decisions on the host.
 66 | public protocol PrivateStoreKeyProvider: AnyObject {
    |                 `- note: protocol 'PrivateStoreKeyProvider' does not conform to the 'Sendable' protocol
 67 |     /// The pinned DEK length in bytes (AES-256).
 68 |     var dekByteCount: Int { get }

/private/tmp/godstone-board1-rc15-full-4f84d0b6/wt_ARCHIVE-PROV-007/ios/Godstone/Sources/GodstoneMesh/MeshRuntime.swift:1261:17: warning: no calls to throwing functions occur within 'try' expression [#UnnecessaryEffectMarker]
1259 |             invalidateRuntime: { [invalidator, messageStore, peerIdentityStore,
1260 |                                  adoptedMessageConnection, adoptedPeerConnection] in
1261 |                 try invalidator.invalidateForWipe()
     |                 `- warning: no calls to throwing functions occur within 'try' expression [#UnnecessaryEffectMarker]
1262 |                 messageStore.close()
1263 |                 peerIdentityStore.close()

/private/tmp/godstone-board1-rc15-full-4f84d0b6/wt_ARCHIVE-PROV-007/ios/Godstone/Sources/GodstoneMesh/MeshRuntime.swift:1480:13: warning: stored property 'dekProvider' of 'Sendable'-conforming struct 'DefaultRecoveryEstate' contains non-Sendable type 'any PrivateStoreKeyProvider'; this is an error in the Swift 6 language mode
1478 |         let peerStoreUrl: URL
1479 |         let keychain: any LocalIdentityKeychain
1480 |         let dekProvider: (any PrivateStoreKeyProvider)?
     |             `- warning: stored property 'dekProvider' of 'Sendable'-conforming struct 'DefaultRecoveryEstate' contains non-Sendable type 'any PrivateStoreKeyProvider'; this is an error in the Swift 6 language mode
1481 |         /// The composition's ONE owner registry; the production recovery road drains and closes through IT.
1482 |         let registry: EstateOwnerRegistry

/private/tmp/godstone-board1-rc15-full-4f84d0b6/wt_ARCHIVE-PROV-007/ios/Godstone/Sources/GodstoneMesh/PrivateStoreKeyProvider.swift:66:17: note: protocol 'PrivateStoreKeyProvider' does not conform to the 'Sendable' protocol
 64 | /// `DefaultPrivateStoreKeyProvider`; the court injects a fake to drive wrong-DEK,
 65 | /// Keychain-unavailable, locked-device and protection-failure decisions on the host.
 66 | public protocol PrivateStoreKeyProvider: AnyObject {
    |                 `- note: protocol 'PrivateStoreKeyProvider' does not conform to the 'Sendable' protocol
 67 |     /// The pinned DEK length in bytes (AES-256).
 68 |     var dekByteCount: Int { get }

/private/tmp/godstone-board1-rc15-full-4f84d0b6/wt_ARCHIVE-PROV-007/ios/Godstone/Sources/GodstoneMesh/MeshRuntime.swift:1485:13: warning: stored property 'liveTransportSeam' of 'Sendable'-conforming struct 'DefaultRecoveryEstate' contains non-Sendable type 'any TransportRuntimeSeam'; this is an error in the Swift 6 language mode
1483 |         /// The runtime's live transport seam, when one is running; `nil` at create time, where the registry's own
1484 |         /// positive cold proof is what the drain rung stands on.
1485 |         let liveTransportSeam: TransportRuntimeSeam?
     |             `- warning: stored property 'liveTransportSeam' of 'Sendable'-conforming struct 'DefaultRecoveryEstate' contains non-Sendable type 'any TransportRuntimeSeam'; this is an error in the Swift 6 language mode
1486 |         /// The runtime's owner invalidation/close hook, carried across rather than dropped.
1487 |         let invalidateLiveOwners: () -> Void

/private/tmp/godstone-board1-rc15-full-4f84d0b6/wt_ARCHIVE-PROV-007/ios/Godstone/Sources/GodstoneMesh/CrashResumableWipe.swift:203:17: note: protocol 'TransportRuntimeSeam' does not conform to the 'Sendable' protocol
201 | }
202 | 
203 | public protocol TransportRuntimeSeam: AnyObject {
    |                 `- note: protocol 'TransportRuntimeSeam' does not conform to the 'Sendable' protocol
204 |     func drainTransport() -> RuntimeDrainReceipt
205 |     /// Whether THIS process lifetime has drained the transport; a reboot starts un-quiesced.

/private/tmp/godstone-board1-rc15-full-4f84d0b6/wt_ARCHIVE-PROV-007/ios/Godstone/Sources/GodstoneMesh/MeshRuntime.swift:1487:13: warning: stored property 'invalidateLiveOwners' of 'Sendable'-conforming struct 'DefaultRecoveryEstate' has non-Sendable type '() -> ()'; this is an error in the Swift 6 language mode
1485 |         let liveTransportSeam: TransportRuntimeSeam?
1486 |         /// The runtime's owner invalidation/close hook, carried across rather than dropped.
1487 |         let invalidateLiveOwners: () -> Void
     |             |- warning: stored property 'invalidateLiveOwners' of 'Sendable'-conforming struct 'DefaultRecoveryEstate' has non-Sendable type '() -> ()'; this is an error in the Swift 6 language mode
     |             `- note: a function type must be marked '@Sendable' to conform to 'Sendable'
1488 |         internal init(messageStoreUrl: URL, peerStoreUrl: URL,
1489 |                       keychain: any LocalIdentityKeychain,

/private/tmp/godstone-board1-rc15-full-4f84d0b6/wt_ARCHIVE-PROV-007/ios/Godstone/Sources/GodstoneMesh/MessageStore.swift:66:10: warning: associated value 'created' of 'Sendable'-conforming enum 'OutboundEnqueueResult' has non-Sendable type 'FrameV2'; this is an error in the Swift 6 language mode
  64 | public enum OutboundEnqueueResult: Sendable, Equatable {
  65 |     /// A new DIRECT message was atomically persisted in held_frames and delivery_state (QUEUED_DURABLY).
  66 |     case created(FrameV2)
     |          `- warning: associated value 'created' of 'Sendable'-conforming enum 'OutboundEnqueueResult' has non-Sendable type 'FrameV2'; this is an error in the Swift 6 language mode
  67 |     /// An idempotent retry of the SAME logical message with matching SINGLE_RECIPIENT binding and exact canonical frame.
  68 |     case alreadyQueuedSameBinding(FrameV2)

/private/tmp/godstone-board1-rc15-full-4f84d0b6/wt_ARCHIVE-PROV-007/ios/Godstone/Sources/GodstoneMesh/WireV2.swift:7:15: note: consider making struct 'FrameV2' conform to the 'Sendable' protocol
  5 | 
  6 | /// GMP/2 frame. Header is 32 bytes, big-endian.
  7 | public struct FrameV2: Equatable {
    |               `- note: consider making struct 'FrameV2' conform to the 'Sendable' protocol
  8 |     public static let magic: UInt16 = 0x4753
  9 |     public static let version: UInt8 = 0x02

/private/tmp/godstone-board1-rc15-full-4f84d0b6/wt_ARCHIVE-PROV-007/ios/Godstone/Sources/GodstoneMesh/MessageStore.swift:68:10: warning: associated value 'alreadyQueuedSameBinding' of 'Sendable'-conforming enum 'OutboundEnqueueResult' has non-Sendable type 'FrameV2'; this is an error in the Swift 6 language mode
  66 |     case created(FrameV2)
  67 |     /// An idempotent retry of the SAME logical message with matching SINGLE_RECIPIENT binding and exact canonical frame.
  68 |     case alreadyQueuedSameBinding(FrameV2)
     |          `- warning: associated value 'alreadyQueuedSameBinding' of 'Sendable'-conforming enum 'OutboundEnqueueResult' has non-Sendable type 'FrameV2'; this is an error in the Swift 6 language mode
  69 |     /// A held frame exists with matching msg_id but its fields/content differ from requested frame.
  70 |     case canonicalFrameMismatch

/private/tmp/godstone-board1-rc15-full-4f84d0b6/wt_ARCHIVE-PROV-007/ios/Godstone/Sources/GodstoneMesh/WireV2.swift:7:15: note: consider making struct 'FrameV2' conform to the 'Sendable' protocol
  5 | 
  6 | /// GMP/2 frame. Header is 32 bytes, big-endian.
  7 | public struct FrameV2: Equatable {
    |               `- note: consider making struct 'FrameV2' conform to the 'Sendable' protocol
  8 |     public static let magic: UInt16 = 0x4753
  9 |     public static let version: UInt8 = 0x02

/private/tmp/godstone-board1-rc15-full-4f84d0b6/wt_ARCHIVE-PROV-007/ios/Godstone/Sources/GodstoneMesh/SchemaMigration.swift:78:16: warning: stored property 'apply' of 'Sendable'-conforming struct 'MigrationStep' contains non-Sendable type '(any MigrationExecutor) -> ()'; this is an error in the Swift 6 language mode
 76 |     public let to: Int
 77 |     public let statements: [String]
 78 |     public let apply: MigrationApply?
    |                |- warning: stored property 'apply' of 'Sendable'-conforming struct 'MigrationStep' contains non-Sendable type '(any MigrationExecutor) -> ()'; this is an error in the Swift 6 language mode
    |                `- note: a function type must be marked '@Sendable' to conform to 'Sendable'
 79 |     public init(from: Int, to: Int, statements: [String], apply: MigrationApply? = nil) { self.from = from; self.to = to; self.statements = statements; self.apply = apply }
 80 | }


SwiftCompile normal arm64 (in target 'GodstoneMesh' from project 'GodstonePackages')
    cd /tmp/godstone-board1-rc15-full-4f84d0b6/wt_ARCHIVE-PROV-007/ios/Godstone.xcodeproj
    

/private/tmp/godstone-board1-rc15-full-4f84d0b6/wt_ARCHIVE-PROV-007/ios/Godstone/Sources/GodstoneMesh/SosCommand.swift:44:16: warning: stored property 'frame' of 'Sendable'-conforming struct 'ActiveSos' has non-Sendable type 'FrameV2'; this is an error in the Swift 6 language mode
 42 |     public let msgId: Data
 43 |     public let state: DeliveryState
 44 |     public let frame: FrameV2
    |                `- warning: stored property 'frame' of 'Sendable'-conforming struct 'ActiveSos' has non-Sendable type 'FrameV2'; this is an error in the Swift 6 language mode
 45 |     /// When this node committed the pair, when it remembers; nil when the
 46 |     /// tables cannot name the instant (honest silence over a fabricated clock).

/private/tmp/godstone-board1-rc15-full-4f84d0b6/wt_ARCHIVE-PROV-007/ios/Godstone/Sources/GodstoneMesh/WireV2.swift:7:15: note: consider making struct 'FrameV2' conform to the 'Sendable' protocol
  5 | 
  6 | /// GMP/2 frame. Header is 32 bytes, big-endian.
  7 | public struct FrameV2: Equatable {
    |               `- note: consider making struct 'FrameV2' conform to the 'Sendable' protocol
  8 |     public static let magic: UInt16 = 0x4753
  9 |     public static let version: UInt8 = 0x02

/private/tmp/godstone-board1-rc15-full-4f84d0b6/wt_ARCHIVE-PROV-007/ios/Godstone/Sources/GodstoneMesh/SyncControlOwner.swift:42:14: warning: associated value 'answered(frame:)' of 'Sendable'-conforming enum 'OwnerDecision' contains non-Sendable type 'FrameV2'; this is an error in the Swift 6 language mode
 40 |         case ignored(reason: String)
 41 |         case refused(reason: String)
 42 |         case answered(frame: FrameV2)
    |              `- warning: associated value 'answered(frame:)' of 'Sendable'-conforming enum 'OwnerDecision' contains non-Sendable type 'FrameV2'; this is an error in the Swift 6 language mode
 43 |         case delivered(frames: [FrameV2])
 44 |     }

/private/tmp/godstone-board1-rc15-full-4f84d0b6/wt_ARCHIVE-PROV-007/ios/Godstone/Sources/GodstoneMesh/WireV2.swift:7:15: note: consider making struct 'FrameV2' conform to the 'Sendable' protocol
  5 | 
  6 | /// GMP/2 frame. Header is 32 bytes, big-endian.
  7 | public struct FrameV2: Equatable {
    |               `- note: consider making struct 'FrameV2' conform to the 'Sendable' protocol
  8 |     public static let magic: UInt16 = 0x4753
  9 |     public static let version: UInt8 = 0x02

/private/tmp/godstone-board1-rc15-full-4f84d0b6/wt_ARCHIVE-PROV-007/ios/Godstone/Sources/GodstoneMesh/SyncControlOwner.swift:43:14: warning: associated value 'delivered(frames:)' of 'Sendable'-conforming enum 'OwnerDecision' contains non-Sendable type 'FrameV2'; this is an error in the Swift 6 language mode
 41 |         case refused(reason: String)
 42 |         case answered(frame: FrameV2)
 43 |         case delivered(frames: [FrameV2])
    |              `- warning: associated value 'delivered(frames:)' of 'Sendable'-conforming enum 'OwnerDecision' contains non-Sendable type 'FrameV2'; this is an error in the Swift 6 language mode
 44 |     }
 45 | 

/private/tmp/godstone-board1-rc15-full-4f84d0b6/wt_ARCHIVE-PROV-007/ios/Godstone/Sources/GodstoneMesh/WireV2.swift:7:15: note: consider making struct 'FrameV2' conform to the 'Sendable' protocol
  5 | 
  6 | /// GMP/2 frame. Header is 32 bytes, big-endian.
  7 | public struct FrameV2: Equatable {
    |               `- note: consider making struct 'FrameV2' conform to the 'Sendable' protocol
  8 |     public static let magic: UInt16 = 0x4753
  9 |     public static let version: UInt8 = 0x02

/private/tmp/godstone-board1-rc15-full-4f84d0b6/wt_ARCHIVE-PROV-007/ios/Godstone/Sources/GodstoneMesh/SyncPump.swift:46:16: warning: stored property 'frame' of 'Sendable'-conforming struct 'ForwardCopy' has non-Sendable type 'FrameV2'; this is an error in the Swift 6 language mode
 44 | /// exactly once -- and every retry re-emiteth these exact bytes.
 45 | public struct ForwardCopy: Equatable, Sendable {
 46 |     public let frame: FrameV2
    |                `- warning: stored property 'frame' of 'Sendable'-conforming struct 'ForwardCopy' has non-Sendable type 'FrameV2'; this is an error in the Swift 6 language mode
 47 |     /// The immediate hop it arrived from, which is never offered it back.
 48 |     public let fromPeer: Data?

/private/tmp/godstone-board1-rc15-full-4f84d0b6/wt_ARCHIVE-PROV-007/ios/Godstone/Sources/GodstoneMesh/WireV2.swift:7:15: note: consider making struct 'FrameV2' conform to the 'Sendable' protocol
  5 | 
  6 | /// GMP/2 frame. Header is 32 bytes, big-endian.
  7 | public struct FrameV2: Equatable {
    |               `- note: consider making struct 'FrameV2' conform to the 'Sendable' protocol
  8 |     public static let magic: UInt16 = 0x4753
  9 |     public static let version: UInt8 = 0x02

/private/tmp/godstone-board1-rc15-full-4f84d0b6/wt_ARCHIVE-PROV-007/ios/Godstone/Sources/GodstoneMesh/TrustedHandshakeController.swift:39:9: warning: stored property 'noiseSession' of 'Sendable'-conforming struct 'DefaultHs3Writer' has non-Sendable type 'NoiseSession'; this is an error in the Swift 6 language mode
 37 | 
 38 | internal struct DefaultHs3Writer: Hs3Writer {
 39 |     let noiseSession: NoiseSession
    |         `- warning: stored property 'noiseSession' of 'Sendable'-conforming struct 'DefaultHs3Writer' has non-Sendable type 'NoiseSession'; this is an error in the Swift 6 language mode
 40 |     func writeHs3(payload: Data) throws -> Data {
 41 |         try noiseSession.writeMessage3(payload: payload)

/private/tmp/godstone-board1-rc15-full-4f84d0b6/wt_ARCHIVE-PROV-007/ios/Godstone/Sources/GodstoneMesh/NoiseSession.swift:48:20: note: class 'NoiseSession' does not conform to the 'Sendable' protocol
 46 | }
 47 | 
 48 | public final class NoiseSession {
    |                    `- note: class 'NoiseSession' does not conform to the 'Sendable' protocol
 49 | 
 50 |     public enum Role { case initiator, responder }

[#AddPreconcurrencyImport]: <https://docs.swift.org/compiler/documentation/diagnostics/add-preconcurrency-import>
[#UnnecessaryEffectMarker]: <https://docs.swift.org/compiler/documentation/diagnostics/unnecessary-effect-marker>
SwiftDriverJobDiscovery normal arm64 Compiling SQLCipherTrustedExpectation.swift (in target 'GodstoneMesh' from project 'GodstonePackages')

SwiftDriverJobDiscovery normal arm64 Emitting module for GodstoneMesh (in target 'GodstoneMesh' from project 'GodstonePackages')

SwiftDriver\ Compilation\ Requirements GodstoneMesh normal arm64 com.apple.xcode.tools.swift.compiler (in target 'GodstoneMesh' from project 'GodstonePackages')
    cd /tmp/godstone-board1-rc15-full-4f84d0b6/wt_ARCHIVE-PROV-007/ios/Godstone.xcodeproj
    builtin-Swift-Compilation-Requirements -- /Applications/Xcode.app/Contents/Developer/Toolchains/XcodeDefault.xctoolchain/usr/bin/swiftc -parse-as-library -module-name GodstoneMesh -Onone @/Users/oculus/Library/Developer/Xcode/DerivedData/Godstone-amgfvuzikbdlwwbsulbruyunrsbz/Build/Intermediates.noindex/GodstonePackages.build/LightDebug-iphonesimulator/GodstoneMesh-t.build/Objects-normal/arm64/GodstoneMesh.SwiftFileList -DSWIFT_PACKAGE -DDEBUG -DSWIFT_MODULE_RESOURCE_BUNDLE_UNAVAILABLE -DXcode -plugin-path /Applications/Xcode.app/Contents/Developer/Toolchains/XcodeDefault.xctoolchain/usr/lib/swift/host/plugins/testing -enable-experimental-feature DebugDescriptionMacro -sdk /Applications/Xcode.app/Contents/Developer/Platforms/iPhoneSimulator.platform/Developer/SDKs/iPhoneSimulator27.0.sdk -target arm64-apple-ios16.0-simulator -g -module-cache-path /Users/oculus/Library/Developer/Xcode/DerivedData/ModuleCache.noindex -Xfrontend -serialize-debugging-options -enable-testing -index-store-path /Users/oculus/Library/Developer/Xcode/DerivedData/Godstone-amgfvuzikbdlwwbsulbruyunrsbz/Index.noindex/DataStore -Xcc -D_LIBCPP_HARDENING_MODE\=_LIBCPP_HARDENING_MODE_DEBUG -swift-version 5 -I /Users/oculus/Library/Developer/Xcode/DerivedData/Godstone-amgfvuzikbdlwwbsulbruyunrsbz/Build/Products/LightDebug-iphonesimulator -Isystem /Applications/Xcode.app/Contents/Developer/Platforms/iPhoneSimulator.platform/Developer/usr/lib -F /Users/oculus/Library/Developer/Xcode/DerivedData/Godstone-amgfvuzikbdlwwbsulbruyunrsbz/Build/Products/LightDebug-iphonesimulator/PackageFrameworks -F /Users/oculus/Library/Developer/Xcode/DerivedData/Godstone-amgfvuzikbdlwwbsulbruyunrsbz/Build/Products/LightDebug-iphonesimulator -F /Applications/Xcode.app/Contents/Developer/Platforms/iPhoneSimulator.platform/Developer/Library/Frameworks -F /Applications/Xcode.app/Contents/Developer/Platforms/iPhoneSimulator.platform/Developer/SDKs/iPhoneSimulator27.0.sdk/Developer/Library/Frameworks -c -j10 -enable-batch-mode -incremental -Xcc -ivfsstatcache -Xcc /Users/oculus/Library/Developer/Xcode/DerivedData/SDKStatCaches.noindex/iphonesimulator27.0-24A430-8dc58220667be655e1bcc261a7455254.sdkstatcache -output-file-map /Users/oculus/Library/Developer/Xcode/DerivedData/Godstone-amgfvuzikbdlwwbsulbruyunrsbz/Build/Intermediates.noindex/GodstonePackages.build/LightDebug-iphonesimulator/GodstoneMesh-t.build/Objects-normal/arm64/GodstoneMesh-OutputFileMap.json -save-temps -no-color-diagnostics -explicit-module-build -module-cache-path /Users/oculus/Library/Developer/Xcode/DerivedData/Godstone-amgfvuzikbdlwwbsulbruyunrsbz/Build/Intermediates.noindex/SwiftExplicitPrecompiledModules -clang-scanner-module-cache-path /Users/oculus/Library/Developer/Xcode/DerivedData/ModuleCache.noindex -sdk-module-cache-path /Users/oculus/Library/Developer/Xcode/DerivedData/SDKExplicitPrecompiledModules -emit-dependencies -emit-module -emit-module-path /Users/oculus/Library/Developer/Xcode/DerivedData/Godstone-amgfvuzikbdlwwbsulbruyunrsbz/Build/Intermediates.noindex/GodstonePackages.build/LightDebug-iphonesimulator/GodstoneMesh-t.build/Objects-normal/arm64/GodstoneMesh.swiftmodule -serialize-diagnostics -dependency-scan-serialize-diagnostics-path /Users/oculus/Library/Developer/Xcode/DerivedData/Godstone-amgfvuzikbdlwwbsulbruyunrsbz/Build/Intermediates.noindex/GodstonePackages.build/LightDebug-iphonesimulator/GodstoneMesh-t.build/Objects-normal/arm64/GodstoneMesh-dependency-scan.dia -validate-clang-modules-once -clang-build-session-file /Users/oculus/Library/Developer/Xcode/DerivedData/ModuleCache.noindex/Session.modulevalidation -Xcc -fmodules-prune-interval\=86400 -Xcc -fmodules-prune-after\=345600 -package-name godstone -emit-const-values -const-gather-protocols-list /Users/oculus/Library/Developer/Xcode/DerivedData/Godstone-amgfvuzikbdlwwbsulbruyunrsbz/Build/Intermediates.noindex/GodstonePackages.build/LightDebug-iphonesimulator/GodstoneMesh-t.build/Objects-normal/arm64/GodstoneMesh_const_extract_protocols.json -Xcc -I/Users/oculus/Library/Developer/Xcode/DerivedData/Godstone-amgfvuzikbdlwwbsulbruyunrsbz/Build/Products/LightDebug-iphonesimulator/include -Xcc -I/Users/oculus/Library/Developer/Xcode/DerivedData/Godstone-amgfvuzikbdlwwbsulbruyunrsbz/Build/Intermediates.noindex/GodstonePackages.build/LightDebug-iphonesimulator/GodstoneMesh-t.build/DerivedSources-normal/arm64 -Xcc -I/Users/oculus/Library/Developer/Xcode/DerivedData/Godstone-amgfvuzikbdlwwbsulbruyunrsbz/Build/Intermediates.noindex/GodstonePackages.build/LightDebug-iphonesimulator/GodstoneMesh-t.build/DerivedSources/arm64 -Xcc -I/Users/oculus/Library/Developer/Xcode/DerivedData/Godstone-amgfvuzikbdlwwbsulbruyunrsbz/Build/Intermediates.noindex/GodstonePackages.build/LightDebug-iphonesimulator/GodstoneMesh-t.build/DerivedSources -Xcc -DSWIFT_PACKAGE -Xcc -DDEBUG\=1 -emit-objc-header -emit-objc-header-path /Users/oculus/Library/Developer/Xcode/DerivedData/Godstone-amgfvuzikbdlwwbsulbruyunrsbz/Build/Intermediates.noindex/GodstonePackages.build/LightDebug-iphonesimulator/GodstoneMesh-t.build/Objects-normal/arm64/GodstoneMesh-Swift.h -working-directory /tmp/godstone-board1-rc15-full-4f84d0b6/wt_ARCHIVE-PROV-007/ios/Godstone.xcodeproj -experimental-emit-module-separately -disable-cmo

SwiftDriver\ Compilation GodstoneMesh normal arm64 com.apple.xcode.tools.swift.compiler (in target 'GodstoneMesh' from project 'GodstonePackages')
    cd /tmp/godstone-board1-rc15-full-4f84d0b6/wt_ARCHIVE-PROV-007/ios/Godstone.xcodeproj
    builtin-Swift-Compilation -- /Applications/Xcode.app/Contents/Developer/Toolchains/XcodeDefault.xctoolchain/usr/bin/swiftc -parse-as-library -module-name GodstoneMesh -Onone @/Users/oculus/Library/Developer/Xcode/DerivedData/Godstone-amgfvuzikbdlwwbsulbruyunrsbz/Build/Intermediates.noindex/GodstonePackages.build/LightDebug-iphonesimulator/GodstoneMesh-t.build/Objects-normal/arm64/GodstoneMesh.SwiftFileList -DSWIFT_PACKAGE -DDEBUG -DSWIFT_MODULE_RESOURCE_BUNDLE_UNAVAILABLE -DXcode -plugin-path /Applications/Xcode.app/Contents/Developer/Toolchains/XcodeDefault.xctoolchain/usr/lib/swift/host/plugins/testing -enable-experimental-feature DebugDescriptionMacro -sdk /Applications/Xcode.app/Contents/Developer/Platforms/iPhoneSimulator.platform/Developer/SDKs/iPhoneSimulator27.0.sdk -target arm64-apple-ios16.0-simulator -g -module-cache-path /Users/oculus/Library/Developer/Xcode/DerivedData/ModuleCache.noindex -Xfrontend -serialize-debugging-options -enable-testing -index-store-path /Users/oculus/Library/Developer/Xcode/DerivedData/Godstone-amgfvuzikbdlwwbsulbruyunrsbz/Index.noindex/DataStore -Xcc -D_LIBCPP_HARDENING_MODE\=_LIBCPP_HARDENING_MODE_DEBUG -swift-version 5 -I /Users/oculus/Library/Developer/Xcode/DerivedData/Godstone-amgfvuzikbdlwwbsulbruyunrsbz/Build/Products/LightDebug-iphonesimulator -Isystem /Applications/Xcode.app/Contents/Developer/Platforms/iPhoneSimulator.platform/Developer/usr/lib -F /Users/oculus/Library/Developer/Xcode/DerivedData/Godstone-amgfvuzikbdlwwbsulbruyunrsbz/Build/Products/LightDebug-iphonesimulator/PackageFrameworks -F /Users/oculus/Library/Developer/Xcode/DerivedData/Godstone-amgfvuzikbdlwwbsulbruyunrsbz/Build/Products/LightDebug-iphonesimulator -F /Applications/Xcode.app/Contents/Developer/Platforms/iPhoneSimulator.platform/Developer/Library/Frameworks -F /Applications/Xcode.app/Contents/Developer/Platforms/iPhoneSimulator.platform/Developer/SDKs/iPhoneSimulator27.0.sdk/Developer/Library/Frameworks -c -j10 -enable-batch-mode -incremental -Xcc -ivfsstatcache -Xcc /Users/oculus/Library/Developer/Xcode/DerivedData/SDKStatCaches.noindex/iphonesimulator27.0-24A430-8dc58220667be655e1bcc261a7455254.sdkstatcache -output-file-map /Users/oculus/Library/Developer/Xcode/DerivedData/Godstone-amgfvuzikbdlwwbsulbruyunrsbz/Build/Intermediates.noindex/GodstonePackages.build/LightDebug-iphonesimulator/GodstoneMesh-t.build/Objects-normal/arm64/GodstoneMesh-OutputFileMap.json -save-temps -no-color-diagnostics -explicit-module-build -module-cache-path /Users/oculus/Library/Developer/Xcode/DerivedData/Godstone-amgfvuzikbdlwwbsulbruyunrsbz/Build/Intermediates.noindex/SwiftExplicitPrecompiledModules -clang-scanner-module-cache-path /Users/oculus/Library/Developer/Xcode/DerivedData/ModuleCache.noindex -sdk-module-cache-path /Users/oculus/Library/Developer/Xcode/DerivedData/SDKExplicitPrecompiledModules -emit-dependencies -emit-module -emit-module-path /Users/oculus/Library/Developer/Xcode/DerivedData/Godstone-amgfvuzikbdlwwbsulbruyunrsbz/Build/Intermediates.noindex/GodstonePackages.build/LightDebug-iphonesimulator/GodstoneMesh-t.build/Objects-normal/arm64/GodstoneMesh.swiftmodule -serialize-diagnostics -dependency-scan-serialize-diagnostics-path /Users/oculus/Library/Developer/Xcode/DerivedData/Godstone-amgfvuzikbdlwwbsulbruyunrsbz/Build/Intermediates.noindex/GodstonePackages.build/LightDebug-iphonesimulator/GodstoneMesh-t.build/Objects-normal/arm64/GodstoneMesh-dependency-scan.dia -validate-clang-modules-once -clang-build-session-file /Users/oculus/Library/Developer/Xcode/DerivedData/ModuleCache.noindex/Session.modulevalidation -Xcc -fmodules-prune-interval\=86400 -Xcc -fmodules-prune-after\=345600 -package-name godstone -emit-const-values -const-gather-protocols-list /Users/oculus/Library/Developer/Xcode/DerivedData/Godstone-amgfvuzikbdlwwbsulbruyunrsbz/Build/Intermediates.noindex/GodstonePackages.build/LightDebug-iphonesimulator/GodstoneMesh-t.build/Objects-normal/arm64/GodstoneMesh_const_extract_protocols.json -Xcc -I/Users/oculus/Library/Developer/Xcode/DerivedData/Godstone-amgfvuzikbdlwwbsulbruyunrsbz/Build/Products/LightDebug-iphonesimulator/include -Xcc -I/Users/oculus/Library/Developer/Xcode/DerivedData/Godstone-amgfvuzikbdlwwbsulbruyunrsbz/Build/Intermediates.noindex/GodstonePackages.build/LightDebug-iphonesimulator/GodstoneMesh-t.build/DerivedSources-normal/arm64 -Xcc -I/Users/oculus/Library/Developer/Xcode/DerivedData/Godstone-amgfvuzikbdlwwbsulbruyunrsbz/Build/Intermediates.noindex/GodstonePackages.build/LightDebug-iphonesimulator/GodstoneMesh-t.build/DerivedSources/arm64 -Xcc -I/Users/oculus/Library/Developer/Xcode/DerivedData/Godstone-amgfvuzikbdlwwbsulbruyunrsbz/Build/Intermediates.noindex/GodstonePackages.build/LightDebug-iphonesimulator/GodstoneMesh-t.build/DerivedSources -Xcc -DSWIFT_PACKAGE -Xcc -DDEBUG\=1 -emit-objc-header -emit-objc-header-path /Users/oculus/Library/Developer/Xcode/DerivedData/Godstone-amgfvuzikbdlwwbsulbruyunrsbz/Build/Intermediates.noindex/GodstonePackages.build/LightDebug-iphonesimulator/GodstoneMesh-t.build/Objects-normal/arm64/GodstoneMesh-Swift.h -working-directory /tmp/godstone-board1-rc15-full-4f84d0b6/wt_ARCHIVE-PROV-007/ios/Godstone.xcodeproj -experimental-emit-module-separately -disable-cmo

Copy /Users/oculus/Library/Developer/Xcode/DerivedData/Godstone-amgfvuzikbdlwwbsulbruyunrsbz/Build/Products/LightDebug-iphonesimulator/GodstoneMesh.swiftmodule/Project/arm64-apple-ios-simulator.swiftsourceinfo /Users/oculus/Library/Developer/Xcode/DerivedData/Godstone-amgfvuzikbdlwwbsulbruyunrsbz/Build/Intermediates.noindex/GodstonePackages.build/LightDebug-iphonesimulator/GodstoneMesh-t.build/Objects-normal/arm64/GodstoneMesh.swiftsourceinfo (in target 'GodstoneMesh' from project 'GodstonePackages')
    cd /tmp/godstone-board1-rc15-full-4f84d0b6/wt_ARCHIVE-PROV-007/ios/Godstone
    builtin-copy -exclude .DS_Store -exclude CVS -exclude .svn -exclude .git -exclude .hg -resolve-src-symlinks -rename /Users/oculus/Library/Developer/Xcode/DerivedData/Godstone-amgfvuzikbdlwwbsulbruyunrsbz/Build/Intermediates.noindex/GodstonePackages.build/LightDebug-iphonesimulator/GodstoneMesh-t.build/Objects-normal/arm64/GodstoneMesh.swiftsourceinfo /Users/oculus/Library/Developer/Xcode/DerivedData/Godstone-amgfvuzikbdlwwbsulbruyunrsbz/Build/Products/LightDebug-iphonesimulator/GodstoneMesh.swiftmodule/Project/arm64-apple-ios-simulator.swiftsourceinfo

Copy /Users/oculus/Library/Developer/Xcode/DerivedData/Godstone-amgfvuzikbdlwwbsulbruyunrsbz/Build/Products/LightDebug-iphonesimulator/GodstoneMesh.swiftmodule/arm64-apple-ios-simulator.abi.json /Users/oculus/Library/Developer/Xcode/DerivedData/Godstone-amgfvuzikbdlwwbsulbruyunrsbz/Build/Intermediates.noindex/GodstonePackages.build/LightDebug-iphonesimulator/GodstoneMesh-t.build/Objects-normal/arm64/GodstoneMesh.abi.json (in target 'GodstoneMesh' from project 'GodstonePackages')
    cd /tmp/godstone-board1-rc15-full-4f84d0b6/wt_ARCHIVE-PROV-007/ios/Godstone
    builtin-copy -exclude .DS_Store -exclude CVS -exclude .svn -exclude .git -exclude .hg -resolve-src-symlinks -rename /Users/oculus/Library/Developer/Xcode/DerivedData/Godstone-amgfvuzikbdlwwbsulbruyunrsbz/Build/Intermediates.noindex/GodstonePackages.build/LightDebug-iphonesimulator/GodstoneMesh-t.build/Objects-normal/arm64/GodstoneMesh.abi.json /Users/oculus/Library/Developer/Xcode/DerivedData/Godstone-amgfvuzikbdlwwbsulbruyunrsbz/Build/Products/LightDebug-iphonesimulator/GodstoneMesh.swiftmodule/arm64-apple-ios-simulator.abi.json

ExtractAppIntentsMetadata (in target 'GodstoneMesh' from project 'GodstonePackages')
    cd /tmp/godstone-board1-rc15-full-4f84d0b6/wt_ARCHIVE-PROV-007/ios/Godstone
    /Applications/Xcode.app/Contents/Developer/Toolchains/XcodeDefault.xctoolchain/usr/bin/appintentsmetadataprocessor --toolchain-dir /Applications/Xcode.app/Contents/Developer/Toolchains/XcodeDefault.xctoolchain --module-name GodstoneMesh --sdk-root /Applications/Xcode.app/Contents/Developer/Platforms/iPhoneSimulator.platform/Developer/SDKs/iPhoneSimulator27.0.sdk --xcode-version 27A266a --platform-family iOS --deployment-target 16.0 --bundle-identifier godstone.GodstoneMesh --output /Users/oculus/Library/Developer/Xcode/DerivedData/Godstone-amgfvuzikbdlwwbsulbruyunrsbz/Build/Products/LightDebug-iphonesimulator/GodstoneMesh.appintents --target-triple arm64-apple-ios16.0-simulator --binary-file /Users/oculus/Library/Developer/Xcode/DerivedData/Godstone-amgfvuzikbdlwwbsulbruyunrsbz/Build/Products/LightDebug-iphonesimulator/GodstoneMesh.o --dependency-file /Users/oculus/Library/Developer/Xcode/DerivedData/Godstone-amgfvuzikbdlwwbsulbruyunrsbz/Build/Intermediates.noindex/GodstonePackages.build/LightDebug-iphonesimulator/GodstoneMesh-t.build/Objects-normal/arm64/GodstoneMesh_dependency_info.dat --stringsdata-file /Users/oculus/Library/Developer/Xcode/DerivedData/Godstone-amgfvuzikbdlwwbsulbruyunrsbz/Build/Intermediates.noindex/GodstonePackages.build/LightDebug-iphonesimulator/GodstoneMesh-t.build/Objects-normal/arm64/ExtractedAppShortcutsMetadata.stringsdata --source-file-list /Users/oculus/Library/Developer/Xcode/DerivedData/Godstone-amgfvuzikbdlwwbsulbruyunrsbz/Build/Intermediates.noindex/GodstonePackages.build/LightDebug-iphonesimulator/GodstoneMesh-t.build/Objects-normal/arm64/GodstoneMesh.SwiftFileList --metadata-file-list /Users/oculus/Library/Developer/Xcode/DerivedData/Godstone-amgfvuzikbdlwwbsulbruyunrsbz/Build/Intermediates.noindex/GodstonePackages.build/LightDebug-iphonesimulator/GodstoneMesh-t.build/GodstoneMesh.DependencyMetadataFileList --static-metadata-file-list /Users/oculus/Library/Developer/Xcode/DerivedData/Godstone-amgfvuzikbdlwwbsulbruyunrsbz/Build/Intermediates.noindex/GodstonePackages.build/LightDebug-iphonesimulator/GodstoneMesh-t.build/GodstoneMesh.DependencyStaticMetadataFileList --swift-const-vals-list /Users/oculus/Library/Developer/Xcode/DerivedData/Godstone-amgfvuzikbdlwwbsulbruyunrsbz/Build/Intermediates.noindex/GodstonePackages.build/LightDebug-iphonesimulator/GodstoneMesh-t.build/Objects-normal/arm64/GodstoneMesh.SwiftConstValuesFileList --force --compile-time-extraction --deployment-aware-processing --no-app-shortcuts-localization
2026-10-04 07:27:32.450 appintentsmetadataprocessor[44149:47251589] Starting appintentsmetadataprocessor export
2026-10-04 07:27:32.515 appintentsmetadataprocessor[44149:47251589] Extracted no relevant App Intents symbols, skipping writing output

ProcessInfoPlistFile /Users/oculus/Library/Developer/Xcode/DerivedData/Godstone-amgfvuzikbdlwwbsulbruyunrsbz/Build/Products/LightDebug-iphonesimulator/GodstoneLabMesh.app/Info.plist /Users/oculus/Library/Developer/Xcode/DerivedData/Godstone-amgfvuzikbdlwwbsulbruyunrsbz/Build/Intermediates.noindex/Godstone.build/LightDebug-iphonesimulator/LabMesh.build/empty-GodstoneLabMesh.plist (in target 'LabMesh' from project 'Godstone')
    cd /tmp/godstone-board1-rc15-full-4f84d0b6/wt_ARCHIVE-PROV-007/ios
    builtin-infoPlistUtility /Users/oculus/Library/Developer/Xcode/DerivedData/Godstone-amgfvuzikbdlwwbsulbruyunrsbz/Build/Intermediates.noindex/Godstone.build/LightDebug-iphonesimulator/LabMesh.build/empty-GodstoneLabMesh.plist -producttype com.apple.product-type.application -genpkginfo /Users/oculus/Library/Developer/Xcode/DerivedData/Godstone-amgfvuzikbdlwwbsulbruyunrsbz/Build/Products/LightDebug-iphonesimulator/GodstoneLabMesh.app/PkgInfo -expandbuildsettings -format binary -platform iphonesimulator -o /Users/oculus/Library/Developer/Xcode/DerivedData/Godstone-amgfvuzikbdlwwbsulbruyunrsbz/Build/Products/LightDebug-iphonesimulator/GodstoneLabMesh.app/Info.plist

CopySwiftLibs /Users/oculus/Library/Developer/Xcode/DerivedData/Godstone-amgfvuzikbdlwwbsulbruyunrsbz/Build/Products/LightDebug-iphonesimulator/GodstoneLabMesh.app (in target 'LabMesh' from project 'Godstone')
    cd /tmp/godstone-board1-rc15-full-4f84d0b6/wt_ARCHIVE-PROV-007/ios
    builtin-swiftStdLibTool --copy --verbose --scan-executable /Users/oculus/Library/Developer/Xcode/DerivedData/Godstone-amgfvuzikbdlwwbsulbruyunrsbz/Build/Products/LightDebug-iphonesimulator/GodstoneLabMesh.app/GodstoneLabMesh.debug.dylib --scan-folder /Users/oculus/Library/Developer/Xcode/DerivedData/Godstone-amgfvuzikbdlwwbsulbruyunrsbz/Build/Products/LightDebug-iphonesimulator/GodstoneLabMesh.app/Frameworks --scan-folder /Users/oculus/Library/Developer/Xcode/DerivedData/Godstone-amgfvuzikbdlwwbsulbruyunrsbz/Build/Products/LightDebug-iphonesimulator/GodstoneLabMesh.app/PlugIns --scan-folder /Users/oculus/Library/Developer/Xcode/DerivedData/Godstone-amgfvuzikbdlwwbsulbruyunrsbz/Build/Products/LightDebug-iphonesimulator/GodstoneLabMesh.app/SystemExtensions --scan-folder /Users/oculus/Library/Developer/Xcode/DerivedData/Godstone-amgfvuzikbdlwwbsulbruyunrsbz/Build/Products/LightDebug-iphonesimulator/GodstoneLabMesh.app/Extensions --platform iphonesimulator --toolchain /Applications/Xcode.app/Contents/Developer/Toolchains/XcodeDefault.xctoolchain --destination /Users/oculus/Library/Developer/Xcode/DerivedData/Godstone-amgfvuzikbdlwwbsulbruyunrsbz/Build/Products/LightDebug-iphonesimulator/GodstoneLabMesh.app/Frameworks --strip-bitcode --strip-bitcode-tool /Applications/Xcode.app/Contents/Developer/Toolchains/XcodeDefault.xctoolchain/usr/bin/bitcode_strip --emit-dependency-info /Users/oculus/Library/Developer/Xcode/DerivedData/Godstone-amgfvuzikbdlwwbsulbruyunrsbz/Build/Intermediates.noindex/Godstone.build/LightDebug-iphonesimulator/LabMesh.build/SwiftStdLibToolInputDependencies.dep --filter-for-swift-os
Ignoring --strip-bitcode because --sign was not passed

ProcessInfoPlistFile /Users/oculus/Library/Developer/Xcode/DerivedData/Godstone-amgfvuzikbdlwwbsulbruyunrsbz/Build/Products/LightDebug-iphonesimulator/LabMeshUITests-Runner.app/PlugIns/LabMeshUITests.xctest/Info.plist /Users/oculus/Library/Developer/Xcode/DerivedData/Godstone-amgfvuzikbdlwwbsulbruyunrsbz/Build/Intermediates.noindex/Godstone.build/LightDebug-iphonesimulator/LabMeshUITests.build/empty-LabMeshUITests.plist (in target 'LabMeshUITests' from project 'Godstone')
    cd /tmp/godstone-board1-rc15-full-4f84d0b6/wt_ARCHIVE-PROV-007/ios
    builtin-infoPlistUtility /Users/oculus/Library/Developer/Xcode/DerivedData/Godstone-amgfvuzikbdlwwbsulbruyunrsbz/Build/Intermediates.noindex/Godstone.build/LightDebug-iphonesimulator/LabMeshUITests.build/empty-LabMeshUITests.plist -producttype com.apple.product-type.bundle.ui-testing -expandbuildsettings -format binary -platform iphonesimulator -additionalcontentfile /Users/oculus/Library/Developer/Xcode/DerivedData/Godstone-amgfvuzikbdlwwbsulbruyunrsbz/Build/Intermediates.noindex/Godstone.build/LightDebug-iphonesimulator/LabMeshUITests.build/ProductTypeInfoPlistAdditions.plist -o /Users/oculus/Library/Developer/Xcode/DerivedData/Godstone-amgfvuzikbdlwwbsulbruyunrsbz/Build/Products/LightDebug-iphonesimulator/LabMeshUITests-Runner.app/PlugIns/LabMeshUITests.xctest/Info.plist

CopySwiftLibs /Users/oculus/Library/Developer/Xcode/DerivedData/Godstone-amgfvuzikbdlwwbsulbruyunrsbz/Build/Products/LightDebug-iphonesimulator/LabMeshUITests-Runner.app/PlugIns/LabMeshUITests.xctest (in target 'LabMeshUITests' from project 'Godstone')
    cd /tmp/godstone-board1-rc15-full-4f84d0b6/wt_ARCHIVE-PROV-007/ios
    builtin-swiftStdLibTool --copy --verbose --scan-executable /Users/oculus/Library/Developer/Xcode/DerivedData/Godstone-amgfvuzikbdlwwbsulbruyunrsbz/Build/Products/LightDebug-iphonesimulator/LabMeshUITests-Runner.app/PlugIns/LabMeshUITests.xctest/LabMeshUITests --scan-folder /Users/oculus/Library/Developer/Xcode/DerivedData/Godstone-amgfvuzikbdlwwbsulbruyunrsbz/Build/Products/LightDebug-iphonesimulator/LabMeshUITests-Runner.app/PlugIns/LabMeshUITests.xctest/Frameworks --scan-folder /Users/oculus/Library/Developer/Xcode/DerivedData/Godstone-amgfvuzikbdlwwbsulbruyunrsbz/Build/Products/LightDebug-iphonesimulator/LabMeshUITests-Runner.app/PlugIns/LabMeshUITests.xctest/PlugIns --scan-folder /Users/oculus/Library/Developer/Xcode/DerivedData/Godstone-amgfvuzikbdlwwbsulbruyunrsbz/Build/Products/LightDebug-iphonesimulator/LabMeshUITests-Runner.app/PlugIns/LabMeshUITests.xctest/SystemExtensions --scan-folder /Users/oculus/Library/Developer/Xcode/DerivedData/Godstone-amgfvuzikbdlwwbsulbruyunrsbz/Build/Products/LightDebug-iphonesimulator/LabMeshUITests-Runner.app/PlugIns/LabMeshUITests.xctest/Extensions --platform iphonesimulator --toolchain /Applications/Xcode.app/Contents/Developer/Toolchains/XcodeDefault.xctoolchain --destination /Users/oculus/Library/Developer/Xcode/DerivedData/Godstone-amgfvuzikbdlwwbsulbruyunrsbz/Build/Products/LightDebug-iphonesimulator/LabMeshUITests-Runner.app/PlugIns/LabMeshUITests.xctest/Frameworks --strip-bitcode --scan-executable /Applications/Xcode.app/Contents/Developer/Platforms/iPhoneSimulator.platform/Developer/usr/lib/libXCTestSwiftSupport.dylib --strip-bitcode-tool /Applications/Xcode.app/Contents/Developer/Toolchains/XcodeDefault.xctoolchain/usr/bin/bitcode_strip --emit-dependency-info /Users/oculus/Library/Developer/Xcode/DerivedData/Godstone-amgfvuzikbdlwwbsulbruyunrsbz/Build/Intermediates.noindex/Godstone.build/LightDebug-iphonesimulator/LabMeshUITests.build/SwiftStdLibToolInputDependencies.dep --filter-for-swift-os
Ignoring --strip-bitcode because --sign was not passed

PruneExplicitPrecompiledModules /Users/oculus/Library/Developer/Xcode/DerivedData/Godstone-amgfvuzikbdlwwbsulbruyunrsbz/Build/Intermediates.noindex/SwiftExplicitPrecompiledModules

PruneExplicitPrecompiledModules /Users/oculus/Library/Developer/Xcode/DerivedData/Godstone-amgfvuzikbdlwwbsulbruyunrsbz/Build/Intermediates.noindex/ExplicitPrecompiledModules

PruneExplicitPrecompiledModules /Users/oculus/Library/Developer/Xcode/DerivedData/SDKExplicitPrecompiledModules

2026-10-04 07:27:33.235596+0530 LabMeshUITests-Runner[44150:47251767] [Default] Running tests...
    t =      nans Interface orientation changed to Portrait
Test Suite 'All tests' started at 2026-10-04 07:27:33.809.
Test Suite 'LabMeshUITests.xctest' started at 2026-10-04 07:27:33.809.
Test Suite 'LabMeshAccessibilityUITests' started at 2026-10-04 07:27:33.810.
Test Case '-[LabMeshUITests.LabMeshAccessibilityUITests testGSINT001EveryEssentialControlIsReachableLabelledEnabledAndBigEnough]' started.
    t =     0.00s Start Test at 2026-10-04 07:27:33.810
    t =     0.02s Set Up
    t =     0.02s Open io.godstone.labmesh
    t =     0.02s     Launch io.godstone.labmesh
2026-10-04 07:27:33.878 xcodebuild[44137:47251439] [MT] IDELaunchParametersSnapshot: debugger version lookup failed for path '<nil>': noURL
2026-10-04 07:27:33.879 xcodebuild[44137:47251439] [MT] IDELaunchParametersSnapshot: no debugger version
    t =     0.47s         Setting up automation session
objc[44150]: Class UIAccessibilityLoaderWebShared is implemented in both /Library/Developer/CoreSimulator/Volumes/iOS_23F77/Library/Developer/CoreSimulator/Profiles/Runtimes/iOS 26.5.simruntime/Contents/Resources/RuntimeRoot/System/Library/AccessibilityBundles/WebCore.axbundle/WebCore (0x10b8fc310) and /Library/Developer/CoreSimulator/Volumes/iOS_23F77/Library/Developer/CoreSimulator/Profiles/Runtimes/iOS 26.5.simruntime/Contents/Resources/RuntimeRoot/System/Library/AccessibilityBundles/WebKit.axbundle/WebKit (0x10b168398). This may cause spurious casting failures and mysterious crashes. One of the duplicates must be removed or renamed.
    t =     0.98s         Wait for io.godstone.labmesh to idle
    t =     2.32s Checking existence of `"lab.tab.conversation" Button`
    t =     2.42s Checking existence of `"lab.tab.conversation" Button`
    t =     2.59s Checking existence of `"lab.tab.conversation" Button`
    t =     2.62s Checking existence of `"lab.tab.conversation" Button`
    t =     2.79s Checking existence of `"lab.tab.conversation" Button`
    t =     2.83s Waiting 20.0s for "lab.tab.conversation" Button to exist
    t =     3.90s     Checking `Expect predicate `existsNoRetry == 1` for object "lab.tab.conversation" Button`
    t =     3.90s         Checking existence of `"lab.tab.conversation" Button`
    t =     3.94s Tap "lab.tab.conversation" Button
    t =     3.94s     Wait for io.godstone.labmesh to idle
    t =     3.95s     Find the "lab.tab.conversation" Button
    t =     3.97s     Check for interrupting elements affecting "lab.tab.conversation" Button
    t =     3.98s     Synthesize event
    t =     4.27s     Wait for io.godstone.labmesh to idle
    t =     5.03s Waiting 20.0s for "lab.conversation.recipient" Any to exist
    t =     6.10s     Checking `Expect predicate `existsNoRetry == 1` for object "lab.conversation.recipient" Any`
    t =     6.10s         Checking existence of `"lab.conversation.recipient" Any`
    t =     6.15s Checking existence of `"lab.conversation.recipient" Any`
    t =     6.18s Find the "lab.conversation.recipient" Any
    t =     6.22s Find the "lab.conversation.recipient" Button
    t =     6.25s Find the "lab.conversation.recipient" Button
    t =     6.28s Find the "lab.conversation.recipient" Button
    t =     6.31s Find the "lab.conversation.recipient" Button
    t =     6.34s Find the "lab.conversation.recipient" Button
    t =     6.38s Find the "lab.conversation.recipient" Button
    t =     6.41s Waiting 20.0s for "lab.conversation.send" Any to exist
    t =     7.49s     Checking `Expect predicate `existsNoRetry == 1` for object "lab.conversation.send" Any`
    t =     7.49s         Checking existence of `"lab.conversation.send" Any`
    t =     7.54s Checking existence of `"lab.conversation.send" Any`
    t =     7.58s Find the "lab.conversation.send" Any
    t =     7.61s Find the "lab.conversation.send" Button
    t =     7.66s Checking existence of `ScrollView (First Match)`
    t =     7.66s Swipe up ScrollView (First Match)
    t =     7.66s     Wait for io.godstone.labmesh to idle
    t =     7.67s     Find the ScrollView (First Match)
    t =     7.67s     Check for interrupting elements affecting ScrollView
    t =     7.69s     Synthesize event
    t =     8.12s     Wait for io.godstone.labmesh to idle
    t =     8.66s Checking existence of `"lab.conversation.send" Button`
    t =     8.72s Find the "lab.conversation.send" Button
    t =     8.75s Find the "lab.conversation.send" Button
    t =     8.79s Find the "lab.conversation.send" Button
    t =     8.82s Find the "lab.conversation.send" Button
    t =     8.85s Find the "lab.conversation.send" Button
    t =     8.88s Find the "lab.conversation.send" Button
    t =     8.92s Checking existence of `"lab.tab.sos" Button`
    t =     8.93s Waiting 20.0s for "lab.tab.sos" Button to exist
    t =    10.00s     Checking `Expect predicate `existsNoRetry == 1` for object "lab.tab.sos" Button`
    t =    10.00s         Checking existence of `"lab.tab.sos" Button`
    t =    10.04s Tap "lab.tab.sos" Button
    t =    10.04s     Wait for io.godstone.labmesh to idle
    t =    10.04s     Find the "lab.tab.sos" Button
    t =    10.07s     Check for interrupting elements affecting "lab.tab.sos" Button
    t =    10.09s     Synthesize event
    t =    10.37s     Wait for io.godstone.labmesh to idle
    t =    11.76s Waiting 20.0s for "lab.sos.hold" Any to exist
    t =    12.84s     Checking `Expect predicate `existsNoRetry == 1` for object "lab.sos.hold" Any`
    t =    12.84s         Checking existence of `"lab.sos.hold" Any`
    t =    12.90s Checking existence of `"lab.sos.hold" Any`
    t =    12.92s Find the "lab.sos.hold" Any
    t =    12.96s Find the "lab.sos.hold" StaticText
    t =    12.99s Find the "lab.sos.hold" StaticText
    t =    13.02s Find the "lab.sos.hold" StaticText
    t =    13.05s Waiting 20.0s for "lab.sos.cancel" Any to exist
    t =    14.12s     Checking `Expect predicate `existsNoRetry == 1` for object "lab.sos.cancel" Any`
    t =    14.12s         Checking existence of `"lab.sos.cancel" Any`
    t =    14.18s Checking existence of `"lab.sos.cancel" Any`
    t =    14.21s Find the "lab.sos.cancel" Any
    t =    14.24s Find the "lab.sos.cancel" Button
    t =    14.27s Find the "lab.sos.cancel" Button
    t =    14.30s Find the "lab.sos.cancel" Button
    t =    14.33s Waiting 20.0s for "lab.sos.retry" Any to exist
    t =    15.40s     Checking `Expect predicate `existsNoRetry == 1` for object "lab.sos.retry" Any`
    t =    15.40s         Checking existence of `"lab.sos.retry" Any`
    t =    15.43s Checking existence of `"lab.sos.retry" Any`
    t =    15.46s Find the "lab.sos.retry" Any
    t =    15.49s Find the "lab.sos.retry" Button
    t =    15.53s Checking existence of `ScrollView (First Match)`
    t =    15.54s Swipe up ScrollView (First Match)
    t =    15.54s     Wait for io.godstone.labmesh to idle
    t =    15.54s     Find the ScrollView (First Match)
    t =    15.55s     Check for interrupting elements affecting ScrollView
    t =    15.56s     Synthesize event
    t =    16.00s     Wait for io.godstone.labmesh to idle
    t =    16.48s Checking existence of `"lab.sos.retry" Button`
    t =    16.53s Find the "lab.sos.retry" Button
    t =    16.56s Find the "lab.sos.retry" Button
    t =    16.60s Find the "lab.sos.retry" Button
    t =    16.63s Find the "lab.sos.retry" Button
    t =    16.67s Tear Down
Test Case '-[LabMeshUITests.LabMeshAccessibilityUITests testGSINT001EveryEssentialControlIsReachableLabelledEnabledAndBigEnough]' passed (16.964 seconds).
Test Case '-[LabMeshUITests.LabMeshAccessibilityUITests testGSINT001TheDistressStateSurvivesRelaunchInTheSharedVocabulary]' started.
    t =     0.00s Start Test at 2026-10-04 07:27:50.776
    t =     0.03s Set Up
    t =     0.03s Open io.godstone.labmesh
    t =     0.03s     Launch io.godstone.labmesh
    t =     0.03s         Terminate io.godstone.labmesh:44155
2026-10-04 07:27:51.899 xcodebuild[44137:47251439] [MT] IDELaunchParametersSnapshot: debugger version lookup failed for path '<nil>': noURL
2026-10-04 07:27:51.899 xcodebuild[44137:47251439] [MT] IDELaunchParametersSnapshot: no debugger version
    t =     1.33s         Setting up automation session
    t =     1.95s         Wait for io.godstone.labmesh to idle
    t =     3.24s Checking existence of `"lab.tab.sos" Button`
    t =     3.32s Checking existence of `"lab.tab.sos" Button`
    t =     3.50s Checking existence of `"lab.tab.sos" Button`
    t =     3.53s Checking existence of `"lab.tab.sos" Button`
    t =     3.70s Checking existence of `"lab.tab.sos" Button`
    t =     3.74s Waiting 20.0s for "lab.tab.sos" Button to exist
    t =     4.80s     Checking `Expect predicate `existsNoRetry == 1` for object "lab.tab.sos" Button`
    t =     4.80s         Checking existence of `"lab.tab.sos" Button`
    t =     4.83s Tap "lab.tab.sos" Button
    t =     4.83s     Wait for io.godstone.labmesh to idle
    t =     4.84s     Find the "lab.tab.sos" Button
    t =     4.85s     Check for interrupting elements affecting "lab.tab.sos" Button
    t =     4.87s     Synthesize event
    t =     5.16s     Wait for io.godstone.labmesh to idle
    t =     6.57s Waiting 20.0s for "lab.sos.send" Button to exist
    t =     7.62s     Checking `Expect predicate `existsNoRetry == 1` for object "lab.sos.send" Button`
    t =     7.62s         Checking existence of `"lab.sos.send" Button`
    t =     7.66s Tap "lab.sos.send" Button
    t =     7.66s     Wait for io.godstone.labmesh to idle
    t =     7.66s     Find the "lab.sos.send" Button
    t =     7.68s     Check for interrupting elements affecting "lab.sos.send" Button
    t =     7.69s     Synthesize event
    t =     7.98s     Wait for io.godstone.labmesh to idle
    t =     9.04s Checking `Expect predicate `value BEGINSWITH "active: "` for object "lab.sos.state" Any`
    t =     9.04s     Find the "lab.sos.state" Any
    t =     9.10s Find the "lab.sos.state" Other
    t =     9.13s Terminate io.godstone.labmesh:44221
    t =    10.21s Open io.godstone.labmesh
    t =    10.21s     Launch io.godstone.labmesh
2026-10-04 07:28:00.988 xcodebuild[44137:47251439] [MT] IDELaunchParametersSnapshot: debugger version lookup failed for path '<nil>': noURL
2026-10-04 07:28:00.988 xcodebuild[44137:47251439] [MT] IDELaunchParametersSnapshot: no debugger version
    t =    10.42s         Setting up automation session
    t =    11.06s         Wait for io.godstone.labmesh to idle
    t =    12.35s Checking existence of `"lab.tab.sos" Button`
    t =    12.44s Checking existence of `"lab.tab.sos" Button`
    t =    12.61s Checking existence of `"lab.tab.sos" Button`
    t =    12.63s Checking existence of `"lab.tab.sos" Button`
    t =    12.81s Checking existence of `"lab.tab.sos" Button`
    t =    12.84s Waiting 20.0s for "lab.tab.sos" Button to exist
    t =    13.88s     Checking `Expect predicate `existsNoRetry == 1` for object "lab.tab.sos" Button`
    t =    13.88s         Checking existence of `"lab.tab.sos" Button`
    t =    13.92s Tap "lab.tab.sos" Button
    t =    13.92s     Wait for io.godstone.labmesh to idle
    t =    13.93s     Find the "lab.tab.sos" Button
    t =    13.95s     Check for interrupting elements affecting "lab.tab.sos" Button
    t =    13.96s     Synthesize event
    t =    14.25s     Wait for io.godstone.labmesh to idle
    t =    15.46s Waiting 20.0s for "lab.sos.state" Any to exist
    t =    16.50s     Checking `Expect predicate `existsNoRetry == 1` for object "lab.sos.state" Any`
    t =    16.51s         Checking existence of `"lab.sos.state" Any`
    t =    16.57s Find the "lab.sos.state" Any
    t =    16.60s Tear Down
Test Case '-[LabMeshUITests.LabMeshAccessibilityUITests testGSINT001TheDistressStateSurvivesRelaunchInTheSharedVocabulary]' passed (16.874 seconds).
Test Case '-[LabMeshUITests.LabMeshAccessibilityUITests testGSINT001TheLargestTextScaleReallyEnlargesTheLaidOutLayout]' started.
    t =     0.00s Start Test at 2026-10-04 07:28:07.650
    t =     0.03s Set Up
    t =     0.03s Open io.godstone.labmesh
    t =     0.04s     Launch io.godstone.labmesh
    t =     0.04s         Terminate io.godstone.labmesh:44255
2026-10-04 07:28:08.749 xcodebuild[44137:47251439] [MT] IDELaunchParametersSnapshot: debugger version lookup failed for path '<nil>': noURL
2026-10-04 07:28:08.749 xcodebuild[44137:47251439] [MT] IDELaunchParametersSnapshot: no debugger version
    t =     1.31s         Setting up automation session
    t =     1.88s         Wait for io.godstone.labmesh to idle
    t =     3.16s Checking existence of `"lab.tab.conversation" Button`
    t =     3.23s Checking existence of `"lab.tab.conversation" Button`
    t =     3.41s Checking existence of `"lab.tab.conversation" Button`
    t =     3.44s Checking existence of `"lab.tab.conversation" Button`
    t =     3.61s Checking existence of `"lab.tab.conversation" Button`
    t =     3.65s Waiting 40.0s for "lab.tab.conversation" Button to exist
    t =     4.67s     Checking `Expect predicate `existsNoRetry == 1` for object "lab.tab.conversation" Button`
    t =     4.67s         Checking existence of `"lab.tab.conversation" Button`
    t =     4.71s Tap "lab.tab.conversation" Button
    t =     4.71s     Wait for io.godstone.labmesh to idle
    t =     4.72s     Find the "lab.tab.conversation" Button
    t =     4.73s     Check for interrupting elements affecting "lab.tab.conversation" Button
    t =     4.75s     Synthesize event
    t =     5.04s     Wait for io.godstone.labmesh to idle
    t =     5.80s Waiting 30.0s for "lab.conversation.field" TextField to exist
    t =     6.85s     Checking `Expect predicate `existsNoRetry == 1` for object "lab.conversation.field" TextField`
    t =     6.86s         Checking existence of `"lab.conversation.field" TextField`
    t =     6.89s Find the "lab.conversation.field" TextField
    t =     6.91s Open io.godstone.labmesh
    t =     6.92s     Launch io.godstone.labmesh
    t =     6.92s         Terminate io.godstone.labmesh:44283
2026-10-04 07:28:15.650 xcodebuild[44137:47251439] [MT] IDELaunchParametersSnapshot: debugger version lookup failed for path '<nil>': noURL
2026-10-04 07:28:15.650 xcodebuild[44137:47251439] [MT] IDELaunchParametersSnapshot: no debugger version
    t =     8.22s         Setting up automation session
    t =     8.83s         Wait for io.godstone.labmesh to idle
    t =    10.11s Checking existence of `"lab.tab.conversation" Button`
    t =    10.19s Checking existence of `"lab.tab.conversation" Button`
    t =    10.35s Checking existence of `"lab.tab.conversation" Button`
    t =    10.38s Checking existence of `"lab.tab.conversation" Button`
    t =    10.55s Checking existence of `"lab.tab.conversation" Button`
    t =    10.58s Waiting 40.0s for "lab.tab.conversation" Button to exist
    t =    11.64s     Checking `Expect predicate `existsNoRetry == 1` for object "lab.tab.conversation" Button`
    t =    11.64s         Checking existence of `"lab.tab.conversation" Button`
    t =    11.68s Tap "lab.tab.conversation" Button
    t =    11.68s     Wait for io.godstone.labmesh to idle
    t =    11.68s     Find the "lab.tab.conversation" Button
    t =    11.70s     Check for interrupting elements affecting "lab.tab.conversation" Button
    t =    11.71s     Synthesize event
    t =    12.00s     Wait for io.godstone.labmesh to idle
    t =    12.76s Waiting 30.0s for "lab.conversation.field" TextField to exist
    t =    13.80s     Checking `Expect predicate `existsNoRetry == 1` for object "lab.conversation.field" TextField`
    t =    13.80s         Checking existence of `"lab.conversation.field" TextField`
    t =    13.83s Find the "lab.conversation.field" TextField
    t =    13.85s Tear Down
Test Case '-[LabMeshUITests.LabMeshAccessibilityUITests testGSINT001TheLargestTextScaleReallyEnlargesTheLaidOutLayout]' passed (14.131 seconds).
Test Case '-[LabMeshUITests.LabMeshAccessibilityUITests testGSINT001TheOutcomeChangeReachesTheAnnouncementDoor]' started.
    t =     0.00s Start Test at 2026-10-04 07:28:21.781
    t =     0.02s Set Up
    t =     0.03s Open io.godstone.labmesh
    t =     0.03s     Launch io.godstone.labmesh
    t =     0.03s         Terminate io.godstone.labmesh:44299
2026-10-04 07:28:22.883 xcodebuild[44137:47251439] [MT] IDELaunchParametersSnapshot: debugger version lookup failed for path '<nil>': noURL
2026-10-04 07:28:22.883 xcodebuild[44137:47251439] [MT] IDELaunchParametersSnapshot: no debugger version
    t =     1.32s         Setting up automation session
    t =     1.90s         Wait for io.godstone.labmesh to idle
    t =     3.16s Checking existence of `"lab.tab.conversation" Button`
    t =     3.24s Checking existence of `"lab.tab.conversation" Button`
    t =     3.41s Checking existence of `"lab.tab.conversation" Button`
    t =     3.44s Checking existence of `"lab.tab.conversation" Button`
    t =     3.61s Checking existence of `"lab.tab.conversation" Button`
    t =     3.65s Waiting 20.0s for "lab.tab.conversation" Button to exist
    t =     4.67s     Checking `Expect predicate `existsNoRetry == 1` for object "lab.tab.conversation" Button`
    t =     4.67s         Checking existence of `"lab.tab.conversation" Button`
    t =     4.69s Tap "lab.tab.conversation" Button
    t =     4.69s     Wait for io.godstone.labmesh to idle
    t =     4.69s     Find the "lab.tab.conversation" Button
    t =     4.71s     Check for interrupting elements affecting "lab.tab.conversation" Button
    t =     4.72s     Synthesize event
    t =     5.01s     Wait for io.godstone.labmesh to idle
    t =     5.77s Waiting 20.0s for "lab.a11y.announced" Any to exist
    t =     6.83s     Checking `Expect predicate `existsNoRetry == 1` for object "lab.a11y.announced" Any`
    t =     6.83s         Checking existence of `"lab.a11y.announced" Any`
    t =     6.90s Waiting 20.0s for "lab.conversation.octets" Any to exist
    t =     7.95s     Checking `Expect predicate `existsNoRetry == 1` for object "lab.conversation.octets" Any`
    t =     7.95s         Checking existence of `"lab.conversation.octets" Any`
    t =     8.01s Waiting 20.0s for "lab.conversation.linkstate" StaticText to exist
    t =     9.06s     Checking `Expect predicate `existsNoRetry == 1` for object "lab.conversation.linkstate" StaticText`
    t =     9.06s         Checking existence of `"lab.conversation.linkstate" StaticText`
    t =     9.10s Find the "lab.conversation.octets" Any
    t =     9.13s Find the "lab.conversation.octets" Other
    t =     9.17s Waiting 20.0s for "lab.conversation.field" TextField to exist
    t =    10.22s     Checking `Expect predicate `existsNoRetry == 1` for object "lab.conversation.field" TextField`
    t =    10.22s         Checking existence of `"lab.conversation.field" TextField`
    t =    10.25s Tap "lab.conversation.field" TextField
    t =    10.25s     Wait for io.godstone.labmesh to idle
    t =    10.25s     Find the "lab.conversation.field" TextField
    t =    10.27s     Check for interrupting elements affecting "lab.conversation.field" TextField
    t =    10.29s     Synthesize event
    t =    10.57s     Wait for io.godstone.labmesh to idle
    t =    10.63s Type '⛵️ الطريق مسدود' into "lab.conversation.field" TextField
    t =    10.63s     Wait for io.godstone.labmesh to idle
    t =    11.02s     Find the "lab.conversation.field" TextField
    t =    11.06s     Check for interrupting elements affecting "lab.conversation.field" TextField
    t =    11.09s     Synthesize event
    t =    11.52s     Wait for io.godstone.labmesh to idle
    t =    12.54s Checking `Expect predicate `value != "32/400 octets"` for object "lab.conversation.octets" Other`
    t =    12.54s     Find the "lab.conversation.octets" Other
    t =    12.65s Find the "lab.conversation.octets" Other
    t =    12.73s Get number of matches for: Descendants matching type Keyboard
    t =    12.74s Type '
' into Target Application 'io.godstone.labmesh'
    t =    12.74s     Wait for io.godstone.labmesh to idle
    t =    12.75s     Find the Target Application 'io.godstone.labmesh'
    t =    12.76s     Check for interrupting elements affecting "GodstoneLabMesh" Application
    t =    12.78s     Synthesize event
    t =    12.78s         Get number of matches for: Elements containing elements matching predicate 'hasKeyboardFocus == 1'
    t =    13.01s     Wait for io.godstone.labmesh to idle
    t =    13.78s Waiting 10.0s for "lab.conversation.recipient" Any to exist
    t =    14.85s     Checking `Expect predicate `existsNoRetry == 1` for object "lab.conversation.recipient" Any`
    t =    14.85s         Checking existence of `"lab.conversation.recipient" Any`
    t =    14.88s Tap "lab.conversation.recipient" Any
    t =    14.88s     Wait for io.godstone.labmesh to idle
    t =    14.88s     Find the "lab.conversation.recipient" Any
    t =    14.93s     Check for interrupting elements affecting "lab.conversation.recipient" Button
    t =    14.95s     Synthesize event
    t =    15.24s     Wait for io.godstone.labmesh to idle
    t =    16.36s Waiting 3.0s for "B" Button to exist
    t =    17.42s     Checking `Expect predicate `existsNoRetry == 1` for object "B" Button`
    t =    17.42s         Checking existence of `"B" Button`
    t =    17.46s Tap "B" Button
    t =    17.46s     Wait for io.godstone.labmesh to idle
    t =    17.46s     Find the "B" Button
    t =    17.48s     Check for interrupting elements affecting "B" Button
    t =    17.50s     Synthesize event
    t =    17.79s     Wait for io.godstone.labmesh to idle
    t =    19.21s Find the "lab.conversation.linkstate" StaticText
    t =    19.25s Find the "lab.conversation.linkstate" StaticText
    t =    19.27s Waiting 20.0s for "lab.conversation.send" Button to exist
    t =    20.30s     Checking `Expect predicate `existsNoRetry == 1` for object "lab.conversation.send" Button`
    t =    20.30s         Checking existence of `"lab.conversation.send" Button`
    t =    20.33s Checking existence of `"lab.conversation.send" Button`
    t =    20.34s Find the "lab.conversation.send" Button
    t =    20.36s Find the "lab.conversation.send" Button
    t =    20.38s Waiting 20.0s for "lab.conversation.outcome" Any to exist
    t =    21.42s     Checking `Expect predicate `existsNoRetry == 1` for object "lab.conversation.outcome" Any`
    t =    21.42s         Checking existence of `"lab.conversation.outcome" Any`
    t =    21.48s Tap "lab.conversation.send" Button
    t =    21.48s     Wait for io.godstone.labmesh to idle
    t =    21.48s     Find the "lab.conversation.send" Button
    t =    21.49s     Check for interrupting elements affecting "lab.conversation.send" Button
    t =    21.51s     Synthesize event
    t =    21.80s     Wait for io.godstone.labmesh to idle
    t =    22.85s Checking `Expect predicate `label != "nothing sent yet"` for object "lab.conversation.outcome" Any`
    t =    22.85s     Find the "lab.conversation.outcome" Any
    t =    22.92s Find the "lab.conversation.outcome" StaticText
    t =    22.95s Find the "lab.a11y.announced" Any
    t =    22.98s Find the "lab.a11y.announced" Other
    t =    23.02s Tear Down
Test Case '-[LabMeshUITests.LabMeshAccessibilityUITests testGSINT001TheOutcomeChangeReachesTheAnnouncementDoor]' passed (23.268 seconds).
Test Case '-[LabMeshUITests.LabMeshAccessibilityUITests testGSINT001TheRecipientSelectionMovesTheRenderedState]' started.
    t =     0.00s Start Test at 2026-10-04 07:28:45.050
    t =     0.03s Set Up
    t =     0.03s Open io.godstone.labmesh
    t =     0.03s     Launch io.godstone.labmesh
    t =     0.03s         Terminate io.godstone.labmesh:44329
2026-10-04 07:28:46.150 xcodebuild[44137:47251439] [MT] IDELaunchParametersSnapshot: debugger version lookup failed for path '<nil>': noURL
2026-10-04 07:28:46.150 xcodebuild[44137:47251439] [MT] IDELaunchParametersSnapshot: no debugger version
    t =     1.31s         Setting up automation session
    t =     1.95s         Wait for io.godstone.labmesh to idle
    t =     3.22s Checking existence of `"lab.tab.conversation" Button`
    t =     3.30s Checking existence of `"lab.tab.conversation" Button`
    t =     3.48s Checking existence of `"lab.tab.conversation" Button`
    t =     3.51s Checking existence of `"lab.tab.conversation" Button`
    t =     3.68s Checking existence of `"lab.tab.conversation" Button`
    t =     3.72s Waiting 20.0s for "lab.tab.conversation" Button to exist
    t =     4.75s     Checking `Expect predicate `existsNoRetry == 1` for object "lab.tab.conversation" Button`
    t =     4.76s         Checking existence of `"lab.tab.conversation" Button`
    t =     4.79s Tap "lab.tab.conversation" Button
    t =     4.79s     Wait for io.godstone.labmesh to idle
    t =     4.80s     Find the "lab.tab.conversation" Button
    t =     4.82s     Check for interrupting elements affecting "lab.tab.conversation" Button
    t =     4.83s     Synthesize event
    t =     5.12s     Wait for io.godstone.labmesh to idle
    t =     5.88s Waiting 20.0s for "lab.conversation.linkstate" StaticText to exist
    t =     6.92s     Checking `Expect predicate `existsNoRetry == 1` for object "lab.conversation.linkstate" StaticText`
    t =     6.92s         Checking existence of `"lab.conversation.linkstate" StaticText`
    t =     6.96s Waiting 20.0s for "lab.conversation.recipient" Any to exist
    t =     8.00s     Checking `Expect predicate `existsNoRetry == 1` for object "lab.conversation.recipient" Any`
    t =     8.01s         Checking existence of `"lab.conversation.recipient" Any`
    t =     8.06s Find the "lab.conversation.linkstate" StaticText
    t =     8.08s Tap "lab.conversation.recipient" Any
    t =     8.08s     Wait for io.godstone.labmesh to idle
    t =     8.08s     Find the "lab.conversation.recipient" Any
    t =     8.11s     Check for interrupting elements affecting "lab.conversation.recipient" Button
    t =     8.13s     Synthesize event
    t =     8.42s     Wait for io.godstone.labmesh to idle
    t =     9.53s Waiting 5.0s for "R" Button to exist
    t =    10.57s     Checking `Expect predicate `existsNoRetry == 1` for object "R" Button`
    t =    10.57s         Checking existence of `"R" Button`
    t =    10.62s Tap "R" Button
    t =    10.62s     Wait for io.godstone.labmesh to idle
    t =    10.62s     Find the "R" Button
    t =    10.64s     Check for interrupting elements affecting "R" Button
    t =    10.66s     Synthesize event
    t =    10.95s     Wait for io.godstone.labmesh to idle
    t =    12.37s Find the "lab.conversation.linkstate" StaticText
    t =    12.40s Tear Down
Test Case '-[LabMeshUITests.LabMeshAccessibilityUITests testGSINT001TheRecipientSelectionMovesTheRenderedState]' passed (12.665 seconds).
Test Case '-[LabMeshUITests.LabMeshAccessibilityUITests testGSINT001TheRosterSurvivesDefaultScaleLTR]' started.
    t =     0.00s Start Test at 2026-10-04 07:28:57.716
    t =     0.03s Set Up
    t =     0.03s Open io.godstone.labmesh
    t =     0.03s     Launch io.godstone.labmesh
    t =     0.04s         Terminate io.godstone.labmesh:44405
2026-10-04 07:28:58.826 xcodebuild[44137:47251439] [MT] IDELaunchParametersSnapshot: debugger version lookup failed for path '<nil>': noURL
2026-10-04 07:28:58.826 xcodebuild[44137:47251439] [MT] IDELaunchParametersSnapshot: no debugger version
    t =     1.32s         Setting up automation session
    t =     1.94s         Wait for io.godstone.labmesh to idle
    t =     3.19s Checking existence of `"lab.tab.conversation" Button`
    t =     3.27s Checking existence of `"lab.tab.conversation" Button`
    t =     3.44s Checking existence of `"lab.tab.conversation" Button`
    t =     3.47s Checking existence of `"lab.tab.conversation" Button`
    t =     3.64s Checking existence of `"lab.tab.conversation" Button`
    t =     3.67s Waiting 40.0s for "lab.tab.conversation" Button to exist
    t =     4.72s     Checking `Expect predicate `existsNoRetry == 1` for object "lab.tab.conversation" Button`
    t =     4.72s         Checking existence of `"lab.tab.conversation" Button`
    t =     4.75s Tap "lab.tab.conversation" Button
    t =     4.75s     Wait for io.godstone.labmesh to idle
    t =     4.75s     Find the "lab.tab.conversation" Button
    t =     4.77s     Check for interrupting elements affecting "lab.tab.conversation" Button
    t =     4.78s     Synthesize event
    t =     5.07s     Wait for io.godstone.labmesh to idle
    t =     5.83s Waiting 30.0s for "lab.conversation.field" Any to exist
    t =     6.88s     Checking `Expect predicate `existsNoRetry == 1` for object "lab.conversation.field" Any`
    t =     6.88s         Checking existence of `"lab.conversation.field" Any`
    t =     6.94s Checking existence of `"lab.conversation.field" Any`
    t =     6.99s Find the "lab.conversation.field" Any
    t =     7.02s Waiting 30.0s for "lab.conversation.send" Any to exist
    t =     8.06s     Checking `Expect predicate `existsNoRetry == 1` for object "lab.conversation.send" Any`
    t =     8.07s         Checking existence of `"lab.conversation.send" Any`
    t =     8.12s Checking existence of `"lab.conversation.send" Any`
    t =     8.15s Find the "lab.conversation.send" Any
    t =     8.19s Waiting 30.0s for "lab.conversation.octets" Any to exist
    t =     9.25s     Checking `Expect predicate `existsNoRetry == 1` for object "lab.conversation.octets" Any`
    t =     9.25s         Checking existence of `"lab.conversation.octets" Any`
    t =     9.28s Checking existence of `"lab.conversation.octets" Any`
    t =     9.33s Find the "lab.conversation.octets" Any
    t =     9.36s Waiting 30.0s for "lab.conversation.linkstate" Any to exist
    t =    10.40s     Checking `Expect predicate `existsNoRetry == 1` for object "lab.conversation.linkstate" Any`
    t =    10.40s         Checking existence of `"lab.conversation.linkstate" Any`
    t =    10.46s Checking existence of `"lab.conversation.linkstate" Any`
    t =    10.49s Find the "lab.conversation.linkstate" Any
    t =    10.52s Waiting 30.0s for "lab.conversation.outcome" Any to exist
    t =    11.58s     Checking `Expect predicate `existsNoRetry == 1` for object "lab.conversation.outcome" Any`
    t =    11.58s         Checking existence of `"lab.conversation.outcome" Any`
    t =    11.65s Find the "lab.conversation.outcome" Any
    t =    11.68s Waiting 30.0s for "lab.conversation.recipient" Any to exist
    t =    12.71s     Checking `Expect predicate `existsNoRetry == 1` for object "lab.conversation.recipient" Any`
    t =    12.71s         Checking existence of `"lab.conversation.recipient" Any`
    t =    12.76s Find the "lab.conversation.recipient" Any
    t =    12.79s Find the "lab.conversation.recipient" Button
    t =    12.83s Find the "lab.conversation.recipient" Button
    t =    12.86s Checking existence of `"lab.conversation.recipient" Button`
    t =    12.88s Find the "lab.conversation.recipient" Button
    t =    12.92s Waiting 30.0s for "lab.conversation.send" Any to exist
    t =    13.96s     Checking `Expect predicate `existsNoRetry == 1` for object "lab.conversation.send" Any`
    t =    13.97s         Checking existence of `"lab.conversation.send" Any`
    t =    14.01s Find the "lab.conversation.send" Any
    t =    14.04s Find the "lab.conversation.send" Button
    t =    14.07s Find the "lab.conversation.send" Button
    t =    14.11s Checking existence of `"lab.conversation.send" Button`
    t =    14.14s Find the "lab.conversation.send" Button
    t =    14.17s Checking existence of `"lab.conversation.send" Button`
    t =    14.19s Find the "lab.conversation.send" Button
    t =    14.20s Find the "lab.conversation.send" Button
    t =    14.23s Checking existence of `ScrollView (First Match)`
    t =    14.23s Swipe up ScrollView (First Match)
    t =    14.23s     Wait for io.godstone.labmesh to idle
    t =    14.24s     Find the ScrollView (First Match)
    t =    14.24s     Check for interrupting elements affecting ScrollView
    t =    14.26s     Synthesize event
    t =    14.69s     Wait for io.godstone.labmesh to idle
    t =    15.23s Checking existence of `"lab.conversation.send" Button`
    t =    15.26s Find the "lab.conversation.send" Button
    t =    15.28s Find the "lab.conversation.send" Button
    t =    15.30s Tap "lab.conversation.send" Button
    t =    15.30s     Wait for io.godstone.labmesh to idle
    t =    15.30s     Find the "lab.conversation.send" Button
    t =    15.31s     Check for interrupting elements affecting "lab.conversation.send" Button
    t =    15.33s     Synthesize event
    t =    15.62s     Wait for io.godstone.labmesh to idle
    t =    15.62s Checking existence of `"lab.tab.sos" Button`
    t =    15.63s Waiting 40.0s for "lab.tab.sos" Button to exist
    t =    16.68s     Checking `Expect predicate `existsNoRetry == 1` for object "lab.tab.sos" Button`
    t =    16.68s         Checking existence of `"lab.tab.sos" Button`
    t =    16.72s Tap "lab.tab.sos" Button
    t =    16.72s     Wait for io.godstone.labmesh to idle
    t =    16.72s     Find the "lab.tab.sos" Button
    t =    16.74s     Check for interrupting elements affecting "lab.tab.sos" Button
    t =    16.75s     Synthesize event
    t =    17.04s     Wait for io.godstone.labmesh to idle
    t =    18.26s Waiting 30.0s for "lab.sos.hold" Any to exist
    t =    19.32s     Checking `Expect predicate `existsNoRetry == 1` for object "lab.sos.hold" Any`
    t =    19.32s         Checking existence of `"lab.sos.hold" Any`
    t =    19.38s Find the "lab.sos.hold" Any
    t =    19.41s Find the "lab.sos.hold" StaticText
    t =    19.45s Checking existence of `"lab.sos.hold" StaticText`
    t =    19.48s Find the "lab.sos.hold" StaticText
    t =    19.51s Waiting 30.0s for "lab.sos.cancel" Any to exist
    t =    20.56s     Checking `Expect predicate `existsNoRetry == 1` for object "lab.sos.cancel" Any`
    t =    20.56s         Checking existence of `"lab.sos.cancel" Any`
    t =    20.61s Find the "lab.sos.cancel" Any
    t =    20.64s Find the "lab.sos.cancel" Button
    t =    20.67s Checking existence of `"lab.sos.cancel" Button`
    t =    20.70s Find the "lab.sos.cancel" Button
    t =    20.73s Waiting 30.0s for "lab.sos.retry" Any to exist
    t =    21.78s     Checking `Expect predicate `existsNoRetry == 1` for object "lab.sos.retry" Any`
    t =    21.78s         Checking existence of `"lab.sos.retry" Any`
    t =    21.84s Find the "lab.sos.retry" Any
    t =    21.87s Find the "lab.sos.retry" Button
    t =    21.90s Checking existence of `"lab.sos.retry" Button`
    t =    21.93s Find the "lab.sos.retry" Button
    t =    21.96s Waiting 30.0s for "lab.sos.state" Any to exist
    t =    23.00s     Checking `Expect predicate `existsNoRetry == 1` for object "lab.sos.state" Any`
    t =    23.00s         Checking existence of `"lab.sos.state" Any`
    t =    23.05s Waiting 30.0s for "lab.sos.announced" Any to exist
    t =    24.12s     Checking `Expect predicate `existsNoRetry == 1` for object "lab.sos.announced" Any`
    t =    24.12s         Checking existence of `"lab.sos.announced" Any`
    t =    24.18s Waiting 30.0s for "lab.sos.outcome" Any to exist
    t =    25.24s     Checking `Expect predicate `existsNoRetry == 1` for object "lab.sos.outcome" Any`
    t =    25.24s         Checking existence of `"lab.sos.outcome" Any`
    t =    25.30s Find the "lab.sos.state" Any
    t =    25.33s Get all elements bound by index for: Descendants matching type Button
    t =    25.34s Checking existence of `Button (Element at index 0)`
    t =    25.35s Find the Button (Element at index 0)
    t =    25.36s Checking existence of `Button (Element at index 1)`
    t =    25.37s Find the Button (Element at index 1)
    t =    25.38s Checking existence of `Button (Element at index 2)`
    t =    25.39s Find the Button (Element at index 2)
    t =    25.40s Checking existence of `Button (Element at index 3)`
    t =    25.40s Find the Button (Element at index 3)
    t =    25.41s Checking existence of `Button (Element at index 4)`
    t =    25.42s Find the Button (Element at index 4)
    t =    25.43s Checking existence of `Button (Element at index 5)`
    t =    25.44s Find the Button (Element at index 5)
    t =    25.45s Checking existence of `Button (Element at index 6)`
    t =    25.46s Find the Button (Element at index 6)
    t =    25.47s Checking existence of `Button (Element at index 7)`
    t =    25.48s Find the Button (Element at index 7)
    t =    25.49s Tear Down
Test Case '-[LabMeshUITests.LabMeshAccessibilityUITests testGSINT001TheRosterSurvivesDefaultScaleLTR]' passed (25.719 seconds).
Test Case '-[LabMeshUITests.LabMeshAccessibilityUITests testGSINT001TheRosterSurvivesDefaultScaleRTL]' started.
    t =     0.00s Start Test at 2026-10-04 07:29:23.436
    t =     0.03s Set Up
    t =     0.03s Open io.godstone.labmesh
    t =     0.04s     Launch io.godstone.labmesh
    t =     0.04s         Terminate io.godstone.labmesh:44458
2026-10-04 07:29:24.550 xcodebuild[44137:47251439] [MT] IDELaunchParametersSnapshot: debugger version lookup failed for path '<nil>': noURL
2026-10-04 07:29:24.550 xcodebuild[44137:47251439] [MT] IDELaunchParametersSnapshot: no debugger version
    t =     1.33s         Setting up automation session
    t =     1.97s         Wait for io.godstone.labmesh to idle
    t =     3.26s Checking existence of `"lab.tab.conversation" Button`
    t =     3.33s Checking existence of `"lab.tab.conversation" Button`
    t =     3.51s Checking existence of `"lab.tab.conversation" Button`
    t =     3.53s Checking existence of `"lab.tab.conversation" Button`
    t =     3.71s Checking existence of `"lab.tab.conversation" Button`
    t =     3.74s Waiting 40.0s for "lab.tab.conversation" Button to exist
    t =     4.80s     Checking `Expect predicate `existsNoRetry == 1` for object "lab.tab.conversation" Button`
    t =     4.80s         Checking existence of `"lab.tab.conversation" Button`
    t =     4.83s Tap "lab.tab.conversation" Button
    t =     4.83s     Wait for io.godstone.labmesh to idle
    t =     4.84s     Find the "lab.tab.conversation" Button
    t =     4.86s     Check for interrupting elements affecting "lab.tab.conversation" Button
    t =     4.87s     Synthesize event
    t =     5.16s     Wait for io.godstone.labmesh to idle
    t =     5.91s Waiting 30.0s for "lab.conversation.field" Any to exist
    t =     6.98s     Checking `Expect predicate `existsNoRetry == 1` for object "lab.conversation.field" Any`
    t =     6.98s         Checking existence of `"lab.conversation.field" Any`
    t =     7.04s Checking existence of `"lab.conversation.field" Any`
    t =     7.07s Find the "lab.conversation.field" Any
    t =     7.10s Waiting 30.0s for "lab.conversation.send" Any to exist
    t =     8.15s     Checking `Expect predicate `existsNoRetry == 1` for object "lab.conversation.send" Any`
    t =     8.16s         Checking existence of `"lab.conversation.send" Any`
    t =     8.22s Checking existence of `"lab.conversation.send" Any`
    t =     8.25s Find the "lab.conversation.send" Any
    t =     8.28s Waiting 30.0s for "lab.conversation.octets" Any to exist
    t =     9.33s     Checking `Expect predicate `existsNoRetry == 1` for object "lab.conversation.octets" Any`
    t =     9.33s         Checking existence of `"lab.conversation.octets" Any`
    t =     9.39s Checking existence of `"lab.conversation.octets" Any`
    t =     9.42s Find the "lab.conversation.octets" Any
    t =     9.45s Waiting 30.0s for "lab.conversation.linkstate" Any to exist
    t =    10.50s     Checking `Expect predicate `existsNoRetry == 1` for object "lab.conversation.linkstate" Any`
    t =    10.50s         Checking existence of `"lab.conversation.linkstate" Any`
    t =    10.55s Checking existence of `"lab.conversation.linkstate" Any`
    t =    10.58s Find the "lab.conversation.linkstate" Any
    t =    10.61s Waiting 30.0s for "lab.conversation.outcome" Any to exist
    t =    11.66s     Checking `Expect predicate `existsNoRetry == 1` for object "lab.conversation.outcome" Any`
    t =    11.66s         Checking existence of `"lab.conversation.outcome" Any`
    t =    11.72s Find the "lab.conversation.outcome" Any
    t =    11.76s Waiting 30.0s for "lab.conversation.recipient" Any to exist
    t =    12.81s     Checking `Expect predicate `existsNoRetry == 1` for object "lab.conversation.recipient" Any`
    t =    12.81s         Checking existence of `"lab.conversation.recipient" Any`
    t =    12.87s Find the "lab.conversation.recipient" Any
    t =    12.90s Find the "lab.conversation.recipient" Button
    t =    12.93s Find the "lab.conversation.recipient" Button
    t =    12.96s Checking existence of `"lab.conversation.recipient" Button`
    t =    12.99s Find the "lab.conversation.recipient" Button
    t =    13.02s Waiting 30.0s for "lab.conversation.send" Any to exist
    t =    14.07s     Checking `Expect predicate `existsNoRetry == 1` for object "lab.conversation.send" Any`
    t =    14.07s         Checking existence of `"lab.conversation.send" Any`
    t =    14.12s Find the "lab.conversation.send" Any
    t =    14.16s Find the "lab.conversation.send" Button
    t =    14.19s Find the "lab.conversation.send" Button
    t =    14.22s Checking existence of `"lab.conversation.send" Button`
    t =    14.25s Find the "lab.conversation.send" Button
    t =    14.29s Checking existence of `"lab.conversation.send" Button`
    t =    14.30s Find the "lab.conversation.send" Button
    t =    14.32s Find the "lab.conversation.send" Button
    t =    14.34s Checking existence of `ScrollView (First Match)`
    t =    14.35s Swipe up ScrollView (First Match)
    t =    14.35s     Wait for io.godstone.labmesh to idle
    t =    14.35s     Find the ScrollView (First Match)
    t =    14.36s     Check for interrupting elements affecting ScrollView
    t =    14.37s     Synthesize event
    t =    14.81s     Wait for io.godstone.labmesh to idle
    t =    15.38s Checking existence of `"lab.conversation.send" Button`
    t =    15.40s Find the "lab.conversation.send" Button
    t =    15.42s Find the "lab.conversation.send" Button
    t =    15.44s Tap "lab.conversation.send" Button
    t =    15.44s     Wait for io.godstone.labmesh to idle
    t =    15.44s     Find the "lab.conversation.send" Button
    t =    15.46s     Check for interrupting elements affecting "lab.conversation.send" Button
    t =    15.47s     Synthesize event
    t =    15.76s     Wait for io.godstone.labmesh to idle
    t =    15.76s Checking existence of `"lab.tab.sos" Button`
    t =    15.78s Waiting 40.0s for "lab.tab.sos" Button to exist
    t =    16.82s     Checking `Expect predicate `existsNoRetry == 1` for object "lab.tab.sos" Button`
    t =    16.82s         Checking existence of `"lab.tab.sos" Button`
    t =    16.86s Tap "lab.tab.sos" Button
    t =    16.86s     Wait for io.godstone.labmesh to idle
    t =    16.86s     Find the "lab.tab.sos" Button
    t =    16.88s     Check for interrupting elements affecting "lab.tab.sos" Button
    t =    16.89s     Synthesize event
    t =    17.18s     Wait for io.godstone.labmesh to idle
    t =    18.59s Waiting 30.0s for "lab.sos.hold" Any to exist
    t =    19.63s     Checking `Expect predicate `existsNoRetry == 1` for object "lab.sos.hold" Any`
    t =    19.63s         Checking existence of `"lab.sos.hold" Any`
    t =    19.68s Find the "lab.sos.hold" Any
    t =    19.71s Find the "lab.sos.hold" StaticText
    t =    19.74s Checking existence of `"lab.sos.hold" StaticText`
    t =    19.77s Find the "lab.sos.hold" StaticText
    t =    19.80s Waiting 30.0s for "lab.sos.cancel" Any to exist
    t =    20.83s     Checking `Expect predicate `existsNoRetry == 1` for object "lab.sos.cancel" Any`
    t =    20.83s         Checking existence of `"lab.sos.cancel" Any`
    t =    20.88s Find the "lab.sos.cancel" Any
    t =    20.91s Find the "lab.sos.cancel" Button
    t =    20.94s Checking existence of `"lab.sos.cancel" Button`
    t =    20.97s Find the "lab.sos.cancel" Button
    t =    21.01s Waiting 30.0s for "lab.sos.retry" Any to exist
    t =    22.04s     Checking `Expect predicate `existsNoRetry == 1` for object "lab.sos.retry" Any`
    t =    22.04s         Checking existence of `"lab.sos.retry" Any`
    t =    22.10s Find the "lab.sos.retry" Any
    t =    22.13s Find the "lab.sos.retry" Button
    t =    22.16s Checking existence of `"lab.sos.retry" Button`
    t =    22.19s Find the "lab.sos.retry" Button
    t =    22.23s Waiting 30.0s for "lab.sos.state" Any to exist
    t =    23.27s     Checking `Expect predicate `existsNoRetry == 1` for object "lab.sos.state" Any`
    t =    23.27s         Checking existence of `"lab.sos.state" Any`
    t =    23.33s Waiting 30.0s for "lab.sos.announced" Any to exist
    t =    24.38s     Checking `Expect predicate `existsNoRetry == 1` for object "lab.sos.announced" Any`
    t =    24.38s         Checking existence of `"lab.sos.announced" Any`
    t =    24.41s Waiting 30.0s for "lab.sos.outcome" Any to exist
    t =    25.46s     Checking `Expect predicate `existsNoRetry == 1` for object "lab.sos.outcome" Any`
    t =    25.46s         Checking existence of `"lab.sos.outcome" Any`
    t =    25.52s Find the "lab.sos.state" Any
    t =    25.55s Get all elements bound by index for: Descendants matching type Button
    t =    25.56s Checking existence of `Button (Element at index 0)`
    t =    25.57s Find the Button (Element at index 0)
    t =    25.58s Checking existence of `Button (Element at index 1)`
    t =    25.59s Find the Button (Element at index 1)
    t =    25.60s Checking existence of `Button (Element at index 2)`
    t =    25.61s Find the Button (Element at index 2)
    t =    25.62s Checking existence of `Button (Element at index 3)`
    t =    25.63s Find the Button (Element at index 3)
    t =    25.63s Checking existence of `Button (Element at index 4)`
    t =    25.64s Find the Button (Element at index 4)
    t =    25.65s Checking existence of `Button (Element at index 5)`
    t =    25.66s Find the Button (Element at index 5)
    t =    25.67s Checking existence of `Button (Element at index 6)`
    t =    25.68s Find the Button (Element at index 6)
    t =    25.69s Checking existence of `Button (Element at index 7)`
    t =    25.70s Find the Button (Element at index 7)
    t =    25.71s Tear Down
Test Case '-[LabMeshUITests.LabMeshAccessibilityUITests testGSINT001TheRosterSurvivesDefaultScaleRTL]' passed (25.958 seconds).
Test Case '-[LabMeshUITests.LabMeshAccessibilityUITests testGSINT001TheRosterSurvivesLargestScaleLTR]' started.
    t =     0.00s Start Test at 2026-10-04 07:29:49.395
    t =     0.03s Set Up
    t =     0.03s Open io.godstone.labmesh
    t =     0.03s     Launch io.godstone.labmesh
    t =     0.03s         Terminate io.godstone.labmesh:44537
2026-10-04 07:29:50.484 xcodebuild[44137:47251439] [MT] IDELaunchParametersSnapshot: debugger version lookup failed for path '<nil>': noURL
2026-10-04 07:29:50.484 xcodebuild[44137:47251439] [MT] IDELaunchParametersSnapshot: no debugger version
    t =     1.30s         Setting up automation session
    t =     1.91s         Wait for io.godstone.labmesh to idle
    t =     3.19s Checking existence of `"lab.tab.conversation" Button`
    t =     3.27s Checking existence of `"lab.tab.conversation" Button`
    t =     3.45s Checking existence of `"lab.tab.conversation" Button`
    t =     3.47s Checking existence of `"lab.tab.conversation" Button`
    t =     3.64s Checking existence of `"lab.tab.conversation" Button`
    t =     3.68s Waiting 40.0s for "lab.tab.conversation" Button to exist
    t =     4.71s     Checking `Expect predicate `existsNoRetry == 1` for object "lab.tab.conversation" Button`
    t =     4.71s         Checking existence of `"lab.tab.conversation" Button`
    t =     4.75s Tap "lab.tab.conversation" Button
    t =     4.75s     Wait for io.godstone.labmesh to idle
    t =     4.76s     Find the "lab.tab.conversation" Button
    t =     4.77s     Check for interrupting elements affecting "lab.tab.conversation" Button
    t =     4.79s     Synthesize event
    t =     5.08s     Wait for io.godstone.labmesh to idle
    t =     5.83s Waiting 30.0s for "lab.conversation.field" Any to exist
    t =     6.89s     Checking `Expect predicate `existsNoRetry == 1` for object "lab.conversation.field" Any`
    t =     6.89s         Checking existence of `"lab.conversation.field" Any`
    t =     6.92s Checking existence of `"lab.conversation.field" Any`
    t =     6.95s Find the "lab.conversation.field" Any
    t =     6.98s Waiting 30.0s for "lab.conversation.send" Any to exist
    t =     8.02s     Checking `Expect predicate `existsNoRetry == 1` for object "lab.conversation.send" Any`
    t =     8.02s         Checking existence of `"lab.conversation.send" Any`
    t =     8.08s Checking existence of `"lab.conversation.send" Any`
    t =     8.11s Find the "lab.conversation.send" Any
    t =     8.14s Waiting 30.0s for "lab.conversation.octets" Any to exist
    t =     9.20s     Checking `Expect predicate `existsNoRetry == 1` for object "lab.conversation.octets" Any`
    t =     9.20s         Checking existence of `"lab.conversation.octets" Any`
    t =     9.26s Checking existence of `"lab.conversation.octets" Any`
    t =     9.29s Find the "lab.conversation.octets" Any
    t =     9.33s Waiting 30.0s for "lab.conversation.linkstate" Any to exist
    t =    10.37s     Checking `Expect predicate `existsNoRetry == 1` for object "lab.conversation.linkstate" Any`
    t =    10.37s         Checking existence of `"lab.conversation.linkstate" Any`
    t =    10.43s Checking existence of `"lab.conversation.linkstate" Any`
    t =    10.46s Find the "lab.conversation.linkstate" Any
    t =    10.49s Waiting 30.0s for "lab.conversation.outcome" Any to exist
    t =    11.54s     Checking `Expect predicate `existsNoRetry == 1` for object "lab.conversation.outcome" Any`
    t =    11.54s         Checking existence of `"lab.conversation.outcome" Any`
    t =    11.58s Find the "lab.conversation.outcome" Any
    t =    11.62s Waiting 30.0s for "lab.conversation.recipient" Any to exist
    t =    12.67s     Checking `Expect predicate `existsNoRetry == 1` for object "lab.conversation.recipient" Any`
    t =    12.67s         Checking existence of `"lab.conversation.recipient" Any`
    t =    12.71s Find the "lab.conversation.recipient" Any
    t =    12.74s Find the "lab.conversation.recipient" Button
    t =    12.77s Checking existence of `"lab.conversation.recipient" Button`
    t =    12.80s Find the "lab.conversation.recipient" Button
    t =    12.83s Waiting 30.0s for "lab.conversation.send" Any to exist
    t =    13.88s     Checking `Expect predicate `existsNoRetry == 1` for object "lab.conversation.send" Any`
    t =    13.88s         Checking existence of `"lab.conversation.send" Any`
    t =    13.92s Find the "lab.conversation.send" Any
    t =    13.95s Find the "lab.conversation.send" Button
    t =    13.98s Checking existence of `"lab.conversation.send" Button`
    t =    14.01s Find the "lab.conversation.send" Button
    t =    14.05s Checking existence of `"lab.tab.sos" Button`
    t =    14.06s Waiting 40.0s for "lab.tab.sos" Button to exist
    t =    15.12s     Checking `Expect predicate `existsNoRetry == 1` for object "lab.tab.sos" Button`
    t =    15.12s         Checking existence of `"lab.tab.sos" Button`
    t =    15.15s Tap "lab.tab.sos" Button
    t =    15.15s     Wait for io.godstone.labmesh to idle
    t =    15.15s     Find the "lab.tab.sos" Button
    t =    15.16s     Check for interrupting elements affecting "lab.tab.sos" Button
    t =    15.17s     Synthesize event
    t =    15.46s     Wait for io.godstone.labmesh to idle
    t =    16.68s Waiting 30.0s for "lab.sos.hold" Any to exist
    t =    17.74s     Checking `Expect predicate `existsNoRetry == 1` for object "lab.sos.hold" Any`
    t =    17.74s         Checking existence of `"lab.sos.hold" Any`
    t =    17.78s Find the "lab.sos.hold" Any
    t =    17.81s Find the "lab.sos.hold" StaticText
    t =    17.84s Checking existence of `"lab.sos.hold" StaticText`
    t =    17.87s Find the "lab.sos.hold" StaticText
    t =    17.90s Waiting 30.0s for "lab.sos.cancel" Any to exist
    t =    18.93s     Checking `Expect predicate `existsNoRetry == 1` for object "lab.sos.cancel" Any`
    t =    18.93s         Checking existence of `"lab.sos.cancel" Any`
    t =    18.96s Find the "lab.sos.cancel" Any
    t =    18.99s Find the "lab.sos.cancel" Button
    t =    19.02s Checking existence of `"lab.sos.cancel" Button`
    t =    19.05s Find the "lab.sos.cancel" Button
    t =    19.08s Waiting 30.0s for "lab.sos.retry" Any to exist
    t =    20.12s     Checking `Expect predicate `existsNoRetry == 1` for object "lab.sos.retry" Any`
    t =    20.12s         Checking existence of `"lab.sos.retry" Any`
    t =    20.18s Find the "lab.sos.retry" Any
    t =    20.21s Find the "lab.sos.retry" Button
    t =    20.24s Checking existence of `"lab.sos.retry" Button`
    t =    20.27s Find the "lab.sos.retry" Button
    t =    20.30s Waiting 30.0s for "lab.sos.state" Any to exist
    t =    21.36s     Checking `Expect predicate `existsNoRetry == 1` for object "lab.sos.state" Any`
    t =    21.36s         Checking existence of `"lab.sos.state" Any`
    t =    21.42s Waiting 30.0s for "lab.sos.announced" Any to exist
    t =    22.49s     Checking `Expect predicate `existsNoRetry == 1` for object "lab.sos.announced" Any`
    t =    22.49s         Checking existence of `"lab.sos.announced" Any`
    t =    22.52s Waiting 30.0s for "lab.sos.outcome" Any to exist
    t =    23.57s     Checking `Expect predicate `existsNoRetry == 1` for object "lab.sos.outcome" Any`
    t =    23.57s         Checking existence of `"lab.sos.outcome" Any`
    t =    23.63s Find the "lab.sos.state" Any
    t =    23.67s Get all elements bound by index for: Descendants matching type Button
    t =    23.68s Checking existence of `Button (Element at index 0)`
    t =    23.69s Find the Button (Element at index 0)
    t =    23.69s Checking existence of `Button (Element at index 1)`
    t =    23.70s Find the Button (Element at index 1)
    t =    23.71s Checking existence of `Button (Element at index 2)`
    t =    23.72s Find the Button (Element at index 2)
    t =    23.73s Checking existence of `Button (Element at index 3)`
    t =    23.74s Find the Button (Element at index 3)
    t =    23.75s Checking existence of `Button (Element at index 4)`
    t =    23.76s Find the Button (Element at index 4)
    t =    23.77s Checking existence of `Button (Element at index 5)`
    t =    23.78s Find the Button (Element at index 5)
    t =    23.79s Checking existence of `Button (Element at index 6)`
    t =    23.79s Find the Button (Element at index 6)
    t =    23.80s Checking existence of `Button (Element at index 7)`
    t =    23.81s Find the Button (Element at index 7)
    t =    23.82s Tear Down
Test Case '-[LabMeshUITests.LabMeshAccessibilityUITests testGSINT001TheRosterSurvivesLargestScaleLTR]' passed (24.049 seconds).
Test Case '-[LabMeshUITests.LabMeshAccessibilityUITests testGSINT001TheRosterSurvivesLargestScaleRTL]' started.
    t =     0.00s Start Test at 2026-10-04 07:30:13.445
    t =     0.03s Set Up
    t =     0.03s Open io.godstone.labmesh
    t =     0.03s     Launch io.godstone.labmesh
    t =     0.03s         Terminate io.godstone.labmesh:44631
2026-10-04 07:30:14.550 xcodebuild[44137:47251439] [MT] IDELaunchParametersSnapshot: debugger version lookup failed for path '<nil>': noURL
2026-10-04 07:30:14.550 xcodebuild[44137:47251439] [MT] IDELaunchParametersSnapshot: no debugger version
    t =     1.31s         Setting up automation session
    t =     1.94s         Wait for io.godstone.labmesh to idle
    t =     3.21s Checking existence of `"lab.tab.conversation" Button`
    t =     3.30s Checking existence of `"lab.tab.conversation" Button`
    t =     3.47s Checking existence of `"lab.tab.conversation" Button`
    t =     3.50s Checking existence of `"lab.tab.conversation" Button`
    t =     3.67s Checking existence of `"lab.tab.conversation" Button`
    t =     3.71s Waiting 40.0s for "lab.tab.conversation" Button to exist
    t =     4.75s     Checking `Expect predicate `existsNoRetry == 1` for object "lab.tab.conversation" Button`
    t =     4.75s         Checking existence of `"lab.tab.conversation" Button`
    t =     4.79s Tap "lab.tab.conversation" Button
    t =     4.79s     Wait for io.godstone.labmesh to idle
    t =     4.79s     Find the "lab.tab.conversation" Button
    t =     4.81s     Check for interrupting elements affecting "lab.tab.conversation" Button
    t =     4.83s     Synthesize event
    t =     5.12s     Wait for io.godstone.labmesh to idle
    t =     5.87s Waiting 30.0s for "lab.conversation.field" Any to exist
    t =     6.91s     Checking `Expect predicate `existsNoRetry == 1` for object "lab.conversation.field" Any`
    t =     6.91s         Checking existence of `"lab.conversation.field" Any`
    t =     6.97s Checking existence of `"lab.conversation.field" Any`
    t =     7.00s Find the "lab.conversation.field" Any
    t =     7.03s Waiting 30.0s for "lab.conversation.send" Any to exist
    t =     8.10s     Checking `Expect predicate `existsNoRetry == 1` for object "lab.conversation.send" Any`
    t =     8.10s         Checking existence of `"lab.conversation.send" Any`
    t =     8.16s Checking existence of `"lab.conversation.send" Any`
    t =     8.20s Find the "lab.conversation.send" Any
    t =     8.23s Waiting 30.0s for "lab.conversation.octets" Any to exist
    t =     9.29s     Checking `Expect predicate `existsNoRetry == 1` for object "lab.conversation.octets" Any`
    t =     9.29s         Checking existence of `"lab.conversation.octets" Any`
    t =     9.35s Checking existence of `"lab.conversation.octets" Any`
    t =     9.38s Find the "lab.conversation.octets" Any
    t =     9.41s Waiting 30.0s for "lab.conversation.linkstate" Any to exist
    t =    10.45s     Checking `Expect predicate `existsNoRetry == 1` for object "lab.conversation.linkstate" Any`
    t =    10.45s         Checking existence of `"lab.conversation.linkstate" Any`
    t =    10.50s Checking existence of `"lab.conversation.linkstate" Any`
    t =    10.52s Find the "lab.conversation.linkstate" Any
    t =    10.55s Waiting 30.0s for "lab.conversation.outcome" Any to exist
    t =    11.59s     Checking `Expect predicate `existsNoRetry == 1` for object "lab.conversation.outcome" Any`
    t =    11.59s         Checking existence of `"lab.conversation.outcome" Any`
    t =    11.65s Find the "lab.conversation.outcome" Any
    t =    11.68s Waiting 30.0s for "lab.conversation.recipient" Any to exist
    t =    12.74s     Checking `Expect predicate `existsNoRetry == 1` for object "lab.conversation.recipient" Any`
    t =    12.74s         Checking existence of `"lab.conversation.recipient" Any`
    t =    12.79s Find the "lab.conversation.recipient" Any
    t =    12.82s Find the "lab.conversation.recipient" Button
    t =    12.85s Checking existence of `"lab.conversation.recipient" Button`
    t =    12.88s Find the "lab.conversation.recipient" Button
    t =    12.91s Waiting 30.0s for "lab.conversation.send" Any to exist
    t =    13.97s     Checking `Expect predicate `existsNoRetry == 1` for object "lab.conversation.send" Any`
    t =    13.97s         Checking existence of `"lab.conversation.send" Any`
    t =    14.02s Find the "lab.conversation.send" Any
    t =    14.06s Find the "lab.conversation.send" Button
    t =    14.09s Checking existence of `"lab.conversation.send" Button`
    t =    14.12s Find the "lab.conversation.send" Button
    t =    14.16s Checking existence of `"lab.tab.sos" Button`
    t =    14.17s Waiting 40.0s for "lab.tab.sos" Button to exist
    t =    15.22s     Checking `Expect predicate `existsNoRetry == 1` for object "lab.tab.sos" Button`
    t =    15.22s         Checking existence of `"lab.tab.sos" Button`
    t =    15.24s Tap "lab.tab.sos" Button
    t =    15.24s     Wait for io.godstone.labmesh to idle
    t =    15.24s     Find the "lab.tab.sos" Button
    t =    15.26s     Check for interrupting elements affecting "lab.tab.sos" Button
    t =    15.28s     Synthesize event
    t =    15.56s     Wait for io.godstone.labmesh to idle
    t =    16.78s Waiting 30.0s for "lab.sos.hold" Any to exist
    t =    17.84s     Checking `Expect predicate `existsNoRetry == 1` for object "lab.sos.hold" Any`
    t =    17.84s         Checking existence of `"lab.sos.hold" Any`
    t =    17.89s Find the "lab.sos.hold" Any
    t =    17.92s Find the "lab.sos.hold" StaticText
    t =    17.95s Checking existence of `"lab.sos.hold" StaticText`
    t =    17.98s Find the "lab.sos.hold" StaticText
    t =    18.01s Waiting 30.0s for "lab.sos.cancel" Any to exist
    t =    19.07s     Checking `Expect predicate `existsNoRetry == 1` for object "lab.sos.cancel" Any`
    t =    19.07s         Checking existence of `"lab.sos.cancel" Any`
    t =    19.13s Find the "lab.sos.cancel" Any
    t =    19.16s Find the "lab.sos.cancel" Button
    t =    19.19s Checking existence of `"lab.sos.cancel" Button`
    t =    19.22s Find the "lab.sos.cancel" Button
    t =    19.25s Waiting 30.0s for "lab.sos.retry" Any to exist
    t =    20.30s     Checking `Expect predicate `existsNoRetry == 1` for object "lab.sos.retry" Any`
    t =    20.30s         Checking existence of `"lab.sos.retry" Any`
    t =    20.36s Find the "lab.sos.retry" Any
    t =    20.39s Find the "lab.sos.retry" Button
    t =    20.42s Checking existence of `"lab.sos.retry" Button`
    t =    20.45s Find the "lab.sos.retry" Button
    t =    20.49s Waiting 30.0s for "lab.sos.state" Any to exist
    t =    21.55s     Checking `Expect predicate `existsNoRetry == 1` for object "lab.sos.state" Any`
    t =    21.55s         Checking existence of `"lab.sos.state" Any`
    t =    21.61s Waiting 30.0s for "lab.sos.announced" Any to exist
    t =    22.67s     Checking `Expect predicate `existsNoRetry == 1` for object "lab.sos.announced" Any`
    t =    22.67s         Checking existence of `"lab.sos.announced" Any`
    t =    22.72s Waiting 30.0s for "lab.sos.outcome" Any to exist
    t =    23.79s     Checking `Expect predicate `existsNoRetry == 1` for object "lab.sos.outcome" Any`
    t =    23.79s         Checking existence of `"lab.sos.outcome" Any`
    t =    23.85s Find the "lab.sos.state" Any
    t =    23.88s Get all elements bound by index for: Descendants matching type Button
    t =    23.89s Checking existence of `Button (Element at index 0)`
    t =    23.90s Find the Button (Element at index 0)
    t =    23.91s Checking existence of `Button (Element at index 1)`
    t =    23.92s Find the Button (Element at index 1)
    t =    23.93s Checking existence of `Button (Element at index 2)`
    t =    23.93s Find the Button (Element at index 2)
    t =    23.94s Checking existence of `Button (Element at index 3)`
    t =    23.95s Find the Button (Element at index 3)
    t =    23.96s Checking existence of `Button (Element at index 4)`
    t =    23.97s Find the Button (Element at index 4)
    t =    23.98s Checking existence of `Button (Element at index 5)`
    t =    23.99s Find the Button (Element at index 5)
    t =    24.00s Checking existence of `Button (Element at index 6)`
    t =    24.01s Find the Button (Element at index 6)
    t =    24.02s Checking existence of `Button (Element at index 7)`
    t =    24.03s Find the Button (Element at index 7)
    t =    24.04s Tear Down
Test Case '-[LabMeshUITests.LabMeshAccessibilityUITests testGSINT001TheRosterSurvivesLargestScaleRTL]' passed (24.309 seconds).
Test Case '-[LabMeshUITests.LabMeshAccessibilityUITests testGSINT001TheSosStateSpeaksTheSharedVocabularyAndItsChangeReachesTheAnnouncementDoor]' started.
    t =     0.00s Start Test at 2026-10-04 07:30:37.755
    t =     0.03s Set Up
    t =     0.03s Open io.godstone.labmesh
    t =     0.03s     Launch io.godstone.labmesh
    t =     0.04s         Terminate io.godstone.labmesh:44717
2026-10-04 07:30:38.849 xcodebuild[44137:47251439] [MT] IDELaunchParametersSnapshot: debugger version lookup failed for path '<nil>': noURL
2026-10-04 07:30:38.849 xcodebuild[44137:47251439] [MT] IDELaunchParametersSnapshot: no debugger version
    t =     1.30s         Setting up automation session
    t =     1.85s         Wait for io.godstone.labmesh to idle
    t =     3.12s Checking existence of `"lab.tab.sos" Button`
    t =     3.20s Checking existence of `"lab.tab.sos" Button`
    t =     3.37s Checking existence of `"lab.tab.sos" Button`
    t =     3.40s Checking existence of `"lab.tab.sos" Button`
    t =     3.57s Checking existence of `"lab.tab.sos" Button`
    t =     3.60s Waiting 20.0s for "lab.tab.sos" Button to exist
    t =     4.65s     Checking `Expect predicate `existsNoRetry == 1` for object "lab.tab.sos" Button`
    t =     4.65s         Checking existence of `"lab.tab.sos" Button`
    t =     4.67s Tap "lab.tab.sos" Button
    t =     4.67s     Wait for io.godstone.labmesh to idle
    t =     4.67s     Find the "lab.tab.sos" Button
    t =     4.69s     Check for interrupting elements affecting "lab.tab.sos" Button
    t =     4.70s     Synthesize event
    t =     4.99s     Wait for io.godstone.labmesh to idle
    t =     6.19s Waiting 20.0s for "lab.sos.state" Any to exist
    t =     7.24s     Checking `Expect predicate `existsNoRetry == 1` for object "lab.sos.state" Any`
    t =     7.24s         Checking existence of `"lab.sos.state" Any`
    t =     7.31s Waiting 20.0s for "lab.sos.announced" Any to exist
    t =     8.36s     Checking `Expect predicate `existsNoRetry == 1` for object "lab.sos.announced" Any`
    t =     8.36s         Checking existence of `"lab.sos.announced" Any`
    t =     8.43s Waiting 20.0s for "lab.sos.send" Button to exist
    t =     9.49s     Checking `Expect predicate `existsNoRetry == 1` for object "lab.sos.send" Button`
    t =     9.49s         Checking existence of `"lab.sos.send" Button`
    t =     9.53s Checking existence of `"lab.sos.send" Button`
    t =     9.55s Find the "lab.sos.send" Button
    t =     9.56s Find the "lab.sos.send" Button
    t =     9.58s Tap "lab.sos.send" Button
    t =     9.58s     Wait for io.godstone.labmesh to idle
    t =     9.58s     Find the "lab.sos.send" Button
    t =     9.59s     Check for interrupting elements affecting "lab.sos.send" Button
    t =     9.61s     Synthesize event
    t =     9.89s     Wait for io.godstone.labmesh to idle
    t =    10.95s Checking `Expect predicate `value BEGINSWITH "active: "` for object "lab.sos.state" Any`
    t =    10.95s     Find the "lab.sos.state" Any
    t =    11.01s Find the "lab.sos.state" Other
    t =    11.04s Find the "lab.sos.announced" Any
    t =    11.08s Find the "lab.sos.announced" Other
    t =    11.11s Tear Down
Test Case '-[LabMeshUITests.LabMeshAccessibilityUITests testGSINT001TheSosStateSpeaksTheSharedVocabularyAndItsChangeReachesTheAnnouncementDoor]' passed (11.354 seconds).
Test Case '-[LabMeshUITests.LabMeshAccessibilityUITests testGSINT001TheTrustSurfacesAreOperableNotMerelyLabelled]' started.
    t =     0.00s Start Test at 2026-10-04 07:30:49.109
    t =     0.02s Set Up
    t =     0.02s Open io.godstone.labmesh
    t =     0.02s     Launch io.godstone.labmesh
    t =     0.02s         Terminate io.godstone.labmesh:44801
2026-10-04 07:30:50.201 xcodebuild[44137:47251439] [MT] IDELaunchParametersSnapshot: debugger version lookup failed for path '<nil>': noURL
2026-10-04 07:30:50.201 xcodebuild[44137:47251439] [MT] IDELaunchParametersSnapshot: no debugger version
    t =     1.31s         Setting up automation session
    t =     1.93s         Wait for io.godstone.labmesh to idle
    t =     3.23s Checking existence of `"lab.tab.contacts" Button`
    t =     3.32s Checking existence of `"lab.tab.contacts" Button`
    t =     3.49s Checking existence of `"lab.tab.contacts" Button`
    t =     3.51s Checking existence of `"lab.tab.contacts" Button`
    t =     3.68s Checking existence of `"lab.tab.contacts" Button`
    t =     3.72s Waiting 20.0s for "lab.tab.contacts" Button to exist
    t =     4.77s     Checking `Expect predicate `existsNoRetry == 1` for object "lab.tab.contacts" Button`
    t =     4.77s         Checking existence of `"lab.tab.contacts" Button`
    t =     4.81s Tap "lab.tab.contacts" Button
    t =     4.81s     Wait for io.godstone.labmesh to idle
    t =     4.81s     Find the "lab.tab.contacts" Button
    t =     4.83s     Check for interrupting elements affecting "lab.tab.contacts" Button
    t =     4.85s     Synthesize event
    t =     5.14s     Wait for io.godstone.labmesh to idle
    t =     6.33s Waiting 20.0s for "lab.trust.fingerprint" Any to exist
    t =     7.41s     Checking `Expect predicate `existsNoRetry == 1` for object "lab.trust.fingerprint" Any`
    t =     7.41s         Checking existence of `"lab.trust.fingerprint" Any`
    t =     7.47s Find the "lab.trust.fingerprint" Any
    t =     7.50s Find the "lab.trust.fingerprint" Other
    t =     7.54s Waiting 20.0s for "lab.trust.status" Any to exist
    t =     8.60s     Checking `Expect predicate `existsNoRetry == 1` for object "lab.trust.status" Any`
    t =     8.60s         Checking existence of `"lab.trust.status" Any`
    t =     8.66s Find the "lab.trust.status" Any
    t =     8.69s Find the "lab.trust.status" Other
    t =     8.72s Waiting 20.0s for "lab.trust.confirm" Button to exist
    t =     9.79s     Checking `Expect predicate `existsNoRetry == 1` for object "lab.trust.confirm" Button`
    t =     9.79s         Checking existence of `"lab.trust.confirm" Button`
    t =     9.82s Find the "lab.trust.confirm" Button
    t =     9.84s Find the "lab.trust.confirm" Button
    t =     9.86s Checking existence of `"lab.trust.confirm" Button`
    t =     9.87s Find the "lab.trust.confirm" Button
    t =     9.88s Find the "lab.trust.confirm" Button
    t =     9.90s Checking existence of `ScrollView (First Match)`
    t =     9.91s Swipe up ScrollView (First Match)
    t =     9.91s     Wait for io.godstone.labmesh to idle
    t =     9.91s     Find the ScrollView (First Match)
    t =     9.92s     Check for interrupting elements affecting ScrollView
    t =     9.94s     Synthesize event
    t =    10.38s     Wait for io.godstone.labmesh to idle
    t =    10.92s Checking existence of `"lab.trust.confirm" Button`
    t =    10.94s Find the "lab.trust.confirm" Button
    t =    10.96s Find the "lab.trust.confirm" Button
    t =    10.98s Find the "lab.trust.confirm" Button
    t =    11.00s Waiting 20.0s for "lab.trust.approve" Button to exist
    t =    12.06s     Checking `Expect predicate `existsNoRetry == 1` for object "lab.trust.approve" Button`
    t =    12.06s         Checking existence of `"lab.trust.approve" Button`
    t =    12.09s Find the "lab.trust.approve" Button
    t =    12.11s Find the "lab.trust.approve" Button
    t =    12.12s Checking existence of `"lab.trust.approve" Button`
    t =    12.14s Find the "lab.trust.approve" Button
    t =    12.15s Find the "lab.trust.approve" Button
    t =    12.17s Find the "lab.trust.approve" Button
    t =    12.19s Waiting 20.0s for "lab.trust.revoke" Button to exist
    t =    13.24s     Checking `Expect predicate `existsNoRetry == 1` for object "lab.trust.revoke" Button`
    t =    13.24s         Checking existence of `"lab.trust.revoke" Button`
    t =    13.27s Find the "lab.trust.revoke" Button
    t =    13.29s Find the "lab.trust.revoke" Button
    t =    13.31s Checking existence of `"lab.trust.revoke" Button`
    t =    13.32s Find the "lab.trust.revoke" Button
    t =    13.33s Find the "lab.trust.revoke" Button
    t =    13.35s Find the "lab.trust.revoke" Button
    t =    13.36s Tear Down
Test Case '-[LabMeshUITests.LabMeshAccessibilityUITests testGSINT001TheTrustSurfacesAreOperableNotMerelyLabelled]' passed (13.638 seconds).
Test Suite 'LabMeshAccessibilityUITests' passed at 2026-10-04 07:31:02.748.
	 Executed 11 tests, with 0 failures (0 unexpected) in 208.930 (208.938) seconds
Test Suite 'LabMeshUITests' started at 2026-10-04 07:31:02.748.
Test Case '-[LabMeshUITests.LabMeshUITests testG1ANormalBootReallyOpensPrivateStores]' started.
    t =     0.00s Start Test at 2026-10-04 07:31:02.748
    t =     0.03s Set Up
    t =     0.03s Open io.godstone.labmesh
    t =     0.03s     Launch io.godstone.labmesh
    t =     0.03s         Terminate io.godstone.labmesh:44840
2026-10-04 07:31:03.850 xcodebuild[44137:47251439] [MT] IDELaunchParametersSnapshot: debugger version lookup failed for path '<nil>': noURL
2026-10-04 07:31:03.850 xcodebuild[44137:47251439] [MT] IDELaunchParametersSnapshot: no debugger version
    t =     1.31s         Setting up automation session
    t =     1.94s         Wait for io.godstone.labmesh to idle
    t =     3.21s Checking existence of `"lab.tab.diagnostics" Button`
    t =     3.30s Checking existence of `"lab.tab.diagnostics" Button`
    t =     3.47s Checking existence of `"lab.tab.diagnostics" Button`
    t =     3.49s Checking existence of `"lab.tab.diagnostics" Button`
    t =     3.67s Checking existence of `"lab.tab.diagnostics" Button`
    t =     3.70s Waiting 25.0s for "lab.tab.diagnostics" Button to exist
    t =     4.77s     Checking `Expect predicate `existsNoRetry == 1` for object "lab.tab.diagnostics" Button`
    t =     4.77s         Checking existence of `"lab.tab.diagnostics" Button`
    t =     4.81s Checking existence of `"lab.tab.diagnostics" Button`
    t =     4.83s Tap "lab.tab.diagnostics" Button
    t =     4.83s     Wait for io.godstone.labmesh to idle
    t =     4.83s     Find the "lab.tab.diagnostics" Button
    t =     4.85s     Check for interrupting elements affecting "lab.tab.diagnostics" Button
    t =     4.86s     Synthesize event
    t =     5.15s     Wait for io.godstone.labmesh to idle
    t =     6.44s Waiting 20.0s for "lab.diagnostics.privateopens" StaticText to exist
    t =     7.48s     Checking `Expect predicate `existsNoRetry == 1` for object "lab.diagnostics.privateopens" StaticText`
    t =     7.48s         Checking existence of `"lab.diagnostics.privateopens" StaticText`
    t =     7.52s Find the "lab.diagnostics.privateopens" StaticText
    t =     7.54s Tear Down
Test Case '-[LabMeshUITests.LabMeshUITests testG1ANormalBootReallyOpensPrivateStores]' passed (7.775 seconds).
Test Case '-[LabMeshUITests.LabMeshUITests testG1TheCorruptRecordDeniesRetryAndTheOperatorWipeEarnsTheGraphBack]' started.
    t =     0.00s Start Test at 2026-10-04 07:31:10.524
    t =     0.03s Set Up
    t =     0.03s Open io.godstone.labmesh
    t =     0.03s     Launch io.godstone.labmesh
    t =     0.04s         Terminate io.godstone.labmesh:44889
2026-10-04 07:31:11.634 xcodebuild[44137:47251439] [MT] IDELaunchParametersSnapshot: debugger version lookup failed for path '<nil>': noURL
2026-10-04 07:31:11.634 xcodebuild[44137:47251439] [MT] IDELaunchParametersSnapshot: no debugger version
    t =     1.33s         Setting up automation session
    t =     1.92s         Wait for io.godstone.labmesh to idle
    t =     3.20s Checking existence of `"lab.tab.diagnostics" Button`
    t =     3.28s Checking existence of `"lab.tab.diagnostics" Button`
    t =     3.45s Checking existence of `"lab.tab.diagnostics" Button`
    t =     3.48s Checking existence of `"lab.tab.diagnostics" Button`
    t =     3.66s Checking existence of `"lab.tab.diagnostics" Button`
    t =     3.69s Waiting 25.0s for "lab.tab.diagnostics" Button to exist
    t =     4.74s     Checking `Expect predicate `existsNoRetry == 1` for object "lab.tab.diagnostics" Button`
    t =     4.74s         Checking existence of `"lab.tab.diagnostics" Button`
    t =     4.77s Terminate io.godstone.labmesh:44918
    t =     5.86s Open io.godstone.labmesh
    t =     5.86s     Launch io.godstone.labmesh
2026-10-04 07:31:16.385 xcodebuild[44137:47251439] [MT] IDELaunchParametersSnapshot: debugger version lookup failed for path '<nil>': noURL
2026-10-04 07:31:16.385 xcodebuild[44137:47251439] [MT] IDELaunchParametersSnapshot: no debugger version
    t =     6.08s         Setting up automation session
    t =     6.65s         Wait for io.godstone.labmesh to idle
    t =     7.81s Waiting 25.0s for "lab.recovery.decision" StaticText to exist
    t =     8.85s     Checking `Expect predicate `existsNoRetry == 1` for object "lab.recovery.decision" StaticText`
    t =     8.85s         Checking existence of `"lab.recovery.decision" StaticText`
    t =     8.90s Find the "lab.recovery.decision" StaticText
    t =     8.91s Find the "lab.recovery.bootstrap" StaticText
    t =     8.92s Find the "lab.recovery.gate" StaticText
    t =     8.93s Find the "lab.recovery.gate" StaticText
    t =     8.93s Checking existence of `"lab.recovery.retry" Button`
    t =     8.94s Waiting 20.0s for "lab.recovery.resolve" Button to exist
    t =    10.01s     Checking `Expect predicate `existsNoRetry == 1` for object "lab.recovery.resolve" Button`
    t =    10.01s         Checking existence of `"lab.recovery.resolve" Button`
    t =    10.03s Find the "lab.recovery.resolve" Button
    t =    10.04s Tap "lab.recovery.resolve" Button
    t =    10.04s     Wait for io.godstone.labmesh to idle
    t =    10.04s     Find the "lab.recovery.resolve" Button
    t =    10.05s     Check for interrupting elements affecting "lab.recovery.resolve" Button
    t =    10.06s     Synthesize event
    t =    10.35s     Wait for io.godstone.labmesh to idle
    t =    10.36s Waiting 30.0s for "lab.recovery.operatorwipe" StaticText to exist
    t =    11.41s     Checking `Expect predicate `existsNoRetry == 1` for object "lab.recovery.operatorwipe" StaticText`
    t =    11.41s         Checking existence of `"lab.recovery.operatorwipe" StaticText`
    t =    11.46s Find the "lab.recovery.operatorwipe" StaticText
    t =    11.48s Checking existence of `"lab.tab.diagnostics" Button`
    t =    11.49s Waiting 30.0s for "lab.tab.diagnostics" Button to exist
    t =    12.54s     Checking `Expect predicate `existsNoRetry == 1` for object "lab.tab.diagnostics" Button`
    t =    12.54s         Checking existence of `"lab.tab.diagnostics" Button`
    t =    12.55s Checking existence of `"lab.tab.diagnostics" Button`
    t =    12.56s Tap "lab.tab.diagnostics" Button
    t =    12.56s     Wait for io.godstone.labmesh to idle
    t =    12.56s     Find the "lab.tab.diagnostics" Button
    t =    12.58s     Check for interrupting elements affecting "lab.tab.diagnostics" Button
    t =    12.59s     Synthesize event
    t =    12.88s     Wait for io.godstone.labmesh to idle
    t =    14.18s Waiting 20.0s for "lab.diagnostics.privateopens" StaticText to exist
    t =    15.25s     Checking `Expect predicate `existsNoRetry == 1` for object "lab.diagnostics.privateopens" StaticText`
    t =    15.25s         Checking existence of `"lab.diagnostics.privateopens" StaticText`
    t =    15.29s Find the "lab.diagnostics.privateopens" StaticText
    t =    15.30s Tear Down
Test Case '-[LabMeshUITests.LabMeshUITests testG1TheCorruptRecordDeniesRetryAndTheOperatorWipeEarnsTheGraphBack]' passed (15.558 seconds).
Test Case '-[LabMeshUITests.LabMeshUITests testG1TheIntermediateRungBootsRecoveryOnlyAndResumesFromIt]' started.
    t =     0.00s Start Test at 2026-10-04 07:31:26.083
    t =     0.03s Set Up
    t =     0.03s Open io.godstone.labmesh
    t =     0.03s     Launch io.godstone.labmesh
    t =     0.03s         Terminate io.godstone.labmesh:44938
2026-10-04 07:31:27.183 xcodebuild[44137:47251439] [MT] IDELaunchParametersSnapshot: debugger version lookup failed for path '<nil>': noURL
2026-10-04 07:31:27.183 xcodebuild[44137:47251439] [MT] IDELaunchParametersSnapshot: no debugger version
    t =     1.31s         Setting up automation session
    t =     1.89s         Wait for io.godstone.labmesh to idle
    t =     3.16s Checking existence of `"lab.tab.diagnostics" Button`
    t =     3.24s Checking existence of `"lab.tab.diagnostics" Button`
    t =     3.41s Checking existence of `"lab.tab.diagnostics" Button`
    t =     3.44s Checking existence of `"lab.tab.diagnostics" Button`
    t =     3.62s Checking existence of `"lab.tab.diagnostics" Button`
    t =     3.63s Waiting 25.0s for "lab.tab.diagnostics" Button to exist
    t =     4.68s     Checking `Expect predicate `existsNoRetry == 1` for object "lab.tab.diagnostics" Button`
    t =     4.68s         Checking existence of `"lab.tab.diagnostics" Button`
    t =     4.72s Terminate io.godstone.labmesh:44982
    t =     5.78s Open io.godstone.labmesh
    t =     5.78s     Launch io.godstone.labmesh
2026-10-04 07:31:31.865 xcodebuild[44137:47251439] [MT] IDELaunchParametersSnapshot: debugger version lookup failed for path '<nil>': noURL
2026-10-04 07:31:31.865 xcodebuild[44137:47251439] [MT] IDELaunchParametersSnapshot: no debugger version
    t =     6.00s         Setting up automation session
    t =     6.57s         Wait for io.godstone.labmesh to idle
    t =     7.73s Waiting 25.0s for "lab.recovery.decision" StaticText to exist
    t =     8.79s     Checking `Expect predicate `existsNoRetry == 1` for object "lab.recovery.decision" StaticText`
    t =     8.79s         Checking existence of `"lab.recovery.decision" StaticText`
    t =     8.84s Find the "lab.recovery.rung" StaticText
    t =     8.85s Find the "lab.recovery.decision" StaticText
    t =     8.86s Find the "lab.recovery.decision" StaticText
    t =     8.86s Find the "lab.recovery.gate" StaticText
    t =     8.87s Find the "lab.recovery.privateopens" StaticText
    t =     8.87s Waiting 20.0s for "lab.recovery.retry" Button to exist
    t =     9.95s     Checking `Expect predicate `existsNoRetry == 1` for object "lab.recovery.retry" Button`
    t =     9.95s         Checking existence of `"lab.recovery.retry" Button`
    t =     9.97s Checking existence of `"lab.recovery.resolve" Button`
    t =     9.98s Tap "lab.recovery.retry" Button
    t =     9.98s     Wait for io.godstone.labmesh to idle
    t =     9.98s     Find the "lab.recovery.retry" Button
    t =    10.00s     Check for interrupting elements affecting "lab.recovery.retry" Button
    t =    10.01s     Synthesize event
    t =    10.30s     Wait for io.godstone.labmesh to idle
    t =    10.30s Checking existence of `"lab.tab.diagnostics" Button`
    t =    10.33s Waiting 30.0s for "lab.tab.diagnostics" Button to exist
    t =    11.38s     Checking `Expect predicate `existsNoRetry == 1` for object "lab.tab.diagnostics" Button`
    t =    11.38s         Checking existence of `"lab.tab.diagnostics" Button`
    t =    11.42s Tap "lab.tab.diagnostics" Button
    t =    11.42s     Wait for io.godstone.labmesh to idle
    t =    11.42s     Find the "lab.tab.diagnostics" Button
    t =    11.44s     Check for interrupting elements affecting "lab.tab.diagnostics" Button
    t =    11.46s     Synthesize event
    t =    11.74s     Wait for io.godstone.labmesh to idle
    t =    13.14s Waiting 20.0s for "lab.diagnostics.privateopens" StaticText to exist
    t =    14.18s     Checking `Expect predicate `existsNoRetry == 1` for object "lab.diagnostics.privateopens" StaticText`
    t =    14.18s         Checking existence of `"lab.diagnostics.privateopens" StaticText`
    t =    14.22s Find the "lab.diagnostics.privateopens" StaticText
    t =    14.24s Tear Down
Test Case '-[LabMeshUITests.LabMeshUITests testG1TheIntermediateRungBootsRecoveryOnlyAndResumesFromIt]' passed (14.470 seconds).
Test Case '-[LabMeshUITests.LabMeshUITests testG1ThePendingRecoveryBootsRecoveryOnlyAndRetriesAResume]' started.
    t =     0.00s Start Test at 2026-10-04 07:31:40.554
    t =     0.03s Set Up
    t =     0.03s Open io.godstone.labmesh
    t =     0.03s     Launch io.godstone.labmesh
    t =     0.03s         Terminate io.godstone.labmesh:45002
2026-10-04 07:31:41.676 xcodebuild[44137:47251439] [MT] IDELaunchParametersSnapshot: debugger version lookup failed for path '<nil>': noURL
2026-10-04 07:31:41.676 xcodebuild[44137:47251439] [MT] IDELaunchParametersSnapshot: no debugger version
    t =     1.34s         Setting up automation session
    t =     1.95s         Wait for io.godstone.labmesh to idle
    t =     3.23s Checking existence of `"lab.tab.diagnostics" Button`
    t =     3.31s Checking existence of `"lab.tab.diagnostics" Button`
    t =     3.49s Checking existence of `"lab.tab.diagnostics" Button`
    t =     3.52s Checking existence of `"lab.tab.diagnostics" Button`
    t =     3.70s Checking existence of `"lab.tab.diagnostics" Button`
    t =     3.73s Waiting 25.0s for "lab.tab.diagnostics" Button to exist
    t =     4.77s     Checking `Expect predicate `existsNoRetry == 1` for object "lab.tab.diagnostics" Button`
    t =     4.77s         Checking existence of `"lab.tab.diagnostics" Button`
    t =     4.80s Terminate io.godstone.labmesh:45041
    t =     5.86s Open io.godstone.labmesh
    t =     5.86s     Launch io.godstone.labmesh
2026-10-04 07:31:46.420 xcodebuild[44137:47251439] [MT] IDELaunchParametersSnapshot: debugger version lookup failed for path '<nil>': noURL
2026-10-04 07:31:46.420 xcodebuild[44137:47251439] [MT] IDELaunchParametersSnapshot: no debugger version
    t =     6.08s         Setting up automation session
    t =     6.68s         Wait for io.godstone.labmesh to idle
    t =     7.84s Waiting 25.0s for "lab.recovery.decision" StaticText to exist
    t =     8.89s     Checking `Expect predicate `existsNoRetry == 1` for object "lab.recovery.decision" StaticText`
    t =     8.90s         Checking existence of `"lab.recovery.decision" StaticText`
    t =     8.94s Find the "lab.recovery.decision" StaticText
    t =     8.95s Find the "lab.recovery.rung" StaticText
    t =     8.96s Find the "lab.recovery.privateopens" StaticText
    t =     8.96s Checking existence of `"lab.tab.identity" Button`
    t =     8.97s Checking existence of `"lab.tab.identity" Button`
    t =     8.97s Checking existence of `"lab.tab.contacts" Button`
    t =     8.98s Checking existence of `"lab.tab.contacts" Button`
    t =     8.98s Checking existence of `"lab.tab.conversation" Button`
    t =     8.99s Checking existence of `"lab.tab.conversation" Button`
    t =     8.99s Checking existence of `"lab.tab.sos" Button`
    t =     9.00s Checking existence of `"lab.tab.sos" Button`
    t =     9.00s Checking existence of `"lab.tab.diagnostics" Button`
    t =     9.01s Checking existence of `"lab.tab.diagnostics" Button`
    t =     9.01s Find the "lab.recovery.gate" StaticText
    t =     9.02s Find the "lab.recovery.gate" StaticText
    t =     9.02s Waiting 20.0s for "lab.recovery.retry" Button to exist
    t =    10.07s     Checking `Expect predicate `existsNoRetry == 1` for object "lab.recovery.retry" Button`
    t =    10.07s         Checking existence of `"lab.recovery.retry" Button`
    t =    10.09s Checking existence of `"lab.recovery.resolve" Button`
    t =    10.10s Tap "lab.recovery.retry" Button
    t =    10.10s     Wait for io.godstone.labmesh to idle
    t =    10.11s     Find the "lab.recovery.retry" Button
    t =    10.12s     Check for interrupting elements affecting "lab.recovery.retry" Button
    t =    10.13s     Synthesize event
    t =    10.42s     Wait for io.godstone.labmesh to idle
    t =    10.42s Checking existence of `"lab.tab.diagnostics" Button`
    t =    10.44s Waiting 30.0s for "lab.tab.diagnostics" Button to exist
    t =    11.49s     Checking `Expect predicate `existsNoRetry == 1` for object "lab.tab.diagnostics" Button`
    t =    11.50s         Checking existence of `"lab.tab.diagnostics" Button`
    t =    11.53s Tap "lab.tab.diagnostics" Button
    t =    11.53s     Wait for io.godstone.labmesh to idle
    t =    11.53s     Find the "lab.tab.diagnostics" Button
    t =    11.55s     Check for interrupting elements affecting "lab.tab.diagnostics" Button
    t =    11.57s     Synthesize event
    t =    11.86s     Wait for io.godstone.labmesh to idle
    t =    13.26s Waiting 20.0s for "lab.diagnostics.privateopens" StaticText to exist
    t =    14.29s     Checking `Expect predicate `existsNoRetry == 1` for object "lab.diagnostics.privateopens" StaticText`
    t =    14.30s         Checking existence of `"lab.diagnostics.privateopens" StaticText`
    t =    14.33s Find the "lab.diagnostics.privateopens" StaticText
    t =    14.35s Terminate io.godstone.labmesh:45058
    t =    15.41s Open io.godstone.labmesh
    t =    15.42s     Launch io.godstone.labmesh
2026-10-04 07:31:55.972 xcodebuild[44137:47251439] [MT] IDELaunchParametersSnapshot: debugger version lookup failed for path '<nil>': noURL
2026-10-04 07:31:55.972 xcodebuild[44137:47251439] [MT] IDELaunchParametersSnapshot: no debugger version
    t =    15.63s         Setting up automation session
    t =    16.21s         Wait for io.godstone.labmesh to idle
    t =    17.47s Checking existence of `"lab.tab.diagnostics" Button`
    t =    17.55s Checking existence of `"lab.tab.diagnostics" Button`
    t =    17.73s Checking existence of `"lab.tab.diagnostics" Button`
    t =    17.75s Checking existence of `"lab.tab.diagnostics" Button`
    t =    17.93s Checking existence of `"lab.tab.diagnostics" Button`
    t =    17.96s Waiting 30.0s for "lab.tab.diagnostics" Button to exist
    t =    19.01s     Checking `Expect predicate `existsNoRetry == 1` for object "lab.tab.diagnostics" Button`
    t =    19.01s         Checking existence of `"lab.tab.diagnostics" Button`
    t =    19.05s Checking existence of `"lab.recovery.decision" StaticText`
    t =    19.07s Tear Down
Test Case '-[LabMeshUITests.LabMeshUITests testG1ThePendingRecoveryBootsRecoveryOnlyAndRetriesAResume]' passed (19.325 seconds).
Test Case '-[LabMeshUITests.LabMeshUITests testGSINT001ACancelledSosHoldDoesNotReachTheRuntime]' started.
    t =     0.00s Start Test at 2026-10-04 07:31:59.879
    t =     0.03s Set Up
    t =     0.03s Open io.godstone.labmesh
    t =     0.03s     Launch io.godstone.labmesh
    t =     0.04s         Terminate io.godstone.labmesh:45085
2026-10-04 07:32:01.001 xcodebuild[44137:47251439] [MT] IDELaunchParametersSnapshot: debugger version lookup failed for path '<nil>': noURL
2026-10-04 07:32:01.001 xcodebuild[44137:47251439] [MT] IDELaunchParametersSnapshot: no debugger version
    t =     1.34s         Setting up automation session
    t =     1.96s         Wait for io.godstone.labmesh to idle
    t =     3.22s Checking existence of `"lab.tab.sos" Button`
    t =     3.30s Checking existence of `"lab.tab.sos" Button`
    t =     3.47s Checking existence of `"lab.tab.sos" Button`
    t =     3.49s Checking existence of `"lab.tab.sos" Button`
    t =     3.67s Checking existence of `"lab.tab.sos" Button`
    t =     3.70s Waiting 20.0s for "lab.tab.sos" Button to exist
    t =     4.76s     Checking `Expect predicate `existsNoRetry == 1` for object "lab.tab.sos" Button`
    t =     4.76s         Checking existence of `"lab.tab.sos" Button`
    t =     4.80s Tap "lab.tab.sos" Button
    t =     4.80s     Wait for io.godstone.labmesh to idle
    t =     4.80s     Find the "lab.tab.sos" Button
    t =     4.82s     Check for interrupting elements affecting "lab.tab.sos" Button
    t =     4.84s     Synthesize event
    t =     5.13s     Wait for io.godstone.labmesh to idle
    t =     6.53s Waiting 20.0s for "lab.sos.hold" StaticText to exist
    t =     7.57s     Checking `Expect predicate `existsNoRetry == 1` for object "lab.sos.hold" StaticText`
    t =     7.57s         Checking existence of `"lab.sos.hold" StaticText`
    t =     7.61s Checking existence of `"lab.sos.hold" StaticText`
    t =     7.62s Waiting 20.0s for "lab.sos.admitted" StaticText to exist
    t =     8.65s     Checking `Expect predicate `existsNoRetry == 1` for object "lab.sos.admitted" StaticText`
    t =     8.65s         Checking existence of `"lab.sos.admitted" StaticText`
    t =     8.69s Find the "lab.sos.admitted" StaticText
    t =     8.70s Press "lab.sos.hold" StaticText for 0.2 seconds
    t =     8.70s     Wait for io.godstone.labmesh to idle
    t =     8.71s     Find the "lab.sos.hold" StaticText
    t =     8.72s     Check for interrupting elements affecting "lab.sos.hold" StaticText
    t =     8.73s     Synthesize event
    t =     9.17s     Wait for io.godstone.labmesh to idle
    t =     9.17s Waiting 10.0s for StaticText (First Match) to exist
    t =    10.23s     Checking `Expect predicate `existsNoRetry == 1` for object StaticText (First Match)`
    t =    10.23s         Checking existence of `StaticText (First Match)`
    t =    10.27s Find the "lab.sos.admitted" StaticText
    t =    10.28s Tear Down
Test Case '-[LabMeshUITests.LabMeshUITests testGSINT001ACancelledSosHoldDoesNotReachTheRuntime]' passed (10.503 seconds).
Test Case '-[LabMeshUITests.LabMeshUITests testGSINT001AStaleRotationCandidateIsRefusedWithTheExactString]' started.
    t =     0.00s Start Test at 2026-10-04 07:32:10.382
    t =     0.03s Set Up
    t =     0.03s Open io.godstone.labmesh
    t =     0.03s     Launch io.godstone.labmesh
    t =     0.03s         Terminate io.godstone.labmesh:45112
2026-10-04 07:32:11.469 xcodebuild[44137:47251439] [MT] IDELaunchParametersSnapshot: debugger version lookup failed for path '<nil>': noURL
2026-10-04 07:32:11.469 xcodebuild[44137:47251439] [MT] IDELaunchParametersSnapshot: no debugger version
    t =     1.30s         Setting up automation session
    t =     1.87s         Wait for io.godstone.labmesh to idle
    t =     3.13s Checking existence of `"lab.tab.contacts" Button`
    t =     3.20s Checking existence of `"lab.tab.contacts" Button`
    t =     3.38s Checking existence of `"lab.tab.contacts" Button`
    t =     3.40s Checking existence of `"lab.tab.contacts" Button`
    t =     3.57s Checking existence of `"lab.tab.contacts" Button`
    t =     3.59s Waiting 20.0s for "lab.tab.contacts" Button to exist
    t =     4.63s     Checking `Expect predicate `existsNoRetry == 1` for object "lab.tab.contacts" Button`
    t =     4.63s         Checking existence of `"lab.tab.contacts" Button`
    t =     4.66s Tap "lab.tab.contacts" Button
    t =     4.66s     Wait for io.godstone.labmesh to idle
    t =     4.67s     Find the "lab.tab.contacts" Button
    t =     4.68s     Check for interrupting elements affecting "lab.tab.contacts" Button
    t =     4.70s     Synthesize event
    t =     4.98s     Wait for io.godstone.labmesh to idle
    t =     6.34s Waiting 20.0s for "lab.trust.outcome" StaticText to exist
    t =     7.39s     Checking `Expect predicate `existsNoRetry == 1` for object "lab.trust.outcome" StaticText`
    t =     7.39s         Checking existence of `"lab.trust.outcome" StaticText`
    t =     7.44s Waiting 20.0s for "lab.trust.approve" Button to exist
    t =     8.50s     Checking `Expect predicate `existsNoRetry == 1` for object "lab.trust.approve" Button`
    t =     8.50s         Checking existence of `"lab.trust.approve" Button`
    t =     8.54s Waiting 20.0s for "lab.trust.seedrotation" Button to exist
    t =     9.58s     Checking `Expect predicate `existsNoRetry == 1` for object "lab.trust.seedrotation" Button`
    t =     9.58s         Checking existence of `"lab.trust.seedrotation" Button`
    t =     9.61s Find the "lab.trust.seedrotation" Button
    t =     9.64s Checking existence of `ScrollView (First Match)`
    t =     9.65s Swipe up ScrollView (First Match)
    t =     9.65s     Wait for io.godstone.labmesh to idle
    t =     9.65s     Find the ScrollView (First Match)
    t =     9.66s     Check for interrupting elements affecting ScrollView
    t =     9.67s     Synthesize event
    t =    10.11s     Wait for io.godstone.labmesh to idle
    t =    10.66s Find the "lab.trust.seedrotation" Button
    t =    10.69s Tap "lab.trust.seedrotation" Button
    t =    10.69s     Wait for io.godstone.labmesh to idle
    t =    10.69s     Find the "lab.trust.seedrotation" Button
    t =    10.71s     Check for interrupting elements affecting "lab.trust.seedrotation" Button
    t =    10.72s     Synthesize event
    t =    11.00s     Wait for io.godstone.labmesh to idle
    t =    11.01s Waiting 20.0s for "lab.trust.status" Any to exist
    t =    12.07s     Checking `Expect predicate `existsNoRetry == 1` for object "lab.trust.status" Any`
    t =    12.07s         Checking existence of `"lab.trust.status" Any`
    t =    13.15s Checking `Expect predicate `value CONTAINS "ROTATION_PENDING"` for object "lab.trust.status" Any`
    t =    13.16s     Find the "lab.trust.status" Any
    t =    13.19s Find the "lab.trust.seedrotation" Button
    t =    13.22s Tap "lab.trust.seedrotation" Button
    t =    13.22s     Wait for io.godstone.labmesh to idle
    t =    13.22s     Find the "lab.trust.seedrotation" Button
    t =    13.23s     Check for interrupting elements affecting "lab.trust.seedrotation" Button
    t =    13.25s     Synthesize event
    t =    13.54s     Wait for io.godstone.labmesh to idle
    t =    13.55s Find the "lab.trust.approve" Button
    t =    13.58s Tap "lab.trust.approve" Button
    t =    13.58s     Wait for io.godstone.labmesh to idle
    t =    13.59s     Find the "lab.trust.approve" Button
    t =    13.60s     Check for interrupting elements affecting "lab.trust.approve" Button
    t =    13.62s     Synthesize event
    t =    13.91s     Wait for io.godstone.labmesh to idle
    t =    14.96s Checking `Expect predicate `label == "refused: that rotation is no longer pending: nothing was approved"` for object "lab.trust.outcome" StaticText`
    t =    14.96s     Find the "lab.trust.outcome" StaticText
    t =    15.00s Find the "lab.trust.outcome" StaticText
    t =    15.02s Tear Down
Test Case '-[LabMeshUITests.LabMeshUITests testGSINT001AStaleRotationCandidateIsRefusedWithTheExactString]' passed (15.305 seconds).
Test Case '-[LabMeshUITests.LabMeshUITests testGSINT001ControlsRemainAddressableUnderRTLAndLargeText]' started.
    t =     0.00s Start Test at 2026-10-04 07:32:25.688
    t =     0.03s Set Up
    t =     0.03s Open io.godstone.labmesh
    t =     0.03s     Launch io.godstone.labmesh
    t =     0.04s         Terminate io.godstone.labmesh:45144
2026-10-04 07:32:26.780 xcodebuild[44137:47251439] [MT] IDELaunchParametersSnapshot: debugger version lookup failed for path '<nil>': noURL
2026-10-04 07:32:26.780 xcodebuild[44137:47251439] [MT] IDELaunchParametersSnapshot: no debugger version
    t =     1.30s         Setting up automation session
    t =     1.91s         Wait for io.godstone.labmesh to idle
    t =     3.18s Checking existence of `"lab.tab.conversation" Button`
    t =     3.27s Checking existence of `"lab.tab.conversation" Button`
    t =     3.44s Checking existence of `"lab.tab.conversation" Button`
    t =     3.46s Checking existence of `"lab.tab.conversation" Button`
    t =     3.64s Checking existence of `"lab.tab.conversation" Button`
    t =     3.67s Waiting 20.0s for "lab.tab.conversation" Button to exist
    t =     4.73s     Checking `Expect predicate `existsNoRetry == 1` for object "lab.tab.conversation" Button`
    t =     4.73s         Checking existence of `"lab.tab.conversation" Button`
    t =     4.77s Tap "lab.tab.conversation" Button
    t =     4.77s     Wait for io.godstone.labmesh to idle
    t =     4.77s     Find the "lab.tab.conversation" Button
    t =     4.79s     Check for interrupting elements affecting "lab.tab.conversation" Button
    t =     4.81s     Synthesize event
    t =     5.10s     Wait for io.godstone.labmesh to idle
    t =     5.84s Waiting 20.0s for "lab.conversation.field" TextField to exist
    t =     6.90s     Checking `Expect predicate `existsNoRetry == 1` for object "lab.conversation.field" TextField`
    t =     6.90s         Checking existence of `"lab.conversation.field" TextField`
    t =     6.94s Checking existence of `"lab.conversation.send" Button`
    t =     6.95s Tap "lab.conversation.field" TextField
    t =     6.95s     Wait for io.godstone.labmesh to idle
    t =     6.96s     Find the "lab.conversation.field" TextField
    t =     6.97s     Check for interrupting elements affecting "lab.conversation.field" TextField
    t =     6.98s     Synthesize event
    t =     6.99s         Scroll element to visible
    t =     6.99s         Find the "lab.conversation.field" TextField
    t =     7.01s         Computed hit point {220, 456.91666666666669} after scrolling to visible
    t =     7.29s     Wait for io.godstone.labmesh to idle
    t =     8.67s Type 'الطريق مسدود' into "lab.conversation.field" TextField
    t =     8.67s     Wait for io.godstone.labmesh to idle
    t =     8.68s     Find the "lab.conversation.field" TextField
    t =     8.71s     Check for interrupting elements affecting "lab.conversation.field" TextField
    t =     8.73s     Synthesize event
    t =     9.13s     Wait for io.godstone.labmesh to idle
    t =     9.13s Get number of matches for: Descendants matching type Keyboard
    t =     9.16s Checking existence of `"Return" Button`
    t =     9.18s Tap "Return" Button
    t =     9.18s     Wait for io.godstone.labmesh to idle
    t =     9.19s     Find the "Return" Button
    t =     9.21s     Check for interrupting elements affecting "Return" Button
    t =     9.23s     Synthesize event
    t =     9.52s     Wait for io.godstone.labmesh to idle
    t =    11.38s Get number of matches for: Descendants matching type Keyboard
    t =    11.42s Checking existence of `"lab.tab.contacts" Button`
    t =    11.44s Checking existence of `"lab.tab.contacts" Button`
    t =    11.45s Tap "lab.tab.contacts" Button
    t =    11.45s     Wait for io.godstone.labmesh to idle
    t =    11.45s     Find the "lab.tab.contacts" Button
    t =    11.47s     Check for interrupting elements affecting "lab.tab.contacts" Button
    t =    11.48s     Synthesize event
    t =    11.77s     Wait for io.godstone.labmesh to idle
    t =    13.14s Waiting 20.0s for "lab.trust.confirm" Button to exist
    t =    14.18s     Checking `Expect predicate `existsNoRetry == 1` for object "lab.trust.confirm" Button`
    t =    14.18s         Checking existence of `"lab.trust.confirm" Button`
    t =    14.22s Get all elements bound by index for: Descendants matching type Button
    t =    14.24s Checking existence of `Button (Element at index 0)`
    t =    14.25s Find the Button (Element at index 0)
    t =    14.26s Checking existence of `Button (Element at index 1)`
    t =    14.27s Find the Button (Element at index 1)
    t =    14.28s Checking existence of `Button (Element at index 2)`
    t =    14.29s Find the Button (Element at index 2)
    t =    14.30s Checking existence of `Button (Element at index 3)`
    t =    14.31s Find the Button (Element at index 3)
    t =    14.32s Checking existence of `Button (Element at index 4)`
    t =    14.33s Find the Button (Element at index 4)
    t =    14.34s Checking existence of `Button (Element at index 5)`
    t =    14.35s Find the Button (Element at index 5)
    t =    14.36s Checking existence of `Button (Element at index 6)`
    t =    14.37s Find the Button (Element at index 6)
    t =    14.38s Checking existence of `Button (Element at index 7)`
    t =    14.39s Find the Button (Element at index 7)
    t =    14.40s Checking existence of `Button (Element at index 8)`
    t =    14.41s Find the Button (Element at index 8)
    t =    14.42s Checking existence of `Button (Element at index 9)`
    t =    14.43s Find the Button (Element at index 9)
    t =    14.44s Tear Down
Test Case '-[LabMeshUITests.LabMeshUITests testGSINT001ControlsRemainAddressableUnderRTLAndLargeText]' passed (14.730 seconds).
Test Case '-[LabMeshUITests.LabMeshUITests testGSINT001TheAcknowledgedGenerationRungAndArtifactsSurviveTheProcess]' started.
    t =     0.00s Start Test at 2026-10-04 07:32:40.419
    t =     0.03s Set Up
    t =     0.03s Open io.godstone.labmesh
    t =     0.03s     Launch io.godstone.labmesh
    t =     0.03s         Terminate io.godstone.labmesh:45193
2026-10-04 07:32:41.514 xcodebuild[44137:47251439] [MT] IDELaunchParametersSnapshot: debugger version lookup failed for path '<nil>': noURL
2026-10-04 07:32:41.515 xcodebuild[44137:47251439] [MT] IDELaunchParametersSnapshot: no debugger version
    t =     1.30s         Setting up automation session
    t =     1.91s         Wait for io.godstone.labmesh to idle
    t =     3.21s Checking existence of `"lab.tab.diagnostics" Button`
    t =     3.27s Checking existence of `"lab.tab.diagnostics" Button`
    t =     3.45s Checking existence of `"lab.tab.diagnostics" Button`
    t =     3.47s Checking existence of `"lab.tab.diagnostics" Button`
    t =     3.65s Checking existence of `"lab.tab.diagnostics" Button`
    t =     3.68s Waiting 25.0s for "lab.tab.diagnostics" Button to exist
    t =     4.75s     Checking `Expect predicate `existsNoRetry == 1` for object "lab.tab.diagnostics" Button`
    t =     4.75s         Checking existence of `"lab.tab.diagnostics" Button`
    t =     4.79s Terminate io.godstone.labmesh:45262
    t =     5.85s Open io.godstone.labmesh
    t =     5.86s     Launch io.godstone.labmesh
2026-10-04 07:32:46.277 xcodebuild[44137:47251439] [MT] IDELaunchParametersSnapshot: debugger version lookup failed for path '<nil>': noURL
2026-10-04 07:32:46.277 xcodebuild[44137:47251439] [MT] IDELaunchParametersSnapshot: no debugger version
    t =     6.07s         Setting up automation session
    t =     6.69s         Wait for io.godstone.labmesh to idle
    t =     7.96s Checking existence of `"lab.tab.diagnostics" Button`
    t =     8.05s Checking existence of `"lab.tab.diagnostics" Button`
    t =     8.22s Checking existence of `"lab.tab.diagnostics" Button`
    t =     8.25s Checking existence of `"lab.tab.diagnostics" Button`
    t =     8.42s Checking existence of `"lab.tab.diagnostics" Button`
    t =     8.46s Waiting 30.0s for "lab.tab.diagnostics" Button to exist
    t =     9.52s     Checking `Expect predicate `existsNoRetry == 1` for object "lab.tab.diagnostics" Button`
    t =     9.52s         Checking existence of `"lab.tab.diagnostics" Button`
    t =     9.56s Tap "lab.tab.diagnostics" Button
    t =     9.56s     Wait for io.godstone.labmesh to idle
    t =     9.56s     Find the "lab.tab.diagnostics" Button
    t =     9.58s     Check for interrupting elements affecting "lab.tab.diagnostics" Button
    t =     9.59s     Synthesize event
    t =     9.88s     Wait for io.godstone.labmesh to idle
    t =    11.31s Waiting 25.0s for "lab.diagnostics.generation" StaticText to exist
    t =    12.35s     Checking `Expect predicate `existsNoRetry == 1` for object "lab.diagnostics.generation" StaticText`
    t =    12.35s         Checking existence of `"lab.diagnostics.generation" StaticText`
    t =    12.39s Find the "lab.diagnostics.generation" StaticText
    t =    12.41s Find the "lab.diagnostics.generation" StaticText
    t =    12.42s Waiting 25.0s for "lab.diagnostics.liverung" StaticText to exist
    t =    13.49s     Checking `Expect predicate `existsNoRetry == 1` for object "lab.diagnostics.liverung" StaticText`
    t =    13.49s         Checking existence of `"lab.diagnostics.liverung" StaticText`
    t =    13.52s Find the "lab.diagnostics.liverung" StaticText
    t =    13.53s Terminate io.godstone.labmesh:45275
    t =    14.59s Open io.godstone.labmesh
    t =    14.59s     Launch io.godstone.labmesh
2026-10-04 07:32:55.011 xcodebuild[44137:47251439] [MT] IDELaunchParametersSnapshot: debugger version lookup failed for path '<nil>': noURL
2026-10-04 07:32:55.011 xcodebuild[44137:47251439] [MT] IDELaunchParametersSnapshot: no debugger version
    t =    14.80s         Setting up automation session
    t =    15.37s         Wait for io.godstone.labmesh to idle
    t =    16.62s Checking existence of `"lab.tab.diagnostics" Button`
    t =    16.70s Checking existence of `"lab.tab.diagnostics" Button`
    t =    16.88s Checking existence of `"lab.tab.diagnostics" Button`
    t =    16.90s Checking existence of `"lab.tab.diagnostics" Button`
    t =    17.08s Checking existence of `"lab.tab.diagnostics" Button`
    t =    17.11s Waiting 30.0s for "lab.tab.diagnostics" Button to exist
    t =    18.19s     Checking `Expect predicate `existsNoRetry == 1` for object "lab.tab.diagnostics" Button`
    t =    18.19s         Checking existence of `"lab.tab.diagnostics" Button`
    t =    18.22s Tap "lab.tab.diagnostics" Button
    t =    18.22s     Wait for io.godstone.labmesh to idle
    t =    18.23s     Find the "lab.tab.diagnostics" Button
    t =    18.24s     Check for interrupting elements affecting "lab.tab.diagnostics" Button
    t =    18.26s     Synthesize event
    t =    18.55s     Wait for io.godstone.labmesh to idle
    t =    19.98s Waiting 30.0s for "lab.diagnostics.generation" StaticText to exist
    t =    21.02s     Checking `Expect predicate `existsNoRetry == 1` for object "lab.diagnostics.generation" StaticText`
    t =    21.02s         Checking existence of `"lab.diagnostics.generation" StaticText`
    t =    21.05s Find the "lab.diagnostics.generation" StaticText
    t =    21.06s Find the "lab.diagnostics.generation" StaticText
    t =    21.08s Checking existence of `"lab.diagnostics.beginwipe" Button`
    t =    21.09s Find the "lab.diagnostics.beginwipe" Button
    t =    21.10s Find the "lab.diagnostics.beginwipe" Button
    t =    21.12s Waiting 25.0s for "lab.diagnostics.wiperesult" StaticText to exist
    t =    22.17s     Checking `Expect predicate `existsNoRetry == 1` for object "lab.diagnostics.wiperesult" StaticText`
    t =    22.17s         Checking existence of `"lab.diagnostics.wiperesult" StaticText`
    t =    22.20s Tap "lab.diagnostics.beginwipe" Button
    t =    22.20s     Wait for io.godstone.labmesh to idle
    t =    22.21s     Find the "lab.diagnostics.beginwipe" Button
    t =    22.22s     Check for interrupting elements affecting "lab.diagnostics.beginwipe" Button
    t =    22.24s     Synthesize event
    t =    22.53s     Wait for io.godstone.labmesh to idle
    t =    22.53s Waiting 25.0s for "lab.diagnostics.resumewipe" Button to exist
    t =    23.60s     Checking `Expect predicate `existsNoRetry == 1` for object "lab.diagnostics.resumewipe" Button`
    t =    23.60s         Checking existence of `"lab.diagnostics.resumewipe" Button`
    t =    23.62s Find the "lab.diagnostics.resumewipe" Button
    t =    23.64s Checking existence of `ScrollView (First Match)`
    t =    23.65s Swipe up ScrollView (First Match)
    t =    23.65s     Wait for io.godstone.labmesh to idle
    t =    23.65s     Find the ScrollView (First Match)
    t =    23.66s     Check for interrupting elements affecting ScrollView
    t =    23.67s     Synthesize event
    t =    24.11s     Wait for io.godstone.labmesh to idle
    t =    24.54s Find the "lab.diagnostics.resumewipe" Button
    t =    24.56s Find the "lab.diagnostics.wiperesult" StaticText
    t =    24.57s Find the "lab.diagnostics.wiperesult" StaticText
    t =    24.58s Tap "lab.diagnostics.resumewipe" Button
    t =    24.58s     Wait for io.godstone.labmesh to idle
    t =    24.58s     Find the "lab.diagnostics.resumewipe" Button
    t =    24.59s     Check for interrupting elements affecting "lab.diagnostics.resumewipe" Button
    t =    24.61s     Synthesize event
    t =    24.90s     Wait for io.godstone.labmesh to idle
    t =    24.91s Find the "lab.diagnostics.wiperesult" StaticText
    t =    24.93s Waiting 25.0s for "lab.diagnostics.wipeartifacts" StaticText to exist
    t =    25.99s     Checking `Expect predicate `existsNoRetry == 1` for object "lab.diagnostics.wipeartifacts" StaticText`
    t =    25.99s         Checking existence of `"lab.diagnostics.wipeartifacts" StaticText`
    t =    26.02s Find the "lab.diagnostics.wipeartifacts" StaticText
    t =    26.04s Find the "lab.diagnostics.wipeartifacts" StaticText
    t =    26.05s Terminate io.godstone.labmesh:45306
    t =    27.11s Open io.godstone.labmesh
    t =    27.11s     Launch io.godstone.labmesh
2026-10-04 07:33:07.529 xcodebuild[44137:47251439] [MT] IDELaunchParametersSnapshot: debugger version lookup failed for path '<nil>': noURL
2026-10-04 07:33:07.529 xcodebuild[44137:47251439] [MT] IDELaunchParametersSnapshot: no debugger version
    t =    27.32s         Setting up automation session
    t =    27.92s         Wait for io.godstone.labmesh to idle
    t =    29.20s Checking existence of `"lab.tab.diagnostics" Button`
    t =    29.29s Checking existence of `"lab.tab.diagnostics" Button`
    t =    29.47s Checking existence of `"lab.tab.diagnostics" Button`
    t =    29.49s Checking existence of `"lab.tab.diagnostics" Button`
    t =    29.67s Checking existence of `"lab.tab.diagnostics" Button`
    t =    29.71s Waiting 30.0s for "lab.tab.diagnostics" Button to exist
    t =    30.75s     Checking `Expect predicate `existsNoRetry == 1` for object "lab.tab.diagnostics" Button`
    t =    30.75s         Checking existence of `"lab.tab.diagnostics" Button`
    t =    30.79s Tap "lab.tab.diagnostics" Button
    t =    30.79s     Wait for io.godstone.labmesh to idle
    t =    30.79s     Find the "lab.tab.diagnostics" Button
    t =    30.81s     Check for interrupting elements affecting "lab.tab.diagnostics" Button
    t =    30.83s     Synthesize event
    t =    31.11s     Wait for io.godstone.labmesh to idle
    t =    32.55s Waiting 30.0s for "lab.diagnostics.generation" StaticText to exist
    t =    33.60s     Checking `Expect predicate `existsNoRetry == 1` for object "lab.diagnostics.generation" StaticText`
    t =    33.60s         Checking existence of `"lab.diagnostics.generation" StaticText`
    t =    33.64s Find the "lab.diagnostics.generation" StaticText
    t =    33.66s Find the "lab.diagnostics.generation" StaticText
    t =    33.67s Waiting 25.0s for "lab.diagnostics.liverung" StaticText to exist
    t =    34.73s     Checking `Expect predicate `existsNoRetry == 1` for object "lab.diagnostics.liverung" StaticText`
    t =    34.73s         Checking existence of `"lab.diagnostics.liverung" StaticText`
    t =    34.74s Find the "lab.diagnostics.liverung" StaticText
    t =    34.75s Waiting 25.0s for "lab.diagnostics.wipestate" StaticText to exist
    t =    35.80s     Checking `Expect predicate `existsNoRetry == 1` for object "lab.diagnostics.wipestate" StaticText`
    t =    35.80s         Checking existence of `"lab.diagnostics.wipestate" StaticText`
    t =    35.83s Find the "lab.diagnostics.wipestate" StaticText
    t =    35.85s Tear Down
Test Case '-[LabMeshUITests.LabMeshUITests testGSINT001TheAcknowledgedGenerationRungAndArtifactsSurviveTheProcess]' passed (36.154 seconds).
Test Case '-[LabMeshUITests.LabMeshUITests testGSINT001TheBoundedComposeCountsOctetsAndUpdatesItsReadout]' started.
    t =     0.00s Start Test at 2026-10-04 07:33:16.573
    t =     0.03s Set Up
    t =     0.03s Open io.godstone.labmesh
    t =     0.03s     Launch io.godstone.labmesh
    t =     0.03s         Terminate io.godstone.labmesh:45346
2026-10-04 07:33:17.681 xcodebuild[44137:47251439] [MT] IDELaunchParametersSnapshot: debugger version lookup failed for path '<nil>': noURL
2026-10-04 07:33:17.681 xcodebuild[44137:47251439] [MT] IDELaunchParametersSnapshot: no debugger version
    t =     1.32s         Setting up automation session
    t =     1.89s         Wait for io.godstone.labmesh to idle
    t =     3.14s Checking existence of `"lab.tab.conversation" Button`
    t =     3.22s Checking existence of `"lab.tab.conversation" Button`
    t =     3.39s Checking existence of `"lab.tab.conversation" Button`
    t =     3.46s Checking existence of `"lab.tab.conversation" Button`
    t =     3.65s Checking existence of `"lab.tab.conversation" Button`
    t =     3.69s Waiting 20.0s for "lab.tab.conversation" Button to exist
    t =     4.74s     Checking `Expect predicate `existsNoRetry == 1` for object "lab.tab.conversation" Button`
    t =     4.74s         Checking existence of `"lab.tab.conversation" Button`
    t =     4.78s Tap "lab.tab.conversation" Button
    t =     4.78s     Wait for io.godstone.labmesh to idle
    t =     4.78s     Find the "lab.tab.conversation" Button
    t =     4.80s     Check for interrupting elements affecting "lab.tab.conversation" Button
    t =     4.81s     Synthesize event
    t =     5.10s     Wait for io.godstone.labmesh to idle
    t =     5.86s Waiting 20.0s for "lab.conversation.field" TextField to exist
    t =     6.91s     Checking `Expect predicate `existsNoRetry == 1` for object "lab.conversation.field" TextField`
    t =     6.92s         Checking existence of `"lab.conversation.field" TextField`
    t =     6.95s Waiting 20.0s for "lab.conversation.octets" Any to exist
    t =     8.00s     Checking `Expect predicate `existsNoRetry == 1` for object "lab.conversation.octets" Any`
    t =     8.00s         Checking existence of `"lab.conversation.octets" Any`
    t =     8.03s Find the "lab.conversation.octets" Any
    t =     8.05s Tap "lab.conversation.field" TextField
    t =     8.05s     Wait for io.godstone.labmesh to idle
    t =     8.06s     Find the "lab.conversation.field" TextField
    t =     8.07s     Check for interrupting elements affecting "lab.conversation.field" TextField
    t =     8.08s     Synthesize event
    t =     8.37s     Wait for io.godstone.labmesh to idle
    t =     8.76s Type '⛵️ الطريق مسدود' into "lab.conversation.field" TextField
    t =     8.76s     Wait for io.godstone.labmesh to idle
    t =     8.76s     Find the "lab.conversation.field" TextField
    t =     8.79s     Check for interrupting elements affecting "lab.conversation.field" TextField
    t =     8.82s     Synthesize event
    t =     9.25s     Wait for io.godstone.labmesh to idle
    t =    10.31s Checking `Expect predicate `value != "32/400 octets"` for object "lab.conversation.octets" Other`
    t =    10.31s     Find the "lab.conversation.octets" Other
    t =    10.36s Find the "lab.conversation.octets" Other
    t =    10.39s Tear Down
Test Case '-[LabMeshUITests.LabMeshUITests testGSINT001TheBoundedComposeCountsOctetsAndUpdatesItsReadout]' passed (10.649 seconds).
Test Case '-[LabMeshUITests.LabMeshUITests testGSINT001TheDistressStateSurvivesARelaunchAndACancelDoesNotUnAuthor]' started.
    t =     0.00s Start Test at 2026-10-04 07:33:27.223
    t =     0.03s Set Up
    t =     0.03s Open io.godstone.labmesh
    t =     0.03s     Launch io.godstone.labmesh
    t =     0.03s         Terminate io.godstone.labmesh:45385
2026-10-04 07:33:28.307 xcodebuild[44137:47251439] [MT] IDELaunchParametersSnapshot: debugger version lookup failed for path '<nil>': noURL
2026-10-04 07:33:28.307 xcodebuild[44137:47251439] [MT] IDELaunchParametersSnapshot: no debugger version
    t =     1.29s         Setting up automation session
    t =     1.86s         Wait for io.godstone.labmesh to idle
    t =     3.12s Checking existence of `"lab.tab.sos" Button`
    t =     3.20s Checking existence of `"lab.tab.sos" Button`
    t =     3.38s Checking existence of `"lab.tab.sos" Button`
    t =     3.40s Checking existence of `"lab.tab.sos" Button`
    t =     3.57s Checking existence of `"lab.tab.sos" Button`
    t =     3.61s Waiting 20.0s for "lab.tab.sos" Button to exist
    t =     4.65s     Checking `Expect predicate `existsNoRetry == 1` for object "lab.tab.sos" Button`
    t =     4.65s         Checking existence of `"lab.tab.sos" Button`
    t =     4.68s Tap "lab.tab.sos" Button
    t =     4.68s     Wait for io.godstone.labmesh to idle
    t =     4.68s     Find the "lab.tab.sos" Button
    t =     4.70s     Check for interrupting elements affecting "lab.tab.sos" Button
    t =     4.72s     Synthesize event
    t =     5.00s     Wait for io.godstone.labmesh to idle
    t =     6.41s Waiting 20.0s for "lab.sos.state" Any to exist
    t =     7.45s     Checking `Expect predicate `existsNoRetry == 1` for object "lab.sos.state" Any`
    t =     7.45s         Checking existence of `"lab.sos.state" Any`
    t =     7.50s Waiting 20.0s for "lab.sos.send" Button to exist
    t =     8.52s     Checking `Expect predicate `existsNoRetry == 1` for object "lab.sos.send" Button`
    t =     8.53s         Checking existence of `"lab.sos.send" Button`
    t =     8.56s Tap "lab.sos.send" Button
    t =     8.56s     Wait for io.godstone.labmesh to idle
    t =     8.56s     Find the "lab.sos.send" Button
    t =     8.58s     Check for interrupting elements affecting "lab.sos.send" Button
    t =     8.59s     Synthesize event
    t =     8.88s     Wait for io.godstone.labmesh to idle
    t =     9.93s Checking `Expect predicate `value BEGINSWITH "active: "` for object "lab.sos.state" Any`
    t =     9.93s     Find the "lab.sos.state" Any
    t =     9.97s Find the "lab.sos.state" Other
    t =     9.99s Terminate io.godstone.labmesh:45421
    t =    11.03s Open io.godstone.labmesh
    t =    11.04s     Launch io.godstone.labmesh
2026-10-04 07:33:38.260 xcodebuild[44137:47251439] [MT] IDELaunchParametersSnapshot: debugger version lookup failed for path '<nil>': noURL
2026-10-04 07:33:38.260 xcodebuild[44137:47251439] [MT] IDELaunchParametersSnapshot: no debugger version
    t =    11.25s         Setting up automation session
    t =    11.83s         Wait for io.godstone.labmesh to idle
    t =    13.08s Checking existence of `"lab.tab.sos" Button`
    t =    13.16s Checking existence of `"lab.tab.sos" Button`
    t =    13.34s Checking existence of `"lab.tab.sos" Button`
    t =    13.37s Checking existence of `"lab.tab.sos" Button`
    t =    13.54s Checking existence of `"lab.tab.sos" Button`
    t =    13.58s Waiting 20.0s for "lab.tab.sos" Button to exist
    t =    14.62s     Checking `Expect predicate `existsNoRetry == 1` for object "lab.tab.sos" Button`
    t =    14.62s         Checking existence of `"lab.tab.sos" Button`
    t =    14.64s Tap "lab.tab.sos" Button
    t =    14.64s     Wait for io.godstone.labmesh to idle
    t =    14.64s     Find the "lab.tab.sos" Button
    t =    14.66s     Check for interrupting elements affecting "lab.tab.sos" Button
    t =    14.67s     Synthesize event
    t =    14.96s     Wait for io.godstone.labmesh to idle
    t =    16.16s Waiting 20.0s for "lab.sos.state" Any to exist
    t =    17.22s     Checking `Expect predicate `existsNoRetry == 1` for object "lab.sos.state" Any`
    t =    17.22s         Checking existence of `"lab.sos.state" Any`
    t =    18.32s Checking `Expect predicate `value BEGINSWITH "active: "` for object "lab.sos.state" Any`
    t =    18.32s     Find the "lab.sos.state" Any
    t =    18.33s Find the "lab.sos.state" Other
    t =    18.34s Waiting 20.0s for "lab.sos.cancel" Button to exist
    t =    19.40s     Checking `Expect predicate `existsNoRetry == 1` for object "lab.sos.cancel" Button`
    t =    19.40s         Checking existence of `"lab.sos.cancel" Button`
    t =    19.42s Tap "lab.sos.cancel" Button
    t =    19.42s     Wait for io.godstone.labmesh to idle
    t =    19.43s     Find the "lab.sos.cancel" Button
    t =    19.45s     Check for interrupting elements affecting "lab.sos.cancel" Button
    t =    19.46s     Synthesize event
    t =    19.75s     Wait for io.godstone.labmesh to idle
    t =    20.82s Checking `Expect predicate `value BEGINSWITH "terminal: "` for object "lab.sos.state" Other`
    t =    20.82s     Find the "lab.sos.state" Other
    t =    20.86s Find the "lab.sos.state" Other
    t =    20.88s Terminate io.godstone.labmesh:45450
    t =    21.95s Open io.godstone.labmesh
    t =    21.95s     Launch io.godstone.labmesh
2026-10-04 07:33:49.177 xcodebuild[44137:47251439] [MT] IDELaunchParametersSnapshot: debugger version lookup failed for path '<nil>': noURL
2026-10-04 07:33:49.177 xcodebuild[44137:47251439] [MT] IDELaunchParametersSnapshot: no debugger version
    t =    22.17s         Setting up automation session
    t =    22.75s         Wait for io.godstone.labmesh to idle
    t =    24.01s Checking existence of `"lab.tab.sos" Button`
    t =    24.09s Checking existence of `"lab.tab.sos" Button`
    t =    24.26s Checking existence of `"lab.tab.sos" Button`
    t =    24.29s Checking existence of `"lab.tab.sos" Button`
    t =    24.47s Checking existence of `"lab.tab.sos" Button`
    t =    24.50s Waiting 20.0s for "lab.tab.sos" Button to exist
    t =    25.57s     Checking `Expect predicate `existsNoRetry == 1` for object "lab.tab.sos" Button`
    t =    25.57s         Checking existence of `"lab.tab.sos" Button`
    t =    25.61s Tap "lab.tab.sos" Button
    t =    25.61s     Wait for io.godstone.labmesh to idle
    t =    25.61s     Find the "lab.tab.sos" Button
    t =    25.63s     Check for interrupting elements affecting "lab.tab.sos" Button
    t =    25.64s     Synthesize event
    t =    25.93s     Wait for io.godstone.labmesh to idle
    t =    27.33s Waiting 20.0s for "lab.sos.state" Any to exist
    t =    28.36s     Checking `Expect predicate `existsNoRetry == 1` for object "lab.sos.state" Any`
    t =    28.36s         Checking existence of `"lab.sos.state" Any`
    t =    28.40s Find the "lab.sos.state" Any
    t =    28.41s Tear Down
Test Case '-[LabMeshUITests.LabMeshUITests testGSINT001TheDistressStateSurvivesARelaunchAndACancelDoesNotUnAuthor]' passed (28.684 seconds).
Test Case '-[LabMeshUITests.LabMeshUITests testGSINT001TheDurableSendVerdictSurvivesARelaunch]' started.
    t =     0.00s Start Test at 2026-10-04 07:33:55.908
    t =     0.03s Set Up
    t =     0.03s Open io.godstone.labmesh
    t =     0.03s     Launch io.godstone.labmesh
    t =     0.03s         Terminate io.godstone.labmesh:45487
2026-10-04 07:33:57.009 xcodebuild[44137:47251439] [MT] IDELaunchParametersSnapshot: debugger version lookup failed for path '<nil>': noURL
2026-10-04 07:33:57.009 xcodebuild[44137:47251439] [MT] IDELaunchParametersSnapshot: no debugger version
    t =     1.31s         Setting up automation session
    t =     1.89s         Wait for io.godstone.labmesh to idle
    t =     3.14s Checking existence of `"lab.tab.conversation" Button`
    t =     3.22s Checking existence of `"lab.tab.conversation" Button`
    t =     3.39s Checking existence of `"lab.tab.conversation" Button`
    t =     3.42s Checking existence of `"lab.tab.conversation" Button`
    t =     3.59s Checking existence of `"lab.tab.conversation" Button`
    t =     3.63s Waiting 20.0s for "lab.tab.conversation" Button to exist
    t =     4.68s     Checking `Expect predicate `existsNoRetry == 1` for object "lab.tab.conversation" Button`
    t =     4.68s         Checking existence of `"lab.tab.conversation" Button`
    t =     4.72s Tap "lab.tab.conversation" Button
    t =     4.72s     Wait for io.godstone.labmesh to idle
    t =     4.72s     Find the "lab.tab.conversation" Button
    t =     4.74s     Check for interrupting elements affecting "lab.tab.conversation" Button
    t =     4.76s     Synthesize event
    t =     5.05s     Wait for io.godstone.labmesh to idle
    t =     5.81s Waiting 20.0s for "lab.conversation.send" Button to exist
    t =     6.85s     Checking `Expect predicate `existsNoRetry == 1` for object "lab.conversation.send" Button`
    t =     6.85s         Checking existence of `"lab.conversation.send" Button`
    t =     6.87s Waiting 20.0s for "lab.conversation.durable" Any to exist
    t =     7.91s     Checking `Expect predicate `existsNoRetry == 1` for object "lab.conversation.durable" Any`
    t =     7.91s         Checking existence of `"lab.conversation.durable" Any`
    t =     7.95s Tap "lab.conversation.send" Button
    t =     7.95s     Wait for io.godstone.labmesh to idle
    t =     7.95s     Find the "lab.conversation.send" Button
    t =     7.97s     Check for interrupting elements affecting "lab.conversation.send" Button
    t =     7.99s     Synthesize event
    t =     8.00s         Scroll element to visible
    t =     8.00s         Find the "lab.conversation.send" Button
    t =     8.01s         Computed hit point {52.25, 480.75} after scrolling to visible
    t =     8.30s     Wait for io.godstone.labmesh to idle
    t =    10.11s Checking `Expect predicate `value BEGINSWITH "found:"` for object "lab.conversation.durable" Any`
    t =    10.11s     Find the "lab.conversation.durable" Any
    t =    10.13s Find the "lab.conversation.durable" Other
    t =    10.15s Terminate io.godstone.labmesh:45517
    t =    11.20s Open io.godstone.labmesh
    t =    11.20s     Launch io.godstone.labmesh
2026-10-04 07:34:07.113 xcodebuild[44137:47251439] [MT] IDELaunchParametersSnapshot: debugger version lookup failed for path '<nil>': noURL
2026-10-04 07:34:07.113 xcodebuild[44137:47251439] [MT] IDELaunchParametersSnapshot: no debugger version
    t =    11.41s         Setting up automation session
    t =    11.97s         Wait for io.godstone.labmesh to idle
    t =    13.25s Checking existence of `"lab.tab.conversation" Button`
    t =    13.33s Checking existence of `"lab.tab.conversation" Button`
    t =    13.50s Checking existence of `"lab.tab.conversation" Button`
    t =    13.53s Checking existence of `"lab.tab.conversation" Button`
    t =    13.71s Checking existence of `"lab.tab.conversation" Button`
    t =    13.74s Waiting 20.0s for "lab.tab.conversation" Button to exist
    t =    14.80s     Checking `Expect predicate `existsNoRetry == 1` for object "lab.tab.conversation" Button`
    t =    14.80s         Checking existence of `"lab.tab.conversation" Button`
    t =    14.84s Tap "lab.tab.conversation" Button
    t =    14.84s     Wait for io.godstone.labmesh to idle
    t =    14.84s     Find the "lab.tab.conversation" Button
    t =    14.86s     Check for interrupting elements affecting "lab.tab.conversation" Button
    t =    14.87s     Synthesize event
    t =    15.16s     Wait for io.godstone.labmesh to idle
    t =    15.91s Waiting 20.0s for "lab.conversation.durable" Any to exist
    t =    16.95s     Checking `Expect predicate `existsNoRetry == 1` for object "lab.conversation.durable" Any`
    t =    16.95s         Checking existence of `"lab.conversation.durable" Any`
    t =    16.97s Find the "lab.conversation.durable" Any
    t =    17.00s Tear Down
Test Case '-[LabMeshUITests.LabMeshUITests testGSINT001TheDurableSendVerdictSurvivesARelaunch]' passed (17.267 seconds).
Test Case '-[LabMeshUITests.LabMeshUITests testGSINT001TheEssentialRetryControlStandsAndActs]' started.
    t =     0.00s Start Test at 2026-10-04 07:34:13.176
    t =     0.03s Set Up
    t =     0.03s Open io.godstone.labmesh
    t =     0.03s     Launch io.godstone.labmesh
    t =     0.03s         Terminate io.godstone.labmesh:45552
2026-10-04 07:34:14.291 xcodebuild[44137:47251439] [MT] IDELaunchParametersSnapshot: debugger version lookup failed for path '<nil>': noURL
2026-10-04 07:34:14.291 xcodebuild[44137:47251439] [MT] IDELaunchParametersSnapshot: no debugger version
    t =     1.32s         Setting up automation session
    t =     1.89s         Wait for io.godstone.labmesh to idle
    t =     3.15s Checking existence of `"lab.tab.sos" Button`
    t =     3.22s Checking existence of `"lab.tab.sos" Button`
    t =     3.39s Checking existence of `"lab.tab.sos" Button`
    t =     3.42s Checking existence of `"lab.tab.sos" Button`
    t =     3.59s Checking existence of `"lab.tab.sos" Button`
    t =     3.63s Waiting 20.0s for "lab.tab.sos" Button to exist
    t =     4.67s     Checking `Expect predicate `existsNoRetry == 1` for object "lab.tab.sos" Button`
    t =     4.68s         Checking existence of `"lab.tab.sos" Button`
    t =     4.71s Tap "lab.tab.sos" Button
    t =     4.71s     Wait for io.godstone.labmesh to idle
    t =     4.72s     Find the "lab.tab.sos" Button
    t =     4.74s     Check for interrupting elements affecting "lab.tab.sos" Button
    t =     4.75s     Synthesize event
    t =     5.04s     Wait for io.godstone.labmesh to idle
    t =     6.26s Waiting 25.0s for "lab.sos.retry" Button to exist
    t =     7.31s     Checking `Expect predicate `existsNoRetry == 1` for object "lab.sos.retry" Button`
    t =     7.31s         Checking existence of `"lab.sos.retry" Button`
    t =     7.35s Find the "lab.sos.retry" Button
    t =     7.37s Find the "lab.sos.retry" Button
    t =     7.38s Find the "lab.sos.retry" Button
    t =     7.40s Checking existence of `ScrollView (First Match)`
    t =     7.41s Swipe up ScrollView (First Match)
    t =     7.41s     Wait for io.godstone.labmesh to idle
    t =     7.41s     Find the ScrollView (First Match)
    t =     7.42s     Check for interrupting elements affecting ScrollView
    t =     7.43s     Synthesize event
    t =     7.87s     Wait for io.godstone.labmesh to idle
    t =     8.47s Find the "lab.sos.retry" Button
    t =     8.50s Find the "lab.sos.retry" Button
    t =     8.52s Waiting 20.0s for "lab.sos.send" Button to exist
    t =     9.57s     Checking `Expect predicate `existsNoRetry == 1` for object "lab.sos.send" Button`
    t =     9.57s         Checking existence of `"lab.sos.send" Button`
    t =     9.59s Find the "lab.sos.send" Button
    t =     9.61s Tap "lab.sos.send" Button
    t =     9.61s     Wait for io.godstone.labmesh to idle
    t =     9.61s     Find the "lab.sos.send" Button
    t =     9.63s     Check for interrupting elements affecting "lab.sos.send" Button
    t =     9.64s     Synthesize event
    t =     9.93s     Wait for io.godstone.labmesh to idle
    t =     9.93s Waiting 25.0s for "lab.sos.outcome" StaticText to exist
    t =    10.98s     Checking `Expect predicate `existsNoRetry == 1` for object "lab.sos.outcome" StaticText`
    t =    10.98s         Checking existence of `"lab.sos.outcome" StaticText`
    t =    11.01s Find the "lab.sos.outcome" StaticText
    t =    11.03s Tap "lab.sos.retry" Button
    t =    11.03s     Wait for io.godstone.labmesh to idle
    t =    11.03s     Find the "lab.sos.retry" Button
    t =    11.05s     Check for interrupting elements affecting "lab.sos.retry" Button
    t =    11.06s     Synthesize event
    t =    11.35s     Wait for io.godstone.labmesh to idle
    t =    11.36s Find the "lab.sos.outcome" StaticText
    t =    11.39s Find the "lab.sos.outcome" StaticText
    t =    11.40s Tear Down
Test Case '-[LabMeshUITests.LabMeshUITests testGSINT001TheEssentialRetryControlStandsAndActs]' passed (11.676 seconds).
Test Case '-[LabMeshUITests.LabMeshUITests testGSINT001TheLiveTreeCarriesTheRenderedSemantics]' started.
    t =     0.00s Start Test at 2026-10-04 07:34:24.853
    t =     0.03s Set Up
    t =     0.03s Open io.godstone.labmesh
    t =     0.03s     Launch io.godstone.labmesh
    t =     0.03s         Terminate io.godstone.labmesh:45583
2026-10-04 07:34:25.940 xcodebuild[44137:47251439] [MT] IDELaunchParametersSnapshot: debugger version lookup failed for path '<nil>': noURL
2026-10-04 07:34:25.940 xcodebuild[44137:47251439] [MT] IDELaunchParametersSnapshot: no debugger version
    t =     1.29s         Setting up automation session
    t =     1.88s         Wait for io.godstone.labmesh to idle
    t =     3.15s Checking existence of `"lab.tab.conversation" Button`
    t =     3.22s Checking existence of `"lab.tab.conversation" Button`
    t =     3.40s Checking existence of `"lab.tab.conversation" Button`
    t =     3.42s Checking existence of `"lab.tab.conversation" Button`
    t =     3.59s Checking existence of `"lab.tab.conversation" Button`
    t =     3.62s Waiting 20.0s for "lab.tab.conversation" Button to exist
    t =     4.66s     Checking `Expect predicate `existsNoRetry == 1` for object "lab.tab.conversation" Button`
    t =     4.66s         Checking existence of `"lab.tab.conversation" Button`
    t =     4.70s Tap "lab.tab.conversation" Button
    t =     4.70s     Wait for io.godstone.labmesh to idle
    t =     4.70s     Find the "lab.tab.conversation" Button
    t =     4.72s     Check for interrupting elements affecting "lab.tab.conversation" Button
    t =     4.73s     Synthesize event
    t =     5.02s     Wait for io.godstone.labmesh to idle
    t =     5.78s Waiting 20.0s for "lab.conversation.octets" Any to exist
    t =     6.83s     Checking `Expect predicate `existsNoRetry == 1` for object "lab.conversation.octets" Any`
    t =     6.83s         Checking existence of `"lab.conversation.octets" Any`
    t =     6.85s Find the "lab.conversation.octets" Any
    t =     6.87s Find the "lab.conversation.octets" Other
    t =     6.88s Get all elements bound by index for: Descendants matching type Button
    t =     6.89s Checking existence of `Button (Element at index 0)`
    t =     6.90s Find the Button (Element at index 0)
    t =     6.91s Checking existence of `Button (Element at index 1)`
    t =     6.93s Find the Button (Element at index 1)
    t =     6.94s Checking existence of `Button (Element at index 2)`
    t =     6.95s Find the Button (Element at index 2)
    t =     6.96s Checking existence of `Button (Element at index 3)`
    t =     6.97s Find the Button (Element at index 3)
    t =     6.98s Checking existence of `Button (Element at index 4)`
    t =     6.99s Find the Button (Element at index 4)
    t =     7.00s Checking existence of `Button (Element at index 5)`
    t =     7.01s Find the Button (Element at index 5)
    t =     7.03s Checking existence of `Button (Element at index 6)`
    t =     7.04s Find the Button (Element at index 6)
    t =     7.05s Checking existence of `Button (Element at index 7)`
    t =     7.06s Find the Button (Element at index 7)
    t =     7.07s Checking existence of `"lab.tab.contacts" Button`
    t =     7.08s Checking existence of `"lab.tab.contacts" Button`
    t =     7.10s Tap "lab.tab.contacts" Button
    t =     7.10s     Wait for io.godstone.labmesh to idle
    t =     7.10s     Find the "lab.tab.contacts" Button
    t =     7.11s     Check for interrupting elements affecting "lab.tab.contacts" Button
    t =     7.13s     Synthesize event
    t =     7.41s     Wait for io.godstone.labmesh to idle
    t =     8.60s Waiting 20.0s for "lab.trust.status" Any to exist
    t =     9.64s     Checking `Expect predicate `existsNoRetry == 1` for object "lab.trust.status" Any`
    t =     9.64s         Checking existence of `"lab.trust.status" Any`
    t =     9.68s Checking existence of `"lab.tab.sos" Button`
    t =     9.70s Checking existence of `"lab.tab.sos" Button`
    t =     9.71s Tap "lab.tab.sos" Button
    t =     9.71s     Wait for io.godstone.labmesh to idle
    t =     9.71s     Find the "lab.tab.sos" Button
    t =     9.73s     Check for interrupting elements affecting "lab.tab.sos" Button
    t =     9.74s     Synthesize event
    t =    10.03s     Wait for io.godstone.labmesh to idle
    t =    11.41s Waiting 20.0s for "lab.sos.state" Any to exist
    t =    12.46s     Checking `Expect predicate `existsNoRetry == 1` for object "lab.sos.state" Any`
    t =    12.46s         Checking existence of `"lab.sos.state" Any`
    t =    12.50s Find the "lab.sos.state" Any
    t =    12.52s Tear Down
Test Case '-[LabMeshUITests.LabMeshUITests testGSINT001TheLiveTreeCarriesTheRenderedSemantics]' passed (12.764 seconds).
Test Case '-[LabMeshUITests.LabMeshUITests testGSINT001TheSosJourneyRendersAControlRatherThanALabel]' started.
    t =     0.00s Start Test at 2026-10-04 07:34:37.618
    t =     0.03s Set Up
    t =     0.03s Open io.godstone.labmesh
    t =     0.03s     Launch io.godstone.labmesh
    t =     0.03s         Terminate io.godstone.labmesh:45616
2026-10-04 07:34:38.725 xcodebuild[44137:47251439] [MT] IDELaunchParametersSnapshot: debugger version lookup failed for path '<nil>': noURL
2026-10-04 07:34:38.725 xcodebuild[44137:47251439] [MT] IDELaunchParametersSnapshot: no debugger version
    t =     1.32s         Setting up automation session
    t =     1.92s         Wait for io.godstone.labmesh to idle
    t =     3.18s Checking existence of `"lab.tab.sos" Button`
    t =     3.26s Checking existence of `"lab.tab.sos" Button`
    t =     3.44s Checking existence of `"lab.tab.sos" Button`
    t =     3.47s Checking existence of `"lab.tab.sos" Button`
    t =     3.64s Checking existence of `"lab.tab.sos" Button`
    t =     3.68s Waiting 20.0s for "lab.tab.sos" Button to exist
    t =     4.73s     Checking `Expect predicate `existsNoRetry == 1` for object "lab.tab.sos" Button`
    t =     4.74s         Checking existence of `"lab.tab.sos" Button`
    t =     4.76s Tap "lab.tab.sos" Button
    t =     4.76s     Wait for io.godstone.labmesh to idle
    t =     4.76s     Find the "lab.tab.sos" Button
    t =     4.78s     Check for interrupting elements affecting "lab.tab.sos" Button
    t =     4.80s     Synthesize event
    t =     5.08s     Wait for io.godstone.labmesh to idle
    t =     6.30s Waiting 20.0s for "lab.sos.hold" StaticText to exist
    t =     7.36s     Checking `Expect predicate `existsNoRetry == 1` for object "lab.sos.hold" StaticText`
    t =     7.36s         Checking existence of `"lab.sos.hold" StaticText`
    t =     7.39s Checking existence of `"lab.sos.send" Button`
    t =     7.41s Waiting 20.0s for "lab.sos.admitted" StaticText to exist
    t =     8.47s     Checking `Expect predicate `existsNoRetry == 1` for object "lab.sos.admitted" StaticText`
    t =     8.47s         Checking existence of `"lab.sos.admitted" StaticText`
    t =     8.50s Find the "lab.sos.admitted" StaticText
    t =     8.52s Checking existence of `"lab.sos.send" Button`
    t =     8.53s Tap "lab.sos.send" Button
    t =     8.53s     Wait for io.godstone.labmesh to idle
    t =     8.53s     Find the "lab.sos.send" Button
    t =     8.55s     Check for interrupting elements affecting "lab.sos.send" Button
    t =     8.56s     Synthesize event
    t =     8.85s     Wait for io.godstone.labmesh to idle
    t =     8.85s Find the "lab.sos.admitted" StaticText
    t =     8.87s Tear Down
Test Case '-[LabMeshUITests.LabMeshUITests testGSINT001TheSosJourneyRendersAControlRatherThanALabel]' passed (9.093 seconds).
Test Case '-[LabMeshUITests.LabMeshUITests testGSINT001TheTrustControlsCarryTheirExactAccessibilityLabels]' started.
    t =     0.00s Start Test at 2026-10-04 07:34:46.711
    t =     0.03s Set Up
    t =     0.03s Open io.godstone.labmesh
    t =     0.03s     Launch io.godstone.labmesh
    t =     0.03s         Terminate io.godstone.labmesh:45659
2026-10-04 07:34:47.791 xcodebuild[44137:47251439] [MT] IDELaunchParametersSnapshot: debugger version lookup failed for path '<nil>': noURL
2026-10-04 07:34:47.791 xcodebuild[44137:47251439] [MT] IDELaunchParametersSnapshot: no debugger version
    t =     1.29s         Setting up automation session
    t =     1.86s         Wait for io.godstone.labmesh to idle
    t =     3.13s Checking existence of `"lab.tab.contacts" Button`
    t =     3.21s Checking existence of `"lab.tab.contacts" Button`
    t =     3.39s Checking existence of `"lab.tab.contacts" Button`
    t =     3.41s Checking existence of `"lab.tab.contacts" Button`
    t =     3.59s Checking existence of `"lab.tab.contacts" Button`
    t =     3.63s Waiting 20.0s for "lab.tab.contacts" Button to exist
    t =     4.67s     Checking `Expect predicate `existsNoRetry == 1` for object "lab.tab.contacts" Button`
    t =     4.67s         Checking existence of `"lab.tab.contacts" Button`
    t =     4.71s Tap "lab.tab.contacts" Button
    t =     4.71s     Wait for io.godstone.labmesh to idle
    t =     4.71s     Find the "lab.tab.contacts" Button
    t =     4.73s     Check for interrupting elements affecting "lab.tab.contacts" Button
    t =     4.75s     Synthesize event
    t =     5.03s     Wait for io.godstone.labmesh to idle
    t =     6.44s Waiting 20.0s for "lab.trust.confirm" Button to exist
    t =     7.48s     Checking `Expect predicate `existsNoRetry == 1` for object "lab.trust.confirm" Button`
    t =     7.48s         Checking existence of `"lab.trust.confirm" Button`
    t =     7.52s Checking existence of `"lab.trust.approve" Button`
    t =     7.53s Checking existence of `"lab.trust.revoke" Button`
    t =     7.55s Find the "lab.trust.confirm" Button
    t =     7.56s Find the "lab.trust.approve" Button
    t =     7.57s Find the "lab.trust.revoke" Button
    t =     7.58s Waiting 20.0s for "lab.trust.fingerprint" Any to exist
    t =     8.60s     Checking `Expect predicate `existsNoRetry == 1` for object "lab.trust.fingerprint" Any`
    t =     8.61s         Checking existence of `"lab.trust.fingerprint" Any`
    t =     8.64s Find the "lab.trust.fingerprint" Any
    t =     8.66s Tear Down
Test Case '-[LabMeshUITests.LabMeshUITests testGSINT001TheTrustControlsCarryTheirExactAccessibilityLabels]' passed (8.930 seconds).
Test Case '-[LabMeshUITests.LabMeshUITests testGSINT001TheTrustJourneyIsPerformedRatherThanMerelyLabelled]' started.
    t =     0.00s Start Test at 2026-10-04 07:34:55.642
    t =     0.03s Set Up
    t =     0.03s Open io.godstone.labmesh
    t =     0.04s     Launch io.godstone.labmesh
    t =     0.04s         Terminate io.godstone.labmesh:45692
2026-10-04 07:34:56.748 xcodebuild[44137:47251439] [MT] IDELaunchParametersSnapshot: debugger version lookup failed for path '<nil>': noURL
2026-10-04 07:34:56.748 xcodebuild[44137:47251439] [MT] IDELaunchParametersSnapshot: no debugger version
    t =     1.31s         Setting up automation session
    t =     1.85s         Wait for io.godstone.labmesh to idle
    t =     3.11s Checking existence of `"lab.tab.contacts" Button`
    t =     3.17s Checking existence of `"lab.tab.contacts" Button`
    t =     3.35s Checking existence of `"lab.tab.contacts" Button`
    t =     3.38s Checking existence of `"lab.tab.contacts" Button`
    t =     3.56s Checking existence of `"lab.tab.contacts" Button`
    t =     3.59s Waiting 20.0s for "lab.tab.contacts" Button to exist
    t =     4.64s     Checking `Expect predicate `existsNoRetry == 1` for object "lab.tab.contacts" Button`
    t =     4.64s         Checking existence of `"lab.tab.contacts" Button`
    t =     4.67s Tap "lab.tab.contacts" Button
    t =     4.67s     Wait for io.godstone.labmesh to idle
    t =     4.67s     Find the "lab.tab.contacts" Button
    t =     4.69s     Check for interrupting elements affecting "lab.tab.contacts" Button
    t =     4.71s     Synthesize event
    t =     5.00s     Wait for io.godstone.labmesh to idle
    t =     6.34s Waiting 20.0s for "lab.trust.recipient" Button to exist
    t =     7.37s     Checking `Expect predicate `existsNoRetry == 1` for object "lab.trust.recipient" Button`
    t =     7.37s         Checking existence of `"lab.trust.recipient" Button`
    t =     7.41s Waiting 20.0s for "lab.trust.fingerprint" Any to exist
    t =     8.46s     Checking `Expect predicate `existsNoRetry == 1` for object "lab.trust.fingerprint" Any`
    t =     8.46s         Checking existence of `"lab.trust.fingerprint" Any`
    t =     8.52s Find the "lab.trust.fingerprint" Any
    t =     8.55s Waiting 20.0s for "lab.trust.outcome" StaticText to exist
    t =     9.60s     Checking `Expect predicate `existsNoRetry == 1` for object "lab.trust.outcome" StaticText`
    t =     9.60s         Checking existence of `"lab.trust.outcome" StaticText`
    t =     9.63s Waiting 20.0s for "lab.trust.confirm" Button to exist
    t =    10.68s     Checking `Expect predicate `existsNoRetry == 1` for object "lab.trust.confirm" Button`
    t =    10.68s         Checking existence of `"lab.trust.confirm" Button`
    t =    10.70s Find the "lab.trust.confirm" Button
    t =    10.73s Checking existence of `ScrollView (First Match)`
    t =    10.74s Swipe up ScrollView (First Match)
    t =    10.74s     Wait for io.godstone.labmesh to idle
    t =    10.74s     Find the ScrollView (First Match)
    t =    10.75s     Check for interrupting elements affecting ScrollView
    t =    10.77s     Synthesize event
    t =    11.20s     Wait for io.godstone.labmesh to idle
    t =    11.72s Find the "lab.trust.confirm" Button
    t =    11.76s Find the "lab.trust.outcome" StaticText
    t =    11.78s Tap "lab.trust.confirm" Button
    t =    11.78s     Wait for io.godstone.labmesh to idle
    t =    11.78s     Find the "lab.trust.confirm" Button
    t =    11.79s     Check for interrupting elements affecting "lab.trust.confirm" Button
    t =    11.81s     Synthesize event
    t =    12.10s     Wait for io.godstone.labmesh to idle
    t =    13.16s Checking `Expect predicate `label != "idle"` for object "lab.trust.outcome" StaticText`
    t =    13.16s     Find the "lab.trust.outcome" StaticText
    t =    13.20s Waiting 20.0s for "lab.trust.approve" Button to exist
    t =    14.25s     Checking `Expect predicate `existsNoRetry == 1` for object "lab.trust.approve" Button`
    t =    14.25s         Checking existence of `"lab.trust.approve" Button`
    t =    14.28s Find the "lab.trust.approve" Button
    t =    14.30s Find the "lab.trust.outcome" StaticText
    t =    14.32s Tap "lab.trust.approve" Button
    t =    14.32s     Wait for io.godstone.labmesh to idle
    t =    14.32s     Find the "lab.trust.approve" Button
    t =    14.33s     Check for interrupting elements affecting "lab.trust.approve" Button
    t =    14.35s     Synthesize event
    t =    14.63s     Wait for io.godstone.labmesh to idle
    t =    15.70s Checking `Expect predicate `label != "applied: fingerprint confirmed for contact-b087 at generation 0"` for object "lab.trust.outcome" StaticText`
    t =    15.70s     Find the "lab.trust.outcome" StaticText
    t =    15.73s Waiting 20.0s for "lab.trust.revoke" Button to exist
    t =    16.80s     Checking `Expect predicate `existsNoRetry == 1` for object "lab.trust.revoke" Button`
    t =    16.80s         Checking existence of `"lab.trust.revoke" Button`
    t =    16.84s Find the "lab.trust.revoke" Button
    t =    16.87s Find the "lab.trust.outcome" StaticText
    t =    16.88s Tap "lab.trust.revoke" Button
    t =    16.88s     Wait for io.godstone.labmesh to idle
    t =    16.88s     Find the "lab.trust.revoke" Button
    t =    16.90s     Check for interrupting elements affecting "lab.trust.revoke" Button
    t =    16.91s     Synthesize event
    t =    17.20s     Wait for io.godstone.labmesh to idle
    t =    18.27s Checking `Expect predicate `label != "refused: no rotation candidate was displayed for 'A'"` for object "lab.trust.outcome" StaticText`
    t =    18.27s     Find the "lab.trust.outcome" StaticText
    t =    18.30s Tear Down
Test Case '-[LabMeshUITests.LabMeshUITests testGSINT001TheTrustJourneyIsPerformedRatherThanMerelyLabelled]' passed (18.533 seconds).
Test Case '-[LabMeshUITests.LabMeshUITests testGSINT001TheWipeControlReportsTheRuntimesOwnState]' started.
    t =     0.00s Start Test at 2026-10-04 07:35:14.176
    t =     0.03s Set Up
    t =     0.03s Open io.godstone.labmesh
    t =     0.03s     Launch io.godstone.labmesh
    t =     0.03s         Terminate io.godstone.labmesh:45720
2026-10-04 07:35:15.291 xcodebuild[44137:47251439] [MT] IDELaunchParametersSnapshot: debugger version lookup failed for path '<nil>': noURL
2026-10-04 07:35:15.291 xcodebuild[44137:47251439] [MT] IDELaunchParametersSnapshot: no debugger version
    t =     1.33s         Setting up automation session
    t =     1.94s         Wait for io.godstone.labmesh to idle
    t =     3.21s Checking existence of `"lab.tab.diagnostics" Button`
    t =     3.28s Checking existence of `"lab.tab.diagnostics" Button`
    t =     3.46s Checking existence of `"lab.tab.diagnostics" Button`
    t =     3.48s Checking existence of `"lab.tab.diagnostics" Button`
    t =     3.66s Checking existence of `"lab.tab.diagnostics" Button`
    t =     3.69s Waiting 20.0s for "lab.tab.diagnostics" Button to exist
    t =     4.74s     Checking `Expect predicate `existsNoRetry == 1` for object "lab.tab.diagnostics" Button`
    t =     4.74s         Checking existence of `"lab.tab.diagnostics" Button`
    t =     4.78s Tap "lab.tab.diagnostics" Button
    t =     4.78s     Wait for io.godstone.labmesh to idle
    t =     4.78s     Find the "lab.tab.diagnostics" Button
    t =     4.80s     Check for interrupting elements affecting "lab.tab.diagnostics" Button
    t =     4.81s     Synthesize event
    t =     5.11s     Wait for io.godstone.labmesh to idle
    t =     6.39s Waiting 20.0s for "lab.diagnostics.wipestate" StaticText to exist
    t =     7.45s     Checking `Expect predicate `existsNoRetry == 1` for object "lab.diagnostics.wipestate" StaticText`
    t =     7.45s         Checking existence of `"lab.diagnostics.wipestate" StaticText`
    t =     7.48s Find the "lab.diagnostics.wipestate" StaticText
    t =     7.50s Waiting 20.0s for "lab.diagnostics.wiperung" StaticText to exist
    t =     8.55s     Checking `Expect predicate `existsNoRetry == 1` for object "lab.diagnostics.wiperung" StaticText`
    t =     8.55s         Checking existence of `"lab.diagnostics.wiperung" StaticText`
    t =     8.58s Waiting 20.0s for "lab.diagnostics.wipeartifacts" StaticText to exist
    t =     9.61s     Checking `Expect predicate `existsNoRetry == 1` for object "lab.diagnostics.wipeartifacts" StaticText`
    t =     9.61s         Checking existence of `"lab.diagnostics.wipeartifacts" StaticText`
    t =     9.64s Waiting 20.0s for "lab.diagnostics.startuprecovery" StaticText to exist
    t =    10.69s     Checking `Expect predicate `existsNoRetry == 1` for object "lab.diagnostics.startuprecovery" StaticText`
    t =    10.69s         Checking existence of `"lab.diagnostics.startuprecovery" StaticText`
    t =    10.72s Checking existence of `"lab.diagnostics.beginwipe" Button`
    t =    10.74s Find the "lab.diagnostics.beginwipe" Button
    t =    10.75s Waiting 20.0s for "lab.diagnostics.wiperesult" StaticText to exist
    t =    11.79s     Checking `Expect predicate `existsNoRetry == 1` for object "lab.diagnostics.wiperesult" StaticText`
    t =    11.79s         Checking existence of `"lab.diagnostics.wiperesult" StaticText`
    t =    11.82s Tap "lab.diagnostics.beginwipe" Button
    t =    11.82s     Wait for io.godstone.labmesh to idle
    t =    11.83s     Find the "lab.diagnostics.beginwipe" Button
    t =    11.84s     Check for interrupting elements affecting "lab.diagnostics.beginwipe" Button
    t =    11.86s     Synthesize event
    t =    12.15s     Wait for io.godstone.labmesh to idle
    t =    12.15s Find the "lab.diagnostics.wiperesult" StaticText
    t =    12.17s Find the "lab.diagnostics.wiperesult" StaticText
    t =    12.18s Checking existence of `"lab.diagnostics.resumewipe" Button`
    t =    12.19s Find the "lab.diagnostics.resumewipe" Button
    t =    12.21s Checking existence of `ScrollView (First Match)`
    t =    12.22s Swipe up ScrollView (First Match)
    t =    12.22s     Wait for io.godstone.labmesh to idle
    t =    12.22s     Find the ScrollView (First Match)
    t =    12.23s     Check for interrupting elements affecting ScrollView
    t =    12.24s     Synthesize event
    t =    12.68s     Wait for io.godstone.labmesh to idle
    t =    13.12s Find the "lab.diagnostics.resumewipe" Button
    t =    13.14s Tap "lab.diagnostics.resumewipe" Button
    t =    13.14s     Wait for io.godstone.labmesh to idle
    t =    13.14s     Find the "lab.diagnostics.resumewipe" Button
    t =    13.15s     Check for interrupting elements affecting "lab.diagnostics.resumewipe" Button
    t =    13.17s     Synthesize event
    t =    13.46s     Wait for io.godstone.labmesh to idle
    t =    13.46s Waiting 20.0s for "lab.diagnostics.wipeartifacts" StaticText to exist
    t =    14.52s     Checking `Expect predicate `existsNoRetry == 1` for object "lab.diagnostics.wipeartifacts" StaticText`
    t =    14.52s         Checking existence of `"lab.diagnostics.wipeartifacts" StaticText`
    t =    14.55s Find the "lab.diagnostics.wipeartifacts" StaticText
    t =    14.57s Find the "lab.diagnostics.wipeartifacts" StaticText
    t =    14.58s Terminate io.godstone.labmesh:45788
    t =    15.63s Open io.godstone.labmesh
    t =    15.63s     Launch io.godstone.labmesh
2026-10-04 07:35:29.811 xcodebuild[44137:47251439] [MT] IDELaunchParametersSnapshot: debugger version lookup failed for path '<nil>': noURL
2026-10-04 07:35:29.811 xcodebuild[44137:47251439] [MT] IDELaunchParametersSnapshot: no debugger version
    t =    15.85s         Setting up automation session
    t =    16.41s         Wait for io.godstone.labmesh to idle
    t =    17.68s Checking existence of `"lab.tab.diagnostics" Button`
    t =    17.77s Checking existence of `"lab.tab.diagnostics" Button`
    t =    17.94s Checking existence of `"lab.tab.diagnostics" Button`
    t =    17.96s Checking existence of `"lab.tab.diagnostics" Button`
    t =    18.14s Checking existence of `"lab.tab.diagnostics" Button`
    t =    18.17s Waiting 30.0s for "lab.tab.diagnostics" Button to exist
    t =    19.23s     Checking `Expect predicate `existsNoRetry == 1` for object "lab.tab.diagnostics" Button`
    t =    19.23s         Checking existence of `"lab.tab.diagnostics" Button`
    t =    19.27s Tap "lab.tab.diagnostics" Button
    t =    19.27s     Wait for io.godstone.labmesh to idle
    t =    19.27s     Find the "lab.tab.diagnostics" Button
    t =    19.29s     Check for interrupting elements affecting "lab.tab.diagnostics" Button
    t =    19.30s     Synthesize event
    t =    19.59s     Wait for io.godstone.labmesh to idle
    t =    20.88s Waiting 30.0s for "lab.diagnostics.wipestate" StaticText to exist
    t =    21.94s     Checking `Expect predicate `existsNoRetry == 1` for object "lab.diagnostics.wipestate" StaticText`
    t =    21.94s         Checking existence of `"lab.diagnostics.wipestate" StaticText`
    t =    21.98s Find the "lab.diagnostics.wipestate" StaticText
    t =    21.99s Tear Down
Test Case '-[LabMeshUITests.LabMeshUITests testGSINT001TheWipeControlReportsTheRuntimesOwnState]' passed (22.290 seconds).
Test Case '-[LabMeshUITests.LabMeshUITests testGSINT001TypeSelectRecipientAndSendReachesARenderedOutcome]' started.
    t =     0.00s Start Test at 2026-10-04 07:35:36.466
    t =     0.02s Set Up
    t =     0.02s Open io.godstone.labmesh
    t =     0.03s     Launch io.godstone.labmesh
    t =     0.03s         Terminate io.godstone.labmesh:45836
2026-10-04 07:35:37.531 xcodebuild[44137:47251439] [MT] IDELaunchParametersSnapshot: debugger version lookup failed for path '<nil>': noURL
2026-10-04 07:35:37.531 xcodebuild[44137:47251439] [MT] IDELaunchParametersSnapshot: no debugger version
    t =     1.28s         Setting up automation session
    t =     1.83s         Wait for io.godstone.labmesh to idle
    t =     3.11s Checking existence of `"lab.tab.conversation" Button`
    t =     3.17s Checking existence of `"lab.tab.conversation" Button`
    t =     3.35s Checking existence of `"lab.tab.conversation" Button`
    t =     3.36s Checking existence of `"lab.tab.conversation" Button`
    t =     3.53s Checking existence of `"lab.tab.conversation" Button`
    t =     3.56s Waiting 20.0s for "lab.tab.conversation" Button to exist
    t =     4.59s     Checking `Expect predicate `existsNoRetry == 1` for object "lab.tab.conversation" Button`
    t =     4.59s         Checking existence of `"lab.tab.conversation" Button`
    t =     4.62s Tap "lab.tab.conversation" Button
    t =     4.62s     Wait for io.godstone.labmesh to idle
    t =     4.62s     Find the "lab.tab.conversation" Button
    t =     4.63s     Check for interrupting elements affecting "lab.tab.conversation" Button
    t =     4.65s     Synthesize event
    t =     4.94s     Wait for io.godstone.labmesh to idle
    t =     5.68s Waiting 20.0s for "lab.conversation.linkstate" StaticText to exist
    t =     6.72s     Checking `Expect predicate `existsNoRetry == 1` for object "lab.conversation.linkstate" StaticText`
    t =     6.72s         Checking existence of `"lab.conversation.linkstate" StaticText`
    t =     6.75s Checking existence of `"lab.conversation.recipient" Button`
    t =     6.77s Find the "lab.conversation.linkstate" StaticText
    t =     6.78s Tap "lab.conversation.recipient" Button
    t =     6.79s     Wait for io.godstone.labmesh to idle
    t =     6.79s     Find the "lab.conversation.recipient" Button
    t =     6.80s     Check for interrupting elements affecting "lab.conversation.recipient" Button
    t =     6.81s     Synthesize event
    t =     7.10s     Wait for io.godstone.labmesh to idle
    t =     8.23s Waiting 5.0s for "R" Button to exist
    t =     9.30s     Checking `Expect predicate `existsNoRetry == 1` for object "R" Button`
    t =     9.30s         Checking existence of `"R" Button`
    t =     9.33s Tap "R" Button
    t =     9.33s     Wait for io.godstone.labmesh to idle
    t =     9.33s     Find the "R" Button
    t =     9.35s     Check for interrupting elements affecting "R" Button
    t =     9.37s     Synthesize event
    t =     9.66s     Wait for io.godstone.labmesh to idle
    t =    11.09s Find the "lab.conversation.linkstate" StaticText
    t =    11.11s Waiting 20.0s for "lab.conversation.field" TextField to exist
    t =    12.14s     Checking `Expect predicate `existsNoRetry == 1` for object "lab.conversation.field" TextField`
    t =    12.14s         Checking existence of `"lab.conversation.field" TextField`
    t =    12.18s Tap "lab.conversation.field" TextField
    t =    12.18s     Wait for io.godstone.labmesh to idle
    t =    12.18s     Find the "lab.conversation.field" TextField
    t =    12.20s     Check for interrupting elements affecting "lab.conversation.field" TextField
    t =    12.21s     Synthesize event
    t =    12.50s     Wait for io.godstone.labmesh to idle
    t =    12.53s Type 'the mill road is c...' into "lab.conversation.field" TextField
    t =    12.53s     Wait for io.godstone.labmesh to idle
    t =    12.92s     Find the "lab.conversation.field" TextField
    t =    12.97s     Check for interrupting elements affecting "lab.conversation.field" TextField
    t =    12.99s     Synthesize event
    t =    13.96s     Wait for io.godstone.labmesh to idle
    t =    13.97s Checking existence of `"lab.conversation.send" Button`
    t =    14.01s Find the "lab.conversation.send" Button
    t =    14.03s Tap "lab.conversation.send" Button
    t =    14.03s     Wait for io.godstone.labmesh to idle
    t =    14.04s     Find the "lab.conversation.send" Button
    t =    14.06s     Check for interrupting elements affecting "lab.conversation.send" Button
    t =    14.08s     Synthesize event
    t =    14.08s         Scroll element to visible
    t =    14.08s         Find the "lab.conversation.send" Button
    t =    14.11s         Computed hit point {52.25, 318.5} after scrolling to visible
    t =    14.39s     Wait for io.godstone.labmesh to idle
    t =    14.87s Waiting 20.0s for "lab.conversation.outcome" StaticText to exist
    t =    15.91s     Checking `Expect predicate `existsNoRetry == 1` for object "lab.conversation.outcome" StaticText`
    t =    15.91s         Checking existence of `"lab.conversation.outcome" StaticText`
    t =    15.95s Waiting 20.0s for "lab.conversation.admitted" StaticText to exist
    t =    17.01s     Checking `Expect predicate `existsNoRetry == 1` for object "lab.conversation.admitted" StaticText`
    t =    17.01s         Checking existence of `"lab.conversation.admitted" StaticText`
    t =    17.06s Find the "lab.conversation.admitted" StaticText
    t =    17.09s Tap "lab.conversation.send" Button
    t =    17.09s     Wait for io.godstone.labmesh to idle
    t =    17.09s     Find the "lab.conversation.send" Button
    t =    17.11s     Check for interrupting elements affecting "lab.conversation.send" Button
    t =    17.13s     Synthesize event
    t =    17.42s     Wait for io.godstone.labmesh to idle
    t =    17.43s Find the "lab.conversation.admitted" StaticText
    t =    17.47s Checking existence of `"lab.conversation.admitted" StaticText`
    t =    17.49s Waiting 20.0s for "lab.conversation.durable" Any to exist
    t =    18.56s     Checking `Expect predicate `existsNoRetry == 1` for object "lab.conversation.durable" Any`
    t =    18.56s         Checking existence of `"lab.conversation.durable" Any`
    t =    18.61s Waiting 20.0s for "lab.conversation.intent" Any to exist
    t =    19.66s     Checking `Expect predicate `existsNoRetry == 1` for object "lab.conversation.intent" Any`
    t =    19.66s         Checking existence of `"lab.conversation.intent" Any`
    t =    19.71s Find the "lab.conversation.durable" Any
    t =    19.74s Find the "lab.conversation.durable" Other
    t =    19.76s Find the "lab.conversation.outcome" StaticText
    t =    19.78s Tear Down
Test Case '-[LabMeshUITests.LabMeshUITests testGSINT001TypeSelectRecipientAndSendReachesARenderedOutcome]' passed (20.043 seconds).
Test Suite 'LabMeshUITests' passed at 2026-10-04 07:35:56.509.
	 Executed 18 tests, with 0 failures (0 unexpected) in 293.750 (293.761) seconds
Test Suite 'LabMeshUITests.xctest' passed at 2026-10-04 07:35:56.510.
	 Executed 29 tests, with 0 failures (0 unexpected) in 502.681 (502.700) seconds
Test Suite 'All tests' passed at 2026-10-04 07:35:56.511.
	 Executed 29 tests, with 0 failures (0 unexpected) in 502.681 (502.702) seconds
2026-10-04 07:35:56.857 xcodebuild[44137:47251439] [MT] IDETestOperationsObserverDebug: 504.290 elapsed -- Testing started completed.
2026-10-04 07:35:56.857 xcodebuild[44137:47251439] [MT] IDETestOperationsObserverDebug: 0.000 sec, +0.000 sec -- start
2026-10-04 07:35:56.857 xcodebuild[44137:47251439] [MT] IDETestOperationsObserverDebug: 504.290 sec, +504.290 sec -- end

Test session results, code coverage, and logs:
	/Users/oculus/Library/Developer/Xcode/DerivedData/Godstone-amgfvuzikbdlwwbsulbruyunrsbz/Logs/Test/Test-LabMeshUI-2026.10.04_07-27-30-+0530.xcresult

** TEST SUCCEEDED **

Testing started
=== scheme GodstoneArchiveUI ===
Command line invocation:
    /Applications/Xcode.app/Contents/Developer/usr/bin/xcodebuild -project ios/Godstone.xcodeproj -scheme GodstoneArchiveUI -configuration LightDebug -destination "platform=iOS Simulator,name=iPhone 17 Pro Max" CODE_SIGNING_ALLOWED=NO test

Build settings from command line:
    CODE_SIGNING_ALLOWED = NO

Resolve Package Graph


Resolved source packages:
  GodstonePackages: /tmp/godstone-board1-rc15-full-4f84d0b6/wt_ARCHIVE-PROV-007/ios/Godstone

ComputePackagePrebuildTargetDependencyGraph

Prepare packages

CreateBuildRequest

SendProjectDescription

CreateBuildOperation

ComputeTargetDependencyGraph
note: Building targets in dependency order
note: Target dependency graph (4 targets)
    Target 'GodstoneArchiveUITests' in project 'Godstone'
        ➜ Explicit dependency on target 'Godstone' in project 'Godstone'
    Target 'Godstone' in project 'Godstone'
        ➜ Explicit dependency on target 'GodstoneCore-product' in project 'GodstonePackages'
    Target 'GodstoneCore-product' in project 'GodstonePackages'
        ➜ Explicit dependency on target 'GodstoneCore' in project 'GodstonePackages'
    Target 'GodstoneCore' in project 'GodstonePackages' (no dependencies)

GatherProvisioningInputs

CreateBuildDescription

ExecuteExternalTool /Applications/Xcode.app/Contents/Developer/Toolchains/XcodeDefault.xctoolchain/usr/bin/swiftc --version

ExecuteExternalTool /Applications/Xcode.app/Contents/Developer/Toolchains/XcodeDefault.xctoolchain/usr/bin/clang -v -E -dM -isysroot /Applications/Xcode.app/Contents/Developer/Platforms/iPhoneSimulator.platform/Developer/SDKs/iPhoneSimulator27.0.sdk -x c -c /dev/null

ExecuteExternalTool /Applications/Xcode.app/Contents/Developer/Toolchains/XcodeDefault.xctoolchain/usr/bin/ld -version_details

Build description signature: 80d97501295bccf594289b6cd0391768
Build description path: /Users/oculus/Library/Developer/Xcode/DerivedData/Godstone-amgfvuzikbdlwwbsulbruyunrsbz/Build/Intermediates.noindex/XCBuildData/80d97501295bccf594289b6cd0391768.xcbuilddata
ClangStatCache /Applications/Xcode.app/Contents/Developer/Toolchains/XcodeDefault.xctoolchain/usr/bin/clang-stat-cache /Applications/Xcode.app/Contents/Developer/Platforms/iPhoneSimulator.platform/Developer/SDKs/iPhoneSimulator27.0.sdk /Users/oculus/Library/Developer/Xcode/DerivedData/SDKStatCaches.noindex/iphonesimulator27.0-24A430-8dc58220667be655e1bcc261a7455254.sdkstatcache
    cd /tmp/godstone-board1-rc15-full-4f84d0b6/wt_ARCHIVE-PROV-007/ios/Godstone.xcodeproj
    /Applications/Xcode.app/Contents/Developer/Toolchains/XcodeDefault.xctoolchain/usr/bin/clang-stat-cache /Applications/Xcode.app/Contents/Developer/Platforms/iPhoneSimulator.platform/Developer/SDKs/iPhoneSimulator27.0.sdk -o /Users/oculus/Library/Developer/Xcode/DerivedData/SDKStatCaches.noindex/iphonesimulator27.0-24A430-8dc58220667be655e1bcc261a7455254.sdkstatcache

SwiftDriver Godstone normal arm64 com.apple.xcode.tools.swift.compiler (in target 'Godstone' from project 'Godstone')
    cd /tmp/godstone-board1-rc15-full-4f84d0b6/wt_ARCHIVE-PROV-007/ios
    builtin-SwiftDriver -- /Applications/Xcode.app/Contents/Developer/Toolchains/XcodeDefault.xctoolchain/usr/bin/swiftc -module-name Godstone -Onone @/Users/oculus/Library/Developer/Xcode/DerivedData/Godstone-amgfvuzikbdlwwbsulbruyunrsbz/Build/Intermediates.noindex/Godstone.build/LightDebug-iphonesimulator/Godstone.build/Objects-normal/arm64/Godstone.SwiftFileList -DDEBUG -DARCHIVE_ONLY -enable-bare-slash-regex -enable-experimental-feature DebugDescriptionMacro -sdk /Applications/Xcode.app/Contents/Developer/Platforms/iPhoneSimulator.platform/Developer/SDKs/iPhoneSimulator27.0.sdk -target arm64-apple-ios16.0-simulator -g -module-cache-path /Users/oculus/Library/Developer/Xcode/DerivedData/ModuleCache.noindex -Xfrontend -serialize-debugging-options -enable-testing -index-store-path /Users/oculus/Library/Developer/Xcode/DerivedData/Godstone-amgfvuzikbdlwwbsulbruyunrsbz/Index.noindex/DataStore -Xcc -D_LIBCPP_HARDENING_MODE\=_LIBCPP_HARDENING_MODE_DEBUG -swift-version 5 -I /Users/oculus/Library/Developer/Xcode/DerivedData/Godstone-amgfvuzikbdlwwbsulbruyunrsbz/Build/Products/LightDebug-iphonesimulator -F /Users/oculus/Library/Developer/Xcode/DerivedData/Godstone-amgfvuzikbdlwwbsulbruyunrsbz/Build/Products/LightDebug-iphonesimulator/PackageFrameworks -F /Users/oculus/Library/Developer/Xcode/DerivedData/Godstone-amgfvuzikbdlwwbsulbruyunrsbz/Build/Products/LightDebug-iphonesimulator -c -j10 -enable-batch-mode -incremental -Xcc -ivfsstatcache -Xcc /Users/oculus/Library/Developer/Xcode/DerivedData/SDKStatCaches.noindex/iphonesimulator27.0-24A430-8dc58220667be655e1bcc261a7455254.sdkstatcache -output-file-map /Users/oculus/Library/Developer/Xcode/DerivedData/Godstone-amgfvuzikbdlwwbsulbruyunrsbz/Build/Intermediates.noindex/Godstone.build/LightDebug-iphonesimulator/Godstone.build/Objects-normal/arm64/Godstone-OutputFileMap.json -save-temps -no-color-diagnostics -explicit-module-build -module-cache-path /Users/oculus/Library/Developer/Xcode/DerivedData/Godstone-amgfvuzikbdlwwbsulbruyunrsbz/Build/Intermediates.noindex/SwiftExplicitPrecompiledModules -clang-scanner-module-cache-path /Users/oculus/Library/Developer/Xcode/DerivedData/ModuleCache.noindex -sdk-module-cache-path /Users/oculus/Library/Developer/Xcode/DerivedData/SDKExplicitPrecompiledModules -emit-dependencies -emit-module -emit-module-path /Users/oculus/Library/Developer/Xcode/DerivedData/Godstone-amgfvuzikbdlwwbsulbruyunrsbz/Build/Intermediates.noindex/Godstone.build/LightDebug-iphonesimulator/Godstone.build/Objects-normal/arm64/Godstone.swiftmodule -serialize-diagnostics -dependency-scan-serialize-diagnostics-path /Users/oculus/Library/Developer/Xcode/DerivedData/Godstone-amgfvuzikbdlwwbsulbruyunrsbz/Build/Intermediates.noindex/Godstone.build/LightDebug-iphonesimulator/Godstone.build/Objects-normal/arm64/Godstone-dependency-scan.dia -validate-clang-modules-once -clang-build-session-file /Users/oculus/Library/Developer/Xcode/DerivedData/ModuleCache.noindex/Session.modulevalidation -Xcc -fmodules-prune-interval\=86400 -Xcc -fmodules-prune-after\=345600 -emit-const-values -const-gather-protocols-list /Users/oculus/Library/Developer/Xcode/DerivedData/Godstone-amgfvuzikbdlwwbsulbruyunrsbz/Build/Intermediates.noindex/Godstone.build/LightDebug-iphonesimulator/Godstone.build/Objects-normal/arm64/Godstone_const_extract_protocols.json -Xcc -iquote -Xcc /Users/oculus/Library/Developer/Xcode/DerivedData/Godstone-amgfvuzikbdlwwbsulbruyunrsbz/Build/Intermediates.noindex/Godstone.build/LightDebug-iphonesimulator/Godstone.build/Godstone-generated-files.hmap -Xcc -I/Users/oculus/Library/Developer/Xcode/DerivedData/Godstone-amgfvuzikbdlwwbsulbruyunrsbz/Build/Intermediates.noindex/Godstone.build/LightDebug-iphonesimulator/Godstone.build/Godstone-own-target-headers.hmap -Xcc -I/Users/oculus/Library/Developer/Xcode/DerivedData/Godstone-amgfvuzikbdlwwbsulbruyunrsbz/Build/Intermediates.noindex/Godstone.build/LightDebug-iphonesimulator/Godstone.build/Godstone-all-non-framework-target-headers.hmap -Xcc -ivfsoverlay -Xcc /Users/oculus/Library/Developer/Xcode/DerivedData/Godstone-amgfvuzikbdlwwbsulbruyunrsbz/Build/Intermediates.noindex/Godstone.build/LightDebug-iphonesimulator/Godstone-4fea8a13e8e9aefd7e747d7a3bbbcde9-VFS-iphonesimulator/all-product-headers.yaml -Xcc -iquote -Xcc /Users/oculus/Library/Developer/Xcode/DerivedData/Godstone-amgfvuzikbdlwwbsulbruyunrsbz/Build/Intermediates.noindex/Godstone.build/LightDebug-iphonesimulator/Godstone.build/Godstone-project-headers.hmap -Xcc -I/Users/oculus/Library/Developer/Xcode/DerivedData/Godstone-amgfvuzikbdlwwbsulbruyunrsbz/Build/Products/LightDebug-iphonesimulator/include -Xcc -I/Users/oculus/Library/Developer/Xcode/DerivedData/Godstone-amgfvuzikbdlwwbsulbruyunrsbz/Build/Intermediates.noindex/Godstone.build/LightDebug-iphonesimulator/Godstone.build/DerivedSources-normal/arm64 -Xcc -I/Users/oculus/Library/Developer/Xcode/DerivedData/Godstone-amgfvuzikbdlwwbsulbruyunrsbz/Build/Intermediates.noindex/Godstone.build/LightDebug-iphonesimulator/Godstone.build/DerivedSources/arm64 -Xcc -I/Users/oculus/Library/Developer/Xcode/DerivedData/Godstone-amgfvuzikbdlwwbsulbruyunrsbz/Build/Intermediates.noindex/Godstone.build/LightDebug-iphonesimulator/Godstone.build/DerivedSources -Xcc -DDEBUG\=1 -emit-objc-header -emit-objc-header-path /Users/oculus/Library/Developer/Xcode/DerivedData/Godstone-amgfvuzikbdlwwbsulbruyunrsbz/Build/Intermediates.noindex/Godstone.build/LightDebug-iphonesimulator/Godstone.build/Objects-normal/arm64/Godstone-Swift.h -working-directory /tmp/godstone-board1-rc15-full-4f84d0b6/wt_ARCHIVE-PROV-007/ios -experimental-emit-module-separately -disable-cmo

ProcessInfoPlistFile /Users/oculus/Library/Developer/Xcode/DerivedData/Godstone-amgfvuzikbdlwwbsulbruyunrsbz/Build/Products/LightDebug-iphonesimulator/Godstone.app/Info.plist /tmp/godstone-board1-rc15-full-4f84d0b6/wt_ARCHIVE-PROV-007/ios/Godstone/Info.plist (in target 'Godstone' from project 'Godstone')
    cd /tmp/godstone-board1-rc15-full-4f84d0b6/wt_ARCHIVE-PROV-007/ios
    builtin-infoPlistUtility /tmp/godstone-board1-rc15-full-4f84d0b6/wt_ARCHIVE-PROV-007/ios/Godstone/Info.plist -producttype com.apple.product-type.application -genpkginfo /Users/oculus/Library/Developer/Xcode/DerivedData/Godstone-amgfvuzikbdlwwbsulbruyunrsbz/Build/Products/LightDebug-iphonesimulator/Godstone.app/PkgInfo -expandbuildsettings -format binary -platform iphonesimulator -o /Users/oculus/Library/Developer/Xcode/DerivedData/Godstone-amgfvuzikbdlwwbsulbruyunrsbz/Build/Products/LightDebug-iphonesimulator/Godstone.app/Info.plist

SwiftEmitModule normal arm64 Emitting\ module\ for\ Godstone (in target 'Godstone' from project 'Godstone')

SwiftCompile normal arm64 (in target 'Godstone' from project 'Godstone')
    cd /tmp/godstone-board1-rc15-full-4f84d0b6/wt_ARCHIVE-PROV-007/ios
    

SwiftCompile normal arm64 Compiling\ ArchiveView.swift /tmp/godstone-board1-rc15-full-4f84d0b6/wt_ARCHIVE-PROV-007/ios/Godstone/Sources/App/ArchiveView.swift (in target 'Godstone' from project 'Godstone')

SwiftCompile normal arm64 /tmp/godstone-board1-rc15-full-4f84d0b6/wt_ARCHIVE-PROV-007/ios/Godstone/Sources/App/ArchiveView.swift (in target 'Godstone' from project 'Godstone')
    cd /tmp/godstone-board1-rc15-full-4f84d0b6/wt_ARCHIVE-PROV-007/ios
    builtin-SwiftPerFileCompile ArchiveView.swift

SwiftDriverJobDiscovery normal arm64 Emitting module for Godstone (in target 'Godstone' from project 'Godstone')

SwiftDriver\ Compilation\ Requirements Godstone normal arm64 com.apple.xcode.tools.swift.compiler (in target 'Godstone' from project 'Godstone')
    cd /tmp/godstone-board1-rc15-full-4f84d0b6/wt_ARCHIVE-PROV-007/ios
    builtin-Swift-Compilation-Requirements -- /Applications/Xcode.app/Contents/Developer/Toolchains/XcodeDefault.xctoolchain/usr/bin/swiftc -module-name Godstone -Onone @/Users/oculus/Library/Developer/Xcode/DerivedData/Godstone-amgfvuzikbdlwwbsulbruyunrsbz/Build/Intermediates.noindex/Godstone.build/LightDebug-iphonesimulator/Godstone.build/Objects-normal/arm64/Godstone.SwiftFileList -DDEBUG -DARCHIVE_ONLY -enable-bare-slash-regex -enable-experimental-feature DebugDescriptionMacro -sdk /Applications/Xcode.app/Contents/Developer/Platforms/iPhoneSimulator.platform/Developer/SDKs/iPhoneSimulator27.0.sdk -target arm64-apple-ios16.0-simulator -g -module-cache-path /Users/oculus/Library/Developer/Xcode/DerivedData/ModuleCache.noindex -Xfrontend -serialize-debugging-options -enable-testing -index-store-path /Users/oculus/Library/Developer/Xcode/DerivedData/Godstone-amgfvuzikbdlwwbsulbruyunrsbz/Index.noindex/DataStore -Xcc -D_LIBCPP_HARDENING_MODE\=_LIBCPP_HARDENING_MODE_DEBUG -swift-version 5 -I /Users/oculus/Library/Developer/Xcode/DerivedData/Godstone-amgfvuzikbdlwwbsulbruyunrsbz/Build/Products/LightDebug-iphonesimulator -F /Users/oculus/Library/Developer/Xcode/DerivedData/Godstone-amgfvuzikbdlwwbsulbruyunrsbz/Build/Products/LightDebug-iphonesimulator/PackageFrameworks -F /Users/oculus/Library/Developer/Xcode/DerivedData/Godstone-amgfvuzikbdlwwbsulbruyunrsbz/Build/Products/LightDebug-iphonesimulator -c -j10 -enable-batch-mode -incremental -Xcc -ivfsstatcache -Xcc /Users/oculus/Library/Developer/Xcode/DerivedData/SDKStatCaches.noindex/iphonesimulator27.0-24A430-8dc58220667be655e1bcc261a7455254.sdkstatcache -output-file-map /Users/oculus/Library/Developer/Xcode/DerivedData/Godstone-amgfvuzikbdlwwbsulbruyunrsbz/Build/Intermediates.noindex/Godstone.build/LightDebug-iphonesimulator/Godstone.build/Objects-normal/arm64/Godstone-OutputFileMap.json -save-temps -no-color-diagnostics -explicit-module-build -module-cache-path /Users/oculus/Library/Developer/Xcode/DerivedData/Godstone-amgfvuzikbdlwwbsulbruyunrsbz/Build/Intermediates.noindex/SwiftExplicitPrecompiledModules -clang-scanner-module-cache-path /Users/oculus/Library/Developer/Xcode/DerivedData/ModuleCache.noindex -sdk-module-cache-path /Users/oculus/Library/Developer/Xcode/DerivedData/SDKExplicitPrecompiledModules -emit-dependencies -emit-module -emit-module-path /Users/oculus/Library/Developer/Xcode/DerivedData/Godstone-amgfvuzikbdlwwbsulbruyunrsbz/Build/Intermediates.noindex/Godstone.build/LightDebug-iphonesimulator/Godstone.build/Objects-normal/arm64/Godstone.swiftmodule -serialize-diagnostics -dependency-scan-serialize-diagnostics-path /Users/oculus/Library/Developer/Xcode/DerivedData/Godstone-amgfvuzikbdlwwbsulbruyunrsbz/Build/Intermediates.noindex/Godstone.build/LightDebug-iphonesimulator/Godstone.build/Objects-normal/arm64/Godstone-dependency-scan.dia -validate-clang-modules-once -clang-build-session-file /Users/oculus/Library/Developer/Xcode/DerivedData/ModuleCache.noindex/Session.modulevalidation -Xcc -fmodules-prune-interval\=86400 -Xcc -fmodules-prune-after\=345600 -emit-const-values -const-gather-protocols-list /Users/oculus/Library/Developer/Xcode/DerivedData/Godstone-amgfvuzikbdlwwbsulbruyunrsbz/Build/Intermediates.noindex/Godstone.build/LightDebug-iphonesimulator/Godstone.build/Objects-normal/arm64/Godstone_const_extract_protocols.json -Xcc -iquote -Xcc /Users/oculus/Library/Developer/Xcode/DerivedData/Godstone-amgfvuzikbdlwwbsulbruyunrsbz/Build/Intermediates.noindex/Godstone.build/LightDebug-iphonesimulator/Godstone.build/Godstone-generated-files.hmap -Xcc -I/Users/oculus/Library/Developer/Xcode/DerivedData/Godstone-amgfvuzikbdlwwbsulbruyunrsbz/Build/Intermediates.noindex/Godstone.build/LightDebug-iphonesimulator/Godstone.build/Godstone-own-target-headers.hmap -Xcc -I/Users/oculus/Library/Developer/Xcode/DerivedData/Godstone-amgfvuzikbdlwwbsulbruyunrsbz/Build/Intermediates.noindex/Godstone.build/LightDebug-iphonesimulator/Godstone.build/Godstone-all-non-framework-target-headers.hmap -Xcc -ivfsoverlay -Xcc /Users/oculus/Library/Developer/Xcode/DerivedData/Godstone-amgfvuzikbdlwwbsulbruyunrsbz/Build/Intermediates.noindex/Godstone.build/LightDebug-iphonesimulator/Godstone-4fea8a13e8e9aefd7e747d7a3bbbcde9-VFS-iphonesimulator/all-product-headers.yaml -Xcc -iquote -Xcc /Users/oculus/Library/Developer/Xcode/DerivedData/Godstone-amgfvuzikbdlwwbsulbruyunrsbz/Build/Intermediates.noindex/Godstone.build/LightDebug-iphonesimulator/Godstone.build/Godstone-project-headers.hmap -Xcc -I/Users/oculus/Library/Developer/Xcode/DerivedData/Godstone-amgfvuzikbdlwwbsulbruyunrsbz/Build/Products/LightDebug-iphonesimulator/include -Xcc -I/Users/oculus/Library/Developer/Xcode/DerivedData/Godstone-amgfvuzikbdlwwbsulbruyunrsbz/Build/Intermediates.noindex/Godstone.build/LightDebug-iphonesimulator/Godstone.build/DerivedSources-normal/arm64 -Xcc -I/Users/oculus/Library/Developer/Xcode/DerivedData/Godstone-amgfvuzikbdlwwbsulbruyunrsbz/Build/Intermediates.noindex/Godstone.build/LightDebug-iphonesimulator/Godstone.build/DerivedSources/arm64 -Xcc -I/Users/oculus/Library/Developer/Xcode/DerivedData/Godstone-amgfvuzikbdlwwbsulbruyunrsbz/Build/Intermediates.noindex/Godstone.build/LightDebug-iphonesimulator/Godstone.build/DerivedSources -Xcc -DDEBUG\=1 -emit-objc-header -emit-objc-header-path /Users/oculus/Library/Developer/Xcode/DerivedData/Godstone-amgfvuzikbdlwwbsulbruyunrsbz/Build/Intermediates.noindex/Godstone.build/LightDebug-iphonesimulator/Godstone.build/Objects-normal/arm64/Godstone-Swift.h -working-directory /tmp/godstone-board1-rc15-full-4f84d0b6/wt_ARCHIVE-PROV-007/ios -experimental-emit-module-separately -disable-cmo

Copy /Users/oculus/Library/Developer/Xcode/DerivedData/Godstone-amgfvuzikbdlwwbsulbruyunrsbz/Build/Products/LightDebug-iphonesimulator/Godstone.swiftmodule/Project/arm64-apple-ios-simulator.swiftsourceinfo /Users/oculus/Library/Developer/Xcode/DerivedData/Godstone-amgfvuzikbdlwwbsulbruyunrsbz/Build/Intermediates.noindex/Godstone.build/LightDebug-iphonesimulator/Godstone.build/Objects-normal/arm64/Godstone.swiftsourceinfo (in target 'Godstone' from project 'Godstone')
    cd /tmp/godstone-board1-rc15-full-4f84d0b6/wt_ARCHIVE-PROV-007/ios
    builtin-copy -exclude .DS_Store -exclude CVS -exclude .svn -exclude .git -exclude .hg -resolve-src-symlinks -rename /Users/oculus/Library/Developer/Xcode/DerivedData/Godstone-amgfvuzikbdlwwbsulbruyunrsbz/Build/Intermediates.noindex/Godstone.build/LightDebug-iphonesimulator/Godstone.build/Objects-normal/arm64/Godstone.swiftsourceinfo /Users/oculus/Library/Developer/Xcode/DerivedData/Godstone-amgfvuzikbdlwwbsulbruyunrsbz/Build/Products/LightDebug-iphonesimulator/Godstone.swiftmodule/Project/arm64-apple-ios-simulator.swiftsourceinfo

Copy /Users/oculus/Library/Developer/Xcode/DerivedData/Godstone-amgfvuzikbdlwwbsulbruyunrsbz/Build/Products/LightDebug-iphonesimulator/Godstone.swiftmodule/arm64-apple-ios-simulator.abi.json /Users/oculus/Library/Developer/Xcode/DerivedData/Godstone-amgfvuzikbdlwwbsulbruyunrsbz/Build/Intermediates.noindex/Godstone.build/LightDebug-iphonesimulator/Godstone.build/Objects-normal/arm64/Godstone.abi.json (in target 'Godstone' from project 'Godstone')
    cd /tmp/godstone-board1-rc15-full-4f84d0b6/wt_ARCHIVE-PROV-007/ios
    builtin-copy -exclude .DS_Store -exclude CVS -exclude .svn -exclude .git -exclude .hg -resolve-src-symlinks -rename /Users/oculus/Library/Developer/Xcode/DerivedData/Godstone-amgfvuzikbdlwwbsulbruyunrsbz/Build/Intermediates.noindex/Godstone.build/LightDebug-iphonesimulator/Godstone.build/Objects-normal/arm64/Godstone.abi.json /Users/oculus/Library/Developer/Xcode/DerivedData/Godstone-amgfvuzikbdlwwbsulbruyunrsbz/Build/Products/LightDebug-iphonesimulator/Godstone.swiftmodule/arm64-apple-ios-simulator.abi.json

SwiftDriverJobDiscovery normal arm64 Compiling ArchiveView.swift (in target 'Godstone' from project 'Godstone')

SwiftDriver\ Compilation Godstone normal arm64 com.apple.xcode.tools.swift.compiler (in target 'Godstone' from project 'Godstone')
    cd /tmp/godstone-board1-rc15-full-4f84d0b6/wt_ARCHIVE-PROV-007/ios
    builtin-Swift-Compilation -- /Applications/Xcode.app/Contents/Developer/Toolchains/XcodeDefault.xctoolchain/usr/bin/swiftc -module-name Godstone -Onone @/Users/oculus/Library/Developer/Xcode/DerivedData/Godstone-amgfvuzikbdlwwbsulbruyunrsbz/Build/Intermediates.noindex/Godstone.build/LightDebug-iphonesimulator/Godstone.build/Objects-normal/arm64/Godstone.SwiftFileList -DDEBUG -DARCHIVE_ONLY -enable-bare-slash-regex -enable-experimental-feature DebugDescriptionMacro -sdk /Applications/Xcode.app/Contents/Developer/Platforms/iPhoneSimulator.platform/Developer/SDKs/iPhoneSimulator27.0.sdk -target arm64-apple-ios16.0-simulator -g -module-cache-path /Users/oculus/Library/Developer/Xcode/DerivedData/ModuleCache.noindex -Xfrontend -serialize-debugging-options -enable-testing -index-store-path /Users/oculus/Library/Developer/Xcode/DerivedData/Godstone-amgfvuzikbdlwwbsulbruyunrsbz/Index.noindex/DataStore -Xcc -D_LIBCPP_HARDENING_MODE\=_LIBCPP_HARDENING_MODE_DEBUG -swift-version 5 -I /Users/oculus/Library/Developer/Xcode/DerivedData/Godstone-amgfvuzikbdlwwbsulbruyunrsbz/Build/Products/LightDebug-iphonesimulator -F /Users/oculus/Library/Developer/Xcode/DerivedData/Godstone-amgfvuzikbdlwwbsulbruyunrsbz/Build/Products/LightDebug-iphonesimulator/PackageFrameworks -F /Users/oculus/Library/Developer/Xcode/DerivedData/Godstone-amgfvuzikbdlwwbsulbruyunrsbz/Build/Products/LightDebug-iphonesimulator -c -j10 -enable-batch-mode -incremental -Xcc -ivfsstatcache -Xcc /Users/oculus/Library/Developer/Xcode/DerivedData/SDKStatCaches.noindex/iphonesimulator27.0-24A430-8dc58220667be655e1bcc261a7455254.sdkstatcache -output-file-map /Users/oculus/Library/Developer/Xcode/DerivedData/Godstone-amgfvuzikbdlwwbsulbruyunrsbz/Build/Intermediates.noindex/Godstone.build/LightDebug-iphonesimulator/Godstone.build/Objects-normal/arm64/Godstone-OutputFileMap.json -save-temps -no-color-diagnostics -explicit-module-build -module-cache-path /Users/oculus/Library/Developer/Xcode/DerivedData/Godstone-amgfvuzikbdlwwbsulbruyunrsbz/Build/Intermediates.noindex/SwiftExplicitPrecompiledModules -clang-scanner-module-cache-path /Users/oculus/Library/Developer/Xcode/DerivedData/ModuleCache.noindex -sdk-module-cache-path /Users/oculus/Library/Developer/Xcode/DerivedData/SDKExplicitPrecompiledModules -emit-dependencies -emit-module -emit-module-path /Users/oculus/Library/Developer/Xcode/DerivedData/Godstone-amgfvuzikbdlwwbsulbruyunrsbz/Build/Intermediates.noindex/Godstone.build/LightDebug-iphonesimulator/Godstone.build/Objects-normal/arm64/Godstone.swiftmodule -serialize-diagnostics -dependency-scan-serialize-diagnostics-path /Users/oculus/Library/Developer/Xcode/DerivedData/Godstone-amgfvuzikbdlwwbsulbruyunrsbz/Build/Intermediates.noindex/Godstone.build/LightDebug-iphonesimulator/Godstone.build/Objects-normal/arm64/Godstone-dependency-scan.dia -validate-clang-modules-once -clang-build-session-file /Users/oculus/Library/Developer/Xcode/DerivedData/ModuleCache.noindex/Session.modulevalidation -Xcc -fmodules-prune-interval\=86400 -Xcc -fmodules-prune-after\=345600 -emit-const-values -const-gather-protocols-list /Users/oculus/Library/Developer/Xcode/DerivedData/Godstone-amgfvuzikbdlwwbsulbruyunrsbz/Build/Intermediates.noindex/Godstone.build/LightDebug-iphonesimulator/Godstone.build/Objects-normal/arm64/Godstone_const_extract_protocols.json -Xcc -iquote -Xcc /Users/oculus/Library/Developer/Xcode/DerivedData/Godstone-amgfvuzikbdlwwbsulbruyunrsbz/Build/Intermediates.noindex/Godstone.build/LightDebug-iphonesimulator/Godstone.build/Godstone-generated-files.hmap -Xcc -I/Users/oculus/Library/Developer/Xcode/DerivedData/Godstone-amgfvuzikbdlwwbsulbruyunrsbz/Build/Intermediates.noindex/Godstone.build/LightDebug-iphonesimulator/Godstone.build/Godstone-own-target-headers.hmap -Xcc -I/Users/oculus/Library/Developer/Xcode/DerivedData/Godstone-amgfvuzikbdlwwbsulbruyunrsbz/Build/Intermediates.noindex/Godstone.build/LightDebug-iphonesimulator/Godstone.build/Godstone-all-non-framework-target-headers.hmap -Xcc -ivfsoverlay -Xcc /Users/oculus/Library/Developer/Xcode/DerivedData/Godstone-amgfvuzikbdlwwbsulbruyunrsbz/Build/Intermediates.noindex/Godstone.build/LightDebug-iphonesimulator/Godstone-4fea8a13e8e9aefd7e747d7a3bbbcde9-VFS-iphonesimulator/all-product-headers.yaml -Xcc -iquote -Xcc /Users/oculus/Library/Developer/Xcode/DerivedData/Godstone-amgfvuzikbdlwwbsulbruyunrsbz/Build/Intermediates.noindex/Godstone.build/LightDebug-iphonesimulator/Godstone.build/Godstone-project-headers.hmap -Xcc -I/Users/oculus/Library/Developer/Xcode/DerivedData/Godstone-amgfvuzikbdlwwbsulbruyunrsbz/Build/Products/LightDebug-iphonesimulator/include -Xcc -I/Users/oculus/Library/Developer/Xcode/DerivedData/Godstone-amgfvuzikbdlwwbsulbruyunrsbz/Build/Intermediates.noindex/Godstone.build/LightDebug-iphonesimulator/Godstone.build/DerivedSources-normal/arm64 -Xcc -I/Users/oculus/Library/Developer/Xcode/DerivedData/Godstone-amgfvuzikbdlwwbsulbruyunrsbz/Build/Intermediates.noindex/Godstone.build/LightDebug-iphonesimulator/Godstone.build/DerivedSources/arm64 -Xcc -I/Users/oculus/Library/Developer/Xcode/DerivedData/Godstone-amgfvuzikbdlwwbsulbruyunrsbz/Build/Intermediates.noindex/Godstone.build/LightDebug-iphonesimulator/Godstone.build/DerivedSources -Xcc -DDEBUG\=1 -emit-objc-header -emit-objc-header-path /Users/oculus/Library/Developer/Xcode/DerivedData/Godstone-amgfvuzikbdlwwbsulbruyunrsbz/Build/Intermediates.noindex/Godstone.build/LightDebug-iphonesimulator/Godstone.build/Objects-normal/arm64/Godstone-Swift.h -working-directory /tmp/godstone-board1-rc15-full-4f84d0b6/wt_ARCHIVE-PROV-007/ios -experimental-emit-module-separately -disable-cmo

Ld /Users/oculus/Library/Developer/Xcode/DerivedData/Godstone-amgfvuzikbdlwwbsulbruyunrsbz/Build/Products/LightDebug-iphonesimulator/Godstone.app/Godstone.debug.dylib normal (in target 'Godstone' from project 'Godstone')
    cd /tmp/godstone-board1-rc15-full-4f84d0b6/wt_ARCHIVE-PROV-007/ios
    /Applications/Xcode.app/Contents/Developer/Toolchains/XcodeDefault.xctoolchain/usr/bin/clang -Xlinker -reproducible -target arm64-apple-ios16.0-simulator -dynamiclib -isysroot /Applications/Xcode.app/Contents/Developer/Platforms/iPhoneSimulator.platform/Developer/SDKs/iPhoneSimulator27.0.sdk -O0 -Xlinker -no_warn_duplicate_libraries -L/Users/oculus/Library/Developer/Xcode/DerivedData/Godstone-amgfvuzikbdlwwbsulbruyunrsbz/Build/Intermediates.noindex/EagerLinkingTBDs/LightDebug-iphonesimulator -L/Users/oculus/Library/Developer/Xcode/DerivedData/Godstone-amgfvuzikbdlwwbsulbruyunrsbz/Build/Products/LightDebug-iphonesimulator -F/Users/oculus/Library/Developer/Xcode/DerivedData/Godstone-amgfvuzikbdlwwbsulbruyunrsbz/Build/Intermediates.noindex/EagerLinkingTBDs/LightDebug-iphonesimulator -F/Users/oculus/Library/Developer/Xcode/DerivedData/Godstone-amgfvuzikbdlwwbsulbruyunrsbz/Build/Products/LightDebug-iphonesimulator/PackageFrameworks -F/Users/oculus/Library/Developer/Xcode/DerivedData/Godstone-amgfvuzikbdlwwbsulbruyunrsbz/Build/Products/LightDebug-iphonesimulator -filelist /Users/oculus/Library/Developer/Xcode/DerivedData/Godstone-amgfvuzikbdlwwbsulbruyunrsbz/Build/Intermediates.noindex/Godstone.build/LightDebug-iphonesimulator/Godstone.build/Objects-normal/arm64/Godstone.LinkFileList -install_name @rpath/Godstone.debug.dylib -Xlinker -rpath -Xlinker /usr/lib/swift -Xlinker -rpath -Xlinker @executable_path/Frameworks -Xlinker -dead_strip -Xlinker -object_path_lto -Xlinker /Users/oculus/Library/Developer/Xcode/DerivedData/Godstone-amgfvuzikbdlwwbsulbruyunrsbz/Build/Intermediates.noindex/Godstone.build/LightDebug-iphonesimulator/Godstone.build/Objects-normal/arm64/Godstone_lto.o -rdynamic -Xlinker -no_deduplicate -Xlinker -objc_abi_version -Xlinker 2 -Xlinker -dependency_info -Xlinker /Users/oculus/Library/Developer/Xcode/DerivedData/Godstone-amgfvuzikbdlwwbsulbruyunrsbz/Build/Intermediates.noindex/Godstone.build/LightDebug-iphonesimulator/Godstone.build/Objects-normal/arm64/Godstone_dependency_info.dat -fobjc-link-runtime -L/Applications/Xcode.app/Contents/Developer/Toolchains/XcodeDefault.xctoolchain/usr/lib/swift/iphonesimulator -L/usr/lib/swift -Xlinker -add_ast_path -Xlinker /Users/oculus/Library/Developer/Xcode/DerivedData/Godstone-amgfvuzikbdlwwbsulbruyunrsbz/Build/Intermediates.noindex/Godstone.build/LightDebug-iphonesimulator/Godstone.build/Objects-normal/arm64/Godstone.swiftmodule -Xlinker -alias -Xlinker _main -Xlinker ___debug_main_executable_dylib_entry_point -o /Users/oculus/Library/Developer/Xcode/DerivedData/Godstone-amgfvuzikbdlwwbsulbruyunrsbz/Build/Products/LightDebug-iphonesimulator/Godstone.app/Godstone.debug.dylib

ConstructStubExecutorLinkFileList /Users/oculus/Library/Developer/Xcode/DerivedData/Godstone-amgfvuzikbdlwwbsulbruyunrsbz/Build/Intermediates.noindex/Godstone.build/LightDebug-iphonesimulator/Godstone.build/Godstone-ExecutorLinkFileList-normal-arm64.txt (in target 'Godstone' from project 'Godstone')
    cd /tmp/godstone-board1-rc15-full-4f84d0b6/wt_ARCHIVE-PROV-007/ios
    construct-stub-executor-link-file-list /Users/oculus/Library/Developer/Xcode/DerivedData/Godstone-amgfvuzikbdlwwbsulbruyunrsbz/Build/Products/LightDebug-iphonesimulator/Godstone.app/Godstone.debug.dylib /Applications/Xcode.app/Contents/Developer/Platforms/iPhoneSimulator.platform/Developer/usr/lib/libPreviewsJITStubExecutor_no_swift_entry_point.a /Applications/Xcode.app/Contents/Developer/Platforms/iPhoneSimulator.platform/Developer/usr/lib/libPreviewsJITStubExecutor.a --output /Users/oculus/Library/Developer/Xcode/DerivedData/Godstone-amgfvuzikbdlwwbsulbruyunrsbz/Build/Intermediates.noindex/Godstone.build/LightDebug-iphonesimulator/Godstone.build/Godstone-ExecutorLinkFileList-normal-arm64.txt
note: Using stub executor library with Swift entry point. (in target 'Godstone' from project 'Godstone')

Ld /Users/oculus/Library/Developer/Xcode/DerivedData/Godstone-amgfvuzikbdlwwbsulbruyunrsbz/Build/Products/LightDebug-iphonesimulator/Godstone.app/Godstone normal (in target 'Godstone' from project 'Godstone')
    cd /tmp/godstone-board1-rc15-full-4f84d0b6/wt_ARCHIVE-PROV-007/ios
    /Applications/Xcode.app/Contents/Developer/Toolchains/XcodeDefault.xctoolchain/usr/bin/clang -Xlinker -reproducible -target arm64-apple-ios16.0-simulator -isysroot /Applications/Xcode.app/Contents/Developer/Platforms/iPhoneSimulator.platform/Developer/SDKs/iPhoneSimulator27.0.sdk -O0 -Xlinker -no_warn_duplicate_libraries -L/Users/oculus/Library/Developer/Xcode/DerivedData/Godstone-amgfvuzikbdlwwbsulbruyunrsbz/Build/Products/LightDebug-iphonesimulator -F/Users/oculus/Library/Developer/Xcode/DerivedData/Godstone-amgfvuzikbdlwwbsulbruyunrsbz/Build/Products/LightDebug-iphonesimulator/PackageFrameworks -F/Users/oculus/Library/Developer/Xcode/DerivedData/Godstone-amgfvuzikbdlwwbsulbruyunrsbz/Build/Products/LightDebug-iphonesimulator -Xlinker -rpath -Xlinker @executable_path -Xlinker -rpath -Xlinker @executable_path/Frameworks -rdynamic -Xlinker -no_deduplicate -Xlinker -objc_abi_version -Xlinker 2 -e ___debug_blank_executor_main -Xlinker -sectcreate -Xlinker __TEXT -Xlinker __debug_dylib -Xlinker /Users/oculus/Library/Developer/Xcode/DerivedData/Godstone-amgfvuzikbdlwwbsulbruyunrsbz/Build/Intermediates.noindex/Godstone.build/LightDebug-iphonesimulator/Godstone.build/Godstone-DebugDylibPath-normal-arm64.txt -Xlinker -sectcreate -Xlinker __TEXT -Xlinker __debug_instlnm -Xlinker /Users/oculus/Library/Developer/Xcode/DerivedData/Godstone-amgfvuzikbdlwwbsulbruyunrsbz/Build/Intermediates.noindex/Godstone.build/LightDebug-iphonesimulator/Godstone.build/Godstone-DebugDylibInstallName-normal-arm64.txt -Xlinker -filelist -Xlinker /Users/oculus/Library/Developer/Xcode/DerivedData/Godstone-amgfvuzikbdlwwbsulbruyunrsbz/Build/Intermediates.noindex/Godstone.build/LightDebug-iphonesimulator/Godstone.build/Godstone-ExecutorLinkFileList-normal-arm64.txt /Users/oculus/Library/Developer/Xcode/DerivedData/Godstone-amgfvuzikbdlwwbsulbruyunrsbz/Build/Products/LightDebug-iphonesimulator/Godstone.app/Godstone.debug.dylib -o /Users/oculus/Library/Developer/Xcode/DerivedData/Godstone-amgfvuzikbdlwwbsulbruyunrsbz/Build/Products/LightDebug-iphonesimulator/Godstone.app/Godstone

ExtractAppIntentsMetadata (in target 'Godstone' from project 'Godstone')
    cd /tmp/godstone-board1-rc15-full-4f84d0b6/wt_ARCHIVE-PROV-007/ios
    /Applications/Xcode.app/Contents/Developer/Toolchains/XcodeDefault.xctoolchain/usr/bin/appintentsmetadataprocessor --toolchain-dir /Applications/Xcode.app/Contents/Developer/Toolchains/XcodeDefault.xctoolchain --module-name Godstone --sdk-root /Applications/Xcode.app/Contents/Developer/Platforms/iPhoneSimulator.platform/Developer/SDKs/iPhoneSimulator27.0.sdk --xcode-version 27A266a --platform-family iOS --deployment-target 16.0 --bundle-identifier io.godstone.app --output /Users/oculus/Library/Developer/Xcode/DerivedData/Godstone-amgfvuzikbdlwwbsulbruyunrsbz/Build/Products/LightDebug-iphonesimulator/Godstone.app --target-triple arm64-apple-ios16.0-simulator --binary-file /Users/oculus/Library/Developer/Xcode/DerivedData/Godstone-amgfvuzikbdlwwbsulbruyunrsbz/Build/Products/LightDebug-iphonesimulator/Godstone.app/Godstone --dependency-file /Users/oculus/Library/Developer/Xcode/DerivedData/Godstone-amgfvuzikbdlwwbsulbruyunrsbz/Build/Intermediates.noindex/Godstone.build/LightDebug-iphonesimulator/Godstone.build/Objects-normal/arm64/Godstone_dependency_info.dat --stringsdata-file /Users/oculus/Library/Developer/Xcode/DerivedData/Godstone-amgfvuzikbdlwwbsulbruyunrsbz/Build/Intermediates.noindex/Godstone.build/LightDebug-iphonesimulator/Godstone.build/Objects-normal/arm64/ExtractedAppShortcutsMetadata.stringsdata --source-file-list /Users/oculus/Library/Developer/Xcode/DerivedData/Godstone-amgfvuzikbdlwwbsulbruyunrsbz/Build/Intermediates.noindex/Godstone.build/LightDebug-iphonesimulator/Godstone.build/Objects-normal/arm64/Godstone.SwiftFileList --metadata-file-list /Users/oculus/Library/Developer/Xcode/DerivedData/Godstone-amgfvuzikbdlwwbsulbruyunrsbz/Build/Intermediates.noindex/Godstone.build/LightDebug-iphonesimulator/Godstone.build/Godstone.DependencyMetadataFileList --static-metadata-file-list /Users/oculus/Library/Developer/Xcode/DerivedData/Godstone-amgfvuzikbdlwwbsulbruyunrsbz/Build/Intermediates.noindex/Godstone.build/LightDebug-iphonesimulator/Godstone.build/Godstone.DependencyStaticMetadataFileList --swift-const-vals-list /Users/oculus/Library/Developer/Xcode/DerivedData/Godstone-amgfvuzikbdlwwbsulbruyunrsbz/Build/Intermediates.noindex/Godstone.build/LightDebug-iphonesimulator/Godstone.build/Objects-normal/arm64/Godstone.SwiftConstValuesFileList --compile-time-extraction --deployment-aware-processing --no-app-shortcuts-localization
2026-10-04 07:36:00.685 appintentsmetadataprocessor[45965:47267540] Starting appintentsmetadataprocessor export
2026-10-04 07:36:00.688 appintentsmetadataprocessor[45965:47267540] warning: Metadata extraction skipped, no AppIntents.framework dependency found

CopySwiftLibs /Users/oculus/Library/Developer/Xcode/DerivedData/Godstone-amgfvuzikbdlwwbsulbruyunrsbz/Build/Products/LightDebug-iphonesimulator/Godstone.app (in target 'Godstone' from project 'Godstone')
    cd /tmp/godstone-board1-rc15-full-4f84d0b6/wt_ARCHIVE-PROV-007/ios
    builtin-swiftStdLibTool --copy --verbose --scan-executable /Users/oculus/Library/Developer/Xcode/DerivedData/Godstone-amgfvuzikbdlwwbsulbruyunrsbz/Build/Products/LightDebug-iphonesimulator/Godstone.app/Godstone.debug.dylib --scan-folder /Users/oculus/Library/Developer/Xcode/DerivedData/Godstone-amgfvuzikbdlwwbsulbruyunrsbz/Build/Products/LightDebug-iphonesimulator/Godstone.app/Frameworks --scan-folder /Users/oculus/Library/Developer/Xcode/DerivedData/Godstone-amgfvuzikbdlwwbsulbruyunrsbz/Build/Products/LightDebug-iphonesimulator/Godstone.app/PlugIns --scan-folder /Users/oculus/Library/Developer/Xcode/DerivedData/Godstone-amgfvuzikbdlwwbsulbruyunrsbz/Build/Products/LightDebug-iphonesimulator/Godstone.app/SystemExtensions --scan-folder /Users/oculus/Library/Developer/Xcode/DerivedData/Godstone-amgfvuzikbdlwwbsulbruyunrsbz/Build/Products/LightDebug-iphonesimulator/Godstone.app/Extensions --platform iphonesimulator --toolchain /Applications/Xcode.app/Contents/Developer/Toolchains/XcodeDefault.xctoolchain --destination /Users/oculus/Library/Developer/Xcode/DerivedData/Godstone-amgfvuzikbdlwwbsulbruyunrsbz/Build/Products/LightDebug-iphonesimulator/Godstone.app/Frameworks --strip-bitcode --strip-bitcode-tool /Applications/Xcode.app/Contents/Developer/Toolchains/XcodeDefault.xctoolchain/usr/bin/bitcode_strip --emit-dependency-info /Users/oculus/Library/Developer/Xcode/DerivedData/Godstone-amgfvuzikbdlwwbsulbruyunrsbz/Build/Intermediates.noindex/Godstone.build/LightDebug-iphonesimulator/Godstone.build/SwiftStdLibToolInputDependencies.dep --filter-for-swift-os
Ignoring --strip-bitcode because --sign was not passed

ProcessInfoPlistFile /Users/oculus/Library/Developer/Xcode/DerivedData/Godstone-amgfvuzikbdlwwbsulbruyunrsbz/Build/Products/LightDebug-iphonesimulator/GodstoneArchiveUITests-Runner.app/PlugIns/GodstoneArchiveUITests.xctest/Info.plist /Users/oculus/Library/Developer/Xcode/DerivedData/Godstone-amgfvuzikbdlwwbsulbruyunrsbz/Build/Intermediates.noindex/Godstone.build/LightDebug-iphonesimulator/GodstoneArchiveUITests.build/empty-GodstoneArchiveUITests.plist (in target 'GodstoneArchiveUITests' from project 'Godstone')
    cd /tmp/godstone-board1-rc15-full-4f84d0b6/wt_ARCHIVE-PROV-007/ios
    builtin-infoPlistUtility /Users/oculus/Library/Developer/Xcode/DerivedData/Godstone-amgfvuzikbdlwwbsulbruyunrsbz/Build/Intermediates.noindex/Godstone.build/LightDebug-iphonesimulator/GodstoneArchiveUITests.build/empty-GodstoneArchiveUITests.plist -producttype com.apple.product-type.bundle.ui-testing -expandbuildsettings -format binary -platform iphonesimulator -additionalcontentfile /Users/oculus/Library/Developer/Xcode/DerivedData/Godstone-amgfvuzikbdlwwbsulbruyunrsbz/Build/Intermediates.noindex/Godstone.build/LightDebug-iphonesimulator/GodstoneArchiveUITests.build/ProductTypeInfoPlistAdditions.plist -o /Users/oculus/Library/Developer/Xcode/DerivedData/Godstone-amgfvuzikbdlwwbsulbruyunrsbz/Build/Products/LightDebug-iphonesimulator/GodstoneArchiveUITests-Runner.app/PlugIns/GodstoneArchiveUITests.xctest/Info.plist

CpResource /Users/oculus/Library/Developer/Xcode/DerivedData/Godstone-amgfvuzikbdlwwbsulbruyunrsbz/Build/Products/LightDebug-iphonesimulator/GodstoneArchiveUITests-Runner.app/PlugIns/GodstoneArchiveUITests.xctest/archive_light_fault-A598CCB2-04C3-4F66-99D8-9203A71976D9.db /tmp/godstone-board1-rc15-full-4f84d0b6/wt_ARCHIVE-PROV-007/ios/Godstone/Tests/GodstoneArchiveUITests/Fixtures/archive_light_fault-A598CCB2-04C3-4F66-99D8-9203A71976D9.db (in target 'GodstoneArchiveUITests' from project 'Godstone')
    cd /tmp/godstone-board1-rc15-full-4f84d0b6/wt_ARCHIVE-PROV-007/ios
    builtin-copy -exclude .DS_Store -exclude CVS -exclude .svn -exclude .git -exclude .hg -resolve-src-symlinks /tmp/godstone-board1-rc15-full-4f84d0b6/wt_ARCHIVE-PROV-007/ios/Godstone/Tests/GodstoneArchiveUITests/Fixtures/archive_light_fault-A598CCB2-04C3-4F66-99D8-9203A71976D9.db /Users/oculus/Library/Developer/Xcode/DerivedData/Godstone-amgfvuzikbdlwwbsulbruyunrsbz/Build/Products/LightDebug-iphonesimulator/GodstoneArchiveUITests-Runner.app/PlugIns/GodstoneArchiveUITests.xctest

CopySwiftLibs /Users/oculus/Library/Developer/Xcode/DerivedData/Godstone-amgfvuzikbdlwwbsulbruyunrsbz/Build/Products/LightDebug-iphonesimulator/GodstoneArchiveUITests-Runner.app/PlugIns/GodstoneArchiveUITests.xctest (in target 'GodstoneArchiveUITests' from project 'Godstone')
    cd /tmp/godstone-board1-rc15-full-4f84d0b6/wt_ARCHIVE-PROV-007/ios
    builtin-swiftStdLibTool --copy --verbose --scan-executable /Users/oculus/Library/Developer/Xcode/DerivedData/Godstone-amgfvuzikbdlwwbsulbruyunrsbz/Build/Products/LightDebug-iphonesimulator/GodstoneArchiveUITests-Runner.app/PlugIns/GodstoneArchiveUITests.xctest/GodstoneArchiveUITests --scan-folder /Users/oculus/Library/Developer/Xcode/DerivedData/Godstone-amgfvuzikbdlwwbsulbruyunrsbz/Build/Products/LightDebug-iphonesimulator/GodstoneArchiveUITests-Runner.app/PlugIns/GodstoneArchiveUITests.xctest/Frameworks --scan-folder /Users/oculus/Library/Developer/Xcode/DerivedData/Godstone-amgfvuzikbdlwwbsulbruyunrsbz/Build/Products/LightDebug-iphonesimulator/GodstoneArchiveUITests-Runner.app/PlugIns/GodstoneArchiveUITests.xctest/PlugIns --scan-folder /Users/oculus/Library/Developer/Xcode/DerivedData/Godstone-amgfvuzikbdlwwbsulbruyunrsbz/Build/Products/LightDebug-iphonesimulator/GodstoneArchiveUITests-Runner.app/PlugIns/GodstoneArchiveUITests.xctest/SystemExtensions --scan-folder /Users/oculus/Library/Developer/Xcode/DerivedData/Godstone-amgfvuzikbdlwwbsulbruyunrsbz/Build/Products/LightDebug-iphonesimulator/GodstoneArchiveUITests-Runner.app/PlugIns/GodstoneArchiveUITests.xctest/Extensions --platform iphonesimulator --toolchain /Applications/Xcode.app/Contents/Developer/Toolchains/XcodeDefault.xctoolchain --destination /Users/oculus/Library/Developer/Xcode/DerivedData/Godstone-amgfvuzikbdlwwbsulbruyunrsbz/Build/Products/LightDebug-iphonesimulator/GodstoneArchiveUITests-Runner.app/PlugIns/GodstoneArchiveUITests.xctest/Frameworks --strip-bitcode --scan-executable /Applications/Xcode.app/Contents/Developer/Platforms/iPhoneSimulator.platform/Developer/usr/lib/libXCTestSwiftSupport.dylib --strip-bitcode-tool /Applications/Xcode.app/Contents/Developer/Toolchains/XcodeDefault.xctoolchain/usr/bin/bitcode_strip --emit-dependency-info /Users/oculus/Library/Developer/Xcode/DerivedData/Godstone-amgfvuzikbdlwwbsulbruyunrsbz/Build/Intermediates.noindex/Godstone.build/LightDebug-iphonesimulator/GodstoneArchiveUITests.build/SwiftStdLibToolInputDependencies.dep --filter-for-swift-os
Ignoring --strip-bitcode because --sign was not passed

PruneExplicitPrecompiledModules /Users/oculus/Library/Developer/Xcode/DerivedData/SDKExplicitPrecompiledModules

PruneExplicitPrecompiledModules /Users/oculus/Library/Developer/Xcode/DerivedData/Godstone-amgfvuzikbdlwwbsulbruyunrsbz/Build/Intermediates.noindex/SwiftExplicitPrecompiledModules

PruneExplicitPrecompiledModules /Users/oculus/Library/Developer/Xcode/DerivedData/Godstone-amgfvuzikbdlwwbsulbruyunrsbz/Build/Intermediates.noindex/ExplicitPrecompiledModules

2026-10-04 07:36:01.428696+0530 GodstoneArchiveUITests-Runner[45976:47267702] [Default] Running tests...
    t =      nans Interface orientation changed to Portrait
Test Suite 'All tests' started at 2026-10-04 07:36:01.952.
Test Suite 'GodstoneArchiveUITests.xctest' started at 2026-10-04 07:36:01.952.
Test Suite 'GodstoneArchiveUITests' started at 2026-10-04 07:36:01.952.
Test Case '-[GodstoneArchiveUITests.GodstoneArchiveUITests testARCHIVEPROVAMetadataQueryFaultIsToldSanitisedAndEarnethItsRetry]' started.
    t =     0.00s Start Test at 2026-10-04 07:36:01.953
    t =     0.03s Set Up
    t =     0.06s Open io.godstone.app
    t =     0.06s     Launch io.godstone.app
2026-10-04 07:36:02.059 xcodebuild[45939:47267303] [MT] IDELaunchParametersSnapshot: debugger version lookup failed for path '<nil>': noURL
2026-10-04 07:36:02.059 xcodebuild[45939:47267303] [MT] IDELaunchParametersSnapshot: no debugger version
Resolve Package Graph

    t =     0.52s         Setting up automation session
objc[45976]: Class UIAccessibilityLoaderWebShared is implemented in both /Library/Developer/CoreSimulator/Volumes/iOS_23F77/Library/Developer/CoreSimulator/Profiles/Runtimes/iOS 26.5.simruntime/Contents/Resources/RuntimeRoot/System/Library/AccessibilityBundles/WebCore.axbundle/WebCore (0x107254310) and /Library/Developer/CoreSimulator/Volumes/iOS_23F77/Library/Developer/CoreSimulator/Profiles/Runtimes/iOS 26.5.simruntime/Contents/Resources/RuntimeRoot/System/Library/AccessibilityBundles/WebKit.axbundle/WebKit (0x105e7c398). This may cause spurious casting failures and mysterious crashes. One of the duplicates must be removed or renamed.
    t =     1.09s         Wait for io.godstone.app to idle
    t =     2.43s Checking existence of `SearchField (First Match)`
    t =     2.49s Waiting 20.0s for Button (First Match) to exist
    t =     3.56s     Checking `Expect predicate `existsNoRetry == 1` for object Button (First Match)`
    t =     3.56s         Checking existence of `Button (First Match)`
    t =     3.59s Tap Button (First Match)
    t =     3.59s     Wait for io.godstone.app to idle
    t =     3.59s     Find the Button (First Match)
    t =     3.61s     Check for interrupting elements affecting "archive.document.1" Button
    t =     3.63s     Synthesize event
    t =     3.92s     Wait for io.godstone.app to idle
    t =     4.77s Waiting 20.0s for "archive.provenance.error" StaticText to exist
    t =     5.84s     Checking `Expect predicate `existsNoRetry == 1` for object "archive.provenance.error" StaticText`
    t =     5.84s         Checking existence of `"archive.provenance.error" StaticText`
    t =     5.90s Find the "archive.provenance.error" StaticText
    t =     5.91s Waiting 20.0s for StaticText (First Match) to exist
    t =     6.99s     Checking `Expect predicate `existsNoRetry == 1` for object StaticText (First Match)`
    t =     6.99s         Checking existence of `StaticText (First Match)`
    t =     7.03s Checking existence of `"Document is empty" StaticText`
    t =     7.05s Waiting 10.0s for "archive.provenance.retry" Button to exist
    t =     8.12s     Checking `Expect predicate `existsNoRetry == 1` for object "archive.provenance.retry" Button`
    t =     8.12s         Checking existence of `"archive.provenance.retry" Button`
    t =     8.15s Tap "archive.provenance.retry" Button
    t =     8.15s     Wait for io.godstone.app to idle
    t =     8.15s     Find the "archive.provenance.retry" Button
    t =     8.16s     Check for interrupting elements affecting "archive.provenance.retry" Button
    t =     8.18s     Synthesize event
    t =     8.47s     Wait for io.godstone.app to idle
    t =     8.48s Waiting 20.0s for StaticText (First Match) to exist
    t =     9.54s     Checking `Expect predicate `existsNoRetry == 1` for object StaticText (First Match)`
    t =     9.54s         Checking existence of `StaticText (First Match)`
    t =     9.58s Checking existence of `ActivityIndicator (First Match)`
    t =     9.60s Tear Down
Test Case '-[GodstoneArchiveUITests.GodstoneArchiveUITests testARCHIVEPROVAMetadataQueryFaultIsToldSanitisedAndEarnethItsRetry]' passed (9.837 seconds).
Test Case '-[GodstoneArchiveUITests.GodstoneArchiveUITests testARCHIVEPROVAresolvedCitationIsNeverToldAsAWoe]' started.
    t =     0.00s Start Test at 2026-10-04 07:36:11.791
    t =     0.03s Set Up
    t =     0.08s Open io.godstone.app
    t =     0.08s     Launch io.godstone.app
    t =     0.08s         Terminate io.godstone.app:45981
Resolve Package Graph

2026-10-04 07:36:12.949 xcodebuild[45939:47267303] [MT] IDELaunchParametersSnapshot: debugger version lookup failed for path '<nil>': noURL
2026-10-04 07:36:12.949 xcodebuild[45939:47267303] [MT] IDELaunchParametersSnapshot: no debugger version
    t =     1.37s         Setting up automation session
    t =     1.95s         Wait for io.godstone.app to idle
    t =     3.26s Checking existence of `SearchField (First Match)`
    t =     3.30s Waiting 20.0s for Button (First Match) to exist
    t =     4.36s     Checking `Expect predicate `existsNoRetry == 1` for object Button (First Match)`
    t =     4.37s         Checking existence of `Button (First Match)`
    t =     4.41s Tap Button (First Match)
    t =     4.41s     Wait for io.godstone.app to idle
    t =     4.41s     Find the Button (First Match)
    t =     4.43s     Check for interrupting elements affecting "archive.document.1" Button
    t =     4.45s     Synthesize event
    t =     4.73s     Wait for io.godstone.app to idle
    t =     5.59s Waiting 20.0s for StaticText (First Match) to exist
    t =     6.66s     Checking `Expect predicate `existsNoRetry == 1` for object StaticText (First Match)`
    t =     6.67s         Checking existence of `StaticText (First Match)`
    t =     6.71s Waiting 20.0s for "archive.provenance.line" StaticText to exist
    t =     7.78s     Checking `Expect predicate `existsNoRetry == 1` for object "archive.provenance.line" StaticText`
    t =     7.78s         Checking existence of `"archive.provenance.line" StaticText`
    t =     7.83s Checking existence of `"archive.provenance.error" StaticText`
    t =     7.85s Checking existence of `"archive.provenance.retry" Button`
    t =     7.86s Tear Down
Test Case '-[GodstoneArchiveUITests.GodstoneArchiveUITests testARCHIVEPROVAresolvedCitationIsNeverToldAsAWoe]' passed (8.118 seconds).
Test Case '-[GodstoneArchiveUITests.GodstoneArchiveUITests testARCHIVEPROVTheCitationLineRenderethTheDocumentsOwnProvenance]' started.
    t =     0.00s Start Test at 2026-10-04 07:36:19.910
    t =     0.03s Set Up
    t =     0.08s Open io.godstone.app
    t =     0.08s     Launch io.godstone.app
    t =     0.08s         Terminate io.godstone.app:46013
2026-10-04 07:36:21.075 xcodebuild[45939:47267303] [MT] IDELaunchParametersSnapshot: debugger version lookup failed for path '<nil>': noURL
2026-10-04 07:36:21.075 xcodebuild[45939:47267303] [MT] IDELaunchParametersSnapshot: no debugger version
    t =     1.38s         Setting up automation session
    t =     1.94s         Wait for io.godstone.app to idle
    t =     3.25s Checking existence of `SearchField (First Match)`
    t =     3.31s Waiting 20.0s for Button (First Match) to exist
    t =     4.38s     Checking `Expect predicate `existsNoRetry == 1` for object Button (First Match)`
    t =     4.38s         Checking existence of `Button (First Match)`
    t =     4.42s Tap Button (First Match)
    t =     4.42s     Wait for io.godstone.app to idle
    t =     4.42s     Find the Button (First Match)
    t =     4.45s     Check for interrupting elements affecting "archive.document.1" Button
    t =     4.46s     Synthesize event
    t =     4.75s     Wait for io.godstone.app to idle
    t =     5.61s Waiting 20.0s for "archive.provenance.line" StaticText to exist
    t =     6.67s     Checking `Expect predicate `existsNoRetry == 1` for object "archive.provenance.line" StaticText`
    t =     6.67s         Checking existence of `"archive.provenance.line" StaticText`
    t =     6.73s Find the "archive.provenance.line" StaticText
    t =     6.74s Checking existence of `"archive.provenance.error" StaticText`
    t =     6.76s Tear Down
Test Case '-[GodstoneArchiveUITests.GodstoneArchiveUITests testARCHIVEPROVTheCitationLineRenderethTheDocumentsOwnProvenance]' passed (6.982 seconds).
Test Case '-[GodstoneArchiveUITests.GodstoneArchiveUITests testGSA005ANonFirstSearchHitOpensItsOwnDocument]' started.
    t =     0.00s Start Test at 2026-10-04 07:36:26.893
    t =     0.03s Set Up
    t =     0.08s Open io.godstone.app
    t =     0.08s     Launch io.godstone.app
    t =     0.08s         Terminate io.godstone.app:46048
2026-10-04 07:36:28.049 xcodebuild[45939:47267303] [MT] IDELaunchParametersSnapshot: debugger version lookup failed for path '<nil>': noURL
2026-10-04 07:36:28.049 xcodebuild[45939:47267303] [MT] IDELaunchParametersSnapshot: no debugger version
    t =     1.37s         Setting up automation session
    t =     1.96s         Wait for io.godstone.app to idle
    t =     3.26s Checking existence of `SearchField (First Match)`
    t =     3.32s Waiting 20.0s for SearchField (First Match) to exist
    t =     4.39s     Checking `Expect predicate `existsNoRetry == 1` for object SearchField (First Match)`
    t =     4.39s         Checking existence of `SearchField (First Match)`
    t =     4.43s Tap SearchField (First Match)
    t =     4.43s     Wait for io.godstone.app to idle
    t =     4.43s     Find the SearchField (First Match)
    t =     4.46s     Check for interrupting elements affecting "Search every document" SearchField
    t =     4.47s     Synthesize event
    t =     4.76s     Wait for io.godstone.app to idle
    t =     5.64s Waiting 10.0s for Keyboard (First Match) to exist
    t =     6.70s     Checking `Expect predicate `existsNoRetry == 1` for object Keyboard (First Match)`
    t =     6.70s         Checking existence of `Keyboard (First Match)`
    t =     6.73s Type 'bleeding
' into "Search every document" SearchField
    t =     6.73s     Wait for io.godstone.app to idle
    t =     6.73s     Find the "Search every document" SearchField
    t =     6.78s     Check for interrupting elements affecting "Search every document" SearchField
    t =     6.80s     Synthesize event
    t =     7.15s     Wait for io.godstone.app to idle
    t =     7.74s Waiting 20.0s for "archive.search.results" StaticText to exist
    t =     8.80s     Checking `Expect predicate `existsNoRetry == 1` for object "archive.search.results" StaticText`
    t =     8.80s         Checking existence of `"archive.search.results" StaticText`
    t =     8.85s Waiting 20.0s for Button (First Match) to exist
    t =     9.90s     Checking `Expect predicate `existsNoRetry == 1` for object Button (First Match)`
    t =     9.90s         Checking existence of `Button (First Match)`
    t =     9.95s Get number of matches for: Elements matching predicate 'identifier BEGINSWITH "archive.search.hit."'
    t =     9.97s Find the Button (Element at index 1)
    t =     9.99s Tap "archive.search.hit.2" Button
    t =     9.99s     Wait for io.godstone.app to idle
    t =     9.99s     Find the "archive.search.hit.2" Button
    t =    10.01s     Check for interrupting elements affecting "archive.search.hit.2" Button
    t =    10.02s     Synthesize event
    t =    10.31s     Wait for io.godstone.app to idle
    t =    12.18s Waiting 20.0s for NavigationBar (First Match) to exist
    t =    13.23s     Checking `Expect predicate `existsNoRetry == 1` for object NavigationBar (First Match)`
    t =    13.23s         Checking existence of `NavigationBar (First Match)`
    t =    13.25s Find the NavigationBar (First Match)
    t =    13.26s Waiting 20.0s for StaticText (First Match) to exist
    t =    14.32s     Checking `Expect predicate `existsNoRetry == 1` for object StaticText (First Match)`
    t =    14.32s         Checking existence of `StaticText (First Match)`
    t =    14.37s Tear Down
Test Case '-[GodstoneArchiveUITests.GodstoneArchiveUITests testGSA005ANonFirstSearchHitOpensItsOwnDocument]' passed (14.658 seconds).
Test Case '-[GodstoneArchiveUITests.GodstoneArchiveUITests testGSA005AnOpenedDocumentOffersARenderedWayOut]' started.
    t =     0.00s Start Test at 2026-10-04 07:36:41.551
    t =     0.03s Set Up
    t =     0.08s Open io.godstone.app
    t =     0.08s     Launch io.godstone.app
    t =     0.08s         Terminate io.godstone.app:46066
2026-10-04 07:36:42.691 xcodebuild[45939:47267303] [MT] IDELaunchParametersSnapshot: debugger version lookup failed for path '<nil>': noURL
2026-10-04 07:36:42.691 xcodebuild[45939:47267303] [MT] IDELaunchParametersSnapshot: no debugger version
    t =     1.35s         Setting up automation session
    t =     1.97s         Wait for io.godstone.app to idle
    t =     3.28s Checking existence of `SearchField (First Match)`
    t =     3.32s Waiting 20.0s for Any (First Match) to exist
    t =     4.37s     Checking `Expect predicate `existsNoRetry == 1` for object Any (First Match)`
    t =     4.37s         Checking existence of `Any (First Match)`
    t =     4.41s Tap Any (First Match)
    t =     4.41s     Wait for io.godstone.app to idle
    t =     4.42s     Find the Any (First Match)
    t =     4.44s     Check for interrupting elements affecting "archive.document.1" Button
    t =     4.46s     Synthesize event
    t =     4.76s     Wait for io.godstone.app to idle
    t =     5.62s Waiting 20.0s for "archive.back" Button to exist
    t =     6.69s     Checking `Expect predicate `existsNoRetry == 1` for object "archive.back" Button`
    t =     6.69s         Checking existence of `"archive.back" Button`
    t =     6.72s Get number of matches for: Descendants matching type Keyboard
    t =     7.80s Get number of matches for: Descendants matching type Keyboard
    t =     7.84s Waiting 20.0s for "archive.back" Button to exist
    t =     8.89s     Checking `Expect predicate `existsNoRetry == 1` for object "archive.back" Button`
    t =     8.89s         Checking existence of `"archive.back" Button`
    t =     8.92s Tap "archive.back" Button
    t =     8.92s     Wait for io.godstone.app to idle
    t =     8.92s     Find the "archive.back" Button
    t =     8.94s     Check for interrupting elements affecting "archive.back" Button
    t =     8.96s     Synthesize event
    t =     9.25s     Wait for io.godstone.app to idle
    t =     9.58s Waiting 20.0s for Any (First Match) to exist
    t =    10.65s     Checking `Expect predicate `existsNoRetry == 1` for object Any (First Match)`
    t =    10.66s         Checking existence of `Any (First Match)`
    t =    10.70s Tear Down
Test Case '-[GodstoneArchiveUITests.GodstoneArchiveUITests testGSA005AnOpenedDocumentOffersARenderedWayOut]' passed (10.973 seconds).
Test Case '-[GodstoneArchiveUITests.GodstoneArchiveUITests testGSA005BrowseReturnCarriesNoFalseQuery]' started.
    t =     0.00s Start Test at 2026-10-04 07:36:52.524
    t =     0.03s Set Up
    t =     0.07s Open io.godstone.app
    t =     0.07s     Launch io.godstone.app
    t =     0.08s         Terminate io.godstone.app:46135
2026-10-04 07:36:53.676 xcodebuild[45939:47267303] [MT] IDELaunchParametersSnapshot: debugger version lookup failed for path '<nil>': noURL
2026-10-04 07:36:53.676 xcodebuild[45939:47267303] [MT] IDELaunchParametersSnapshot: no debugger version
    t =     1.37s         Setting up automation session
    t =     1.98s         Wait for io.godstone.app to idle
    t =     3.32s Checking existence of `SearchField (First Match)`
    t =     3.36s Waiting 20.0s for Button (First Match) to exist
    t =     4.42s     Checking `Expect predicate `existsNoRetry == 1` for object Button (First Match)`
    t =     4.42s         Checking existence of `Button (First Match)`
    t =     4.46s Tap Button (First Match)
    t =     4.46s     Wait for io.godstone.app to idle
    t =     4.46s     Find the Button (First Match)
    t =     4.49s     Check for interrupting elements affecting "archive.document.1" Button
    t =     4.50s     Synthesize event
    t =     4.79s     Wait for io.godstone.app to idle
    t =     6.68s Waiting 20.0s for "archive.back" Button to exist
    t =     7.75s     Checking `Expect predicate `existsNoRetry == 1` for object "archive.back" Button`
    t =     7.75s         Checking existence of `"archive.back" Button`
    t =     7.79s Tap "archive.back" Button
    t =     7.79s     Wait for io.godstone.app to idle
    t =     7.79s     Find the "archive.back" Button
    t =     7.80s     Check for interrupting elements affecting "archive.back" Button
    t =     7.82s     Synthesize event
    t =     8.11s     Wait for io.godstone.app to idle
    t =     8.46s Waiting 20.0s for Button (First Match) to exist
    t =     9.50s     Checking `Expect predicate `existsNoRetry == 1` for object Button (First Match)`
    t =     9.50s         Checking existence of `Button (First Match)`
    t =     9.54s Checking existence of `SearchField (First Match)`
    t =     9.56s Find the SearchField (First Match)
    t =     9.58s Tear Down
Test Case '-[GodstoneArchiveUITests.GodstoneArchiveUITests testGSA005BrowseReturnCarriesNoFalseQuery]' passed (9.841 seconds).
Test Case '-[GodstoneArchiveUITests.GodstoneArchiveUITests testGSA005DocumentReopensAfterCleanProcessDeath]' started.
    t =     0.00s Start Test at 2026-10-04 07:37:02.366
    t =     0.03s Set Up
    t =     0.08s Open io.godstone.app
    t =     0.08s     Launch io.godstone.app
    t =     0.08s         Terminate io.godstone.app:46181
2026-10-04 07:37:03.508 xcodebuild[45939:47267303] [MT] IDELaunchParametersSnapshot: debugger version lookup failed for path '<nil>': noURL
2026-10-04 07:37:03.508 xcodebuild[45939:47267303] [MT] IDELaunchParametersSnapshot: no debugger version
    t =     1.35s         Setting up automation session
    t =     1.97s         Wait for io.godstone.app to idle
    t =     3.29s Checking existence of `SearchField (First Match)`
    t =     3.35s Waiting 20.0s for Button (First Match) to exist
    t =     4.41s     Checking `Expect predicate `existsNoRetry == 1` for object Button (First Match)`
    t =     4.41s         Checking existence of `Button (First Match)`
    t =     4.45s Tap Button (First Match)
    t =     4.45s     Wait for io.godstone.app to idle
    t =     4.45s     Find the Button (First Match)
    t =     4.47s     Check for interrupting elements affecting "archive.document.1" Button
    t =     4.49s     Synthesize event
    t =     4.78s     Wait for io.godstone.app to idle
    t =     6.67s Waiting 20.0s for StaticText (First Match) to exist
    t =     7.73s     Checking `Expect predicate `existsNoRetry == 1` for object StaticText (First Match)`
    t =     7.73s         Checking existence of `StaticText (First Match)`
    t =     7.78s Get number of matches for: Elements matching predicate 'identifier BEGINSWITH "archive.passage."'
    t =     7.80s Pressing Home button
    t =    11.28s Terminate io.godstone.app:46218
    t =    13.41s Open io.godstone.app
    t =    13.41s     Launch io.godstone.app
2026-10-04 07:37:15.780 xcodebuild[45939:47267303] [MT] IDELaunchParametersSnapshot: debugger version lookup failed for path '<nil>': noURL
2026-10-04 07:37:15.780 xcodebuild[45939:47267303] [MT] IDELaunchParametersSnapshot: no debugger version
    t =    13.62s         Setting up automation session
    t =    14.23s         Wait for io.godstone.app to idle
    t =    15.62s Checking existence of `SearchField (First Match)`
    t =    15.69s Checking existence of `"Archive unavailable" StaticText`
    t =    15.93s Checking existence of `SearchField (First Match)`
    t =    15.98s Checking existence of `"Archive unavailable" StaticText`
    t =    16.21s Checking existence of `SearchField (First Match)`
    t =    16.25s Checking existence of `"Archive unavailable" StaticText`
    t =    16.48s Checking existence of `SearchField (First Match)`
    t =    16.51s Checking existence of `"Archive unavailable" StaticText`
    t =    16.74s Checking existence of `SearchField (First Match)`
    t =    16.78s Checking existence of `"Archive unavailable" StaticText`
    t =    17.01s Checking existence of `SearchField (First Match)`
    t =    17.03s Checking existence of `"Archive unavailable" StaticText`
    t =    17.25s Checking existence of `SearchField (First Match)`
    t =    17.30s Checking existence of `"Archive unavailable" StaticText`
    t =    17.52s Checking existence of `SearchField (First Match)`
    t =    17.57s Checking existence of `"Archive unavailable" StaticText`
    t =    17.79s Checking existence of `SearchField (First Match)`
    t =    17.84s Checking existence of `"Archive unavailable" StaticText`
    t =    18.06s Checking existence of `SearchField (First Match)`
    t =    18.11s Checking existence of `"Archive unavailable" StaticText`
    t =    18.33s Checking existence of `SearchField (First Match)`
    t =    18.38s Checking existence of `"Archive unavailable" StaticText`
    t =    18.61s Checking existence of `SearchField (First Match)`
    t =    18.65s Checking existence of `"Archive unavailable" StaticText`
    t =    18.88s Checking existence of `SearchField (First Match)`
    t =    18.92s Checking existence of `"Archive unavailable" StaticText`
    t =    19.15s Checking existence of `SearchField (First Match)`
    t =    19.19s Checking existence of `"Archive unavailable" StaticText`
    t =    19.42s Checking existence of `SearchField (First Match)`
    t =    19.46s Checking existence of `"Archive unavailable" StaticText`
    t =    19.69s Checking existence of `SearchField (First Match)`
    t =    19.73s Checking existence of `"Archive unavailable" StaticText`
    t =    19.96s Checking existence of `SearchField (First Match)`
    t =    20.00s Checking existence of `"Archive unavailable" StaticText`
    t =    20.23s Checking existence of `SearchField (First Match)`
    t =    20.28s Checking existence of `"Archive unavailable" StaticText`
    t =    20.50s Checking existence of `SearchField (First Match)`
    t =    20.54s Checking existence of `"Archive unavailable" StaticText`
    t =    20.77s Checking existence of `SearchField (First Match)`
    t =    20.81s Checking existence of `"Archive unavailable" StaticText`
    t =    21.04s Checking existence of `SearchField (First Match)`
    t =    21.08s Checking existence of `"Archive unavailable" StaticText`
    t =    21.31s Checking existence of `SearchField (First Match)`
    t =    21.35s Checking existence of `"Archive unavailable" StaticText`
    t =    21.58s Checking existence of `SearchField (First Match)`
    t =    21.62s Checking existence of `"Archive unavailable" StaticText`
    t =    21.85s Checking existence of `SearchField (First Match)`
    t =    21.90s Checking existence of `"Archive unavailable" StaticText`
    t =    22.12s Checking existence of `SearchField (First Match)`
    t =    22.17s Checking existence of `"Archive unavailable" StaticText`
    t =    22.39s Checking existence of `SearchField (First Match)`
    t =    22.44s Checking existence of `"Archive unavailable" StaticText`
    t =    22.66s Checking existence of `SearchField (First Match)`
    t =    22.71s Checking existence of `"Archive unavailable" StaticText`
    t =    22.94s Checking existence of `SearchField (First Match)`
    t =    22.98s Checking existence of `"Archive unavailable" StaticText`
    t =    23.21s Checking existence of `SearchField (First Match)`
    t =    23.23s Checking existence of `"Archive unavailable" StaticText`
    t =    23.45s Checking existence of `SearchField (First Match)`
    t =    23.49s Checking existence of `"Archive unavailable" StaticText`
    t =    23.72s Checking existence of `SearchField (First Match)`
    t =    23.76s Checking existence of `"Archive unavailable" StaticText`
    t =    23.99s Checking existence of `SearchField (First Match)`
    t =    24.02s Checking existence of `"Archive unavailable" StaticText`
    t =    24.24s Checking existence of `SearchField (First Match)`
    t =    24.28s Checking existence of `"Archive unavailable" StaticText`
    t =    24.50s Checking existence of `SearchField (First Match)`
    t =    24.55s Checking existence of `"Archive unavailable" StaticText`
    t =    24.77s Checking existence of `SearchField (First Match)`
    t =    24.82s Checking existence of `"Archive unavailable" StaticText`
    t =    25.05s Checking existence of `SearchField (First Match)`
    t =    25.09s Checking existence of `"Archive unavailable" StaticText`
    t =    25.31s Checking existence of `SearchField (First Match)`
    t =    25.35s Checking existence of `"Archive unavailable" StaticText`
    t =    25.57s Checking existence of `SearchField (First Match)`
    t =    25.62s Checking existence of `"Archive unavailable" StaticText`
    t =    25.84s Checking existence of `SearchField (First Match)`
    t =    25.89s Checking existence of `"Archive unavailable" StaticText`
    t =    26.12s Checking existence of `SearchField (First Match)`
    t =    26.16s Checking existence of `"Archive unavailable" StaticText`
    t =    26.39s Checking existence of `SearchField (First Match)`
    t =    26.43s Checking existence of `"Archive unavailable" StaticText`
    t =    26.66s Checking existence of `SearchField (First Match)`
    t =    26.69s Checking existence of `"Archive unavailable" StaticText`
    t =    26.92s Checking existence of `SearchField (First Match)`
    t =    26.96s Checking existence of `"Archive unavailable" StaticText`
    t =    27.18s Checking existence of `SearchField (First Match)`
    t =    27.20s Checking existence of `"Archive unavailable" StaticText`
    t =    27.43s Checking existence of `SearchField (First Match)`
    t =    27.47s Checking existence of `"Archive unavailable" StaticText`
    t =    27.70s Checking existence of `SearchField (First Match)`
    t =    27.74s Checking existence of `"Archive unavailable" StaticText`
    t =    27.97s Checking existence of `SearchField (First Match)`
    t =    28.01s Checking existence of `"Archive unavailable" StaticText`
    t =    28.24s Checking existence of `SearchField (First Match)`
    t =    28.28s Checking existence of `"Archive unavailable" StaticText`
    t =    28.51s Checking existence of `SearchField (First Match)`
    t =    28.55s Checking existence of `"Archive unavailable" StaticText`
    t =    28.78s Checking existence of `SearchField (First Match)`
    t =    28.82s Checking existence of `"Archive unavailable" StaticText`
    t =    29.05s Checking existence of `SearchField (First Match)`
    t =    29.09s Checking existence of `"Archive unavailable" StaticText`
    t =    29.31s Checking existence of `SearchField (First Match)`
    t =    29.35s Checking existence of `"Archive unavailable" StaticText`
    t =    29.58s Checking existence of `SearchField (First Match)`
    t =    29.62s Checking existence of `"Archive unavailable" StaticText`
    t =    29.85s Checking existence of `SearchField (First Match)`
    t =    29.89s Checking existence of `"Archive unavailable" StaticText`
    t =    30.12s Checking existence of `SearchField (First Match)`
    t =    30.16s Checking existence of `"Archive unavailable" StaticText`
    t =    30.39s Checking existence of `SearchField (First Match)`
    t =    30.43s Checking existence of `"Archive unavailable" StaticText`
    t =    30.65s Checking existence of `SearchField (First Match)`
    t =    30.69s Checking existence of `"Archive unavailable" StaticText`
    t =    30.92s Checking existence of `SearchField (First Match)`
    t =    30.97s Checking existence of `"Archive unavailable" StaticText`
    t =    31.19s Checking existence of `SearchField (First Match)`
    t =    31.24s Checking existence of `"Archive unavailable" StaticText`
    t =    31.46s Checking existence of `SearchField (First Match)`
    t =    31.51s Checking existence of `"Archive unavailable" StaticText`
    t =    31.73s Checking existence of `SearchField (First Match)`
    t =    31.78s Checking existence of `"Archive unavailable" StaticText`
    t =    32.00s Checking existence of `SearchField (First Match)`
    t =    32.05s Checking existence of `"Archive unavailable" StaticText`
    t =    32.27s Checking existence of `SearchField (First Match)`
    t =    32.31s Checking existence of `"Archive unavailable" StaticText`
    t =    32.54s Checking existence of `SearchField (First Match)`
    t =    32.58s Checking existence of `"Archive unavailable" StaticText`
    t =    32.81s Checking existence of `SearchField (First Match)`
    t =    32.85s Checking existence of `"Archive unavailable" StaticText`
    t =    33.08s Checking existence of `SearchField (First Match)`
    t =    33.12s Checking existence of `"Archive unavailable" StaticText`
    t =    33.35s Checking existence of `SearchField (First Match)`
    t =    33.37s Checking existence of `"Archive unavailable" StaticText`
    t =    33.59s Checking existence of `SearchField (First Match)`
    t =    33.63s Checking existence of `"Archive unavailable" StaticText`
    t =    33.86s Checking existence of `SearchField (First Match)`
    t =    33.91s Checking existence of `"Archive unavailable" StaticText`
    t =    34.13s Checking existence of `SearchField (First Match)`
    t =    34.17s Checking existence of `"Archive unavailable" StaticText`
    t =    34.39s Checking existence of `SearchField (First Match)`
    t =    34.43s Checking existence of `"Archive unavailable" StaticText`
    t =    34.66s Checking existence of `SearchField (First Match)`
    t =    34.70s Checking existence of `"Archive unavailable" StaticText`
    t =    34.93s Checking existence of `SearchField (First Match)`
    t =    34.97s Checking existence of `"Archive unavailable" StaticText`
    t =    35.20s Checking existence of `SearchField (First Match)`
    t =    35.25s Checking existence of `"Archive unavailable" StaticText`
    t =    35.47s Checking existence of `SearchField (First Match)`
    t =    35.52s Checking existence of `"Archive unavailable" StaticText`
    t =    35.75s Checking existence of `SearchField (First Match)`
    t =    35.79s Checking existence of `"Archive unavailable" StaticText`
    t =    36.02s Checking existence of `SearchField (First Match)`
    t =    36.07s Checking existence of `"Archive unavailable" StaticText`
    t =    36.29s Checking existence of `SearchField (First Match)`
    t =    36.34s Checking existence of `"Archive unavailable" StaticText`
    t =    36.56s Checking existence of `SearchField (First Match)`
    t =    36.61s Checking existence of `"Archive unavailable" StaticText`
    t =    36.83s Checking existence of `SearchField (First Match)`
    t =    36.86s Checking existence of `"Archive unavailable" StaticText`
    t =    37.09s Checking existence of `SearchField (First Match)`
    t =    37.13s Checking existence of `"Archive unavailable" StaticText`
    t =    37.36s Checking existence of `SearchField (First Match)`
    t =    37.38s Checking existence of `"Archive unavailable" StaticText`
    t =    37.60s Checking existence of `SearchField (First Match)`
    t =    37.65s Checking existence of `"Archive unavailable" StaticText`
    t =    37.87s Checking existence of `SearchField (First Match)`
    t =    37.92s Checking existence of `"Archive unavailable" StaticText`
    t =    38.14s Checking existence of `SearchField (First Match)`
    t =    38.19s Checking existence of `"Archive unavailable" StaticText`
    t =    38.41s Checking existence of `SearchField (First Match)`
    t =    38.46s Checking existence of `"Archive unavailable" StaticText`
    t =    38.68s Checking existence of `SearchField (First Match)`
    t =    38.73s Checking existence of `"Archive unavailable" StaticText`
    t =    38.95s Checking existence of `SearchField (First Match)`
    t =    39.00s Checking existence of `"Archive unavailable" StaticText`
    t =    39.22s Checking existence of `SearchField (First Match)`
    t =    39.27s Checking existence of `"Archive unavailable" StaticText`
    t =    39.50s Checking existence of `SearchField (First Match)`
    t =    39.54s Checking existence of `"Archive unavailable" StaticText`
    t =    39.77s Checking existence of `SearchField (First Match)`
    t =    39.81s Checking existence of `"Archive unavailable" StaticText`
    t =    40.04s Checking existence of `SearchField (First Match)`
    t =    40.07s Checking existence of `"Archive unavailable" StaticText`
    t =    40.29s Checking existence of `SearchField (First Match)`
    t =    40.34s Checking existence of `"Archive unavailable" StaticText`
    t =    40.57s Checking existence of `SearchField (First Match)`
    t =    40.61s Checking existence of `"Archive unavailable" StaticText`
    t =    40.84s Checking existence of `SearchField (First Match)`
    t =    40.89s Checking existence of `"Archive unavailable" StaticText`
    t =    41.11s Checking existence of `SearchField (First Match)`
    t =    41.16s Checking existence of `"Archive unavailable" StaticText`
    t =    41.38s Checking existence of `SearchField (First Match)`
    t =    41.43s Checking existence of `"Archive unavailable" StaticText`
    t =    41.65s Checking existence of `SearchField (First Match)`
    t =    41.70s Checking existence of `"Archive unavailable" StaticText`
    t =    41.92s Checking existence of `SearchField (First Match)`
    t =    41.97s Checking existence of `"Archive unavailable" StaticText`
    t =    42.20s Checking existence of `SearchField (First Match)`
    t =    42.24s Checking existence of `"Archive unavailable" StaticText`
    t =    42.46s Checking existence of `SearchField (First Match)`
    t =    42.51s Checking existence of `"Archive unavailable" StaticText`
    t =    42.74s Checking existence of `SearchField (First Match)`
    t =    42.78s Checking existence of `"Archive unavailable" StaticText`
    t =    43.01s Checking existence of `SearchField (First Match)`
    t =    43.05s Checking existence of `"Archive unavailable" StaticText`
    t =    43.28s Checking existence of `SearchField (First Match)`
    t =    43.32s Checking existence of `"Archive unavailable" StaticText`
    t =    43.55s Checking existence of `SearchField (First Match)`
    t =    43.57s Checking existence of `"Archive unavailable" StaticText`
    t =    43.79s Checking existence of `SearchField (First Match)`
    t =    43.83s Checking existence of `"Archive unavailable" StaticText`
    t =    44.06s Checking existence of `SearchField (First Match)`
    t =    44.11s Checking existence of `"Archive unavailable" StaticText`
    t =    44.33s Checking existence of `SearchField (First Match)`
    t =    44.37s Checking existence of `"Archive unavailable" StaticText`
    t =    44.59s Checking existence of `SearchField (First Match)`
    t =    44.63s Checking existence of `"Archive unavailable" StaticText`
    t =    44.86s Checking existence of `SearchField (First Match)`
    t =    44.91s Checking existence of `"Archive unavailable" StaticText`
    t =    45.13s Checking existence of `SearchField (First Match)`
    t =    45.18s Checking existence of `"Archive unavailable" StaticText`
    t =    45.40s Checking existence of `SearchField (First Match)`
    t =    45.44s Checking existence of `"Archive unavailable" StaticText`
    t =    45.66s Waiting 20.0s for StaticText (First Match) to exist
    t =    46.71s     Checking `Expect predicate `existsNoRetry == 1` for object StaticText (First Match)`
    t =    46.71s         Checking existence of `StaticText (First Match)`
    t =    46.75s Tear Down
Test Case '-[GodstoneArchiveUITests.GodstoneArchiveUITests testGSA005DocumentReopensAfterCleanProcessDeath]' passed (47.021 seconds).
Test Case '-[GodstoneArchiveUITests.GodstoneArchiveUITests testGSA005ScrollingRevealsALaterPassage]' started.
    t =     0.00s Start Test at 2026-10-04 07:37:49.388
    t =     0.02s Set Up
    t =     0.06s Open io.godstone.app
    t =     0.06s     Launch io.godstone.app
    t =     0.06s         Terminate io.godstone.app:46261
2026-10-04 07:37:50.509 xcodebuild[45939:47267303] [MT] IDELaunchParametersSnapshot: debugger version lookup failed for path '<nil>': noURL
2026-10-04 07:37:50.510 xcodebuild[45939:47267303] [MT] IDELaunchParametersSnapshot: no debugger version
    t =     1.33s         Setting up automation session
    t =     1.95s         Wait for io.godstone.app to idle
    t =     3.30s Checking existence of `SearchField (First Match)`
    t =     3.37s Waiting 20.0s for Button (First Match) to exist
    t =     4.40s     Checking `Expect predicate `existsNoRetry == 1` for object Button (First Match)`
    t =     4.40s         Checking existence of `Button (First Match)`
    t =     4.44s Tap Button (First Match)
    t =     4.44s     Wait for io.godstone.app to idle
    t =     4.44s     Find the Button (First Match)
    t =     4.47s     Check for interrupting elements affecting "archive.document.1" Button
    t =     4.48s     Synthesize event
    t =     4.76s     Wait for io.godstone.app to idle
    t =     6.63s Waiting 20.0s for StaticText (First Match) to exist
    t =     7.67s     Checking `Expect predicate `existsNoRetry == 1` for object StaticText (First Match)`
    t =     7.67s         Checking existence of `StaticText (First Match)`
    t =     7.72s Get number of matches for: Elements matching predicate 'identifier BEGINSWITH "archive.passage."'
    t =     7.73s Get number of matches for: Elements matching predicate 'identifier BEGINSWITH "archive.passage."'
    t =     7.75s Checking existence of `StaticText (Element at index 9)`
    t =     7.76s Find the StaticText (Element at index 9)
    t =     7.78s Swipe up Target Application 'io.godstone.app'
    t =     7.78s     Wait for io.godstone.app to idle
    t =     7.78s     Find the Target Application 'io.godstone.app'
    t =     7.79s     Check for interrupting elements affecting "Godstone" Application
    t =     7.80s     Synthesize event
    t =     8.22s     Wait for io.godstone.app to idle
    t =    10.48s Checking existence of `"archive.passage.5" StaticText`
    t =    10.50s Find the "archive.passage.5" StaticText
    t =    10.52s Tear Down
Test Case '-[GodstoneArchiveUITests.GodstoneArchiveUITests testGSA005ScrollingRevealsALaterPassage]' passed (10.750 seconds).
Test Case '-[GodstoneArchiveUITests.GodstoneArchiveUITests testGSA005SearchOpenThenBackReturnsToTheSubmittedQuery]' started.
    t =     0.00s Start Test at 2026-10-04 07:38:00.138
    t =     0.03s Set Up
    t =     0.08s Open io.godstone.app
    t =     0.08s     Launch io.godstone.app
    t =     0.08s         Terminate io.godstone.app:46374
2026-10-04 07:38:01.278 xcodebuild[45939:47267303] [MT] IDELaunchParametersSnapshot: debugger version lookup failed for path '<nil>': noURL
2026-10-04 07:38:01.278 xcodebuild[45939:47267303] [MT] IDELaunchParametersSnapshot: no debugger version
    t =     1.34s         Setting up automation session
    t =     1.98s         Wait for io.godstone.app to idle
    t =     3.31s Checking existence of `SearchField (First Match)`
    t =     3.38s Waiting 20.0s for SearchField (First Match) to exist
    t =     4.41s     Checking `Expect predicate `existsNoRetry == 1` for object SearchField (First Match)`
    t =     4.41s         Checking existence of `SearchField (First Match)`
    t =     4.45s Tap SearchField (First Match)
    t =     4.45s     Wait for io.godstone.app to idle
    t =     4.45s     Find the SearchField (First Match)
    t =     4.48s     Check for interrupting elements affecting "Search every document" SearchField
    t =     4.49s     Synthesize event
    t =     4.78s     Wait for io.godstone.app to idle
    t =     5.66s Waiting 10.0s for Keyboard (First Match) to exist
    t =     6.70s     Checking `Expect predicate `existsNoRetry == 1` for object Keyboard (First Match)`
    t =     6.70s         Checking existence of `Keyboard (First Match)`
    t =     6.73s Type 'bleeding
' into "Search every document" SearchField
    t =     6.73s     Wait for io.godstone.app to idle
    t =     6.74s     Find the "Search every document" SearchField
    t =     6.79s     Check for interrupting elements affecting "Search every document" SearchField
    t =     6.81s     Synthesize event
    t =     7.15s     Wait for io.godstone.app to idle
    t =     7.75s Waiting 20.0s for "archive.search.results" StaticText to exist
    t =     8.78s     Checking `Expect predicate `existsNoRetry == 1` for object "archive.search.results" StaticText`
    t =     8.79s         Checking existence of `"archive.search.results" StaticText`
    t =     8.84s Waiting 20.0s for Button (First Match) to exist
    t =     9.88s     Checking `Expect predicate `existsNoRetry == 1` for object Button (First Match)`
    t =     9.89s         Checking existence of `Button (First Match)`
    t =     9.93s Find the Button (First Match)
    t =     9.95s Get number of matches for: Descendants matching type Keyboard
    t =    11.01s Get number of matches for: Descendants matching type Keyboard
    t =    11.05s Tap "archive.search.hit.1" Button
    t =    11.05s     Wait for io.godstone.app to idle
    t =    11.05s     Find the "archive.search.hit.1" Button
    t =    11.08s     Check for interrupting elements affecting "archive.search.hit.1" Button
    t =    11.10s     Synthesize event
    t =    11.39s     Wait for io.godstone.app to idle
    t =    12.23s Waiting 20.0s for "archive.back" Button to exist
    t =    13.25s     Checking `Expect predicate `existsNoRetry == 1` for object "archive.back" Button`
    t =    13.25s         Checking existence of `"archive.back" Button`
    t =    13.29s Get number of matches for: Descendants matching type Keyboard
    t =    14.34s Get number of matches for: Descendants matching type Keyboard
    t =    14.38s Tap "archive.back" Button
    t =    14.38s     Wait for io.godstone.app to idle
    t =    14.38s     Find the "archive.back" Button
    t =    14.39s     Check for interrupting elements affecting "archive.back" Button
    t =    14.41s     Synthesize event
    t =    14.70s     Wait for io.godstone.app to idle
    t =    15.08s Waiting 20.0s for "archive.search.results" StaticText to exist
    t =    16.11s     Checking `Expect predicate `existsNoRetry == 1` for object "archive.search.results" StaticText`
    t =    16.11s         Checking existence of `"archive.search.results" StaticText`
    t =    16.16s Waiting 20.0s for SearchField (First Match) to exist
    t =    17.18s     Checking `Expect predicate `existsNoRetry == 1` for object SearchField (First Match)`
    t =    17.18s         Checking existence of `SearchField (First Match)`
    t =    18.25s Checking `Expect predicate `value == "bleeding"` for object SearchField (First Match)`
    t =    18.25s     Find the SearchField (First Match)
    t =    18.31s Waiting 20.0s for "archive.search.hit.1" Button to exist
    t =    19.37s     Checking `Expect predicate `existsNoRetry == 1` for object "archive.search.hit.1" Button`
    t =    19.37s         Checking existence of `"archive.search.hit.1" Button`
    t =    19.41s Tear Down
Test Case '-[GodstoneArchiveUITests.GodstoneArchiveUITests testGSA005SearchOpenThenBackReturnsToTheSubmittedQuery]' passed (19.686 seconds).
Test Case '-[GodstoneArchiveUITests.GodstoneArchiveUITests testGSFINAL006TheWholeRestorationJourneyInOneSequence]' started.
    t =     0.00s Start Test at 2026-10-04 07:38:19.825
    t =     0.03s Set Up
    t =     0.07s Open io.godstone.app
    t =     0.08s     Launch io.godstone.app
    t =     0.08s         Terminate io.godstone.app:46417
2026-10-04 07:38:20.984 xcodebuild[45939:47267303] [MT] IDELaunchParametersSnapshot: debugger version lookup failed for path '<nil>': noURL
2026-10-04 07:38:20.984 xcodebuild[45939:47267303] [MT] IDELaunchParametersSnapshot: no debugger version
    t =     1.37s         Setting up automation session
    t =     1.94s         Wait for io.godstone.app to idle
    t =     3.25s Checking existence of `SearchField (First Match)`
    t =     3.32s Waiting 20.0s for SearchField (First Match) to exist
    t =     4.38s     Checking `Expect predicate `existsNoRetry == 1` for object SearchField (First Match)`
    t =     4.38s         Checking existence of `SearchField (First Match)`
    t =     4.42s Tap SearchField (First Match)
    t =     4.42s     Wait for io.godstone.app to idle
    t =     4.42s     Find the SearchField (First Match)
    t =     4.44s     Check for interrupting elements affecting "Search every document" SearchField
    t =     4.46s     Synthesize event
    t =     4.74s     Wait for io.godstone.app to idle
    t =     5.56s Waiting 10.0s for Keyboard (First Match) to exist
    t =     6.63s     Checking `Expect predicate `existsNoRetry == 1` for object Keyboard (First Match)`
    t =     6.63s         Checking existence of `Keyboard (First Match)`
    t =     6.64s Type 'bleeding
' into "Search every document" SearchField
    t =     6.64s     Wait for io.godstone.app to idle
    t =     6.65s     Find the "Search every document" SearchField
    t =     6.69s     Check for interrupting elements affecting "Search every document" SearchField
    t =     6.71s     Synthesize event
    t =     7.07s     Wait for io.godstone.app to idle
    t =     7.66s Waiting 20.0s for "archive.search.results" StaticText to exist
    t =     8.70s     Checking `Expect predicate `existsNoRetry == 1` for object "archive.search.results" StaticText`
    t =     8.70s         Checking existence of `"archive.search.results" StaticText`
    t =     8.76s Waiting 20.0s for Button (First Match) to exist
    t =     9.81s     Checking `Expect predicate `existsNoRetry == 1` for object Button (First Match)`
    t =     9.82s         Checking existence of `Button (First Match)`
    t =     9.87s Get number of matches for: Elements matching predicate 'identifier BEGINSWITH "archive.search.hit."'
    t =     9.89s Find the Button (Element at index 1)
    t =     9.90s Get number of matches for: Descendants matching type Keyboard
    t =    10.96s Get number of matches for: Descendants matching type Keyboard
    t =    11.01s Tap "archive.search.hit.2" Button
    t =    11.01s     Wait for io.godstone.app to idle
    t =    11.01s     Find the "archive.search.hit.2" Button
    t =    11.03s     Check for interrupting elements affecting "archive.search.hit.2" Button
    t =    11.05s     Synthesize event
    t =    11.33s     Wait for io.godstone.app to idle
    t =    12.17s Waiting 20.0s for StaticText (First Match) to exist
    t =    13.23s     Checking `Expect predicate `existsNoRetry == 1` for object StaticText (First Match)`
    t =    13.23s         Checking existence of `StaticText (First Match)`
    t =    13.28s Get number of matches for: Elements matching predicate 'identifier BEGINSWITH "archive.passage."'
    t =    13.29s Get number of matches for: Elements matching predicate 'identifier BEGINSWITH "archive.passage."'
    t =    13.31s Find the StaticText (Element at index 9)
    t =    13.32s Checking existence of `"archive.passage.5" StaticText`
    t =    13.34s Find the "archive.passage.5" StaticText
    t =    13.35s Swipe up Target Application 'io.godstone.app'
    t =    13.35s     Wait for io.godstone.app to idle
    t =    13.36s     Find the Target Application 'io.godstone.app'
    t =    13.37s     Check for interrupting elements affecting "Godstone" Application
    t =    13.38s     Synthesize event
    t =    13.80s     Wait for io.godstone.app to idle
    t =    15.91s Checking existence of `"archive.passage.5" StaticText`
    t =    15.94s Find the "archive.passage.5" StaticText
    t =    15.97s Checking existence of `"archive.passage.5" StaticText`
    t =    15.98s Find the "archive.passage.5" StaticText
    t =    16.00s Checking existence of `"archive.passage.5" StaticText`
    t =    16.01s Find the "archive.passage.5" StaticText
    t =    16.03s Checking existence of `"archive.passage.5" StaticText`
    t =    16.05s Find the "archive.passage.5" StaticText
    t =    16.07s Checking existence of `"archive.passage.5" StaticText`
    t =    16.08s Find the "archive.passage.5" StaticText
    t =    16.10s Checking existence of `"archive.passage.5" StaticText`
    t =    16.12s Find the "archive.passage.5" StaticText
    t =    16.14s Checking existence of `"archive.passage.5" StaticText`
    t =    16.15s Find the "archive.passage.5" StaticText
    t =    16.17s Checking existence of `"archive.passage.5" StaticText`
    t =    16.18s Find the "archive.passage.5" StaticText
    t =    16.20s Checking existence of `"archive.passage.5" StaticText`
    t =    16.21s Find the "archive.passage.5" StaticText
    t =    16.23s Checking existence of `"archive.passage.5" StaticText`
    t =    16.25s Find the "archive.passage.5" StaticText
    t =    16.27s Checking existence of `"archive.passage.5" StaticText`
    t =    16.28s Find the "archive.passage.5" StaticText
    t =    16.30s Checking existence of `"archive.passage.5" StaticText`
    t =    16.31s Find the "archive.passage.5" StaticText
    t =    16.33s Pressing Home button
    t =    19.81s Terminate io.godstone.app:46482
    t =    21.96s Open io.godstone.app
    t =    21.96s     Launch io.godstone.app
2026-10-04 07:38:41.787 xcodebuild[45939:47267303] [MT] IDELaunchParametersSnapshot: debugger version lookup failed for path '<nil>': noURL
2026-10-04 07:38:41.787 xcodebuild[45939:47267303] [MT] IDELaunchParametersSnapshot: no debugger version
    t =    22.17s         Setting up automation session
    t =    22.78s         Wait for io.godstone.app to idle
    t =    24.25s Checking existence of `SearchField (First Match)`
    t =    24.32s Checking existence of `"Archive unavailable" StaticText`
    t =    24.56s Checking existence of `SearchField (First Match)`
    t =    24.60s Checking existence of `"Archive unavailable" StaticText`
    t =    24.83s Checking existence of `SearchField (First Match)`
    t =    24.88s Checking existence of `"Archive unavailable" StaticText`
    t =    25.10s Checking existence of `SearchField (First Match)`
    t =    25.15s Checking existence of `"Archive unavailable" StaticText`
    t =    25.38s Checking existence of `SearchField (First Match)`
    t =    25.42s Checking existence of `"Archive unavailable" StaticText`
    t =    25.65s Checking existence of `SearchField (First Match)`
    t =    25.70s Checking existence of `"Archive unavailable" StaticText`
    t =    25.93s Checking existence of `SearchField (First Match)`
    t =    25.98s Checking existence of `"Archive unavailable" StaticText`
    t =    26.20s Checking existence of `SearchField (First Match)`
    t =    26.25s Checking existence of `"Archive unavailable" StaticText`
    t =    26.47s Checking existence of `SearchField (First Match)`
    t =    26.52s Checking existence of `"Archive unavailable" StaticText`
    t =    26.75s Checking existence of `SearchField (First Match)`
    t =    26.79s Checking existence of `"Archive unavailable" StaticText`
    t =    27.02s Checking existence of `SearchField (First Match)`
    t =    27.04s Checking existence of `"Archive unavailable" StaticText`
    t =    27.26s Checking existence of `SearchField (First Match)`
    t =    27.29s Checking existence of `"Archive unavailable" StaticText`
    t =    27.51s Checking existence of `SearchField (First Match)`
    t =    27.56s Checking existence of `"Archive unavailable" StaticText`
    t =    27.79s Checking existence of `SearchField (First Match)`
    t =    27.83s Checking existence of `"Archive unavailable" StaticText`
    t =    28.06s Checking existence of `SearchField (First Match)`
    t =    28.09s Checking existence of `"Archive unavailable" StaticText`
    t =    28.31s Checking existence of `SearchField (First Match)`
    t =    28.35s Checking existence of `"Archive unavailable" StaticText`
    t =    28.58s Checking existence of `SearchField (First Match)`
    t =    28.62s Checking existence of `"Archive unavailable" StaticText`
    t =    28.85s Checking existence of `SearchField (First Match)`
    t =    28.89s Checking existence of `"Archive unavailable" StaticText`
    t =    29.12s Checking existence of `SearchField (First Match)`
    t =    29.16s Checking existence of `"Archive unavailable" StaticText`
    t =    29.39s Checking existence of `SearchField (First Match)`
    t =    29.43s Checking existence of `"Archive unavailable" StaticText`
    t =    29.66s Checking existence of `SearchField (First Match)`
    t =    29.71s Checking existence of `"Archive unavailable" StaticText`
    t =    29.93s Checking existence of `SearchField (First Match)`
    t =    29.98s Checking existence of `"Archive unavailable" StaticText`
    t =    30.20s Checking existence of `SearchField (First Match)`
    t =    30.24s Checking existence of `"Archive unavailable" StaticText`
    t =    30.47s Checking existence of `SearchField (First Match)`
    t =    30.51s Checking existence of `"Archive unavailable" StaticText`
    t =    30.74s Checking existence of `SearchField (First Match)`
    t =    30.77s Checking existence of `"Archive unavailable" StaticText`
    t =    31.00s Checking existence of `SearchField (First Match)`
    t =    31.01s Checking existence of `"Archive unavailable" StaticText`
    t =    31.24s Checking existence of `SearchField (First Match)`
    t =    31.27s Checking existence of `"Archive unavailable" StaticText`
    t =    31.49s Checking existence of `SearchField (First Match)`
    t =    31.54s Checking existence of `"Archive unavailable" StaticText`
    t =    31.76s Checking existence of `SearchField (First Match)`
    t =    31.81s Checking existence of `"Archive unavailable" StaticText`
    t =    32.03s Checking existence of `SearchField (First Match)`
    t =    32.08s Checking existence of `"Archive unavailable" StaticText`
    t =    32.31s Checking existence of `SearchField (First Match)`
    t =    32.35s Checking existence of `"Archive unavailable" StaticText`
    t =    32.57s Checking existence of `SearchField (First Match)`
    t =    32.62s Checking existence of `"Archive unavailable" StaticText`
    t =    32.84s Checking existence of `SearchField (First Match)`
    t =    32.89s Checking existence of `"Archive unavailable" StaticText`
    t =    33.11s Checking existence of `SearchField (First Match)`
    t =    33.14s Checking existence of `"Archive unavailable" StaticText`
    t =    33.36s Checking existence of `SearchField (First Match)`
    t =    33.41s Checking existence of `"Archive unavailable" StaticText`
    t =    33.63s Checking existence of `SearchField (First Match)`
    t =    33.68s Checking existence of `"Archive unavailable" StaticText`
    t =    33.90s Checking existence of `SearchField (First Match)`
    t =    33.95s Checking existence of `"Archive unavailable" StaticText`
    t =    34.17s Checking existence of `SearchField (First Match)`
    t =    34.22s Checking existence of `"Archive unavailable" StaticText`
    t =    34.44s Checking existence of `SearchField (First Match)`
    t =    34.49s Checking existence of `"Archive unavailable" StaticText`
    t =    34.72s Checking existence of `SearchField (First Match)`
    t =    34.76s Checking existence of `"Archive unavailable" StaticText`
    t =    34.99s Checking existence of `SearchField (First Match)`
    t =    35.03s Checking existence of `"Archive unavailable" StaticText`
    t =    35.25s Checking existence of `SearchField (First Match)`
    t =    35.30s Checking existence of `"Archive unavailable" StaticText`
    t =    35.53s Checking existence of `SearchField (First Match)`
    t =    35.57s Checking existence of `"Archive unavailable" StaticText`
    t =    35.80s Checking existence of `SearchField (First Match)`
    t =    35.84s Checking existence of `"Archive unavailable" StaticText`
    t =    36.06s Checking existence of `SearchField (First Match)`
    t =    36.11s Checking existence of `"Archive unavailable" StaticText`
    t =    36.34s Checking existence of `SearchField (First Match)`
    t =    36.38s Checking existence of `"Archive unavailable" StaticText`
    t =    36.61s Checking existence of `SearchField (First Match)`
    t =    36.65s Checking existence of `"Archive unavailable" StaticText`
    t =    36.88s Checking existence of `SearchField (First Match)`
    t =    36.92s Checking existence of `"Archive unavailable" StaticText`
    t =    37.15s Checking existence of `SearchField (First Match)`
    t =    37.18s Checking existence of `"Archive unavailable" StaticText`
    t =    37.40s Checking existence of `SearchField (First Match)`
    t =    37.43s Checking existence of `"Archive unavailable" StaticText`
    t =    37.65s Checking existence of `SearchField (First Match)`
    t =    37.70s Checking existence of `"Archive unavailable" StaticText`
    t =    37.92s Checking existence of `SearchField (First Match)`
    t =    37.97s Checking existence of `"Archive unavailable" StaticText`
    t =    38.19s Checking existence of `SearchField (First Match)`
    t =    38.22s Checking existence of `"Archive unavailable" StaticText`
    t =    38.44s Checking existence of `SearchField (First Match)`
    t =    38.48s Checking existence of `"Archive unavailable" StaticText`
    t =    38.71s Checking existence of `SearchField (First Match)`
    t =    38.76s Checking existence of `"Archive unavailable" StaticText`
    t =    38.98s Checking existence of `SearchField (First Match)`
    t =    39.03s Checking existence of `"Archive unavailable" StaticText`
    t =    39.25s Checking existence of `SearchField (First Match)`
    t =    39.30s Checking existence of `"Archive unavailable" StaticText`
    t =    39.52s Checking existence of `SearchField (First Match)`
    t =    39.57s Checking existence of `"Archive unavailable" StaticText`
    t =    39.80s Checking existence of `SearchField (First Match)`
    t =    39.84s Checking existence of `"Archive unavailable" StaticText`
    t =    40.07s Checking existence of `SearchField (First Match)`
    t =    40.11s Checking existence of `"Archive unavailable" StaticText`
    t =    40.34s Checking existence of `SearchField (First Match)`
    t =    40.38s Checking existence of `"Archive unavailable" StaticText`
    t =    40.61s Checking existence of `SearchField (First Match)`
    t =    40.66s Checking existence of `"Archive unavailable" StaticText`
    t =    40.88s Checking existence of `SearchField (First Match)`
    t =    40.91s Checking existence of `"Archive unavailable" StaticText`
    t =    41.14s Checking existence of `SearchField (First Match)`
    t =    41.16s Checking existence of `"Archive unavailable" StaticText`
    t =    41.38s Checking existence of `SearchField (First Match)`
    t =    41.41s Checking existence of `"Archive unavailable" StaticText`
    t =    41.63s Checking existence of `SearchField (First Match)`
    t =    41.68s Checking existence of `"Archive unavailable" StaticText`
    t =    41.90s Checking existence of `SearchField (First Match)`
    t =    41.95s Checking existence of `"Archive unavailable" StaticText`
    t =    42.18s Checking existence of `SearchField (First Match)`
    t =    42.22s Checking existence of `"Archive unavailable" StaticText`
    t =    42.45s Checking existence of `SearchField (First Match)`
    t =    42.49s Checking existence of `"Archive unavailable" StaticText`
    t =    42.72s Checking existence of `SearchField (First Match)`
    t =    42.76s Checking existence of `"Archive unavailable" StaticText`
    t =    42.99s Checking existence of `SearchField (First Match)`
    t =    43.03s Checking existence of `"Archive unavailable" StaticText`
    t =    43.26s Checking existence of `SearchField (First Match)`
    t =    43.29s Checking existence of `"Archive unavailable" StaticText`
    t =    43.51s Checking existence of `SearchField (First Match)`
    t =    43.55s Checking existence of `"Archive unavailable" StaticText`
    t =    43.78s Checking existence of `SearchField (First Match)`
    t =    43.82s Checking existence of `"Archive unavailable" StaticText`
    t =    44.05s Checking existence of `SearchField (First Match)`
    t =    44.09s Checking existence of `"Archive unavailable" StaticText`
    t =    44.32s Checking existence of `SearchField (First Match)`
    t =    44.37s Checking existence of `"Archive unavailable" StaticText`
    t =    44.59s Checking existence of `SearchField (First Match)`
    t =    44.64s Checking existence of `"Archive unavailable" StaticText`
    t =    44.86s Checking existence of `SearchField (First Match)`
    t =    44.92s Checking existence of `"Archive unavailable" StaticText`
    t =    45.15s Checking existence of `SearchField (First Match)`
    t =    45.20s Checking existence of `"Archive unavailable" StaticText`
    t =    45.42s Checking existence of `SearchField (First Match)`
    t =    45.47s Checking existence of `"Archive unavailable" StaticText`
    t =    45.69s Checking existence of `SearchField (First Match)`
    t =    45.74s Checking existence of `"Archive unavailable" StaticText`
    t =    45.97s Checking existence of `SearchField (First Match)`
    t =    46.01s Checking existence of `"Archive unavailable" StaticText`
    t =    46.24s Checking existence of `SearchField (First Match)`
    t =    46.28s Checking existence of `"Archive unavailable" StaticText`
    t =    46.50s Checking existence of `SearchField (First Match)`
    t =    46.55s Checking existence of `"Archive unavailable" StaticText`
    t =    46.78s Checking existence of `SearchField (First Match)`
    t =    46.82s Checking existence of `"Archive unavailable" StaticText`
    t =    47.05s Checking existence of `SearchField (First Match)`
    t =    47.09s Checking existence of `"Archive unavailable" StaticText`
    t =    47.32s Checking existence of `SearchField (First Match)`
    t =    47.35s Checking existence of `"Archive unavailable" StaticText`
    t =    47.57s Checking existence of `SearchField (First Match)`
    t =    47.60s Checking existence of `"Archive unavailable" StaticText`
    t =    47.82s Checking existence of `SearchField (First Match)`
    t =    47.87s Checking existence of `"Archive unavailable" StaticText`
    t =    48.09s Checking existence of `SearchField (First Match)`
    t =    48.14s Checking existence of `"Archive unavailable" StaticText`
    t =    48.36s Checking existence of `SearchField (First Match)`
    t =    48.40s Checking existence of `"Archive unavailable" StaticText`
    t =    48.63s Checking existence of `SearchField (First Match)`
    t =    48.67s Checking existence of `"Archive unavailable" StaticText`
    t =    48.89s Checking existence of `SearchField (First Match)`
    t =    48.94s Checking existence of `"Archive unavailable" StaticText`
    t =    49.17s Checking existence of `SearchField (First Match)`
    t =    49.21s Checking existence of `"Archive unavailable" StaticText`
    t =    49.44s Checking existence of `SearchField (First Match)`
    t =    49.48s Checking existence of `"Archive unavailable" StaticText`
    t =    49.71s Checking existence of `SearchField (First Match)`
    t =    49.76s Checking existence of `"Archive unavailable" StaticText`
    t =    49.98s Checking existence of `SearchField (First Match)`
    t =    50.03s Checking existence of `"Archive unavailable" StaticText`
    t =    50.25s Checking existence of `SearchField (First Match)`
    t =    50.30s Checking existence of `"Archive unavailable" StaticText`
    t =    50.52s Checking existence of `SearchField (First Match)`
    t =    50.57s Checking existence of `"Archive unavailable" StaticText`
    t =    50.79s Checking existence of `SearchField (First Match)`
    t =    50.84s Checking existence of `"Archive unavailable" StaticText`
    t =    51.06s Checking existence of `SearchField (First Match)`
    t =    51.10s Checking existence of `"Archive unavailable" StaticText`
    t =    51.32s Checking existence of `SearchField (First Match)`
    t =    51.34s Checking existence of `"Archive unavailable" StaticText`
    t =    51.57s Checking existence of `SearchField (First Match)`
    t =    51.59s Checking existence of `"Archive unavailable" StaticText`
    t =    51.82s Checking existence of `SearchField (First Match)`
    t =    51.86s Checking existence of `"Archive unavailable" StaticText`
    t =    52.09s Checking existence of `SearchField (First Match)`
    t =    52.13s Checking existence of `"Archive unavailable" StaticText`
    t =    52.36s Checking existence of `SearchField (First Match)`
    t =    52.40s Checking existence of `"Archive unavailable" StaticText`
    t =    52.63s Checking existence of `SearchField (First Match)`
    t =    52.66s Checking existence of `"Archive unavailable" StaticText`
    t =    52.89s Checking existence of `SearchField (First Match)`
    t =    52.94s Checking existence of `"Archive unavailable" StaticText`
    t =    53.16s Checking existence of `SearchField (First Match)`
    t =    53.21s Checking existence of `"Archive unavailable" StaticText`
    t =    53.43s Checking existence of `SearchField (First Match)`
    t =    53.47s Checking existence of `"Archive unavailable" StaticText`
    t =    53.69s Checking existence of `SearchField (First Match)`
    t =    53.74s Checking existence of `"Archive unavailable" StaticText`
    t =    53.96s Checking existence of `SearchField (First Match)`
    t =    54.01s Checking existence of `"Archive unavailable" StaticText`
    t =    54.23s Checking existence of `SearchField (First Match)`
    t =    54.28s Checking existence of `"Archive unavailable" StaticText`
    t =    54.51s Waiting 20.0s for StaticText (First Match) to exist
    t =    55.53s     Checking `Expect predicate `existsNoRetry == 1` for object StaticText (First Match)`
    t =    55.53s         Checking existence of `StaticText (First Match)`
    t =    55.57s Waiting 20.0s for "archive.passage.5" StaticText to exist
    t =    56.60s     Checking `Expect predicate `existsNoRetry == 1` for object "archive.passage.5" StaticText`
    t =    56.60s         Checking existence of `"archive.passage.5" StaticText`
    t =    56.64s Waiting 20.0s for "archive.back" Button to exist
    t =    57.66s     Checking `Expect predicate `existsNoRetry == 1` for object "archive.back" Button`
    t =    57.66s         Checking existence of `"archive.back" Button`
    t =    57.68s Get number of matches for: Descendants matching type Keyboard
    t =    58.72s Get number of matches for: Descendants matching type Keyboard
    t =    58.75s Tap "archive.back" Button
    t =    58.75s     Wait for io.godstone.app to idle
    t =    58.76s     Find the "archive.back" Button
    t =    58.77s     Check for interrupting elements affecting "archive.back" Button
    t =    58.79s     Synthesize event
    t =    59.08s     Wait for io.godstone.app to idle
    t =    59.88s Checking existence of `Any (First Match)`
    t =    59.92s Find the Any (First Match)
    t =    59.94s Checking existence of `StaticText (First Match)`
    t =    60.00s Waiting 20.0s for "archive.search.results" StaticText to exist
    t =    61.03s     Checking `Expect predicate `existsNoRetry == 1` for object "archive.search.results" StaticText`
    t =    61.03s         Checking existence of `"archive.search.results" StaticText`
    t =    61.08s Waiting 20.0s for "archive.search.hit.2" Button to exist
    t =    62.12s     Checking `Expect predicate `existsNoRetry == 1` for object "archive.search.hit.2" Button`
    t =    62.12s         Checking existence of `"archive.search.hit.2" Button`
    t =    62.17s Tear Down
Test Case '-[GodstoneArchiveUITests.GodstoneArchiveUITests testGSFINAL006TheWholeRestorationJourneyInOneSequence]' passed (62.485 seconds).
Test Case '-[GodstoneArchiveUITests.GodstoneArchiveUITests testGSINT001TheLightRosterSurvivesDefaultScaleLTR]' started.
    t =     0.00s Start Test at 2026-10-04 07:39:22.311
    t =     0.03s Set Up
    t =     0.08s Open io.godstone.app
    t =     0.08s     Launch io.godstone.app
    t =     0.08s         Terminate io.godstone.app:46547
2026-10-04 07:39:23.443 xcodebuild[45939:47267303] [MT] IDELaunchParametersSnapshot: debugger version lookup failed for path '<nil>': noURL
2026-10-04 07:39:23.443 xcodebuild[45939:47267303] [MT] IDELaunchParametersSnapshot: no debugger version
    t =     1.34s         Setting up automation session
    t =     1.96s         Wait for io.godstone.app to idle
    t =     3.31s Waiting 40.0s for SearchField (First Match) to exist
    t =     4.34s     Checking `Expect predicate `existsNoRetry == 1` for object SearchField (First Match)`
    t =     4.34s         Checking existence of `SearchField (First Match)`
    t =     4.42s Get number of matches for: Elements matching predicate 'identifier BEGINSWITH "archive.document."'
    t =     4.43s Get number of matches for: Elements matching predicate 'identifier BEGINSWITH "archive.document."'
    t =     4.44s Checking existence of `Any (Element at index 0)`
    t =     4.45s Find the Any (Element at index 0)
    t =     4.46s Find the "archive.document.1" Button
    t =     4.47s Checking existence of `Any (Element at index 1)`
    t =     4.48s Find the Any (Element at index 1)
    t =     4.49s Find the "archive.document.2" Button
    t =     4.50s Checking existence of `"lab.conversation.send" Any`
    t =     4.55s Checking existence of `"lab.sos.hold" Any`
    t =     4.60s Checking existence of `"lab.sos.cancel" Any`
    t =     4.64s Checking existence of `"lab.sos.retry" Any`
    t =     4.68s Checking existence of `"lab.conversation.recipient" Any`
    t =     4.73s Checking existence of `Any (Element at index 0)`
    t =     4.73s Tap Any (Element at index 0)
    t =     4.73s     Wait for io.godstone.app to idle
    t =     4.74s     Find the Any (Element at index 0)
    t =     4.75s     Check for interrupting elements affecting "archive.document.1" Button
    t =     4.76s     Synthesize event
    t =     5.05s     Wait for io.godstone.app to idle
    t =     5.91s Waiting 25.0s for "archive.back" Button to exist
    t =     6.94s     Checking `Expect predicate `existsNoRetry == 1` for object "archive.back" Button`
    t =     6.94s         Checking existence of `"archive.back" Button`
    t =     6.98s Find the "archive.back" Button
    t =     7.00s Find the "archive.back" Button
    t =     7.02s Checking existence of `"archive.back" Button`
    t =     7.03s Find the "archive.back" Button
    t =     7.04s Tap "archive.back" Button
    t =     7.04s     Wait for io.godstone.app to idle
    t =     7.05s     Find the "archive.back" Button
    t =     7.06s     Check for interrupting elements affecting "archive.back" Button
    t =     7.07s     Synthesize event
    t =     7.36s     Wait for io.godstone.app to idle
    t =     7.71s Waiting 25.0s for Any (First Match) to exist
    t =     8.75s     Checking `Expect predicate `existsNoRetry == 1` for object Any (First Match)`
    t =     8.75s         Checking existence of `Any (First Match)`
    t =     8.79s Tear Down
Test Case '-[GodstoneArchiveUITests.GodstoneArchiveUITests testGSINT001TheLightRosterSurvivesDefaultScaleLTR]' passed (9.076 seconds).
Test Case '-[GodstoneArchiveUITests.GodstoneArchiveUITests testGSINT001TheLightRosterSurvivesDefaultScaleRTL]' started.
    t =     0.00s Start Test at 2026-10-04 07:39:31.387
    t =     0.03s Set Up
    t =     0.08s Open io.godstone.app
    t =     0.08s     Launch io.godstone.app
    t =     0.08s         Terminate io.godstone.app:46699
2026-10-04 07:39:32.509 xcodebuild[45939:47267303] [MT] IDELaunchParametersSnapshot: debugger version lookup failed for path '<nil>': noURL
2026-10-04 07:39:32.509 xcodebuild[45939:47267303] [MT] IDELaunchParametersSnapshot: no debugger version
    t =     1.33s         Setting up automation session
    t =     1.89s         Wait for io.godstone.app to idle
    t =     3.20s Waiting 40.0s for SearchField (First Match) to exist
    t =     4.24s     Checking `Expect predicate `existsNoRetry == 1` for object SearchField (First Match)`
    t =     4.24s         Checking existence of `SearchField (First Match)`
    t =     4.30s Get number of matches for: Elements matching predicate 'identifier BEGINSWITH "archive.document."'
    t =     4.31s Get number of matches for: Elements matching predicate 'identifier BEGINSWITH "archive.document."'
    t =     4.32s Checking existence of `Any (Element at index 0)`
    t =     4.33s Find the Any (Element at index 0)
    t =     4.35s Find the "archive.document.1" Button
    t =     4.36s Checking existence of `Any (Element at index 1)`
    t =     4.37s Find the Any (Element at index 1)
    t =     4.38s Find the "archive.document.2" Button
    t =     4.39s Checking existence of `"lab.conversation.send" Any`
    t =     4.43s Checking existence of `"lab.sos.hold" Any`
    t =     4.48s Checking existence of `"lab.sos.cancel" Any`
    t =     4.52s Checking existence of `"lab.sos.retry" Any`
    t =     4.56s Checking existence of `"lab.conversation.recipient" Any`
    t =     4.61s Checking existence of `Any (Element at index 0)`
    t =     4.62s Tap Any (Element at index 0)
    t =     4.62s     Wait for io.godstone.app to idle
    t =     4.62s     Find the Any (Element at index 0)
    t =     4.63s     Check for interrupting elements affecting "archive.document.1" Button
    t =     4.64s     Synthesize event
    t =     4.93s     Wait for io.godstone.app to idle
    t =     5.80s Waiting 25.0s for "archive.back" Button to exist
    t =     6.84s     Checking `Expect predicate `existsNoRetry == 1` for object "archive.back" Button`
    t =     6.84s         Checking existence of `"archive.back" Button`
    t =     6.87s Find the "archive.back" Button
    t =     6.88s Find the "archive.back" Button
    t =     6.90s Checking existence of `"archive.back" Button`
    t =     6.91s Find the "archive.back" Button
    t =     6.92s Tap "archive.back" Button
    t =     6.92s     Wait for io.godstone.app to idle
    t =     6.93s     Find the "archive.back" Button
    t =     6.94s     Check for interrupting elements affecting "archive.back" Button
    t =     6.95s     Synthesize event
    t =     7.24s     Wait for io.godstone.app to idle
    t =     7.58s Waiting 25.0s for Any (First Match) to exist
    t =     8.60s     Checking `Expect predicate `existsNoRetry == 1` for object Any (First Match)`
    t =     8.60s         Checking existence of `Any (First Match)`
    t =     8.65s Tear Down
Test Case '-[GodstoneArchiveUITests.GodstoneArchiveUITests testGSINT001TheLightRosterSurvivesDefaultScaleRTL]' passed (8.891 seconds).
Test Case '-[GodstoneArchiveUITests.GodstoneArchiveUITests testGSINT001TheLightRosterSurvivesLargestScaleLTR]' started.
    t =     0.00s Start Test at 2026-10-04 07:39:40.279
    t =     0.03s Set Up
    t =     0.08s Open io.godstone.app
    t =     0.08s     Launch io.godstone.app
    t =     0.08s         Terminate io.godstone.app:46723
2026-10-04 07:39:41.384 xcodebuild[45939:47267303] [MT] IDELaunchParametersSnapshot: debugger version lookup failed for path '<nil>': noURL
2026-10-04 07:39:41.384 xcodebuild[45939:47267303] [MT] IDELaunchParametersSnapshot: no debugger version
    t =     1.32s         Setting up automation session
    t =     1.89s         Wait for io.godstone.app to idle
    t =     3.22s Waiting 40.0s for SearchField (First Match) to exist
    t =     4.25s     Checking `Expect predicate `existsNoRetry == 1` for object SearchField (First Match)`
    t =     4.25s         Checking existence of `SearchField (First Match)`
    t =     4.32s Get number of matches for: Elements matching predicate 'identifier BEGINSWITH "archive.document."'
    t =     4.33s Get number of matches for: Elements matching predicate 'identifier BEGINSWITH "archive.document."'
    t =     4.34s Checking existence of `Any (Element at index 0)`
    t =     4.35s Find the Any (Element at index 0)
    t =     4.36s Find the "archive.document.1" Button
    t =     4.38s Checking existence of `Any (Element at index 1)`
    t =     4.39s Find the Any (Element at index 1)
    t =     4.40s Find the "archive.document.2" Button
    t =     4.41s Checking existence of `"lab.conversation.send" Any`
    t =     4.46s Checking existence of `"lab.sos.hold" Any`
    t =     4.50s Checking existence of `"lab.sos.cancel" Any`
    t =     4.55s Checking existence of `"lab.sos.retry" Any`
    t =     4.60s Checking existence of `"lab.conversation.recipient" Any`
    t =     4.64s Tear Down
Test Case '-[GodstoneArchiveUITests.GodstoneArchiveUITests testGSINT001TheLightRosterSurvivesLargestScaleLTR]' passed (4.865 seconds).
Test Case '-[GodstoneArchiveUITests.GodstoneArchiveUITests testGSINT001TheLightRosterSurvivesLargestScaleRTL]' started.
    t =     0.00s Start Test at 2026-10-04 07:39:45.144
    t =     0.03s Set Up
    t =     0.08s Open io.godstone.app
    t =     0.08s     Launch io.godstone.app
    t =     0.08s         Terminate io.godstone.app:46752
2026-10-04 07:39:46.301 xcodebuild[45939:47267303] [MT] IDELaunchParametersSnapshot: debugger version lookup failed for path '<nil>': noURL
2026-10-04 07:39:46.302 xcodebuild[45939:47267303] [MT] IDELaunchParametersSnapshot: no debugger version
    t =     1.37s         Setting up automation session
    t =     1.98s         Wait for io.godstone.app to idle
    t =     3.30s Waiting 40.0s for SearchField (First Match) to exist
    t =     4.35s     Checking `Expect predicate `existsNoRetry == 1` for object SearchField (First Match)`
    t =     4.35s         Checking existence of `SearchField (First Match)`
    t =     4.43s Get number of matches for: Elements matching predicate 'identifier BEGINSWITH "archive.document."'
    t =     4.45s Get number of matches for: Elements matching predicate 'identifier BEGINSWITH "archive.document."'
    t =     4.46s Checking existence of `Any (Element at index 0)`
    t =     4.47s Find the Any (Element at index 0)
    t =     4.48s Find the "archive.document.1" Button
    t =     4.49s Checking existence of `Any (Element at index 1)`
    t =     4.50s Find the Any (Element at index 1)
    t =     4.51s Find the "archive.document.2" Button
    t =     4.52s Checking existence of `"lab.conversation.send" Any`
    t =     4.58s Checking existence of `"lab.sos.hold" Any`
    t =     4.62s Checking existence of `"lab.sos.cancel" Any`
    t =     4.67s Checking existence of `"lab.sos.retry" Any`
    t =     4.72s Checking existence of `"lab.conversation.recipient" Any`
    t =     4.76s Tear Down
Test Case '-[GodstoneArchiveUITests.GodstoneArchiveUITests testGSINT001TheLightRosterSurvivesLargestScaleRTL]' passed (4.998 seconds).
Test Suite 'GodstoneArchiveUITests' passed at 2026-10-04 07:39:50.142.
	 Executed 14 tests, with 0 failures (0 unexpected) in 228.180 (228.190) seconds
Test Suite 'GodstoneArchiveUITests.xctest' passed at 2026-10-04 07:39:50.143.
	 Executed 14 tests, with 0 failures (0 unexpected) in 228.180 (228.191) seconds
Test Suite 'All tests' passed at 2026-10-04 07:39:50.143.
	 Executed 14 tests, with 0 failures (0 unexpected) in 228.180 (228.192) seconds
2026-10-04 07:39:50.483 xcodebuild[45939:47267303] [MT] IDETestOperationsObserverDebug: 229.768 elapsed -- Testing started completed.
2026-10-04 07:39:50.483 xcodebuild[45939:47267303] [MT] IDETestOperationsObserverDebug: 0.000 sec, +0.000 sec -- start
2026-10-04 07:39:50.483 xcodebuild[45939:47267303] [MT] IDETestOperationsObserverDebug: 229.768 sec, +229.768 sec -- end

Test session results, code coverage, and logs:
	/Users/oculus/Library/Developer/Xcode/DerivedData/Godstone-amgfvuzikbdlwwbsulbruyunrsbz/Logs/Test/Test-GodstoneArchiveUI-2026.10.04_07-35-58-+0530.xcresult

** TEST SUCCEEDED **

Testing started
