⚙️  Generating plists...
⚙️  Generating project...
⚙️  Writing project...
Created project at /tmp/board1-rc15-work-final/wt_IOS-WIPE-UX-002/ios/Godstone.xcodeproj
iOS UI lane: attempted=2 launched=2 raw-rc=0 log=ios-ui-lane.log digest=e499d996259d4ce8…
  (*the raw xcodebuild status is EVIDENCE; the verdict comes from `ci/check_lane_results.py`*)

sqlcipher_stage=/var/folders/bg/pd6rztd92f73y6f73sbxdkdc0000gn/T//board1-sqlcipher-ios-simulator
=== scheme LabMeshUI ===
Command line invocation:
    /Applications/Xcode.app/Contents/Developer/usr/bin/xcodebuild -project ios/Godstone.xcodeproj -scheme LabMeshUI -configuration LightDebug -destination "platform=iOS Simulator,name=iPhone 17 Pro Max" CODE_SIGNING_ALLOWED=NO test

Build settings from command line:
    CODE_SIGNING_ALLOWED = NO

Resolve Package Graph


Resolved source packages:
  GodstonePackages: /tmp/board1-rc15-work-final/wt_IOS-WIPE-UX-002/ios/Godstone

ComputePackagePrebuildTargetDependencyGraph

Prepare packages

CreateBuildRequest

SendProjectDescription

CreateBuildOperation

ComputeTargetDependencyGraph
note: Building targets in dependency order
note: Target dependency graph (6 targets)
    Target 'LabMeshUITests' in project 'Godstone'
        ➜ Explicit dependency on target 'LabMesh' in project 'Godstone'
    Target 'LabMesh' in project 'Godstone'
        ➜ Explicit dependency on target 'GodstoneMesh-product' in project 'GodstonePackages'
        ➜ Explicit dependency on target 'GodstoneCore-product' in project 'GodstonePackages'
    Target 'GodstoneCore-product' in project 'GodstonePackages'
        ➜ Explicit dependency on target 'GodstoneCore' in project 'GodstonePackages'
    Target 'GodstoneMesh-product' in project 'GodstonePackages'
        ➜ Explicit dependency on target 'GodstoneMesh' in project 'GodstonePackages'
        ➜ Explicit dependency on target 'GodstoneCore' in project 'GodstonePackages'
    Target 'GodstoneMesh' in project 'GodstonePackages'
        ➜ Explicit dependency on target 'GodstoneCore' in project 'GodstonePackages'
    Target 'GodstoneCore' in project 'GodstonePackages' (no dependencies)

GatherProvisioningInputs

CreateBuildDescription

ClangStatCache /Applications/Xcode.app/Contents/Developer/Toolchains/XcodeDefault.xctoolchain/usr/bin/clang-stat-cache /Applications/Xcode.app/Contents/Developer/Platforms/iPhoneSimulator.platform/Developer/SDKs/iPhoneSimulator27.0.sdk /Users/oculus/Library/Developer/Xcode/DerivedData/SDKStatCaches.noindex/iphonesimulator27.0-24A430-8dc58220667be655e1bcc261a7455254.sdkstatcache
    cd /tmp/board1-rc15-work-final/wt_IOS-WIPE-UX-002/ios/Godstone.xcodeproj
    /Applications/Xcode.app/Contents/Developer/Toolchains/XcodeDefault.xctoolchain/usr/bin/clang-stat-cache /Applications/Xcode.app/Contents/Developer/Platforms/iPhoneSimulator.platform/Developer/SDKs/iPhoneSimulator27.0.sdk -o /Users/oculus/Library/Developer/Xcode/DerivedData/SDKStatCaches.noindex/iphonesimulator27.0-24A430-8dc58220667be655e1bcc261a7455254.sdkstatcache

SwiftDriver GodstoneMesh normal arm64 com.apple.xcode.tools.swift.compiler (in target 'GodstoneMesh' from project 'GodstonePackages')
    cd /tmp/board1-rc15-work-final/wt_IOS-WIPE-UX-002/ios/Godstone.xcodeproj
    builtin-SwiftDriver -- /Applications/Xcode.app/Contents/Developer/Toolchains/XcodeDefault.xctoolchain/usr/bin/swiftc -parse-as-library -module-name GodstoneMesh -Onone @/Users/oculus/Library/Developer/Xcode/DerivedData/Godstone-fhxfiiowqyicekcsieqfputjuuxv/Build/Intermediates.noindex/GodstonePackages.build/LightDebug-iphonesimulator/GodstoneMesh-t.build/Objects-normal/arm64/GodstoneMesh.SwiftFileList -DSWIFT_PACKAGE -DDEBUG -DSWIFT_MODULE_RESOURCE_BUNDLE_UNAVAILABLE -DXcode -plugin-path /Applications/Xcode.app/Contents/Developer/Toolchains/XcodeDefault.xctoolchain/usr/lib/swift/host/plugins/testing -enable-experimental-feature DebugDescriptionMacro -sdk /Applications/Xcode.app/Contents/Developer/Platforms/iPhoneSimulator.platform/Developer/SDKs/iPhoneSimulator27.0.sdk -target arm64-apple-ios16.0-simulator -g -module-cache-path /Users/oculus/Library/Developer/Xcode/DerivedData/ModuleCache.noindex -Xfrontend -serialize-debugging-options -enable-testing -index-store-path /Users/oculus/Library/Developer/Xcode/DerivedData/Godstone-fhxfiiowqyicekcsieqfputjuuxv/Index.noindex/DataStore -Xcc -D_LIBCPP_HARDENING_MODE\=_LIBCPP_HARDENING_MODE_DEBUG -swift-version 5 -I /Users/oculus/Library/Developer/Xcode/DerivedData/Godstone-fhxfiiowqyicekcsieqfputjuuxv/Build/Products/LightDebug-iphonesimulator -Isystem /Applications/Xcode.app/Contents/Developer/Platforms/iPhoneSimulator.platform/Developer/usr/lib -F /Users/oculus/Library/Developer/Xcode/DerivedData/Godstone-fhxfiiowqyicekcsieqfputjuuxv/Build/Products/LightDebug-iphonesimulator/PackageFrameworks -F /Users/oculus/Library/Developer/Xcode/DerivedData/Godstone-fhxfiiowqyicekcsieqfputjuuxv/Build/Products/LightDebug-iphonesimulator -F /Applications/Xcode.app/Contents/Developer/Platforms/iPhoneSimulator.platform/Developer/Library/Frameworks -F /Applications/Xcode.app/Contents/Developer/Platforms/iPhoneSimulator.platform/Developer/SDKs/iPhoneSimulator27.0.sdk/Developer/Library/Frameworks -c -j10 -enable-batch-mode -incremental -Xcc -ivfsstatcache -Xcc /Users/oculus/Library/Developer/Xcode/DerivedData/SDKStatCaches.noindex/iphonesimulator27.0-24A430-8dc58220667be655e1bcc261a7455254.sdkstatcache -output-file-map /Users/oculus/Library/Developer/Xcode/DerivedData/Godstone-fhxfiiowqyicekcsieqfputjuuxv/Build/Intermediates.noindex/GodstonePackages.build/LightDebug-iphonesimulator/GodstoneMesh-t.build/Objects-normal/arm64/GodstoneMesh-OutputFileMap.json -save-temps -no-color-diagnostics -explicit-module-build -module-cache-path /Users/oculus/Library/Developer/Xcode/DerivedData/Godstone-fhxfiiowqyicekcsieqfputjuuxv/Build/Intermediates.noindex/SwiftExplicitPrecompiledModules -clang-scanner-module-cache-path /Users/oculus/Library/Developer/Xcode/DerivedData/ModuleCache.noindex -sdk-module-cache-path /Users/oculus/Library/Developer/Xcode/DerivedData/SDKExplicitPrecompiledModules -emit-dependencies -emit-module -emit-module-path /Users/oculus/Library/Developer/Xcode/DerivedData/Godstone-fhxfiiowqyicekcsieqfputjuuxv/Build/Intermediates.noindex/GodstonePackages.build/LightDebug-iphonesimulator/GodstoneMesh-t.build/Objects-normal/arm64/GodstoneMesh.swiftmodule -serialize-diagnostics -dependency-scan-serialize-diagnostics-path /Users/oculus/Library/Developer/Xcode/DerivedData/Godstone-fhxfiiowqyicekcsieqfputjuuxv/Build/Intermediates.noindex/GodstonePackages.build/LightDebug-iphonesimulator/GodstoneMesh-t.build/Objects-normal/arm64/GodstoneMesh-dependency-scan.dia -validate-clang-modules-once -clang-build-session-file /Users/oculus/Library/Developer/Xcode/DerivedData/ModuleCache.noindex/Session.modulevalidation -Xcc -fmodules-prune-interval\=86400 -Xcc -fmodules-prune-after\=345600 -package-name godstone -emit-const-values -const-gather-protocols-list /Users/oculus/Library/Developer/Xcode/DerivedData/Godstone-fhxfiiowqyicekcsieqfputjuuxv/Build/Intermediates.noindex/GodstonePackages.build/LightDebug-iphonesimulator/GodstoneMesh-t.build/Objects-normal/arm64/GodstoneMesh_const_extract_protocols.json -Xcc -I/Users/oculus/Library/Developer/Xcode/DerivedData/Godstone-fhxfiiowqyicekcsieqfputjuuxv/Build/Products/LightDebug-iphonesimulator/include -Xcc -I/Users/oculus/Library/Developer/Xcode/DerivedData/Godstone-fhxfiiowqyicekcsieqfputjuuxv/Build/Intermediates.noindex/GodstonePackages.build/LightDebug-iphonesimulator/GodstoneMesh-t.build/DerivedSources-normal/arm64 -Xcc -I/Users/oculus/Library/Developer/Xcode/DerivedData/Godstone-fhxfiiowqyicekcsieqfputjuuxv/Build/Intermediates.noindex/GodstonePackages.build/LightDebug-iphonesimulator/GodstoneMesh-t.build/DerivedSources/arm64 -Xcc -I/Users/oculus/Library/Developer/Xcode/DerivedData/Godstone-fhxfiiowqyicekcsieqfputjuuxv/Build/Intermediates.noindex/GodstonePackages.build/LightDebug-iphonesimulator/GodstoneMesh-t.build/DerivedSources -Xcc -DSWIFT_PACKAGE -Xcc -DDEBUG\=1 -emit-objc-header -emit-objc-header-path /Users/oculus/Library/Developer/Xcode/DerivedData/Godstone-fhxfiiowqyicekcsieqfputjuuxv/Build/Intermediates.noindex/GodstonePackages.build/LightDebug-iphonesimulator/GodstoneMesh-t.build/Objects-normal/arm64/GodstoneMesh-Swift.h -working-directory /tmp/board1-rc15-work-final/wt_IOS-WIPE-UX-002/ios/Godstone.xcodeproj -experimental-emit-module-separately -disable-cmo

SwiftEmitModule normal arm64 Emitting\ module\ for\ GodstoneMesh (in target 'GodstoneMesh' from project 'GodstonePackages')
/private/tmp/board1-rc15-work-final/wt_IOS-WIPE-UX-002/ios/Godstone/Sources/GodstoneMesh/BleTransport.swift:8:16: warning: stored property 'peripheral' of 'Sendable'-conforming struct 'OutboundPhysicalLifetime' contains non-Sendable type 'CBPeripheral'; this is an error in the Swift 6 language mode
   6 |     public let relationKey: RelationKey
   7 |     public let transportEpoch: UInt64
   8 |     public let peripheral: CBPeripheral?
     |                `- warning: stored property 'peripheral' of 'Sendable'-conforming struct 'OutboundPhysicalLifetime' contains non-Sendable type 'CBPeripheral'; this is an error in the Swift 6 language mode
   9 | 
  10 |     public init(relationKey: RelationKey, transportEpoch: UInt64, peripheral: CBPeripheral? = nil) {

/Applications/Xcode.app/Contents/Developer/Platforms/iPhoneSimulator.platform/Developer/SDKs/iPhoneSimulator27.0.sdk/System/Library/Frameworks/CoreBluetooth.framework/Headers/CBPeripheral.h:66:28: note: class 'CBPeripheral' does not conform to the 'Sendable' protocol
 64 |  */
 65 | NS_CLASS_AVAILABLE(10_7, 5_0)
 66 | CB_EXTERN_CLASS @interface CBPeripheral : CBPeer
    |                            `- note: class 'CBPeripheral' does not conform to the 'Sendable' protocol
 67 | 
 68 | /*!

/private/tmp/board1-rc15-work-final/wt_IOS-WIPE-UX-002/ios/Godstone/Sources/GodstoneMesh/BleTransport.swift:2:1: warning: add '@preconcurrency' to suppress 'Sendable'-related warnings from module 'CoreBluetooth' [#AddPreconcurrencyImport]
   1 | import Foundation
   2 | import CoreBluetooth
     | `- warning: add '@preconcurrency' to suppress 'Sendable'-related warnings from module 'CoreBluetooth' [#AddPreconcurrencyImport]
   3 | import GodstoneCore
   4 | 

/private/tmp/board1-rc15-work-final/wt_IOS-WIPE-UX-002/ios/Godstone/Sources/GodstoneMesh/BleTransport.swift:32:16: warning: stored property 'characteristicUuid' of 'Sendable'-conforming struct 'InboxSubscription' has non-Sendable type 'CBUUID'; this is an error in the Swift 6 language mode
  30 | /// subscription. Presented by the subscribe callback, held with the lease.
  31 | public struct InboxSubscription: Equatable, Sendable {
  32 |     public let characteristicUuid: CBUUID
     |                `- warning: stored property 'characteristicUuid' of 'Sendable'-conforming struct 'InboxSubscription' has non-Sendable type 'CBUUID'; this is an error in the Swift 6 language mode
  33 |     public let maxUpdateLength: Int
  34 | 

/Applications/Xcode.app/Contents/Developer/Platforms/iPhoneSimulator.platform/Developer/SDKs/iPhoneSimulator27.0.sdk/System/Library/Frameworks/CoreBluetooth.framework/Headers/CBUUID.h:85:28: note: class 'CBUUID' does not conform to the 'Sendable' protocol
 83 |  */
 84 | NS_CLASS_AVAILABLE(10_7, 5_0)
 85 | CB_EXTERN_CLASS @interface CBUUID : NSObject <NSCopying>
    |                            `- note: class 'CBUUID' does not conform to the 'Sendable' protocol
 86 | 
 87 | /*!

/private/tmp/board1-rc15-work-final/wt_IOS-WIPE-UX-002/ios/Godstone/Sources/GodstoneMesh/BleTransport.swift:48:16: warning: stored property 'retainedCentral' of 'Sendable'-conforming struct 'InboundSubscriptionLifetime' contains non-Sendable type 'CBCentral'; this is an error in the Swift 6 language mode
  46 |     /// this handle - never through a fresh lookup of the subscriber list,
  47 |     /// which a reused identity could have renewed in the meantime.
  48 |     public let retainedCentral: CBCentral?
     |                `- warning: stored property 'retainedCentral' of 'Sendable'-conforming struct 'InboundSubscriptionLifetime' contains non-Sendable type 'CBCentral'; this is an error in the Swift 6 language mode
  49 |     /// The inbox subscription this lease stands for, as presented by the
  50 |     /// callback; nil while the subscription was not distinguishable.

/Applications/Xcode.app/Contents/Developer/Platforms/iPhoneSimulator.platform/Developer/SDKs/iPhoneSimulator27.0.sdk/System/Library/Frameworks/CoreBluetooth.framework/Headers/CBCentral.h:28:28: note: class 'CBCentral' does not conform to the 'Sendable' protocol
26 |  */
27 | NS_CLASS_AVAILABLE(10_9, 6_0)
28 | CB_EXTERN_CLASS @interface CBCentral : CBPeer
   |                            `- note: class 'CBCentral' does not conform to the 'Sendable' protocol
29 | 
30 | /*!

/private/tmp/board1-rc15-work-final/wt_IOS-WIPE-UX-002/ios/Godstone/Sources/GodstoneMesh/BleTransport.swift:123:5: warning: 'public' modifier is redundant for property declared in a public extension
 121 | 
 122 | public extension TransportManagerFactory {
 123 |     public var admissionBudgetOverride: Int? { return nil }
     |     `- warning: 'public' modifier is redundant for property declared in a public extension
 124 | }
 125 | 

/private/tmp/board1-rc15-work-final/wt_IOS-WIPE-UX-002/ios/Godstone/Sources/GodstoneMesh/BleTransport.swift:550:9: warning: stored property 'timer' of 'Sendable'-conforming struct 'TimerLease' has non-Sendable type 'Timer'; this is an error in the Swift 6 language mode
 548 |     public let deadlineUptimeMillis: UInt64
 549 |     public let handle: TimerKey
 550 |     let timer: Timer
     |         `- warning: stored property 'timer' of 'Sendable'-conforming struct 'TimerLease' has non-Sendable type 'Timer'; this is an error in the Swift 6 language mode
 551 |     let context: ManagerContext?
 552 | 

/Applications/Xcode.app/Contents/Developer/Platforms/iPhoneSimulator.platform/Developer/SDKs/iPhoneSimulator27.0.sdk/System/Library/Frameworks/Foundation.framework/Headers/NSTimer.h:45:12: note: class 'Timer' does not conform to the 'Sendable' protocol
 43 | ///
 44 | /// Do not subclass ``Timer``.
 45 | @interface NSTimer : NSObject
    |            `- note: class 'Timer' does not conform to the 'Sendable' protocol
 46 | 
 47 | /// Initializes a timer object with the specified invocation object.

/private/tmp/board1-rc15-work-final/wt_IOS-WIPE-UX-002/ios/Godstone/Sources/GodstoneMesh/BoundRecipientKeyResolver.swift:11:1: warning: conformance to 'Sendable' must occur in the same source file as class 'PeerIdentityRepository'; use '@unchecked Sendable' for retroactive conformance; this is an error in the Swift 6 language mode
 9 | }
10 | 
11 | extension PeerIdentityRepository: PeerIdentityLookupSource {}
   | `- warning: conformance to 'Sendable' must occur in the same source file as class 'PeerIdentityRepository'; use '@unchecked Sendable' for retroactive conformance; this is an error in the Swift 6 language mode
12 | 
13 | /// Read-only durable peer-identity -> ACK signing-key resolver (ADR-003, Phase C8.3).

/private/tmp/board1-rc15-work-final/wt_IOS-WIPE-UX-002/ios/Godstone/Sources/GodstoneMesh/PeerIdentityRepository.swift:114:17: warning: stored property 'store' of 'Sendable'-conforming class 'PeerIdentityRepository' has non-Sendable type 'any PeerIdentityStore'; this is an error in the Swift 6 language mode
112 | /// and post-mutation readback verification (ADR-003, Phase C8.2B).
113 | internal final class PeerIdentityRepository {
114 |     private let store: PeerIdentityStore
    |                 `- warning: stored property 'store' of 'Sendable'-conforming class 'PeerIdentityRepository' has non-Sendable type 'any PeerIdentityStore'; this is an error in the Swift 6 language mode
115 | 
116 |     init(store: PeerIdentityStore) {

/private/tmp/board1-rc15-work-final/wt_IOS-WIPE-UX-002/ios/Godstone/Sources/GodstoneMesh/PeerIdentityStore.swift:223:19: note: protocol 'PeerIdentityStore' does not conform to the 'Sendable' protocol
 221 | 
 222 | /// Storage protocol for peer identity repository backend (ADR-003, Phase C8.2B).
 223 | internal protocol PeerIdentityStore: AnyObject {
     |                   `- note: protocol 'PeerIdentityStore' does not conform to the 'Sendable' protocol
 224 |     func inImmediateTransaction<T>(_ block: (PeerIdentityStore) throws -> T) throws -> T
 225 | 

/private/tmp/board1-rc15-work-final/wt_IOS-WIPE-UX-002/ios/Godstone/Sources/GodstoneMesh/LabRuntime.swift:1918:17: warning: stored property 'trustStore' of 'Sendable'-conforming struct 'LabEstateSeam' contains non-Sendable type 'SqlitePeerIdentityStore'; this is an error in the Swift 6 language mode
1916 |     private let paths: [String: URL]
1917 |     private let drain: LabEstateDrainSeam?
1918 |     private let trustStore: SqlitePeerIdentityStore?
     |                 `- warning: stored property 'trustStore' of 'Sendable'-conforming struct 'LabEstateSeam' contains non-Sendable type 'SqlitePeerIdentityStore'; this is an error in the Swift 6 language mode
1919 |     internal let keychain: any LocalIdentityKeychain = HarnessIdentityKeychain()
1920 |     /// The lab carries no encrypted private store (its stores are plaintext files under Application Support), so

/private/tmp/board1-rc15-work-final/wt_IOS-WIPE-UX-002/ios/Godstone/Sources/GodstoneMesh/PeerIdentityStore.swift:288:22: note: class 'SqlitePeerIdentityStore' does not conform to the 'Sendable' protocol
 286 | 
 287 | /// Production SQLite-backed peer identity store with fixed FileProtectionType.complete (ADR-003, Phase C8.2B).
 288 | internal final class SqlitePeerIdentityStore: PeerIdentityStore {
     |                      `- note: class 'SqlitePeerIdentityStore' does not conform to the 'Sendable' protocol
 289 |     private var handle: OpaquePointer?
 290 | 

/private/tmp/board1-rc15-work-final/wt_IOS-WIPE-UX-002/ios/Godstone/Sources/GodstoneMesh/LabRuntime.swift:1922:18: warning: stored property 'dekProvider' of 'Sendable'-conforming struct 'LabEstateSeam' contains non-Sendable type 'any PrivateStoreKeyProvider'; this is an error in the Swift 6 language mode
1920 |     /// The lab carries no encrypted private store (its stores are plaintext files under Application Support), so
1921 |     /// there is no DEK to erase and the vault answereth `.absent` -- the tri-state doctrine's own honest word.
1922 |     internal let dekProvider: (any PrivateStoreKeyProvider)? = nil
     |                  `- warning: stored property 'dekProvider' of 'Sendable'-conforming struct 'LabEstateSeam' contains non-Sendable type 'any PrivateStoreKeyProvider'; this is an error in the Swift 6 language mode
1923 | 
1924 |     /// - Parameters:

/private/tmp/board1-rc15-work-final/wt_IOS-WIPE-UX-002/ios/Godstone/Sources/GodstoneMesh/PrivateStoreKeyProvider.swift:66:17: note: protocol 'PrivateStoreKeyProvider' does not conform to the 'Sendable' protocol
 64 | /// `DefaultPrivateStoreKeyProvider`; the court injects a fake to drive wrong-DEK,
 65 | /// Keychain-unavailable, locked-device and protection-failure decisions on the host.
 66 | public protocol PrivateStoreKeyProvider: AnyObject {
    |                 `- note: protocol 'PrivateStoreKeyProvider' does not conform to the 'Sendable' protocol
 67 |     /// The pinned DEK length in bytes (AES-256).
 68 |     var dekByteCount: Int { get }

/private/tmp/board1-rc15-work-final/wt_IOS-WIPE-UX-002/ios/Godstone/Sources/GodstoneMesh/MeshRuntime.swift:1269:17: warning: no calls to throwing functions occur within 'try' expression [#UnnecessaryEffectMarker]
1267 |             invalidateRuntime: { [invalidator, messageStore, peerIdentityStore,
1268 |                                  adoptedMessageConnection, adoptedPeerConnection] in
1269 |                 try invalidator.invalidateForWipe()
     |                 `- warning: no calls to throwing functions occur within 'try' expression [#UnnecessaryEffectMarker]
1270 |                 messageStore.close()
1271 |                 peerIdentityStore.close()

/private/tmp/board1-rc15-work-final/wt_IOS-WIPE-UX-002/ios/Godstone/Sources/GodstoneMesh/MeshRuntime.swift:1488:13: warning: stored property 'dekProvider' of 'Sendable'-conforming struct 'DefaultRecoveryEstate' contains non-Sendable type 'any PrivateStoreKeyProvider'; this is an error in the Swift 6 language mode
1486 |         let peerStoreUrl: URL
1487 |         let keychain: any LocalIdentityKeychain
1488 |         let dekProvider: (any PrivateStoreKeyProvider)?
     |             `- warning: stored property 'dekProvider' of 'Sendable'-conforming struct 'DefaultRecoveryEstate' contains non-Sendable type 'any PrivateStoreKeyProvider'; this is an error in the Swift 6 language mode
1489 |         /// The composition's ONE owner registry; the production recovery road drains and closes through IT.
1490 |         let registry: EstateOwnerRegistry

/private/tmp/board1-rc15-work-final/wt_IOS-WIPE-UX-002/ios/Godstone/Sources/GodstoneMesh/PrivateStoreKeyProvider.swift:66:17: note: protocol 'PrivateStoreKeyProvider' does not conform to the 'Sendable' protocol
 64 | /// `DefaultPrivateStoreKeyProvider`; the court injects a fake to drive wrong-DEK,
 65 | /// Keychain-unavailable, locked-device and protection-failure decisions on the host.
 66 | public protocol PrivateStoreKeyProvider: AnyObject {
    |                 `- note: protocol 'PrivateStoreKeyProvider' does not conform to the 'Sendable' protocol
 67 |     /// The pinned DEK length in bytes (AES-256).
 68 |     var dekByteCount: Int { get }

/private/tmp/board1-rc15-work-final/wt_IOS-WIPE-UX-002/ios/Godstone/Sources/GodstoneMesh/MeshRuntime.swift:1493:13: warning: stored property 'liveTransportSeam' of 'Sendable'-conforming struct 'DefaultRecoveryEstate' contains non-Sendable type 'any TransportRuntimeSeam'; this is an error in the Swift 6 language mode
1491 |         /// The runtime's live transport seam, when one is running; `nil` at create time, where the registry's own
1492 |         /// positive cold proof is what the drain rung stands on.
1493 |         let liveTransportSeam: TransportRuntimeSeam?
     |             `- warning: stored property 'liveTransportSeam' of 'Sendable'-conforming struct 'DefaultRecoveryEstate' contains non-Sendable type 'any TransportRuntimeSeam'; this is an error in the Swift 6 language mode
1494 |         /// The runtime's owner invalidation/close hook, carried across rather than dropped.
1495 |         let invalidateLiveOwners: () -> Void

/private/tmp/board1-rc15-work-final/wt_IOS-WIPE-UX-002/ios/Godstone/Sources/GodstoneMesh/CrashResumableWipe.swift:203:17: note: protocol 'TransportRuntimeSeam' does not conform to the 'Sendable' protocol
201 | }
202 | 
203 | public protocol TransportRuntimeSeam: AnyObject {
    |                 `- note: protocol 'TransportRuntimeSeam' does not conform to the 'Sendable' protocol
204 |     func drainTransport() -> RuntimeDrainReceipt
205 |     /// Whether THIS process lifetime has drained the transport; a reboot starts un-quiesced.

/private/tmp/board1-rc15-work-final/wt_IOS-WIPE-UX-002/ios/Godstone/Sources/GodstoneMesh/MeshRuntime.swift:1495:13: warning: stored property 'invalidateLiveOwners' of 'Sendable'-conforming struct 'DefaultRecoveryEstate' has non-Sendable type '() -> ()'; this is an error in the Swift 6 language mode
1493 |         let liveTransportSeam: TransportRuntimeSeam?
1494 |         /// The runtime's owner invalidation/close hook, carried across rather than dropped.
1495 |         let invalidateLiveOwners: () -> Void
     |             |- warning: stored property 'invalidateLiveOwners' of 'Sendable'-conforming struct 'DefaultRecoveryEstate' has non-Sendable type '() -> ()'; this is an error in the Swift 6 language mode
     |             `- note: a function type must be marked '@Sendable' to conform to 'Sendable'
1496 |         internal init(messageStoreUrl: URL, peerStoreUrl: URL,
1497 |                       keychain: any LocalIdentityKeychain,

/private/tmp/board1-rc15-work-final/wt_IOS-WIPE-UX-002/ios/Godstone/Sources/GodstoneMesh/MessageStore.swift:66:10: warning: associated value 'created' of 'Sendable'-conforming enum 'OutboundEnqueueResult' has non-Sendable type 'FrameV2'; this is an error in the Swift 6 language mode
  64 | public enum OutboundEnqueueResult: Sendable, Equatable {
  65 |     /// A new DIRECT message was atomically persisted in held_frames and delivery_state (QUEUED_DURABLY).
  66 |     case created(FrameV2)
     |          `- warning: associated value 'created' of 'Sendable'-conforming enum 'OutboundEnqueueResult' has non-Sendable type 'FrameV2'; this is an error in the Swift 6 language mode
  67 |     /// An idempotent retry of the SAME logical message with matching SINGLE_RECIPIENT binding and exact canonical frame.
  68 |     case alreadyQueuedSameBinding(FrameV2)

/private/tmp/board1-rc15-work-final/wt_IOS-WIPE-UX-002/ios/Godstone/Sources/GodstoneMesh/WireV2.swift:7:15: note: consider making struct 'FrameV2' conform to the 'Sendable' protocol
  5 | 
  6 | /// GMP/2 frame. Header is 32 bytes, big-endian.
  7 | public struct FrameV2: Equatable {
    |               `- note: consider making struct 'FrameV2' conform to the 'Sendable' protocol
  8 |     public static let magic: UInt16 = 0x4753
  9 |     public static let version: UInt8 = 0x02

/private/tmp/board1-rc15-work-final/wt_IOS-WIPE-UX-002/ios/Godstone/Sources/GodstoneMesh/MessageStore.swift:68:10: warning: associated value 'alreadyQueuedSameBinding' of 'Sendable'-conforming enum 'OutboundEnqueueResult' has non-Sendable type 'FrameV2'; this is an error in the Swift 6 language mode
  66 |     case created(FrameV2)
  67 |     /// An idempotent retry of the SAME logical message with matching SINGLE_RECIPIENT binding and exact canonical frame.
  68 |     case alreadyQueuedSameBinding(FrameV2)
     |          `- warning: associated value 'alreadyQueuedSameBinding' of 'Sendable'-conforming enum 'OutboundEnqueueResult' has non-Sendable type 'FrameV2'; this is an error in the Swift 6 language mode
  69 |     /// A held frame exists with matching msg_id but its fields/content differ from requested frame.
  70 |     case canonicalFrameMismatch

/private/tmp/board1-rc15-work-final/wt_IOS-WIPE-UX-002/ios/Godstone/Sources/GodstoneMesh/WireV2.swift:7:15: note: consider making struct 'FrameV2' conform to the 'Sendable' protocol
  5 | 
  6 | /// GMP/2 frame. Header is 32 bytes, big-endian.
  7 | public struct FrameV2: Equatable {
    |               `- note: consider making struct 'FrameV2' conform to the 'Sendable' protocol
  8 |     public static let magic: UInt16 = 0x4753
  9 |     public static let version: UInt8 = 0x02

/private/tmp/board1-rc15-work-final/wt_IOS-WIPE-UX-002/ios/Godstone/Sources/GodstoneMesh/SchemaMigration.swift:78:16: warning: stored property 'apply' of 'Sendable'-conforming struct 'MigrationStep' contains non-Sendable type '(any MigrationExecutor) -> ()'; this is an error in the Swift 6 language mode
 76 |     public let to: Int
 77 |     public let statements: [String]
 78 |     public let apply: MigrationApply?
    |                |- warning: stored property 'apply' of 'Sendable'-conforming struct 'MigrationStep' contains non-Sendable type '(any MigrationExecutor) -> ()'; this is an error in the Swift 6 language mode
    |                `- note: a function type must be marked '@Sendable' to conform to 'Sendable'
 79 |     public init(from: Int, to: Int, statements: [String], apply: MigrationApply? = nil) { self.from = from; self.to = to; self.statements = statements; self.apply = apply }
 80 | }


SwiftCompile normal arm64 (in target 'GodstoneMesh' from project 'GodstonePackages')
    cd /tmp/board1-rc15-work-final/wt_IOS-WIPE-UX-002/ios/Godstone.xcodeproj
    

/private/tmp/board1-rc15-work-final/wt_IOS-WIPE-UX-002/ios/Godstone/Sources/GodstoneMesh/SosCommand.swift:44:16: warning: stored property 'frame' of 'Sendable'-conforming struct 'ActiveSos' has non-Sendable type 'FrameV2'; this is an error in the Swift 6 language mode
 42 |     public let msgId: Data
 43 |     public let state: DeliveryState
 44 |     public let frame: FrameV2
    |                `- warning: stored property 'frame' of 'Sendable'-conforming struct 'ActiveSos' has non-Sendable type 'FrameV2'; this is an error in the Swift 6 language mode
 45 |     /// When this node committed the pair, when it remembers; nil when the
 46 |     /// tables cannot name the instant (honest silence over a fabricated clock).

/private/tmp/board1-rc15-work-final/wt_IOS-WIPE-UX-002/ios/Godstone/Sources/GodstoneMesh/WireV2.swift:7:15: note: consider making struct 'FrameV2' conform to the 'Sendable' protocol
  5 | 
  6 | /// GMP/2 frame. Header is 32 bytes, big-endian.
  7 | public struct FrameV2: Equatable {
    |               `- note: consider making struct 'FrameV2' conform to the 'Sendable' protocol
  8 |     public static let magic: UInt16 = 0x4753
  9 |     public static let version: UInt8 = 0x02

/private/tmp/board1-rc15-work-final/wt_IOS-WIPE-UX-002/ios/Godstone/Sources/GodstoneMesh/SyncControlOwner.swift:42:14: warning: associated value 'answered(frame:)' of 'Sendable'-conforming enum 'OwnerDecision' contains non-Sendable type 'FrameV2'; this is an error in the Swift 6 language mode
 40 |         case ignored(reason: String)
 41 |         case refused(reason: String)
 42 |         case answered(frame: FrameV2)
    |              `- warning: associated value 'answered(frame:)' of 'Sendable'-conforming enum 'OwnerDecision' contains non-Sendable type 'FrameV2'; this is an error in the Swift 6 language mode
 43 |         case delivered(frames: [FrameV2])
 44 |     }

/private/tmp/board1-rc15-work-final/wt_IOS-WIPE-UX-002/ios/Godstone/Sources/GodstoneMesh/WireV2.swift:7:15: note: consider making struct 'FrameV2' conform to the 'Sendable' protocol
  5 | 
  6 | /// GMP/2 frame. Header is 32 bytes, big-endian.
  7 | public struct FrameV2: Equatable {
    |               `- note: consider making struct 'FrameV2' conform to the 'Sendable' protocol
  8 |     public static let magic: UInt16 = 0x4753
  9 |     public static let version: UInt8 = 0x02

/private/tmp/board1-rc15-work-final/wt_IOS-WIPE-UX-002/ios/Godstone/Sources/GodstoneMesh/SyncControlOwner.swift:43:14: warning: associated value 'delivered(frames:)' of 'Sendable'-conforming enum 'OwnerDecision' contains non-Sendable type 'FrameV2'; this is an error in the Swift 6 language mode
 41 |         case refused(reason: String)
 42 |         case answered(frame: FrameV2)
 43 |         case delivered(frames: [FrameV2])
    |              `- warning: associated value 'delivered(frames:)' of 'Sendable'-conforming enum 'OwnerDecision' contains non-Sendable type 'FrameV2'; this is an error in the Swift 6 language mode
 44 |     }
 45 | 

/private/tmp/board1-rc15-work-final/wt_IOS-WIPE-UX-002/ios/Godstone/Sources/GodstoneMesh/WireV2.swift:7:15: note: consider making struct 'FrameV2' conform to the 'Sendable' protocol
  5 | 
  6 | /// GMP/2 frame. Header is 32 bytes, big-endian.
  7 | public struct FrameV2: Equatable {
    |               `- note: consider making struct 'FrameV2' conform to the 'Sendable' protocol
  8 |     public static let magic: UInt16 = 0x4753
  9 |     public static let version: UInt8 = 0x02

/private/tmp/board1-rc15-work-final/wt_IOS-WIPE-UX-002/ios/Godstone/Sources/GodstoneMesh/SyncPump.swift:46:16: warning: stored property 'frame' of 'Sendable'-conforming struct 'ForwardCopy' has non-Sendable type 'FrameV2'; this is an error in the Swift 6 language mode
 44 | /// exactly once -- and every retry re-emiteth these exact bytes.
 45 | public struct ForwardCopy: Equatable, Sendable {
 46 |     public let frame: FrameV2
    |                `- warning: stored property 'frame' of 'Sendable'-conforming struct 'ForwardCopy' has non-Sendable type 'FrameV2'; this is an error in the Swift 6 language mode
 47 |     /// The immediate hop it arrived from, which is never offered it back.
 48 |     public let fromPeer: Data?

/private/tmp/board1-rc15-work-final/wt_IOS-WIPE-UX-002/ios/Godstone/Sources/GodstoneMesh/WireV2.swift:7:15: note: consider making struct 'FrameV2' conform to the 'Sendable' protocol
  5 | 
  6 | /// GMP/2 frame. Header is 32 bytes, big-endian.
  7 | public struct FrameV2: Equatable {
    |               `- note: consider making struct 'FrameV2' conform to the 'Sendable' protocol
  8 |     public static let magic: UInt16 = 0x4753
  9 |     public static let version: UInt8 = 0x02

/private/tmp/board1-rc15-work-final/wt_IOS-WIPE-UX-002/ios/Godstone/Sources/GodstoneMesh/TrustedHandshakeController.swift:39:9: warning: stored property 'noiseSession' of 'Sendable'-conforming struct 'DefaultHs3Writer' has non-Sendable type 'NoiseSession'; this is an error in the Swift 6 language mode
 37 | 
 38 | internal struct DefaultHs3Writer: Hs3Writer {
 39 |     let noiseSession: NoiseSession
    |         `- warning: stored property 'noiseSession' of 'Sendable'-conforming struct 'DefaultHs3Writer' has non-Sendable type 'NoiseSession'; this is an error in the Swift 6 language mode
 40 |     func writeHs3(payload: Data) throws -> Data {
 41 |         try noiseSession.writeMessage3(payload: payload)

/private/tmp/board1-rc15-work-final/wt_IOS-WIPE-UX-002/ios/Godstone/Sources/GodstoneMesh/NoiseSession.swift:48:20: note: class 'NoiseSession' does not conform to the 'Sendable' protocol
 46 | }
 47 | 
 48 | public final class NoiseSession {
    |                    `- note: class 'NoiseSession' does not conform to the 'Sendable' protocol
 49 | 
 50 |     public enum Role { case initiator, responder }

[#AddPreconcurrencyImport]: <https://docs.swift.org/compiler/documentation/diagnostics/add-preconcurrency-import>
[#UnnecessaryEffectMarker]: <https://docs.swift.org/compiler/documentation/diagnostics/unnecessary-effect-marker>
SwiftCompile normal arm64 Compiling\ LabRuntime.swift /private/tmp/board1-rc15-work-final/wt_IOS-WIPE-UX-002/ios/Godstone/Sources/GodstoneMesh/LabRuntime.swift (in target 'GodstoneMesh' from project 'GodstonePackages')
/private/tmp/board1-rc15-work-final/wt_IOS-WIPE-UX-002/ios/Godstone/Sources/GodstoneMesh/LabRuntime.swift:1918:17: warning: stored property 'trustStore' of 'Sendable'-conforming struct 'LabEstateSeam' contains non-Sendable type 'SqlitePeerIdentityStore'; this is an error in the Swift 6 language mode
1916 |     private let paths: [String: URL]
1917 |     private let drain: LabEstateDrainSeam?
1918 |     private let trustStore: SqlitePeerIdentityStore?
     |                 `- warning: stored property 'trustStore' of 'Sendable'-conforming struct 'LabEstateSeam' contains non-Sendable type 'SqlitePeerIdentityStore'; this is an error in the Swift 6 language mode
1919 |     internal let keychain: any LocalIdentityKeychain = HarnessIdentityKeychain()
1920 |     /// The lab carries no encrypted private store (its stores are plaintext files under Application Support), so

/private/tmp/board1-rc15-work-final/wt_IOS-WIPE-UX-002/ios/Godstone/Sources/GodstoneMesh/PeerIdentityStore.swift:288:22: note: class 'SqlitePeerIdentityStore' does not conform to the 'Sendable' protocol
 286 | 
 287 | /// Production SQLite-backed peer identity store with fixed FileProtectionType.complete (ADR-003, Phase C8.2B).
 288 | internal final class SqlitePeerIdentityStore: PeerIdentityStore {
     |                      `- note: class 'SqlitePeerIdentityStore' does not conform to the 'Sendable' protocol
 289 |     private var handle: OpaquePointer?
 290 | 

/private/tmp/board1-rc15-work-final/wt_IOS-WIPE-UX-002/ios/Godstone/Sources/GodstoneMesh/LabRuntime.swift:1922:18: warning: stored property 'dekProvider' of 'Sendable'-conforming struct 'LabEstateSeam' contains non-Sendable type 'any PrivateStoreKeyProvider'; this is an error in the Swift 6 language mode
1920 |     /// The lab carries no encrypted private store (its stores are plaintext files under Application Support), so
1921 |     /// there is no DEK to erase and the vault answereth `.absent` -- the tri-state doctrine's own honest word.
1922 |     internal let dekProvider: (any PrivateStoreKeyProvider)? = nil
     |                  `- warning: stored property 'dekProvider' of 'Sendable'-conforming struct 'LabEstateSeam' contains non-Sendable type 'any PrivateStoreKeyProvider'; this is an error in the Swift 6 language mode
1923 | 
1924 |     /// - Parameters:

/private/tmp/board1-rc15-work-final/wt_IOS-WIPE-UX-002/ios/Godstone/Sources/GodstoneMesh/PrivateStoreKeyProvider.swift:66:17: note: protocol 'PrivateStoreKeyProvider' does not conform to the 'Sendable' protocol
 64 | /// `DefaultPrivateStoreKeyProvider`; the court injects a fake to drive wrong-DEK,
 65 | /// Keychain-unavailable, locked-device and protection-failure decisions on the host.
 66 | public protocol PrivateStoreKeyProvider: AnyObject {
    |                 `- note: protocol 'PrivateStoreKeyProvider' does not conform to the 'Sendable' protocol
 67 |     /// The pinned DEK length in bytes (AES-256).
 68 |     var dekByteCount: Int { get }

/private/tmp/board1-rc15-work-final/wt_IOS-WIPE-UX-002/ios/Godstone/Sources/GodstoneMesh/LabRuntime.swift:525:23: warning: value 'fromNode' was defined but never used; consider replacing with boolean test [#NoUsage]
 523 |         // pair's node ids are bound to the peer handle -- the same relation the transport delegate would bind.
 524 |         for from in labels {
 525 |             guard let fromNode = harness.node(from) else { continue }
     |                       `- warning: value 'fromNode' was defined but never used; consider replacing with boolean test [#NoUsage]
 526 |             for to in harness.linkedPeerLabels(from) {
 527 |                 guard let toNode = harness.node(to), let peerHandle = harness.transportHandle(for: to) else { continue }

/private/tmp/board1-rc15-work-final/wt_IOS-WIPE-UX-002/ios/Godstone/Sources/GodstoneMesh/LabRuntime.swift:420:27: warning: no calls to throwing functions occur within 'try' expression [#UnnecessaryEffectMarker]
 418 |                 // *** G1: THE REAL PRIVATE-STORE DOOR IS REACHED *HERE*, SO THE WITNESS IS RAISED HERE. ***
 419 |                 LabRecoveryOpenProbe.notePrivateStoreOpen(url.path)
 420 |                 durable = try SqliteMessageStore(url: url, maxBytes: 64 * 1024 * 1024)
     |                           `- warning: no calls to throwing functions occur within 'try' expression [#UnnecessaryEffectMarker]
 421 |                 nodeStores[label] = durable
 422 |                 // *EVERY LABEL'S FILE, SO THE WIPE CAN REACH THE WHOLE LAB ESTATE AND NOT ONE LABEL'S SLICE.*

[#NoUsage]: <https://docs.swift.org/compiler/documentation/diagnostics/no-usage>
[#UnnecessaryEffectMarker]: <https://docs.swift.org/compiler/documentation/diagnostics/unnecessary-effect-marker>

SwiftCompile normal arm64 /private/tmp/board1-rc15-work-final/wt_IOS-WIPE-UX-002/ios/Godstone/Sources/GodstoneMesh/LabRuntime.swift (in target 'GodstoneMesh' from project 'GodstonePackages')
    cd /tmp/board1-rc15-work-final/wt_IOS-WIPE-UX-002/ios/Godstone.xcodeproj
    builtin-SwiftPerFileCompile LabRuntime.swift

SwiftCompile normal arm64 Compiling\ SQLCipherTrustedExpectation.swift /private/tmp/board1-rc15-work-final/wt_IOS-WIPE-UX-002/ios/Godstone/Sources/GodstoneMesh/SQLCipherTrustedExpectation.swift (in target 'GodstoneMesh' from project 'GodstonePackages')

SwiftCompile normal arm64 /private/tmp/board1-rc15-work-final/wt_IOS-WIPE-UX-002/ios/Godstone/Sources/GodstoneMesh/SQLCipherTrustedExpectation.swift (in target 'GodstoneMesh' from project 'GodstonePackages')
    cd /tmp/board1-rc15-work-final/wt_IOS-WIPE-UX-002/ios/Godstone.xcodeproj
    builtin-SwiftPerFileCompile SQLCipherTrustedExpectation.swift

SwiftDriverJobDiscovery normal arm64 Compiling SQLCipherTrustedExpectation.swift (in target 'GodstoneMesh' from project 'GodstonePackages')

SwiftDriverJobDiscovery normal arm64 Compiling LabRuntime.swift (in target 'GodstoneMesh' from project 'GodstonePackages')

SwiftDriverJobDiscovery normal arm64 Emitting module for GodstoneMesh (in target 'GodstoneMesh' from project 'GodstonePackages')

SwiftDriver\ Compilation\ Requirements GodstoneMesh normal arm64 com.apple.xcode.tools.swift.compiler (in target 'GodstoneMesh' from project 'GodstonePackages')
    cd /tmp/board1-rc15-work-final/wt_IOS-WIPE-UX-002/ios/Godstone.xcodeproj
    builtin-Swift-Compilation-Requirements -- /Applications/Xcode.app/Contents/Developer/Toolchains/XcodeDefault.xctoolchain/usr/bin/swiftc -parse-as-library -module-name GodstoneMesh -Onone @/Users/oculus/Library/Developer/Xcode/DerivedData/Godstone-fhxfiiowqyicekcsieqfputjuuxv/Build/Intermediates.noindex/GodstonePackages.build/LightDebug-iphonesimulator/GodstoneMesh-t.build/Objects-normal/arm64/GodstoneMesh.SwiftFileList -DSWIFT_PACKAGE -DDEBUG -DSWIFT_MODULE_RESOURCE_BUNDLE_UNAVAILABLE -DXcode -plugin-path /Applications/Xcode.app/Contents/Developer/Toolchains/XcodeDefault.xctoolchain/usr/lib/swift/host/plugins/testing -enable-experimental-feature DebugDescriptionMacro -sdk /Applications/Xcode.app/Contents/Developer/Platforms/iPhoneSimulator.platform/Developer/SDKs/iPhoneSimulator27.0.sdk -target arm64-apple-ios16.0-simulator -g -module-cache-path /Users/oculus/Library/Developer/Xcode/DerivedData/ModuleCache.noindex -Xfrontend -serialize-debugging-options -enable-testing -index-store-path /Users/oculus/Library/Developer/Xcode/DerivedData/Godstone-fhxfiiowqyicekcsieqfputjuuxv/Index.noindex/DataStore -Xcc -D_LIBCPP_HARDENING_MODE\=_LIBCPP_HARDENING_MODE_DEBUG -swift-version 5 -I /Users/oculus/Library/Developer/Xcode/DerivedData/Godstone-fhxfiiowqyicekcsieqfputjuuxv/Build/Products/LightDebug-iphonesimulator -Isystem /Applications/Xcode.app/Contents/Developer/Platforms/iPhoneSimulator.platform/Developer/usr/lib -F /Users/oculus/Library/Developer/Xcode/DerivedData/Godstone-fhxfiiowqyicekcsieqfputjuuxv/Build/Products/LightDebug-iphonesimulator/PackageFrameworks -F /Users/oculus/Library/Developer/Xcode/DerivedData/Godstone-fhxfiiowqyicekcsieqfputjuuxv/Build/Products/LightDebug-iphonesimulator -F /Applications/Xcode.app/Contents/Developer/Platforms/iPhoneSimulator.platform/Developer/Library/Frameworks -F /Applications/Xcode.app/Contents/Developer/Platforms/iPhoneSimulator.platform/Developer/SDKs/iPhoneSimulator27.0.sdk/Developer/Library/Frameworks -c -j10 -enable-batch-mode -incremental -Xcc -ivfsstatcache -Xcc /Users/oculus/Library/Developer/Xcode/DerivedData/SDKStatCaches.noindex/iphonesimulator27.0-24A430-8dc58220667be655e1bcc261a7455254.sdkstatcache -output-file-map /Users/oculus/Library/Developer/Xcode/DerivedData/Godstone-fhxfiiowqyicekcsieqfputjuuxv/Build/Intermediates.noindex/GodstonePackages.build/LightDebug-iphonesimulator/GodstoneMesh-t.build/Objects-normal/arm64/GodstoneMesh-OutputFileMap.json -save-temps -no-color-diagnostics -explicit-module-build -module-cache-path /Users/oculus/Library/Developer/Xcode/DerivedData/Godstone-fhxfiiowqyicekcsieqfputjuuxv/Build/Intermediates.noindex/SwiftExplicitPrecompiledModules -clang-scanner-module-cache-path /Users/oculus/Library/Developer/Xcode/DerivedData/ModuleCache.noindex -sdk-module-cache-path /Users/oculus/Library/Developer/Xcode/DerivedData/SDKExplicitPrecompiledModules -emit-dependencies -emit-module -emit-module-path /Users/oculus/Library/Developer/Xcode/DerivedData/Godstone-fhxfiiowqyicekcsieqfputjuuxv/Build/Intermediates.noindex/GodstonePackages.build/LightDebug-iphonesimulator/GodstoneMesh-t.build/Objects-normal/arm64/GodstoneMesh.swiftmodule -serialize-diagnostics -dependency-scan-serialize-diagnostics-path /Users/oculus/Library/Developer/Xcode/DerivedData/Godstone-fhxfiiowqyicekcsieqfputjuuxv/Build/Intermediates.noindex/GodstonePackages.build/LightDebug-iphonesimulator/GodstoneMesh-t.build/Objects-normal/arm64/GodstoneMesh-dependency-scan.dia -validate-clang-modules-once -clang-build-session-file /Users/oculus/Library/Developer/Xcode/DerivedData/ModuleCache.noindex/Session.modulevalidation -Xcc -fmodules-prune-interval\=86400 -Xcc -fmodules-prune-after\=345600 -package-name godstone -emit-const-values -const-gather-protocols-list /Users/oculus/Library/Developer/Xcode/DerivedData/Godstone-fhxfiiowqyicekcsieqfputjuuxv/Build/Intermediates.noindex/GodstonePackages.build/LightDebug-iphonesimulator/GodstoneMesh-t.build/Objects-normal/arm64/GodstoneMesh_const_extract_protocols.json -Xcc -I/Users/oculus/Library/Developer/Xcode/DerivedData/Godstone-fhxfiiowqyicekcsieqfputjuuxv/Build/Products/LightDebug-iphonesimulator/include -Xcc -I/Users/oculus/Library/Developer/Xcode/DerivedData/Godstone-fhxfiiowqyicekcsieqfputjuuxv/Build/Intermediates.noindex/GodstonePackages.build/LightDebug-iphonesimulator/GodstoneMesh-t.build/DerivedSources-normal/arm64 -Xcc -I/Users/oculus/Library/Developer/Xcode/DerivedData/Godstone-fhxfiiowqyicekcsieqfputjuuxv/Build/Intermediates.noindex/GodstonePackages.build/LightDebug-iphonesimulator/GodstoneMesh-t.build/DerivedSources/arm64 -Xcc -I/Users/oculus/Library/Developer/Xcode/DerivedData/Godstone-fhxfiiowqyicekcsieqfputjuuxv/Build/Intermediates.noindex/GodstonePackages.build/LightDebug-iphonesimulator/GodstoneMesh-t.build/DerivedSources -Xcc -DSWIFT_PACKAGE -Xcc -DDEBUG\=1 -emit-objc-header -emit-objc-header-path /Users/oculus/Library/Developer/Xcode/DerivedData/Godstone-fhxfiiowqyicekcsieqfputjuuxv/Build/Intermediates.noindex/GodstonePackages.build/LightDebug-iphonesimulator/GodstoneMesh-t.build/Objects-normal/arm64/GodstoneMesh-Swift.h -working-directory /tmp/board1-rc15-work-final/wt_IOS-WIPE-UX-002/ios/Godstone.xcodeproj -experimental-emit-module-separately -disable-cmo

SwiftDriver\ Compilation GodstoneMesh normal arm64 com.apple.xcode.tools.swift.compiler (in target 'GodstoneMesh' from project 'GodstonePackages')
    cd /tmp/board1-rc15-work-final/wt_IOS-WIPE-UX-002/ios/Godstone.xcodeproj
    builtin-Swift-Compilation -- /Applications/Xcode.app/Contents/Developer/Toolchains/XcodeDefault.xctoolchain/usr/bin/swiftc -parse-as-library -module-name GodstoneMesh -Onone @/Users/oculus/Library/Developer/Xcode/DerivedData/Godstone-fhxfiiowqyicekcsieqfputjuuxv/Build/Intermediates.noindex/GodstonePackages.build/LightDebug-iphonesimulator/GodstoneMesh-t.build/Objects-normal/arm64/GodstoneMesh.SwiftFileList -DSWIFT_PACKAGE -DDEBUG -DSWIFT_MODULE_RESOURCE_BUNDLE_UNAVAILABLE -DXcode -plugin-path /Applications/Xcode.app/Contents/Developer/Toolchains/XcodeDefault.xctoolchain/usr/lib/swift/host/plugins/testing -enable-experimental-feature DebugDescriptionMacro -sdk /Applications/Xcode.app/Contents/Developer/Platforms/iPhoneSimulator.platform/Developer/SDKs/iPhoneSimulator27.0.sdk -target arm64-apple-ios16.0-simulator -g -module-cache-path /Users/oculus/Library/Developer/Xcode/DerivedData/ModuleCache.noindex -Xfrontend -serialize-debugging-options -enable-testing -index-store-path /Users/oculus/Library/Developer/Xcode/DerivedData/Godstone-fhxfiiowqyicekcsieqfputjuuxv/Index.noindex/DataStore -Xcc -D_LIBCPP_HARDENING_MODE\=_LIBCPP_HARDENING_MODE_DEBUG -swift-version 5 -I /Users/oculus/Library/Developer/Xcode/DerivedData/Godstone-fhxfiiowqyicekcsieqfputjuuxv/Build/Products/LightDebug-iphonesimulator -Isystem /Applications/Xcode.app/Contents/Developer/Platforms/iPhoneSimulator.platform/Developer/usr/lib -F /Users/oculus/Library/Developer/Xcode/DerivedData/Godstone-fhxfiiowqyicekcsieqfputjuuxv/Build/Products/LightDebug-iphonesimulator/PackageFrameworks -F /Users/oculus/Library/Developer/Xcode/DerivedData/Godstone-fhxfiiowqyicekcsieqfputjuuxv/Build/Products/LightDebug-iphonesimulator -F /Applications/Xcode.app/Contents/Developer/Platforms/iPhoneSimulator.platform/Developer/Library/Frameworks -F /Applications/Xcode.app/Contents/Developer/Platforms/iPhoneSimulator.platform/Developer/SDKs/iPhoneSimulator27.0.sdk/Developer/Library/Frameworks -c -j10 -enable-batch-mode -incremental -Xcc -ivfsstatcache -Xcc /Users/oculus/Library/Developer/Xcode/DerivedData/SDKStatCaches.noindex/iphonesimulator27.0-24A430-8dc58220667be655e1bcc261a7455254.sdkstatcache -output-file-map /Users/oculus/Library/Developer/Xcode/DerivedData/Godstone-fhxfiiowqyicekcsieqfputjuuxv/Build/Intermediates.noindex/GodstonePackages.build/LightDebug-iphonesimulator/GodstoneMesh-t.build/Objects-normal/arm64/GodstoneMesh-OutputFileMap.json -save-temps -no-color-diagnostics -explicit-module-build -module-cache-path /Users/oculus/Library/Developer/Xcode/DerivedData/Godstone-fhxfiiowqyicekcsieqfputjuuxv/Build/Intermediates.noindex/SwiftExplicitPrecompiledModules -clang-scanner-module-cache-path /Users/oculus/Library/Developer/Xcode/DerivedData/ModuleCache.noindex -sdk-module-cache-path /Users/oculus/Library/Developer/Xcode/DerivedData/SDKExplicitPrecompiledModules -emit-dependencies -emit-module -emit-module-path /Users/oculus/Library/Developer/Xcode/DerivedData/Godstone-fhxfiiowqyicekcsieqfputjuuxv/Build/Intermediates.noindex/GodstonePackages.build/LightDebug-iphonesimulator/GodstoneMesh-t.build/Objects-normal/arm64/GodstoneMesh.swiftmodule -serialize-diagnostics -dependency-scan-serialize-diagnostics-path /Users/oculus/Library/Developer/Xcode/DerivedData/Godstone-fhxfiiowqyicekcsieqfputjuuxv/Build/Intermediates.noindex/GodstonePackages.build/LightDebug-iphonesimulator/GodstoneMesh-t.build/Objects-normal/arm64/GodstoneMesh-dependency-scan.dia -validate-clang-modules-once -clang-build-session-file /Users/oculus/Library/Developer/Xcode/DerivedData/ModuleCache.noindex/Session.modulevalidation -Xcc -fmodules-prune-interval\=86400 -Xcc -fmodules-prune-after\=345600 -package-name godstone -emit-const-values -const-gather-protocols-list /Users/oculus/Library/Developer/Xcode/DerivedData/Godstone-fhxfiiowqyicekcsieqfputjuuxv/Build/Intermediates.noindex/GodstonePackages.build/LightDebug-iphonesimulator/GodstoneMesh-t.build/Objects-normal/arm64/GodstoneMesh_const_extract_protocols.json -Xcc -I/Users/oculus/Library/Developer/Xcode/DerivedData/Godstone-fhxfiiowqyicekcsieqfputjuuxv/Build/Products/LightDebug-iphonesimulator/include -Xcc -I/Users/oculus/Library/Developer/Xcode/DerivedData/Godstone-fhxfiiowqyicekcsieqfputjuuxv/Build/Intermediates.noindex/GodstonePackages.build/LightDebug-iphonesimulator/GodstoneMesh-t.build/DerivedSources-normal/arm64 -Xcc -I/Users/oculus/Library/Developer/Xcode/DerivedData/Godstone-fhxfiiowqyicekcsieqfputjuuxv/Build/Intermediates.noindex/GodstonePackages.build/LightDebug-iphonesimulator/GodstoneMesh-t.build/DerivedSources/arm64 -Xcc -I/Users/oculus/Library/Developer/Xcode/DerivedData/Godstone-fhxfiiowqyicekcsieqfputjuuxv/Build/Intermediates.noindex/GodstonePackages.build/LightDebug-iphonesimulator/GodstoneMesh-t.build/DerivedSources -Xcc -DSWIFT_PACKAGE -Xcc -DDEBUG\=1 -emit-objc-header -emit-objc-header-path /Users/oculus/Library/Developer/Xcode/DerivedData/Godstone-fhxfiiowqyicekcsieqfputjuuxv/Build/Intermediates.noindex/GodstonePackages.build/LightDebug-iphonesimulator/GodstoneMesh-t.build/Objects-normal/arm64/GodstoneMesh-Swift.h -working-directory /tmp/board1-rc15-work-final/wt_IOS-WIPE-UX-002/ios/Godstone.xcodeproj -experimental-emit-module-separately -disable-cmo

Copy /Users/oculus/Library/Developer/Xcode/DerivedData/Godstone-fhxfiiowqyicekcsieqfputjuuxv/Build/Products/LightDebug-iphonesimulator/GodstoneMesh.swiftmodule/Project/arm64-apple-ios-simulator.swiftsourceinfo /Users/oculus/Library/Developer/Xcode/DerivedData/Godstone-fhxfiiowqyicekcsieqfputjuuxv/Build/Intermediates.noindex/GodstonePackages.build/LightDebug-iphonesimulator/GodstoneMesh-t.build/Objects-normal/arm64/GodstoneMesh.swiftsourceinfo (in target 'GodstoneMesh' from project 'GodstonePackages')
    cd /tmp/board1-rc15-work-final/wt_IOS-WIPE-UX-002/ios/Godstone
    builtin-copy -exclude .DS_Store -exclude CVS -exclude .svn -exclude .git -exclude .hg -resolve-src-symlinks -rename /Users/oculus/Library/Developer/Xcode/DerivedData/Godstone-fhxfiiowqyicekcsieqfputjuuxv/Build/Intermediates.noindex/GodstonePackages.build/LightDebug-iphonesimulator/GodstoneMesh-t.build/Objects-normal/arm64/GodstoneMesh.swiftsourceinfo /Users/oculus/Library/Developer/Xcode/DerivedData/Godstone-fhxfiiowqyicekcsieqfputjuuxv/Build/Products/LightDebug-iphonesimulator/GodstoneMesh.swiftmodule/Project/arm64-apple-ios-simulator.swiftsourceinfo

Copy /Users/oculus/Library/Developer/Xcode/DerivedData/Godstone-fhxfiiowqyicekcsieqfputjuuxv/Build/Products/LightDebug-iphonesimulator/GodstoneMesh.swiftmodule/arm64-apple-ios-simulator.abi.json /Users/oculus/Library/Developer/Xcode/DerivedData/Godstone-fhxfiiowqyicekcsieqfputjuuxv/Build/Intermediates.noindex/GodstonePackages.build/LightDebug-iphonesimulator/GodstoneMesh-t.build/Objects-normal/arm64/GodstoneMesh.abi.json (in target 'GodstoneMesh' from project 'GodstonePackages')
    cd /tmp/board1-rc15-work-final/wt_IOS-WIPE-UX-002/ios/Godstone
    builtin-copy -exclude .DS_Store -exclude CVS -exclude .svn -exclude .git -exclude .hg -resolve-src-symlinks -rename /Users/oculus/Library/Developer/Xcode/DerivedData/Godstone-fhxfiiowqyicekcsieqfputjuuxv/Build/Intermediates.noindex/GodstonePackages.build/LightDebug-iphonesimulator/GodstoneMesh-t.build/Objects-normal/arm64/GodstoneMesh.abi.json /Users/oculus/Library/Developer/Xcode/DerivedData/Godstone-fhxfiiowqyicekcsieqfputjuuxv/Build/Products/LightDebug-iphonesimulator/GodstoneMesh.swiftmodule/arm64-apple-ios-simulator.abi.json

Ld /Users/oculus/Library/Developer/Xcode/DerivedData/Godstone-fhxfiiowqyicekcsieqfputjuuxv/Build/Products/LightDebug-iphonesimulator/GodstoneMesh.o normal (in target 'GodstoneMesh' from project 'GodstonePackages')
    cd /tmp/board1-rc15-work-final/wt_IOS-WIPE-UX-002/ios/Godstone
    /Applications/Xcode.app/Contents/Developer/Toolchains/XcodeDefault.xctoolchain/usr/bin/clang -Xlinker -reproducible -target arm64-apple-ios16.0-simulator -r -isysroot /Applications/Xcode.app/Contents/Developer/Platforms/iPhoneSimulator.platform/Developer/SDKs/iPhoneSimulator27.0.sdk -O0 -Xlinker -no_warn_duplicate_libraries -F/Users/oculus/Library/Developer/Xcode/DerivedData/Godstone-fhxfiiowqyicekcsieqfputjuuxv/Build/Intermediates.noindex/EagerLinkingTBDs/LightDebug-iphonesimulator -F/Users/oculus/Library/Developer/Xcode/DerivedData/Godstone-fhxfiiowqyicekcsieqfputjuuxv/Build/Products/LightDebug-iphonesimulator/PackageFrameworks -F/Users/oculus/Library/Developer/Xcode/DerivedData/Godstone-fhxfiiowqyicekcsieqfputjuuxv/Build/Products/LightDebug-iphonesimulator -iframework /Applications/Xcode.app/Contents/Developer/Platforms/iPhoneSimulator.platform/Developer/Library/Frameworks -iframework /Applications/Xcode.app/Contents/Developer/Platforms/iPhoneSimulator.platform/Developer/SDKs/iPhoneSimulator27.0.sdk/Developer/Library/Frameworks -filelist /Users/oculus/Library/Developer/Xcode/DerivedData/Godstone-fhxfiiowqyicekcsieqfputjuuxv/Build/Intermediates.noindex/GodstonePackages.build/LightDebug-iphonesimulator/GodstoneMesh-t.build/Objects-normal/arm64/GodstoneMesh.LinkFileList -nostdlib -Xlinker -object_path_lto -Xlinker /Users/oculus/Library/Developer/Xcode/DerivedData/Godstone-fhxfiiowqyicekcsieqfputjuuxv/Build/Intermediates.noindex/GodstonePackages.build/LightDebug-iphonesimulator/GodstoneMesh-t.build/Objects-normal/arm64/GodstoneMesh_lto.o -Xlinker -no_deduplicate -Xlinker -objc_abi_version -Xlinker 2 -Xlinker -dependency_info -Xlinker /Users/oculus/Library/Developer/Xcode/DerivedData/Godstone-fhxfiiowqyicekcsieqfputjuuxv/Build/Intermediates.noindex/GodstonePackages.build/LightDebug-iphonesimulator/GodstoneMesh-t.build/Objects-normal/arm64/GodstoneMesh_dependency_info.dat -fobjc-link-runtime -L/Applications/Xcode.app/Contents/Developer/Toolchains/XcodeDefault.xctoolchain/usr/lib/swift/iphonesimulator -L/usr/lib/swift -Xlinker -add_ast_path -Xlinker /Users/oculus/Library/Developer/Xcode/DerivedData/Godstone-fhxfiiowqyicekcsieqfputjuuxv/Build/Intermediates.noindex/GodstonePackages.build/LightDebug-iphonesimulator/GodstoneMesh-t.build/Objects-normal/arm64/GodstoneMesh.swiftmodule -o /Users/oculus/Library/Developer/Xcode/DerivedData/Godstone-fhxfiiowqyicekcsieqfputjuuxv/Build/Products/LightDebug-iphonesimulator/GodstoneMesh.o

ExtractAppIntentsMetadata (in target 'GodstoneMesh' from project 'GodstonePackages')
    cd /tmp/board1-rc15-work-final/wt_IOS-WIPE-UX-002/ios/Godstone
    /Applications/Xcode.app/Contents/Developer/Toolchains/XcodeDefault.xctoolchain/usr/bin/appintentsmetadataprocessor --toolchain-dir /Applications/Xcode.app/Contents/Developer/Toolchains/XcodeDefault.xctoolchain --module-name GodstoneMesh --sdk-root /Applications/Xcode.app/Contents/Developer/Platforms/iPhoneSimulator.platform/Developer/SDKs/iPhoneSimulator27.0.sdk --xcode-version 27A266a --platform-family iOS --deployment-target 16.0 --bundle-identifier godstone.GodstoneMesh --output /Users/oculus/Library/Developer/Xcode/DerivedData/Godstone-fhxfiiowqyicekcsieqfputjuuxv/Build/Products/LightDebug-iphonesimulator/GodstoneMesh.appintents --target-triple arm64-apple-ios16.0-simulator --binary-file /Users/oculus/Library/Developer/Xcode/DerivedData/Godstone-fhxfiiowqyicekcsieqfputjuuxv/Build/Products/LightDebug-iphonesimulator/GodstoneMesh.o --dependency-file /Users/oculus/Library/Developer/Xcode/DerivedData/Godstone-fhxfiiowqyicekcsieqfputjuuxv/Build/Intermediates.noindex/GodstonePackages.build/LightDebug-iphonesimulator/GodstoneMesh-t.build/Objects-normal/arm64/GodstoneMesh_dependency_info.dat --stringsdata-file /Users/oculus/Library/Developer/Xcode/DerivedData/Godstone-fhxfiiowqyicekcsieqfputjuuxv/Build/Intermediates.noindex/GodstonePackages.build/LightDebug-iphonesimulator/GodstoneMesh-t.build/Objects-normal/arm64/ExtractedAppShortcutsMetadata.stringsdata --source-file-list /Users/oculus/Library/Developer/Xcode/DerivedData/Godstone-fhxfiiowqyicekcsieqfputjuuxv/Build/Intermediates.noindex/GodstonePackages.build/LightDebug-iphonesimulator/GodstoneMesh-t.build/Objects-normal/arm64/GodstoneMesh.SwiftFileList --metadata-file-list /Users/oculus/Library/Developer/Xcode/DerivedData/Godstone-fhxfiiowqyicekcsieqfputjuuxv/Build/Intermediates.noindex/GodstonePackages.build/LightDebug-iphonesimulator/GodstoneMesh-t.build/GodstoneMesh.DependencyMetadataFileList --static-metadata-file-list /Users/oculus/Library/Developer/Xcode/DerivedData/Godstone-fhxfiiowqyicekcsieqfputjuuxv/Build/Intermediates.noindex/GodstonePackages.build/LightDebug-iphonesimulator/GodstoneMesh-t.build/GodstoneMesh.DependencyStaticMetadataFileList --swift-const-vals-list /Users/oculus/Library/Developer/Xcode/DerivedData/Godstone-fhxfiiowqyicekcsieqfputjuuxv/Build/Intermediates.noindex/GodstonePackages.build/LightDebug-iphonesimulator/GodstoneMesh-t.build/Objects-normal/arm64/GodstoneMesh.SwiftConstValuesFileList --force --compile-time-extraction --deployment-aware-processing --no-app-shortcuts-localization
2026-10-03 19:19:34.708 appintentsmetadataprocessor[19396:44936702] Starting appintentsmetadataprocessor export
2026-10-03 19:19:34.775 appintentsmetadataprocessor[19396:44936702] Extracted no relevant App Intents symbols, skipping writing output

Ld /Users/oculus/Library/Developer/Xcode/DerivedData/Godstone-fhxfiiowqyicekcsieqfputjuuxv/Build/Products/LightDebug-iphonesimulator/GodstoneLabMesh.app/GodstoneLabMesh.debug.dylib normal (in target 'LabMesh' from project 'Godstone')
    cd /tmp/board1-rc15-work-final/wt_IOS-WIPE-UX-002/ios
    /Applications/Xcode.app/Contents/Developer/Toolchains/XcodeDefault.xctoolchain/usr/bin/clang -Xlinker -reproducible -target arm64-apple-ios16.0-simulator -dynamiclib -isysroot /Applications/Xcode.app/Contents/Developer/Platforms/iPhoneSimulator.platform/Developer/SDKs/iPhoneSimulator27.0.sdk -O0 -Xlinker -no_warn_duplicate_libraries -L/Users/oculus/Library/Developer/Xcode/DerivedData/Godstone-fhxfiiowqyicekcsieqfputjuuxv/Build/Intermediates.noindex/EagerLinkingTBDs/LightDebug-iphonesimulator -L/Users/oculus/Library/Developer/Xcode/DerivedData/Godstone-fhxfiiowqyicekcsieqfputjuuxv/Build/Products/LightDebug-iphonesimulator -F/Users/oculus/Library/Developer/Xcode/DerivedData/Godstone-fhxfiiowqyicekcsieqfputjuuxv/Build/Intermediates.noindex/EagerLinkingTBDs/LightDebug-iphonesimulator -F/Users/oculus/Library/Developer/Xcode/DerivedData/Godstone-fhxfiiowqyicekcsieqfputjuuxv/Build/Products/LightDebug-iphonesimulator/PackageFrameworks -F/Users/oculus/Library/Developer/Xcode/DerivedData/Godstone-fhxfiiowqyicekcsieqfputjuuxv/Build/Products/LightDebug-iphonesimulator -filelist /Users/oculus/Library/Developer/Xcode/DerivedData/Godstone-fhxfiiowqyicekcsieqfputjuuxv/Build/Intermediates.noindex/Godstone.build/LightDebug-iphonesimulator/LabMesh.build/Objects-normal/arm64/GodstoneLabMesh.LinkFileList -install_name @rpath/GodstoneLabMesh.debug.dylib -Xlinker -rpath -Xlinker /usr/lib/swift -Xlinker -rpath -Xlinker @executable_path/Frameworks -Xlinker -dead_strip -Xlinker -object_path_lto -Xlinker /Users/oculus/Library/Developer/Xcode/DerivedData/Godstone-fhxfiiowqyicekcsieqfputjuuxv/Build/Intermediates.noindex/Godstone.build/LightDebug-iphonesimulator/LabMesh.build/Objects-normal/arm64/GodstoneLabMesh_lto.o -rdynamic -Xlinker -no_deduplicate -Xlinker -objc_abi_version -Xlinker 2 -Xlinker -dependency_info -Xlinker /Users/oculus/Library/Developer/Xcode/DerivedData/Godstone-fhxfiiowqyicekcsieqfputjuuxv/Build/Intermediates.noindex/Godstone.build/LightDebug-iphonesimulator/LabMesh.build/Objects-normal/arm64/GodstoneLabMesh_dependency_info.dat -fobjc-link-runtime -L/Applications/Xcode.app/Contents/Developer/Toolchains/XcodeDefault.xctoolchain/usr/lib/swift/iphonesimulator -L/usr/lib/swift -Xlinker -add_ast_path -Xlinker /Users/oculus/Library/Developer/Xcode/DerivedData/Godstone-fhxfiiowqyicekcsieqfputjuuxv/Build/Intermediates.noindex/Godstone.build/LightDebug-iphonesimulator/LabMesh.build/Objects-normal/arm64/GodstoneLabMesh.swiftmodule -Xlinker -alias -Xlinker _main -Xlinker ___debug_main_executable_dylib_entry_point -o /Users/oculus/Library/Developer/Xcode/DerivedData/Godstone-fhxfiiowqyicekcsieqfputjuuxv/Build/Products/LightDebug-iphonesimulator/GodstoneLabMesh.app/GodstoneLabMesh.debug.dylib

ConstructStubExecutorLinkFileList /Users/oculus/Library/Developer/Xcode/DerivedData/Godstone-fhxfiiowqyicekcsieqfputjuuxv/Build/Intermediates.noindex/Godstone.build/LightDebug-iphonesimulator/LabMesh.build/GodstoneLabMesh-ExecutorLinkFileList-normal-arm64.txt (in target 'LabMesh' from project 'Godstone')
    cd /tmp/board1-rc15-work-final/wt_IOS-WIPE-UX-002/ios
    construct-stub-executor-link-file-list /Users/oculus/Library/Developer/Xcode/DerivedData/Godstone-fhxfiiowqyicekcsieqfputjuuxv/Build/Products/LightDebug-iphonesimulator/GodstoneLabMesh.app/GodstoneLabMesh.debug.dylib /Applications/Xcode.app/Contents/Developer/Platforms/iPhoneSimulator.platform/Developer/usr/lib/libPreviewsJITStubExecutor_no_swift_entry_point.a /Applications/Xcode.app/Contents/Developer/Platforms/iPhoneSimulator.platform/Developer/usr/lib/libPreviewsJITStubExecutor.a --output /Users/oculus/Library/Developer/Xcode/DerivedData/Godstone-fhxfiiowqyicekcsieqfputjuuxv/Build/Intermediates.noindex/Godstone.build/LightDebug-iphonesimulator/LabMesh.build/GodstoneLabMesh-ExecutorLinkFileList-normal-arm64.txt
note: Using stub executor library with Swift entry point. (in target 'LabMesh' from project 'Godstone')

Ld /Users/oculus/Library/Developer/Xcode/DerivedData/Godstone-fhxfiiowqyicekcsieqfputjuuxv/Build/Products/LightDebug-iphonesimulator/GodstoneLabMesh.app/GodstoneLabMesh normal (in target 'LabMesh' from project 'Godstone')
    cd /tmp/board1-rc15-work-final/wt_IOS-WIPE-UX-002/ios
    /Applications/Xcode.app/Contents/Developer/Toolchains/XcodeDefault.xctoolchain/usr/bin/clang -Xlinker -reproducible -target arm64-apple-ios16.0-simulator -isysroot /Applications/Xcode.app/Contents/Developer/Platforms/iPhoneSimulator.platform/Developer/SDKs/iPhoneSimulator27.0.sdk -O0 -Xlinker -no_warn_duplicate_libraries -L/Users/oculus/Library/Developer/Xcode/DerivedData/Godstone-fhxfiiowqyicekcsieqfputjuuxv/Build/Products/LightDebug-iphonesimulator -F/Users/oculus/Library/Developer/Xcode/DerivedData/Godstone-fhxfiiowqyicekcsieqfputjuuxv/Build/Products/LightDebug-iphonesimulator/PackageFrameworks -F/Users/oculus/Library/Developer/Xcode/DerivedData/Godstone-fhxfiiowqyicekcsieqfputjuuxv/Build/Products/LightDebug-iphonesimulator -Xlinker -rpath -Xlinker @executable_path -Xlinker -rpath -Xlinker @executable_path/Frameworks -rdynamic -Xlinker -no_deduplicate -Xlinker -objc_abi_version -Xlinker 2 -e ___debug_blank_executor_main -Xlinker -sectcreate -Xlinker __TEXT -Xlinker __debug_dylib -Xlinker /Users/oculus/Library/Developer/Xcode/DerivedData/Godstone-fhxfiiowqyicekcsieqfputjuuxv/Build/Intermediates.noindex/Godstone.build/LightDebug-iphonesimulator/LabMesh.build/GodstoneLabMesh-DebugDylibPath-normal-arm64.txt -Xlinker -sectcreate -Xlinker __TEXT -Xlinker __debug_instlnm -Xlinker /Users/oculus/Library/Developer/Xcode/DerivedData/Godstone-fhxfiiowqyicekcsieqfputjuuxv/Build/Intermediates.noindex/Godstone.build/LightDebug-iphonesimulator/LabMesh.build/GodstoneLabMesh-DebugDylibInstallName-normal-arm64.txt -Xlinker -filelist -Xlinker /Users/oculus/Library/Developer/Xcode/DerivedData/Godstone-fhxfiiowqyicekcsieqfputjuuxv/Build/Intermediates.noindex/Godstone.build/LightDebug-iphonesimulator/LabMesh.build/GodstoneLabMesh-ExecutorLinkFileList-normal-arm64.txt /Users/oculus/Library/Developer/Xcode/DerivedData/Godstone-fhxfiiowqyicekcsieqfputjuuxv/Build/Products/LightDebug-iphonesimulator/GodstoneLabMesh.app/GodstoneLabMesh.debug.dylib -o /Users/oculus/Library/Developer/Xcode/DerivedData/Godstone-fhxfiiowqyicekcsieqfputjuuxv/Build/Products/LightDebug-iphonesimulator/GodstoneLabMesh.app/GodstoneLabMesh

ExtractAppIntentsMetadata (in target 'LabMesh' from project 'Godstone')
    cd /tmp/board1-rc15-work-final/wt_IOS-WIPE-UX-002/ios
    /Applications/Xcode.app/Contents/Developer/Toolchains/XcodeDefault.xctoolchain/usr/bin/appintentsmetadataprocessor --toolchain-dir /Applications/Xcode.app/Contents/Developer/Toolchains/XcodeDefault.xctoolchain --module-name GodstoneLabMesh --sdk-root /Applications/Xcode.app/Contents/Developer/Platforms/iPhoneSimulator.platform/Developer/SDKs/iPhoneSimulator27.0.sdk --xcode-version 27A266a --platform-family iOS --deployment-target 16.0 --bundle-identifier io.godstone.labmesh --output /Users/oculus/Library/Developer/Xcode/DerivedData/Godstone-fhxfiiowqyicekcsieqfputjuuxv/Build/Products/LightDebug-iphonesimulator/GodstoneLabMesh.app --target-triple arm64-apple-ios16.0-simulator --binary-file /Users/oculus/Library/Developer/Xcode/DerivedData/Godstone-fhxfiiowqyicekcsieqfputjuuxv/Build/Products/LightDebug-iphonesimulator/GodstoneLabMesh.app/GodstoneLabMesh --dependency-file /Users/oculus/Library/Developer/Xcode/DerivedData/Godstone-fhxfiiowqyicekcsieqfputjuuxv/Build/Intermediates.noindex/Godstone.build/LightDebug-iphonesimulator/LabMesh.build/Objects-normal/arm64/GodstoneLabMesh_dependency_info.dat --stringsdata-file /Users/oculus/Library/Developer/Xcode/DerivedData/Godstone-fhxfiiowqyicekcsieqfputjuuxv/Build/Intermediates.noindex/Godstone.build/LightDebug-iphonesimulator/LabMesh.build/Objects-normal/arm64/ExtractedAppShortcutsMetadata.stringsdata --source-file-list /Users/oculus/Library/Developer/Xcode/DerivedData/Godstone-fhxfiiowqyicekcsieqfputjuuxv/Build/Intermediates.noindex/Godstone.build/LightDebug-iphonesimulator/LabMesh.build/Objects-normal/arm64/GodstoneLabMesh.SwiftFileList --metadata-file-list /Users/oculus/Library/Developer/Xcode/DerivedData/Godstone-fhxfiiowqyicekcsieqfputjuuxv/Build/Intermediates.noindex/Godstone.build/LightDebug-iphonesimulator/LabMesh.build/GodstoneLabMesh.DependencyMetadataFileList --static-metadata-file-list /Users/oculus/Library/Developer/Xcode/DerivedData/Godstone-fhxfiiowqyicekcsieqfputjuuxv/Build/Intermediates.noindex/Godstone.build/LightDebug-iphonesimulator/LabMesh.build/GodstoneLabMesh.DependencyStaticMetadataFileList --swift-const-vals-list /Users/oculus/Library/Developer/Xcode/DerivedData/Godstone-fhxfiiowqyicekcsieqfputjuuxv/Build/Intermediates.noindex/Godstone.build/LightDebug-iphonesimulator/LabMesh.build/Objects-normal/arm64/GodstoneLabMesh.SwiftConstValuesFileList --compile-time-extraction --deployment-aware-processing --no-app-shortcuts-localization
2026-10-03 19:19:35.049 appintentsmetadataprocessor[19401:44936731] Starting appintentsmetadataprocessor export
2026-10-03 19:19:35.050 appintentsmetadataprocessor[19401:44936731] warning: Metadata extraction skipped, no AppIntents.framework dependency found

CopySwiftLibs /Users/oculus/Library/Developer/Xcode/DerivedData/Godstone-fhxfiiowqyicekcsieqfputjuuxv/Build/Products/LightDebug-iphonesimulator/GodstoneLabMesh.app (in target 'LabMesh' from project 'Godstone')
    cd /tmp/board1-rc15-work-final/wt_IOS-WIPE-UX-002/ios
    builtin-swiftStdLibTool --copy --verbose --scan-executable /Users/oculus/Library/Developer/Xcode/DerivedData/Godstone-fhxfiiowqyicekcsieqfputjuuxv/Build/Products/LightDebug-iphonesimulator/GodstoneLabMesh.app/GodstoneLabMesh.debug.dylib --scan-folder /Users/oculus/Library/Developer/Xcode/DerivedData/Godstone-fhxfiiowqyicekcsieqfputjuuxv/Build/Products/LightDebug-iphonesimulator/GodstoneLabMesh.app/Frameworks --scan-folder /Users/oculus/Library/Developer/Xcode/DerivedData/Godstone-fhxfiiowqyicekcsieqfputjuuxv/Build/Products/LightDebug-iphonesimulator/GodstoneLabMesh.app/PlugIns --scan-folder /Users/oculus/Library/Developer/Xcode/DerivedData/Godstone-fhxfiiowqyicekcsieqfputjuuxv/Build/Products/LightDebug-iphonesimulator/GodstoneLabMesh.app/SystemExtensions --scan-folder /Users/oculus/Library/Developer/Xcode/DerivedData/Godstone-fhxfiiowqyicekcsieqfputjuuxv/Build/Products/LightDebug-iphonesimulator/GodstoneLabMesh.app/Extensions --platform iphonesimulator --toolchain /Applications/Xcode.app/Contents/Developer/Toolchains/XcodeDefault.xctoolchain --destination /Users/oculus/Library/Developer/Xcode/DerivedData/Godstone-fhxfiiowqyicekcsieqfputjuuxv/Build/Products/LightDebug-iphonesimulator/GodstoneLabMesh.app/Frameworks --strip-bitcode --strip-bitcode-tool /Applications/Xcode.app/Contents/Developer/Toolchains/XcodeDefault.xctoolchain/usr/bin/bitcode_strip --emit-dependency-info /Users/oculus/Library/Developer/Xcode/DerivedData/Godstone-fhxfiiowqyicekcsieqfputjuuxv/Build/Intermediates.noindex/Godstone.build/LightDebug-iphonesimulator/LabMesh.build/SwiftStdLibToolInputDependencies.dep --filter-for-swift-os
Ignoring --strip-bitcode because --sign was not passed

PruneExplicitPrecompiledModules /Users/oculus/Library/Developer/Xcode/DerivedData/SDKExplicitPrecompiledModules

PruneExplicitPrecompiledModules /Users/oculus/Library/Developer/Xcode/DerivedData/Godstone-fhxfiiowqyicekcsieqfputjuuxv/Build/Intermediates.noindex/SwiftExplicitPrecompiledModules

PruneExplicitPrecompiledModules /Users/oculus/Library/Developer/Xcode/DerivedData/Godstone-fhxfiiowqyicekcsieqfputjuuxv/Build/Intermediates.noindex/ExplicitPrecompiledModules

2026-10-03 19:19:35.789821+0530 LabMeshUITests-Runner[19402:44936851] [Default] Running tests...
    t =      nans Interface orientation changed to Portrait
Test Suite 'All tests' started at 2026-10-03 19:19:36.322.
Test Suite 'LabMeshUITests.xctest' started at 2026-10-03 19:19:36.322.
Test Suite 'LabMeshAccessibilityUITests' started at 2026-10-03 19:19:36.322.
Test Case '-[LabMeshUITests.LabMeshAccessibilityUITests testGSINT001EveryEssentialControlIsReachableLabelledEnabledAndBigEnough]' started.
    t =     0.00s Start Test at 2026-10-03 19:19:36.323
    t =     0.03s Set Up
    t =     0.03s Open io.godstone.labmesh
    t =     0.03s     Launch io.godstone.labmesh
2026-10-03 19:19:36.439 xcodebuild[19364:44936472] [MT] IDELaunchParametersSnapshot: debugger version lookup failed for path '<nil>': noURL
2026-10-03 19:19:36.459 xcodebuild[19364:44936472] [MT] IDELaunchParametersSnapshot: no debugger version
    t =     0.54s         Setting up automation session
objc[19402]: Class UIAccessibilityLoaderWebShared is implemented in both /Library/Developer/CoreSimulator/Volumes/iOS_23F77/Library/Developer/CoreSimulator/Profiles/Runtimes/iOS 26.5.simruntime/Contents/Resources/RuntimeRoot/System/Library/AccessibilityBundles/WebCore.axbundle/WebCore (0x1077c8310) and /Library/Developer/CoreSimulator/Volumes/iOS_23F77/Library/Developer/CoreSimulator/Profiles/Runtimes/iOS 26.5.simruntime/Contents/Resources/RuntimeRoot/System/Library/AccessibilityBundles/WebKit.axbundle/WebKit (0x10706c398). This may cause spurious casting failures and mysterious crashes. One of the duplicates must be removed or renamed.
    t =     1.16s         Wait for io.godstone.labmesh to idle
    t =     2.49s Checking existence of `"lab.tab.conversation" Button`
    t =     2.58s Checking existence of `"lab.tab.conversation" Button`
    t =     2.76s Checking existence of `"lab.tab.conversation" Button`
    t =     2.79s Checking existence of `"lab.tab.conversation" Button`
    t =     2.96s Checking existence of `"lab.tab.conversation" Button`
    t =     3.00s Waiting 20.0s for "lab.tab.conversation" Button to exist
    t =     4.07s     Checking `Expect predicate `existsNoRetry == 1` for object "lab.tab.conversation" Button`
    t =     4.07s         Checking existence of `"lab.tab.conversation" Button`
    t =     4.11s Tap "lab.tab.conversation" Button
    t =     4.11s     Wait for io.godstone.labmesh to idle
    t =     4.12s     Find the "lab.tab.conversation" Button
    t =     4.14s     Check for interrupting elements affecting "lab.tab.conversation" Button
    t =     4.15s     Synthesize event
    t =     4.45s     Wait for io.godstone.labmesh to idle
    t =     5.22s Waiting 20.0s for "lab.conversation.recipient" Any to exist
    t =     6.29s     Checking `Expect predicate `existsNoRetry == 1` for object "lab.conversation.recipient" Any`
    t =     6.29s         Checking existence of `"lab.conversation.recipient" Any`
    t =     6.35s Checking existence of `"lab.conversation.recipient" Any`
    t =     6.38s Find the "lab.conversation.recipient" Any
    t =     6.42s Find the "lab.conversation.recipient" Button
    t =     6.45s Find the "lab.conversation.recipient" Button
    t =     6.49s Find the "lab.conversation.recipient" Button
    t =     6.52s Find the "lab.conversation.recipient" Button
    t =     6.55s Find the "lab.conversation.recipient" Button
    t =     6.58s Find the "lab.conversation.recipient" Button
    t =     6.61s Waiting 20.0s for "lab.conversation.send" Any to exist
    t =     7.69s     Checking `Expect predicate `existsNoRetry == 1` for object "lab.conversation.send" Any`
    t =     7.69s         Checking existence of `"lab.conversation.send" Any`
    t =     7.75s Checking existence of `"lab.conversation.send" Any`
    t =     7.78s Find the "lab.conversation.send" Any
    t =     7.82s Find the "lab.conversation.send" Button
    t =     7.87s Checking existence of `ScrollView (First Match)`
    t =     7.87s Swipe up ScrollView (First Match)
    t =     7.87s     Wait for io.godstone.labmesh to idle
    t =     7.88s     Find the ScrollView (First Match)
    t =     7.89s     Check for interrupting elements affecting ScrollView
    t =     7.90s     Synthesize event
    t =     8.33s     Wait for io.godstone.labmesh to idle
    t =     8.88s Checking existence of `"lab.conversation.send" Button`
    t =     8.93s Find the "lab.conversation.send" Button
    t =     8.97s Find the "lab.conversation.send" Button
    t =     9.01s Find the "lab.conversation.send" Button
    t =     9.04s Find the "lab.conversation.send" Button
    t =     9.08s Find the "lab.conversation.send" Button
    t =     9.11s Find the "lab.conversation.send" Button
    t =     9.14s Checking existence of `"lab.tab.sos" Button`
    t =     9.16s Waiting 20.0s for "lab.tab.sos" Button to exist
    t =    10.21s     Checking `Expect predicate `existsNoRetry == 1` for object "lab.tab.sos" Button`
    t =    10.22s         Checking existence of `"lab.tab.sos" Button`
    t =    10.25s Tap "lab.tab.sos" Button
    t =    10.25s     Wait for io.godstone.labmesh to idle
    t =    10.26s     Find the "lab.tab.sos" Button
    t =    10.27s     Check for interrupting elements affecting "lab.tab.sos" Button
    t =    10.29s     Synthesize event
    t =    10.57s     Wait for io.godstone.labmesh to idle
    t =    11.98s Waiting 20.0s for "lab.sos.hold" Any to exist
    t =    13.04s     Checking `Expect predicate `existsNoRetry == 1` for object "lab.sos.hold" Any`
    t =    13.04s         Checking existence of `"lab.sos.hold" Any`
    t =    13.11s Checking existence of `"lab.sos.hold" Any`
    t =    13.14s Find the "lab.sos.hold" Any
    t =    13.17s Find the "lab.sos.hold" StaticText
    t =    13.21s Find the "lab.sos.hold" StaticText
    t =    13.24s Find the "lab.sos.hold" StaticText
    t =    13.27s Waiting 20.0s for "lab.sos.cancel" Any to exist
    t =    14.35s     Checking `Expect predicate `existsNoRetry == 1` for object "lab.sos.cancel" Any`
    t =    14.35s         Checking existence of `"lab.sos.cancel" Any`
    t =    14.41s Checking existence of `"lab.sos.cancel" Any`
    t =    14.45s Find the "lab.sos.cancel" Any
    t =    14.48s Find the "lab.sos.cancel" Button
    t =    14.52s Find the "lab.sos.cancel" Button
    t =    14.55s Find the "lab.sos.cancel" Button
    t =    14.58s Waiting 20.0s for "lab.sos.retry" Any to exist
    t =    15.65s     Checking `Expect predicate `existsNoRetry == 1` for object "lab.sos.retry" Any`
    t =    15.65s         Checking existence of `"lab.sos.retry" Any`
    t =    15.71s Checking existence of `"lab.sos.retry" Any`
    t =    15.75s Find the "lab.sos.retry" Any
    t =    15.79s Find the "lab.sos.retry" Button
    t =    15.84s Checking existence of `ScrollView (First Match)`
    t =    15.85s Swipe up ScrollView (First Match)
    t =    15.85s     Wait for io.godstone.labmesh to idle
    t =    15.85s     Find the ScrollView (First Match)
    t =    15.86s     Check for interrupting elements affecting ScrollView
    t =    15.87s     Synthesize event
    t =    16.31s     Wait for io.godstone.labmesh to idle
    t =    16.83s Checking existence of `"lab.sos.retry" Button`
    t =    16.89s Find the "lab.sos.retry" Button
    t =    16.92s Find the "lab.sos.retry" Button
    t =    16.96s Find the "lab.sos.retry" Button
    t =    16.99s Find the "lab.sos.retry" Button
    t =    17.02s Tear Down
Test Case '-[LabMeshUITests.LabMeshAccessibilityUITests testGSINT001EveryEssentialControlIsReachableLabelledEnabledAndBigEnough]' passed (17.293 seconds).
Test Case '-[LabMeshUITests.LabMeshAccessibilityUITests testGSINT001TheDistressStateSurvivesRelaunchInTheSharedVocabulary]' started.
    t =     0.00s Start Test at 2026-10-03 19:19:53.617
    t =     0.03s Set Up
    t =     0.03s Open io.godstone.labmesh
    t =     0.03s     Launch io.godstone.labmesh
    t =     0.03s         Terminate io.godstone.labmesh:19412
2026-10-03 19:19:54.752 xcodebuild[19364:44936472] [MT] IDELaunchParametersSnapshot: debugger version lookup failed for path '<nil>': noURL
2026-10-03 19:19:54.754 xcodebuild[19364:44936472] [MT] IDELaunchParametersSnapshot: no debugger version
    t =     1.35s         Setting up automation session
    t =     2.01s         Wait for io.godstone.labmesh to idle
    t =     3.30s Checking existence of `"lab.tab.sos" Button`
    t =     3.39s Checking existence of `"lab.tab.sos" Button`
    t =     3.56s Checking existence of `"lab.tab.sos" Button`
    t =     3.58s Checking existence of `"lab.tab.sos" Button`
    t =     3.75s Checking existence of `"lab.tab.sos" Button`
    t =     3.79s Waiting 20.0s for "lab.tab.sos" Button to exist
    t =     4.87s     Checking `Expect predicate `existsNoRetry == 1` for object "lab.tab.sos" Button`
    t =     4.87s         Checking existence of `"lab.tab.sos" Button`
    t =     4.91s Tap "lab.tab.sos" Button
    t =     4.91s     Wait for io.godstone.labmesh to idle
    t =     4.91s     Find the "lab.tab.sos" Button
    t =     4.93s     Check for interrupting elements affecting "lab.tab.sos" Button
    t =     4.94s     Synthesize event
    t =     5.23s     Wait for io.godstone.labmesh to idle
    t =     6.63s Waiting 20.0s for "lab.sos.send" Button to exist
    t =     7.71s     Checking `Expect predicate `existsNoRetry == 1` for object "lab.sos.send" Button`
    t =     7.71s         Checking existence of `"lab.sos.send" Button`
    t =     7.75s Tap "lab.sos.send" Button
    t =     7.75s     Wait for io.godstone.labmesh to idle
    t =     7.75s     Find the "lab.sos.send" Button
    t =     7.77s     Check for interrupting elements affecting "lab.sos.send" Button
    t =     7.78s     Synthesize event
    t =     8.07s     Wait for io.godstone.labmesh to idle
    t =     9.13s Checking `Expect predicate `value BEGINSWITH "active: "` for object "lab.sos.state" Any`
    t =     9.13s     Find the "lab.sos.state" Any
    t =     9.19s Find the "lab.sos.state" Other
    t =     9.22s Terminate io.godstone.labmesh:19496
    t =    10.30s Open io.godstone.labmesh
    t =    10.30s     Launch io.godstone.labmesh
2026-10-03 19:20:03.923 xcodebuild[19364:44936472] [MT] IDELaunchParametersSnapshot: debugger version lookup failed for path '<nil>': noURL
2026-10-03 19:20:03.923 xcodebuild[19364:44936472] [MT] IDELaunchParametersSnapshot: no debugger version
    t =    10.52s         Setting up automation session
    t =    11.20s         Wait for io.godstone.labmesh to idle
    t =    12.49s Checking existence of `"lab.tab.sos" Button`
    t =    12.56s Checking existence of `"lab.tab.sos" Button`
    t =    12.74s Checking existence of `"lab.tab.sos" Button`
    t =    12.76s Checking existence of `"lab.tab.sos" Button`
    t =    12.94s Checking existence of `"lab.tab.sos" Button`
    t =    12.97s Waiting 20.0s for "lab.tab.sos" Button to exist
    t =    14.04s     Checking `Expect predicate `existsNoRetry == 1` for object "lab.tab.sos" Button`
    t =    14.04s         Checking existence of `"lab.tab.sos" Button`
    t =    14.08s Tap "lab.tab.sos" Button
    t =    14.08s     Wait for io.godstone.labmesh to idle
    t =    14.09s     Find the "lab.tab.sos" Button
    t =    14.10s     Check for interrupting elements affecting "lab.tab.sos" Button
    t =    14.12s     Synthesize event
    t =    14.41s     Wait for io.godstone.labmesh to idle
    t =    15.82s Waiting 20.0s for "lab.sos.state" Any to exist
    t =    16.88s     Checking `Expect predicate `existsNoRetry == 1` for object "lab.sos.state" Any`
    t =    16.88s         Checking existence of `"lab.sos.state" Any`
    t =    16.93s Find the "lab.sos.state" Any
    t =    16.96s Tear Down
Test Case '-[LabMeshUITests.LabMeshAccessibilityUITests testGSINT001TheDistressStateSurvivesRelaunchInTheSharedVocabulary]' passed (17.205 seconds).
Test Case '-[LabMeshUITests.LabMeshAccessibilityUITests testGSINT001TheLargestTextScaleReallyEnlargesTheLaidOutLayout]' started.
    t =     0.00s Start Test at 2026-10-03 19:20:10.823
    t =     0.03s Set Up
    t =     0.03s Open io.godstone.labmesh
    t =     0.04s     Launch io.godstone.labmesh
    t =     0.04s         Terminate io.godstone.labmesh:19521
2026-10-03 19:20:11.945 xcodebuild[19364:44936472] [MT] IDELaunchParametersSnapshot: debugger version lookup failed for path '<nil>': noURL
2026-10-03 19:20:11.945 xcodebuild[19364:44936472] [MT] IDELaunchParametersSnapshot: no debugger version
    t =     1.33s         Setting up automation session
    t =     1.96s         Wait for io.godstone.labmesh to idle
    t =     3.24s Checking existence of `"lab.tab.conversation" Button`
    t =     3.33s Checking existence of `"lab.tab.conversation" Button`
    t =     3.51s Checking existence of `"lab.tab.conversation" Button`
    t =     3.53s Checking existence of `"lab.tab.conversation" Button`
    t =     3.71s Checking existence of `"lab.tab.conversation" Button`
    t =     3.75s Waiting 40.0s for "lab.tab.conversation" Button to exist
    t =     4.79s     Checking `Expect predicate `existsNoRetry == 1` for object "lab.tab.conversation" Button`
    t =     4.79s         Checking existence of `"lab.tab.conversation" Button`
    t =     4.83s Tap "lab.tab.conversation" Button
    t =     4.83s     Wait for io.godstone.labmesh to idle
    t =     4.83s     Find the "lab.tab.conversation" Button
    t =     4.85s     Check for interrupting elements affecting "lab.tab.conversation" Button
    t =     4.87s     Synthesize event
    t =     5.16s     Wait for io.godstone.labmesh to idle
    t =     5.93s Waiting 30.0s for "lab.conversation.field" TextField to exist
    t =     6.97s     Checking `Expect predicate `existsNoRetry == 1` for object "lab.conversation.field" TextField`
    t =     6.97s         Checking existence of `"lab.conversation.field" TextField`
    t =     7.01s Find the "lab.conversation.field" TextField
    t =     7.03s Open io.godstone.labmesh
    t =     7.03s     Launch io.godstone.labmesh
    t =     7.03s         Terminate io.godstone.labmesh:19556
2026-10-03 19:20:18.946 xcodebuild[19364:44936472] [MT] IDELaunchParametersSnapshot: debugger version lookup failed for path '<nil>': noURL
2026-10-03 19:20:18.946 xcodebuild[19364:44936472] [MT] IDELaunchParametersSnapshot: no debugger version
    t =     8.34s         Setting up automation session
    t =     8.93s         Wait for io.godstone.labmesh to idle
    t =    10.23s Checking existence of `"lab.tab.conversation" Button`
    t =    10.31s Checking existence of `"lab.tab.conversation" Button`
    t =    10.49s Checking existence of `"lab.tab.conversation" Button`
    t =    10.51s Checking existence of `"lab.tab.conversation" Button`
    t =    10.69s Checking existence of `"lab.tab.conversation" Button`
    t =    10.73s Waiting 40.0s for "lab.tab.conversation" Button to exist
    t =    11.77s     Checking `Expect predicate `existsNoRetry == 1` for object "lab.tab.conversation" Button`
    t =    11.77s         Checking existence of `"lab.tab.conversation" Button`
    t =    11.81s Tap "lab.tab.conversation" Button
    t =    11.81s     Wait for io.godstone.labmesh to idle
    t =    11.82s     Find the "lab.tab.conversation" Button
    t =    11.83s     Check for interrupting elements affecting "lab.tab.conversation" Button
    t =    11.85s     Synthesize event
    t =    12.14s     Wait for io.godstone.labmesh to idle
    t =    12.90s Waiting 30.0s for "lab.conversation.field" TextField to exist
    t =    13.96s     Checking `Expect predicate `existsNoRetry == 1` for object "lab.conversation.field" TextField`
    t =    13.96s         Checking existence of `"lab.conversation.field" TextField`
    t =    14.00s Find the "lab.conversation.field" TextField
    t =    14.02s Tear Down
Test Case '-[LabMeshUITests.LabMeshAccessibilityUITests testGSINT001TheLargestTextScaleReallyEnlargesTheLaidOutLayout]' passed (14.288 seconds).
Test Case '-[LabMeshUITests.LabMeshAccessibilityUITests testGSINT001TheOutcomeChangeReachesTheAnnouncementDoor]' started.
    t =     0.00s Start Test at 2026-10-03 19:20:25.111
    t =     0.02s Set Up
    t =     0.02s Open io.godstone.labmesh
    t =     0.02s     Launch io.godstone.labmesh
    t =     0.03s         Terminate io.godstone.labmesh:19570
2026-10-03 19:20:26.220 xcodebuild[19364:44936472] [MT] IDELaunchParametersSnapshot: debugger version lookup failed for path '<nil>': noURL
2026-10-03 19:20:26.220 xcodebuild[19364:44936472] [MT] IDELaunchParametersSnapshot: no debugger version
    t =     1.32s         Setting up automation session
    t =     2.01s         Wait for io.godstone.labmesh to idle
    t =     3.30s Checking existence of `"lab.tab.conversation" Button`
    t =     3.39s Checking existence of `"lab.tab.conversation" Button`
    t =     3.57s Checking existence of `"lab.tab.conversation" Button`
    t =     3.59s Checking existence of `"lab.tab.conversation" Button`
    t =     3.77s Checking existence of `"lab.tab.conversation" Button`
    t =     3.80s Waiting 20.0s for "lab.tab.conversation" Button to exist
    t =     4.86s     Checking `Expect predicate `existsNoRetry == 1` for object "lab.tab.conversation" Button`
    t =     4.86s         Checking existence of `"lab.tab.conversation" Button`
    t =     4.90s Tap "lab.tab.conversation" Button
    t =     4.90s     Wait for io.godstone.labmesh to idle
    t =     4.90s     Find the "lab.tab.conversation" Button
    t =     4.92s     Check for interrupting elements affecting "lab.tab.conversation" Button
    t =     4.94s     Synthesize event
    t =     5.22s     Wait for io.godstone.labmesh to idle
    t =     6.00s Waiting 20.0s for "lab.a11y.announced" Any to exist
    t =     7.05s     Checking `Expect predicate `existsNoRetry == 1` for object "lab.a11y.announced" Any`
    t =     7.05s         Checking existence of `"lab.a11y.announced" Any`
    t =     7.10s Waiting 20.0s for "lab.conversation.octets" Any to exist
    t =     8.15s     Checking `Expect predicate `existsNoRetry == 1` for object "lab.conversation.octets" Any`
    t =     8.15s         Checking existence of `"lab.conversation.octets" Any`
    t =     8.21s Waiting 20.0s for "lab.conversation.linkstate" StaticText to exist
    t =     9.28s     Checking `Expect predicate `existsNoRetry == 1` for object "lab.conversation.linkstate" StaticText`
    t =     9.28s         Checking existence of `"lab.conversation.linkstate" StaticText`
    t =     9.32s Find the "lab.conversation.octets" Any
    t =     9.36s Find the "lab.conversation.octets" Other
    t =     9.39s Waiting 20.0s for "lab.conversation.field" TextField to exist
    t =    10.46s     Checking `Expect predicate `existsNoRetry == 1` for object "lab.conversation.field" TextField`
    t =    10.46s         Checking existence of `"lab.conversation.field" TextField`
    t =    10.49s Tap "lab.conversation.field" TextField
    t =    10.49s     Wait for io.godstone.labmesh to idle
    t =    10.50s     Find the "lab.conversation.field" TextField
    t =    10.51s     Check for interrupting elements affecting "lab.conversation.field" TextField
    t =    10.53s     Synthesize event
    t =    10.82s     Wait for io.godstone.labmesh to idle
    t =    10.88s Type '⛵️ الطريق مسدود' into "lab.conversation.field" TextField
    t =    10.88s     Wait for io.godstone.labmesh to idle
    t =    11.27s     Find the "lab.conversation.field" TextField
    t =    11.32s     Check for interrupting elements affecting "lab.conversation.field" TextField
    t =    11.34s     Synthesize event
    t =    11.78s     Wait for io.godstone.labmesh to idle
    t =    12.84s Checking `Expect predicate `value != "32/400 octets"` for object "lab.conversation.octets" Other`
    t =    12.84s     Find the "lab.conversation.octets" Other
    t =    12.97s Find the "lab.conversation.octets" Other
    t =    13.06s Get number of matches for: Descendants matching type Keyboard
    t =    13.08s Type '
' into Target Application 'io.godstone.labmesh'
    t =    13.08s     Wait for io.godstone.labmesh to idle
    t =    13.08s     Find the Target Application 'io.godstone.labmesh'
    t =    13.09s     Check for interrupting elements affecting "GodstoneLabMesh" Application
    t =    13.11s     Synthesize event
    t =    13.11s         Get number of matches for: Elements containing elements matching predicate 'hasKeyboardFocus == 1'
    t =    13.34s     Wait for io.godstone.labmesh to idle
    t =    14.21s Waiting 10.0s for "lab.conversation.recipient" Any to exist
    t =    15.28s     Checking `Expect predicate `existsNoRetry == 1` for object "lab.conversation.recipient" Any`
    t =    15.28s         Checking existence of `"lab.conversation.recipient" Any`
    t =    15.34s Tap "lab.conversation.recipient" Any
    t =    15.34s     Wait for io.godstone.labmesh to idle
    t =    15.35s     Find the "lab.conversation.recipient" Any
    t =    15.38s     Check for interrupting elements affecting "lab.conversation.recipient" Button
    t =    15.40s     Synthesize event
    t =    15.69s     Wait for io.godstone.labmesh to idle
    t =    16.88s Waiting 3.0s for "B" Button to exist
    t =    17.95s     Checking `Expect predicate `existsNoRetry == 1` for object "B" Button`
    t =    17.95s         Checking existence of `"B" Button`
    t =    18.00s Tap "B" Button
    t =    18.00s     Wait for io.godstone.labmesh to idle
    t =    18.01s     Find the "B" Button
    t =    18.04s     Check for interrupting elements affecting "B" Button
    t =    18.06s     Synthesize event
    t =    18.35s     Wait for io.godstone.labmesh to idle
    t =    19.76s Find the "lab.conversation.linkstate" StaticText
    t =    19.80s Find the "lab.conversation.linkstate" StaticText
    t =    19.82s Waiting 20.0s for "lab.conversation.send" Button to exist
    t =    20.87s     Checking `Expect predicate `existsNoRetry == 1` for object "lab.conversation.send" Button`
    t =    20.87s         Checking existence of `"lab.conversation.send" Button`
    t =    20.91s Checking existence of `"lab.conversation.send" Button`
    t =    20.93s Find the "lab.conversation.send" Button
    t =    20.95s Find the "lab.conversation.send" Button
    t =    20.97s Waiting 20.0s for "lab.conversation.outcome" Any to exist
    t =    22.01s     Checking `Expect predicate `existsNoRetry == 1` for object "lab.conversation.outcome" Any`
    t =    22.01s         Checking existence of `"lab.conversation.outcome" Any`
    t =    22.07s Tap "lab.conversation.send" Button
    t =    22.07s     Wait for io.godstone.labmesh to idle
    t =    22.08s     Find the "lab.conversation.send" Button
    t =    22.09s     Check for interrupting elements affecting "lab.conversation.send" Button
    t =    22.11s     Synthesize event
    t =    22.40s     Wait for io.godstone.labmesh to idle
    t =    23.46s Checking `Expect predicate `label != "nothing sent yet"` for object "lab.conversation.outcome" Any`
    t =    23.46s     Find the "lab.conversation.outcome" Any
    t =    23.51s Find the "lab.conversation.outcome" StaticText
    t =    23.54s Find the "lab.a11y.announced" Any
    t =    23.58s Find the "lab.a11y.announced" Other
    t =    23.62s Tear Down
Test Case '-[LabMeshUITests.LabMeshAccessibilityUITests testGSINT001TheOutcomeChangeReachesTheAnnouncementDoor]' passed (23.857 seconds).
Test Case '-[LabMeshUITests.LabMeshAccessibilityUITests testGSINT001TheRecipientSelectionMovesTheRenderedState]' started.
    t =     0.00s Start Test at 2026-10-03 19:20:48.969
    t =     0.02s Set Up
    t =     0.02s Open io.godstone.labmesh
    t =     0.02s     Launch io.godstone.labmesh
    t =     0.02s         Terminate io.godstone.labmesh:19606
2026-10-03 19:20:50.062 xcodebuild[19364:44936472] [MT] IDELaunchParametersSnapshot: debugger version lookup failed for path '<nil>': noURL
2026-10-03 19:20:50.062 xcodebuild[19364:44936472] [MT] IDELaunchParametersSnapshot: no debugger version
    t =     1.31s         Setting up automation session
    t =     1.99s         Wait for io.godstone.labmesh to idle
    t =     3.32s Checking existence of `"lab.tab.conversation" Button`
    t =     3.41s Checking existence of `"lab.tab.conversation" Button`
    t =     3.58s Checking existence of `"lab.tab.conversation" Button`
    t =     3.60s Checking existence of `"lab.tab.conversation" Button`
    t =     3.77s Checking existence of `"lab.tab.conversation" Button`
    t =     3.81s Waiting 20.0s for "lab.tab.conversation" Button to exist
    t =     4.84s     Checking `Expect predicate `existsNoRetry == 1` for object "lab.tab.conversation" Button`
    t =     4.84s         Checking existence of `"lab.tab.conversation" Button`
    t =     4.88s Tap "lab.tab.conversation" Button
    t =     4.88s     Wait for io.godstone.labmesh to idle
    t =     4.88s     Find the "lab.tab.conversation" Button
    t =     4.90s     Check for interrupting elements affecting "lab.tab.conversation" Button
    t =     4.92s     Synthesize event
    t =     5.21s     Wait for io.godstone.labmesh to idle
    t =     5.97s Waiting 20.0s for "lab.conversation.linkstate" StaticText to exist
    t =     7.01s     Checking `Expect predicate `existsNoRetry == 1` for object "lab.conversation.linkstate" StaticText`
    t =     7.01s         Checking existence of `"lab.conversation.linkstate" StaticText`
    t =     7.04s Waiting 20.0s for "lab.conversation.recipient" Any to exist
    t =     8.10s     Checking `Expect predicate `existsNoRetry == 1` for object "lab.conversation.recipient" Any`
    t =     8.10s         Checking existence of `"lab.conversation.recipient" Any`
    t =     8.15s Find the "lab.conversation.linkstate" StaticText
    t =     8.17s Tap "lab.conversation.recipient" Any
    t =     8.17s     Wait for io.godstone.labmesh to idle
    t =     8.17s     Find the "lab.conversation.recipient" Any
    t =     8.20s     Check for interrupting elements affecting "lab.conversation.recipient" Button
    t =     8.22s     Synthesize event
    t =     8.51s     Wait for io.godstone.labmesh to idle
    t =     9.64s Waiting 5.0s for "R" Button to exist
    t =    10.67s     Checking `Expect predicate `existsNoRetry == 1` for object "R" Button`
    t =    10.68s         Checking existence of `"R" Button`
    t =    10.72s Tap "R" Button
    t =    10.72s     Wait for io.godstone.labmesh to idle
    t =    10.73s     Find the "R" Button
    t =    10.75s     Check for interrupting elements affecting "R" Button
    t =    10.77s     Synthesize event
    t =    11.05s     Wait for io.godstone.labmesh to idle
    t =    12.47s Find the "lab.conversation.linkstate" StaticText
    t =    12.49s Tear Down
Test Case '-[LabMeshUITests.LabMeshAccessibilityUITests testGSINT001TheRecipientSelectionMovesTheRenderedState]' passed (12.738 seconds).
Test Case '-[LabMeshUITests.LabMeshAccessibilityUITests testGSINT001TheRosterSurvivesDefaultScaleLTR]' started.
    t =     0.00s Start Test at 2026-10-03 19:21:01.708
    t =     0.03s Set Up
    t =     0.03s Open io.godstone.labmesh
    t =     0.03s     Launch io.godstone.labmesh
    t =     0.04s         Terminate io.godstone.labmesh:19691
2026-10-03 19:21:02.813 xcodebuild[19364:44936472] [MT] IDELaunchParametersSnapshot: debugger version lookup failed for path '<nil>': noURL
2026-10-03 19:21:02.813 xcodebuild[19364:44936472] [MT] IDELaunchParametersSnapshot: no debugger version
    t =     1.32s         Setting up automation session
    t =     1.99s         Wait for io.godstone.labmesh to idle
    t =     3.28s Checking existence of `"lab.tab.conversation" Button`
    t =     3.36s Checking existence of `"lab.tab.conversation" Button`
    t =     3.53s Checking existence of `"lab.tab.conversation" Button`
    t =     3.56s Checking existence of `"lab.tab.conversation" Button`
    t =     3.73s Checking existence of `"lab.tab.conversation" Button`
    t =     3.77s Waiting 40.0s for "lab.tab.conversation" Button to exist
    t =     4.80s     Checking `Expect predicate `existsNoRetry == 1` for object "lab.tab.conversation" Button`
    t =     4.80s         Checking existence of `"lab.tab.conversation" Button`
    t =     4.84s Tap "lab.tab.conversation" Button
    t =     4.84s     Wait for io.godstone.labmesh to idle
    t =     4.84s     Find the "lab.tab.conversation" Button
    t =     4.86s     Check for interrupting elements affecting "lab.tab.conversation" Button
    t =     4.88s     Synthesize event
    t =     5.17s     Wait for io.godstone.labmesh to idle
    t =     5.91s Waiting 30.0s for "lab.conversation.field" Any to exist
    t =     6.94s     Checking `Expect predicate `existsNoRetry == 1` for object "lab.conversation.field" Any`
    t =     6.94s         Checking existence of `"lab.conversation.field" Any`
    t =     7.00s Checking existence of `"lab.conversation.field" Any`
    t =     7.04s Find the "lab.conversation.field" Any
    t =     7.07s Waiting 30.0s for "lab.conversation.send" Any to exist
    t =     8.14s     Checking `Expect predicate `existsNoRetry == 1` for object "lab.conversation.send" Any`
    t =     8.14s         Checking existence of `"lab.conversation.send" Any`
    t =     8.20s Checking existence of `"lab.conversation.send" Any`
    t =     8.23s Find the "lab.conversation.send" Any
    t =     8.26s Waiting 30.0s for "lab.conversation.octets" Any to exist
    t =     9.31s     Checking `Expect predicate `existsNoRetry == 1` for object "lab.conversation.octets" Any`
    t =     9.31s         Checking existence of `"lab.conversation.octets" Any`
    t =     9.37s Checking existence of `"lab.conversation.octets" Any`
    t =     9.40s Find the "lab.conversation.octets" Any
    t =     9.43s Waiting 30.0s for "lab.conversation.linkstate" Any to exist
    t =    10.50s     Checking `Expect predicate `existsNoRetry == 1` for object "lab.conversation.linkstate" Any`
    t =    10.50s         Checking existence of `"lab.conversation.linkstate" Any`
    t =    10.56s Checking existence of `"lab.conversation.linkstate" Any`
    t =    10.60s Find the "lab.conversation.linkstate" Any
    t =    10.63s Waiting 30.0s for "lab.conversation.outcome" Any to exist
    t =    11.69s     Checking `Expect predicate `existsNoRetry == 1` for object "lab.conversation.outcome" Any`
    t =    11.69s         Checking existence of `"lab.conversation.outcome" Any`
    t =    11.75s Find the "lab.conversation.outcome" Any
    t =    11.79s Waiting 30.0s for "lab.conversation.recipient" Any to exist
    t =    12.85s     Checking `Expect predicate `existsNoRetry == 1` for object "lab.conversation.recipient" Any`
    t =    12.85s         Checking existence of `"lab.conversation.recipient" Any`
    t =    12.91s Find the "lab.conversation.recipient" Any
    t =    12.94s Find the "lab.conversation.recipient" Button
    t =    12.98s Checking existence of `"lab.conversation.recipient" Button`
    t =    13.01s Find the "lab.conversation.recipient" Button
    t =    13.04s Waiting 30.0s for "lab.conversation.send" Any to exist
    t =    14.10s     Checking `Expect predicate `existsNoRetry == 1` for object "lab.conversation.send" Any`
    t =    14.10s         Checking existence of `"lab.conversation.send" Any`
    t =    14.17s Find the "lab.conversation.send" Any
    t =    14.20s Find the "lab.conversation.send" Button
    t =    14.24s Checking existence of `"lab.conversation.send" Button`
    t =    14.27s Find the "lab.conversation.send" Button
    t =    14.31s Checking existence of `"lab.conversation.send" Button`
    t =    14.32s Find the "lab.conversation.send" Button
    t =    14.34s Find the "lab.conversation.send" Button
    t =    14.36s Checking existence of `ScrollView (First Match)`
    t =    14.37s Swipe up ScrollView (First Match)
    t =    14.37s     Wait for io.godstone.labmesh to idle
    t =    14.37s     Find the ScrollView (First Match)
    t =    14.38s     Check for interrupting elements affecting ScrollView
    t =    14.40s     Synthesize event
    t =    14.84s     Wait for io.godstone.labmesh to idle
    t =    15.38s Checking existence of `"lab.conversation.send" Button`
    t =    15.41s Find the "lab.conversation.send" Button
    t =    15.43s Find the "lab.conversation.send" Button
    t =    15.46s Tap "lab.conversation.send" Button
    t =    15.46s     Wait for io.godstone.labmesh to idle
    t =    15.46s     Find the "lab.conversation.send" Button
    t =    15.47s     Check for interrupting elements affecting "lab.conversation.send" Button
    t =    15.49s     Synthesize event
    t =    15.77s     Wait for io.godstone.labmesh to idle
    t =    15.77s Checking existence of `"lab.tab.sos" Button`
    t =    15.79s Waiting 40.0s for "lab.tab.sos" Button to exist
    t =    16.84s     Checking `Expect predicate `existsNoRetry == 1` for object "lab.tab.sos" Button`
    t =    16.84s         Checking existence of `"lab.tab.sos" Button`
    t =    16.88s Tap "lab.tab.sos" Button
    t =    16.88s     Wait for io.godstone.labmesh to idle
    t =    16.89s     Find the "lab.tab.sos" Button
    t =    16.91s     Check for interrupting elements affecting "lab.tab.sos" Button
    t =    16.93s     Synthesize event
    t =    17.22s     Wait for io.godstone.labmesh to idle
    t =    18.43s Waiting 30.0s for "lab.sos.hold" Any to exist
    t =    19.49s     Checking `Expect predicate `existsNoRetry == 1` for object "lab.sos.hold" Any`
    t =    19.49s         Checking existence of `"lab.sos.hold" Any`
    t =    19.55s Find the "lab.sos.hold" Any
    t =    19.58s Checking existence of `"lab.sos.hold" StaticText`
    t =    19.61s Find the "lab.sos.hold" StaticText
    t =    19.64s Waiting 30.0s for "lab.sos.cancel" Any to exist
    t =    20.72s     Checking `Expect predicate `existsNoRetry == 1` for object "lab.sos.cancel" Any`
    t =    20.72s         Checking existence of `"lab.sos.cancel" Any`
    t =    20.77s Find the "lab.sos.cancel" Any
    t =    20.80s Checking existence of `"lab.sos.cancel" Button`
    t =    20.84s Find the "lab.sos.cancel" Button
    t =    20.87s Waiting 30.0s for "lab.sos.retry" Any to exist
    t =    21.90s     Checking `Expect predicate `existsNoRetry == 1` for object "lab.sos.retry" Any`
    t =    21.90s         Checking existence of `"lab.sos.retry" Any`
    t =    21.96s Find the "lab.sos.retry" Any
    t =    22.03s Checking existence of `"lab.sos.retry" Button`
    t =    22.06s Find the "lab.sos.retry" Button
    t =    22.09s Waiting 30.0s for "lab.sos.state" Any to exist
    t =    23.15s     Checking `Expect predicate `existsNoRetry == 1` for object "lab.sos.state" Any`
    t =    23.15s         Checking existence of `"lab.sos.state" Any`
    t =    23.21s Waiting 30.0s for "lab.sos.announced" Any to exist
    t =    24.27s     Checking `Expect predicate `existsNoRetry == 1` for object "lab.sos.announced" Any`
    t =    24.27s         Checking existence of `"lab.sos.announced" Any`
    t =    24.33s Waiting 30.0s for "lab.sos.outcome" Any to exist
    t =    25.37s     Checking `Expect predicate `existsNoRetry == 1` for object "lab.sos.outcome" Any`
    t =    25.37s         Checking existence of `"lab.sos.outcome" Any`
    t =    25.43s Find the "lab.sos.state" Any
    t =    25.47s Get all elements bound by index for: Descendants matching type Button
    t =    25.48s Checking existence of `Button (Element at index 0)`
    t =    25.49s Find the Button (Element at index 0)
    t =    25.50s Checking existence of `Button (Element at index 1)`
    t =    25.51s Find the Button (Element at index 1)
    t =    25.52s Checking existence of `Button (Element at index 2)`
    t =    25.53s Find the Button (Element at index 2)
    t =    25.54s Checking existence of `Button (Element at index 3)`
    t =    25.55s Find the Button (Element at index 3)
    t =    25.56s Checking existence of `Button (Element at index 4)`
    t =    25.56s Find the Button (Element at index 4)
    t =    25.57s Checking existence of `Button (Element at index 5)`
    t =    25.58s Find the Button (Element at index 5)
    t =    25.59s Checking existence of `Button (Element at index 6)`
    t =    25.60s Find the Button (Element at index 6)
    t =    25.61s Checking existence of `Button (Element at index 7)`
    t =    25.62s Find the Button (Element at index 7)
    t =    25.63s Tear Down
Test Case '-[LabMeshUITests.LabMeshAccessibilityUITests testGSINT001TheRosterSurvivesDefaultScaleLTR]' passed (25.867 seconds).
Test Case '-[LabMeshUITests.LabMeshAccessibilityUITests testGSINT001TheRosterSurvivesDefaultScaleRTL]' started.
    t =     0.00s Start Test at 2026-10-03 19:21:27.576
    t =     0.04s Set Up
    t =     0.04s Open io.godstone.labmesh
    t =     0.04s     Launch io.godstone.labmesh
    t =     0.04s         Terminate io.godstone.labmesh:19739
2026-10-03 19:21:28.696 xcodebuild[19364:44936472] [MT] IDELaunchParametersSnapshot: debugger version lookup failed for path '<nil>': noURL
2026-10-03 19:21:28.696 xcodebuild[19364:44936472] [MT] IDELaunchParametersSnapshot: no debugger version
    t =     1.34s         Setting up automation session
    t =     1.95s         Wait for io.godstone.labmesh to idle
    t =     3.25s Checking existence of `"lab.tab.conversation" Button`
    t =     3.34s Checking existence of `"lab.tab.conversation" Button`
    t =     3.51s Checking existence of `"lab.tab.conversation" Button`
    t =     3.54s Checking existence of `"lab.tab.conversation" Button`
    t =     3.71s Checking existence of `"lab.tab.conversation" Button`
    t =     3.75s Waiting 40.0s for "lab.tab.conversation" Button to exist
    t =     4.81s     Checking `Expect predicate `existsNoRetry == 1` for object "lab.tab.conversation" Button`
    t =     4.81s         Checking existence of `"lab.tab.conversation" Button`
    t =     4.85s Tap "lab.tab.conversation" Button
    t =     4.85s     Wait for io.godstone.labmesh to idle
    t =     4.85s     Find the "lab.tab.conversation" Button
    t =     4.87s     Check for interrupting elements affecting "lab.tab.conversation" Button
    t =     4.89s     Synthesize event
    t =     5.18s     Wait for io.godstone.labmesh to idle
    t =     5.94s Waiting 30.0s for "lab.conversation.field" Any to exist
    t =     7.00s     Checking `Expect predicate `existsNoRetry == 1` for object "lab.conversation.field" Any`
    t =     7.00s         Checking existence of `"lab.conversation.field" Any`
    t =     7.07s Checking existence of `"lab.conversation.field" Any`
    t =     7.10s Find the "lab.conversation.field" Any
    t =     7.13s Waiting 30.0s for "lab.conversation.send" Any to exist
    t =     8.18s     Checking `Expect predicate `existsNoRetry == 1` for object "lab.conversation.send" Any`
    t =     8.19s         Checking existence of `"lab.conversation.send" Any`
    t =     8.25s Checking existence of `"lab.conversation.send" Any`
    t =     8.28s Find the "lab.conversation.send" Any
    t =     8.32s Waiting 30.0s for "lab.conversation.octets" Any to exist
    t =     9.35s     Checking `Expect predicate `existsNoRetry == 1` for object "lab.conversation.octets" Any`
    t =     9.35s         Checking existence of `"lab.conversation.octets" Any`
    t =     9.40s Checking existence of `"lab.conversation.octets" Any`
    t =     9.44s Find the "lab.conversation.octets" Any
    t =     9.47s Waiting 30.0s for "lab.conversation.linkstate" Any to exist
    t =    10.54s     Checking `Expect predicate `existsNoRetry == 1` for object "lab.conversation.linkstate" Any`
    t =    10.54s         Checking existence of `"lab.conversation.linkstate" Any`
    t =    10.60s Checking existence of `"lab.conversation.linkstate" Any`
    t =    10.63s Find the "lab.conversation.linkstate" Any
    t =    10.66s Waiting 30.0s for "lab.conversation.outcome" Any to exist
    t =    11.68s     Checking `Expect predicate `existsNoRetry == 1` for object "lab.conversation.outcome" Any`
    t =    11.69s         Checking existence of `"lab.conversation.outcome" Any`
    t =    11.75s Find the "lab.conversation.outcome" Any
    t =    11.78s Waiting 30.0s for "lab.conversation.recipient" Any to exist
    t =    12.83s     Checking `Expect predicate `existsNoRetry == 1` for object "lab.conversation.recipient" Any`
    t =    12.84s         Checking existence of `"lab.conversation.recipient" Any`
    t =    12.89s Find the "lab.conversation.recipient" Any
    t =    12.93s Find the "lab.conversation.recipient" Button
    t =    12.96s Checking existence of `"lab.conversation.recipient" Button`
    t =    12.99s Find the "lab.conversation.recipient" Button
    t =    13.02s Waiting 30.0s for "lab.conversation.send" Any to exist
    t =    14.06s     Checking `Expect predicate `existsNoRetry == 1` for object "lab.conversation.send" Any`
    t =    14.06s         Checking existence of `"lab.conversation.send" Any`
    t =    14.12s Find the "lab.conversation.send" Any
    t =    14.16s Find the "lab.conversation.send" Button
    t =    14.19s Checking existence of `"lab.conversation.send" Button`
    t =    14.22s Find the "lab.conversation.send" Button
    t =    14.26s Checking existence of `"lab.conversation.send" Button`
    t =    14.27s Find the "lab.conversation.send" Button
    t =    14.29s Find the "lab.conversation.send" Button
    t =    14.31s Checking existence of `ScrollView (First Match)`
    t =    14.32s Swipe up ScrollView (First Match)
    t =    14.32s     Wait for io.godstone.labmesh to idle
    t =    14.32s     Find the ScrollView (First Match)
    t =    14.33s     Check for interrupting elements affecting ScrollView
    t =    14.34s     Synthesize event
    t =    14.78s     Wait for io.godstone.labmesh to idle
    t =    15.45s Checking existence of `"lab.conversation.send" Button`
    t =    15.47s Find the "lab.conversation.send" Button
    t =    15.49s Find the "lab.conversation.send" Button
    t =    15.51s Tap "lab.conversation.send" Button
    t =    15.51s     Wait for io.godstone.labmesh to idle
    t =    15.51s     Find the "lab.conversation.send" Button
    t =    15.53s     Check for interrupting elements affecting "lab.conversation.send" Button
    t =    15.54s     Synthesize event
    t =    15.83s     Wait for io.godstone.labmesh to idle
    t =    15.83s Checking existence of `"lab.tab.sos" Button`
    t =    15.85s Waiting 40.0s for "lab.tab.sos" Button to exist
    t =    16.90s     Checking `Expect predicate `existsNoRetry == 1` for object "lab.tab.sos" Button`
    t =    16.90s         Checking existence of `"lab.tab.sos" Button`
    t =    16.94s Tap "lab.tab.sos" Button
    t =    16.94s     Wait for io.godstone.labmesh to idle
    t =    16.94s     Find the "lab.tab.sos" Button
    t =    16.96s     Check for interrupting elements affecting "lab.tab.sos" Button
    t =    16.98s     Synthesize event
    t =    17.27s     Wait for io.godstone.labmesh to idle
    t =    18.48s Waiting 30.0s for "lab.sos.hold" Any to exist
    t =    19.51s     Checking `Expect predicate `existsNoRetry == 1` for object "lab.sos.hold" Any`
    t =    19.51s         Checking existence of `"lab.sos.hold" Any`
    t =    19.57s Find the "lab.sos.hold" Any
    t =    19.60s Checking existence of `"lab.sos.hold" StaticText`
    t =    19.63s Find the "lab.sos.hold" StaticText
    t =    19.68s Waiting 30.0s for "lab.sos.cancel" Any to exist
    t =    20.71s     Checking `Expect predicate `existsNoRetry == 1` for object "lab.sos.cancel" Any`
    t =    20.71s         Checking existence of `"lab.sos.cancel" Any`
    t =    20.77s Find the "lab.sos.cancel" Any
    t =    20.80s Checking existence of `"lab.sos.cancel" Button`
    t =    20.83s Find the "lab.sos.cancel" Button
    t =    20.86s Waiting 30.0s for "lab.sos.retry" Any to exist
    t =    21.91s     Checking `Expect predicate `existsNoRetry == 1` for object "lab.sos.retry" Any`
    t =    21.91s         Checking existence of `"lab.sos.retry" Any`
    t =    21.97s Find the "lab.sos.retry" Any
    t =    22.00s Checking existence of `"lab.sos.retry" Button`
    t =    22.03s Find the "lab.sos.retry" Button
    t =    22.06s Waiting 30.0s for "lab.sos.state" Any to exist
    t =    23.13s     Checking `Expect predicate `existsNoRetry == 1` for object "lab.sos.state" Any`
    t =    23.13s         Checking existence of `"lab.sos.state" Any`
    t =    23.19s Waiting 30.0s for "lab.sos.announced" Any to exist
    t =    24.24s     Checking `Expect predicate `existsNoRetry == 1` for object "lab.sos.announced" Any`
    t =    24.24s         Checking existence of `"lab.sos.announced" Any`
    t =    24.30s Waiting 30.0s for "lab.sos.outcome" Any to exist
    t =    25.34s     Checking `Expect predicate `existsNoRetry == 1` for object "lab.sos.outcome" Any`
    t =    25.34s         Checking existence of `"lab.sos.outcome" Any`
    t =    25.40s Find the "lab.sos.state" Any
    t =    25.44s Get all elements bound by index for: Descendants matching type Button
    t =    25.45s Checking existence of `Button (Element at index 0)`
    t =    25.46s Find the Button (Element at index 0)
    t =    25.47s Checking existence of `Button (Element at index 1)`
    t =    25.48s Find the Button (Element at index 1)
    t =    25.49s Checking existence of `Button (Element at index 2)`
    t =    25.50s Find the Button (Element at index 2)
    t =    25.51s Checking existence of `Button (Element at index 3)`
    t =    25.52s Find the Button (Element at index 3)
    t =    25.53s Checking existence of `Button (Element at index 4)`
    t =    25.54s Find the Button (Element at index 4)
    t =    25.55s Checking existence of `Button (Element at index 5)`
    t =    25.56s Find the Button (Element at index 5)
    t =    25.57s Checking existence of `Button (Element at index 6)`
    t =    25.58s Find the Button (Element at index 6)
    t =    25.59s Checking existence of `Button (Element at index 7)`
    t =    25.60s Find the Button (Element at index 7)
    t =    25.61s Tear Down
Test Case '-[LabMeshUITests.LabMeshAccessibilityUITests testGSINT001TheRosterSurvivesDefaultScaleRTL]' passed (25.877 seconds).
Test Case '-[LabMeshUITests.LabMeshAccessibilityUITests testGSINT001TheRosterSurvivesLargestScaleLTR]' started.
    t =     0.00s Start Test at 2026-10-03 19:21:53.454
    t =     0.03s Set Up
    t =     0.04s Open io.godstone.labmesh
    t =     0.04s     Launch io.godstone.labmesh
    t =     0.04s         Terminate io.godstone.labmesh:19824
2026-10-03 19:21:54.557 xcodebuild[19364:44936472] [MT] IDELaunchParametersSnapshot: debugger version lookup failed for path '<nil>': noURL
2026-10-03 19:21:54.557 xcodebuild[19364:44936472] [MT] IDELaunchParametersSnapshot: no debugger version
    t =     1.32s         Setting up automation session
    t =     2.00s         Wait for io.godstone.labmesh to idle
    t =     3.35s Checking existence of `"lab.tab.conversation" Button`
    t =     3.41s Checking existence of `"lab.tab.conversation" Button`
    t =     3.59s Checking existence of `"lab.tab.conversation" Button`
    t =     3.61s Checking existence of `"lab.tab.conversation" Button`
    t =     3.79s Checking existence of `"lab.tab.conversation" Button`
    t =     3.82s Waiting 40.0s for "lab.tab.conversation" Button to exist
    t =     4.86s     Checking `Expect predicate `existsNoRetry == 1` for object "lab.tab.conversation" Button`
    t =     4.86s         Checking existence of `"lab.tab.conversation" Button`
    t =     4.90s Tap "lab.tab.conversation" Button
    t =     4.90s     Wait for io.godstone.labmesh to idle
    t =     4.91s     Find the "lab.tab.conversation" Button
    t =     4.92s     Check for interrupting elements affecting "lab.tab.conversation" Button
    t =     4.94s     Synthesize event
    t =     5.23s     Wait for io.godstone.labmesh to idle
    t =     6.00s Waiting 30.0s for "lab.conversation.field" Any to exist
    t =     7.06s     Checking `Expect predicate `existsNoRetry == 1` for object "lab.conversation.field" Any`
    t =     7.06s         Checking existence of `"lab.conversation.field" Any`
    t =     7.12s Checking existence of `"lab.conversation.field" Any`
    t =     7.15s Find the "lab.conversation.field" Any
    t =     7.19s Waiting 30.0s for "lab.conversation.send" Any to exist
    t =     8.24s     Checking `Expect predicate `existsNoRetry == 1` for object "lab.conversation.send" Any`
    t =     8.24s         Checking existence of `"lab.conversation.send" Any`
    t =     8.30s Checking existence of `"lab.conversation.send" Any`
    t =     8.34s Find the "lab.conversation.send" Any
    t =     8.37s Waiting 30.0s for "lab.conversation.octets" Any to exist
    t =     9.41s     Checking `Expect predicate `existsNoRetry == 1` for object "lab.conversation.octets" Any`
    t =     9.41s         Checking existence of `"lab.conversation.octets" Any`
    t =     9.46s Checking existence of `"lab.conversation.octets" Any`
    t =     9.50s Find the "lab.conversation.octets" Any
    t =     9.54s Waiting 30.0s for "lab.conversation.linkstate" Any to exist
    t =    10.59s     Checking `Expect predicate `existsNoRetry == 1` for object "lab.conversation.linkstate" Any`
    t =    10.59s         Checking existence of `"lab.conversation.linkstate" Any`
    t =    10.65s Checking existence of `"lab.conversation.linkstate" Any`
    t =    10.69s Find the "lab.conversation.linkstate" Any
    t =    10.72s Waiting 30.0s for "lab.conversation.outcome" Any to exist
    t =    11.78s     Checking `Expect predicate `existsNoRetry == 1` for object "lab.conversation.outcome" Any`
    t =    11.78s         Checking existence of `"lab.conversation.outcome" Any`
    t =    11.85s Find the "lab.conversation.outcome" Any
    t =    11.88s Waiting 30.0s for "lab.conversation.recipient" Any to exist
    t =    12.94s     Checking `Expect predicate `existsNoRetry == 1` for object "lab.conversation.recipient" Any`
    t =    12.94s         Checking existence of `"lab.conversation.recipient" Any`
    t =    12.99s Find the "lab.conversation.recipient" Any
    t =    13.03s Checking existence of `"lab.conversation.recipient" Button`
    t =    13.06s Find the "lab.conversation.recipient" Button
    t =    13.09s Waiting 30.0s for "lab.conversation.send" Any to exist
    t =    14.13s     Checking `Expect predicate `existsNoRetry == 1` for object "lab.conversation.send" Any`
    t =    14.13s         Checking existence of `"lab.conversation.send" Any`
    t =    14.19s Find the "lab.conversation.send" Any
    t =    14.22s Checking existence of `"lab.conversation.send" Button`
    t =    14.26s Find the "lab.conversation.send" Button
    t =    14.31s Checking existence of `"lab.tab.sos" Button`
    t =    14.32s Waiting 40.0s for "lab.tab.sos" Button to exist
    t =    15.39s     Checking `Expect predicate `existsNoRetry == 1` for object "lab.tab.sos" Button`
    t =    15.39s         Checking existence of `"lab.tab.sos" Button`
    t =    15.43s Tap "lab.tab.sos" Button
    t =    15.43s     Wait for io.godstone.labmesh to idle
    t =    15.43s     Find the "lab.tab.sos" Button
    t =    15.45s     Check for interrupting elements affecting "lab.tab.sos" Button
    t =    15.47s     Synthesize event
    t =    15.76s     Wait for io.godstone.labmesh to idle
    t =    17.08s Waiting 30.0s for "lab.sos.hold" Any to exist
    t =    18.13s     Checking `Expect predicate `existsNoRetry == 1` for object "lab.sos.hold" Any`
    t =    18.13s         Checking existence of `"lab.sos.hold" Any`
    t =    18.19s Find the "lab.sos.hold" Any
    t =    18.22s Checking existence of `"lab.sos.hold" StaticText`
    t =    18.26s Find the "lab.sos.hold" StaticText
    t =    18.29s Waiting 30.0s for "lab.sos.cancel" Any to exist
    t =    19.31s     Checking `Expect predicate `existsNoRetry == 1` for object "lab.sos.cancel" Any`
    t =    19.31s         Checking existence of `"lab.sos.cancel" Any`
    t =    19.35s Find the "lab.sos.cancel" Any
    t =    19.39s Checking existence of `"lab.sos.cancel" Button`
    t =    19.42s Find the "lab.sos.cancel" Button
    t =    19.47s Waiting 30.0s for "lab.sos.retry" Any to exist
    t =    20.52s     Checking `Expect predicate `existsNoRetry == 1` for object "lab.sos.retry" Any`
    t =    20.52s         Checking existence of `"lab.sos.retry" Any`
    t =    20.58s Find the "lab.sos.retry" Any
    t =    20.61s Checking existence of `"lab.sos.retry" Button`
    t =    20.64s Find the "lab.sos.retry" Button
    t =    20.67s Waiting 30.0s for "lab.sos.state" Any to exist
    t =    21.73s     Checking `Expect predicate `existsNoRetry == 1` for object "lab.sos.state" Any`
    t =    21.73s         Checking existence of `"lab.sos.state" Any`
    t =    21.79s Waiting 30.0s for "lab.sos.announced" Any to exist
    t =    22.86s     Checking `Expect predicate `existsNoRetry == 1` for object "lab.sos.announced" Any`
    t =    22.86s         Checking existence of `"lab.sos.announced" Any`
    t =    22.93s Waiting 30.0s for "lab.sos.outcome" Any to exist
    t =    23.99s     Checking `Expect predicate `existsNoRetry == 1` for object "lab.sos.outcome" Any`
    t =    23.99s         Checking existence of `"lab.sos.outcome" Any`
    t =    24.05s Find the "lab.sos.state" Any
    t =    24.09s Get all elements bound by index for: Descendants matching type Button
    t =    24.10s Checking existence of `Button (Element at index 0)`
    t =    24.11s Find the Button (Element at index 0)
    t =    24.12s Checking existence of `Button (Element at index 1)`
    t =    24.13s Find the Button (Element at index 1)
    t =    24.14s Checking existence of `Button (Element at index 2)`
    t =    24.15s Find the Button (Element at index 2)
    t =    24.16s Checking existence of `Button (Element at index 3)`
    t =    24.17s Find the Button (Element at index 3)
    t =    24.18s Checking existence of `Button (Element at index 4)`
    t =    24.19s Find the Button (Element at index 4)
    t =    24.20s Checking existence of `Button (Element at index 5)`
    t =    24.21s Find the Button (Element at index 5)
    t =    24.22s Checking existence of `Button (Element at index 6)`
    t =    24.23s Find the Button (Element at index 6)
    t =    24.24s Checking existence of `Button (Element at index 7)`
    t =    24.25s Find the Button (Element at index 7)
    t =    24.26s Tear Down
Test Case '-[LabMeshUITests.LabMeshAccessibilityUITests testGSINT001TheRosterSurvivesLargestScaleLTR]' passed (24.529 seconds).
Test Case '-[LabMeshUITests.LabMeshAccessibilityUITests testGSINT001TheRosterSurvivesLargestScaleRTL]' started.
    t =     0.00s Start Test at 2026-10-03 19:22:17.984
    t =     0.04s Set Up
    t =     0.04s Open io.godstone.labmesh
    t =     0.04s     Launch io.godstone.labmesh
    t =     0.04s         Terminate io.godstone.labmesh:19925
2026-10-03 19:22:19.096 xcodebuild[19364:44936472] [MT] IDELaunchParametersSnapshot: debugger version lookup failed for path '<nil>': noURL
2026-10-03 19:22:19.096 xcodebuild[19364:44936472] [MT] IDELaunchParametersSnapshot: no debugger version
    t =     1.33s         Setting up automation session
    t =     2.00s         Wait for io.godstone.labmesh to idle
    t =     3.33s Checking existence of `"lab.tab.conversation" Button`
    t =     3.41s Checking existence of `"lab.tab.conversation" Button`
    t =     3.58s Checking existence of `"lab.tab.conversation" Button`
    t =     3.61s Checking existence of `"lab.tab.conversation" Button`
    t =     3.79s Checking existence of `"lab.tab.conversation" Button`
    t =     3.82s Waiting 40.0s for "lab.tab.conversation" Button to exist
    t =     4.86s     Checking `Expect predicate `existsNoRetry == 1` for object "lab.tab.conversation" Button`
    t =     4.86s         Checking existence of `"lab.tab.conversation" Button`
    t =     4.90s Tap "lab.tab.conversation" Button
    t =     4.90s     Wait for io.godstone.labmesh to idle
    t =     4.91s     Find the "lab.tab.conversation" Button
    t =     4.93s     Check for interrupting elements affecting "lab.tab.conversation" Button
    t =     4.94s     Synthesize event
    t =     5.24s     Wait for io.godstone.labmesh to idle
    t =     5.99s Waiting 30.0s for "lab.conversation.field" Any to exist
    t =     7.07s     Checking `Expect predicate `existsNoRetry == 1` for object "lab.conversation.field" Any`
    t =     7.07s         Checking existence of `"lab.conversation.field" Any`
    t =     7.13s Checking existence of `"lab.conversation.field" Any`
    t =     7.16s Find the "lab.conversation.field" Any
    t =     7.20s Waiting 30.0s for "lab.conversation.send" Any to exist
    t =     8.26s     Checking `Expect predicate `existsNoRetry == 1` for object "lab.conversation.send" Any`
    t =     8.26s         Checking existence of `"lab.conversation.send" Any`
    t =     8.29s Checking existence of `"lab.conversation.send" Any`
    t =     8.33s Find the "lab.conversation.send" Any
    t =     8.36s Waiting 30.0s for "lab.conversation.octets" Any to exist
    t =     9.41s     Checking `Expect predicate `existsNoRetry == 1` for object "lab.conversation.octets" Any`
    t =     9.41s         Checking existence of `"lab.conversation.octets" Any`
    t =     9.44s Checking existence of `"lab.conversation.octets" Any`
    t =     9.48s Find the "lab.conversation.octets" Any
    t =     9.51s Waiting 30.0s for "lab.conversation.linkstate" Any to exist
    t =    10.57s     Checking `Expect predicate `existsNoRetry == 1` for object "lab.conversation.linkstate" Any`
    t =    10.57s         Checking existence of `"lab.conversation.linkstate" Any`
    t =    10.63s Checking existence of `"lab.conversation.linkstate" Any`
    t =    10.66s Find the "lab.conversation.linkstate" Any
    t =    10.69s Waiting 30.0s for "lab.conversation.outcome" Any to exist
    t =    11.73s     Checking `Expect predicate `existsNoRetry == 1` for object "lab.conversation.outcome" Any`
    t =    11.73s         Checking existence of `"lab.conversation.outcome" Any`
    t =    11.80s Find the "lab.conversation.outcome" Any
    t =    11.83s Waiting 30.0s for "lab.conversation.recipient" Any to exist
    t =    12.90s     Checking `Expect predicate `existsNoRetry == 1` for object "lab.conversation.recipient" Any`
    t =    12.90s         Checking existence of `"lab.conversation.recipient" Any`
    t =    12.96s Find the "lab.conversation.recipient" Any
    t =    12.99s Checking existence of `"lab.conversation.recipient" Button`
    t =    13.02s Find the "lab.conversation.recipient" Button
    t =    13.06s Waiting 30.0s for "lab.conversation.send" Any to exist
    t =    14.13s     Checking `Expect predicate `existsNoRetry == 1` for object "lab.conversation.send" Any`
    t =    14.13s         Checking existence of `"lab.conversation.send" Any`
    t =    14.19s Find the "lab.conversation.send" Any
    t =    14.23s Checking existence of `"lab.conversation.send" Button`
    t =    14.26s Find the "lab.conversation.send" Button
    t =    14.30s Checking existence of `"lab.tab.sos" Button`
    t =    14.31s Waiting 40.0s for "lab.tab.sos" Button to exist
    t =    15.35s     Checking `Expect predicate `existsNoRetry == 1` for object "lab.tab.sos" Button`
    t =    15.35s         Checking existence of `"lab.tab.sos" Button`
    t =    15.39s Tap "lab.tab.sos" Button
    t =    15.39s     Wait for io.godstone.labmesh to idle
    t =    15.39s     Find the "lab.tab.sos" Button
    t =    15.41s     Check for interrupting elements affecting "lab.tab.sos" Button
    t =    15.43s     Synthesize event
    t =    15.72s     Wait for io.godstone.labmesh to idle
    t =    16.94s Waiting 30.0s for "lab.sos.hold" Any to exist
    t =    17.99s     Checking `Expect predicate `existsNoRetry == 1` for object "lab.sos.hold" Any`
    t =    17.99s         Checking existence of `"lab.sos.hold" Any`
    t =    18.05s Find the "lab.sos.hold" Any
    t =    18.08s Checking existence of `"lab.sos.hold" StaticText`
    t =    18.11s Find the "lab.sos.hold" StaticText
    t =    18.15s Waiting 30.0s for "lab.sos.cancel" Any to exist
    t =    19.19s     Checking `Expect predicate `existsNoRetry == 1` for object "lab.sos.cancel" Any`
    t =    19.20s         Checking existence of `"lab.sos.cancel" Any`
    t =    19.26s Find the "lab.sos.cancel" Any
    t =    19.28s Checking existence of `"lab.sos.cancel" Button`
    t =    19.32s Find the "lab.sos.cancel" Button
    t =    19.35s Waiting 30.0s for "lab.sos.retry" Any to exist
    t =    20.38s     Checking `Expect predicate `existsNoRetry == 1` for object "lab.sos.retry" Any`
    t =    20.39s         Checking existence of `"lab.sos.retry" Any`
    t =    20.44s Find the "lab.sos.retry" Any
    t =    20.48s Checking existence of `"lab.sos.retry" Button`
    t =    20.51s Find the "lab.sos.retry" Button
    t =    20.54s Waiting 30.0s for "lab.sos.state" Any to exist
    t =    21.59s     Checking `Expect predicate `existsNoRetry == 1` for object "lab.sos.state" Any`
    t =    21.60s         Checking existence of `"lab.sos.state" Any`
    t =    21.66s Waiting 30.0s for "lab.sos.announced" Any to exist
    t =    22.73s     Checking `Expect predicate `existsNoRetry == 1` for object "lab.sos.announced" Any`
    t =    22.74s         Checking existence of `"lab.sos.announced" Any`
    t =    22.80s Waiting 30.0s for "lab.sos.outcome" Any to exist
    t =    23.88s     Checking `Expect predicate `existsNoRetry == 1` for object "lab.sos.outcome" Any`
    t =    23.88s         Checking existence of `"lab.sos.outcome" Any`
    t =    23.94s Find the "lab.sos.state" Any
    t =    23.97s Get all elements bound by index for: Descendants matching type Button
    t =    23.98s Checking existence of `Button (Element at index 0)`
    t =    23.99s Find the Button (Element at index 0)
    t =    24.00s Checking existence of `Button (Element at index 1)`
    t =    24.01s Find the Button (Element at index 1)
    t =    24.02s Checking existence of `Button (Element at index 2)`
    t =    24.03s Find the Button (Element at index 2)
    t =    24.05s Checking existence of `Button (Element at index 3)`
    t =    24.06s Find the Button (Element at index 3)
    t =    24.07s Checking existence of `Button (Element at index 4)`
    t =    24.08s Find the Button (Element at index 4)
    t =    24.09s Checking existence of `Button (Element at index 5)`
    t =    24.10s Find the Button (Element at index 5)
    t =    24.11s Checking existence of `Button (Element at index 6)`
    t =    24.12s Find the Button (Element at index 6)
    t =    24.13s Checking existence of `Button (Element at index 7)`
    t =    24.14s Find the Button (Element at index 7)
    t =    24.15s Tear Down
Test Case '-[LabMeshUITests.LabMeshAccessibilityUITests testGSINT001TheRosterSurvivesLargestScaleRTL]' passed (24.393 seconds).
Test Case '-[LabMeshUITests.LabMeshAccessibilityUITests testGSINT001TheSosStateSpeaksTheSharedVocabularyAndItsChangeReachesTheAnnouncementDoor]' started.
    t =     0.00s Start Test at 2026-10-03 19:22:42.377
    t =     0.04s Set Up
    t =     0.04s Open io.godstone.labmesh
    t =     0.04s     Launch io.godstone.labmesh
    t =     0.04s         Terminate io.godstone.labmesh:20029
2026-10-03 19:22:43.481 xcodebuild[19364:44936472] [MT] IDELaunchParametersSnapshot: debugger version lookup failed for path '<nil>': noURL
2026-10-03 19:22:43.481 xcodebuild[19364:44936472] [MT] IDELaunchParametersSnapshot: no debugger version
    t =     1.31s         Setting up automation session
    t =     1.98s         Wait for io.godstone.labmesh to idle
    t =     3.28s Checking existence of `"lab.tab.sos" Button`
    t =     3.36s Checking existence of `"lab.tab.sos" Button`
    t =     3.54s Checking existence of `"lab.tab.sos" Button`
    t =     3.56s Checking existence of `"lab.tab.sos" Button`
    t =     3.74s Checking existence of `"lab.tab.sos" Button`
    t =     3.78s Waiting 20.0s for "lab.tab.sos" Button to exist
    t =     4.82s     Checking `Expect predicate `existsNoRetry == 1` for object "lab.tab.sos" Button`
    t =     4.82s         Checking existence of `"lab.tab.sos" Button`
    t =     4.87s Tap "lab.tab.sos" Button
    t =     4.87s     Wait for io.godstone.labmesh to idle
    t =     4.87s     Find the "lab.tab.sos" Button
    t =     4.89s     Check for interrupting elements affecting "lab.tab.sos" Button
    t =     4.90s     Synthesize event
    t =     5.19s     Wait for io.godstone.labmesh to idle
    t =     6.53s Waiting 20.0s for "lab.sos.state" Any to exist
    t =     7.58s     Checking `Expect predicate `existsNoRetry == 1` for object "lab.sos.state" Any`
    t =     7.58s         Checking existence of `"lab.sos.state" Any`
    t =     7.68s Waiting 20.0s for "lab.sos.announced" Any to exist
    t =     8.74s     Checking `Expect predicate `existsNoRetry == 1` for object "lab.sos.announced" Any`
    t =     8.74s         Checking existence of `"lab.sos.announced" Any`
    t =     8.81s Waiting 20.0s for "lab.sos.send" Button to exist
    t =     9.86s     Checking `Expect predicate `existsNoRetry == 1` for object "lab.sos.send" Button`
    t =     9.86s         Checking existence of `"lab.sos.send" Button`
    t =     9.90s Checking existence of `"lab.sos.send" Button`
    t =     9.92s Find the "lab.sos.send" Button
    t =     9.93s Find the "lab.sos.send" Button
    t =     9.95s Tap "lab.sos.send" Button
    t =     9.95s     Wait for io.godstone.labmesh to idle
    t =     9.96s     Find the "lab.sos.send" Button
    t =     9.97s     Check for interrupting elements affecting "lab.sos.send" Button
    t =     9.98s     Synthesize event
    t =    10.27s     Wait for io.godstone.labmesh to idle
    t =    11.32s Checking `Expect predicate `value BEGINSWITH "active: "` for object "lab.sos.state" Any`
    t =    11.32s     Find the "lab.sos.state" Any
    t =    11.36s Find the "lab.sos.state" Other
    t =    11.40s Find the "lab.sos.announced" Any
    t =    11.43s Find the "lab.sos.announced" Other
    t =    11.46s Tear Down
Test Case '-[LabMeshUITests.LabMeshAccessibilityUITests testGSINT001TheSosStateSpeaksTheSharedVocabularyAndItsChangeReachesTheAnnouncementDoor]' passed (11.696 seconds).
Test Case '-[LabMeshUITests.LabMeshAccessibilityUITests testGSINT001TheTrustSurfacesAreOperableNotMerelyLabelled]' started.
    t =     0.00s Start Test at 2026-10-03 19:22:54.074
    t =     0.03s Set Up
    t =     0.04s Open io.godstone.labmesh
    t =     0.04s     Launch io.godstone.labmesh
    t =     0.04s         Terminate io.godstone.labmesh:20124
2026-10-03 19:22:55.179 xcodebuild[19364:44936472] [MT] IDELaunchParametersSnapshot: debugger version lookup failed for path '<nil>': noURL
2026-10-03 19:22:55.179 xcodebuild[19364:44936472] [MT] IDELaunchParametersSnapshot: no debugger version
    t =     1.31s         Setting up automation session
    t =     1.98s         Wait for io.godstone.labmesh to idle
    t =     3.28s Checking existence of `"lab.tab.contacts" Button`
    t =     3.36s Checking existence of `"lab.tab.contacts" Button`
    t =     3.53s Checking existence of `"lab.tab.contacts" Button`
    t =     3.56s Checking existence of `"lab.tab.contacts" Button`
    t =     3.73s Checking existence of `"lab.tab.contacts" Button`
    t =     3.74s Waiting 20.0s for "lab.tab.contacts" Button to exist
    t =     4.81s     Checking `Expect predicate `existsNoRetry == 1` for object "lab.tab.contacts" Button`
    t =     4.81s         Checking existence of `"lab.tab.contacts" Button`
    t =     4.85s Tap "lab.tab.contacts" Button
    t =     4.85s     Wait for io.godstone.labmesh to idle
    t =     4.86s     Find the "lab.tab.contacts" Button
    t =     4.88s     Check for interrupting elements affecting "lab.tab.contacts" Button
    t =     4.89s     Synthesize event
    t =     5.19s     Wait for io.godstone.labmesh to idle
    t =     6.38s Waiting 20.0s for "lab.trust.fingerprint" Any to exist
    t =     7.44s     Checking `Expect predicate `existsNoRetry == 1` for object "lab.trust.fingerprint" Any`
    t =     7.44s         Checking existence of `"lab.trust.fingerprint" Any`
    t =     7.51s Find the "lab.trust.fingerprint" Any
    t =     7.54s Find the "lab.trust.fingerprint" Other
    t =     7.58s Waiting 20.0s for "lab.trust.status" Any to exist
    t =     8.62s     Checking `Expect predicate `existsNoRetry == 1` for object "lab.trust.status" Any`
    t =     8.62s         Checking existence of `"lab.trust.status" Any`
    t =     8.68s Find the "lab.trust.status" Any
    t =     8.72s Find the "lab.trust.status" Other
    t =     8.75s Waiting 20.0s for "lab.trust.confirm" Button to exist
    t =     9.80s     Checking `Expect predicate `existsNoRetry == 1` for object "lab.trust.confirm" Button`
    t =     9.80s         Checking existence of `"lab.trust.confirm" Button`
    t =     9.83s Find the "lab.trust.confirm" Button
    t =     9.84s Find the "lab.trust.confirm" Button
    t =     9.86s Checking existence of `"lab.trust.confirm" Button`
    t =     9.87s Find the "lab.trust.confirm" Button
    t =     9.89s Find the "lab.trust.confirm" Button
    t =     9.91s Checking existence of `ScrollView (First Match)`
    t =     9.92s Swipe up ScrollView (First Match)
    t =     9.92s     Wait for io.godstone.labmesh to idle
    t =     9.92s     Find the ScrollView (First Match)
    t =     9.93s     Check for interrupting elements affecting ScrollView
    t =     9.94s     Synthesize event
    t =    10.38s     Wait for io.godstone.labmesh to idle
    t =    10.99s Checking existence of `"lab.trust.confirm" Button`
    t =    11.01s Find the "lab.trust.confirm" Button
    t =    11.02s Find the "lab.trust.confirm" Button
    t =    11.04s Find the "lab.trust.confirm" Button
    t =    11.06s Waiting 20.0s for "lab.trust.approve" Button to exist
    t =    12.12s     Checking `Expect predicate `existsNoRetry == 1` for object "lab.trust.approve" Button`
    t =    12.12s         Checking existence of `"lab.trust.approve" Button`
    t =    12.16s Find the "lab.trust.approve" Button
    t =    12.18s Find the "lab.trust.approve" Button
    t =    12.19s Checking existence of `"lab.trust.approve" Button`
    t =    12.20s Find the "lab.trust.approve" Button
    t =    12.22s Find the "lab.trust.approve" Button
    t =    12.24s Find the "lab.trust.approve" Button
    t =    12.25s Waiting 20.0s for "lab.trust.revoke" Button to exist
    t =    13.32s     Checking `Expect predicate `existsNoRetry == 1` for object "lab.trust.revoke" Button`
    t =    13.32s         Checking existence of `"lab.trust.revoke" Button`
    t =    13.36s Find the "lab.trust.revoke" Button
    t =    13.38s Find the "lab.trust.revoke" Button
    t =    13.39s Checking existence of `"lab.trust.revoke" Button`
    t =    13.41s Find the "lab.trust.revoke" Button
    t =    13.42s Find the "lab.trust.revoke" Button
    t =    13.44s Find the "lab.trust.revoke" Button
    t =    13.45s Tear Down
Test Case '-[LabMeshUITests.LabMeshAccessibilityUITests testGSINT001TheTrustSurfacesAreOperableNotMerelyLabelled]' passed (13.696 seconds).
Test Suite 'LabMeshAccessibilityUITests' passed at 2026-10-03 19:23:07.770.
	 Executed 11 tests, with 0 failures (0 unexpected) in 211.440 (211.448) seconds
Test Suite 'LabMeshUITests' started at 2026-10-03 19:23:07.771.
Test Case '-[LabMeshUITests.LabMeshUITests testG1ANormalBootReallyOpensPrivateStores]' started.
    t =     0.00s Start Test at 2026-10-03 19:23:07.772
    t =     0.04s Set Up
    t =     0.04s Open io.godstone.labmesh
    t =     0.04s     Launch io.godstone.labmesh
    t =     0.04s         Terminate io.godstone.labmesh:20171
2026-10-03 19:23:08.895 xcodebuild[19364:44936472] [MT] IDELaunchParametersSnapshot: debugger version lookup failed for path '<nil>': noURL
2026-10-03 19:23:08.895 xcodebuild[19364:44936472] [MT] IDELaunchParametersSnapshot: no debugger version
    t =     1.34s         Setting up automation session
    t =     2.02s         Wait for io.godstone.labmesh to idle
    t =     3.33s Checking existence of `"lab.tab.diagnostics" Button`
    t =     3.41s Checking existence of `"lab.tab.diagnostics" Button`
    t =     3.59s Checking existence of `"lab.tab.diagnostics" Button`
    t =     3.62s Checking existence of `"lab.tab.diagnostics" Button`
    t =     3.79s Checking existence of `"lab.tab.diagnostics" Button`
    t =     3.83s Waiting 25.0s for "lab.tab.diagnostics" Button to exist
    t =     4.87s     Checking `Expect predicate `existsNoRetry == 1` for object "lab.tab.diagnostics" Button`
    t =     4.87s         Checking existence of `"lab.tab.diagnostics" Button`
    t =     4.91s Checking existence of `"lab.tab.diagnostics" Button`
    t =     4.93s Tap "lab.tab.diagnostics" Button
    t =     4.93s     Wait for io.godstone.labmesh to idle
    t =     4.93s     Find the "lab.tab.diagnostics" Button
    t =     4.95s     Check for interrupting elements affecting "lab.tab.diagnostics" Button
    t =     4.96s     Synthesize event
    t =     5.25s     Wait for io.godstone.labmesh to idle
    t =     6.67s Waiting 20.0s for "lab.diagnostics.privateopens" StaticText to exist
    t =     7.73s     Checking `Expect predicate `existsNoRetry == 1` for object "lab.diagnostics.privateopens" StaticText`
    t =     7.73s         Checking existence of `"lab.diagnostics.privateopens" StaticText`
    t =     7.77s Find the "lab.diagnostics.privateopens" StaticText
    t =     7.78s Tear Down
Test Case '-[LabMeshUITests.LabMeshUITests testG1ANormalBootReallyOpensPrivateStores]' passed (8.071 seconds).
Test Case '-[LabMeshUITests.LabMeshUITests testG1TheCorruptRecordDeniesRetryAndTheOperatorWipeEarnsTheGraphBack]' started.
    t =     0.00s Start Test at 2026-10-03 19:23:15.843
    t =     0.03s Set Up
    t =     0.03s Open io.godstone.labmesh
    t =     0.03s     Launch io.godstone.labmesh
    t =     0.04s         Terminate io.godstone.labmesh:20236
2026-10-03 19:23:16.946 xcodebuild[19364:44936472] [MT] IDELaunchParametersSnapshot: debugger version lookup failed for path '<nil>': noURL
2026-10-03 19:23:16.946 xcodebuild[19364:44936472] [MT] IDELaunchParametersSnapshot: no debugger version
    t =     1.31s         Setting up automation session
    t =     1.89s         Wait for io.godstone.labmesh to idle
    t =     3.19s Checking existence of `"lab.tab.diagnostics" Button`
    t =     3.29s Checking existence of `"lab.tab.diagnostics" Button`
    t =     3.46s Checking existence of `"lab.tab.diagnostics" Button`
    t =     3.49s Checking existence of `"lab.tab.diagnostics" Button`
    t =     3.66s Checking existence of `"lab.tab.diagnostics" Button`
    t =     3.70s Waiting 25.0s for "lab.tab.diagnostics" Button to exist
    t =     4.75s     Checking `Expect predicate `existsNoRetry == 1` for object "lab.tab.diagnostics" Button`
    t =     4.75s         Checking existence of `"lab.tab.diagnostics" Button`
    t =     4.79s Terminate io.godstone.labmesh:20267
    t =     5.86s Open io.godstone.labmesh
    t =     5.86s     Launch io.godstone.labmesh
2026-10-03 19:23:21.708 xcodebuild[19364:44936472] [MT] IDELaunchParametersSnapshot: debugger version lookup failed for path '<nil>': noURL
2026-10-03 19:23:21.708 xcodebuild[19364:44936472] [MT] IDELaunchParametersSnapshot: no debugger version
    t =     6.07s         Setting up automation session
    t =     6.77s         Wait for io.godstone.labmesh to idle
    t =     7.93s Waiting 25.0s for "lab.recovery.decision" StaticText to exist
    t =     8.97s     Checking `Expect predicate `existsNoRetry == 1` for object "lab.recovery.decision" StaticText`
    t =     8.97s         Checking existence of `"lab.recovery.decision" StaticText`
    t =     9.00s Find the "lab.recovery.decision" StaticText
    t =     9.01s Find the "lab.recovery.bootstrap" StaticText
    t =     9.02s Find the "lab.recovery.gate" StaticText
    t =     9.02s Find the "lab.recovery.gate" StaticText
    t =     9.03s Checking existence of `"lab.recovery.retry" Button`
    t =     9.03s Waiting 20.0s for "lab.recovery.resolve" Button to exist
    t =    10.10s     Checking `Expect predicate `existsNoRetry == 1` for object "lab.recovery.resolve" Button`
    t =    10.10s         Checking existence of `"lab.recovery.resolve" Button`
    t =    10.12s Find the "lab.recovery.resolve" Button
    t =    10.14s Tap "lab.recovery.resolve" Button
    t =    10.14s     Wait for io.godstone.labmesh to idle
    t =    10.14s     Find the "lab.recovery.resolve" Button
    t =    10.15s     Check for interrupting elements affecting "lab.recovery.resolve" Button
    t =    10.16s     Synthesize event
    t =    10.45s     Wait for io.godstone.labmesh to idle
    t =    10.46s Waiting 30.0s for "lab.recovery.operatorwipe" StaticText to exist
    t =    11.52s     Checking `Expect predicate `existsNoRetry == 1` for object "lab.recovery.operatorwipe" StaticText`
    t =    11.52s         Checking existence of `"lab.recovery.operatorwipe" StaticText`
    t =    11.55s Find the "lab.recovery.operatorwipe" StaticText
    t =    11.56s Checking existence of `"lab.tab.diagnostics" Button`
    t =    11.57s Waiting 30.0s for "lab.tab.diagnostics" Button to exist
    t =    12.61s     Checking `Expect predicate `existsNoRetry == 1` for object "lab.tab.diagnostics" Button`
    t =    12.61s         Checking existence of `"lab.tab.diagnostics" Button`
    t =    12.62s Checking existence of `"lab.tab.diagnostics" Button`
    t =    12.64s Tap "lab.tab.diagnostics" Button
    t =    12.64s     Wait for io.godstone.labmesh to idle
    t =    12.64s     Find the "lab.tab.diagnostics" Button
    t =    12.65s     Check for interrupting elements affecting "lab.tab.diagnostics" Button
    t =    12.66s     Synthesize event
    t =    12.95s     Wait for io.godstone.labmesh to idle
    t =    14.26s Waiting 20.0s for "lab.diagnostics.privateopens" StaticText to exist
    t =    15.32s     Checking `Expect predicate `existsNoRetry == 1` for object "lab.diagnostics.privateopens" StaticText`
    t =    15.33s         Checking existence of `"lab.diagnostics.privateopens" StaticText`
    t =    15.36s Find the "lab.diagnostics.privateopens" StaticText
    t =    15.38s Tear Down
Test Case '-[LabMeshUITests.LabMeshUITests testG1TheCorruptRecordDeniesRetryAndTheOperatorWipeEarnsTheGraphBack]' passed (15.702 seconds).
Test Case '-[LabMeshUITests.LabMeshUITests testG1TheIntermediateRungBootsRecoveryOnlyAndResumesFromIt]' started.
    t =     0.00s Start Test at 2026-10-03 19:23:31.546
    t =     0.03s Set Up
    t =     0.03s Open io.godstone.labmesh
    t =     0.03s     Launch io.godstone.labmesh
    t =     0.03s         Terminate io.godstone.labmesh:20278
2026-10-03 19:23:32.662 xcodebuild[19364:44936472] [MT] IDELaunchParametersSnapshot: debugger version lookup failed for path '<nil>': noURL
2026-10-03 19:23:32.662 xcodebuild[19364:44936472] [MT] IDELaunchParametersSnapshot: no debugger version
    t =     1.33s         Setting up automation session
    t =     2.03s         Wait for io.godstone.labmesh to idle
    t =     3.33s Checking existence of `"lab.tab.diagnostics" Button`
    t =     3.42s Checking existence of `"lab.tab.diagnostics" Button`
    t =     3.59s Checking existence of `"lab.tab.diagnostics" Button`
    t =     3.62s Checking existence of `"lab.tab.diagnostics" Button`
    t =     3.79s Checking existence of `"lab.tab.diagnostics" Button`
    t =     3.83s Waiting 25.0s for "lab.tab.diagnostics" Button to exist
    t =     4.89s     Checking `Expect predicate `existsNoRetry == 1` for object "lab.tab.diagnostics" Button`
    t =     4.89s         Checking existence of `"lab.tab.diagnostics" Button`
    t =     4.93s Terminate io.godstone.labmesh:20321
    t =     6.01s Open io.godstone.labmesh
    t =     6.01s     Launch io.godstone.labmesh
2026-10-03 19:23:37.554 xcodebuild[19364:44936472] [MT] IDELaunchParametersSnapshot: debugger version lookup failed for path '<nil>': noURL
2026-10-03 19:23:37.555 xcodebuild[19364:44936472] [MT] IDELaunchParametersSnapshot: no debugger version
    t =     6.22s         Setting up automation session
    t =     6.82s         Wait for io.godstone.labmesh to idle
    t =     7.98s Waiting 25.0s for "lab.recovery.decision" StaticText to exist
    t =     9.05s     Checking `Expect predicate `existsNoRetry == 1` for object "lab.recovery.decision" StaticText`
    t =     9.05s         Checking existence of `"lab.recovery.decision" StaticText`
    t =     9.10s Find the "lab.recovery.rung" StaticText
    t =     9.11s Find the "lab.recovery.decision" StaticText
    t =     9.12s Find the "lab.recovery.decision" StaticText
    t =     9.12s Find the "lab.recovery.gate" StaticText
    t =     9.13s Find the "lab.recovery.privateopens" StaticText
    t =     9.15s Waiting 20.0s for "lab.recovery.retry" Button to exist
    t =    10.20s     Checking `Expect predicate `existsNoRetry == 1` for object "lab.recovery.retry" Button`
    t =    10.20s         Checking existence of `"lab.recovery.retry" Button`
    t =    10.22s Checking existence of `"lab.recovery.resolve" Button`
    t =    10.23s Tap "lab.recovery.retry" Button
    t =    10.23s     Wait for io.godstone.labmesh to idle
    t =    10.23s     Find the "lab.recovery.retry" Button
    t =    10.24s     Check for interrupting elements affecting "lab.recovery.retry" Button
    t =    10.26s     Synthesize event
    t =    10.55s     Wait for io.godstone.labmesh to idle
    t =    10.55s Checking existence of `"lab.tab.diagnostics" Button`
    t =    10.58s Waiting 30.0s for "lab.tab.diagnostics" Button to exist
    t =    11.62s     Checking `Expect predicate `existsNoRetry == 1` for object "lab.tab.diagnostics" Button`
    t =    11.62s         Checking existence of `"lab.tab.diagnostics" Button`
    t =    11.66s Tap "lab.tab.diagnostics" Button
    t =    11.66s     Wait for io.godstone.labmesh to idle
    t =    11.67s     Find the "lab.tab.diagnostics" Button
    t =    11.69s     Check for interrupting elements affecting "lab.tab.diagnostics" Button
    t =    11.70s     Synthesize event
    t =    11.99s     Wait for io.godstone.labmesh to idle
    t =    13.42s Waiting 20.0s for "lab.diagnostics.privateopens" StaticText to exist
    t =    14.48s     Checking `Expect predicate `existsNoRetry == 1` for object "lab.diagnostics.privateopens" StaticText`
    t =    14.48s         Checking existence of `"lab.diagnostics.privateopens" StaticText`
    t =    14.52s Find the "lab.diagnostics.privateopens" StaticText
    t =    14.54s Tear Down
Test Case '-[LabMeshUITests.LabMeshUITests testG1TheIntermediateRungBootsRecoveryOnlyAndResumesFromIt]' passed (14.783 seconds).
Test Case '-[LabMeshUITests.LabMeshUITests testG1ThePendingRecoveryBootsRecoveryOnlyAndRetriesAResume]' started.
    t =     0.00s Start Test at 2026-10-03 19:23:46.330
    t =     0.03s Set Up
    t =     0.03s Open io.godstone.labmesh
    t =     0.04s     Launch io.godstone.labmesh
    t =     0.04s         Terminate io.godstone.labmesh:20349
2026-10-03 19:23:47.463 xcodebuild[19364:44936472] [MT] IDELaunchParametersSnapshot: debugger version lookup failed for path '<nil>': noURL
2026-10-03 19:23:47.463 xcodebuild[19364:44936472] [MT] IDELaunchParametersSnapshot: no debugger version
    t =     1.35s         Setting up automation session
    t =     2.05s         Wait for io.godstone.labmesh to idle
    t =     3.35s Checking existence of `"lab.tab.diagnostics" Button`
    t =     3.44s Checking existence of `"lab.tab.diagnostics" Button`
    t =     3.62s Checking existence of `"lab.tab.diagnostics" Button`
    t =     3.64s Checking existence of `"lab.tab.diagnostics" Button`
    t =     3.81s Checking existence of `"lab.tab.diagnostics" Button`
    t =     3.85s Waiting 25.0s for "lab.tab.diagnostics" Button to exist
    t =     4.90s     Checking `Expect predicate `existsNoRetry == 1` for object "lab.tab.diagnostics" Button`
    t =     4.91s         Checking existence of `"lab.tab.diagnostics" Button`
    t =     4.95s Terminate io.godstone.labmesh:20394
    t =     6.02s Open io.godstone.labmesh
    t =     6.02s     Launch io.godstone.labmesh
2026-10-03 19:23:52.356 xcodebuild[19364:44936472] [MT] IDELaunchParametersSnapshot: debugger version lookup failed for path '<nil>': noURL
2026-10-03 19:23:52.356 xcodebuild[19364:44936472] [MT] IDELaunchParametersSnapshot: no debugger version
    t =     6.23s         Setting up automation session
    t =     6.92s         Wait for io.godstone.labmesh to idle
    t =     8.09s Waiting 25.0s for "lab.recovery.decision" StaticText to exist
    t =     9.15s     Checking `Expect predicate `existsNoRetry == 1` for object "lab.recovery.decision" StaticText`
    t =     9.16s         Checking existence of `"lab.recovery.decision" StaticText`
    t =     9.21s Find the "lab.recovery.decision" StaticText
    t =     9.21s Find the "lab.recovery.rung" StaticText
    t =     9.22s Find the "lab.recovery.privateopens" StaticText
    t =     9.23s Checking existence of `"lab.tab.identity" Button`
    t =     9.23s Checking existence of `"lab.tab.identity" Button`
    t =     9.24s Checking existence of `"lab.tab.contacts" Button`
    t =     9.24s Checking existence of `"lab.tab.contacts" Button`
    t =     9.24s Checking existence of `"lab.tab.conversation" Button`
    t =     9.25s Checking existence of `"lab.tab.conversation" Button`
    t =     9.25s Checking existence of `"lab.tab.sos" Button`
    t =     9.26s Checking existence of `"lab.tab.sos" Button`
    t =     9.26s Checking existence of `"lab.tab.diagnostics" Button`
    t =     9.27s Checking existence of `"lab.tab.diagnostics" Button`
    t =     9.27s Find the "lab.recovery.gate" StaticText
    t =     9.28s Find the "lab.recovery.gate" StaticText
    t =     9.28s Waiting 20.0s for "lab.recovery.retry" Button to exist
    t =    10.32s     Checking `Expect predicate `existsNoRetry == 1` for object "lab.recovery.retry" Button`
    t =    10.32s         Checking existence of `"lab.recovery.retry" Button`
    t =    10.34s Checking existence of `"lab.recovery.resolve" Button`
    t =    10.35s Tap "lab.recovery.retry" Button
    t =    10.35s     Wait for io.godstone.labmesh to idle
    t =    10.36s     Find the "lab.recovery.retry" Button
    t =    10.37s     Check for interrupting elements affecting "lab.recovery.retry" Button
    t =    10.38s     Synthesize event
    t =    10.67s     Wait for io.godstone.labmesh to idle
    t =    10.67s Checking existence of `"lab.tab.diagnostics" Button`
    t =    10.70s Waiting 30.0s for "lab.tab.diagnostics" Button to exist
    t =    11.75s     Checking `Expect predicate `existsNoRetry == 1` for object "lab.tab.diagnostics" Button`
    t =    11.76s         Checking existence of `"lab.tab.diagnostics" Button`
    t =    11.79s Tap "lab.tab.diagnostics" Button
    t =    11.79s     Wait for io.godstone.labmesh to idle
    t =    11.79s     Find the "lab.tab.diagnostics" Button
    t =    11.81s     Check for interrupting elements affecting "lab.tab.diagnostics" Button
    t =    11.83s     Synthesize event
    t =    12.12s     Wait for io.godstone.labmesh to idle
    t =    13.41s Waiting 20.0s for "lab.diagnostics.privateopens" StaticText to exist
    t =    14.46s     Checking `Expect predicate `existsNoRetry == 1` for object "lab.diagnostics.privateopens" StaticText`
    t =    14.47s         Checking existence of `"lab.diagnostics.privateopens" StaticText`
    t =    14.50s Find the "lab.diagnostics.privateopens" StaticText
    t =    14.52s Terminate io.godstone.labmesh:20404
    t =    15.59s Open io.godstone.labmesh
    t =    15.59s     Launch io.godstone.labmesh
2026-10-03 19:24:01.920 xcodebuild[19364:44936472] [MT] IDELaunchParametersSnapshot: debugger version lookup failed for path '<nil>': noURL
2026-10-03 19:24:01.920 xcodebuild[19364:44936472] [MT] IDELaunchParametersSnapshot: no debugger version
    t =    15.81s         Setting up automation session
    t =    16.51s         Wait for io.godstone.labmesh to idle
    t =    17.78s Checking existence of `"lab.tab.diagnostics" Button`
    t =    17.86s Checking existence of `"lab.tab.diagnostics" Button`
    t =    18.04s Checking existence of `"lab.tab.diagnostics" Button`
    t =    18.06s Checking existence of `"lab.tab.diagnostics" Button`
    t =    18.24s Checking existence of `"lab.tab.diagnostics" Button`
    t =    18.25s Waiting 30.0s for "lab.tab.diagnostics" Button to exist
    t =    19.30s     Checking `Expect predicate `existsNoRetry == 1` for object "lab.tab.diagnostics" Button`
    t =    19.30s         Checking existence of `"lab.tab.diagnostics" Button`
    t =    19.33s Checking existence of `"lab.recovery.decision" StaticText`
    t =    19.35s Tear Down
Test Case '-[LabMeshUITests.LabMeshUITests testG1ThePendingRecoveryBootsRecoveryOnlyAndRetriesAResume]' passed (19.657 seconds).
Test Case '-[LabMeshUITests.LabMeshUITests testGSINT001ACancelledSosHoldDoesNotReachTheRuntime]' started.
    t =     0.00s Start Test at 2026-10-03 19:24:05.988
    t =     0.03s Set Up
    t =     0.04s Open io.godstone.labmesh
    t =     0.04s     Launch io.godstone.labmesh
    t =     0.04s         Terminate io.godstone.labmesh:20442
2026-10-03 19:24:07.113 xcodebuild[19364:44936472] [MT] IDELaunchParametersSnapshot: debugger version lookup failed for path '<nil>': noURL
2026-10-03 19:24:07.113 xcodebuild[19364:44936472] [MT] IDELaunchParametersSnapshot: no debugger version
    t =     1.34s         Setting up automation session
    t =     1.92s         Wait for io.godstone.labmesh to idle
    t =     3.20s Checking existence of `"lab.tab.sos" Button`
    t =     3.25s Checking existence of `"lab.tab.sos" Button`
    t =     3.43s Checking existence of `"lab.tab.sos" Button`
    t =     3.45s Checking existence of `"lab.tab.sos" Button`
    t =     3.63s Checking existence of `"lab.tab.sos" Button`
    t =     3.66s Waiting 20.0s for "lab.tab.sos" Button to exist
    t =     4.72s     Checking `Expect predicate `existsNoRetry == 1` for object "lab.tab.sos" Button`
    t =     4.72s         Checking existence of `"lab.tab.sos" Button`
    t =     4.76s Tap "lab.tab.sos" Button
    t =     4.76s     Wait for io.godstone.labmesh to idle
    t =     4.77s     Find the "lab.tab.sos" Button
    t =     4.79s     Check for interrupting elements affecting "lab.tab.sos" Button
    t =     4.80s     Synthesize event
    t =     5.09s     Wait for io.godstone.labmesh to idle
    t =     6.47s Waiting 20.0s for "lab.sos.hold" StaticText to exist
    t =     7.51s     Checking `Expect predicate `existsNoRetry == 1` for object "lab.sos.hold" StaticText`
    t =     7.51s         Checking existence of `"lab.sos.hold" StaticText`
    t =     7.55s Checking existence of `"lab.sos.hold" StaticText`
    t =     7.56s Waiting 20.0s for "lab.sos.admitted" StaticText to exist
    t =     8.62s     Checking `Expect predicate `existsNoRetry == 1` for object "lab.sos.admitted" StaticText`
    t =     8.62s         Checking existence of `"lab.sos.admitted" StaticText`
    t =     8.64s Find the "lab.sos.admitted" StaticText
    t =     8.65s Press "lab.sos.hold" StaticText for 0.2 seconds
    t =     8.65s     Wait for io.godstone.labmesh to idle
    t =     8.65s     Find the "lab.sos.hold" StaticText
    t =     8.67s     Check for interrupting elements affecting "lab.sos.hold" StaticText
    t =     8.68s     Synthesize event
    t =     9.12s     Wait for io.godstone.labmesh to idle
    t =     9.12s Waiting 10.0s for StaticText (First Match) to exist
    t =    10.19s     Checking `Expect predicate `existsNoRetry == 1` for object StaticText (First Match)`
    t =    10.19s         Checking existence of `StaticText (First Match)`
    t =    10.27s Find the "lab.sos.admitted" StaticText
    t =    10.29s Tear Down
Test Case '-[LabMeshUITests.LabMeshUITests testGSINT001ACancelledSosHoldDoesNotReachTheRuntime]' passed (10.515 seconds).
Test Case '-[LabMeshUITests.LabMeshUITests testGSINT001AStaleRotationCandidateIsRefusedWithTheExactString]' started.
    t =     0.00s Start Test at 2026-10-03 19:24:16.504
    t =     0.03s Set Up
    t =     0.03s Open io.godstone.labmesh
    t =     0.03s     Launch io.godstone.labmesh
    t =     0.03s         Terminate io.godstone.labmesh:20465
2026-10-03 19:24:17.596 xcodebuild[19364:44936472] [MT] IDELaunchParametersSnapshot: debugger version lookup failed for path '<nil>': noURL
2026-10-03 19:24:17.596 xcodebuild[19364:44936472] [MT] IDELaunchParametersSnapshot: no debugger version
    t =     1.31s         Setting up automation session
    t =     2.02s         Wait for io.godstone.labmesh to idle
    t =     3.31s Checking existence of `"lab.tab.contacts" Button`
    t =     3.40s Checking existence of `"lab.tab.contacts" Button`
    t =     3.57s Checking existence of `"lab.tab.contacts" Button`
    t =     3.60s Checking existence of `"lab.tab.contacts" Button`
    t =     3.77s Checking existence of `"lab.tab.contacts" Button`
    t =     3.81s Waiting 20.0s for "lab.tab.contacts" Button to exist
    t =     4.87s     Checking `Expect predicate `existsNoRetry == 1` for object "lab.tab.contacts" Button`
    t =     4.88s         Checking existence of `"lab.tab.contacts" Button`
    t =     4.91s Tap "lab.tab.contacts" Button
    t =     4.91s     Wait for io.godstone.labmesh to idle
    t =     4.92s     Find the "lab.tab.contacts" Button
    t =     4.94s     Check for interrupting elements affecting "lab.tab.contacts" Button
    t =     4.97s     Synthesize event
    t =     5.26s     Wait for io.godstone.labmesh to idle
    t =     6.62s Waiting 20.0s for "lab.trust.outcome" StaticText to exist
    t =     7.69s     Checking `Expect predicate `existsNoRetry == 1` for object "lab.trust.outcome" StaticText`
    t =     7.69s         Checking existence of `"lab.trust.outcome" StaticText`
    t =     7.73s Waiting 20.0s for "lab.trust.approve" Button to exist
    t =     8.80s     Checking `Expect predicate `existsNoRetry == 1` for object "lab.trust.approve" Button`
    t =     8.80s         Checking existence of `"lab.trust.approve" Button`
    t =     8.83s Waiting 20.0s for "lab.trust.seedrotation" Button to exist
    t =     9.86s     Checking `Expect predicate `existsNoRetry == 1` for object "lab.trust.seedrotation" Button`
    t =     9.86s         Checking existence of `"lab.trust.seedrotation" Button`
    t =     9.90s Find the "lab.trust.seedrotation" Button
    t =     9.93s Checking existence of `ScrollView (First Match)`
    t =     9.94s Swipe up ScrollView (First Match)
    t =     9.94s     Wait for io.godstone.labmesh to idle
    t =     9.94s     Find the ScrollView (First Match)
    t =     9.95s     Check for interrupting elements affecting ScrollView
    t =     9.97s     Synthesize event
    t =    10.40s     Wait for io.godstone.labmesh to idle
    t =    10.95s Find the "lab.trust.seedrotation" Button
    t =    10.99s Tap "lab.trust.seedrotation" Button
    t =    10.99s     Wait for io.godstone.labmesh to idle
    t =    10.99s     Find the "lab.trust.seedrotation" Button
    t =    11.01s     Check for interrupting elements affecting "lab.trust.seedrotation" Button
    t =    11.02s     Synthesize event
    t =    11.31s     Wait for io.godstone.labmesh to idle
    t =    11.31s Waiting 20.0s for "lab.trust.status" Any to exist
    t =    12.35s     Checking `Expect predicate `existsNoRetry == 1` for object "lab.trust.status" Any`
    t =    12.35s         Checking existence of `"lab.trust.status" Any`
    t =    13.45s Checking `Expect predicate `value CONTAINS "ROTATION_PENDING"` for object "lab.trust.status" Any`
    t =    13.45s     Find the "lab.trust.status" Any
    t =    13.48s Find the "lab.trust.seedrotation" Button
    t =    13.51s Tap "lab.trust.seedrotation" Button
    t =    13.51s     Wait for io.godstone.labmesh to idle
    t =    13.51s     Find the "lab.trust.seedrotation" Button
    t =    13.52s     Check for interrupting elements affecting "lab.trust.seedrotation" Button
    t =    13.54s     Synthesize event
    t =    13.83s     Wait for io.godstone.labmesh to idle
    t =    13.83s Find the "lab.trust.approve" Button
    t =    13.87s Tap "lab.trust.approve" Button
    t =    13.87s     Wait for io.godstone.labmesh to idle
    t =    13.87s     Find the "lab.trust.approve" Button
    t =    13.89s     Check for interrupting elements affecting "lab.trust.approve" Button
    t =    13.91s     Synthesize event
    t =    14.20s     Wait for io.godstone.labmesh to idle
    t =    15.26s Checking `Expect predicate `label == "refused: that rotation is no longer pending: nothing was approved"` for object "lab.trust.outcome" StaticText`
    t =    15.26s     Find the "lab.trust.outcome" StaticText
    t =    15.30s Find the "lab.trust.outcome" StaticText
    t =    15.32s Tear Down
Test Case '-[LabMeshUITests.LabMeshUITests testGSINT001AStaleRotationCandidateIsRefusedWithTheExactString]' passed (15.559 seconds).
Test Case '-[LabMeshUITests.LabMeshUITests testGSINT001ControlsRemainAddressableUnderRTLAndLargeText]' started.
    t =     0.00s Start Test at 2026-10-03 19:24:32.063
    t =     0.03s Set Up
    t =     0.04s Open io.godstone.labmesh
    t =     0.04s     Launch io.godstone.labmesh
    t =     0.04s         Terminate io.godstone.labmesh:20510
2026-10-03 19:24:33.172 xcodebuild[19364:44936472] [MT] IDELaunchParametersSnapshot: debugger version lookup failed for path '<nil>': noURL
2026-10-03 19:24:33.172 xcodebuild[19364:44936472] [MT] IDELaunchParametersSnapshot: no debugger version
    t =     1.33s         Setting up automation session
    t =     2.01s         Wait for io.godstone.labmesh to idle
    t =     3.32s Checking existence of `"lab.tab.conversation" Button`
    t =     3.40s Checking existence of `"lab.tab.conversation" Button`
    t =     3.57s Checking existence of `"lab.tab.conversation" Button`
    t =     3.59s Checking existence of `"lab.tab.conversation" Button`
    t =     3.76s Checking existence of `"lab.tab.conversation" Button`
    t =     3.79s Waiting 20.0s for "lab.tab.conversation" Button to exist
    t =     4.85s     Checking `Expect predicate `existsNoRetry == 1` for object "lab.tab.conversation" Button`
    t =     4.85s         Checking existence of `"lab.tab.conversation" Button`
    t =     4.88s Tap "lab.tab.conversation" Button
    t =     4.88s     Wait for io.godstone.labmesh to idle
    t =     4.88s     Find the "lab.tab.conversation" Button
    t =     4.89s     Check for interrupting elements affecting "lab.tab.conversation" Button
    t =     4.92s     Synthesize event
    t =     5.21s     Wait for io.godstone.labmesh to idle
    t =     5.98s Waiting 20.0s for "lab.conversation.field" TextField to exist
    t =     7.03s     Checking `Expect predicate `existsNoRetry == 1` for object "lab.conversation.field" TextField`
    t =     7.03s         Checking existence of `"lab.conversation.field" TextField`
    t =     7.07s Checking existence of `"lab.conversation.send" Button`
    t =     7.09s Tap "lab.conversation.field" TextField
    t =     7.09s     Wait for io.godstone.labmesh to idle
    t =     7.09s     Find the "lab.conversation.field" TextField
    t =     7.11s     Check for interrupting elements affecting "lab.conversation.field" TextField
    t =     7.12s     Synthesize event
    t =     7.12s         Scroll element to visible
    t =     7.14s         Find the "lab.conversation.field" TextField
    t =     7.16s         Computed hit point {220, 456.91666666666669} after scrolling to visible
    t =     7.44s     Wait for io.godstone.labmesh to idle
    t =     8.92s Type 'الطريق مسدود' into "lab.conversation.field" TextField
    t =     8.93s     Wait for io.godstone.labmesh to idle
    t =     8.93s     Find the "lab.conversation.field" TextField
    t =     8.98s     Check for interrupting elements affecting "lab.conversation.field" TextField
    t =     9.01s     Synthesize event
    t =     9.41s     Wait for io.godstone.labmesh to idle
    t =     9.41s Get number of matches for: Descendants matching type Keyboard
    t =     9.44s Checking existence of `"Return" Button`
    t =     9.46s Tap "Return" Button
    t =     9.46s     Wait for io.godstone.labmesh to idle
    t =     9.47s     Find the "Return" Button
    t =     9.49s     Check for interrupting elements affecting "Return" Button
    t =     9.51s     Synthesize event
    t =     9.80s     Wait for io.godstone.labmesh to idle
    t =    11.76s Get number of matches for: Descendants matching type Keyboard
    t =    11.80s Checking existence of `"lab.tab.contacts" Button`
    t =    11.82s Checking existence of `"lab.tab.contacts" Button`
    t =    11.83s Tap "lab.tab.contacts" Button
    t =    11.83s     Wait for io.godstone.labmesh to idle
    t =    11.84s     Find the "lab.tab.contacts" Button
    t =    11.85s     Check for interrupting elements affecting "lab.tab.contacts" Button
    t =    11.87s     Synthesize event
    t =    12.15s     Wait for io.godstone.labmesh to idle
    t =    13.53s Waiting 20.0s for "lab.trust.confirm" Button to exist
    t =    14.57s     Checking `Expect predicate `existsNoRetry == 1` for object "lab.trust.confirm" Button`
    t =    14.57s         Checking existence of `"lab.trust.confirm" Button`
    t =    14.62s Get all elements bound by index for: Descendants matching type Button
    t =    14.64s Checking existence of `Button (Element at index 0)`
    t =    14.66s Find the Button (Element at index 0)
    t =    14.67s Checking existence of `Button (Element at index 1)`
    t =    14.68s Find the Button (Element at index 1)
    t =    14.69s Checking existence of `Button (Element at index 2)`
    t =    14.70s Find the Button (Element at index 2)
    t =    14.71s Checking existence of `Button (Element at index 3)`
    t =    14.72s Find the Button (Element at index 3)
    t =    14.74s Checking existence of `Button (Element at index 4)`
    t =    14.75s Find the Button (Element at index 4)
    t =    14.76s Checking existence of `Button (Element at index 5)`
    t =    14.77s Find the Button (Element at index 5)
    t =    14.78s Checking existence of `Button (Element at index 6)`
    t =    14.79s Find the Button (Element at index 6)
    t =    14.80s Checking existence of `Button (Element at index 7)`
    t =    14.81s Find the Button (Element at index 7)
    t =    14.83s Checking existence of `Button (Element at index 8)`
    t =    14.84s Find the Button (Element at index 8)
    t =    14.85s Checking existence of `Button (Element at index 9)`
    t =    14.86s Find the Button (Element at index 9)
    t =    14.88s Tear Down
Test Case '-[LabMeshUITests.LabMeshUITests testGSINT001ControlsRemainAddressableUnderRTLAndLargeText]' passed (15.136 seconds).
Test Case '-[LabMeshUITests.LabMeshUITests testGSINT001TheBoundedComposeCountsOctetsAndUpdatesItsReadout]' started.
    t =     0.00s Start Test at 2026-10-03 19:24:47.200
    t =     0.03s Set Up
    t =     0.04s Open io.godstone.labmesh
    t =     0.04s     Launch io.godstone.labmesh
    t =     0.04s         Terminate io.godstone.labmesh:20598
2026-10-03 19:24:48.316 xcodebuild[19364:44936472] [MT] IDELaunchParametersSnapshot: debugger version lookup failed for path '<nil>': noURL
2026-10-03 19:24:48.317 xcodebuild[19364:44936472] [MT] IDELaunchParametersSnapshot: no debugger version
    t =     1.32s         Setting up automation session
    t =     2.00s         Wait for io.godstone.labmesh to idle
    t =     3.31s Checking existence of `"lab.tab.conversation" Button`
    t =     3.40s Checking existence of `"lab.tab.conversation" Button`
    t =     3.57s Checking existence of `"lab.tab.conversation" Button`
    t =     3.60s Checking existence of `"lab.tab.conversation" Button`
    t =     3.77s Checking existence of `"lab.tab.conversation" Button`
    t =     3.81s Waiting 20.0s for "lab.tab.conversation" Button to exist
    t =     4.85s     Checking `Expect predicate `existsNoRetry == 1` for object "lab.tab.conversation" Button`
    t =     4.85s         Checking existence of `"lab.tab.conversation" Button`
    t =     4.89s Tap "lab.tab.conversation" Button
    t =     4.89s     Wait for io.godstone.labmesh to idle
    t =     4.90s     Find the "lab.tab.conversation" Button
    t =     4.91s     Check for interrupting elements affecting "lab.tab.conversation" Button
    t =     4.93s     Synthesize event
    t =     5.22s     Wait for io.godstone.labmesh to idle
    t =     5.97s Waiting 20.0s for "lab.conversation.field" TextField to exist
    t =     7.04s     Checking `Expect predicate `existsNoRetry == 1` for object "lab.conversation.field" TextField`
    t =     7.04s         Checking existence of `"lab.conversation.field" TextField`
    t =     7.08s Waiting 20.0s for "lab.conversation.octets" Any to exist
    t =     8.14s     Checking `Expect predicate `existsNoRetry == 1` for object "lab.conversation.octets" Any`
    t =     8.14s         Checking existence of `"lab.conversation.octets" Any`
    t =     8.17s Find the "lab.conversation.octets" Any
    t =     8.18s Tap "lab.conversation.field" TextField
    t =     8.18s     Wait for io.godstone.labmesh to idle
    t =     8.19s     Find the "lab.conversation.field" TextField
    t =     8.20s     Check for interrupting elements affecting "lab.conversation.field" TextField
    t =     8.21s     Synthesize event
    t =     8.51s     Wait for io.godstone.labmesh to idle
    t =     8.89s Type '⛵️ الطريق مسدود' into "lab.conversation.field" TextField
    t =     8.89s     Wait for io.godstone.labmesh to idle
    t =     8.90s     Find the "lab.conversation.field" TextField
    t =     8.93s     Check for interrupting elements affecting "lab.conversation.field" TextField
    t =     8.96s     Synthesize event
    t =     9.39s     Wait for io.godstone.labmesh to idle
    t =    10.43s Checking `Expect predicate `value != "32/400 octets"` for object "lab.conversation.octets" Other`
    t =    10.44s     Find the "lab.conversation.octets" Other
    t =    10.49s Find the "lab.conversation.octets" Other
    t =    10.52s Tear Down
Test Case '-[LabMeshUITests.LabMeshUITests testGSINT001TheBoundedComposeCountsOctetsAndUpdatesItsReadout]' passed (10.743 seconds).
Test Case '-[LabMeshUITests.LabMeshUITests testGSINT001TheDistressStateSurvivesARelaunchAndACancelDoesNotUnAuthor]' started.
    t =     0.00s Start Test at 2026-10-03 19:24:57.944
    t =     0.03s Set Up
    t =     0.04s Open io.godstone.labmesh
    t =     0.04s     Launch io.godstone.labmesh
    t =     0.04s         Terminate io.godstone.labmesh:20648
2026-10-03 19:24:59.036 xcodebuild[19364:44936472] [MT] IDELaunchParametersSnapshot: debugger version lookup failed for path '<nil>': noURL
2026-10-03 19:24:59.036 xcodebuild[19364:44936472] [MT] IDELaunchParametersSnapshot: no debugger version
    t =     1.30s         Setting up automation session
    t =     1.96s         Wait for io.godstone.labmesh to idle
    t =     3.28s Checking existence of `"lab.tab.sos" Button`
    t =     3.37s Checking existence of `"lab.tab.sos" Button`
    t =     3.55s Checking existence of `"lab.tab.sos" Button`
    t =     3.57s Checking existence of `"lab.tab.sos" Button`
    t =     3.75s Checking existence of `"lab.tab.sos" Button`
    t =     3.79s Waiting 20.0s for "lab.tab.sos" Button to exist
    t =     4.83s     Checking `Expect predicate `existsNoRetry == 1` for object "lab.tab.sos" Button`
    t =     4.83s         Checking existence of `"lab.tab.sos" Button`
    t =     4.87s Tap "lab.tab.sos" Button
    t =     4.87s     Wait for io.godstone.labmesh to idle
    t =     4.87s     Find the "lab.tab.sos" Button
    t =     4.89s     Check for interrupting elements affecting "lab.tab.sos" Button
    t =     4.91s     Synthesize event
    t =     5.19s     Wait for io.godstone.labmesh to idle
    t =     6.59s Waiting 20.0s for "lab.sos.state" Any to exist
    t =     7.67s     Checking `Expect predicate `existsNoRetry == 1` for object "lab.sos.state" Any`
    t =     7.67s         Checking existence of `"lab.sos.state" Any`
    t =     7.68s Waiting 20.0s for "lab.sos.send" Button to exist
    t =     8.72s     Checking `Expect predicate `existsNoRetry == 1` for object "lab.sos.send" Button`
    t =     8.72s         Checking existence of `"lab.sos.send" Button`
    t =     8.75s Tap "lab.sos.send" Button
    t =     8.75s     Wait for io.godstone.labmesh to idle
    t =     8.75s     Find the "lab.sos.send" Button
    t =     8.76s     Check for interrupting elements affecting "lab.sos.send" Button
    t =     8.78s     Synthesize event
    t =     9.07s     Wait for io.godstone.labmesh to idle
    t =    10.11s Checking `Expect predicate `value BEGINSWITH "active: "` for object "lab.sos.state" Any`
    t =    10.11s     Find the "lab.sos.state" Any
    t =    10.15s Find the "lab.sos.state" Other
    t =    10.17s Terminate io.godstone.labmesh:20750
    t =    11.25s Open io.godstone.labmesh
    t =    11.25s     Launch io.godstone.labmesh
2026-10-03 19:25:09.195 xcodebuild[19364:44936472] [MT] IDELaunchParametersSnapshot: debugger version lookup failed for path '<nil>': noURL
2026-10-03 19:25:09.196 xcodebuild[19364:44936472] [MT] IDELaunchParametersSnapshot: no debugger version
    t =    11.46s         Setting up automation session
    t =    12.12s         Wait for io.godstone.labmesh to idle
    t =    13.44s Checking existence of `"lab.tab.sos" Button`
    t =    13.52s Checking existence of `"lab.tab.sos" Button`
    t =    13.69s Checking existence of `"lab.tab.sos" Button`
    t =    13.71s Checking existence of `"lab.tab.sos" Button`
    t =    13.89s Checking existence of `"lab.tab.sos" Button`
    t =    13.93s Waiting 20.0s for "lab.tab.sos" Button to exist
    t =    14.99s     Checking `Expect predicate `existsNoRetry == 1` for object "lab.tab.sos" Button`
    t =    14.99s         Checking existence of `"lab.tab.sos" Button`
    t =    15.03s Tap "lab.tab.sos" Button
    t =    15.03s     Wait for io.godstone.labmesh to idle
    t =    15.04s     Find the "lab.tab.sos" Button
    t =    15.06s     Check for interrupting elements affecting "lab.tab.sos" Button
    t =    15.07s     Synthesize event
    t =    15.36s     Wait for io.godstone.labmesh to idle
    t =    16.76s Waiting 20.0s for "lab.sos.state" Any to exist
    t =    17.82s     Checking `Expect predicate `existsNoRetry == 1` for object "lab.sos.state" Any`
    t =    17.82s         Checking existence of `"lab.sos.state" Any`
    t =    18.91s Checking `Expect predicate `value BEGINSWITH "active: "` for object "lab.sos.state" Any`
    t =    18.91s     Find the "lab.sos.state" Any
    t =    18.94s Find the "lab.sos.state" Other
    t =    18.95s Waiting 20.0s for "lab.sos.cancel" Button to exist
    t =    19.99s     Checking `Expect predicate `existsNoRetry == 1` for object "lab.sos.cancel" Button`
    t =    20.00s         Checking existence of `"lab.sos.cancel" Button`
    t =    20.03s Tap "lab.sos.cancel" Button
    t =    20.03s     Wait for io.godstone.labmesh to idle
    t =    20.03s     Find the "lab.sos.cancel" Button
    t =    20.05s     Check for interrupting elements affecting "lab.sos.cancel" Button
    t =    20.07s     Synthesize event
    t =    20.36s     Wait for io.godstone.labmesh to idle
    t =    21.42s Checking `Expect predicate `value BEGINSWITH "terminal: "` for object "lab.sos.state" Other`
    t =    21.42s     Find the "lab.sos.state" Other
    t =    21.44s Find the "lab.sos.state" Other
    t =    21.45s Terminate io.godstone.labmesh:20822
    t =    22.51s Open io.godstone.labmesh
    t =    22.51s     Launch io.godstone.labmesh
2026-10-03 19:25:20.454 xcodebuild[19364:44936472] [MT] IDELaunchParametersSnapshot: debugger version lookup failed for path '<nil>': noURL
2026-10-03 19:25:20.454 xcodebuild[19364:44936472] [MT] IDELaunchParametersSnapshot: no debugger version
    t =    22.72s         Setting up automation session
    t =    23.29s         Wait for io.godstone.labmesh to idle
    t =    24.56s Checking existence of `"lab.tab.sos" Button`
    t =    24.65s Checking existence of `"lab.tab.sos" Button`
    t =    24.83s Checking existence of `"lab.tab.sos" Button`
    t =    24.86s Checking existence of `"lab.tab.sos" Button`
    t =    25.03s Checking existence of `"lab.tab.sos" Button`
    t =    25.07s Waiting 20.0s for "lab.tab.sos" Button to exist
    t =    26.14s     Checking `Expect predicate `existsNoRetry == 1` for object "lab.tab.sos" Button`
    t =    26.14s         Checking existence of `"lab.tab.sos" Button`
    t =    26.18s Tap "lab.tab.sos" Button
    t =    26.18s     Wait for io.godstone.labmesh to idle
    t =    26.19s     Find the "lab.tab.sos" Button
    t =    26.20s     Check for interrupting elements affecting "lab.tab.sos" Button
    t =    26.22s     Synthesize event
    t =    26.51s     Wait for io.godstone.labmesh to idle
    t =    27.84s Waiting 20.0s for "lab.sos.state" Any to exist
    t =    28.87s     Checking `Expect predicate `existsNoRetry == 1` for object "lab.sos.state" Any`
    t =    28.87s         Checking existence of `"lab.sos.state" Any`
    t =    28.91s Find the "lab.sos.state" Any
    t =    28.93s Tear Down
Test Case '-[LabMeshUITests.LabMeshUITests testGSINT001TheDistressStateSurvivesARelaunchAndACancelDoesNotUnAuthor]' passed (29.226 seconds).
Test Case '-[LabMeshUITests.LabMeshUITests testGSINT001TheDurableSendVerdictSurvivesARelaunch]' started.
    t =     0.00s Start Test at 2026-10-03 19:25:27.171
    t =     0.03s Set Up
    t =     0.03s Open io.godstone.labmesh
    t =     0.04s     Launch io.godstone.labmesh
    t =     0.04s         Terminate io.godstone.labmesh:20870
2026-10-03 19:25:28.248 xcodebuild[19364:44936472] [MT] IDELaunchParametersSnapshot: debugger version lookup failed for path '<nil>': noURL
2026-10-03 19:25:28.248 xcodebuild[19364:44936472] [MT] IDELaunchParametersSnapshot: no debugger version
    t =     1.29s         Setting up automation session
    t =     1.97s         Wait for io.godstone.labmesh to idle
    t =     3.25s Checking existence of `"lab.tab.conversation" Button`
    t =     3.31s Checking existence of `"lab.tab.conversation" Button`
    t =     3.48s Checking existence of `"lab.tab.conversation" Button`
    t =     3.50s Checking existence of `"lab.tab.conversation" Button`
    t =     3.68s Checking existence of `"lab.tab.conversation" Button`
    t =     3.72s Waiting 20.0s for "lab.tab.conversation" Button to exist
    t =     4.75s     Checking `Expect predicate `existsNoRetry == 1` for object "lab.tab.conversation" Button`
    t =     4.75s         Checking existence of `"lab.tab.conversation" Button`
    t =     4.79s Tap "lab.tab.conversation" Button
    t =     4.79s     Wait for io.godstone.labmesh to idle
    t =     4.80s     Find the "lab.tab.conversation" Button
    t =     4.81s     Check for interrupting elements affecting "lab.tab.conversation" Button
    t =     4.83s     Synthesize event
    t =     5.13s     Wait for io.godstone.labmesh to idle
    t =     5.89s Waiting 20.0s for "lab.conversation.send" Button to exist
    t =     6.94s     Checking `Expect predicate `existsNoRetry == 1` for object "lab.conversation.send" Button`
    t =     6.94s         Checking existence of `"lab.conversation.send" Button`
    t =     6.98s Waiting 20.0s for "lab.conversation.durable" Any to exist
    t =     8.04s     Checking `Expect predicate `existsNoRetry == 1` for object "lab.conversation.durable" Any`
    t =     8.04s         Checking existence of `"lab.conversation.durable" Any`
    t =     8.08s Tap "lab.conversation.send" Button
    t =     8.08s     Wait for io.godstone.labmesh to idle
    t =     8.08s     Find the "lab.conversation.send" Button
    t =     8.10s     Check for interrupting elements affecting "lab.conversation.send" Button
    t =     8.12s     Synthesize event
    t =     8.13s         Scroll element to visible
    t =     8.13s         Find the "lab.conversation.send" Button
    t =     8.15s         Computed hit point {52.25, 480.75} after scrolling to visible
    t =     8.43s     Wait for io.godstone.labmesh to idle
    t =    10.24s Checking `Expect predicate `value BEGINSWITH "found:"` for object "lab.conversation.durable" Any`
    t =    10.24s     Find the "lab.conversation.durable" Any
    t =    10.28s Find the "lab.conversation.durable" Other
    t =    10.30s Terminate io.godstone.labmesh:20911
    t =    11.37s Open io.godstone.labmesh
    t =    11.37s     Launch io.godstone.labmesh
2026-10-03 19:25:38.540 xcodebuild[19364:44936472] [MT] IDELaunchParametersSnapshot: debugger version lookup failed for path '<nil>': noURL
2026-10-03 19:25:38.540 xcodebuild[19364:44936472] [MT] IDELaunchParametersSnapshot: no debugger version
    t =    11.57s         Setting up automation session
    t =    12.19s         Wait for io.godstone.labmesh to idle
    t =    13.45s Checking existence of `"lab.tab.conversation" Button`
    t =    13.51s Checking existence of `"lab.tab.conversation" Button`
    t =    13.69s Checking existence of `"lab.tab.conversation" Button`
    t =    13.71s Checking existence of `"lab.tab.conversation" Button`
    t =    13.88s Checking existence of `"lab.tab.conversation" Button`
    t =    13.92s Waiting 20.0s for "lab.tab.conversation" Button to exist
    t =    14.97s     Checking `Expect predicate `existsNoRetry == 1` for object "lab.tab.conversation" Button`
    t =    14.97s         Checking existence of `"lab.tab.conversation" Button`
    t =    15.01s Tap "lab.tab.conversation" Button
    t =    15.01s     Wait for io.godstone.labmesh to idle
    t =    15.01s     Find the "lab.tab.conversation" Button
    t =    15.03s     Check for interrupting elements affecting "lab.tab.conversation" Button
    t =    15.04s     Synthesize event
    t =    15.33s     Wait for io.godstone.labmesh to idle
    t =    16.08s Waiting 20.0s for "lab.conversation.durable" Any to exist
    t =    17.14s     Checking `Expect predicate `existsNoRetry == 1` for object "lab.conversation.durable" Any`
    t =    17.14s         Checking existence of `"lab.conversation.durable" Any`
    t =    17.18s Find the "lab.conversation.durable" Any
    t =    17.20s Tear Down
Test Case '-[LabMeshUITests.LabMeshUITests testGSINT001TheDurableSendVerdictSurvivesARelaunch]' passed (17.458 seconds).
Test Case '-[LabMeshUITests.LabMeshUITests testGSINT001TheEssentialRetryControlStandsAndActs]' started.
    t =     0.00s Start Test at 2026-10-03 19:25:44.630
    t =     0.03s Set Up
    t =     0.03s Open io.godstone.labmesh
    t =     0.04s     Launch io.godstone.labmesh
    t =     0.04s         Terminate io.godstone.labmesh:20948
2026-10-03 19:25:45.762 xcodebuild[19364:44936472] [MT] IDELaunchParametersSnapshot: debugger version lookup failed for path '<nil>': noURL
2026-10-03 19:25:45.762 xcodebuild[19364:44936472] [MT] IDELaunchParametersSnapshot: no debugger version
    t =     1.35s         Setting up automation session
    t =     2.01s         Wait for io.godstone.labmesh to idle
    t =     3.30s Checking existence of `"lab.tab.sos" Button`
    t =     3.37s Checking existence of `"lab.tab.sos" Button`
    t =     3.55s Checking existence of `"lab.tab.sos" Button`
    t =     3.57s Checking existence of `"lab.tab.sos" Button`
    t =     3.75s Checking existence of `"lab.tab.sos" Button`
    t =     3.78s Waiting 20.0s for "lab.tab.sos" Button to exist
    t =     4.83s     Checking `Expect predicate `existsNoRetry == 1` for object "lab.tab.sos" Button`
    t =     4.83s         Checking existence of `"lab.tab.sos" Button`
    t =     4.87s Tap "lab.tab.sos" Button
    t =     4.87s     Wait for io.godstone.labmesh to idle
    t =     4.87s     Find the "lab.tab.sos" Button
    t =     4.89s     Check for interrupting elements affecting "lab.tab.sos" Button
    t =     4.91s     Synthesize event
    t =     5.20s     Wait for io.godstone.labmesh to idle
    t =     6.53s Waiting 25.0s for "lab.sos.retry" Button to exist
    t =     7.59s     Checking `Expect predicate `existsNoRetry == 1` for object "lab.sos.retry" Button`
    t =     7.59s         Checking existence of `"lab.sos.retry" Button`
    t =     7.63s Find the "lab.sos.retry" Button
    t =     7.65s Find the "lab.sos.retry" Button
    t =     7.66s Find the "lab.sos.retry" Button
    t =     7.68s Checking existence of `ScrollView (First Match)`
    t =     7.69s Swipe up ScrollView (First Match)
    t =     7.69s     Wait for io.godstone.labmesh to idle
    t =     7.69s     Find the ScrollView (First Match)
    t =     7.70s     Check for interrupting elements affecting ScrollView
    t =     7.72s     Synthesize event
    t =     8.15s     Wait for io.godstone.labmesh to idle
    t =     8.65s Find the "lab.sos.retry" Button
    t =     8.68s Find the "lab.sos.retry" Button
    t =     8.70s Waiting 20.0s for "lab.sos.send" Button to exist
    t =     9.77s     Checking `Expect predicate `existsNoRetry == 1` for object "lab.sos.send" Button`
    t =     9.77s         Checking existence of `"lab.sos.send" Button`
    t =     9.81s Find the "lab.sos.send" Button
    t =     9.83s Tap "lab.sos.send" Button
    t =     9.83s     Wait for io.godstone.labmesh to idle
    t =     9.89s     Find the "lab.sos.send" Button
    t =     9.90s     Check for interrupting elements affecting "lab.sos.send" Button
    t =     9.92s     Synthesize event
    t =    10.21s     Wait for io.godstone.labmesh to idle
    t =    10.22s Waiting 25.0s for "lab.sos.outcome" StaticText to exist
    t =    11.28s     Checking `Expect predicate `existsNoRetry == 1` for object "lab.sos.outcome" StaticText`
    t =    11.28s         Checking existence of `"lab.sos.outcome" StaticText`
    t =    11.31s Find the "lab.sos.outcome" StaticText
    t =    11.32s Tap "lab.sos.retry" Button
    t =    11.32s     Wait for io.godstone.labmesh to idle
    t =    11.32s     Find the "lab.sos.retry" Button
    t =    11.33s     Check for interrupting elements affecting "lab.sos.retry" Button
    t =    11.34s     Synthesize event
    t =    11.63s     Wait for io.godstone.labmesh to idle
    t =    11.65s Find the "lab.sos.outcome" StaticText
    t =    11.67s Find the "lab.sos.outcome" StaticText
    t =    11.69s Tear Down
Test Case '-[LabMeshUITests.LabMeshUITests testGSINT001TheEssentialRetryControlStandsAndActs]' passed (11.965 seconds).
Test Case '-[LabMeshUITests.LabMeshUITests testGSINT001TheLiveTreeCarriesTheRenderedSemantics]' started.
    t =     0.00s Start Test at 2026-10-03 19:25:56.594
    t =     0.02s Set Up
    t =     0.02s Open io.godstone.labmesh
    t =     0.02s     Launch io.godstone.labmesh
    t =     0.02s         Terminate io.godstone.labmesh:21025
2026-10-03 19:25:57.681 xcodebuild[19364:44936472] [MT] IDELaunchParametersSnapshot: debugger version lookup failed for path '<nil>': noURL
2026-10-03 19:25:57.681 xcodebuild[19364:44936472] [MT] IDELaunchParametersSnapshot: no debugger version
    t =     1.30s         Setting up automation session
    t =     2.03s         Wait for io.godstone.labmesh to idle
    t =     3.37s Checking existence of `"lab.tab.conversation" Button`
    t =     3.45s Checking existence of `"lab.tab.conversation" Button`
    t =     3.64s Checking existence of `"lab.tab.conversation" Button`
    t =     3.66s Checking existence of `"lab.tab.conversation" Button`
    t =     3.83s Checking existence of `"lab.tab.conversation" Button`
    t =     3.86s Waiting 20.0s for "lab.tab.conversation" Button to exist
    t =     4.90s     Checking `Expect predicate `existsNoRetry == 1` for object "lab.tab.conversation" Button`
    t =     4.90s         Checking existence of `"lab.tab.conversation" Button`
    t =     4.94s Tap "lab.tab.conversation" Button
    t =     4.94s     Wait for io.godstone.labmesh to idle
    t =     4.94s     Find the "lab.tab.conversation" Button
    t =     4.96s     Check for interrupting elements affecting "lab.tab.conversation" Button
    t =     4.98s     Synthesize event
    t =     5.27s     Wait for io.godstone.labmesh to idle
    t =     6.03s Waiting 20.0s for "lab.conversation.octets" Any to exist
    t =     7.08s     Checking `Expect predicate `existsNoRetry == 1` for object "lab.conversation.octets" Any`
    t =     7.08s         Checking existence of `"lab.conversation.octets" Any`
    t =     7.12s Find the "lab.conversation.octets" Any
    t =     7.14s Find the "lab.conversation.octets" Other
    t =     7.16s Get all elements bound by index for: Descendants matching type Button
    t =     7.17s Checking existence of `Button (Element at index 0)`
    t =     7.19s Find the Button (Element at index 0)
    t =     7.20s Checking existence of `Button (Element at index 1)`
    t =     7.21s Find the Button (Element at index 1)
    t =     7.22s Checking existence of `Button (Element at index 2)`
    t =     7.23s Find the Button (Element at index 2)
    t =     7.24s Checking existence of `Button (Element at index 3)`
    t =     7.25s Find the Button (Element at index 3)
    t =     7.27s Checking existence of `Button (Element at index 4)`
    t =     7.28s Find the Button (Element at index 4)
    t =     7.29s Checking existence of `Button (Element at index 5)`
    t =     7.30s Find the Button (Element at index 5)
    t =     7.31s Checking existence of `Button (Element at index 6)`
    t =     7.32s Find the Button (Element at index 6)
    t =     7.33s Checking existence of `Button (Element at index 7)`
    t =     7.36s Find the Button (Element at index 7)
    t =     7.37s Checking existence of `"lab.tab.contacts" Button`
    t =     7.38s Checking existence of `"lab.tab.contacts" Button`
    t =     7.39s Tap "lab.tab.contacts" Button
    t =     7.39s     Wait for io.godstone.labmesh to idle
    t =     7.40s     Find the "lab.tab.contacts" Button
    t =     7.41s     Check for interrupting elements affecting "lab.tab.contacts" Button
    t =     7.43s     Synthesize event
    t =     7.72s     Wait for io.godstone.labmesh to idle
    t =     9.19s Waiting 20.0s for "lab.trust.status" Any to exist
    t =    10.27s     Checking `Expect predicate `existsNoRetry == 1` for object "lab.trust.status" Any`
    t =    10.27s         Checking existence of `"lab.trust.status" Any`
    t =    10.29s Checking existence of `"lab.tab.sos" Button`
    t =    10.30s Checking existence of `"lab.tab.sos" Button`
    t =    10.31s Tap "lab.tab.sos" Button
    t =    10.31s     Wait for io.godstone.labmesh to idle
    t =    10.31s     Find the "lab.tab.sos" Button
    t =    10.32s     Check for interrupting elements affecting "lab.tab.sos" Button
    t =    10.34s     Synthesize event
    t =    10.62s     Wait for io.godstone.labmesh to idle
    t =    12.01s Waiting 20.0s for "lab.sos.state" Any to exist
    t =    13.07s     Checking `Expect predicate `existsNoRetry == 1` for object "lab.sos.state" Any`
    t =    13.07s         Checking existence of `"lab.sos.state" Any`
    t =    13.10s Find the "lab.sos.state" Any
    t =    13.12s Tear Down
Test Case '-[LabMeshUITests.LabMeshUITests testGSINT001TheLiveTreeCarriesTheRenderedSemantics]' passed (13.401 seconds).
Test Case '-[LabMeshUITests.LabMeshUITests testGSINT001TheSosJourneyRendersAControlRatherThanALabel]' started.
    t =     0.00s Start Test at 2026-10-03 19:26:09.996
    t =     0.03s Set Up
    t =     0.03s Open io.godstone.labmesh
    t =     0.03s     Launch io.godstone.labmesh
    t =     0.03s         Terminate io.godstone.labmesh:21138
2026-10-03 19:26:11.103 xcodebuild[19364:44936472] [MT] IDELaunchParametersSnapshot: debugger version lookup failed for path '<nil>': noURL
2026-10-03 19:26:11.103 xcodebuild[19364:44936472] [MT] IDELaunchParametersSnapshot: no debugger version
    t =     1.31s         Setting up automation session
    t =     1.96s         Wait for io.godstone.labmesh to idle
    t =     3.27s Checking existence of `"lab.tab.sos" Button`
    t =     3.36s Checking existence of `"lab.tab.sos" Button`
    t =     3.54s Checking existence of `"lab.tab.sos" Button`
    t =     3.57s Checking existence of `"lab.tab.sos" Button`
    t =     3.74s Checking existence of `"lab.tab.sos" Button`
    t =     3.78s Waiting 20.0s for "lab.tab.sos" Button to exist
    t =     4.85s     Checking `Expect predicate `existsNoRetry == 1` for object "lab.tab.sos" Button`
    t =     4.85s         Checking existence of `"lab.tab.sos" Button`
    t =     4.89s Tap "lab.tab.sos" Button
    t =     4.89s     Wait for io.godstone.labmesh to idle
    t =     4.89s     Find the "lab.tab.sos" Button
    t =     4.91s     Check for interrupting elements affecting "lab.tab.sos" Button
    t =     4.92s     Synthesize event
    t =     5.21s     Wait for io.godstone.labmesh to idle
    t =     6.61s Waiting 20.0s for "lab.sos.hold" StaticText to exist
    t =     7.67s     Checking `Expect predicate `existsNoRetry == 1` for object "lab.sos.hold" StaticText`
    t =     7.67s         Checking existence of `"lab.sos.hold" StaticText`
    t =     7.70s Checking existence of `"lab.sos.send" Button`
    t =     7.71s Waiting 20.0s for "lab.sos.admitted" StaticText to exist
    t =     8.74s     Checking `Expect predicate `existsNoRetry == 1` for object "lab.sos.admitted" StaticText`
    t =     8.74s         Checking existence of `"lab.sos.admitted" StaticText`
    t =     8.77s Find the "lab.sos.admitted" StaticText
    t =     8.79s Checking existence of `"lab.sos.send" Button`
    t =     8.81s Tap "lab.sos.send" Button
    t =     8.81s     Wait for io.godstone.labmesh to idle
    t =     8.81s     Find the "lab.sos.send" Button
    t =     8.82s     Check for interrupting elements affecting "lab.sos.send" Button
    t =     8.84s     Synthesize event
    t =     9.13s     Wait for io.godstone.labmesh to idle
    t =     9.13s Find the "lab.sos.admitted" StaticText
    t =     9.15s Tear Down
Test Case '-[LabMeshUITests.LabMeshUITests testGSINT001TheSosJourneyRendersAControlRatherThanALabel]' passed (9.415 seconds).
Test Case '-[LabMeshUITests.LabMeshUITests testGSINT001TheTrustControlsCarryTheirExactAccessibilityLabels]' started.
    t =     0.00s Start Test at 2026-10-03 19:26:19.412
    t =     0.03s Set Up
    t =     0.03s Open io.godstone.labmesh
    t =     0.03s     Launch io.godstone.labmesh
    t =     0.03s         Terminate io.godstone.labmesh:21200
2026-10-03 19:26:20.511 xcodebuild[19364:44936472] [MT] IDELaunchParametersSnapshot: debugger version lookup failed for path '<nil>': noURL
2026-10-03 19:26:20.512 xcodebuild[19364:44936472] [MT] IDELaunchParametersSnapshot: no debugger version
    t =     1.30s         Setting up automation session
    t =     1.96s         Wait for io.godstone.labmesh to idle
    t =     3.26s Checking existence of `"lab.tab.contacts" Button`
    t =     3.35s Checking existence of `"lab.tab.contacts" Button`
    t =     3.52s Checking existence of `"lab.tab.contacts" Button`
    t =     3.54s Checking existence of `"lab.tab.contacts" Button`
    t =     3.72s Checking existence of `"lab.tab.contacts" Button`
    t =     3.75s Waiting 20.0s for "lab.tab.contacts" Button to exist
    t =     4.81s     Checking `Expect predicate `existsNoRetry == 1` for object "lab.tab.contacts" Button`
    t =     4.82s         Checking existence of `"lab.tab.contacts" Button`
    t =     4.86s Tap "lab.tab.contacts" Button
    t =     4.86s     Wait for io.godstone.labmesh to idle
    t =     4.86s     Find the "lab.tab.contacts" Button
    t =     4.88s     Check for interrupting elements affecting "lab.tab.contacts" Button
    t =     4.89s     Synthesize event
    t =     5.18s     Wait for io.godstone.labmesh to idle
    t =     6.53s Waiting 20.0s for "lab.trust.confirm" Button to exist
    t =     7.57s     Checking `Expect predicate `existsNoRetry == 1` for object "lab.trust.confirm" Button`
    t =     7.57s         Checking existence of `"lab.trust.confirm" Button`
    t =     7.61s Checking existence of `"lab.trust.approve" Button`
    t =     7.63s Checking existence of `"lab.trust.revoke" Button`
    t =     7.64s Find the "lab.trust.confirm" Button
    t =     7.65s Find the "lab.trust.approve" Button
    t =     7.66s Find the "lab.trust.revoke" Button
    t =     7.68s Waiting 20.0s for "lab.trust.fingerprint" Any to exist
    t =     8.74s     Checking `Expect predicate `existsNoRetry == 1` for object "lab.trust.fingerprint" Any`
    t =     8.74s         Checking existence of `"lab.trust.fingerprint" Any`
    t =     8.76s Find the "lab.trust.fingerprint" Any
    t =     8.78s Tear Down
Test Case '-[LabMeshUITests.LabMeshUITests testGSINT001TheTrustControlsCarryTheirExactAccessibilityLabels]' passed (8.997 seconds).
Test Case '-[LabMeshUITests.LabMeshUITests testGSINT001TheTrustJourneyIsPerformedRatherThanMerelyLabelled]' started.
    t =     0.00s Start Test at 2026-10-03 19:26:28.410
    t =     0.03s Set Up
    t =     0.03s Open io.godstone.labmesh
    t =     0.04s     Launch io.godstone.labmesh
    t =     0.04s         Terminate io.godstone.labmesh:21229
2026-10-03 19:26:29.499 xcodebuild[19364:44936472] [MT] IDELaunchParametersSnapshot: debugger version lookup failed for path '<nil>': noURL
2026-10-03 19:26:29.499 xcodebuild[19364:44936472] [MT] IDELaunchParametersSnapshot: no debugger version
    t =     1.30s         Setting up automation session
    t =     1.99s         Wait for io.godstone.labmesh to idle
    t =     3.29s Checking existence of `"lab.tab.contacts" Button`
    t =     3.35s Checking existence of `"lab.tab.contacts" Button`
    t =     3.53s Checking existence of `"lab.tab.contacts" Button`
    t =     3.55s Checking existence of `"lab.tab.contacts" Button`
    t =     3.73s Checking existence of `"lab.tab.contacts" Button`
    t =     3.77s Waiting 20.0s for "lab.tab.contacts" Button to exist
    t =     4.83s     Checking `Expect predicate `existsNoRetry == 1` for object "lab.tab.contacts" Button`
    t =     4.83s         Checking existence of `"lab.tab.contacts" Button`
    t =     4.87s Tap "lab.tab.contacts" Button
    t =     4.87s     Wait for io.godstone.labmesh to idle
    t =     4.87s     Find the "lab.tab.contacts" Button
    t =     4.89s     Check for interrupting elements affecting "lab.tab.contacts" Button
    t =     4.91s     Synthesize event
    t =     5.19s     Wait for io.godstone.labmesh to idle
    t =     6.55s Waiting 20.0s for "lab.trust.recipient" Button to exist
    t =     7.60s     Checking `Expect predicate `existsNoRetry == 1` for object "lab.trust.recipient" Button`
    t =     7.60s         Checking existence of `"lab.trust.recipient" Button`
    t =     7.65s Waiting 20.0s for "lab.trust.fingerprint" Any to exist
    t =     8.71s     Checking `Expect predicate `existsNoRetry == 1` for object "lab.trust.fingerprint" Any`
    t =     8.71s         Checking existence of `"lab.trust.fingerprint" Any`
    t =     8.77s Find the "lab.trust.fingerprint" Any
    t =     8.80s Waiting 20.0s for "lab.trust.outcome" StaticText to exist
    t =     9.85s     Checking `Expect predicate `existsNoRetry == 1` for object "lab.trust.outcome" StaticText`
    t =     9.85s         Checking existence of `"lab.trust.outcome" StaticText`
    t =     9.88s Waiting 20.0s for "lab.trust.confirm" Button to exist
    t =    10.94s     Checking `Expect predicate `existsNoRetry == 1` for object "lab.trust.confirm" Button`
    t =    10.94s         Checking existence of `"lab.trust.confirm" Button`
    t =    10.97s Find the "lab.trust.confirm" Button
    t =    11.00s Checking existence of `ScrollView (First Match)`
    t =    11.01s Swipe up ScrollView (First Match)
    t =    11.01s     Wait for io.godstone.labmesh to idle
    t =    11.01s     Find the ScrollView (First Match)
    t =    11.02s     Check for interrupting elements affecting ScrollView
    t =    11.04s     Synthesize event
    t =    11.47s     Wait for io.godstone.labmesh to idle
    t =    12.00s Find the "lab.trust.confirm" Button
    t =    12.03s Find the "lab.trust.outcome" StaticText
    t =    12.05s Tap "lab.trust.confirm" Button
    t =    12.05s     Wait for io.godstone.labmesh to idle
    t =    12.05s     Find the "lab.trust.confirm" Button
    t =    12.06s     Check for interrupting elements affecting "lab.trust.confirm" Button
    t =    12.08s     Synthesize event
    t =    12.37s     Wait for io.godstone.labmesh to idle
    t =    13.44s Checking `Expect predicate `label != "idle"` for object "lab.trust.outcome" StaticText`
    t =    13.44s     Find the "lab.trust.outcome" StaticText
    t =    13.46s Waiting 20.0s for "lab.trust.approve" Button to exist
    t =    14.51s     Checking `Expect predicate `existsNoRetry == 1` for object "lab.trust.approve" Button`
    t =    14.51s         Checking existence of `"lab.trust.approve" Button`
    t =    14.55s Find the "lab.trust.approve" Button
    t =    14.57s Find the "lab.trust.outcome" StaticText
    t =    14.59s Tap "lab.trust.approve" Button
    t =    14.59s     Wait for io.godstone.labmesh to idle
    t =    14.59s     Find the "lab.trust.approve" Button
    t =    14.60s     Check for interrupting elements affecting "lab.trust.approve" Button
    t =    14.62s     Synthesize event
    t =    14.91s     Wait for io.godstone.labmesh to idle
    t =    15.96s Checking `Expect predicate `label != "applied: fingerprint confirmed for contact-b087 at generation 0"` for object "lab.trust.outcome" StaticText`
    t =    15.96s     Find the "lab.trust.outcome" StaticText
    t =    16.00s Waiting 20.0s for "lab.trust.revoke" Button to exist
    t =    17.05s     Checking `Expect predicate `existsNoRetry == 1` for object "lab.trust.revoke" Button`
    t =    17.05s         Checking existence of `"lab.trust.revoke" Button`
    t =    17.09s Find the "lab.trust.revoke" Button
    t =    17.11s Find the "lab.trust.outcome" StaticText
    t =    17.13s Tap "lab.trust.revoke" Button
    t =    17.13s     Wait for io.godstone.labmesh to idle
    t =    17.13s     Find the "lab.trust.revoke" Button
    t =    17.14s     Check for interrupting elements affecting "lab.trust.revoke" Button
    t =    17.16s     Synthesize event
    t =    17.45s     Wait for io.godstone.labmesh to idle
    t =    18.52s Checking `Expect predicate `label != "refused: no rotation candidate was displayed for 'A'"` for object "lab.trust.outcome" StaticText`
    t =    18.52s     Find the "lab.trust.outcome" StaticText
    t =    18.53s Tear Down
Test Case '-[LabMeshUITests.LabMeshUITests testGSINT001TheTrustJourneyIsPerformedRatherThanMerelyLabelled]' passed (18.785 seconds).
Test Case '-[LabMeshUITests.LabMeshUITests testGSINT001TheWipeControlReportsTheRuntimesOwnState]' started.
    t =     0.00s Start Test at 2026-10-03 19:26:47.195
    t =     0.03s Set Up
    t =     0.03s Open io.godstone.labmesh
    t =     0.03s     Launch io.godstone.labmesh
    t =     0.03s         Terminate io.godstone.labmesh:21259
2026-10-03 19:26:48.286 xcodebuild[19364:44936472] [MT] IDELaunchParametersSnapshot: debugger version lookup failed for path '<nil>': noURL
2026-10-03 19:26:48.286 xcodebuild[19364:44936472] [MT] IDELaunchParametersSnapshot: no debugger version
    t =     1.30s         Setting up automation session
    t =     1.95s         Wait for io.godstone.labmesh to idle
    t =     3.26s Checking existence of `"lab.tab.diagnostics" Button`
    t =     3.34s Checking existence of `"lab.tab.diagnostics" Button`
    t =     3.51s Checking existence of `"lab.tab.diagnostics" Button`
    t =     3.53s Checking existence of `"lab.tab.diagnostics" Button`
    t =     3.71s Checking existence of `"lab.tab.diagnostics" Button`
    t =     3.73s Waiting 20.0s for "lab.tab.diagnostics" Button to exist
    t =     4.77s     Checking `Expect predicate `existsNoRetry == 1` for object "lab.tab.diagnostics" Button`
    t =     4.77s         Checking existence of `"lab.tab.diagnostics" Button`
    t =     4.79s Tap "lab.tab.diagnostics" Button
    t =     4.79s     Wait for io.godstone.labmesh to idle
    t =     4.79s     Find the "lab.tab.diagnostics" Button
    t =     4.81s     Check for interrupting elements affecting "lab.tab.diagnostics" Button
    t =     4.83s     Synthesize event
    t =     5.12s     Wait for io.godstone.labmesh to idle
    t =     6.43s Waiting 20.0s for "lab.diagnostics.wipestate" StaticText to exist
    t =     7.48s     Checking `Expect predicate `existsNoRetry == 1` for object "lab.diagnostics.wipestate" StaticText`
    t =     7.49s         Checking existence of `"lab.diagnostics.wipestate" StaticText`
    t =     7.53s Find the "lab.diagnostics.wipestate" StaticText
    t =     7.54s Waiting 20.0s for "lab.diagnostics.wiperung" StaticText to exist
    t =     8.59s     Checking `Expect predicate `existsNoRetry == 1` for object "lab.diagnostics.wiperung" StaticText`
    t =     8.59s         Checking existence of `"lab.diagnostics.wiperung" StaticText`
    t =     8.63s Waiting 20.0s for "lab.diagnostics.wipeartifacts" StaticText to exist
    t =     9.67s     Checking `Expect predicate `existsNoRetry == 1` for object "lab.diagnostics.wipeartifacts" StaticText`
    t =     9.67s         Checking existence of `"lab.diagnostics.wipeartifacts" StaticText`
    t =     9.70s Waiting 20.0s for "lab.diagnostics.startuprecovery" StaticText to exist
    t =    10.74s     Checking `Expect predicate `existsNoRetry == 1` for object "lab.diagnostics.startuprecovery" StaticText`
    t =    10.75s         Checking existence of `"lab.diagnostics.startuprecovery" StaticText`
    t =    10.78s Checking existence of `"lab.diagnostics.beginwipe" Button`
    t =    10.80s Find the "lab.diagnostics.beginwipe" Button
    t =    10.81s Waiting 20.0s for "lab.diagnostics.wiperesult" StaticText to exist
    t =    11.83s     Checking `Expect predicate `existsNoRetry == 1` for object "lab.diagnostics.wiperesult" StaticText`
    t =    11.83s         Checking existence of `"lab.diagnostics.wiperesult" StaticText`
    t =    11.87s Tap "lab.diagnostics.beginwipe" Button
    t =    11.87s     Wait for io.godstone.labmesh to idle
    t =    11.87s     Find the "lab.diagnostics.beginwipe" Button
    t =    11.89s     Check for interrupting elements affecting "lab.diagnostics.beginwipe" Button
    t =    11.91s     Synthesize event
    t =    12.20s     Wait for io.godstone.labmesh to idle
    t =    12.20s Find the "lab.diagnostics.wiperesult" StaticText
    t =    12.22s Find the "lab.diagnostics.wiperesult" StaticText
    t =    12.23s Checking existence of `"lab.diagnostics.resumewipe" Button`
    t =    12.24s Find the "lab.diagnostics.resumewipe" Button
    t =    12.26s Checking existence of `ScrollView (First Match)`
    t =    12.27s Swipe up ScrollView (First Match)
    t =    12.27s     Wait for io.godstone.labmesh to idle
    t =    12.27s     Find the ScrollView (First Match)
    t =    12.28s     Check for interrupting elements affecting ScrollView
    t =    12.30s     Synthesize event
    t =    12.74s     Wait for io.godstone.labmesh to idle
    t =    13.18s Find the "lab.diagnostics.resumewipe" Button
    t =    13.21s Tap "lab.diagnostics.resumewipe" Button
    t =    13.21s     Wait for io.godstone.labmesh to idle
    t =    13.22s     Find the "lab.diagnostics.resumewipe" Button
    t =    13.23s     Check for interrupting elements affecting "lab.diagnostics.resumewipe" Button
    t =    13.25s     Synthesize event
    t =    13.54s     Wait for io.godstone.labmesh to idle
    t =    13.54s Waiting 20.0s for "lab.diagnostics.wipeartifacts" StaticText to exist
    t =    14.61s     Checking `Expect predicate `existsNoRetry == 1` for object "lab.diagnostics.wipeartifacts" StaticText`
    t =    14.61s         Checking existence of `"lab.diagnostics.wipeartifacts" StaticText`
    t =    14.64s Find the "lab.diagnostics.wipeartifacts" StaticText
    t =    14.66s Find the "lab.diagnostics.wipeartifacts" StaticText
    t =    14.67s Terminate io.godstone.labmesh:21326
    t =    15.73s Open io.godstone.labmesh
    t =    15.74s     Launch io.godstone.labmesh
2026-10-03 19:27:02.935 xcodebuild[19364:44936472] [MT] IDELaunchParametersSnapshot: debugger version lookup failed for path '<nil>': noURL
2026-10-03 19:27:02.935 xcodebuild[19364:44936472] [MT] IDELaunchParametersSnapshot: no debugger version
    t =    15.95s         Setting up automation session
    t =    16.66s         Wait for io.godstone.labmesh to idle
    t =    17.97s Checking existence of `"lab.tab.diagnostics" Button`
    t =    18.06s Checking existence of `"lab.tab.diagnostics" Button`
    t =    18.23s Checking existence of `"lab.tab.diagnostics" Button`
    t =    18.26s Checking existence of `"lab.tab.diagnostics" Button`
    t =    18.43s Checking existence of `"lab.tab.diagnostics" Button`
    t =    18.47s Waiting 30.0s for "lab.tab.diagnostics" Button to exist
    t =    19.53s     Checking `Expect predicate `existsNoRetry == 1` for object "lab.tab.diagnostics" Button`
    t =    19.53s         Checking existence of `"lab.tab.diagnostics" Button`
    t =    19.58s Tap "lab.tab.diagnostics" Button
    t =    19.58s     Wait for io.godstone.labmesh to idle
    t =    19.58s     Find the "lab.tab.diagnostics" Button
    t =    19.60s     Check for interrupting elements affecting "lab.tab.diagnostics" Button
    t =    19.61s     Synthesize event
    t =    19.90s     Wait for io.godstone.labmesh to idle
    t =    21.19s Waiting 30.0s for "lab.diagnostics.wipestate" StaticText to exist
    t =    22.26s     Checking `Expect predicate `existsNoRetry == 1` for object "lab.diagnostics.wipestate" StaticText`
    t =    22.26s         Checking existence of `"lab.diagnostics.wipestate" StaticText`
    t =    22.28s Find the "lab.diagnostics.wipestate" StaticText
    t =    22.30s Tear Down
Test Case '-[LabMeshUITests.LabMeshUITests testGSINT001TheWipeControlReportsTheRuntimesOwnState]' passed (22.593 seconds).
Test Case '-[LabMeshUITests.LabMeshUITests testGSINT001TypeSelectRecipientAndSendReachesARenderedOutcome]' started.
    t =     0.00s Start Test at 2026-10-03 19:27:09.789
    t =     0.03s Set Up
    t =     0.04s Open io.godstone.labmesh
    t =     0.04s     Launch io.godstone.labmesh
    t =     0.04s         Terminate io.godstone.labmesh:21400
2026-10-03 19:27:10.881 xcodebuild[19364:44936472] [MT] IDELaunchParametersSnapshot: debugger version lookup failed for path '<nil>': noURL
2026-10-03 19:27:10.882 xcodebuild[19364:44936472] [MT] IDELaunchParametersSnapshot: no debugger version
    t =     1.30s         Setting up automation session
    t =     1.92s         Wait for io.godstone.labmesh to idle
    t =     3.20s Checking existence of `"lab.tab.conversation" Button`
    t =     3.29s Checking existence of `"lab.tab.conversation" Button`
    t =     3.46s Checking existence of `"lab.tab.conversation" Button`
    t =     3.49s Checking existence of `"lab.tab.conversation" Button`
    t =     3.66s Checking existence of `"lab.tab.conversation" Button`
    t =     3.70s Waiting 20.0s for "lab.tab.conversation" Button to exist
    t =     4.76s     Checking `Expect predicate `existsNoRetry == 1` for object "lab.tab.conversation" Button`
    t =     4.76s         Checking existence of `"lab.tab.conversation" Button`
    t =     4.80s Tap "lab.tab.conversation" Button
    t =     4.80s     Wait for io.godstone.labmesh to idle
    t =     4.81s     Find the "lab.tab.conversation" Button
    t =     4.83s     Check for interrupting elements affecting "lab.tab.conversation" Button
    t =     4.84s     Synthesize event
    t =     5.13s     Wait for io.godstone.labmesh to idle
    t =     5.90s Waiting 20.0s for "lab.conversation.linkstate" StaticText to exist
    t =     6.95s     Checking `Expect predicate `existsNoRetry == 1` for object "lab.conversation.linkstate" StaticText`
    t =     6.95s         Checking existence of `"lab.conversation.linkstate" StaticText`
    t =     6.99s Checking existence of `"lab.conversation.recipient" Button`
    t =     7.01s Find the "lab.conversation.linkstate" StaticText
    t =     7.02s Tap "lab.conversation.recipient" Button
    t =     7.02s     Wait for io.godstone.labmesh to idle
    t =     7.02s     Find the "lab.conversation.recipient" Button
    t =     7.04s     Check for interrupting elements affecting "lab.conversation.recipient" Button
    t =     7.05s     Synthesize event
    t =     7.34s     Wait for io.godstone.labmesh to idle
    t =     8.48s Waiting 5.0s for "R" Button to exist
    t =     9.55s     Checking `Expect predicate `existsNoRetry == 1` for object "R" Button`
    t =     9.55s         Checking existence of `"R" Button`
    t =     9.60s Tap "R" Button
    t =     9.60s     Wait for io.godstone.labmesh to idle
    t =     9.60s     Find the "R" Button
    t =     9.62s     Check for interrupting elements affecting "R" Button
    t =     9.64s     Synthesize event
    t =     9.93s     Wait for io.godstone.labmesh to idle
    t =    11.35s Find the "lab.conversation.linkstate" StaticText
    t =    11.38s Waiting 20.0s for "lab.conversation.field" TextField to exist
    t =    12.44s     Checking `Expect predicate `existsNoRetry == 1` for object "lab.conversation.field" TextField`
    t =    12.44s         Checking existence of `"lab.conversation.field" TextField`
    t =    12.48s Tap "lab.conversation.field" TextField
    t =    12.48s     Wait for io.godstone.labmesh to idle
    t =    12.48s     Find the "lab.conversation.field" TextField
    t =    12.50s     Check for interrupting elements affecting "lab.conversation.field" TextField
    t =    12.51s     Synthesize event
    t =    12.80s     Wait for io.godstone.labmesh to idle
    t =    12.82s Type 'the mill road is c...' into "lab.conversation.field" TextField
    t =    12.82s     Wait for io.godstone.labmesh to idle
    t =    13.21s     Find the "lab.conversation.field" TextField
    t =    13.25s     Check for interrupting elements affecting "lab.conversation.field" TextField
    t =    13.28s     Synthesize event
    t =    14.25s     Wait for io.godstone.labmesh to idle
    t =    14.25s Checking existence of `"lab.conversation.send" Button`
    t =    14.29s Find the "lab.conversation.send" Button
    t =    14.32s Tap "lab.conversation.send" Button
    t =    14.32s     Wait for io.godstone.labmesh to idle
    t =    14.32s     Find the "lab.conversation.send" Button
    t =    14.34s     Check for interrupting elements affecting "lab.conversation.send" Button
    t =    14.36s     Synthesize event
    t =    14.37s         Scroll element to visible
    t =    14.37s         Find the "lab.conversation.send" Button
    t =    14.40s         Computed hit point {52.25, 318.5} after scrolling to visible
    t =    14.69s     Wait for io.godstone.labmesh to idle
    t =    15.22s Waiting 20.0s for "lab.conversation.outcome" StaticText to exist
    t =    16.29s     Checking `Expect predicate `existsNoRetry == 1` for object "lab.conversation.outcome" StaticText`
    t =    16.29s         Checking existence of `"lab.conversation.outcome" StaticText`
    t =    16.33s Waiting 20.0s for "lab.conversation.admitted" StaticText to exist
    t =    17.41s     Checking `Expect predicate `existsNoRetry == 1` for object "lab.conversation.admitted" StaticText`
    t =    17.41s         Checking existence of `"lab.conversation.admitted" StaticText`
    t =    17.45s Find the "lab.conversation.admitted" StaticText
    t =    17.48s Tap "lab.conversation.send" Button
    t =    17.48s     Wait for io.godstone.labmesh to idle
    t =    17.48s     Find the "lab.conversation.send" Button
    t =    17.50s     Check for interrupting elements affecting "lab.conversation.send" Button
    t =    17.52s     Synthesize event
    t =    17.81s     Wait for io.godstone.labmesh to idle
    t =    17.83s Find the "lab.conversation.admitted" StaticText
    t =    17.87s Checking existence of `"lab.conversation.admitted" StaticText`
    t =    17.89s Waiting 20.0s for "lab.conversation.durable" Any to exist
    t =    18.95s     Checking `Expect predicate `existsNoRetry == 1` for object "lab.conversation.durable" Any`
    t =    18.96s         Checking existence of `"lab.conversation.durable" Any`
    t =    18.99s Waiting 20.0s for "lab.conversation.intent" Any to exist
    t =    20.04s     Checking `Expect predicate `existsNoRetry == 1` for object "lab.conversation.intent" Any`
    t =    20.04s         Checking existence of `"lab.conversation.intent" Any`
    t =    20.08s Find the "lab.conversation.durable" Any
    t =    20.10s Find the "lab.conversation.durable" Other
    t =    20.12s Find the "lab.conversation.outcome" StaticText
    t =    20.14s Tear Down
Test Case '-[LabMeshUITests.LabMeshUITests testGSINT001TypeSelectRecipientAndSendReachesARenderedOutcome]' passed (20.419 seconds).
Test Suite 'LabMeshUITests' passed at 2026-10-03 19:27:30.208.
	 Executed 17 tests, with 0 failures (0 unexpected) in 262.425 (262.437) seconds
Test Suite 'LabMeshUITests.xctest' passed at 2026-10-03 19:27:30.209.
	 Executed 28 tests, with 0 failures (0 unexpected) in 473.865 (473.887) seconds
Test Suite 'All tests' passed at 2026-10-03 19:27:30.209.
	 Executed 28 tests, with 0 failures (0 unexpected) in 473.865 (473.888) seconds
2026-10-03 19:27:30.570 xcodebuild[19364:44936472] [MT] IDETestOperationsObserverDebug: 475.489 elapsed -- Testing started completed.
2026-10-03 19:27:30.570 xcodebuild[19364:44936472] [MT] IDETestOperationsObserverDebug: 0.000 sec, +0.000 sec -- start
2026-10-03 19:27:30.570 xcodebuild[19364:44936472] [MT] IDETestOperationsObserverDebug: 475.489 sec, +475.489 sec -- end

Test session results, code coverage, and logs:
	/Users/oculus/Library/Developer/Xcode/DerivedData/Godstone-fhxfiiowqyicekcsieqfputjuuxv/Logs/Test/Test-LabMeshUI-2026.10.03_19-19-32-+0530.xcresult

** TEST SUCCEEDED **

Testing started
=== scheme GodstoneArchiveUI ===
Command line invocation:
    /Applications/Xcode.app/Contents/Developer/usr/bin/xcodebuild -project ios/Godstone.xcodeproj -scheme GodstoneArchiveUI -configuration LightDebug -destination "platform=iOS Simulator,name=iPhone 17 Pro Max" CODE_SIGNING_ALLOWED=NO test

Build settings from command line:
    CODE_SIGNING_ALLOWED = NO

Resolve Package Graph


Resolved source packages:
  GodstonePackages: /tmp/board1-rc15-work-final/wt_IOS-WIPE-UX-002/ios/Godstone

ComputePackagePrebuildTargetDependencyGraph

Prepare packages

CreateBuildRequest

SendProjectDescription

CreateBuildOperation

ComputeTargetDependencyGraph
note: Building targets in dependency order
note: Target dependency graph (4 targets)
    Target 'GodstoneArchiveUITests' in project 'Godstone'
        ➜ Explicit dependency on target 'Godstone' in project 'Godstone'
    Target 'Godstone' in project 'Godstone'
        ➜ Explicit dependency on target 'GodstoneCore-product' in project 'GodstonePackages'
    Target 'GodstoneCore-product' in project 'GodstonePackages'
        ➜ Explicit dependency on target 'GodstoneCore' in project 'GodstonePackages'
    Target 'GodstoneCore' in project 'GodstonePackages' (no dependencies)

GatherProvisioningInputs

CreateBuildDescription

ClangStatCache /Applications/Xcode.app/Contents/Developer/Toolchains/XcodeDefault.xctoolchain/usr/bin/clang-stat-cache /Applications/Xcode.app/Contents/Developer/Platforms/iPhoneSimulator.platform/Developer/SDKs/iPhoneSimulator27.0.sdk /Users/oculus/Library/Developer/Xcode/DerivedData/SDKStatCaches.noindex/iphonesimulator27.0-24A430-8dc58220667be655e1bcc261a7455254.sdkstatcache
    cd /tmp/board1-rc15-work-final/wt_IOS-WIPE-UX-002/ios/Godstone.xcodeproj
    /Applications/Xcode.app/Contents/Developer/Toolchains/XcodeDefault.xctoolchain/usr/bin/clang-stat-cache /Applications/Xcode.app/Contents/Developer/Platforms/iPhoneSimulator.platform/Developer/SDKs/iPhoneSimulator27.0.sdk -o /Users/oculus/Library/Developer/Xcode/DerivedData/SDKStatCaches.noindex/iphonesimulator27.0-24A430-8dc58220667be655e1bcc261a7455254.sdkstatcache

PruneExplicitPrecompiledModules /Users/oculus/Library/Developer/Xcode/DerivedData/SDKExplicitPrecompiledModules

PruneExplicitPrecompiledModules /Users/oculus/Library/Developer/Xcode/DerivedData/Godstone-fhxfiiowqyicekcsieqfputjuuxv/Build/Intermediates.noindex/ExplicitPrecompiledModules

PruneExplicitPrecompiledModules /Users/oculus/Library/Developer/Xcode/DerivedData/Godstone-fhxfiiowqyicekcsieqfputjuuxv/Build/Intermediates.noindex/SwiftExplicitPrecompiledModules

2026-10-03 19:27:34.851208+0530 GodstoneArchiveUITests-Runner[21545:44955156] [Default] Running tests...
    t =      nans Interface orientation changed to Portrait
Test Suite 'All tests' started at 2026-10-03 19:27:35.373.
Test Suite 'GodstoneArchiveUITests.xctest' started at 2026-10-03 19:27:35.374.
Test Suite 'GodstoneArchiveUITests' started at 2026-10-03 19:27:35.374.
Test Case '-[GodstoneArchiveUITests.GodstoneArchiveUITests testARCHIVEPROVAMetadataQueryFaultIsToldSanitisedAndEarnethItsRetry]' started.
    t =     0.00s Start Test at 2026-10-03 19:27:35.374
    t =     0.02s Set Up
    t =     0.05s Open io.godstone.app
    t =     0.05s     Launch io.godstone.app
2026-10-03 19:27:35.479 xcodebuild[21529:44954857] [MT] IDELaunchParametersSnapshot: debugger version lookup failed for path '<nil>': noURL
2026-10-03 19:27:35.479 xcodebuild[21529:44954857] [MT] IDELaunchParametersSnapshot: no debugger version
    t =     0.51s         Setting up automation session
objc[21545]: Class UIAccessibilityLoaderWebShared is implemented in both /Library/Developer/CoreSimulator/Volumes/iOS_23F77/Library/Developer/CoreSimulator/Profiles/Runtimes/iOS 26.5.simruntime/Contents/Resources/RuntimeRoot/System/Library/AccessibilityBundles/WebCore.axbundle/WebCore (0x109bbc310) and /Library/Developer/CoreSimulator/Volumes/iOS_23F77/Library/Developer/CoreSimulator/Profiles/Runtimes/iOS 26.5.simruntime/Contents/Resources/RuntimeRoot/System/Library/AccessibilityBundles/WebKit.axbundle/WebKit (0x10a848398). This may cause spurious casting failures and mysterious crashes. One of the duplicates must be removed or renamed.
Resolve Package Graph

    t =     1.14s         Wait for io.godstone.app to idle
    t =     2.62s Checking existence of `SearchField (First Match)`
    t =     2.68s Waiting 20.0s for Button (First Match) to exist
    t =     3.75s     Checking `Expect predicate `existsNoRetry == 1` for object Button (First Match)`
    t =     3.75s         Checking existence of `Button (First Match)`
    t =     3.79s Tap Button (First Match)
    t =     3.79s     Wait for io.godstone.app to idle
    t =     3.79s     Find the Button (First Match)
    t =     3.82s     Check for interrupting elements affecting "archive.document.1" Button
    t =     3.83s     Synthesize event
    t =     4.12s     Wait for io.godstone.app to idle
    t =     5.03s Waiting 20.0s for "archive.provenance.error" StaticText to exist
    t =     6.10s     Checking `Expect predicate `existsNoRetry == 1` for object "archive.provenance.error" StaticText`
    t =     6.11s         Checking existence of `"archive.provenance.error" StaticText`
    t =     6.17s Find the "archive.provenance.error" StaticText
    t =     6.19s Waiting 20.0s for StaticText (First Match) to exist
    t =     7.26s     Checking `Expect predicate `existsNoRetry == 1` for object StaticText (First Match)`
    t =     7.26s         Checking existence of `StaticText (First Match)`
    t =     7.30s Checking existence of `"Document is empty" StaticText`
    t =     7.32s Waiting 10.0s for "archive.provenance.retry" Button to exist
    t =     8.39s     Checking `Expect predicate `existsNoRetry == 1` for object "archive.provenance.retry" Button`
    t =     8.40s         Checking existence of `"archive.provenance.retry" Button`
    t =     8.43s Tap "archive.provenance.retry" Button
    t =     8.43s     Wait for io.godstone.app to idle
    t =     8.44s     Find the "archive.provenance.retry" Button
    t =     8.46s     Check for interrupting elements affecting "archive.provenance.retry" Button
    t =     8.47s     Synthesize event
    t =     8.77s     Wait for io.godstone.app to idle
    t =     8.78s Waiting 20.0s for StaticText (First Match) to exist
    t =     9.85s     Checking `Expect predicate `existsNoRetry == 1` for object StaticText (First Match)`
    t =     9.85s         Checking existence of `StaticText (First Match)`
    t =     9.89s Checking existence of `ActivityIndicator (First Match)`
    t =     9.92s Tear Down
Test Case '-[GodstoneArchiveUITests.GodstoneArchiveUITests testARCHIVEPROVAMetadataQueryFaultIsToldSanitisedAndEarnethItsRetry]' passed (10.205 seconds).
Test Case '-[GodstoneArchiveUITests.GodstoneArchiveUITests testARCHIVEPROVAresolvedCitationIsNeverToldAsAWoe]' started.
    t =     0.00s Start Test at 2026-10-03 19:27:45.581
    t =     0.03s Set Up
    t =     0.08s Open io.godstone.app
    t =     0.08s     Launch io.godstone.app
    t =     0.08s         Terminate io.godstone.app:21550
Resolve Package Graph

2026-10-03 19:27:46.749 xcodebuild[21529:44954857] [MT] IDELaunchParametersSnapshot: debugger version lookup failed for path '<nil>': noURL
2026-10-03 19:27:46.749 xcodebuild[21529:44954857] [MT] IDELaunchParametersSnapshot: no debugger version
    t =     1.38s         Setting up automation session
    t =     2.07s         Wait for io.godstone.app to idle
    t =     3.44s Checking existence of `SearchField (First Match)`
    t =     3.52s Waiting 20.0s for Button (First Match) to exist
    t =     4.60s     Checking `Expect predicate `existsNoRetry == 1` for object Button (First Match)`
    t =     4.60s         Checking existence of `Button (First Match)`
    t =     4.63s Tap Button (First Match)
    t =     4.63s     Wait for io.godstone.app to idle
    t =     4.63s     Find the Button (First Match)
    t =     4.65s     Check for interrupting elements affecting "archive.document.1" Button
    t =     4.66s     Synthesize event
    t =     4.96s     Wait for io.godstone.app to idle
    t =     5.83s Waiting 20.0s for StaticText (First Match) to exist
    t =     6.90s     Checking `Expect predicate `existsNoRetry == 1` for object StaticText (First Match)`
    t =     6.90s         Checking existence of `StaticText (First Match)`
    t =     6.93s Waiting 20.0s for "archive.provenance.line" StaticText to exist
    t =     8.01s     Checking `Expect predicate `existsNoRetry == 1` for object "archive.provenance.line" StaticText`
    t =     8.02s         Checking existence of `"archive.provenance.line" StaticText`
    t =     8.07s Checking existence of `"archive.provenance.error" StaticText`
    t =     8.09s Checking existence of `"archive.provenance.retry" Button`
    t =     8.10s Tear Down
Test Case '-[GodstoneArchiveUITests.GodstoneArchiveUITests testARCHIVEPROVAresolvedCitationIsNeverToldAsAWoe]' passed (8.367 seconds).
Test Case '-[GodstoneArchiveUITests.GodstoneArchiveUITests testARCHIVEPROVTheCitationLineRenderethTheDocumentsOwnProvenance]' started.
    t =     0.00s Start Test at 2026-10-03 19:27:53.948
    t =     0.03s Set Up
    t =     0.08s Open io.godstone.app
    t =     0.08s     Launch io.godstone.app
    t =     0.08s         Terminate io.godstone.app:21619
2026-10-03 19:27:55.115 xcodebuild[21529:44954857] [MT] IDELaunchParametersSnapshot: debugger version lookup failed for path '<nil>': noURL
2026-10-03 19:27:55.116 xcodebuild[21529:44954857] [MT] IDELaunchParametersSnapshot: no debugger version
    t =     1.38s         Setting up automation session
    t =     1.98s         Wait for io.godstone.app to idle
    t =     3.32s Checking existence of `SearchField (First Match)`
    t =     3.39s Waiting 20.0s for Button (First Match) to exist
    t =     4.46s     Checking `Expect predicate `existsNoRetry == 1` for object Button (First Match)`
    t =     4.47s         Checking existence of `Button (First Match)`
    t =     4.51s Tap Button (First Match)
    t =     4.51s     Wait for io.godstone.app to idle
    t =     4.51s     Find the Button (First Match)
    t =     4.54s     Check for interrupting elements affecting "archive.document.1" Button
    t =     4.55s     Synthesize event
    t =     4.85s     Wait for io.godstone.app to idle
    t =     5.72s Waiting 20.0s for "archive.provenance.line" StaticText to exist
    t =     6.80s     Checking `Expect predicate `existsNoRetry == 1` for object "archive.provenance.line" StaticText`
    t =     6.80s         Checking existence of `"archive.provenance.line" StaticText`
    t =     6.86s Find the "archive.provenance.line" StaticText
    t =     6.88s Checking existence of `"archive.provenance.error" StaticText`
    t =     6.89s Tear Down
Test Case '-[GodstoneArchiveUITests.GodstoneArchiveUITests testARCHIVEPROVTheCitationLineRenderethTheDocumentsOwnProvenance]' passed (7.151 seconds).
Test Case '-[GodstoneArchiveUITests.GodstoneArchiveUITests testGSA005ANonFirstSearchHitOpensItsOwnDocument]' started.
    t =     0.00s Start Test at 2026-10-03 19:28:01.100
    t =     0.03s Set Up
    t =     0.08s Open io.godstone.app
    t =     0.08s     Launch io.godstone.app
    t =     0.08s         Terminate io.godstone.app:21639
2026-10-03 19:28:02.262 xcodebuild[21529:44954857] [MT] IDELaunchParametersSnapshot: debugger version lookup failed for path '<nil>': noURL
2026-10-03 19:28:02.262 xcodebuild[21529:44954857] [MT] IDELaunchParametersSnapshot: no debugger version
    t =     1.37s         Setting up automation session
    t =     2.03s         Wait for io.godstone.app to idle
    t =     3.38s Checking existence of `SearchField (First Match)`
    t =     3.44s Waiting 20.0s for SearchField (First Match) to exist
    t =     4.51s     Checking `Expect predicate `existsNoRetry == 1` for object SearchField (First Match)`
    t =     4.51s         Checking existence of `SearchField (First Match)`
    t =     4.56s Tap SearchField (First Match)
    t =     4.56s     Wait for io.godstone.app to idle
    t =     4.56s     Find the SearchField (First Match)
    t =     4.58s     Check for interrupting elements affecting "Search every document" SearchField
    t =     4.60s     Synthesize event
    t =     4.89s     Wait for io.godstone.app to idle
    t =     5.79s Waiting 10.0s for Keyboard (First Match) to exist
    t =     6.87s     Checking `Expect predicate `existsNoRetry == 1` for object Keyboard (First Match)`
    t =     6.87s         Checking existence of `Keyboard (First Match)`
    t =     6.91s Type 'bleeding
' into "Search every document" SearchField
    t =     6.91s     Wait for io.godstone.app to idle
    t =     6.91s     Find the "Search every document" SearchField
    t =     6.96s     Check for interrupting elements affecting "Search every document" SearchField
    t =     6.98s     Synthesize event
    t =     7.33s     Wait for io.godstone.app to idle
    t =     7.92s Waiting 20.0s for "archive.search.results" StaticText to exist
    t =     8.96s     Checking `Expect predicate `existsNoRetry == 1` for object "archive.search.results" StaticText`
    t =     8.96s         Checking existence of `"archive.search.results" StaticText`
    t =     9.02s Waiting 20.0s for Button (First Match) to exist
    t =    10.09s     Checking `Expect predicate `existsNoRetry == 1` for object Button (First Match)`
    t =    10.09s         Checking existence of `Button (First Match)`
    t =    10.14s Get number of matches for: Elements matching predicate 'identifier BEGINSWITH "archive.search.hit."'
    t =    10.16s Find the Button (Element at index 1)
    t =    10.18s Tap "archive.search.hit.2" Button
    t =    10.18s     Wait for io.godstone.app to idle
    t =    10.18s     Find the "archive.search.hit.2" Button
    t =    10.19s     Check for interrupting elements affecting "archive.search.hit.2" Button
    t =    10.21s     Synthesize event
    t =    10.50s     Wait for io.godstone.app to idle
    t =    12.35s Waiting 20.0s for NavigationBar (First Match) to exist
    t =    13.40s     Checking `Expect predicate `existsNoRetry == 1` for object NavigationBar (First Match)`
    t =    13.40s         Checking existence of `NavigationBar (First Match)`
    t =    13.43s Find the NavigationBar (First Match)
    t =    13.44s Waiting 20.0s for StaticText (First Match) to exist
    t =    14.50s     Checking `Expect predicate `existsNoRetry == 1` for object StaticText (First Match)`
    t =    14.50s         Checking existence of `StaticText (First Match)`
    t =    14.55s Tear Down
Test Case '-[GodstoneArchiveUITests.GodstoneArchiveUITests testGSA005ANonFirstSearchHitOpensItsOwnDocument]' passed (14.825 seconds).
Test Case '-[GodstoneArchiveUITests.GodstoneArchiveUITests testGSA005AnOpenedDocumentOffersARenderedWayOut]' started.
    t =     0.00s Start Test at 2026-10-03 19:28:15.925
    t =     0.03s Set Up
    t =     0.08s Open io.godstone.app
    t =     0.08s     Launch io.godstone.app
    t =     0.08s         Terminate io.godstone.app:21671
2026-10-03 19:28:17.098 xcodebuild[21529:44954857] [MT] IDELaunchParametersSnapshot: debugger version lookup failed for path '<nil>': noURL
2026-10-03 19:28:17.098 xcodebuild[21529:44954857] [MT] IDELaunchParametersSnapshot: no debugger version
    t =     1.39s         Setting up automation session
    t =     1.97s         Wait for io.godstone.app to idle
    t =     3.29s Checking existence of `SearchField (First Match)`
    t =     3.33s Waiting 20.0s for Any (First Match) to exist
    t =     4.39s     Checking `Expect predicate `existsNoRetry == 1` for object Any (First Match)`
    t =     4.39s         Checking existence of `Any (First Match)`
    t =     4.44s Tap Any (First Match)
    t =     4.44s     Wait for io.godstone.app to idle
    t =     4.44s     Find the Any (First Match)
    t =     4.47s     Check for interrupting elements affecting "archive.document.1" Button
    t =     4.49s     Synthesize event
    t =     4.78s     Wait for io.godstone.app to idle
    t =     5.67s Waiting 20.0s for "archive.back" Button to exist
    t =     6.74s     Checking `Expect predicate `existsNoRetry == 1` for object "archive.back" Button`
    t =     6.74s         Checking existence of `"archive.back" Button`
    t =     6.76s Get number of matches for: Descendants matching type Keyboard
    t =     7.84s Get number of matches for: Descendants matching type Keyboard
    t =     7.88s Waiting 20.0s for "archive.back" Button to exist
    t =     8.93s     Checking `Expect predicate `existsNoRetry == 1` for object "archive.back" Button`
    t =     8.93s         Checking existence of `"archive.back" Button`
    t =     8.96s Tap "archive.back" Button
    t =     8.96s     Wait for io.godstone.app to idle
    t =     8.97s     Find the "archive.back" Button
    t =     8.98s     Check for interrupting elements affecting "archive.back" Button
    t =     9.00s     Synthesize event
    t =     9.29s     Wait for io.godstone.app to idle
    t =     9.63s Waiting 20.0s for Any (First Match) to exist
    t =    10.69s     Checking `Expect predicate `existsNoRetry == 1` for object Any (First Match)`
    t =    10.69s         Checking existence of `Any (First Match)`
    t =    10.73s Tear Down
Test Case '-[GodstoneArchiveUITests.GodstoneArchiveUITests testGSA005AnOpenedDocumentOffersARenderedWayOut]' passed (11.005 seconds).
Test Case '-[GodstoneArchiveUITests.GodstoneArchiveUITests testGSA005BrowseReturnCarriesNoFalseQuery]' started.
    t =     0.00s Start Test at 2026-10-03 19:28:26.931
    t =     0.03s Set Up
    t =     0.08s Open io.godstone.app
    t =     0.08s     Launch io.godstone.app
    t =     0.08s         Terminate io.godstone.app:21731
2026-10-03 19:28:28.081 xcodebuild[21529:44954857] [MT] IDELaunchParametersSnapshot: debugger version lookup failed for path '<nil>': noURL
2026-10-03 19:28:28.081 xcodebuild[21529:44954857] [MT] IDELaunchParametersSnapshot: no debugger version
    t =     1.37s         Setting up automation session
    t =     1.97s         Wait for io.godstone.app to idle
    t =     3.28s Checking existence of `SearchField (First Match)`
    t =     3.34s Waiting 20.0s for Button (First Match) to exist
    t =     4.39s     Checking `Expect predicate `existsNoRetry == 1` for object Button (First Match)`
    t =     4.39s         Checking existence of `Button (First Match)`
    t =     4.44s Tap Button (First Match)
    t =     4.44s     Wait for io.godstone.app to idle
    t =     4.44s     Find the Button (First Match)
    t =     4.46s     Check for interrupting elements affecting "archive.document.1" Button
    t =     4.48s     Synthesize event
    t =     4.77s     Wait for io.godstone.app to idle
    t =     6.63s Waiting 20.0s for "archive.back" Button to exist
    t =     7.70s     Checking `Expect predicate `existsNoRetry == 1` for object "archive.back" Button`
    t =     7.70s         Checking existence of `"archive.back" Button`
    t =     7.74s Tap "archive.back" Button
    t =     7.74s     Wait for io.godstone.app to idle
    t =     7.74s     Find the "archive.back" Button
    t =     7.76s     Check for interrupting elements affecting "archive.back" Button
    t =     7.78s     Synthesize event
    t =     8.07s     Wait for io.godstone.app to idle
    t =     8.41s Waiting 20.0s for Button (First Match) to exist
    t =     9.44s     Checking `Expect predicate `existsNoRetry == 1` for object Button (First Match)`
    t =     9.44s         Checking existence of `Button (First Match)`
    t =     9.49s Checking existence of `SearchField (First Match)`
    t =     9.51s Find the SearchField (First Match)
    t =     9.52s Tear Down
Test Case '-[GodstoneArchiveUITests.GodstoneArchiveUITests testGSA005BrowseReturnCarriesNoFalseQuery]' passed (9.767 seconds).
Test Case '-[GodstoneArchiveUITests.GodstoneArchiveUITests testGSA005DocumentReopensAfterCleanProcessDeath]' started.
    t =     0.00s Start Test at 2026-10-03 19:28:36.698
    t =     0.03s Set Up
    t =     0.07s Open io.godstone.app
    t =     0.07s     Launch io.godstone.app
    t =     0.07s         Terminate io.godstone.app:21770
2026-10-03 19:28:37.872 xcodebuild[21529:44954857] [MT] IDELaunchParametersSnapshot: debugger version lookup failed for path '<nil>': noURL
2026-10-03 19:28:37.872 xcodebuild[21529:44954857] [MT] IDELaunchParametersSnapshot: no debugger version
    t =     1.39s         Setting up automation session
    t =     2.07s         Wait for io.godstone.app to idle
    t =     3.40s Checking existence of `SearchField (First Match)`
    t =     3.47s Waiting 20.0s for Button (First Match) to exist
    t =     4.53s     Checking `Expect predicate `existsNoRetry == 1` for object Button (First Match)`
    t =     4.53s         Checking existence of `Button (First Match)`
    t =     4.57s Tap Button (First Match)
    t =     4.57s     Wait for io.godstone.app to idle
    t =     4.57s     Find the Button (First Match)
    t =     4.60s     Check for interrupting elements affecting "archive.document.1" Button
    t =     4.61s     Synthesize event
    t =     4.90s     Wait for io.godstone.app to idle
    t =     6.76s Waiting 20.0s for StaticText (First Match) to exist
    t =     7.82s     Checking `Expect predicate `existsNoRetry == 1` for object StaticText (First Match)`
    t =     7.82s         Checking existence of `StaticText (First Match)`
    t =     7.87s Get number of matches for: Elements matching predicate 'identifier BEGINSWITH "archive.passage."'
    t =     7.89s Pressing Home button
    t =    11.38s Terminate io.godstone.app:21809
    t =    13.53s Open io.godstone.app
    t =    13.53s     Launch io.godstone.app
2026-10-03 19:28:50.232 xcodebuild[21529:44954857] [MT] IDELaunchParametersSnapshot: debugger version lookup failed for path '<nil>': noURL
2026-10-03 19:28:50.232 xcodebuild[21529:44954857] [MT] IDELaunchParametersSnapshot: no debugger version
    t =    13.74s         Setting up automation session
    t =    14.43s         Wait for io.godstone.app to idle
    t =    15.89s Checking existence of `SearchField (First Match)`
    t =    15.96s Checking existence of `"Archive unavailable" StaticText`
    t =    16.21s Checking existence of `SearchField (First Match)`
    t =    16.26s Checking existence of `"Archive unavailable" StaticText`
    t =    16.48s Checking existence of `SearchField (First Match)`
    t =    16.50s Checking existence of `"Archive unavailable" StaticText`
    t =    16.73s Checking existence of `SearchField (First Match)`
    t =    16.78s Checking existence of `"Archive unavailable" StaticText`
    t =    17.00s Checking existence of `SearchField (First Match)`
    t =    17.05s Checking existence of `"Archive unavailable" StaticText`
    t =    17.28s Checking existence of `SearchField (First Match)`
    t =    17.31s Checking existence of `"Archive unavailable" StaticText`
    t =    17.53s Checking existence of `SearchField (First Match)`
    t =    17.56s Checking existence of `"Archive unavailable" StaticText`
    t =    17.78s Checking existence of `SearchField (First Match)`
    t =    17.83s Checking existence of `"Archive unavailable" StaticText`
    t =    18.06s Checking existence of `SearchField (First Match)`
    t =    18.11s Checking existence of `"Archive unavailable" StaticText`
    t =    18.33s Checking existence of `SearchField (First Match)`
    t =    18.38s Checking existence of `"Archive unavailable" StaticText`
    t =    18.61s Checking existence of `SearchField (First Match)`
    t =    18.65s Checking existence of `"Archive unavailable" StaticText`
    t =    18.88s Checking existence of `SearchField (First Match)`
    t =    18.93s Checking existence of `"Archive unavailable" StaticText`
    t =    19.16s Checking existence of `SearchField (First Match)`
    t =    19.21s Checking existence of `"Archive unavailable" StaticText`
    t =    19.43s Checking existence of `SearchField (First Match)`
    t =    19.48s Checking existence of `"Archive unavailable" StaticText`
    t =    19.71s Checking existence of `SearchField (First Match)`
    t =    19.76s Checking existence of `"Archive unavailable" StaticText`
    t =    19.97s Checking existence of `SearchField (First Match)`
    t =    20.02s Checking existence of `"Archive unavailable" StaticText`
    t =    20.24s Checking existence of `SearchField (First Match)`
    t =    20.29s Checking existence of `"Archive unavailable" StaticText`
    t =    20.51s Checking existence of `SearchField (First Match)`
    t =    20.56s Checking existence of `"Archive unavailable" StaticText`
    t =    20.78s Checking existence of `SearchField (First Match)`
    t =    20.83s Checking existence of `"Archive unavailable" StaticText`
    t =    21.06s Checking existence of `SearchField (First Match)`
    t =    21.11s Checking existence of `"Archive unavailable" StaticText`
    t =    21.33s Checking existence of `SearchField (First Match)`
    t =    21.38s Checking existence of `"Archive unavailable" StaticText`
    t =    21.61s Checking existence of `SearchField (First Match)`
    t =    21.66s Checking existence of `"Archive unavailable" StaticText`
    t =    21.88s Checking existence of `SearchField (First Match)`
    t =    21.93s Checking existence of `"Archive unavailable" StaticText`
    t =    22.16s Checking existence of `SearchField (First Match)`
    t =    22.20s Checking existence of `"Archive unavailable" StaticText`
    t =    22.43s Checking existence of `SearchField (First Match)`
    t =    22.48s Checking existence of `"Archive unavailable" StaticText`
    t =    22.70s Checking existence of `SearchField (First Match)`
    t =    22.74s Checking existence of `"Archive unavailable" StaticText`
    t =    22.97s Checking existence of `SearchField (First Match)`
    t =    23.02s Checking existence of `"Archive unavailable" StaticText`
    t =    23.25s Checking existence of `SearchField (First Match)`
    t =    23.27s Checking existence of `"Archive unavailable" StaticText`
    t =    23.49s Checking existence of `SearchField (First Match)`
    t =    23.55s Checking existence of `"Archive unavailable" StaticText`
    t =    23.77s Checking existence of `SearchField (First Match)`
    t =    23.82s Checking existence of `"Archive unavailable" StaticText`
    t =    24.05s Checking existence of `SearchField (First Match)`
    t =    24.08s Checking existence of `"Archive unavailable" StaticText`
    t =    24.31s Checking existence of `SearchField (First Match)`
    t =    24.35s Checking existence of `"Archive unavailable" StaticText`
    t =    24.58s Checking existence of `SearchField (First Match)`
    t =    24.63s Checking existence of `"Archive unavailable" StaticText`
    t =    24.86s Checking existence of `SearchField (First Match)`
    t =    24.89s Checking existence of `"Archive unavailable" StaticText`
    t =    25.11s Checking existence of `SearchField (First Match)`
    t =    25.16s Checking existence of `"Archive unavailable" StaticText`
    t =    25.38s Checking existence of `SearchField (First Match)`
    t =    25.42s Checking existence of `"Archive unavailable" StaticText`
    t =    25.65s Checking existence of `SearchField (First Match)`
    t =    25.70s Checking existence of `"Archive unavailable" StaticText`
    t =    25.92s Checking existence of `SearchField (First Match)`
    t =    25.97s Checking existence of `"Archive unavailable" StaticText`
    t =    26.20s Checking existence of `SearchField (First Match)`
    t =    26.25s Checking existence of `"Archive unavailable" StaticText`
    t =    26.48s Checking existence of `SearchField (First Match)`
    t =    26.52s Checking existence of `"Archive unavailable" StaticText`
    t =    26.75s Checking existence of `SearchField (First Match)`
    t =    26.77s Checking existence of `"Archive unavailable" StaticText`
    t =    26.99s Checking existence of `SearchField (First Match)`
    t =    27.04s Checking existence of `"Archive unavailable" StaticText`
    t =    27.27s Checking existence of `SearchField (First Match)`
    t =    27.32s Checking existence of `"Archive unavailable" StaticText`
    t =    27.54s Checking existence of `SearchField (First Match)`
    t =    27.57s Checking existence of `"Archive unavailable" StaticText`
    t =    27.79s Checking existence of `SearchField (First Match)`
    t =    27.83s Checking existence of `"Archive unavailable" StaticText`
    t =    28.05s Checking existence of `SearchField (First Match)`
    t =    28.10s Checking existence of `"Archive unavailable" StaticText`
    t =    28.33s Checking existence of `SearchField (First Match)`
    t =    28.38s Checking existence of `"Archive unavailable" StaticText`
    t =    28.60s Checking existence of `SearchField (First Match)`
    t =    28.65s Checking existence of `"Archive unavailable" StaticText`
    t =    28.88s Checking existence of `SearchField (First Match)`
    t =    28.93s Checking existence of `"Archive unavailable" StaticText`
    t =    29.15s Checking existence of `SearchField (First Match)`
    t =    29.20s Checking existence of `"Archive unavailable" StaticText`
    t =    29.43s Checking existence of `SearchField (First Match)`
    t =    29.47s Checking existence of `"Archive unavailable" StaticText`
    t =    29.70s Checking existence of `SearchField (First Match)`
    t =    29.75s Checking existence of `"Archive unavailable" StaticText`
    t =    29.98s Checking existence of `SearchField (First Match)`
    t =    30.02s Checking existence of `"Archive unavailable" StaticText`
    t =    30.25s Checking existence of `SearchField (First Match)`
    t =    30.30s Checking existence of `"Archive unavailable" StaticText`
    t =    30.52s Checking existence of `SearchField (First Match)`
    t =    30.58s Checking existence of `"Archive unavailable" StaticText`
    t =    30.80s Checking existence of `SearchField (First Match)`
    t =    30.85s Checking existence of `"Archive unavailable" StaticText`
    t =    31.07s Checking existence of `SearchField (First Match)`
    t =    31.12s Checking existence of `"Archive unavailable" StaticText`
    t =    31.35s Checking existence of `SearchField (First Match)`
    t =    31.39s Checking existence of `"Archive unavailable" StaticText`
    t =    31.62s Checking existence of `SearchField (First Match)`
    t =    31.67s Checking existence of `"Archive unavailable" StaticText`
    t =    31.89s Checking existence of `SearchField (First Match)`
    t =    31.94s Checking existence of `"Archive unavailable" StaticText`
    t =    32.17s Checking existence of `SearchField (First Match)`
    t =    32.22s Checking existence of `"Archive unavailable" StaticText`
    t =    32.44s Checking existence of `SearchField (First Match)`
    t =    32.49s Checking existence of `"Archive unavailable" StaticText`
    t =    32.71s Checking existence of `SearchField (First Match)`
    t =    32.76s Checking existence of `"Archive unavailable" StaticText`
    t =    32.98s Checking existence of `SearchField (First Match)`
    t =    33.02s Checking existence of `"Archive unavailable" StaticText`
    t =    33.25s Checking existence of `SearchField (First Match)`
    t =    33.27s Checking existence of `"Archive unavailable" StaticText`
    t =    33.50s Checking existence of `SearchField (First Match)`
    t =    33.53s Checking existence of `"Archive unavailable" StaticText`
    t =    33.75s Checking existence of `SearchField (First Match)`
    t =    33.80s Checking existence of `"Archive unavailable" StaticText`
    t =    34.03s Checking existence of `SearchField (First Match)`
    t =    34.07s Checking existence of `"Archive unavailable" StaticText`
    t =    34.30s Checking existence of `SearchField (First Match)`
    t =    34.33s Checking existence of `"Archive unavailable" StaticText`
    t =    34.56s Checking existence of `SearchField (First Match)`
    t =    34.61s Checking existence of `"Archive unavailable" StaticText`
    t =    34.82s Checking existence of `SearchField (First Match)`
    t =    34.87s Checking existence of `"Archive unavailable" StaticText`
    t =    35.10s Checking existence of `SearchField (First Match)`
    t =    35.15s Checking existence of `"Archive unavailable" StaticText`
    t =    35.38s Checking existence of `SearchField (First Match)`
    t =    35.43s Checking existence of `"Archive unavailable" StaticText`
    t =    35.66s Checking existence of `SearchField (First Match)`
    t =    35.70s Checking existence of `"Archive unavailable" StaticText`
    t =    35.93s Checking existence of `SearchField (First Match)`
    t =    35.98s Checking existence of `"Archive unavailable" StaticText`
    t =    36.20s Checking existence of `SearchField (First Match)`
    t =    36.25s Checking existence of `"Archive unavailable" StaticText`
    t =    36.47s Checking existence of `SearchField (First Match)`
    t =    36.52s Checking existence of `"Archive unavailable" StaticText`
    t =    36.74s Checking existence of `SearchField (First Match)`
    t =    36.76s Checking existence of `"Archive unavailable" StaticText`
    t =    36.98s Checking existence of `SearchField (First Match)`
    t =    37.01s Checking existence of `"Archive unavailable" StaticText`
    t =    37.24s Checking existence of `SearchField (First Match)`
    t =    37.28s Checking existence of `"Archive unavailable" StaticText`
    t =    37.51s Checking existence of `SearchField (First Match)`
    t =    37.55s Checking existence of `"Archive unavailable" StaticText`
    t =    37.78s Checking existence of `SearchField (First Match)`
    t =    37.81s Checking existence of `"Archive unavailable" StaticText`
    t =    38.02s Checking existence of `SearchField (First Match)`
    t =    38.07s Checking existence of `"Archive unavailable" StaticText`
    t =    38.30s Checking existence of `SearchField (First Match)`
    t =    38.34s Checking existence of `"Archive unavailable" StaticText`
    t =    38.57s Checking existence of `SearchField (First Match)`
    t =    38.62s Checking existence of `"Archive unavailable" StaticText`
    t =    38.84s Checking existence of `SearchField (First Match)`
    t =    38.89s Checking existence of `"Archive unavailable" StaticText`
    t =    39.12s Checking existence of `SearchField (First Match)`
    t =    39.16s Checking existence of `"Archive unavailable" StaticText`
    t =    39.39s Checking existence of `SearchField (First Match)`
    t =    39.43s Checking existence of `"Archive unavailable" StaticText`
    t =    39.66s Checking existence of `SearchField (First Match)`
    t =    39.71s Checking existence of `"Archive unavailable" StaticText`
    t =    39.93s Checking existence of `SearchField (First Match)`
    t =    39.98s Checking existence of `"Archive unavailable" StaticText`
    t =    40.20s Checking existence of `SearchField (First Match)`
    t =    40.25s Checking existence of `"Archive unavailable" StaticText`
    t =    40.47s Checking existence of `SearchField (First Match)`
    t =    40.51s Checking existence of `"Archive unavailable" StaticText`
    t =    40.74s Checking existence of `SearchField (First Match)`
    t =    40.79s Checking existence of `"Archive unavailable" StaticText`
    t =    41.01s Checking existence of `SearchField (First Match)`
    t =    41.06s Checking existence of `"Archive unavailable" StaticText`
    t =    41.29s Checking existence of `SearchField (First Match)`
    t =    41.33s Checking existence of `"Archive unavailable" StaticText`
    t =    41.56s Checking existence of `SearchField (First Match)`
    t =    41.60s Checking existence of `"Archive unavailable" StaticText`
    t =    41.82s Checking existence of `SearchField (First Match)`
    t =    41.87s Checking existence of `"Archive unavailable" StaticText`
    t =    42.10s Checking existence of `SearchField (First Match)`
    t =    42.14s Checking existence of `"Archive unavailable" StaticText`
    t =    42.37s Checking existence of `SearchField (First Match)`
    t =    42.41s Checking existence of `"Archive unavailable" StaticText`
    t =    42.63s Checking existence of `SearchField (First Match)`
    t =    42.68s Checking existence of `"Archive unavailable" StaticText`
    t =    42.90s Checking existence of `SearchField (First Match)`
    t =    42.95s Checking existence of `"Archive unavailable" StaticText`
    t =    43.17s Checking existence of `SearchField (First Match)`
    t =    43.22s Checking existence of `"Archive unavailable" StaticText`
    t =    43.44s Checking existence of `SearchField (First Match)`
    t =    43.46s Checking existence of `"Archive unavailable" StaticText`
    t =    43.69s Checking existence of `SearchField (First Match)`
    t =    43.72s Checking existence of `"Archive unavailable" StaticText`
    t =    43.94s Checking existence of `SearchField (First Match)`
    t =    43.99s Checking existence of `"Archive unavailable" StaticText`
    t =    44.22s Checking existence of `SearchField (First Match)`
    t =    44.27s Checking existence of `"Archive unavailable" StaticText`
    t =    44.51s Checking existence of `SearchField (First Match)`
    t =    44.55s Checking existence of `"Archive unavailable" StaticText`
    t =    44.77s Checking existence of `SearchField (First Match)`
    t =    44.82s Checking existence of `"Archive unavailable" StaticText`
    t =    45.04s Checking existence of `SearchField (First Match)`
    t =    45.09s Checking existence of `"Archive unavailable" StaticText`
    t =    45.32s Checking existence of `SearchField (First Match)`
    t =    45.36s Checking existence of `"Archive unavailable" StaticText`
    t =    45.58s Checking existence of `SearchField (First Match)`
    t =    45.63s Checking existence of `"Archive unavailable" StaticText`
    t =    45.86s Checking existence of `SearchField (First Match)`
    t =    45.89s Checking existence of `"Archive unavailable" StaticText`
    t =    46.11s Waiting 20.0s for StaticText (First Match) to exist
    t =    47.15s     Checking `Expect predicate `existsNoRetry == 1` for object StaticText (First Match)`
    t =    47.15s         Checking existence of `StaticText (First Match)`
    t =    47.18s Tear Down
Test Case '-[GodstoneArchiveUITests.GodstoneArchiveUITests testGSA005DocumentReopensAfterCleanProcessDeath]' passed (47.532 seconds).
Test Case '-[GodstoneArchiveUITests.GodstoneArchiveUITests testGSA005ScrollingRevealsALaterPassage]' started.
    t =     0.00s Start Test at 2026-10-03 19:29:24.231
    t =     0.03s Set Up
    t =     0.08s Open io.godstone.app
    t =     0.08s     Launch io.godstone.app
    t =     0.08s         Terminate io.godstone.app:21862
2026-10-03 19:29:25.349 xcodebuild[21529:44954857] [MT] IDELaunchParametersSnapshot: debugger version lookup failed for path '<nil>': noURL
2026-10-03 19:29:25.350 xcodebuild[21529:44954857] [MT] IDELaunchParametersSnapshot: no debugger version
    t =     1.33s         Setting up automation session
    t =     2.03s         Wait for io.godstone.app to idle
    t =     3.41s Checking existence of `SearchField (First Match)`
    t =     3.47s Waiting 20.0s for Button (First Match) to exist
    t =     4.50s     Checking `Expect predicate `existsNoRetry == 1` for object Button (First Match)`
    t =     4.50s         Checking existence of `Button (First Match)`
    t =     4.55s Tap Button (First Match)
    t =     4.55s     Wait for io.godstone.app to idle
    t =     4.55s     Find the Button (First Match)
    t =     4.58s     Check for interrupting elements affecting "archive.document.1" Button
    t =     4.59s     Synthesize event
    t =     4.88s     Wait for io.godstone.app to idle
    t =     6.77s Waiting 20.0s for StaticText (First Match) to exist
    t =     7.80s     Checking `Expect predicate `existsNoRetry == 1` for object StaticText (First Match)`
    t =     7.80s         Checking existence of `StaticText (First Match)`
    t =     7.84s Get number of matches for: Elements matching predicate 'identifier BEGINSWITH "archive.passage."'
    t =     7.85s Get number of matches for: Elements matching predicate 'identifier BEGINSWITH "archive.passage."'
    t =     7.87s Checking existence of `StaticText (Element at index 9)`
    t =     7.88s Find the StaticText (Element at index 9)
    t =     7.90s Swipe up Target Application 'io.godstone.app'
    t =     7.90s     Wait for io.godstone.app to idle
    t =     7.90s     Find the Target Application 'io.godstone.app'
    t =     7.91s     Check for interrupting elements affecting "Godstone" Application
    t =     7.93s     Synthesize event
    t =     8.35s     Wait for io.godstone.app to idle
    t =    10.78s Checking existence of `"archive.passage.5" StaticText`
    t =    10.80s Find the "archive.passage.5" StaticText
    t =    10.82s Tear Down
Test Case '-[GodstoneArchiveUITests.GodstoneArchiveUITests testGSA005ScrollingRevealsALaterPassage]' passed (11.066 seconds).
Test Case '-[GodstoneArchiveUITests.GodstoneArchiveUITests testGSA005SearchOpenThenBackReturnsToTheSubmittedQuery]' started.
    t =     0.00s Start Test at 2026-10-03 19:29:35.297
    t =     0.03s Set Up
    t =     0.08s Open io.godstone.app
    t =     0.08s     Launch io.godstone.app
    t =     0.08s         Terminate io.godstone.app:21998
2026-10-03 19:29:36.442 xcodebuild[21529:44954857] [MT] IDELaunchParametersSnapshot: debugger version lookup failed for path '<nil>': noURL
2026-10-03 19:29:36.442 xcodebuild[21529:44954857] [MT] IDELaunchParametersSnapshot: no debugger version
    t =     1.36s         Setting up automation session
    t =     2.07s         Wait for io.godstone.app to idle
    t =     3.41s Checking existence of `SearchField (First Match)`
    t =     3.48s Waiting 20.0s for SearchField (First Match) to exist
    t =     4.50s     Checking `Expect predicate `existsNoRetry == 1` for object SearchField (First Match)`
    t =     4.50s         Checking existence of `SearchField (First Match)`
    t =     4.54s Tap SearchField (First Match)
    t =     4.54s     Wait for io.godstone.app to idle
    t =     4.54s     Find the SearchField (First Match)
    t =     4.57s     Check for interrupting elements affecting "Search every document" SearchField
    t =     4.59s     Synthesize event
    t =     4.87s     Wait for io.godstone.app to idle
    t =     5.76s Waiting 10.0s for Keyboard (First Match) to exist
    t =     6.80s     Checking `Expect predicate `existsNoRetry == 1` for object Keyboard (First Match)`
    t =     6.80s         Checking existence of `Keyboard (First Match)`
    t =     6.83s Type 'bleeding
' into "Search every document" SearchField
    t =     6.83s     Wait for io.godstone.app to idle
    t =     6.83s     Find the "Search every document" SearchField
    t =     6.89s     Check for interrupting elements affecting "Search every document" SearchField
    t =     6.91s     Synthesize event
    t =     7.26s     Wait for io.godstone.app to idle
    t =     7.86s Waiting 20.0s for "archive.search.results" StaticText to exist
    t =     8.90s     Checking `Expect predicate `existsNoRetry == 1` for object "archive.search.results" StaticText`
    t =     8.90s         Checking existence of `"archive.search.results" StaticText`
    t =     8.93s Waiting 20.0s for Button (First Match) to exist
    t =     9.96s     Checking `Expect predicate `existsNoRetry == 1` for object Button (First Match)`
    t =     9.97s         Checking existence of `Button (First Match)`
    t =    10.02s Find the Button (First Match)
    t =    10.05s Get number of matches for: Descendants matching type Keyboard
    t =    11.10s Get number of matches for: Descendants matching type Keyboard
    t =    11.14s Tap "archive.search.hit.1" Button
    t =    11.14s     Wait for io.godstone.app to idle
    t =    11.14s     Find the "archive.search.hit.1" Button
    t =    11.17s     Check for interrupting elements affecting "archive.search.hit.1" Button
    t =    11.19s     Synthesize event
    t =    11.49s     Wait for io.godstone.app to idle
    t =    12.33s Waiting 20.0s for "archive.back" Button to exist
    t =    13.36s     Checking `Expect predicate `existsNoRetry == 1` for object "archive.back" Button`
    t =    13.36s         Checking existence of `"archive.back" Button`
    t =    13.39s Get number of matches for: Descendants matching type Keyboard
    t =    14.44s Get number of matches for: Descendants matching type Keyboard
    t =    14.48s Tap "archive.back" Button
    t =    14.48s     Wait for io.godstone.app to idle
    t =    14.48s     Find the "archive.back" Button
    t =    14.50s     Check for interrupting elements affecting "archive.back" Button
    t =    14.52s     Synthesize event
    t =    14.82s     Wait for io.godstone.app to idle
    t =    15.21s Waiting 20.0s for "archive.search.results" StaticText to exist
    t =    16.23s     Checking `Expect predicate `existsNoRetry == 1` for object "archive.search.results" StaticText`
    t =    16.23s         Checking existence of `"archive.search.results" StaticText`
    t =    16.28s Waiting 20.0s for SearchField (First Match) to exist
    t =    17.33s     Checking `Expect predicate `existsNoRetry == 1` for object SearchField (First Match)`
    t =    17.33s         Checking existence of `SearchField (First Match)`
    t =    18.45s Checking `Expect predicate `value == "bleeding"` for object SearchField (First Match)`
    t =    18.45s     Find the SearchField (First Match)
    t =    18.50s Waiting 20.0s for "archive.search.hit.1" Button to exist
    t =    19.55s     Checking `Expect predicate `existsNoRetry == 1` for object "archive.search.hit.1" Button`
    t =    19.55s         Checking existence of `"archive.search.hit.1" Button`
    t =    19.59s Tear Down
Test Case '-[GodstoneArchiveUITests.GodstoneArchiveUITests testGSA005SearchOpenThenBackReturnsToTheSubmittedQuery]' passed (19.874 seconds).
Test Case '-[GodstoneArchiveUITests.GodstoneArchiveUITests testGSFINAL006TheWholeRestorationJourneyInOneSequence]' started.
    t =     0.00s Start Test at 2026-10-03 19:29:55.171
    t =     0.02s Set Up
    t =     0.05s Open io.godstone.app
    t =     0.05s     Launch io.godstone.app
    t =     0.05s         Terminate io.godstone.app:22069
2026-10-03 19:29:56.305 xcodebuild[21529:44954857] [MT] IDELaunchParametersSnapshot: debugger version lookup failed for path '<nil>': noURL
2026-10-03 19:29:56.305 xcodebuild[21529:44954857] [MT] IDELaunchParametersSnapshot: no debugger version
    t =     1.35s         Setting up automation session
    t =     2.07s         Wait for io.godstone.app to idle
    t =     3.42s Checking existence of `SearchField (First Match)`
    t =     3.48s Waiting 20.0s for SearchField (First Match) to exist
    t =     4.52s     Checking `Expect predicate `existsNoRetry == 1` for object SearchField (First Match)`
    t =     4.52s         Checking existence of `SearchField (First Match)`
    t =     4.56s Tap SearchField (First Match)
    t =     4.56s     Wait for io.godstone.app to idle
    t =     4.56s     Find the SearchField (First Match)
    t =     4.59s     Check for interrupting elements affecting "Search every document" SearchField
    t =     4.60s     Synthesize event
    t =     4.91s     Wait for io.godstone.app to idle
    t =     5.75s Waiting 10.0s for Keyboard (First Match) to exist
    t =     6.83s     Checking `Expect predicate `existsNoRetry == 1` for object Keyboard (First Match)`
    t =     6.83s         Checking existence of `Keyboard (First Match)`
    t =     6.86s Type 'bleeding
' into "Search every document" SearchField
    t =     6.86s     Wait for io.godstone.app to idle
    t =     6.86s     Find the "Search every document" SearchField
    t =     6.91s     Check for interrupting elements affecting "Search every document" SearchField
    t =     6.93s     Synthesize event
    t =     7.28s     Wait for io.godstone.app to idle
    t =     7.87s Waiting 20.0s for "archive.search.results" StaticText to exist
    t =     8.92s     Checking `Expect predicate `existsNoRetry == 1` for object "archive.search.results" StaticText`
    t =     8.92s         Checking existence of `"archive.search.results" StaticText`
    t =     8.98s Waiting 20.0s for Button (First Match) to exist
    t =    10.06s     Checking `Expect predicate `existsNoRetry == 1` for object Button (First Match)`
    t =    10.06s         Checking existence of `Button (First Match)`
    t =    10.11s Get number of matches for: Elements matching predicate 'identifier BEGINSWITH "archive.search.hit."'
    t =    10.13s Find the Button (Element at index 1)
    t =    10.15s Get number of matches for: Descendants matching type Keyboard
    t =    11.23s Get number of matches for: Descendants matching type Keyboard
    t =    11.27s Tap "archive.search.hit.2" Button
    t =    11.27s     Wait for io.godstone.app to idle
    t =    11.28s     Find the "archive.search.hit.2" Button
    t =    11.30s     Check for interrupting elements affecting "archive.search.hit.2" Button
    t =    11.32s     Synthesize event
    t =    11.61s     Wait for io.godstone.app to idle
    t =    12.47s Waiting 20.0s for StaticText (First Match) to exist
    t =    13.53s     Checking `Expect predicate `existsNoRetry == 1` for object StaticText (First Match)`
    t =    13.53s         Checking existence of `StaticText (First Match)`
    t =    13.57s Get number of matches for: Elements matching predicate 'identifier BEGINSWITH "archive.passage."'
    t =    13.59s Get number of matches for: Elements matching predicate 'identifier BEGINSWITH "archive.passage."'
    t =    13.61s Find the StaticText (Element at index 9)
    t =    13.62s Checking existence of `"archive.passage.5" StaticText`
    t =    13.64s Find the "archive.passage.5" StaticText
    t =    13.65s Swipe up Target Application 'io.godstone.app'
    t =    13.65s     Wait for io.godstone.app to idle
    t =    13.66s     Find the Target Application 'io.godstone.app'
    t =    13.67s     Check for interrupting elements affecting "Godstone" Application
    t =    13.68s     Synthesize event
    t =    14.10s     Wait for io.godstone.app to idle
    t =    16.33s Checking existence of `"archive.passage.5" StaticText`
    t =    16.36s Find the "archive.passage.5" StaticText
    t =    16.38s Checking existence of `"archive.passage.5" StaticText`
    t =    16.40s Find the "archive.passage.5" StaticText
    t =    16.42s Checking existence of `"archive.passage.5" StaticText`
    t =    16.43s Find the "archive.passage.5" StaticText
    t =    16.45s Checking existence of `"archive.passage.5" StaticText`
    t =    16.47s Find the "archive.passage.5" StaticText
    t =    16.49s Checking existence of `"archive.passage.5" StaticText`
    t =    16.50s Find the "archive.passage.5" StaticText
    t =    16.52s Checking existence of `"archive.passage.5" StaticText`
    t =    16.54s Find the "archive.passage.5" StaticText
    t =    16.56s Checking existence of `"archive.passage.5" StaticText`
    t =    16.57s Find the "archive.passage.5" StaticText
    t =    16.59s Checking existence of `"archive.passage.5" StaticText`
    t =    16.60s Find the "archive.passage.5" StaticText
    t =    16.62s Checking existence of `"archive.passage.5" StaticText`
    t =    16.64s Find the "archive.passage.5" StaticText
    t =    16.66s Checking existence of `"archive.passage.5" StaticText`
    t =    16.67s Find the "archive.passage.5" StaticText
    t =    16.70s Checking existence of `"archive.passage.5" StaticText`
    t =    16.71s Find the "archive.passage.5" StaticText
    t =    16.73s Checking existence of `"archive.passage.5" StaticText`
    t =    16.74s Find the "archive.passage.5" StaticText
    t =    16.76s Pressing Home button
    t =    20.24s Terminate io.godstone.app:22136
    t =    22.39s Open io.godstone.app
    t =    22.39s     Launch io.godstone.app
2026-10-03 19:30:17.559 xcodebuild[21529:44954857] [MT] IDELaunchParametersSnapshot: debugger version lookup failed for path '<nil>': noURL
2026-10-03 19:30:17.559 xcodebuild[21529:44954857] [MT] IDELaunchParametersSnapshot: no debugger version
    t =    22.60s         Setting up automation session
    t =    23.28s         Wait for io.godstone.app to idle
    t =    24.72s Checking existence of `SearchField (First Match)`
    t =    24.79s Checking existence of `"Archive unavailable" StaticText`
    t =    25.03s Checking existence of `SearchField (First Match)`
    t =    25.08s Checking existence of `"Archive unavailable" StaticText`
    t =    25.30s Checking existence of `SearchField (First Match)`
    t =    25.35s Checking existence of `"Archive unavailable" StaticText`
    t =    25.58s Checking existence of `SearchField (First Match)`
    t =    25.63s Checking existence of `"Archive unavailable" StaticText`
    t =    25.86s Checking existence of `SearchField (First Match)`
    t =    25.90s Checking existence of `"Archive unavailable" StaticText`
    t =    26.13s Checking existence of `SearchField (First Match)`
    t =    26.15s Checking existence of `"Archive unavailable" StaticText`
    t =    26.37s Checking existence of `SearchField (First Match)`
    t =    26.41s Checking existence of `"Archive unavailable" StaticText`
    t =    26.63s Checking existence of `SearchField (First Match)`
    t =    26.68s Checking existence of `"Archive unavailable" StaticText`
    t =    26.91s Checking existence of `SearchField (First Match)`
    t =    26.96s Checking existence of `"Archive unavailable" StaticText`
    t =    27.18s Checking existence of `SearchField (First Match)`
    t =    27.22s Checking existence of `"Archive unavailable" StaticText`
    t =    27.44s Checking existence of `SearchField (First Match)`
    t =    27.49s Checking existence of `"Archive unavailable" StaticText`
    t =    27.72s Checking existence of `SearchField (First Match)`
    t =    27.76s Checking existence of `"Archive unavailable" StaticText`
    t =    27.99s Checking existence of `SearchField (First Match)`
    t =    28.04s Checking existence of `"Archive unavailable" StaticText`
    t =    28.26s Checking existence of `SearchField (First Match)`
    t =    28.31s Checking existence of `"Archive unavailable" StaticText`
    t =    28.53s Checking existence of `SearchField (First Match)`
    t =    28.58s Checking existence of `"Archive unavailable" StaticText`
    t =    28.81s Checking existence of `SearchField (First Match)`
    t =    28.85s Checking existence of `"Archive unavailable" StaticText`
    t =    29.08s Checking existence of `SearchField (First Match)`
    t =    29.13s Checking existence of `"Archive unavailable" StaticText`
    t =    29.35s Checking existence of `SearchField (First Match)`
    t =    29.40s Checking existence of `"Archive unavailable" StaticText`
    t =    29.63s Checking existence of `SearchField (First Match)`
    t =    29.65s Checking existence of `"Archive unavailable" StaticText`
    t =    29.87s Checking existence of `SearchField (First Match)`
    t =    29.90s Checking existence of `"Archive unavailable" StaticText`
    t =    30.12s Checking existence of `SearchField (First Match)`
    t =    30.16s Checking existence of `"Archive unavailable" StaticText`
    t =    30.39s Checking existence of `SearchField (First Match)`
    t =    30.44s Checking existence of `"Archive unavailable" StaticText`
    t =    30.66s Checking existence of `SearchField (First Match)`
    t =    30.68s Checking existence of `"Archive unavailable" StaticText`
    t =    30.90s Checking existence of `SearchField (First Match)`
    t =    30.95s Checking existence of `"Archive unavailable" StaticText`
    t =    31.17s Checking existence of `SearchField (First Match)`
    t =    31.22s Checking existence of `"Archive unavailable" StaticText`
    t =    31.45s Checking existence of `SearchField (First Match)`
    t =    31.49s Checking existence of `"Archive unavailable" StaticText`
    t =    31.72s Checking existence of `SearchField (First Match)`
    t =    31.77s Checking existence of `"Archive unavailable" StaticText`
    t =    32.00s Checking existence of `SearchField (First Match)`
    t =    32.06s Checking existence of `"Archive unavailable" StaticText`
    t =    32.29s Checking existence of `SearchField (First Match)`
    t =    32.33s Checking existence of `"Archive unavailable" StaticText`
    t =    32.56s Checking existence of `SearchField (First Match)`
    t =    32.62s Checking existence of `"Archive unavailable" StaticText`
    t =    32.84s Checking existence of `SearchField (First Match)`
    t =    32.87s Checking existence of `"Archive unavailable" StaticText`
    t =    33.10s Checking existence of `SearchField (First Match)`
    t =    33.15s Checking existence of `"Archive unavailable" StaticText`
    t =    33.38s Checking existence of `SearchField (First Match)`
    t =    33.43s Checking existence of `"Archive unavailable" StaticText`
    t =    33.65s Checking existence of `SearchField (First Match)`
    t =    33.70s Checking existence of `"Archive unavailable" StaticText`
    t =    33.93s Checking existence of `SearchField (First Match)`
    t =    33.97s Checking existence of `"Archive unavailable" StaticText`
    t =    34.20s Checking existence of `SearchField (First Match)`
    t =    34.25s Checking existence of `"Archive unavailable" StaticText`
    t =    34.48s Checking existence of `SearchField (First Match)`
    t =    34.52s Checking existence of `"Archive unavailable" StaticText`
    t =    34.73s Checking existence of `SearchField (First Match)`
    t =    34.79s Checking existence of `"Archive unavailable" StaticText`
    t =    35.02s Checking existence of `SearchField (First Match)`
    t =    35.07s Checking existence of `"Archive unavailable" StaticText`
    t =    35.29s Checking existence of `SearchField (First Match)`
    t =    35.34s Checking existence of `"Archive unavailable" StaticText`
    t =    35.56s Checking existence of `SearchField (First Match)`
    t =    35.61s Checking existence of `"Archive unavailable" StaticText`
    t =    35.83s Checking existence of `SearchField (First Match)`
    t =    35.88s Checking existence of `"Archive unavailable" StaticText`
    t =    36.11s Checking existence of `SearchField (First Match)`
    t =    36.15s Checking existence of `"Archive unavailable" StaticText`
    t =    36.38s Checking existence of `SearchField (First Match)`
    t =    36.40s Checking existence of `"Archive unavailable" StaticText`
    t =    36.62s Checking existence of `SearchField (First Match)`
    t =    36.68s Checking existence of `"Archive unavailable" StaticText`
    t =    36.91s Checking existence of `SearchField (First Match)`
    t =    36.96s Checking existence of `"Archive unavailable" StaticText`
    t =    37.18s Checking existence of `SearchField (First Match)`
    t =    37.23s Checking existence of `"Archive unavailable" StaticText`
    t =    37.46s Checking existence of `SearchField (First Match)`
    t =    37.49s Checking existence of `"Archive unavailable" StaticText`
    t =    37.72s Checking existence of `SearchField (First Match)`
    t =    37.76s Checking existence of `"Archive unavailable" StaticText`
    t =    37.99s Checking existence of `SearchField (First Match)`
    t =    38.03s Checking existence of `"Archive unavailable" StaticText`
    t =    38.25s Checking existence of `SearchField (First Match)`
    t =    38.30s Checking existence of `"Archive unavailable" StaticText`
    t =    38.53s Checking existence of `SearchField (First Match)`
    t =    38.57s Checking existence of `"Archive unavailable" StaticText`
    t =    38.80s Checking existence of `SearchField (First Match)`
    t =    38.85s Checking existence of `"Archive unavailable" StaticText`
    t =    39.08s Checking existence of `SearchField (First Match)`
    t =    39.12s Checking existence of `"Archive unavailable" StaticText`
    t =    39.35s Checking existence of `SearchField (First Match)`
    t =    39.40s Checking existence of `"Archive unavailable" StaticText`
    t =    39.63s Checking existence of `SearchField (First Match)`
    t =    39.68s Checking existence of `"Archive unavailable" StaticText`
    t =    39.91s Checking existence of `SearchField (First Match)`
    t =    39.94s Checking existence of `"Archive unavailable" StaticText`
    t =    40.16s Checking existence of `SearchField (First Match)`
    t =    40.21s Checking existence of `"Archive unavailable" StaticText`
    t =    40.44s Checking existence of `SearchField (First Match)`
    t =    40.49s Checking existence of `"Archive unavailable" StaticText`
    t =    40.72s Checking existence of `SearchField (First Match)`
    t =    40.74s Checking existence of `"Archive unavailable" StaticText`
    t =    40.97s Checking existence of `SearchField (First Match)`
    t =    41.01s Checking existence of `"Archive unavailable" StaticText`
    t =    41.23s Checking existence of `SearchField (First Match)`
    t =    41.28s Checking existence of `"Archive unavailable" StaticText`
    t =    41.51s Checking existence of `SearchField (First Match)`
    t =    41.56s Checking existence of `"Archive unavailable" StaticText`
    t =    41.78s Checking existence of `SearchField (First Match)`
    t =    41.82s Checking existence of `"Archive unavailable" StaticText`
    t =    42.05s Checking existence of `SearchField (First Match)`
    t =    42.10s Checking existence of `"Archive unavailable" StaticText`
    t =    42.32s Checking existence of `SearchField (First Match)`
    t =    42.37s Checking existence of `"Archive unavailable" StaticText`
    t =    42.59s Checking existence of `SearchField (First Match)`
    t =    42.64s Checking existence of `"Archive unavailable" StaticText`
    t =    42.86s Checking existence of `SearchField (First Match)`
    t =    42.91s Checking existence of `"Archive unavailable" StaticText`
    t =    43.14s Checking existence of `SearchField (First Match)`
    t =    43.19s Checking existence of `"Archive unavailable" StaticText`
    t =    43.42s Checking existence of `SearchField (First Match)`
    t =    43.46s Checking existence of `"Archive unavailable" StaticText`
    t =    43.69s Checking existence of `SearchField (First Match)`
    t =    43.74s Checking existence of `"Archive unavailable" StaticText`
    t =    43.97s Checking existence of `SearchField (First Match)`
    t =    44.02s Checking existence of `"Archive unavailable" StaticText`
    t =    44.25s Checking existence of `SearchField (First Match)`
    t =    44.29s Checking existence of `"Archive unavailable" StaticText`
    t =    44.52s Checking existence of `SearchField (First Match)`
    t =    44.57s Checking existence of `"Archive unavailable" StaticText`
    t =    44.80s Checking existence of `SearchField (First Match)`
    t =    44.84s Checking existence of `"Archive unavailable" StaticText`
    t =    45.07s Checking existence of `SearchField (First Match)`
    t =    45.12s Checking existence of `"Archive unavailable" StaticText`
    t =    45.34s Checking existence of `SearchField (First Match)`
    t =    45.38s Checking existence of `"Archive unavailable" StaticText`
    t =    45.61s Checking existence of `SearchField (First Match)`
    t =    45.66s Checking existence of `"Archive unavailable" StaticText`
    t =    45.89s Checking existence of `SearchField (First Match)`
    t =    45.94s Checking existence of `"Archive unavailable" StaticText`
    t =    46.16s Checking existence of `SearchField (First Match)`
    t =    46.21s Checking existence of `"Archive unavailable" StaticText`
    t =    46.44s Checking existence of `SearchField (First Match)`
    t =    46.46s Checking existence of `"Archive unavailable" StaticText`
    t =    46.69s Checking existence of `SearchField (First Match)`
    t =    46.72s Checking existence of `"Archive unavailable" StaticText`
    t =    46.94s Checking existence of `SearchField (First Match)`
    t =    46.99s Checking existence of `"Archive unavailable" StaticText`
    t =    47.22s Checking existence of `SearchField (First Match)`
    t =    47.27s Checking existence of `"Archive unavailable" StaticText`
    t =    47.49s Checking existence of `SearchField (First Match)`
    t =    47.54s Checking existence of `"Archive unavailable" StaticText`
    t =    47.77s Checking existence of `SearchField (First Match)`
    t =    47.82s Checking existence of `"Archive unavailable" StaticText`
    t =    48.04s Checking existence of `SearchField (First Match)`
    t =    48.09s Checking existence of `"Archive unavailable" StaticText`
    t =    48.32s Checking existence of `SearchField (First Match)`
    t =    48.36s Checking existence of `"Archive unavailable" StaticText`
    t =    48.59s Checking existence of `SearchField (First Match)`
    t =    48.64s Checking existence of `"Archive unavailable" StaticText`
    t =    48.87s Checking existence of `SearchField (First Match)`
    t =    48.93s Checking existence of `"Archive unavailable" StaticText`
    t =    49.16s Checking existence of `SearchField (First Match)`
    t =    49.21s Checking existence of `"Archive unavailable" StaticText`
    t =    49.44s Checking existence of `SearchField (First Match)`
    t =    49.49s Checking existence of `"Archive unavailable" StaticText`
    t =    49.71s Checking existence of `SearchField (First Match)`
    t =    49.76s Checking existence of `"Archive unavailable" StaticText`
    t =    49.99s Checking existence of `SearchField (First Match)`
    t =    50.01s Checking existence of `"Archive unavailable" StaticText`
    t =    50.24s Checking existence of `SearchField (First Match)`
    t =    50.26s Checking existence of `"Archive unavailable" StaticText`
    t =    50.48s Checking existence of `SearchField (First Match)`
    t =    50.53s Checking existence of `"Archive unavailable" StaticText`
    t =    50.76s Checking existence of `SearchField (First Match)`
    t =    50.81s Checking existence of `"Archive unavailable" StaticText`
    t =    51.04s Checking existence of `SearchField (First Match)`
    t =    51.06s Checking existence of `"Archive unavailable" StaticText`
    t =    51.28s Checking existence of `SearchField (First Match)`
    t =    51.34s Checking existence of `"Archive unavailable" StaticText`
    t =    51.56s Checking existence of `SearchField (First Match)`
    t =    51.71s Checking existence of `"Archive unavailable" StaticText`
    t =    51.94s Checking existence of `SearchField (First Match)`
    t =    52.00s Checking existence of `"Archive unavailable" StaticText`
    t =    52.23s Checking existence of `SearchField (First Match)`
    t =    52.28s Checking existence of `"Archive unavailable" StaticText`
    t =    52.50s Checking existence of `SearchField (First Match)`
    t =    52.55s Checking existence of `"Archive unavailable" StaticText`
    t =    52.78s Checking existence of `SearchField (First Match)`
    t =    52.82s Checking existence of `"Archive unavailable" StaticText`
    t =    53.05s Checking existence of `SearchField (First Match)`
    t =    53.09s Checking existence of `"Archive unavailable" StaticText`
    t =    53.32s Checking existence of `SearchField (First Match)`
    t =    53.36s Checking existence of `"Archive unavailable" StaticText`
    t =    53.59s Checking existence of `SearchField (First Match)`
    t =    53.64s Checking existence of `"Archive unavailable" StaticText`
    t =    53.87s Checking existence of `SearchField (First Match)`
    t =    53.91s Checking existence of `"Archive unavailable" StaticText`
    t =    54.14s Checking existence of `SearchField (First Match)`
    t =    54.19s Checking existence of `"Archive unavailable" StaticText`
    t =    54.41s Checking existence of `SearchField (First Match)`
    t =    54.45s Checking existence of `"Archive unavailable" StaticText`
    t =    54.67s Checking existence of `SearchField (First Match)`
    t =    54.72s Checking existence of `"Archive unavailable" StaticText`
    t =    54.95s Waiting 20.0s for StaticText (First Match) to exist
    t =    55.98s     Checking `Expect predicate `existsNoRetry == 1` for object StaticText (First Match)`
    t =    55.98s         Checking existence of `StaticText (First Match)`
    t =    56.03s Waiting 20.0s for "archive.passage.5" StaticText to exist
    t =    57.06s     Checking `Expect predicate `existsNoRetry == 1` for object "archive.passage.5" StaticText`
    t =    57.06s         Checking existence of `"archive.passage.5" StaticText`
    t =    57.10s Waiting 20.0s for "archive.back" Button to exist
    t =    58.12s     Checking `Expect predicate `existsNoRetry == 1` for object "archive.back" Button`
    t =    58.12s         Checking existence of `"archive.back" Button`
    t =    58.16s Get number of matches for: Descendants matching type Keyboard
    t =    59.21s Get number of matches for: Descendants matching type Keyboard
    t =    59.25s Tap "archive.back" Button
    t =    59.25s     Wait for io.godstone.app to idle
    t =    59.25s     Find the "archive.back" Button
    t =    59.27s     Check for interrupting elements affecting "archive.back" Button
    t =    59.29s     Synthesize event
    t =    59.58s     Wait for io.godstone.app to idle
    t =    60.40s Checking existence of `Any (First Match)`
    t =    60.42s Find the Any (First Match)
    t =    60.44s Checking existence of `StaticText (First Match)`
    t =    60.50s Waiting 20.0s for "archive.search.results" StaticText to exist
    t =    61.54s     Checking `Expect predicate `existsNoRetry == 1` for object "archive.search.results" StaticText`
    t =    61.54s         Checking existence of `"archive.search.results" StaticText`
    t =    61.60s Waiting 20.0s for "archive.search.hit.2" Button to exist
    t =    62.62s     Checking `Expect predicate `existsNoRetry == 1` for object "archive.search.hit.2" Button`
    t =    62.63s         Checking existence of `"archive.search.hit.2" Button`
    t =    62.68s Tear Down
Test Case '-[GodstoneArchiveUITests.GodstoneArchiveUITests testGSFINAL006TheWholeRestorationJourneyInOneSequence]' passed (63.096 seconds).
Test Suite 'GodstoneArchiveUITests' passed at 2026-10-03 19:30:58.268.
	 Executed 10 tests, with 0 failures (0 unexpected) in 202.886 (202.894) seconds
Test Suite 'GodstoneArchiveUITests.xctest' passed at 2026-10-03 19:30:58.268.
	 Executed 10 tests, with 0 failures (0 unexpected) in 202.886 (202.895) seconds
Test Suite 'All tests' passed at 2026-10-03 19:30:58.269.
	 Executed 10 tests, with 0 failures (0 unexpected) in 202.886 (202.896) seconds
2026-10-03 19:30:58.605 xcodebuild[21529:44954857] [MT] IDETestOperationsObserverDebug: 204.486 elapsed -- Testing started completed.
2026-10-03 19:30:58.605 xcodebuild[21529:44954857] [MT] IDETestOperationsObserverDebug: 0.000 sec, +0.000 sec -- start
2026-10-03 19:30:58.605 xcodebuild[21529:44954857] [MT] IDETestOperationsObserverDebug: 204.486 sec, +204.486 sec -- end

Test session results, code coverage, and logs:
	/Users/oculus/Library/Developer/Xcode/DerivedData/Godstone-fhxfiiowqyicekcsieqfputjuuxv/Logs/Test/Test-GodstoneArchiveUI-2026.10.03_19-27-33-+0530.xcresult

** TEST SUCCEEDED **

Testing started
