⚙️  Generating plists...
⚙️  Generating project...
⚙️  Writing project...
Created project at /tmp/board1-rc15-work-final/wt_IOS-SOS-RETRY-001/ios/Godstone.xcodeproj
iOS UI lane: attempted=2 launched=2 raw-rc=0 log=ios-ui-lane.log digest=2b8e0aa1f8c9334f…
  (*the raw xcodebuild status is EVIDENCE; the verdict comes from `ci/check_lane_results.py`*)

sqlcipher_stage=/var/folders/bg/pd6rztd92f73y6f73sbxdkdc0000gn/T//board1-sqlcipher-ios-simulator
=== scheme LabMeshUI ===
Command line invocation:
    /Applications/Xcode.app/Contents/Developer/usr/bin/xcodebuild -project ios/Godstone.xcodeproj -scheme LabMeshUI -configuration LightDebug -destination "platform=iOS Simulator,name=iPhone 17 Pro Max" CODE_SIGNING_ALLOWED=NO test

Build settings from command line:
    CODE_SIGNING_ALLOWED = NO

Resolve Package Graph


Resolved source packages:
  GodstonePackages: /tmp/board1-rc15-work-final/wt_IOS-SOS-RETRY-001/ios/Godstone

ComputePackagePrebuildTargetDependencyGraph

Prepare packages

CreateBuildRequest

SendProjectDescription

CreateBuildOperation

ComputeTargetDependencyGraph
note: Building targets in dependency order
note: Target dependency graph (6 targets)
    Target 'LabMeshUITests' in project 'Godstone'
        ➜ Explicit dependency on target 'LabMesh' in project 'Godstone'
    Target 'LabMesh' in project 'Godstone'
        ➜ Explicit dependency on target 'GodstoneMesh-product' in project 'GodstonePackages'
        ➜ Explicit dependency on target 'GodstoneCore-product' in project 'GodstonePackages'
    Target 'GodstoneCore-product' in project 'GodstonePackages'
        ➜ Explicit dependency on target 'GodstoneCore' in project 'GodstonePackages'
    Target 'GodstoneMesh-product' in project 'GodstonePackages'
        ➜ Explicit dependency on target 'GodstoneMesh' in project 'GodstonePackages'
        ➜ Explicit dependency on target 'GodstoneCore' in project 'GodstonePackages'
    Target 'GodstoneMesh' in project 'GodstonePackages'
        ➜ Explicit dependency on target 'GodstoneCore' in project 'GodstonePackages'
    Target 'GodstoneCore' in project 'GodstonePackages' (no dependencies)

GatherProvisioningInputs

CreateBuildDescription

ClangStatCache /Applications/Xcode.app/Contents/Developer/Toolchains/XcodeDefault.xctoolchain/usr/bin/clang-stat-cache /Applications/Xcode.app/Contents/Developer/Platforms/iPhoneSimulator.platform/Developer/SDKs/iPhoneSimulator27.0.sdk /Users/oculus/Library/Developer/Xcode/DerivedData/SDKStatCaches.noindex/iphonesimulator27.0-24A430-8dc58220667be655e1bcc261a7455254.sdkstatcache
    cd /tmp/board1-rc15-work-final/wt_IOS-SOS-RETRY-001/ios/Godstone.xcodeproj
    /Applications/Xcode.app/Contents/Developer/Toolchains/XcodeDefault.xctoolchain/usr/bin/clang-stat-cache /Applications/Xcode.app/Contents/Developer/Platforms/iPhoneSimulator.platform/Developer/SDKs/iPhoneSimulator27.0.sdk -o /Users/oculus/Library/Developer/Xcode/DerivedData/SDKStatCaches.noindex/iphonesimulator27.0-24A430-8dc58220667be655e1bcc261a7455254.sdkstatcache

SwiftDriver GodstoneCore normal arm64 com.apple.xcode.tools.swift.compiler (in target 'GodstoneCore' from project 'GodstonePackages')
    cd /tmp/board1-rc15-work-final/wt_IOS-SOS-RETRY-001/ios/Godstone.xcodeproj
    builtin-SwiftDriver -- /Applications/Xcode.app/Contents/Developer/Toolchains/XcodeDefault.xctoolchain/usr/bin/swiftc -parse-as-library -module-name GodstoneCore -Onone @/Users/oculus/Library/Developer/Xcode/DerivedData/Godstone-dcsmxtfyjnmhzrerxihrahaqtdkr/Build/Intermediates.noindex/GodstonePackages.build/LightDebug-iphonesimulator/GodstoneCore-t.build/Objects-normal/arm64/GodstoneCore.SwiftFileList -DSWIFT_PACKAGE -DDEBUG -DSWIFT_MODULE_RESOURCE_BUNDLE_UNAVAILABLE -DXcode -plugin-path /Applications/Xcode.app/Contents/Developer/Toolchains/XcodeDefault.xctoolchain/usr/lib/swift/host/plugins/testing -enable-experimental-feature DebugDescriptionMacro -sdk /Applications/Xcode.app/Contents/Developer/Platforms/iPhoneSimulator.platform/Developer/SDKs/iPhoneSimulator27.0.sdk -target arm64-apple-ios16.0-simulator -g -module-cache-path /Users/oculus/Library/Developer/Xcode/DerivedData/ModuleCache.noindex -Xfrontend -serialize-debugging-options -enable-testing -index-store-path /Users/oculus/Library/Developer/Xcode/DerivedData/Godstone-dcsmxtfyjnmhzrerxihrahaqtdkr/Index.noindex/DataStore -Xcc -D_LIBCPP_HARDENING_MODE\=_LIBCPP_HARDENING_MODE_DEBUG -swift-version 5 -I /Users/oculus/Library/Developer/Xcode/DerivedData/Godstone-dcsmxtfyjnmhzrerxihrahaqtdkr/Build/Products/LightDebug-iphonesimulator -Isystem /Applications/Xcode.app/Contents/Developer/Platforms/iPhoneSimulator.platform/Developer/usr/lib -F /Users/oculus/Library/Developer/Xcode/DerivedData/Godstone-dcsmxtfyjnmhzrerxihrahaqtdkr/Build/Products/LightDebug-iphonesimulator -F /Applications/Xcode.app/Contents/Developer/Platforms/iPhoneSimulator.platform/Developer/Library/Frameworks -F /Applications/Xcode.app/Contents/Developer/Platforms/iPhoneSimulator.platform/Developer/SDKs/iPhoneSimulator27.0.sdk/Developer/Library/Frameworks -c -j10 -enable-batch-mode -incremental -Xcc -ivfsstatcache -Xcc /Users/oculus/Library/Developer/Xcode/DerivedData/SDKStatCaches.noindex/iphonesimulator27.0-24A430-8dc58220667be655e1bcc261a7455254.sdkstatcache -output-file-map /Users/oculus/Library/Developer/Xcode/DerivedData/Godstone-dcsmxtfyjnmhzrerxihrahaqtdkr/Build/Intermediates.noindex/GodstonePackages.build/LightDebug-iphonesimulator/GodstoneCore-t.build/Objects-normal/arm64/GodstoneCore-OutputFileMap.json -save-temps -no-color-diagnostics -explicit-module-build -module-cache-path /Users/oculus/Library/Developer/Xcode/DerivedData/Godstone-dcsmxtfyjnmhzrerxihrahaqtdkr/Build/Intermediates.noindex/SwiftExplicitPrecompiledModules -clang-scanner-module-cache-path /Users/oculus/Library/Developer/Xcode/DerivedData/ModuleCache.noindex -sdk-module-cache-path /Users/oculus/Library/Developer/Xcode/DerivedData/SDKExplicitPrecompiledModules -emit-dependencies -emit-module -emit-module-path /Users/oculus/Library/Developer/Xcode/DerivedData/Godstone-dcsmxtfyjnmhzrerxihrahaqtdkr/Build/Intermediates.noindex/GodstonePackages.build/LightDebug-iphonesimulator/GodstoneCore-t.build/Objects-normal/arm64/GodstoneCore.swiftmodule -serialize-diagnostics -dependency-scan-serialize-diagnostics-path /Users/oculus/Library/Developer/Xcode/DerivedData/Godstone-dcsmxtfyjnmhzrerxihrahaqtdkr/Build/Intermediates.noindex/GodstonePackages.build/LightDebug-iphonesimulator/GodstoneCore-t.build/Objects-normal/arm64/GodstoneCore-dependency-scan.dia -validate-clang-modules-once -clang-build-session-file /Users/oculus/Library/Developer/Xcode/DerivedData/ModuleCache.noindex/Session.modulevalidation -Xcc -fmodules-prune-interval\=86400 -Xcc -fmodules-prune-after\=345600 -package-name godstone -emit-const-values -const-gather-protocols-list /Users/oculus/Library/Developer/Xcode/DerivedData/Godstone-dcsmxtfyjnmhzrerxihrahaqtdkr/Build/Intermediates.noindex/GodstonePackages.build/LightDebug-iphonesimulator/GodstoneCore-t.build/Objects-normal/arm64/GodstoneCore_const_extract_protocols.json -Xcc -I/Users/oculus/Library/Developer/Xcode/DerivedData/Godstone-dcsmxtfyjnmhzrerxihrahaqtdkr/Build/Products/LightDebug-iphonesimulator/include -Xcc -I/Users/oculus/Library/Developer/Xcode/DerivedData/Godstone-dcsmxtfyjnmhzrerxihrahaqtdkr/Build/Intermediates.noindex/GodstonePackages.build/LightDebug-iphonesimulator/GodstoneCore-t.build/DerivedSources-normal/arm64 -Xcc -I/Users/oculus/Library/Developer/Xcode/DerivedData/Godstone-dcsmxtfyjnmhzrerxihrahaqtdkr/Build/Intermediates.noindex/GodstonePackages.build/LightDebug-iphonesimulator/GodstoneCore-t.build/DerivedSources/arm64 -Xcc -I/Users/oculus/Library/Developer/Xcode/DerivedData/Godstone-dcsmxtfyjnmhzrerxihrahaqtdkr/Build/Intermediates.noindex/GodstonePackages.build/LightDebug-iphonesimulator/GodstoneCore-t.build/DerivedSources -Xcc -DSWIFT_PACKAGE -Xcc -DDEBUG\=1 -emit-objc-header -emit-objc-header-path /Users/oculus/Library/Developer/Xcode/DerivedData/Godstone-dcsmxtfyjnmhzrerxihrahaqtdkr/Build/Intermediates.noindex/GodstonePackages.build/LightDebug-iphonesimulator/GodstoneCore-t.build/Objects-normal/arm64/GodstoneCore-Swift.h -working-directory /tmp/board1-rc15-work-final/wt_IOS-SOS-RETRY-001/ios/Godstone.xcodeproj -experimental-emit-module-separately -disable-cmo

SwiftCompile normal arm64 Compiling\ ArchiveAvailability.swift,\ ArchivePlaceStore.swift,\ ArchiveReaderModel.swift /private/tmp/board1-rc15-work-final/wt_IOS-SOS-RETRY-001/ios/Godstone/Sources/GodstoneCore/ArchiveAvailability.swift /private/tmp/board1-rc15-work-final/wt_IOS-SOS-RETRY-001/ios/Godstone/Sources/GodstoneCore/ArchivePlaceStore.swift /private/tmp/board1-rc15-work-final/wt_IOS-SOS-RETRY-001/ios/Godstone/Sources/GodstoneCore/ArchiveReaderModel.swift (in target 'GodstoneCore' from project 'GodstonePackages')

SwiftCompile normal arm64 /private/tmp/board1-rc15-work-final/wt_IOS-SOS-RETRY-001/ios/Godstone/Sources/GodstoneCore/ArchiveAvailability.swift (in target 'GodstoneCore' from project 'GodstonePackages')
    cd /tmp/board1-rc15-work-final/wt_IOS-SOS-RETRY-001/ios/Godstone.xcodeproj
    builtin-SwiftPerFileCompile ArchiveAvailability.swift

SwiftCompile normal arm64 /private/tmp/board1-rc15-work-final/wt_IOS-SOS-RETRY-001/ios/Godstone/Sources/GodstoneCore/ArchivePlaceStore.swift (in target 'GodstoneCore' from project 'GodstonePackages')
    cd /tmp/board1-rc15-work-final/wt_IOS-SOS-RETRY-001/ios/Godstone.xcodeproj
    builtin-SwiftPerFileCompile ArchivePlaceStore.swift

SwiftCompile normal arm64 /private/tmp/board1-rc15-work-final/wt_IOS-SOS-RETRY-001/ios/Godstone/Sources/GodstoneCore/ArchiveReaderModel.swift (in target 'GodstoneCore' from project 'GodstonePackages')
    cd /tmp/board1-rc15-work-final/wt_IOS-SOS-RETRY-001/ios/Godstone.xcodeproj
    builtin-SwiftPerFileCompile ArchiveReaderModel.swift

SwiftCompile normal arm64 Compiling\ Bip39.swift,\ Blake2s.swift,\ BloomDigest.swift /private/tmp/board1-rc15-work-final/wt_IOS-SOS-RETRY-001/ios/Godstone/Sources/GodstoneCore/Bip39.swift /private/tmp/board1-rc15-work-final/wt_IOS-SOS-RETRY-001/ios/Godstone/Sources/GodstoneCore/Blake2s.swift /private/tmp/board1-rc15-work-final/wt_IOS-SOS-RETRY-001/ios/Godstone/Sources/GodstoneCore/BloomDigest.swift (in target 'GodstoneCore' from project 'GodstonePackages')

SwiftCompile normal arm64 /private/tmp/board1-rc15-work-final/wt_IOS-SOS-RETRY-001/ios/Godstone/Sources/GodstoneCore/Bip39.swift (in target 'GodstoneCore' from project 'GodstonePackages')
    cd /tmp/board1-rc15-work-final/wt_IOS-SOS-RETRY-001/ios/Godstone.xcodeproj
    builtin-SwiftPerFileCompile Bip39.swift

SwiftCompile normal arm64 /private/tmp/board1-rc15-work-final/wt_IOS-SOS-RETRY-001/ios/Godstone/Sources/GodstoneCore/Blake2s.swift (in target 'GodstoneCore' from project 'GodstonePackages')
    cd /tmp/board1-rc15-work-final/wt_IOS-SOS-RETRY-001/ios/Godstone.xcodeproj
    builtin-SwiftPerFileCompile Blake2s.swift

SwiftCompile normal arm64 /private/tmp/board1-rc15-work-final/wt_IOS-SOS-RETRY-001/ios/Godstone/Sources/GodstoneCore/BloomDigest.swift (in target 'GodstoneCore' from project 'GodstonePackages')
    cd /tmp/board1-rc15-work-final/wt_IOS-SOS-RETRY-001/ios/Godstone.xcodeproj
    builtin-SwiftPerFileCompile BloomDigest.swift

SwiftCompile normal arm64 Compiling\ MessageId.swift,\ ModelProvenance.swift /private/tmp/board1-rc15-work-final/wt_IOS-SOS-RETRY-001/ios/Godstone/Sources/GodstoneCore/MessageId.swift /private/tmp/board1-rc15-work-final/wt_IOS-SOS-RETRY-001/ios/Godstone/Sources/GodstoneCore/ModelProvenance.swift (in target 'GodstoneCore' from project 'GodstonePackages')

SwiftCompile normal arm64 /private/tmp/board1-rc15-work-final/wt_IOS-SOS-RETRY-001/ios/Godstone/Sources/GodstoneCore/MessageId.swift (in target 'GodstoneCore' from project 'GodstonePackages')
    cd /tmp/board1-rc15-work-final/wt_IOS-SOS-RETRY-001/ios/Godstone.xcodeproj
    builtin-SwiftPerFileCompile MessageId.swift

SwiftCompile normal arm64 /private/tmp/board1-rc15-work-final/wt_IOS-SOS-RETRY-001/ios/Godstone/Sources/GodstoneCore/ModelProvenance.swift (in target 'GodstoneCore' from project 'GodstonePackages')
    cd /tmp/board1-rc15-work-final/wt_IOS-SOS-RETRY-001/ios/Godstone.xcodeproj
    builtin-SwiftPerFileCompile ModelProvenance.swift

SwiftCompile normal arm64 Compiling\ ProofOfWork.swift,\ ReleaseIntake.swift /private/tmp/board1-rc15-work-final/wt_IOS-SOS-RETRY-001/ios/Godstone/Sources/GodstoneCore/ProofOfWork.swift /private/tmp/board1-rc15-work-final/wt_IOS-SOS-RETRY-001/ios/Godstone/Sources/GodstoneCore/ReleaseIntake.swift (in target 'GodstoneCore' from project 'GodstonePackages')
/private/tmp/board1-rc15-work-final/wt_IOS-SOS-RETRY-001/ios/Godstone/Sources/GodstoneCore/ReleaseIntake.swift:58:16: warning: stored property 'values' of 'Sendable'-conforming struct 'BundleMetadata' contains non-Sendable type 'Any'; this is an error in the Swift 6 language mode
 56 | 
 57 | public struct BundleMetadata: Sendable {
 58 |     public let values: [String: Any]
    |                `- warning: stored property 'values' of 'Sendable'-conforming struct 'BundleMetadata' contains non-Sendable type 'Any'; this is an error in the Swift 6 language mode
 59 | 
 60 |     public init(values: [String: Any]) { self.values = values }

SwiftCompile normal arm64 /private/tmp/board1-rc15-work-final/wt_IOS-SOS-RETRY-001/ios/Godstone/Sources/GodstoneCore/ProofOfWork.swift (in target 'GodstoneCore' from project 'GodstonePackages')
    cd /tmp/board1-rc15-work-final/wt_IOS-SOS-RETRY-001/ios/Godstone.xcodeproj
    builtin-SwiftPerFileCompile ProofOfWork.swift

SwiftCompile normal arm64 /private/tmp/board1-rc15-work-final/wt_IOS-SOS-RETRY-001/ios/Godstone/Sources/GodstoneCore/ReleaseIntake.swift (in target 'GodstoneCore' from project 'GodstonePackages')
    cd /tmp/board1-rc15-work-final/wt_IOS-SOS-RETRY-001/ios/Godstone.xcodeproj
    builtin-SwiftPerFileCompile ReleaseIntake.swift

SwiftCompile normal arm64 Compiling\ RetrievedChunk.swift,\ Retriever.swift /private/tmp/board1-rc15-work-final/wt_IOS-SOS-RETRY-001/ios/Godstone/Sources/GodstoneCore/RetrievedChunk.swift /private/tmp/board1-rc15-work-final/wt_IOS-SOS-RETRY-001/ios/Godstone/Sources/GodstoneCore/Retriever.swift (in target 'GodstoneCore' from project 'GodstonePackages')

SwiftCompile normal arm64 /private/tmp/board1-rc15-work-final/wt_IOS-SOS-RETRY-001/ios/Godstone/Sources/GodstoneCore/RetrievedChunk.swift (in target 'GodstoneCore' from project 'GodstonePackages')
    cd /tmp/board1-rc15-work-final/wt_IOS-SOS-RETRY-001/ios/Godstone.xcodeproj
    builtin-SwiftPerFileCompile RetrievedChunk.swift

SwiftCompile normal arm64 /private/tmp/board1-rc15-work-final/wt_IOS-SOS-RETRY-001/ios/Godstone/Sources/GodstoneCore/Retriever.swift (in target 'GodstoneCore' from project 'GodstonePackages')
    cd /tmp/board1-rc15-work-final/wt_IOS-SOS-RETRY-001/ios/Godstone.xcodeproj
    builtin-SwiftPerFileCompile Retriever.swift

SwiftCompile normal arm64 Compiling\ OracleAnswerValidator.swift,\ OracleOrchestration.swift /private/tmp/board1-rc15-work-final/wt_IOS-SOS-RETRY-001/ios/Godstone/Sources/GodstoneCore/OracleAnswerValidator.swift /private/tmp/board1-rc15-work-final/wt_IOS-SOS-RETRY-001/ios/Godstone/Sources/GodstoneCore/OracleOrchestration.swift (in target 'GodstoneCore' from project 'GodstonePackages')

SwiftCompile normal arm64 /private/tmp/board1-rc15-work-final/wt_IOS-SOS-RETRY-001/ios/Godstone/Sources/GodstoneCore/OracleAnswerValidator.swift (in target 'GodstoneCore' from project 'GodstonePackages')
    cd /tmp/board1-rc15-work-final/wt_IOS-SOS-RETRY-001/ios/Godstone.xcodeproj
    builtin-SwiftPerFileCompile OracleAnswerValidator.swift

SwiftCompile normal arm64 /private/tmp/board1-rc15-work-final/wt_IOS-SOS-RETRY-001/ios/Godstone/Sources/GodstoneCore/OracleOrchestration.swift (in target 'GodstoneCore' from project 'GodstonePackages')
    cd /tmp/board1-rc15-work-final/wt_IOS-SOS-RETRY-001/ios/Godstone.xcodeproj
    builtin-SwiftPerFileCompile OracleOrchestration.swift

SwiftCompile normal arm64 Compiling\ Hkdf.swift,\ LogicalMessageIdentity.swift,\ LruSet.swift /private/tmp/board1-rc15-work-final/wt_IOS-SOS-RETRY-001/ios/Godstone/Sources/GodstoneCore/Hkdf.swift /private/tmp/board1-rc15-work-final/wt_IOS-SOS-RETRY-001/ios/Godstone/Sources/GodstoneCore/LogicalMessageIdentity.swift /private/tmp/board1-rc15-work-final/wt_IOS-SOS-RETRY-001/ios/Godstone/Sources/GodstoneCore/LruSet.swift (in target 'GodstoneCore' from project 'GodstonePackages')

SwiftCompile normal arm64 /private/tmp/board1-rc15-work-final/wt_IOS-SOS-RETRY-001/ios/Godstone/Sources/GodstoneCore/Hkdf.swift (in target 'GodstoneCore' from project 'GodstonePackages')
    cd /tmp/board1-rc15-work-final/wt_IOS-SOS-RETRY-001/ios/Godstone.xcodeproj
    builtin-SwiftPerFileCompile Hkdf.swift

SwiftCompile normal arm64 /private/tmp/board1-rc15-work-final/wt_IOS-SOS-RETRY-001/ios/Godstone/Sources/GodstoneCore/LogicalMessageIdentity.swift (in target 'GodstoneCore' from project 'GodstonePackages')
    cd /tmp/board1-rc15-work-final/wt_IOS-SOS-RETRY-001/ios/Godstone.xcodeproj
    builtin-SwiftPerFileCompile LogicalMessageIdentity.swift

SwiftCompile normal arm64 /private/tmp/board1-rc15-work-final/wt_IOS-SOS-RETRY-001/ios/Godstone/Sources/GodstoneCore/LruSet.swift (in target 'GodstoneCore' from project 'GodstonePackages')
    cd /tmp/board1-rc15-work-final/wt_IOS-SOS-RETRY-001/ios/Godstone.xcodeproj
    builtin-SwiftPerFileCompile LruSet.swift

SwiftCompile normal arm64 Compiling\ SafetyGate.swift,\ Tier.swift /private/tmp/board1-rc15-work-final/wt_IOS-SOS-RETRY-001/ios/Godstone/Sources/GodstoneCore/SafetyGate.swift /private/tmp/board1-rc15-work-final/wt_IOS-SOS-RETRY-001/ios/Godstone/Sources/GodstoneCore/Tier.swift (in target 'GodstoneCore' from project 'GodstonePackages')

SwiftCompile normal arm64 /private/tmp/board1-rc15-work-final/wt_IOS-SOS-RETRY-001/ios/Godstone/Sources/GodstoneCore/SafetyGate.swift (in target 'GodstoneCore' from project 'GodstonePackages')
    cd /tmp/board1-rc15-work-final/wt_IOS-SOS-RETRY-001/ios/Godstone.xcodeproj
    builtin-SwiftPerFileCompile SafetyGate.swift

SwiftCompile normal arm64 /private/tmp/board1-rc15-work-final/wt_IOS-SOS-RETRY-001/ios/Godstone/Sources/GodstoneCore/Tier.swift (in target 'GodstoneCore' from project 'GodstonePackages')
    cd /tmp/board1-rc15-work-final/wt_IOS-SOS-RETRY-001/ios/Godstone.xcodeproj
    builtin-SwiftPerFileCompile Tier.swift

SwiftCompile normal arm64 Compiling\ OracleViewModel.swift,\ PromptBuilder.swift /private/tmp/board1-rc15-work-final/wt_IOS-SOS-RETRY-001/ios/Godstone/Sources/GodstoneCore/OracleViewModel.swift /private/tmp/board1-rc15-work-final/wt_IOS-SOS-RETRY-001/ios/Godstone/Sources/GodstoneCore/PromptBuilder.swift (in target 'GodstoneCore' from project 'GodstonePackages')

SwiftCompile normal arm64 /private/tmp/board1-rc15-work-final/wt_IOS-SOS-RETRY-001/ios/Godstone/Sources/GodstoneCore/OracleViewModel.swift (in target 'GodstoneCore' from project 'GodstonePackages')
    cd /tmp/board1-rc15-work-final/wt_IOS-SOS-RETRY-001/ios/Godstone.xcodeproj
    builtin-SwiftPerFileCompile OracleViewModel.swift

SwiftCompile normal arm64 /private/tmp/board1-rc15-work-final/wt_IOS-SOS-RETRY-001/ios/Godstone/Sources/GodstoneCore/PromptBuilder.swift (in target 'GodstoneCore' from project 'GodstonePackages')
    cd /tmp/board1-rc15-work-final/wt_IOS-SOS-RETRY-001/ios/Godstone.xcodeproj
    builtin-SwiftPerFileCompile PromptBuilder.swift

SwiftCompile normal arm64 Compiling\ ArchiveReadingAnchor.swift,\ ArchiveRepository.swift,\ ArchiveSceneModel.swift /private/tmp/board1-rc15-work-final/wt_IOS-SOS-RETRY-001/ios/Godstone/Sources/GodstoneCore/ArchiveReadingAnchor.swift /private/tmp/board1-rc15-work-final/wt_IOS-SOS-RETRY-001/ios/Godstone/Sources/GodstoneCore/ArchiveRepository.swift /private/tmp/board1-rc15-work-final/wt_IOS-SOS-RETRY-001/ios/Godstone/Sources/GodstoneCore/ArchiveSceneModel.swift (in target 'GodstoneCore' from project 'GodstonePackages')
/private/tmp/board1-rc15-work-final/wt_IOS-SOS-RETRY-001/ios/Godstone/Sources/GodstoneCore/ArchiveRepository.swift:217:23: warning: result of call to 'withCString' is unused [#NoUsage]
215 |             let bound = Int64(ArchiveSearchQuery.bound(limit))
216 |             return try run(sql, binds: { stmt in
217 |                 match.withCString { sqlite3_bind_text(stmt, 1, $0, -1, sqliteTransient) }
    |                       `- warning: result of call to 'withCString' is unused [#NoUsage]
218 |                 sqlite3_bind_int64(stmt, 2, bound)
219 |             }) { stmt in

/private/tmp/board1-rc15-work-final/wt_IOS-SOS-RETRY-001/ios/Godstone/Sources/GodstoneCore/ArchiveRepository.swift:234:62: warning: left side of nil coalescing operator '??' has non-optional type 'String', so the right side is never used
232 |     public func versionString() throws -> String {
233 |         try run("SELECT sqlite_version()") { stmt in columnString(stmt, 0) }
234 |             .first ?? (String(cString: sqlite3_libversion()) ?? "unknown")
    |                                                              `- warning: left side of nil coalescing operator '??' has non-optional type 'String', so the right side is never used
235 |     }
236 | 

/private/tmp/board1-rc15-work-final/wt_IOS-SOS-RETRY-001/ios/Godstone/Sources/GodstoneCore/ArchiveRepository.swift:428:68: warning: left side of nil coalescing operator '??' has non-optional type 'String', so the right side is never used
426 |         let flags = SQLITE_OPEN_READONLY | SQLITE_OPEN_FULLMUTEX
427 |         guard sqlite3_open_v2(path, &db, flags, nil) == SQLITE_OK else {
428 |             let why = db.map { String(cString: sqlite3_errmsg($0)) ?? "?" } ?? "open refused"
    |                                                                    `- warning: left side of nil coalescing operator '??' has non-optional type 'String', so the right side is never used
429 |             return refuse(db, .corrupt("the file at \(path) could not be opened read-only: \(why)"))
430 |         }

/private/tmp/board1-rc15-work-final/wt_IOS-SOS-RETRY-001/ios/Godstone/Sources/GodstoneCore/ArchiveRepository.swift:439:67: warning: left side of nil coalescing operator '??' has non-optional type 'String', so the right side is never used
437 |             let rc = sqlite3_exec(handle, pragma, nil, nil, nil)
438 |             if rc != SQLITE_OK {
439 |                 let why = String(cString: sqlite3_errmsg(handle)) ?? "rc \(rc)"
    |                                                                   `- warning: left side of nil coalescing operator '??' has non-optional type 'String', so the right side is never used
440 |                 return refuse(handle, .readFailure("the seal \(pragma) would not seat: \(why)"))
441 |             }

/private/tmp/board1-rc15-work-final/wt_IOS-SOS-RETRY-001/ios/Godstone/Sources/GodstoneCore/ArchiveRepository.swift:483:59: warning: left side of nil coalescing operator '??' has non-optional type 'String', so the right side is never used
481 |             return refuse(handle, .incompatible(ArchiveError.ftsUnavailable(fault).localizedDescription))
482 |         }
483 |         let stock = String(cString: sqlite3_libversion()) ?? "unknown"
    |                                                           `- warning: left side of nil coalescing operator '??' has non-optional type 'String', so the right side is never used
484 |         return (handle, .ready(origin: "file \(path) | sqlite \(stock) | read-only"))
485 |     }

/private/tmp/board1-rc15-work-final/wt_IOS-SOS-RETRY-001/ios/Godstone/Sources/GodstoneCore/ArchiveRepository.swift:497:28: warning: result of call to 'withCString' is unused [#NoUsage]
495 |             sqlite3_finalize(stmt); return nil
496 |         }
497 |         if let bind { bind.withCString { sqlite3_bind_text(stmt, 1, $0, -1, sqliteTransient) } }
    |                            `- warning: result of call to 'withCString' is unused [#NoUsage]
498 |         var out: String?
499 |         if sqlite3_step(stmt) == SQLITE_ROW, let value = sqlite3_column_text(stmt, 0) {

/private/tmp/board1-rc15-work-final/wt_IOS-SOS-RETRY-001/ios/Godstone/Sources/GodstoneCore/ArchiveRepository.swift:525:64: warning: left side of nil coalescing operator '??' has non-optional type 'String', so the right side is never used
523 |         for verse in verses {
524 |             if sqlite3_exec(mem, verse, nil, nil, nil) != SQLITE_OK {
525 |                 let why = String(cString: sqlite3_errmsg(mem)) ?? "?"
    |                                                                `- warning: left side of nil coalescing operator '??' has non-optional type 'String', so the right side is never used
526 |                 return "\(ellipsis(verse)) cried: \(why)"
527 |             }

/private/tmp/board1-rc15-work-final/wt_IOS-SOS-RETRY-001/ios/Godstone/Sources/GodstoneCore/ArchiveRepository.swift:532:60: warning: left side of nil coalescing operator '??' has non-optional type 'String', so the right side is never used
530 |         guard sqlite3_prepare_v2(mem, "SELECT rowid FROM t48_canary WHERE t48_canary MATCH 'generate'",
531 |                                  -1, &stmt, nil) == SQLITE_OK else {
532 |             let why = String(cString: sqlite3_errmsg(mem)) ?? "?"
    |                                                            `- warning: left side of nil coalescing operator '??' has non-optional type 'String', so the right side is never used
533 |             sqlite3_finalize(stmt)
534 |             return "the stem match would not prepare: \(why)"

/private/tmp/board1-rc15-work-final/wt_IOS-SOS-RETRY-001/ios/Godstone/Sources/GodstoneCore/ArchiveRepository.swift:547:55: warning: left side of nil coalescing operator '??' has non-optional type 'String', so the right side is never used
545 |         guard let db else { return "no handle" }
546 |         let code = sqlite3_errcode(db)
547 |         let msg = String(cString: sqlite3_errmsg(db)) ?? "?"
    |                                                       `- warning: left side of nil coalescing operator '??' has non-optional type 'String', so the right side is never used
548 |         return "errno \(code) errmsg \(msg)"
549 |     }

[#NoUsage]: <https://docs.swift.org/compiler/documentation/diagnostics/no-usage>

SwiftCompile normal arm64 /private/tmp/board1-rc15-work-final/wt_IOS-SOS-RETRY-001/ios/Godstone/Sources/GodstoneCore/ArchiveReadingAnchor.swift (in target 'GodstoneCore' from project 'GodstonePackages')
    cd /tmp/board1-rc15-work-final/wt_IOS-SOS-RETRY-001/ios/Godstone.xcodeproj
    builtin-SwiftPerFileCompile ArchiveReadingAnchor.swift

SwiftCompile normal arm64 /private/tmp/board1-rc15-work-final/wt_IOS-SOS-RETRY-001/ios/Godstone/Sources/GodstoneCore/ArchiveRepository.swift (in target 'GodstoneCore' from project 'GodstonePackages')
    cd /tmp/board1-rc15-work-final/wt_IOS-SOS-RETRY-001/ios/Godstone.xcodeproj
    builtin-SwiftPerFileCompile ArchiveRepository.swift

SwiftCompile normal arm64 /private/tmp/board1-rc15-work-final/wt_IOS-SOS-RETRY-001/ios/Godstone/Sources/GodstoneCore/ArchiveSceneModel.swift (in target 'GodstoneCore' from project 'GodstonePackages')
    cd /tmp/board1-rc15-work-final/wt_IOS-SOS-RETRY-001/ios/Godstone.xcodeproj
    builtin-SwiftPerFileCompile ArchiveSceneModel.swift

SwiftEmitModule normal arm64 Emitting\ module\ for\ GodstoneCore (in target 'GodstoneCore' from project 'GodstonePackages')
/private/tmp/board1-rc15-work-final/wt_IOS-SOS-RETRY-001/ios/Godstone/Sources/GodstoneCore/ReleaseIntake.swift:58:16: warning: stored property 'values' of 'Sendable'-conforming struct 'BundleMetadata' contains non-Sendable type 'Any'; this is an error in the Swift 6 language mode
 56 | 
 57 | public struct BundleMetadata: Sendable {
 58 |     public let values: [String: Any]
    |                `- warning: stored property 'values' of 'Sendable'-conforming struct 'BundleMetadata' contains non-Sendable type 'Any'; this is an error in the Swift 6 language mode
 59 | 
 60 |     public init(values: [String: Any]) { self.values = values }

SwiftCompile normal arm64 (in target 'GodstoneCore' from project 'GodstonePackages')
    cd /tmp/board1-rc15-work-final/wt_IOS-SOS-RETRY-001/ios/Godstone.xcodeproj
    

SwiftDriverJobDiscovery normal arm64 Compiling RetrievedChunk.swift, Retriever.swift (in target 'GodstoneCore' from project 'GodstonePackages')

SwiftDriverJobDiscovery normal arm64 Compiling OracleViewModel.swift, PromptBuilder.swift (in target 'GodstoneCore' from project 'GodstonePackages')

SwiftDriverJobDiscovery normal arm64 Compiling Hkdf.swift, LogicalMessageIdentity.swift, LruSet.swift (in target 'GodstoneCore' from project 'GodstonePackages')

SwiftDriverJobDiscovery normal arm64 Compiling ArchiveAvailability.swift, ArchivePlaceStore.swift, ArchiveReaderModel.swift (in target 'GodstoneCore' from project 'GodstonePackages')

SwiftDriverJobDiscovery normal arm64 Compiling SafetyGate.swift, Tier.swift (in target 'GodstoneCore' from project 'GodstonePackages')

SwiftDriverJobDiscovery normal arm64 Compiling OracleAnswerValidator.swift, OracleOrchestration.swift (in target 'GodstoneCore' from project 'GodstonePackages')

SwiftDriverJobDiscovery normal arm64 Emitting module for GodstoneCore (in target 'GodstoneCore' from project 'GodstonePackages')

SwiftDriver\ Compilation\ Requirements GodstoneCore normal arm64 com.apple.xcode.tools.swift.compiler (in target 'GodstoneCore' from project 'GodstonePackages')
    cd /tmp/board1-rc15-work-final/wt_IOS-SOS-RETRY-001/ios/Godstone.xcodeproj
    builtin-Swift-Compilation-Requirements -- /Applications/Xcode.app/Contents/Developer/Toolchains/XcodeDefault.xctoolchain/usr/bin/swiftc -parse-as-library -module-name GodstoneCore -Onone @/Users/oculus/Library/Developer/Xcode/DerivedData/Godstone-dcsmxtfyjnmhzrerxihrahaqtdkr/Build/Intermediates.noindex/GodstonePackages.build/LightDebug-iphonesimulator/GodstoneCore-t.build/Objects-normal/arm64/GodstoneCore.SwiftFileList -DSWIFT_PACKAGE -DDEBUG -DSWIFT_MODULE_RESOURCE_BUNDLE_UNAVAILABLE -DXcode -plugin-path /Applications/Xcode.app/Contents/Developer/Toolchains/XcodeDefault.xctoolchain/usr/lib/swift/host/plugins/testing -enable-experimental-feature DebugDescriptionMacro -sdk /Applications/Xcode.app/Contents/Developer/Platforms/iPhoneSimulator.platform/Developer/SDKs/iPhoneSimulator27.0.sdk -target arm64-apple-ios16.0-simulator -g -module-cache-path /Users/oculus/Library/Developer/Xcode/DerivedData/ModuleCache.noindex -Xfrontend -serialize-debugging-options -enable-testing -index-store-path /Users/oculus/Library/Developer/Xcode/DerivedData/Godstone-dcsmxtfyjnmhzrerxihrahaqtdkr/Index.noindex/DataStore -Xcc -D_LIBCPP_HARDENING_MODE\=_LIBCPP_HARDENING_MODE_DEBUG -swift-version 5 -I /Users/oculus/Library/Developer/Xcode/DerivedData/Godstone-dcsmxtfyjnmhzrerxihrahaqtdkr/Build/Products/LightDebug-iphonesimulator -Isystem /Applications/Xcode.app/Contents/Developer/Platforms/iPhoneSimulator.platform/Developer/usr/lib -F /Users/oculus/Library/Developer/Xcode/DerivedData/Godstone-dcsmxtfyjnmhzrerxihrahaqtdkr/Build/Products/LightDebug-iphonesimulator -F /Applications/Xcode.app/Contents/Developer/Platforms/iPhoneSimulator.platform/Developer/Library/Frameworks -F /Applications/Xcode.app/Contents/Developer/Platforms/iPhoneSimulator.platform/Developer/SDKs/iPhoneSimulator27.0.sdk/Developer/Library/Frameworks -c -j10 -enable-batch-mode -incremental -Xcc -ivfsstatcache -Xcc /Users/oculus/Library/Developer/Xcode/DerivedData/SDKStatCaches.noindex/iphonesimulator27.0-24A430-8dc58220667be655e1bcc261a7455254.sdkstatcache -output-file-map /Users/oculus/Library/Developer/Xcode/DerivedData/Godstone-dcsmxtfyjnmhzrerxihrahaqtdkr/Build/Intermediates.noindex/GodstonePackages.build/LightDebug-iphonesimulator/GodstoneCore-t.build/Objects-normal/arm64/GodstoneCore-OutputFileMap.json -save-temps -no-color-diagnostics -explicit-module-build -module-cache-path /Users/oculus/Library/Developer/Xcode/DerivedData/Godstone-dcsmxtfyjnmhzrerxihrahaqtdkr/Build/Intermediates.noindex/SwiftExplicitPrecompiledModules -clang-scanner-module-cache-path /Users/oculus/Library/Developer/Xcode/DerivedData/ModuleCache.noindex -sdk-module-cache-path /Users/oculus/Library/Developer/Xcode/DerivedData/SDKExplicitPrecompiledModules -emit-dependencies -emit-module -emit-module-path /Users/oculus/Library/Developer/Xcode/DerivedData/Godstone-dcsmxtfyjnmhzrerxihrahaqtdkr/Build/Intermediates.noindex/GodstonePackages.build/LightDebug-iphonesimulator/GodstoneCore-t.build/Objects-normal/arm64/GodstoneCore.swiftmodule -serialize-diagnostics -dependency-scan-serialize-diagnostics-path /Users/oculus/Library/Developer/Xcode/DerivedData/Godstone-dcsmxtfyjnmhzrerxihrahaqtdkr/Build/Intermediates.noindex/GodstonePackages.build/LightDebug-iphonesimulator/GodstoneCore-t.build/Objects-normal/arm64/GodstoneCore-dependency-scan.dia -validate-clang-modules-once -clang-build-session-file /Users/oculus/Library/Developer/Xcode/DerivedData/ModuleCache.noindex/Session.modulevalidation -Xcc -fmodules-prune-interval\=86400 -Xcc -fmodules-prune-after\=345600 -package-name godstone -emit-const-values -const-gather-protocols-list /Users/oculus/Library/Developer/Xcode/DerivedData/Godstone-dcsmxtfyjnmhzrerxihrahaqtdkr/Build/Intermediates.noindex/GodstonePackages.build/LightDebug-iphonesimulator/GodstoneCore-t.build/Objects-normal/arm64/GodstoneCore_const_extract_protocols.json -Xcc -I/Users/oculus/Library/Developer/Xcode/DerivedData/Godstone-dcsmxtfyjnmhzrerxihrahaqtdkr/Build/Products/LightDebug-iphonesimulator/include -Xcc -I/Users/oculus/Library/Developer/Xcode/DerivedData/Godstone-dcsmxtfyjnmhzrerxihrahaqtdkr/Build/Intermediates.noindex/GodstonePackages.build/LightDebug-iphonesimulator/GodstoneCore-t.build/DerivedSources-normal/arm64 -Xcc -I/Users/oculus/Library/Developer/Xcode/DerivedData/Godstone-dcsmxtfyjnmhzrerxihrahaqtdkr/Build/Intermediates.noindex/GodstonePackages.build/LightDebug-iphonesimulator/GodstoneCore-t.build/DerivedSources/arm64 -Xcc -I/Users/oculus/Library/Developer/Xcode/DerivedData/Godstone-dcsmxtfyjnmhzrerxihrahaqtdkr/Build/Intermediates.noindex/GodstonePackages.build/LightDebug-iphonesimulator/GodstoneCore-t.build/DerivedSources -Xcc -DSWIFT_PACKAGE -Xcc -DDEBUG\=1 -emit-objc-header -emit-objc-header-path /Users/oculus/Library/Developer/Xcode/DerivedData/Godstone-dcsmxtfyjnmhzrerxihrahaqtdkr/Build/Intermediates.noindex/GodstonePackages.build/LightDebug-iphonesimulator/GodstoneCore-t.build/Objects-normal/arm64/GodstoneCore-Swift.h -working-directory /tmp/board1-rc15-work-final/wt_IOS-SOS-RETRY-001/ios/Godstone.xcodeproj -experimental-emit-module-separately -disable-cmo

Copy /Users/oculus/Library/Developer/Xcode/DerivedData/Godstone-dcsmxtfyjnmhzrerxihrahaqtdkr/Build/Products/LightDebug-iphonesimulator/GodstoneCore.swiftmodule/Project/arm64-apple-ios-simulator.swiftsourceinfo /Users/oculus/Library/Developer/Xcode/DerivedData/Godstone-dcsmxtfyjnmhzrerxihrahaqtdkr/Build/Intermediates.noindex/GodstonePackages.build/LightDebug-iphonesimulator/GodstoneCore-t.build/Objects-normal/arm64/GodstoneCore.swiftsourceinfo (in target 'GodstoneCore' from project 'GodstonePackages')
    cd /tmp/board1-rc15-work-final/wt_IOS-SOS-RETRY-001/ios/Godstone
    builtin-copy -exclude .DS_Store -exclude CVS -exclude .svn -exclude .git -exclude .hg -resolve-src-symlinks -rename /Users/oculus/Library/Developer/Xcode/DerivedData/Godstone-dcsmxtfyjnmhzrerxihrahaqtdkr/Build/Intermediates.noindex/GodstonePackages.build/LightDebug-iphonesimulator/GodstoneCore-t.build/Objects-normal/arm64/GodstoneCore.swiftsourceinfo /Users/oculus/Library/Developer/Xcode/DerivedData/Godstone-dcsmxtfyjnmhzrerxihrahaqtdkr/Build/Products/LightDebug-iphonesimulator/GodstoneCore.swiftmodule/Project/arm64-apple-ios-simulator.swiftsourceinfo

Copy /Users/oculus/Library/Developer/Xcode/DerivedData/Godstone-dcsmxtfyjnmhzrerxihrahaqtdkr/Build/Products/LightDebug-iphonesimulator/GodstoneCore.swiftmodule/arm64-apple-ios-simulator.abi.json /Users/oculus/Library/Developer/Xcode/DerivedData/Godstone-dcsmxtfyjnmhzrerxihrahaqtdkr/Build/Intermediates.noindex/GodstonePackages.build/LightDebug-iphonesimulator/GodstoneCore-t.build/Objects-normal/arm64/GodstoneCore.abi.json (in target 'GodstoneCore' from project 'GodstonePackages')
    cd /tmp/board1-rc15-work-final/wt_IOS-SOS-RETRY-001/ios/Godstone
    builtin-copy -exclude .DS_Store -exclude CVS -exclude .svn -exclude .git -exclude .hg -resolve-src-symlinks -rename /Users/oculus/Library/Developer/Xcode/DerivedData/Godstone-dcsmxtfyjnmhzrerxihrahaqtdkr/Build/Intermediates.noindex/GodstonePackages.build/LightDebug-iphonesimulator/GodstoneCore-t.build/Objects-normal/arm64/GodstoneCore.abi.json /Users/oculus/Library/Developer/Xcode/DerivedData/Godstone-dcsmxtfyjnmhzrerxihrahaqtdkr/Build/Products/LightDebug-iphonesimulator/GodstoneCore.swiftmodule/arm64-apple-ios-simulator.abi.json

SwiftDriverJobDiscovery normal arm64 Compiling ProofOfWork.swift, ReleaseIntake.swift (in target 'GodstoneCore' from project 'GodstonePackages')

SwiftDriver GodstoneMesh normal arm64 com.apple.xcode.tools.swift.compiler (in target 'GodstoneMesh' from project 'GodstonePackages')
    cd /tmp/board1-rc15-work-final/wt_IOS-SOS-RETRY-001/ios/Godstone.xcodeproj
    builtin-SwiftDriver -- /Applications/Xcode.app/Contents/Developer/Toolchains/XcodeDefault.xctoolchain/usr/bin/swiftc -parse-as-library -module-name GodstoneMesh -Onone @/Users/oculus/Library/Developer/Xcode/DerivedData/Godstone-dcsmxtfyjnmhzrerxihrahaqtdkr/Build/Intermediates.noindex/GodstonePackages.build/LightDebug-iphonesimulator/GodstoneMesh-t.build/Objects-normal/arm64/GodstoneMesh.SwiftFileList -DSWIFT_PACKAGE -DDEBUG -DSWIFT_MODULE_RESOURCE_BUNDLE_UNAVAILABLE -DXcode -plugin-path /Applications/Xcode.app/Contents/Developer/Toolchains/XcodeDefault.xctoolchain/usr/lib/swift/host/plugins/testing -enable-experimental-feature DebugDescriptionMacro -sdk /Applications/Xcode.app/Contents/Developer/Platforms/iPhoneSimulator.platform/Developer/SDKs/iPhoneSimulator27.0.sdk -target arm64-apple-ios16.0-simulator -g -module-cache-path /Users/oculus/Library/Developer/Xcode/DerivedData/ModuleCache.noindex -Xfrontend -serialize-debugging-options -enable-testing -index-store-path /Users/oculus/Library/Developer/Xcode/DerivedData/Godstone-dcsmxtfyjnmhzrerxihrahaqtdkr/Index.noindex/DataStore -Xcc -D_LIBCPP_HARDENING_MODE\=_LIBCPP_HARDENING_MODE_DEBUG -swift-version 5 -I /Users/oculus/Library/Developer/Xcode/DerivedData/Godstone-dcsmxtfyjnmhzrerxihrahaqtdkr/Build/Products/LightDebug-iphonesimulator -Isystem /Applications/Xcode.app/Contents/Developer/Platforms/iPhoneSimulator.platform/Developer/usr/lib -F /Users/oculus/Library/Developer/Xcode/DerivedData/Godstone-dcsmxtfyjnmhzrerxihrahaqtdkr/Build/Products/LightDebug-iphonesimulator/PackageFrameworks -F /Users/oculus/Library/Developer/Xcode/DerivedData/Godstone-dcsmxtfyjnmhzrerxihrahaqtdkr/Build/Products/LightDebug-iphonesimulator -F /Applications/Xcode.app/Contents/Developer/Platforms/iPhoneSimulator.platform/Developer/Library/Frameworks -F /Applications/Xcode.app/Contents/Developer/Platforms/iPhoneSimulator.platform/Developer/SDKs/iPhoneSimulator27.0.sdk/Developer/Library/Frameworks -c -j10 -enable-batch-mode -incremental -Xcc -ivfsstatcache -Xcc /Users/oculus/Library/Developer/Xcode/DerivedData/SDKStatCaches.noindex/iphonesimulator27.0-24A430-8dc58220667be655e1bcc261a7455254.sdkstatcache -output-file-map /Users/oculus/Library/Developer/Xcode/DerivedData/Godstone-dcsmxtfyjnmhzrerxihrahaqtdkr/Build/Intermediates.noindex/GodstonePackages.build/LightDebug-iphonesimulator/GodstoneMesh-t.build/Objects-normal/arm64/GodstoneMesh-OutputFileMap.json -save-temps -no-color-diagnostics -explicit-module-build -module-cache-path /Users/oculus/Library/Developer/Xcode/DerivedData/Godstone-dcsmxtfyjnmhzrerxihrahaqtdkr/Build/Intermediates.noindex/SwiftExplicitPrecompiledModules -clang-scanner-module-cache-path /Users/oculus/Library/Developer/Xcode/DerivedData/ModuleCache.noindex -sdk-module-cache-path /Users/oculus/Library/Developer/Xcode/DerivedData/SDKExplicitPrecompiledModules -emit-dependencies -emit-module -emit-module-path /Users/oculus/Library/Developer/Xcode/DerivedData/Godstone-dcsmxtfyjnmhzrerxihrahaqtdkr/Build/Intermediates.noindex/GodstonePackages.build/LightDebug-iphonesimulator/GodstoneMesh-t.build/Objects-normal/arm64/GodstoneMesh.swiftmodule -serialize-diagnostics -dependency-scan-serialize-diagnostics-path /Users/oculus/Library/Developer/Xcode/DerivedData/Godstone-dcsmxtfyjnmhzrerxihrahaqtdkr/Build/Intermediates.noindex/GodstonePackages.build/LightDebug-iphonesimulator/GodstoneMesh-t.build/Objects-normal/arm64/GodstoneMesh-dependency-scan.dia -validate-clang-modules-once -clang-build-session-file /Users/oculus/Library/Developer/Xcode/DerivedData/ModuleCache.noindex/Session.modulevalidation -Xcc -fmodules-prune-interval\=86400 -Xcc -fmodules-prune-after\=345600 -package-name godstone -emit-const-values -const-gather-protocols-list /Users/oculus/Library/Developer/Xcode/DerivedData/Godstone-dcsmxtfyjnmhzrerxihrahaqtdkr/Build/Intermediates.noindex/GodstonePackages.build/LightDebug-iphonesimulator/GodstoneMesh-t.build/Objects-normal/arm64/GodstoneMesh_const_extract_protocols.json -Xcc -I/Users/oculus/Library/Developer/Xcode/DerivedData/Godstone-dcsmxtfyjnmhzrerxihrahaqtdkr/Build/Products/LightDebug-iphonesimulator/include -Xcc -I/Users/oculus/Library/Developer/Xcode/DerivedData/Godstone-dcsmxtfyjnmhzrerxihrahaqtdkr/Build/Intermediates.noindex/GodstonePackages.build/LightDebug-iphonesimulator/GodstoneMesh-t.build/DerivedSources-normal/arm64 -Xcc -I/Users/oculus/Library/Developer/Xcode/DerivedData/Godstone-dcsmxtfyjnmhzrerxihrahaqtdkr/Build/Intermediates.noindex/GodstonePackages.build/LightDebug-iphonesimulator/GodstoneMesh-t.build/DerivedSources/arm64 -Xcc -I/Users/oculus/Library/Developer/Xcode/DerivedData/Godstone-dcsmxtfyjnmhzrerxihrahaqtdkr/Build/Intermediates.noindex/GodstonePackages.build/LightDebug-iphonesimulator/GodstoneMesh-t.build/DerivedSources -Xcc -DSWIFT_PACKAGE -Xcc -DDEBUG\=1 -emit-objc-header -emit-objc-header-path /Users/oculus/Library/Developer/Xcode/DerivedData/Godstone-dcsmxtfyjnmhzrerxihrahaqtdkr/Build/Intermediates.noindex/GodstonePackages.build/LightDebug-iphonesimulator/GodstoneMesh-t.build/Objects-normal/arm64/GodstoneMesh-Swift.h -working-directory /tmp/board1-rc15-work-final/wt_IOS-SOS-RETRY-001/ios/Godstone.xcodeproj -experimental-emit-module-separately -disable-cmo

SwiftDriverJobDiscovery normal arm64 Compiling Bip39.swift, Blake2s.swift, BloomDigest.swift (in target 'GodstoneCore' from project 'GodstonePackages')

SwiftDriverJobDiscovery normal arm64 Compiling ArchiveReadingAnchor.swift, ArchiveRepository.swift, ArchiveSceneModel.swift (in target 'GodstoneCore' from project 'GodstonePackages')

SwiftDriverJobDiscovery normal arm64 Compiling MessageId.swift, ModelProvenance.swift (in target 'GodstoneCore' from project 'GodstonePackages')

SwiftDriver\ Compilation GodstoneCore normal arm64 com.apple.xcode.tools.swift.compiler (in target 'GodstoneCore' from project 'GodstonePackages')
    cd /tmp/board1-rc15-work-final/wt_IOS-SOS-RETRY-001/ios/Godstone.xcodeproj
    builtin-Swift-Compilation -- /Applications/Xcode.app/Contents/Developer/Toolchains/XcodeDefault.xctoolchain/usr/bin/swiftc -parse-as-library -module-name GodstoneCore -Onone @/Users/oculus/Library/Developer/Xcode/DerivedData/Godstone-dcsmxtfyjnmhzrerxihrahaqtdkr/Build/Intermediates.noindex/GodstonePackages.build/LightDebug-iphonesimulator/GodstoneCore-t.build/Objects-normal/arm64/GodstoneCore.SwiftFileList -DSWIFT_PACKAGE -DDEBUG -DSWIFT_MODULE_RESOURCE_BUNDLE_UNAVAILABLE -DXcode -plugin-path /Applications/Xcode.app/Contents/Developer/Toolchains/XcodeDefault.xctoolchain/usr/lib/swift/host/plugins/testing -enable-experimental-feature DebugDescriptionMacro -sdk /Applications/Xcode.app/Contents/Developer/Platforms/iPhoneSimulator.platform/Developer/SDKs/iPhoneSimulator27.0.sdk -target arm64-apple-ios16.0-simulator -g -module-cache-path /Users/oculus/Library/Developer/Xcode/DerivedData/ModuleCache.noindex -Xfrontend -serialize-debugging-options -enable-testing -index-store-path /Users/oculus/Library/Developer/Xcode/DerivedData/Godstone-dcsmxtfyjnmhzrerxihrahaqtdkr/Index.noindex/DataStore -Xcc -D_LIBCPP_HARDENING_MODE\=_LIBCPP_HARDENING_MODE_DEBUG -swift-version 5 -I /Users/oculus/Library/Developer/Xcode/DerivedData/Godstone-dcsmxtfyjnmhzrerxihrahaqtdkr/Build/Products/LightDebug-iphonesimulator -Isystem /Applications/Xcode.app/Contents/Developer/Platforms/iPhoneSimulator.platform/Developer/usr/lib -F /Users/oculus/Library/Developer/Xcode/DerivedData/Godstone-dcsmxtfyjnmhzrerxihrahaqtdkr/Build/Products/LightDebug-iphonesimulator -F /Applications/Xcode.app/Contents/Developer/Platforms/iPhoneSimulator.platform/Developer/Library/Frameworks -F /Applications/Xcode.app/Contents/Developer/Platforms/iPhoneSimulator.platform/Developer/SDKs/iPhoneSimulator27.0.sdk/Developer/Library/Frameworks -c -j10 -enable-batch-mode -incremental -Xcc -ivfsstatcache -Xcc /Users/oculus/Library/Developer/Xcode/DerivedData/SDKStatCaches.noindex/iphonesimulator27.0-24A430-8dc58220667be655e1bcc261a7455254.sdkstatcache -output-file-map /Users/oculus/Library/Developer/Xcode/DerivedData/Godstone-dcsmxtfyjnmhzrerxihrahaqtdkr/Build/Intermediates.noindex/GodstonePackages.build/LightDebug-iphonesimulator/GodstoneCore-t.build/Objects-normal/arm64/GodstoneCore-OutputFileMap.json -save-temps -no-color-diagnostics -explicit-module-build -module-cache-path /Users/oculus/Library/Developer/Xcode/DerivedData/Godstone-dcsmxtfyjnmhzrerxihrahaqtdkr/Build/Intermediates.noindex/SwiftExplicitPrecompiledModules -clang-scanner-module-cache-path /Users/oculus/Library/Developer/Xcode/DerivedData/ModuleCache.noindex -sdk-module-cache-path /Users/oculus/Library/Developer/Xcode/DerivedData/SDKExplicitPrecompiledModules -emit-dependencies -emit-module -emit-module-path /Users/oculus/Library/Developer/Xcode/DerivedData/Godstone-dcsmxtfyjnmhzrerxihrahaqtdkr/Build/Intermediates.noindex/GodstonePackages.build/LightDebug-iphonesimulator/GodstoneCore-t.build/Objects-normal/arm64/GodstoneCore.swiftmodule -serialize-diagnostics -dependency-scan-serialize-diagnostics-path /Users/oculus/Library/Developer/Xcode/DerivedData/Godstone-dcsmxtfyjnmhzrerxihrahaqtdkr/Build/Intermediates.noindex/GodstonePackages.build/LightDebug-iphonesimulator/GodstoneCore-t.build/Objects-normal/arm64/GodstoneCore-dependency-scan.dia -validate-clang-modules-once -clang-build-session-file /Users/oculus/Library/Developer/Xcode/DerivedData/ModuleCache.noindex/Session.modulevalidation -Xcc -fmodules-prune-interval\=86400 -Xcc -fmodules-prune-after\=345600 -package-name godstone -emit-const-values -const-gather-protocols-list /Users/oculus/Library/Developer/Xcode/DerivedData/Godstone-dcsmxtfyjnmhzrerxihrahaqtdkr/Build/Intermediates.noindex/GodstonePackages.build/LightDebug-iphonesimulator/GodstoneCore-t.build/Objects-normal/arm64/GodstoneCore_const_extract_protocols.json -Xcc -I/Users/oculus/Library/Developer/Xcode/DerivedData/Godstone-dcsmxtfyjnmhzrerxihrahaqtdkr/Build/Products/LightDebug-iphonesimulator/include -Xcc -I/Users/oculus/Library/Developer/Xcode/DerivedData/Godstone-dcsmxtfyjnmhzrerxihrahaqtdkr/Build/Intermediates.noindex/GodstonePackages.build/LightDebug-iphonesimulator/GodstoneCore-t.build/DerivedSources-normal/arm64 -Xcc -I/Users/oculus/Library/Developer/Xcode/DerivedData/Godstone-dcsmxtfyjnmhzrerxihrahaqtdkr/Build/Intermediates.noindex/GodstonePackages.build/LightDebug-iphonesimulator/GodstoneCore-t.build/DerivedSources/arm64 -Xcc -I/Users/oculus/Library/Developer/Xcode/DerivedData/Godstone-dcsmxtfyjnmhzrerxihrahaqtdkr/Build/Intermediates.noindex/GodstonePackages.build/LightDebug-iphonesimulator/GodstoneCore-t.build/DerivedSources -Xcc -DSWIFT_PACKAGE -Xcc -DDEBUG\=1 -emit-objc-header -emit-objc-header-path /Users/oculus/Library/Developer/Xcode/DerivedData/Godstone-dcsmxtfyjnmhzrerxihrahaqtdkr/Build/Intermediates.noindex/GodstonePackages.build/LightDebug-iphonesimulator/GodstoneCore-t.build/Objects-normal/arm64/GodstoneCore-Swift.h -working-directory /tmp/board1-rc15-work-final/wt_IOS-SOS-RETRY-001/ios/Godstone.xcodeproj -experimental-emit-module-separately -disable-cmo

ExtractAppIntentsMetadata (in target 'GodstoneCore' from project 'GodstonePackages')
    cd /tmp/board1-rc15-work-final/wt_IOS-SOS-RETRY-001/ios/Godstone
    /Applications/Xcode.app/Contents/Developer/Toolchains/XcodeDefault.xctoolchain/usr/bin/appintentsmetadataprocessor --toolchain-dir /Applications/Xcode.app/Contents/Developer/Toolchains/XcodeDefault.xctoolchain --module-name GodstoneCore --sdk-root /Applications/Xcode.app/Contents/Developer/Platforms/iPhoneSimulator.platform/Developer/SDKs/iPhoneSimulator27.0.sdk --xcode-version 27A266a --platform-family iOS --deployment-target 16.0 --bundle-identifier godstone.GodstoneCore --output /Users/oculus/Library/Developer/Xcode/DerivedData/Godstone-dcsmxtfyjnmhzrerxihrahaqtdkr/Build/Products/LightDebug-iphonesimulator/GodstoneCore.appintents --target-triple arm64-apple-ios16.0-simulator --binary-file /Users/oculus/Library/Developer/Xcode/DerivedData/Godstone-dcsmxtfyjnmhzrerxihrahaqtdkr/Build/Products/LightDebug-iphonesimulator/GodstoneCore.o --dependency-file /Users/oculus/Library/Developer/Xcode/DerivedData/Godstone-dcsmxtfyjnmhzrerxihrahaqtdkr/Build/Intermediates.noindex/GodstonePackages.build/LightDebug-iphonesimulator/GodstoneCore-t.build/Objects-normal/arm64/GodstoneCore_dependency_info.dat --stringsdata-file /Users/oculus/Library/Developer/Xcode/DerivedData/Godstone-dcsmxtfyjnmhzrerxihrahaqtdkr/Build/Intermediates.noindex/GodstonePackages.build/LightDebug-iphonesimulator/GodstoneCore-t.build/Objects-normal/arm64/ExtractedAppShortcutsMetadata.stringsdata --source-file-list /Users/oculus/Library/Developer/Xcode/DerivedData/Godstone-dcsmxtfyjnmhzrerxihrahaqtdkr/Build/Intermediates.noindex/GodstonePackages.build/LightDebug-iphonesimulator/GodstoneCore-t.build/Objects-normal/arm64/GodstoneCore.SwiftFileList --metadata-file-list /Users/oculus/Library/Developer/Xcode/DerivedData/Godstone-dcsmxtfyjnmhzrerxihrahaqtdkr/Build/Intermediates.noindex/GodstonePackages.build/LightDebug-iphonesimulator/GodstoneCore-t.build/GodstoneCore.DependencyMetadataFileList --static-metadata-file-list /Users/oculus/Library/Developer/Xcode/DerivedData/Godstone-dcsmxtfyjnmhzrerxihrahaqtdkr/Build/Intermediates.noindex/GodstonePackages.build/LightDebug-iphonesimulator/GodstoneCore-t.build/GodstoneCore.DependencyStaticMetadataFileList --swift-const-vals-list /Users/oculus/Library/Developer/Xcode/DerivedData/Godstone-dcsmxtfyjnmhzrerxihrahaqtdkr/Build/Intermediates.noindex/GodstonePackages.build/LightDebug-iphonesimulator/GodstoneCore-t.build/Objects-normal/arm64/GodstoneCore.SwiftConstValuesFileList --force --compile-time-extraction --deployment-aware-processing --no-app-shortcuts-localization
2026-10-03 19:31:30.878 appintentsmetadataprocessor[23030:44965342] Starting appintentsmetadataprocessor export
2026-10-03 19:31:30.948 appintentsmetadataprocessor[23030:44965342] Extracted no relevant App Intents symbols, skipping writing output

SwiftCompile normal arm64 Compiling\ MeshTrustFacade.swift,\ MeshUXModel.swift,\ MessageStore.swift,\ NoiseSession.swift,\ OwnedVerifiedConnection.swift,\ PanicWipe.swift,\ PeerEventPublisher.swift,\ PeerGovernor.swift,\ PeerIdentityRepository.swift /private/tmp/board1-rc15-work-final/wt_IOS-SOS-RETRY-001/ios/Godstone/Sources/GodstoneMesh/MeshTrustFacade.swift /private/tmp/board1-rc15-work-final/wt_IOS-SOS-RETRY-001/ios/Godstone/Sources/GodstoneMesh/MeshUXModel.swift /private/tmp/board1-rc15-work-final/wt_IOS-SOS-RETRY-001/ios/Godstone/Sources/GodstoneMesh/MessageStore.swift /private/tmp/board1-rc15-work-final/wt_IOS-SOS-RETRY-001/ios/Godstone/Sources/GodstoneMesh/NoiseSession.swift /private/tmp/board1-rc15-work-final/wt_IOS-SOS-RETRY-001/ios/Godstone/Sources/GodstoneMesh/OwnedVerifiedConnection.swift /private/tmp/board1-rc15-work-final/wt_IOS-SOS-RETRY-001/ios/Godstone/Sources/GodstoneMesh/PanicWipe.swift /private/tmp/board1-rc15-work-final/wt_IOS-SOS-RETRY-001/ios/Godstone/Sources/GodstoneMesh/PeerEventPublisher.swift /private/tmp/board1-rc15-work-final/wt_IOS-SOS-RETRY-001/ios/Godstone/Sources/GodstoneMesh/PeerGovernor.swift /private/tmp/board1-rc15-work-final/wt_IOS-SOS-RETRY-001/ios/Godstone/Sources/GodstoneMesh/PeerIdentityRepository.swift (in target 'GodstoneMesh' from project 'GodstonePackages')
/private/tmp/board1-rc15-work-final/wt_IOS-SOS-RETRY-001/ios/Godstone/Sources/GodstoneMesh/MessageStore.swift:66:10: warning: associated value 'created' of 'Sendable'-conforming enum 'OutboundEnqueueResult' has non-Sendable type 'FrameV2'; this is an error in the Swift 6 language mode
  64 | public enum OutboundEnqueueResult: Sendable, Equatable {
  65 |     /// A new DIRECT message was atomically persisted in held_frames and delivery_state (QUEUED_DURABLY).
  66 |     case created(FrameV2)
     |          `- warning: associated value 'created' of 'Sendable'-conforming enum 'OutboundEnqueueResult' has non-Sendable type 'FrameV2'; this is an error in the Swift 6 language mode
  67 |     /// An idempotent retry of the SAME logical message with matching SINGLE_RECIPIENT binding and exact canonical frame.
  68 |     case alreadyQueuedSameBinding(FrameV2)

/private/tmp/board1-rc15-work-final/wt_IOS-SOS-RETRY-001/ios/Godstone/Sources/GodstoneMesh/WireV2.swift:7:15: note: consider making struct 'FrameV2' conform to the 'Sendable' protocol
  5 | 
  6 | /// GMP/2 frame. Header is 32 bytes, big-endian.
  7 | public struct FrameV2: Equatable {
    |               `- note: consider making struct 'FrameV2' conform to the 'Sendable' protocol
  8 |     public static let magic: UInt16 = 0x4753
  9 |     public static let version: UInt8 = 0x02

/private/tmp/board1-rc15-work-final/wt_IOS-SOS-RETRY-001/ios/Godstone/Sources/GodstoneMesh/MessageStore.swift:68:10: warning: associated value 'alreadyQueuedSameBinding' of 'Sendable'-conforming enum 'OutboundEnqueueResult' has non-Sendable type 'FrameV2'; this is an error in the Swift 6 language mode
  66 |     case created(FrameV2)
  67 |     /// An idempotent retry of the SAME logical message with matching SINGLE_RECIPIENT binding and exact canonical frame.
  68 |     case alreadyQueuedSameBinding(FrameV2)
     |          `- warning: associated value 'alreadyQueuedSameBinding' of 'Sendable'-conforming enum 'OutboundEnqueueResult' has non-Sendable type 'FrameV2'; this is an error in the Swift 6 language mode
  69 |     /// A held frame exists with matching msg_id but its fields/content differ from requested frame.
  70 |     case canonicalFrameMismatch

/private/tmp/board1-rc15-work-final/wt_IOS-SOS-RETRY-001/ios/Godstone/Sources/GodstoneMesh/WireV2.swift:7:15: note: consider making struct 'FrameV2' conform to the 'Sendable' protocol
  5 | 
  6 | /// GMP/2 frame. Header is 32 bytes, big-endian.
  7 | public struct FrameV2: Equatable {
    |               `- note: consider making struct 'FrameV2' conform to the 'Sendable' protocol
  8 |     public static let magic: UInt16 = 0x4753
  9 |     public static let version: UInt8 = 0x02

/private/tmp/board1-rc15-work-final/wt_IOS-SOS-RETRY-001/ios/Godstone/Sources/GodstoneMesh/MessageStore.swift:633:69: warning: string interpolation produces a debug description for an optional value; did you mean to make this explicit?
 631 |             if f.columns != o.columns { return "COLUMNS of \(f.name): frozen=\(f.columns) observed=\(o.columns)" }
 632 |             if f.immutableColumns != o.immutableColumns { return "IMMUTABLE DOMAIN of \(f.name)" }
 633 |             if f.ddl != o.ddl { return "DDL of \(f.name): frozen=[\(f.ddl)] observed=[\(o.ddl)]" }
     |                                                                     | |- note: provide a default value to avoid this warning
     |                                                                     | `- note: use 'String(describing:)' to silence this warning
     |                                                                     `- warning: string interpolation produces a debug description for an optional value; did you mean to make this explicit?
 634 |         }
 635 |         return "no difference found by inspection (ordering?)"

/private/tmp/board1-rc15-work-final/wt_IOS-SOS-RETRY-001/ios/Godstone/Sources/GodstoneMesh/MessageStore.swift:633:89: warning: string interpolation produces a debug description for an optional value; did you mean to make this explicit?
 631 |             if f.columns != o.columns { return "COLUMNS of \(f.name): frozen=\(f.columns) observed=\(o.columns)" }
 632 |             if f.immutableColumns != o.immutableColumns { return "IMMUTABLE DOMAIN of \(f.name)" }
 633 |             if f.ddl != o.ddl { return "DDL of \(f.name): frozen=[\(f.ddl)] observed=[\(o.ddl)]" }
     |                                                                                         | |- note: provide a default value to avoid this warning
     |                                                                                         | `- note: use 'String(describing:)' to silence this warning
     |                                                                                         `- warning: string interpolation produces a debug description for an optional value; did you mean to make this explicit?
 634 |         }
 635 |         return "no difference found by inspection (ordering?)"

/private/tmp/board1-rc15-work-final/wt_IOS-SOS-RETRY-001/ios/Godstone/Sources/GodstoneMesh/MessageStore.swift:1154:16: warning: result of call to function returning 'Int32' is unused [#NoUsage]
1152 |         let flags = SQLITE_OPEN_READWRITE | SQLITE_OPEN_CREATE | SQLITE_OPEN_FULLMUTEX
1153 |         guard fn.openV2(path, &db, flags, nil) == SQLITE_OK else {
1154 |             fn.closeV2(db)
     |                `- warning: result of call to function returning 'Int32' is unused [#NoUsage]
1155 |             openOutcome = .failed(.cannotOpenDatabase)
1156 |             return

/private/tmp/board1-rc15-work-final/wt_IOS-SOS-RETRY-001/ios/Godstone/Sources/GodstoneMesh/MessageStore.swift:1181:16: warning: result of call to function returning 'Int32' is unused [#NoUsage]
1179 |             try runMigrations(db)
1180 |         } catch {
1181 |             fn.closeV2(db)
     |                `- warning: result of call to function returning 'Int32' is unused [#NoUsage]
1182 |             handle = nil
1183 |             openOutcome = .failed(.schemaMigrationFailed)

/private/tmp/board1-rc15-work-final/wt_IOS-SOS-RETRY-001/ios/Godstone/Sources/GodstoneMesh/MessageStore.swift:1211:49: warning: result of call to function returning 'Int32' is unused [#NoUsage]
1209 |     // hold the last reference to the provider image (SQLITE-REVIEW-1).
1210 |     deinit {
1211 |         if ownsConnection, let db = handle { fn.closeV2(db) }
     |                                                 `- warning: result of call to function returning 'Int32' is unused [#NoUsage]
1212 |         releaseAdoptedLease()
1213 |         owner = nil

/private/tmp/board1-rc15-work-final/wt_IOS-SOS-RETRY-001/ios/Godstone/Sources/GodstoneMesh/MessageStore.swift:1243:16: warning: result of call to function returning 'Int32' is unused [#NoUsage]
1241 |         }
1242 |         if let db = handle {
1243 |             fn.closeV2(db)
     |                `- warning: result of call to function returning 'Int32' is unused [#NoUsage]
1244 |             handle = nil
1245 |         }

/private/tmp/board1-rc15-work-final/wt_IOS-SOS-RETRY-001/ios/Godstone/Sources/GodstoneMesh/MessageStore.swift:1407:20: warning: result of call to function returning 'Int32' is unused [#NoUsage]
1405 |             var stmt: OpaquePointer?
1406 |             guard fn.prepareV2(db, sql, -1, &stmt, nil) == SQLITE_OK else {
1407 |                 fn.finalize(stmt); return false
     |                    `- warning: result of call to function returning 'Int32' is unused [#NoUsage]
1408 |             }
1409 |             defer { fn.finalize(stmt) }

/private/tmp/board1-rc15-work-final/wt_IOS-SOS-RETRY-001/ios/Godstone/Sources/GodstoneMesh/MessageStore.swift:1409:24: warning: result of call to function returning 'Int32' is unused [#NoUsage]
1407 |                 fn.finalize(stmt); return false
1408 |             }
1409 |             defer { fn.finalize(stmt) }
     |                        `- warning: result of call to function returning 'Int32' is unused [#NoUsage]
1410 |             let blob = msgId as NSData
1411 |             guard fn.bindBlob(stmt, 1, blob.bytes, Int32(blob.length), nil) == SQLITE_OK else { return false }

/private/tmp/board1-rc15-work-final/wt_IOS-SOS-RETRY-001/ios/Godstone/Sources/GodstoneMesh/MessageStore.swift:1456:16: warning: result of call to function returning 'Int32' is unused [#NoUsage]
1454 |         var stmt: OpaquePointer?
1455 |         guard fn.prepareV2(db, sql, -1, &stmt, nil) == SQLITE_OK else {
1456 |             fn.finalize(stmt); return false
     |                `- warning: result of call to function returning 'Int32' is unused [#NoUsage]
1457 |         }
1458 |         defer { fn.finalize(stmt) }

/private/tmp/board1-rc15-work-final/wt_IOS-SOS-RETRY-001/ios/Godstone/Sources/GodstoneMesh/MessageStore.swift:1458:20: warning: result of call to function returning 'Int32' is unused [#NoUsage]
1456 |             fn.finalize(stmt); return false
1457 |         }
1458 |         defer { fn.finalize(stmt) }
     |                    `- warning: result of call to function returning 'Int32' is unused [#NoUsage]
1459 |         fn.bindInt64(stmt, 1, Int64(next.remainingMs))
1460 |         fn.bindInt64(stmt, 2, Int64(next.checkpointMonotonicMs))

/private/tmp/board1-rc15-work-final/wt_IOS-SOS-RETRY-001/ios/Godstone/Sources/GodstoneMesh/MessageStore.swift:1459:12: warning: result of call to function returning 'Int32' is unused [#NoUsage]
1457 |         }
1458 |         defer { fn.finalize(stmt) }
1459 |         fn.bindInt64(stmt, 1, Int64(next.remainingMs))
     |            `- warning: result of call to function returning 'Int32' is unused [#NoUsage]
1460 |         fn.bindInt64(stmt, 2, Int64(next.checkpointMonotonicMs))
1461 |         fn.bindInt64(stmt, 3, Int64(next.discontinuityCount))

/private/tmp/board1-rc15-work-final/wt_IOS-SOS-RETRY-001/ios/Godstone/Sources/GodstoneMesh/MessageStore.swift:1460:12: warning: result of call to function returning 'Int32' is unused [#NoUsage]
1458 |         defer { fn.finalize(stmt) }
1459 |         fn.bindInt64(stmt, 1, Int64(next.remainingMs))
1460 |         fn.bindInt64(stmt, 2, Int64(next.checkpointMonotonicMs))
     |            `- warning: result of call to function returning 'Int32' is unused [#NoUsage]
1461 |         fn.bindInt64(stmt, 3, Int64(next.discontinuityCount))
1462 |         fn.bindText(stmt, 4, next.bootIdentity, -1, storeSqliteTransient)

/private/tmp/board1-rc15-work-final/wt_IOS-SOS-RETRY-001/ios/Godstone/Sources/GodstoneMesh/MessageStore.swift:1461:12: warning: result of call to function returning 'Int32' is unused [#NoUsage]
1459 |         fn.bindInt64(stmt, 1, Int64(next.remainingMs))
1460 |         fn.bindInt64(stmt, 2, Int64(next.checkpointMonotonicMs))
1461 |         fn.bindInt64(stmt, 3, Int64(next.discontinuityCount))
     |            `- warning: result of call to function returning 'Int32' is unused [#NoUsage]
1462 |         fn.bindText(stmt, 4, next.bootIdentity, -1, storeSqliteTransient)
1463 |         let blob = msgId as NSData

/private/tmp/board1-rc15-work-final/wt_IOS-SOS-RETRY-001/ios/Godstone/Sources/GodstoneMesh/MessageStore.swift:1462:12: warning: result of call to function returning 'Int32' is unused [#NoUsage]
1460 |         fn.bindInt64(stmt, 2, Int64(next.checkpointMonotonicMs))
1461 |         fn.bindInt64(stmt, 3, Int64(next.discontinuityCount))
1462 |         fn.bindText(stmt, 4, next.bootIdentity, -1, storeSqliteTransient)
     |            `- warning: result of call to function returning 'Int32' is unused [#NoUsage]
1463 |         let blob = msgId as NSData
1464 |         fn.bindBlob(stmt, 5, blob.bytes, Int32(blob.length), storeSqliteTransient)

/private/tmp/board1-rc15-work-final/wt_IOS-SOS-RETRY-001/ios/Godstone/Sources/GodstoneMesh/MessageStore.swift:1464:12: warning: result of call to function returning 'Int32' is unused [#NoUsage]
1462 |         fn.bindText(stmt, 4, next.bootIdentity, -1, storeSqliteTransient)
1463 |         let blob = msgId as NSData
1464 |         fn.bindBlob(stmt, 5, blob.bytes, Int32(blob.length), storeSqliteTransient)
     |            `- warning: result of call to function returning 'Int32' is unused [#NoUsage]
1465 |         return fn.step(stmt) == SQLITE_DONE
1466 |     }

/private/tmp/board1-rc15-work-final/wt_IOS-SOS-RETRY-001/ios/Godstone/Sources/GodstoneMesh/MessageStore.swift:1664:20: warning: result of call to function returning 'Int32' is unused [#NoUsage]
1662 |             let prepareRC = fn.prepareV2(db, scan, -1, &stmt, nil)
1663 |             guard prepareRC == SQLITE_OK else {
1664 |                 fn.finalize(stmt)
     |                    `- warning: result of call to function returning 'Int32' is unused [#NoUsage]
1665 |                 return sweepFault(.scanPrepareFailed(code: prepareRC), db: db, rolledBack: true)
1666 |             }

/private/tmp/board1-rc15-work-final/wt_IOS-SOS-RETRY-001/ios/Godstone/Sources/GodstoneMesh/MessageStore.swift:1667:24: warning: result of call to function returning 'Int32' is unused [#NoUsage]
1665 |                 return sweepFault(.scanPrepareFailed(code: prepareRC), db: db, rolledBack: true)
1666 |             }
1667 |             defer { fn.finalize(stmt) }
     |                        `- warning: result of call to function returning 'Int32' is unused [#NoUsage]
1668 |             let bindRC = fn.bindInt(stmt, 1, Int32(clamping: max(1, limit)))
1669 |             guard bindRC == SQLITE_OK else {

/private/tmp/board1-rc15-work-final/wt_IOS-SOS-RETRY-001/ios/Godstone/Sources/GodstoneMesh/MessageStore.swift:1723:35: warning: result of call to function returning 'Int32' is unused [#NoUsage]
1721 |                 let prepDel = fn.prepareV2(db, del, -1, &d, nil)
1722 |                 guard prepDel == SQLITE_OK else {
1723 |                     if let d { fn.finalize(d) }
     |                                   `- warning: result of call to function returning 'Int32' is unused [#NoUsage]
1724 |                     return sweepFault(.deletePrepareFailed(code: prepDel), db: db, rolledBack: true)
1725 |                 }

/private/tmp/board1-rc15-work-final/wt_IOS-SOS-RETRY-001/ios/Godstone/Sources/GodstoneMesh/MessageStore.swift:1728:24: warning: result of call to function returning 'Int32' is unused [#NoUsage]
1726 |                 let bindDel = fn.bindBlob(d, 1, blob.bytes, Int32(id.count), storeSqliteTransient)
1727 |                 guard bindDel == SQLITE_OK else {
1728 |                     fn.finalize(d)
     |                        `- warning: result of call to function returning 'Int32' is unused [#NoUsage]
1729 |                     return sweepFault(.deleteBindFailed(code: bindDel), db: db, rolledBack: true)
1730 |                 }

/private/tmp/board1-rc15-work-final/wt_IOS-SOS-RETRY-001/ios/Godstone/Sources/GodstoneMesh/MessageStore.swift:1732:20: warning: result of call to function returning 'Int32' is unused [#NoUsage]
1730 |                 }
1731 |                 let stepDel = fn.step(d)
1732 |                 fn.finalize(d)                                     // <-- finalized on BOTH roads, before the verdict
     |                    `- warning: result of call to function returning 'Int32' is unused [#NoUsage]
1733 |                 guard stepDel == SQLITE_DONE else {
1734 |                     return sweepFault(.deleteStepFailed(code: stepDel), db: db, rolledBack: true)

/private/tmp/board1-rc15-work-final/wt_IOS-SOS-RETRY-001/ios/Godstone/Sources/GodstoneMesh/MessageStore.swift:1746:36: warning: result of call to function returning 'Int32' is unused [#NoUsage]
1744 |                 let prepTs = fn.prepareV2(db, ins, -1, &ts, nil)
1745 |                 guard prepTs == SQLITE_OK else {
1746 |                     if let ts { fn.finalize(ts) }
     |                                    `- warning: result of call to function returning 'Int32' is unused [#NoUsage]
1747 |                     return sweepFault(.tombstonePrepareFailed(code: prepTs), db: db, rolledBack: true)
1748 |                 }

/private/tmp/board1-rc15-work-final/wt_IOS-SOS-RETRY-001/ios/Godstone/Sources/GodstoneMesh/MessageStore.swift:1753:24: warning: result of call to function returning 'Int32' is unused [#NoUsage]
1751 |                 let bootBind = boot.withCString { fn.bindText(ts, 3, $0, -1, storeSqliteTransient) }
1752 |                 guard blobBind == SQLITE_OK, expiryBind == SQLITE_OK, bootBind == SQLITE_OK else {
1753 |                     fn.finalize(ts)
     |                        `- warning: result of call to function returning 'Int32' is unused [#NoUsage]
1754 |                     let rc = blobBind != SQLITE_OK ? blobBind : (expiryBind != SQLITE_OK ? expiryBind : bootBind)
1755 |                     return sweepFault(.tombstoneStepFailed(code: rc), db: db, rolledBack: true)

/private/tmp/board1-rc15-work-final/wt_IOS-SOS-RETRY-001/ios/Godstone/Sources/GodstoneMesh/MessageStore.swift:1758:20: warning: result of call to function returning 'Int32' is unused [#NoUsage]
1756 |                 }
1757 |                 let stepTs = fn.step(ts)
1758 |                 fn.finalize(ts)
     |                    `- warning: result of call to function returning 'Int32' is unused [#NoUsage]
1759 |                 guard stepTs == SQLITE_DONE else {
1760 |                     // A tombstone that failed to be written would re-open the dedup window the retirement just

/private/tmp/board1-rc15-work-final/wt_IOS-SOS-RETRY-001/ios/Godstone/Sources/GodstoneMesh/MessageStore.swift:1770:35: warning: result of call to function returning 'Int32' is unused [#NoUsage]
1768 |                 let prepUpd = fn.prepareV2(db, upd, -1, &u, nil)
1769 |                 guard prepUpd == SQLITE_OK else {
1770 |                     if let u { fn.finalize(u) }
     |                                   `- warning: result of call to function returning 'Int32' is unused [#NoUsage]
1771 |                     return sweepFault(.deliveryPrepareFailed(code: prepUpd), db: db, rolledBack: true)
1772 |                 }

/private/tmp/board1-rc15-work-final/wt_IOS-SOS-RETRY-001/ios/Godstone/Sources/GodstoneMesh/MessageStore.swift:1776:24: warning: result of call to function returning 'Int32' is unused [#NoUsage]
1774 |                 let idBind = fn.bindBlob(u, 2, blob.bytes, Int32(id.count), storeSqliteTransient)
1775 |                 guard stateBind == SQLITE_OK, idBind == SQLITE_OK else {
1776 |                     fn.finalize(u)
     |                        `- warning: result of call to function returning 'Int32' is unused [#NoUsage]
1777 |                     return sweepFault(.deliveryStepFailed(code: stateBind != SQLITE_OK ? stateBind : idBind), db: db, rolledBack: true)
1778 |                 }

/private/tmp/board1-rc15-work-final/wt_IOS-SOS-RETRY-001/ios/Godstone/Sources/GodstoneMesh/MessageStore.swift:1780:20: warning: result of call to function returning 'Int32' is unused [#NoUsage]
1778 |                 }
1779 |                 let stepUpd = fn.step(u)
1780 |                 fn.finalize(u)
     |                    `- warning: result of call to function returning 'Int32' is unused [#NoUsage]
1781 |                 guard stepUpd == SQLITE_DONE else {
1782 |                     // The delivery row must move WITH the held row; a fault here rollbacketh the whole step rather

/private/tmp/board1-rc15-work-final/wt_IOS-SOS-RETRY-001/ios/Godstone/Sources/GodstoneMesh/MessageStore.swift:1868:16: warning: result of call to function returning 'Int32' is unused [#NoUsage]
1866 |             _ = owner.close()          // exactly-once, deferred to THIS frame's exit (endUse -> finishClose)
1867 |         } else {
1868 |             fn.closeV2(db)             // the owned handle, freed in place at a safe phase (statements finalized)
     |                `- warning: result of call to function returning 'Int32' is unused [#NoUsage]
1869 |             handle = nil
1870 |             adoptedConnectionIdentity = nil

/private/tmp/board1-rc15-work-final/wt_IOS-SOS-RETRY-001/ios/Godstone/Sources/GodstoneMesh/MessageStore.swift:1937:16: warning: result of call to function returning 'Int32' is unused [#NoUsage]
1935 |         var stmt: OpaquePointer?
1936 |         guard fn.prepareV2(db, sql, -1, &stmt, nil) == SQLITE_OK else {
1937 |             fn.finalize(stmt); throw StoreSweepFault.reapPrepareFailed(code: -1)
     |                `- warning: result of call to function returning 'Int32' is unused [#NoUsage]
1938 |         }
1939 |         defer { fn.finalize(stmt) }

/private/tmp/board1-rc15-work-final/wt_IOS-SOS-RETRY-001/ios/Godstone/Sources/GodstoneMesh/MessageStore.swift:1939:20: warning: result of call to function returning 'Int32' is unused [#NoUsage]
1937 |             fn.finalize(stmt); throw StoreSweepFault.reapPrepareFailed(code: -1)
1938 |         }
1939 |         defer { fn.finalize(stmt) }
     |                    `- warning: result of call to function returning 'Int32' is unused [#NoUsage]
1940 |         // *** THE BOOT-IDENTITY TEXT BIND IS CHECKED AND ITS **ACTUAL** CODE IS RAISED (SQLITE-LATEST-I4). *** *The old
1941 |         // body discarded it (`_ =`), so a REFUSED text bind (e.g. `SQLITE_NOMEM`) left parameter 1 as NULL; the

/private/tmp/board1-rc15-work-final/wt_IOS-SOS-RETRY-001/ios/Godstone/Sources/GodstoneMesh/MessageStore.swift:1964:16: warning: result of call to function returning 'Int32' is unused [#NoUsage]
1962 |         var stmt: OpaquePointer?
1963 |         guard fn.prepareV2(db, sql, -1, &stmt, nil) == SQLITE_OK else {
1964 |             fn.finalize(stmt); return false
     |                `- warning: result of call to function returning 'Int32' is unused [#NoUsage]
1965 |         }
1966 |         defer { fn.finalize(stmt) }

/private/tmp/board1-rc15-work-final/wt_IOS-SOS-RETRY-001/ios/Godstone/Sources/GodstoneMesh/MessageStore.swift:1966:20: warning: result of call to function returning 'Int32' is unused [#NoUsage]
1964 |             fn.finalize(stmt); return false
1965 |         }
1966 |         defer { fn.finalize(stmt) }
     |                    `- warning: result of call to function returning 'Int32' is unused [#NoUsage]
1967 |         let blob = msgId as NSData
1968 |         guard fn.bindBlob(stmt, 1, blob.bytes, Int32(blob.length), storeSqliteTransient) == SQLITE_OK,

/private/tmp/board1-rc15-work-final/wt_IOS-SOS-RETRY-001/ios/Godstone/Sources/GodstoneMesh/MessageStore.swift:1993:20: warning: result of call to function returning 'Int32' is unused [#NoUsage]
1991 |             let sql = "SELECT COUNT(*) FROM \(StoreSchema.tombstoneTable)"
1992 |             guard fn.prepareV2(db, sql, -1, &stmt, nil) == SQLITE_OK else {
1993 |                 fn.finalize(stmt); return 0
     |                    `- warning: result of call to function returning 'Int32' is unused [#NoUsage]
1994 |             }
1995 |             defer { fn.finalize(stmt) }

/private/tmp/board1-rc15-work-final/wt_IOS-SOS-RETRY-001/ios/Godstone/Sources/GodstoneMesh/MessageStore.swift:1995:24: warning: result of call to function returning 'Int32' is unused [#NoUsage]
1993 |                 fn.finalize(stmt); return 0
1994 |             }
1995 |             defer { fn.finalize(stmt) }
     |                        `- warning: result of call to function returning 'Int32' is unused [#NoUsage]
1996 |             guard fn.step(stmt) == SQLITE_ROW else { return 0 }
1997 |             return Int(fn.columnInt64(stmt, 0))

/private/tmp/board1-rc15-work-final/wt_IOS-SOS-RETRY-001/ios/Godstone/Sources/GodstoneMesh/MessageStore.swift:2008:20: warning: result of call to function returning 'Int32' is unused [#NoUsage]
2006 |             var stmt: OpaquePointer?
2007 |             guard fn.prepareV2(db, sql, -1, &stmt, nil) == SQLITE_OK else {
2008 |                 fn.finalize(stmt); return false
     |                    `- warning: result of call to function returning 'Int32' is unused [#NoUsage]
2009 |             }
2010 |             defer { fn.finalize(stmt) }

/private/tmp/board1-rc15-work-final/wt_IOS-SOS-RETRY-001/ios/Godstone/Sources/GodstoneMesh/MessageStore.swift:2010:24: warning: result of call to function returning 'Int32' is unused [#NoUsage]
2008 |                 fn.finalize(stmt); return false
2009 |             }
2010 |             defer { fn.finalize(stmt) }
     |                        `- warning: result of call to function returning 'Int32' is unused [#NoUsage]
2011 |             let blob = msgId as NSData
2012 |             guard fn.bindBlob(stmt, 1, blob.bytes, Int32(blob.length), nil) == SQLITE_OK,

/private/tmp/board1-rc15-work-final/wt_IOS-SOS-RETRY-001/ios/Godstone/Sources/GodstoneMesh/MessageStore.swift:2029:20: warning: result of call to function returning 'Int32' is unused [#NoUsage]
2027 |             var stmt: OpaquePointer?
2028 |             guard fn.prepareV2(db, sql, -1, &stmt, nil) == SQLITE_OK else {
2029 |                 fn.finalize(stmt); return false
     |                    `- warning: result of call to function returning 'Int32' is unused [#NoUsage]
2030 |             }
2031 |             defer { fn.finalize(stmt) }

/private/tmp/board1-rc15-work-final/wt_IOS-SOS-RETRY-001/ios/Godstone/Sources/GodstoneMesh/MessageStore.swift:2031:24: warning: result of call to function returning 'Int32' is unused [#NoUsage]
2029 |                 fn.finalize(stmt); return false
2030 |             }
2031 |             defer { fn.finalize(stmt) }
     |                        `- warning: result of call to function returning 'Int32' is unused [#NoUsage]
2032 |             let blob = msgId as NSData
2033 |             guard fn.bindBlob(stmt, 1, blob.bytes, Int32(blob.length), nil) == SQLITE_OK else { return false }

/private/tmp/board1-rc15-work-final/wt_IOS-SOS-RETRY-001/ios/Godstone/Sources/GodstoneMesh/MessageStore.swift:2068:20: warning: result of call to function returning 'Int32' is unused [#NoUsage]
2066 |             var stmt: OpaquePointer?
2067 |             guard fn.prepareV2(db, sql, -1, &stmt, nil) == SQLITE_OK else {
2068 |                 fn.finalize(stmt); return
     |                    `- warning: result of call to function returning 'Int32' is unused [#NoUsage]
2069 |             }
2070 |             defer { fn.finalize(stmt) }

/private/tmp/board1-rc15-work-final/wt_IOS-SOS-RETRY-001/ios/Godstone/Sources/GodstoneMesh/MessageStore.swift:2070:24: warning: result of call to function returning 'Int32' is unused [#NoUsage]
2068 |                 fn.finalize(stmt); return
2069 |             }
2070 |             defer { fn.finalize(stmt) }
     |                        `- warning: result of call to function returning 'Int32' is unused [#NoUsage]
2071 |             while fn.step(stmt) == SQLITE_ROW {
2072 |                 let row = StoreRow(

/private/tmp/board1-rc15-work-final/wt_IOS-SOS-RETRY-001/ios/Godstone/Sources/GodstoneMesh/MessageStore.swift:2108:20: warning: result of call to function returning 'Int32' is unused [#NoUsage]
2106 |             var stmt: OpaquePointer?
2107 |             guard fn.prepareV2(db, sql, -1, &stmt, nil) == SQLITE_OK else {
2108 |                 fn.finalize(stmt); return
     |                    `- warning: result of call to function returning 'Int32' is unused [#NoUsage]
2109 |             }
2110 |             defer { fn.finalize(stmt) }

/private/tmp/board1-rc15-work-final/wt_IOS-SOS-RETRY-001/ios/Godstone/Sources/GodstoneMesh/MessageStore.swift:2110:24: warning: result of call to function returning 'Int32' is unused [#NoUsage]
2108 |                 fn.finalize(stmt); return
2109 |             }
2110 |             defer { fn.finalize(stmt) }
     |                        `- warning: result of call to function returning 'Int32' is unused [#NoUsage]
2111 |             while fn.step(stmt) == SQLITE_ROW {
2112 |                 // GS-STORE-004: the id reader is a FORWARDING surface too, so it carrieth the same gate -- AND

/private/tmp/board1-rc15-work-final/wt_IOS-SOS-RETRY-001/ios/Godstone/Sources/GodstoneMesh/MessageStore.swift:2603:20: warning: result of call to function returning 'Int32' is unused [#NoUsage]
2601 |             var stmt: OpaquePointer?
2602 |             guard fn.prepareV2(db, sql, -1, &stmt, nil) == SQLITE_OK else {
2603 |                 fn.finalize(stmt)
     |                    `- warning: result of call to function returning 'Int32' is unused [#NoUsage]
2604 |                 return false
2605 |             }

/private/tmp/board1-rc15-work-final/wt_IOS-SOS-RETRY-001/ios/Godstone/Sources/GodstoneMesh/MessageStore.swift:2606:24: warning: result of call to function returning 'Int32' is unused [#NoUsage]
2604 |                 return false
2605 |             }
2606 |             defer { fn.finalize(stmt) }
     |                        `- warning: result of call to function returning 'Int32' is unused [#NoUsage]
2607 |             self.bindBlob(stmt, 1, msgId)
2608 |             let step = fn.step(stmt)

/private/tmp/board1-rc15-work-final/wt_IOS-SOS-RETRY-001/ios/Godstone/Sources/GodstoneMesh/MessageStore.swift:2728:16: warning: result of call to function returning 'Int32' is unused [#NoUsage]
2726 |         var stmt: OpaquePointer?
2727 |         guard fn.prepareV2(db, sql, -1, &stmt, nil) == SQLITE_OK else {
2728 |             fn.finalize(stmt); throw StoreError.prepareFailed
     |                `- warning: result of call to function returning 'Int32' is unused [#NoUsage]
2729 |         }
2730 |         defer { fn.finalize(stmt) }

/private/tmp/board1-rc15-work-final/wt_IOS-SOS-RETRY-001/ios/Godstone/Sources/GodstoneMesh/MessageStore.swift:2730:20: warning: result of call to function returning 'Int32' is unused [#NoUsage]
2728 |             fn.finalize(stmt); throw StoreError.prepareFailed
2729 |         }
2730 |         defer { fn.finalize(stmt) }
     |                    `- warning: result of call to function returning 'Int32' is unused [#NoUsage]
2731 |         bindBlob(stmt, 1, frame.msgId)
2732 |         fn.bindInt(stmt, 2, Int32(frame.type.rawValue))

/private/tmp/board1-rc15-work-final/wt_IOS-SOS-RETRY-001/ios/Godstone/Sources/GodstoneMesh/MessageStore.swift:2732:12: warning: result of call to function returning 'Int32' is unused [#NoUsage]
2730 |         defer { fn.finalize(stmt) }
2731 |         bindBlob(stmt, 1, frame.msgId)
2732 |         fn.bindInt(stmt, 2, Int32(frame.type.rawValue))
     |            `- warning: result of call to function returning 'Int32' is unused [#NoUsage]
2733 |         fn.bindInt(stmt, 3, Int32(frame.ttl))
2734 |         fn.bindInt(stmt, 4, Int32(frame.hopCount))

/private/tmp/board1-rc15-work-final/wt_IOS-SOS-RETRY-001/ios/Godstone/Sources/GodstoneMesh/MessageStore.swift:2733:12: warning: result of call to function returning 'Int32' is unused [#NoUsage]
2731 |         bindBlob(stmt, 1, frame.msgId)
2732 |         fn.bindInt(stmt, 2, Int32(frame.type.rawValue))
2733 |         fn.bindInt(stmt, 3, Int32(frame.ttl))
     |            `- warning: result of call to function returning 'Int32' is unused [#NoUsage]
2734 |         fn.bindInt(stmt, 4, Int32(frame.hopCount))
2735 |         fn.bindInt(stmt, 5, Int32(frame.flags))

/private/tmp/board1-rc15-work-final/wt_IOS-SOS-RETRY-001/ios/Godstone/Sources/GodstoneMesh/MessageStore.swift:2734:12: warning: result of call to function returning 'Int32' is unused [#NoUsage]
2732 |         fn.bindInt(stmt, 2, Int32(frame.type.rawValue))
2733 |         fn.bindInt(stmt, 3, Int32(frame.ttl))
2734 |         fn.bindInt(stmt, 4, Int32(frame.hopCount))
     |            `- warning: result of call to function returning 'Int32' is unused [#NoUsage]
2735 |         fn.bindInt(stmt, 5, Int32(frame.flags))
2736 |         fn.bindInt(stmt, 6, Int32(Priority.fromFlags(frame.flags).rawValue))

/private/tmp/board1-rc15-work-final/wt_IOS-SOS-RETRY-001/ios/Godstone/Sources/GodstoneMesh/MessageStore.swift:2735:12: warning: result of call to function returning 'Int32' is unused [#NoUsage]
2733 |         fn.bindInt(stmt, 3, Int32(frame.ttl))
2734 |         fn.bindInt(stmt, 4, Int32(frame.hopCount))
2735 |         fn.bindInt(stmt, 5, Int32(frame.flags))
     |            `- warning: result of call to function returning 'Int32' is unused [#NoUsage]
2736 |         fn.bindInt(stmt, 6, Int32(Priority.fromFlags(frame.flags).rawValue))
2737 |         bindBlob(stmt, 7, frame.routingTag)

/private/tmp/board1-rc15-work-final/wt_IOS-SOS-RETRY-001/ios/Godstone/Sources/GodstoneMesh/MessageStore.swift:2736:12: warning: result of call to function returning 'Int32' is unused [#NoUsage]
2734 |         fn.bindInt(stmt, 4, Int32(frame.hopCount))
2735 |         fn.bindInt(stmt, 5, Int32(frame.flags))
2736 |         fn.bindInt(stmt, 6, Int32(Priority.fromFlags(frame.flags).rawValue))
     |            `- warning: result of call to function returning 'Int32' is unused [#NoUsage]
2737 |         bindBlob(stmt, 7, frame.routingTag)
2738 |         bindBlob(stmt, 8, frame.payload)

/private/tmp/board1-rc15-work-final/wt_IOS-SOS-RETRY-001/ios/Godstone/Sources/GodstoneMesh/MessageStore.swift:2740:12: warning: result of call to function returning 'Int32' is unused [#NoUsage]
2738 |         bindBlob(stmt, 8, frame.payload)
2739 |         bindBlob(stmt, 9, receivedFrom)
2740 |         fn.bindInt64(stmt, 10, receivedAt)
     |            `- warning: result of call to function returning 'Int32' is unused [#NoUsage]
2741 |         // GS-STORE-004 STEP FIVE: THE LOCAL POLICY BUDGET, PERSISTED WITH THE ROW IN THE SAME STATEMENT. NULL
2742 |         // when no clock was injected: the historical behaviour is preserved for every path that owneth no

/private/tmp/board1-rc15-work-final/wt_IOS-SOS-RETRY-001/ios/Godstone/Sources/GodstoneMesh/MessageStore.swift:2746:16: warning: result of call to function returning 'Int32' is unused [#NoUsage]
2744 |         // zero. A DUPLICATE never reacheth here (INSERT OR IGNORE), which is what maketh the budget un-replenishable.
2745 |         if let retention = retention {
2746 |             fn.bindInt64(stmt, 11, Int64(retention.remainingMs))
     |                `- warning: result of call to function returning 'Int32' is unused [#NoUsage]
2747 |             fn.bindInt64(stmt, 12, Int64(retention.checkpointMonotonicMs))
2748 |             // THE CONTINUITY IDENTIFIER COMETH FROM THE INJECTED CLOCK, NOT FROM THE CHECKPOINT TYPE: read in

/private/tmp/board1-rc15-work-final/wt_IOS-SOS-RETRY-001/ios/Godstone/Sources/GodstoneMesh/MessageStore.swift:2747:16: warning: result of call to function returning 'Int32' is unused [#NoUsage]
2745 |         if let retention = retention {
2746 |             fn.bindInt64(stmt, 11, Int64(retention.remainingMs))
2747 |             fn.bindInt64(stmt, 12, Int64(retention.checkpointMonotonicMs))
     |                `- warning: result of call to function returning 'Int32' is unused [#NoUsage]
2748 |             // THE CONTINUITY IDENTIFIER COMETH FROM THE INJECTED CLOCK, NOT FROM THE CHECKPOINT TYPE: read in
2749 |             // the tree, `RetentionCheckpoint` carrieth `remainingMs`, `checkpointMonotonicMs`,

/private/tmp/board1-rc15-work-final/wt_IOS-SOS-RETRY-001/ios/Godstone/Sources/GodstoneMesh/MessageStore.swift:2757:22: warning: result of call to 'withCString' is unused [#NoUsage]
2755 |             // exactly that ("" where "boot-A" was due).
2756 |             if let boot = bootIdentity {
2757 |                 boot.withCString { fn.bindText(stmt, 13, $0, -1, storeSqliteTransient) }
     |                      `- warning: result of call to 'withCString' is unused [#NoUsage]
2758 |             } else {
2759 |                 fn.bindNull(stmt, 13)

/private/tmp/board1-rc15-work-final/wt_IOS-SOS-RETRY-001/ios/Godstone/Sources/GodstoneMesh/MessageStore.swift:2759:20: warning: result of call to function returning 'Int32' is unused [#NoUsage]
2757 |                 boot.withCString { fn.bindText(stmt, 13, $0, -1, storeSqliteTransient) }
2758 |             } else {
2759 |                 fn.bindNull(stmt, 13)
     |                    `- warning: result of call to function returning 'Int32' is unused [#NoUsage]
2760 |             }
2761 |             fn.bindInt64(stmt, 14, Int64(retention.discontinuityCount))

/private/tmp/board1-rc15-work-final/wt_IOS-SOS-RETRY-001/ios/Godstone/Sources/GodstoneMesh/MessageStore.swift:2761:16: warning: result of call to function returning 'Int32' is unused [#NoUsage]
2759 |                 fn.bindNull(stmt, 13)
2760 |             }
2761 |             fn.bindInt64(stmt, 14, Int64(retention.discontinuityCount))
     |                `- warning: result of call to function returning 'Int32' is unused [#NoUsage]
2762 |         } else {
2763 |             fn.bindNull(stmt, 11); fn.bindNull(stmt, 12)

/private/tmp/board1-rc15-work-final/wt_IOS-SOS-RETRY-001/ios/Godstone/Sources/GodstoneMesh/MessageStore.swift:2763:16: warning: result of call to function returning 'Int32' is unused [#NoUsage]
2761 |             fn.bindInt64(stmt, 14, Int64(retention.discontinuityCount))
2762 |         } else {
2763 |             fn.bindNull(stmt, 11); fn.bindNull(stmt, 12)
     |                `- warning: result of call to function returning 'Int32' is unused [#NoUsage]
2764 |             fn.bindNull(stmt, 13); fn.bindNull(stmt, 14)
2765 |         }

/private/tmp/board1-rc15-work-final/wt_IOS-SOS-RETRY-001/ios/Godstone/Sources/GodstoneMesh/MessageStore.swift:2763:39: warning: result of call to function returning 'Int32' is unused [#NoUsage]
2761 |             fn.bindInt64(stmt, 14, Int64(retention.discontinuityCount))
2762 |         } else {
2763 |             fn.bindNull(stmt, 11); fn.bindNull(stmt, 12)
     |                                       `- warning: result of call to function returning 'Int32' is unused [#NoUsage]
2764 |             fn.bindNull(stmt, 13); fn.bindNull(stmt, 14)
2765 |         }

/private/tmp/board1-rc15-work-final/wt_IOS-SOS-RETRY-001/ios/Godstone/Sources/GodstoneMesh/MessageStore.swift:2764:16: warning: result of call to function returning 'Int32' is unused [#NoUsage]
2762 |         } else {
2763 |             fn.bindNull(stmt, 11); fn.bindNull(stmt, 12)
2764 |             fn.bindNull(stmt, 13); fn.bindNull(stmt, 14)
     |                `- warning: result of call to function returning 'Int32' is unused [#NoUsage]
2765 |         }
2766 |         guard fn.step(stmt) == SQLITE_DONE else { throw StoreError.stepFailed }

/private/tmp/board1-rc15-work-final/wt_IOS-SOS-RETRY-001/ios/Godstone/Sources/GodstoneMesh/MessageStore.swift:2764:39: warning: result of call to function returning 'Int32' is unused [#NoUsage]
2762 |         } else {
2763 |             fn.bindNull(stmt, 11); fn.bindNull(stmt, 12)
2764 |             fn.bindNull(stmt, 13); fn.bindNull(stmt, 14)
     |                                       `- warning: result of call to function returning 'Int32' is unused [#NoUsage]
2765 |         }
2766 |         guard fn.step(stmt) == SQLITE_DONE else { throw StoreError.stepFailed }

/private/tmp/board1-rc15-work-final/wt_IOS-SOS-RETRY-001/ios/Godstone/Sources/GodstoneMesh/MessageStore.swift:2779:16: warning: result of call to function returning 'Int32' is unused [#NoUsage]
2777 |         var stmt: OpaquePointer?
2778 |         guard fn.prepareV2(db, StoreSchema.containsSql, -1, &stmt, nil) == SQLITE_OK else {
2779 |             fn.finalize(stmt); throw StoreError.prepareFailed
     |                `- warning: result of call to function returning 'Int32' is unused [#NoUsage]
2780 |         }
2781 |         defer { fn.finalize(stmt) }

/private/tmp/board1-rc15-work-final/wt_IOS-SOS-RETRY-001/ios/Godstone/Sources/GodstoneMesh/MessageStore.swift:2781:20: warning: result of call to function returning 'Int32' is unused [#NoUsage]
2779 |             fn.finalize(stmt); throw StoreError.prepareFailed
2780 |         }
2781 |         defer { fn.finalize(stmt) }
     |                    `- warning: result of call to function returning 'Int32' is unused [#NoUsage]
2782 |         bindBlob(stmt, 1, msgId)
2783 |         let rc = fn.step(stmt)

/private/tmp/board1-rc15-work-final/wt_IOS-SOS-RETRY-001/ios/Godstone/Sources/GodstoneMesh/MessageStore.swift:2803:16: warning: result of call to function returning 'Int32' is unused [#NoUsage]
2801 |         var stmt: OpaquePointer?
2802 |         guard fn.prepareV2(db, sql, -1, &stmt, nil) == SQLITE_OK else {
2803 |             fn.finalize(stmt); throw StoreError.prepareFailed
     |                `- warning: result of call to function returning 'Int32' is unused [#NoUsage]
2804 |         }
2805 |         defer { fn.finalize(stmt) }

/private/tmp/board1-rc15-work-final/wt_IOS-SOS-RETRY-001/ios/Godstone/Sources/GodstoneMesh/MessageStore.swift:2805:20: warning: result of call to function returning 'Int32' is unused [#NoUsage]
2803 |             fn.finalize(stmt); throw StoreError.prepareFailed
2804 |         }
2805 |         defer { fn.finalize(stmt) }
     |                    `- warning: result of call to function returning 'Int32' is unused [#NoUsage]
2806 |         bindBlob(stmt, 1, msgId)
2807 |         let rc = fn.step(stmt)

/private/tmp/board1-rc15-work-final/wt_IOS-SOS-RETRY-001/ios/Godstone/Sources/GodstoneMesh/MessageStore.swift:2841:16: warning: result of call to function returning 'Int32' is unused [#NoUsage]
2839 |         var stmt: OpaquePointer?
2840 |         guard fn.prepareV2(db, StoreSchema.heldBytesSql, -1, &stmt, nil) == SQLITE_OK else {
2841 |             fn.finalize(stmt); throw StoreError.prepareFailed
     |                `- warning: result of call to function returning 'Int32' is unused [#NoUsage]
2842 |         }
2843 |         defer { fn.finalize(stmt) }

/private/tmp/board1-rc15-work-final/wt_IOS-SOS-RETRY-001/ios/Godstone/Sources/GodstoneMesh/MessageStore.swift:2843:20: warning: result of call to function returning 'Int32' is unused [#NoUsage]
2841 |             fn.finalize(stmt); throw StoreError.prepareFailed
2842 |         }
2843 |         defer { fn.finalize(stmt) }
     |                    `- warning: result of call to function returning 'Int32' is unused [#NoUsage]
2844 |         guard fn.step(stmt) == SQLITE_ROW else { throw StoreError.stepFailed }
2845 |         return fn.columnInt64(stmt, 0)

/private/tmp/board1-rc15-work-final/wt_IOS-SOS-RETRY-001/ios/Godstone/Sources/GodstoneMesh/MessageStore.swift:2858:16: warning: result of call to function returning 'Int32' is unused [#NoUsage]
2856 |         var stmt: OpaquePointer?
2857 |         guard fn.prepareV2(db, StoreSchema.evictPrefixSql, -1, &stmt, nil) == SQLITE_OK else {
2858 |             fn.finalize(stmt); throw StoreError.prepareFailed
     |                `- warning: result of call to function returning 'Int32' is unused [#NoUsage]
2859 |         }
2860 |         defer { fn.finalize(stmt) }

/private/tmp/board1-rc15-work-final/wt_IOS-SOS-RETRY-001/ios/Godstone/Sources/GodstoneMesh/MessageStore.swift:2860:20: warning: result of call to function returning 'Int32' is unused [#NoUsage]
2858 |             fn.finalize(stmt); throw StoreError.prepareFailed
2859 |         }
2860 |         defer { fn.finalize(stmt) }
     |                    `- warning: result of call to function returning 'Int32' is unused [#NoUsage]
2861 |         fn.bindInt64(stmt, 1, overshoot)
2862 |         guard fn.step(stmt) == SQLITE_DONE else { throw StoreError.stepFailed }

/private/tmp/board1-rc15-work-final/wt_IOS-SOS-RETRY-001/ios/Godstone/Sources/GodstoneMesh/MessageStore.swift:2861:12: warning: result of call to function returning 'Int32' is unused [#NoUsage]
2859 |         }
2860 |         defer { fn.finalize(stmt) }
2861 |         fn.bindInt64(stmt, 1, overshoot)
     |            `- warning: result of call to function returning 'Int32' is unused [#NoUsage]
2862 |         guard fn.step(stmt) == SQLITE_DONE else { throw StoreError.stepFailed }
2863 |     }

/private/tmp/board1-rc15-work-final/wt_IOS-SOS-RETRY-001/ios/Godstone/Sources/GodstoneMesh/MessageStore.swift:2873:16: warning: result of call to function returning 'Int32' is unused [#NoUsage]
2871 |         var stmt: OpaquePointer?
2872 |         guard fn.prepareV2(db, StoreSchema.heldBytesSql, -1, &stmt, nil) == SQLITE_OK else {
2873 |             fn.finalize(stmt); return 0
     |                `- warning: result of call to function returning 'Int32' is unused [#NoUsage]
2874 |         }
2875 |         defer { fn.finalize(stmt) }

/private/tmp/board1-rc15-work-final/wt_IOS-SOS-RETRY-001/ios/Godstone/Sources/GodstoneMesh/MessageStore.swift:2875:20: warning: result of call to function returning 'Int32' is unused [#NoUsage]
2873 |             fn.finalize(stmt); return 0
2874 |         }
2875 |         defer { fn.finalize(stmt) }
     |                    `- warning: result of call to function returning 'Int32' is unused [#NoUsage]
2876 |         return fn.step(stmt) == SQLITE_ROW ? fn.columnInt64(stmt, 0) : 0
2877 |     }

/private/tmp/board1-rc15-work-final/wt_IOS-SOS-RETRY-001/ios/Godstone/Sources/GodstoneMesh/MessageStore.swift:2887:16: warning: result of call to function returning 'Int32' is unused [#NoUsage]
2885 |         var stmt: OpaquePointer?
2886 |         guard fn.prepareV2(db, StoreSchema.evictPrefixSql, -1, &stmt, nil) == SQLITE_OK else {
2887 |             fn.finalize(stmt); return
     |                `- warning: result of call to function returning 'Int32' is unused [#NoUsage]
2888 |         }
2889 |         defer { fn.finalize(stmt) }

/private/tmp/board1-rc15-work-final/wt_IOS-SOS-RETRY-001/ios/Godstone/Sources/GodstoneMesh/MessageStore.swift:2889:20: warning: result of call to function returning 'Int32' is unused [#NoUsage]
2887 |             fn.finalize(stmt); return
2888 |         }
2889 |         defer { fn.finalize(stmt) }
     |                    `- warning: result of call to function returning 'Int32' is unused [#NoUsage]
2890 |         fn.bindInt64(stmt, 1, overshoot)
2891 |         fn.step(stmt)

/private/tmp/board1-rc15-work-final/wt_IOS-SOS-RETRY-001/ios/Godstone/Sources/GodstoneMesh/MessageStore.swift:2890:12: warning: result of call to function returning 'Int32' is unused [#NoUsage]
2888 |         }
2889 |         defer { fn.finalize(stmt) }
2890 |         fn.bindInt64(stmt, 1, overshoot)
     |            `- warning: result of call to function returning 'Int32' is unused [#NoUsage]
2891 |         fn.step(stmt)
2892 |     }

/private/tmp/board1-rc15-work-final/wt_IOS-SOS-RETRY-001/ios/Godstone/Sources/GodstoneMesh/MessageStore.swift:2891:12: warning: result of call to function returning 'Int32' is unused [#NoUsage]
2889 |         defer { fn.finalize(stmt) }
2890 |         fn.bindInt64(stmt, 1, overshoot)
2891 |         fn.step(stmt)
     |            `- warning: result of call to function returning 'Int32' is unused [#NoUsage]
2892 |     }
2893 | 

/private/tmp/board1-rc15-work-final/wt_IOS-SOS-RETRY-001/ios/Godstone/Sources/GodstoneMesh/MessageStore.swift:2921:16: warning: result of call to function returning 'Int32' is unused [#NoUsage]
2919 |         var stmt: OpaquePointer?
2920 |         guard fn.prepareV2(db, "PRAGMA user_version", -1, &stmt, nil) == SQLITE_OK else {
2921 |             fn.finalize(stmt); throw StoreError.prepareFailed
     |                `- warning: result of call to function returning 'Int32' is unused [#NoUsage]
2922 |         }
2923 |         defer { fn.finalize(stmt) }

/private/tmp/board1-rc15-work-final/wt_IOS-SOS-RETRY-001/ios/Godstone/Sources/GodstoneMesh/MessageStore.swift:2923:20: warning: result of call to function returning 'Int32' is unused [#NoUsage]
2921 |             fn.finalize(stmt); throw StoreError.prepareFailed
2922 |         }
2923 |         defer { fn.finalize(stmt) }
     |                    `- warning: result of call to function returning 'Int32' is unused [#NoUsage]
2924 |         guard fn.step(stmt) == SQLITE_ROW else { throw StoreError.stepFailed }
2925 |         return fn.columnInt(stmt, 0)

/private/tmp/board1-rc15-work-final/wt_IOS-SOS-RETRY-001/ios/Godstone/Sources/GodstoneMesh/MessageStore.swift:2962:16: warning: result of call to function returning 'Int32' is unused [#NoUsage]
2960 |         var stmt: OpaquePointer?
2961 |         guard fn.prepareV2(db, sql, -1, &stmt, nil) == SQLITE_OK else {
2962 |             fn.finalize(stmt); throw StoreError.prepareFailed
     |                `- warning: result of call to function returning 'Int32' is unused [#NoUsage]
2963 |         }
2964 |         defer { fn.finalize(stmt) }

/private/tmp/board1-rc15-work-final/wt_IOS-SOS-RETRY-001/ios/Godstone/Sources/GodstoneMesh/MessageStore.swift:2964:20: warning: result of call to function returning 'Int32' is unused [#NoUsage]
2962 |             fn.finalize(stmt); throw StoreError.prepareFailed
2963 |         }
2964 |         defer { fn.finalize(stmt) }
     |                    `- warning: result of call to function returning 'Int32' is unused [#NoUsage]
2965 |         guard fn.step(stmt) == SQLITE_ROW, let raw = fn.columnText(stmt, 0) else {
2966 |             throw StoreError.schemaMismatch

/private/tmp/board1-rc15-work-final/wt_IOS-SOS-RETRY-001/ios/Godstone/Sources/GodstoneMesh/MessageStore.swift:3166:26: warning: result of call to function returning 'Int32' is unused [#NoUsage]
3164 |                 try store.execStrict(db, "COMMIT")
3165 |             } catch {
3166 |                 store.fn.exec(db, "ROLLBACK", nil, nil, nil)
     |                          `- warning: result of call to function returning 'Int32' is unused [#NoUsage]
3167 |                 throw error
3168 |             }

/private/tmp/board1-rc15-work-final/wt_IOS-SOS-RETRY-001/ios/Godstone/Sources/GodstoneMesh/MessageStore.swift:3201:16: warning: result of call to function returning 'Int32' is unused [#NoUsage]
3199 |         var stmt: OpaquePointer?
3200 |         guard fn.prepareV2(db, "PRAGMA table_info(\(table))", -1, &stmt, nil) == SQLITE_OK else {
3201 |             fn.finalize(stmt); return false
     |                `- warning: result of call to function returning 'Int32' is unused [#NoUsage]
3202 |         }
3203 |         defer { fn.finalize(stmt) }

/private/tmp/board1-rc15-work-final/wt_IOS-SOS-RETRY-001/ios/Godstone/Sources/GodstoneMesh/MessageStore.swift:3203:20: warning: result of call to function returning 'Int32' is unused [#NoUsage]
3201 |             fn.finalize(stmt); return false
3202 |         }
3203 |         defer { fn.finalize(stmt) }
     |                    `- warning: result of call to function returning 'Int32' is unused [#NoUsage]
3204 |         while fn.step(stmt) == SQLITE_ROW {
3205 |             if let name = fn.columnText(stmt, 1), String(cString: name) == column { return true }

/private/tmp/board1-rc15-work-final/wt_IOS-SOS-RETRY-001/ios/Godstone/Sources/GodstoneMesh/MessageStore.swift:3237:16: warning: result of call to function returning 'Int32' is unused [#NoUsage]
3235 |         var stmt: OpaquePointer?
3236 |         guard fn.prepareV2(db, sql, -1, &stmt, nil) == SQLITE_OK else {
3237 |             fn.finalize(stmt); throw StoreError.prepareFailed
     |                `- warning: result of call to function returning 'Int32' is unused [#NoUsage]
3238 |         }
3239 |         defer { fn.finalize(stmt) }

/private/tmp/board1-rc15-work-final/wt_IOS-SOS-RETRY-001/ios/Godstone/Sources/GodstoneMesh/MessageStore.swift:3239:20: warning: result of call to function returning 'Int32' is unused [#NoUsage]
3237 |             fn.finalize(stmt); throw StoreError.prepareFailed
3238 |         }
3239 |         defer { fn.finalize(stmt) }
     |                    `- warning: result of call to function returning 'Int32' is unused [#NoUsage]
3240 |         guard fn.step(stmt) == SQLITE_ROW, let raw = fn.columnText(stmt, 0) else { return nil }
3241 |         return String(cString: raw)

/private/tmp/board1-rc15-work-final/wt_IOS-SOS-RETRY-001/ios/Godstone/Sources/GodstoneMesh/MessageStore.swift:3248:16: warning: result of call to function returning 'Int32' is unused [#NoUsage]
3246 |         var stmt: OpaquePointer?
3247 |         guard fn.prepareV2(db, "PRAGMA table_info(\(name))", -1, &stmt, nil) == SQLITE_OK else {
3248 |             fn.finalize(stmt); throw StoreError.prepareFailed
     |                `- warning: result of call to function returning 'Int32' is unused [#NoUsage]
3249 |         }
3250 |         defer { fn.finalize(stmt) }

/private/tmp/board1-rc15-work-final/wt_IOS-SOS-RETRY-001/ios/Godstone/Sources/GodstoneMesh/MessageStore.swift:3250:20: warning: result of call to function returning 'Int32' is unused [#NoUsage]
3248 |             fn.finalize(stmt); throw StoreError.prepareFailed
3249 |         }
3250 |         defer { fn.finalize(stmt) }
     |                    `- warning: result of call to function returning 'Int32' is unused [#NoUsage]
3251 |         var columns: [String] = []
3252 |         while fn.step(stmt) == SQLITE_ROW {

/private/tmp/board1-rc15-work-final/wt_IOS-SOS-RETRY-001/ios/Godstone/Sources/GodstoneMesh/MessageStore.swift:3306:16: warning: result of call to function returning 'Int32' is unused [#NoUsage]
3304 |         var stmt: OpaquePointer?
3305 |         guard fn.prepareV2(db, select, -1, &stmt, nil) == SQLITE_OK else {
3306 |             fn.finalize(stmt); return []
     |                `- warning: result of call to function returning 'Int32' is unused [#NoUsage]
3307 |         }
3308 |         defer { fn.finalize(stmt) }

/private/tmp/board1-rc15-work-final/wt_IOS-SOS-RETRY-001/ios/Godstone/Sources/GodstoneMesh/MessageStore.swift:3308:20: warning: result of call to function returning 'Int32' is unused [#NoUsage]
3306 |             fn.finalize(stmt); return []
3307 |         }
3308 |         defer { fn.finalize(stmt) }
     |                    `- warning: result of call to function returning 'Int32' is unused [#NoUsage]
3309 |         var rows: [[[UInt8]?]] = []
3310 |         while fn.step(stmt) == SQLITE_ROW {

/private/tmp/board1-rc15-work-final/wt_IOS-SOS-RETRY-001/ios/Godstone/Sources/GodstoneMesh/MessageStore.swift:3382:16: warning: result of call to function returning 'Int32' is unused [#NoUsage]
3380 |         var stmt: OpaquePointer?
3381 |         guard fn.prepareV2(db, StoreSchema.readDeliverySql, -1, &stmt, nil) == SQLITE_OK else {
3382 |             fn.finalize(stmt); throw StoreError.prepareFailed
     |                `- warning: result of call to function returning 'Int32' is unused [#NoUsage]
3383 |         }
3384 |         defer { fn.finalize(stmt) }

/private/tmp/board1-rc15-work-final/wt_IOS-SOS-RETRY-001/ios/Godstone/Sources/GodstoneMesh/MessageStore.swift:3384:20: warning: result of call to function returning 'Int32' is unused [#NoUsage]
3382 |             fn.finalize(stmt); throw StoreError.prepareFailed
3383 |         }
3384 |         defer { fn.finalize(stmt) }
     |                    `- warning: result of call to function returning 'Int32' is unused [#NoUsage]
3385 |         bindBlob(stmt, 1, msgId)
3386 |         let rc = fn.step(stmt)

/private/tmp/board1-rc15-work-final/wt_IOS-SOS-RETRY-001/ios/Godstone/Sources/GodstoneMesh/MessageStore.swift:3406:16: warning: result of call to function returning 'Int32' is unused [#NoUsage]
3404 |         var stmt: OpaquePointer?
3405 |         guard fn.prepareV2(db, StoreSchema.insertDeliverySql, -1, &stmt, nil) == SQLITE_OK else {
3406 |             fn.finalize(stmt); throw StoreError.prepareFailed
     |                `- warning: result of call to function returning 'Int32' is unused [#NoUsage]
3407 |         }
3408 |         defer { fn.finalize(stmt) }

/private/tmp/board1-rc15-work-final/wt_IOS-SOS-RETRY-001/ios/Godstone/Sources/GodstoneMesh/MessageStore.swift:3408:20: warning: result of call to function returning 'Int32' is unused [#NoUsage]
3406 |             fn.finalize(stmt); throw StoreError.prepareFailed
3407 |         }
3408 |         defer { fn.finalize(stmt) }
     |                    `- warning: result of call to function returning 'Int32' is unused [#NoUsage]
3409 |         bindBlob(stmt, 1, msgId)
3410 |         fn.bindInt(stmt, 2, stateOrdinal)

/private/tmp/board1-rc15-work-final/wt_IOS-SOS-RETRY-001/ios/Godstone/Sources/GodstoneMesh/MessageStore.swift:3410:12: warning: result of call to function returning 'Int32' is unused [#NoUsage]
3408 |         defer { fn.finalize(stmt) }
3409 |         bindBlob(stmt, 1, msgId)
3410 |         fn.bindInt(stmt, 2, stateOrdinal)
     |            `- warning: result of call to function returning 'Int32' is unused [#NoUsage]
3411 |         fn.bindInt(stmt, 3, ackModeOrdinal)
3412 |         if let r = expectedRecipient { bindBlob(stmt, 4, r) } else { fn.bindNull(stmt, 4) }

/private/tmp/board1-rc15-work-final/wt_IOS-SOS-RETRY-001/ios/Godstone/Sources/GodstoneMesh/MessageStore.swift:3411:12: warning: result of call to function returning 'Int32' is unused [#NoUsage]
3409 |         bindBlob(stmt, 1, msgId)
3410 |         fn.bindInt(stmt, 2, stateOrdinal)
3411 |         fn.bindInt(stmt, 3, ackModeOrdinal)
     |            `- warning: result of call to function returning 'Int32' is unused [#NoUsage]
3412 |         if let r = expectedRecipient { bindBlob(stmt, 4, r) } else { fn.bindNull(stmt, 4) }
3413 |         guard fn.step(stmt) == SQLITE_DONE else { throw StoreError.stepFailed }

/private/tmp/board1-rc15-work-final/wt_IOS-SOS-RETRY-001/ios/Godstone/Sources/GodstoneMesh/MessageStore.swift:3412:73: warning: result of call to function returning 'Int32' is unused [#NoUsage]
3410 |         fn.bindInt(stmt, 2, stateOrdinal)
3411 |         fn.bindInt(stmt, 3, ackModeOrdinal)
3412 |         if let r = expectedRecipient { bindBlob(stmt, 4, r) } else { fn.bindNull(stmt, 4) }
     |                                                                         `- warning: result of call to function returning 'Int32' is unused [#NoUsage]
3413 |         guard fn.step(stmt) == SQLITE_DONE else { throw StoreError.stepFailed }
3414 |         return fn.changes(db) > 0   // 1 inserted, 0 on conflict (DO NOTHING)

/private/tmp/board1-rc15-work-final/wt_IOS-SOS-RETRY-001/ios/Godstone/Sources/GodstoneMesh/MessageStore.swift:3459:16: warning: result of call to function returning 'Int32' is unused [#NoUsage]
3457 |         var stmt: OpaquePointer?
3458 |         guard fn.prepareV2(db, Self.intentInsertIfAbsentSql, -1, &stmt, nil) == SQLITE_OK else {
3459 |             fn.finalize(stmt); throw StoreError.stepFailed
     |                `- warning: result of call to function returning 'Int32' is unused [#NoUsage]
3460 |         }
3461 |         defer { fn.finalize(stmt) }

/private/tmp/board1-rc15-work-final/wt_IOS-SOS-RETRY-001/ios/Godstone/Sources/GodstoneMesh/MessageStore.swift:3461:20: warning: result of call to function returning 'Int32' is unused [#NoUsage]
3459 |             fn.finalize(stmt); throw StoreError.stepFailed
3460 |         }
3461 |         defer { fn.finalize(stmt) }
     |                    `- warning: result of call to function returning 'Int32' is unused [#NoUsage]
3462 |         // *** CRYPTO-005 (round 489): THE TWO LISTS ARE READ TOGETHER, WHICH IS THE LAW THIS SPAN LEARNED FOR THE SCHEMA AT ROUND 432
3463 |         // ("a list that describeth a shape existeth in more than one place"), APPLIED HERE TO A **BIND SEQUENCE**. The first version

/private/tmp/board1-rc15-work-final/wt_IOS-SOS-RETRY-001/ios/Godstone/Sources/GodstoneMesh/MessageStore.swift:3505:16: warning: result of call to function returning 'Int32' is unused [#NoUsage]
3503 |         var stmt: OpaquePointer?
3504 |         guard fn.prepareV2(db, Self.intentAdvanceSql, -1, &stmt, nil) == SQLITE_OK else {
3505 |             fn.finalize(stmt); throw StoreError.stepFailed
     |                `- warning: result of call to function returning 'Int32' is unused [#NoUsage]
3506 |         }
3507 |         defer { fn.finalize(stmt) }

/private/tmp/board1-rc15-work-final/wt_IOS-SOS-RETRY-001/ios/Godstone/Sources/GodstoneMesh/MessageStore.swift:3507:20: warning: result of call to function returning 'Int32' is unused [#NoUsage]
3505 |             fn.finalize(stmt); throw StoreError.stepFailed
3506 |         }
3507 |         defer { fn.finalize(stmt) }
     |                    `- warning: result of call to function returning 'Int32' is unused [#NoUsage]
3508 |         guard fn.bindInt64(stmt, 1, Int64(to.rawValue)) == SQLITE_OK,
3509 |               fn.bindBlob(stmt, 2, (intentId as NSData).bytes, Int32(intentId.count), nil) == SQLITE_OK,

/private/tmp/board1-rc15-work-final/wt_IOS-SOS-RETRY-001/ios/Godstone/Sources/GodstoneMesh/MessageStore.swift:3542:16: warning: result of call to function returning 'Int32' is unused [#NoUsage]
3540 |         var stmt: OpaquePointer?
3541 |         guard fn.prepareV2(db, Self.intentSelectSql, -1, &stmt, nil) == SQLITE_OK else {
3542 |             fn.finalize(stmt)
     |                `- warning: result of call to function returning 'Int32' is unused [#NoUsage]
3543 |             throw StoreError.stepFailed
3544 |         }

/private/tmp/board1-rc15-work-final/wt_IOS-SOS-RETRY-001/ios/Godstone/Sources/GodstoneMesh/MessageStore.swift:3545:20: warning: result of call to function returning 'Int32' is unused [#NoUsage]
3543 |             throw StoreError.stepFailed
3544 |         }
3545 |         defer { fn.finalize(stmt) }
     |                    `- warning: result of call to function returning 'Int32' is unused [#NoUsage]
3546 |         guard fn.bindBlob(stmt, 1, (intentId as NSData).bytes, Int32(intentId.count), nil) == SQLITE_OK else {
3547 |             throw StoreError.stepFailed

/private/tmp/board1-rc15-work-final/wt_IOS-SOS-RETRY-001/ios/Godstone/Sources/GodstoneMesh/MessageStore.swift:3599:20: warning: result of call to function returning 'Int32' is unused [#NoUsage]
3597 |             let sql = "SELECT \(StoreSchema.colDMsgId) FROM \(StoreSchema.deliveryTable)"
3598 |             guard fn.prepareV2(db, sql, -1, &stmt, nil) == SQLITE_OK else {
3599 |                 fn.finalize(stmt)
     |                    `- warning: result of call to function returning 'Int32' is unused [#NoUsage]
3600 |                 throw StoreError.prepareFailed
3601 |             }

/private/tmp/board1-rc15-work-final/wt_IOS-SOS-RETRY-001/ios/Godstone/Sources/GodstoneMesh/MessageStore.swift:3602:24: warning: result of call to function returning 'Int32' is unused [#NoUsage]
3600 |                 throw StoreError.prepareFailed
3601 |             }
3602 |             defer { fn.finalize(stmt) }
     |                        `- warning: result of call to function returning 'Int32' is unused [#NoUsage]
3603 |             var out: [Data] = []
3604 |             while fn.step(stmt) == SQLITE_ROW {

/private/tmp/board1-rc15-work-final/wt_IOS-SOS-RETRY-001/ios/Godstone/Sources/GodstoneMesh/MessageStore.swift:3642:20: warning: result of call to function returning 'Int32' is unused [#NoUsage]
3640 |             var stmt: OpaquePointer?
3641 |             guard fn.prepareV2(db, sql, -1, &stmt, nil) == SQLITE_OK else {
3642 |                 fn.finalize(stmt); throw StoreError.prepareFailed
     |                    `- warning: result of call to function returning 'Int32' is unused [#NoUsage]
3643 |             }
3644 |             defer { fn.finalize(stmt) }

/private/tmp/board1-rc15-work-final/wt_IOS-SOS-RETRY-001/ios/Godstone/Sources/GodstoneMesh/MessageStore.swift:3646:78: warning: result of call to function returning 'Int32' is unused [#NoUsage]
3644 |             defer { fn.finalize(stmt) }
3645 |             for (i, arg) in bytesArgs.enumerated() {
3646 |                 if let d = arg { bindBlob(stmt, Int32(i + 1), d) } else { fn.bindNull(stmt, Int32(i + 1)) }
     |                                                                              `- warning: result of call to function returning 'Int32' is unused [#NoUsage]
3647 |             }
3648 |             guard fn.step(stmt) == SQLITE_DONE else { throw StoreError.stepFailed }

/private/tmp/board1-rc15-work-final/wt_IOS-SOS-RETRY-001/ios/Godstone/Sources/GodstoneMesh/MessageStore.swift:3644:24: warning: result of call to function returning 'Int32' is unused [#NoUsage]
3642 |                 fn.finalize(stmt); throw StoreError.prepareFailed
3643 |             }
3644 |             defer { fn.finalize(stmt) }
     |                        `- warning: result of call to function returning 'Int32' is unused [#NoUsage]
3645 |             for (i, arg) in bytesArgs.enumerated() {
3646 |                 if let d = arg { bindBlob(stmt, Int32(i + 1), d) } else { fn.bindNull(stmt, Int32(i + 1)) }

/private/tmp/board1-rc15-work-final/wt_IOS-SOS-RETRY-001/ios/Godstone/Sources/GodstoneMesh/MessageStore.swift:3683:24: warning: result of call to function returning 'Int32' is unused [#NoUsage]
3681 |                 var stmt: OpaquePointer?
3682 |                 guard fn.prepareV2(db, guardedAckSql, -1, &stmt, nil) == SQLITE_OK else {
3683 |                     fn.finalize(stmt); throw StoreError.prepareFailed
     |                        `- warning: result of call to function returning 'Int32' is unused [#NoUsage]
3684 |                 }
3685 |                 defer { fn.finalize(stmt) }

/private/tmp/board1-rc15-work-final/wt_IOS-SOS-RETRY-001/ios/Godstone/Sources/GodstoneMesh/MessageStore.swift:3702:24: warning: result of call to function returning 'Int32' is unused [#NoUsage]
3700 |                 var delStmt: OpaquePointer?
3701 |                 guard fn.prepareV2(db, deleteHeldSql, -1, &delStmt, nil) == SQLITE_OK else {
3702 |                     fn.finalize(delStmt); throw StoreError.prepareFailed
     |                        `- warning: result of call to function returning 'Int32' is unused [#NoUsage]
3703 |                 }
3704 |                 defer { fn.finalize(delStmt) }

/private/tmp/board1-rc15-work-final/wt_IOS-SOS-RETRY-001/ios/Godstone/Sources/GodstoneMesh/MessageStore.swift:3685:28: warning: result of call to function returning 'Int32' is unused [#NoUsage]
3683 |                     fn.finalize(stmt); throw StoreError.prepareFailed
3684 |                 }
3685 |                 defer { fn.finalize(stmt) }
     |                            `- warning: result of call to function returning 'Int32' is unused [#NoUsage]
3686 |                 bindBlob(stmt, 1, msgId)
3687 |                 bindBlob(stmt, 2, expectedRecipient)

/private/tmp/board1-rc15-work-final/wt_IOS-SOS-RETRY-001/ios/Godstone/Sources/GodstoneMesh/MessageStore.swift:3704:28: warning: result of call to function returning 'Int32' is unused [#NoUsage]
3702 |                     fn.finalize(delStmt); throw StoreError.prepareFailed
3703 |                 }
3704 |                 defer { fn.finalize(delStmt) }
     |                            `- warning: result of call to function returning 'Int32' is unused [#NoUsage]
3705 |                 bindBlob(delStmt, 1, msgId)
3706 |                 guard fn.step(delStmt) == SQLITE_DONE else { throw StoreError.stepFailed }

/private/tmp/board1-rc15-work-final/wt_IOS-SOS-RETRY-001/ios/Godstone/Sources/GodstoneMesh/MessageStore.swift:3754:24: warning: result of call to function returning 'Int32' is unused [#NoUsage]
3752 |                 var stmt: OpaquePointer?
3753 |                 guard fn.prepareV2(db, guardedTransitionSql, -1, &stmt, nil) == SQLITE_OK else {
3754 |                     fn.finalize(stmt); throw StoreError.prepareFailed
     |                        `- warning: result of call to function returning 'Int32' is unused [#NoUsage]
3755 |                 }
3756 |                 defer { fn.finalize(stmt) }

/private/tmp/board1-rc15-work-final/wt_IOS-SOS-RETRY-001/ios/Godstone/Sources/GodstoneMesh/MessageStore.swift:3772:24: warning: result of call to function returning 'Int32' is unused [#NoUsage]
3770 |                 var delStmt: OpaquePointer?
3771 |                 guard fn.prepareV2(db, deleteHeldSql, -1, &delStmt, nil) == SQLITE_OK else {
3772 |                     fn.finalize(delStmt); throw StoreError.prepareFailed
     |                        `- warning: result of call to function returning 'Int32' is unused [#NoUsage]
3773 |                 }
3774 |                 defer { fn.finalize(delStmt) }

/private/tmp/board1-rc15-work-final/wt_IOS-SOS-RETRY-001/ios/Godstone/Sources/GodstoneMesh/MessageStore.swift:3756:28: warning: result of call to function returning 'Int32' is unused [#NoUsage]
3754 |                     fn.finalize(stmt); throw StoreError.prepareFailed
3755 |                 }
3756 |                 defer { fn.finalize(stmt) }
     |                            `- warning: result of call to function returning 'Int32' is unused [#NoUsage]
3757 |                 bindBlob(stmt, 1, msgId)
3758 |                 guard fn.step(stmt) == SQLITE_DONE else { throw StoreError.stepFailed }

/private/tmp/board1-rc15-work-final/wt_IOS-SOS-RETRY-001/ios/Godstone/Sources/GodstoneMesh/MessageStore.swift:3774:28: warning: result of call to function returning 'Int32' is unused [#NoUsage]
3772 |                     fn.finalize(delStmt); throw StoreError.prepareFailed
3773 |                 }
3774 |                 defer { fn.finalize(delStmt) }
     |                            `- warning: result of call to function returning 'Int32' is unused [#NoUsage]
3775 |                 bindBlob(delStmt, 1, msgId)
3776 |                 guard fn.step(delStmt) == SQLITE_DONE else { throw StoreError.stepFailed }

/private/tmp/board1-rc15-work-final/wt_IOS-SOS-RETRY-001/ios/Godstone/Sources/GodstoneMesh/MessageStore.swift:3824:20: warning: result of call to function returning 'Int32' is unused [#NoUsage]
3822 |             var stmt: OpaquePointer?
3823 |             guard fn.prepareV2(db, sql, -1, &stmt, nil) == SQLITE_OK else {
3824 |                 fn.finalize(stmt); return 0
     |                    `- warning: result of call to function returning 'Int32' is unused [#NoUsage]
3825 |             }
3826 |             defer { fn.finalize(stmt) }

/private/tmp/board1-rc15-work-final/wt_IOS-SOS-RETRY-001/ios/Godstone/Sources/GodstoneMesh/MessageStore.swift:3830:16: warning: result of call to function returning 'Int32' is unused [#NoUsage]
3828 |                 bindBlob(stmt, Int32(i + 1), arg)
3829 |             }
3830 |             fn.step(stmt)
     |                `- warning: result of call to function returning 'Int32' is unused [#NoUsage]
3831 |             return Int(fn.changes(db))
3832 |         } ?? 0

/private/tmp/board1-rc15-work-final/wt_IOS-SOS-RETRY-001/ios/Godstone/Sources/GodstoneMesh/MessageStore.swift:3826:24: warning: result of call to function returning 'Int32' is unused [#NoUsage]
3824 |                 fn.finalize(stmt); return 0
3825 |             }
3826 |             defer { fn.finalize(stmt) }
     |                        `- warning: result of call to function returning 'Int32' is unused [#NoUsage]
3827 |             for (i, arg) in bytesArgs.enumerated() {
3828 |                 bindBlob(stmt, Int32(i + 1), arg)

/private/tmp/board1-rc15-work-final/wt_IOS-SOS-RETRY-001/ios/Godstone/Sources/GodstoneMesh/MessageStore.swift:3906:16: warning: result of call to function returning 'Int32' is unused [#NoUsage]
3904 |     private func bindBlob(_ stmt: OpaquePointer?, _ index: Int32, _ data: Data) {
3905 |         data.withUnsafeBytes { (raw: UnsafeRawBufferPointer) -> Void in
3906 |             fn.bindBlob(stmt, index, raw.baseAddress, Int32(data.count), storeSqliteTransient)
     |                `- warning: result of call to function returning 'Int32' is unused [#NoUsage]
3907 |         }
3908 |     }

/private/tmp/board1-rc15-work-final/wt_IOS-SOS-RETRY-001/ios/Godstone/Sources/GodstoneMesh/MessageStore.swift:4407:16: warning: result of call to function returning 'Int32' is unused [#NoUsage]
4405 |         var stmt: OpaquePointer?
4406 |         guard fn.prepareV2(db, StoreSchema.insertObligationSql, -1, &stmt, nil) == SQLITE_OK else {
4407 |             fn.finalize(stmt); throw StoreError.prepareFailed
     |                `- warning: result of call to function returning 'Int32' is unused [#NoUsage]
4408 |         }
4409 |         defer { fn.finalize(stmt) }

/private/tmp/board1-rc15-work-final/wt_IOS-SOS-RETRY-001/ios/Godstone/Sources/GodstoneMesh/MessageStore.swift:4409:20: warning: result of call to function returning 'Int32' is unused [#NoUsage]
4407 |             fn.finalize(stmt); throw StoreError.prepareFailed
4408 |         }
4409 |         defer { fn.finalize(stmt) }
     |                    `- warning: result of call to function returning 'Int32' is unused [#NoUsage]
4410 |         bindBlob(stmt, 1, msgId)
4411 |         bindBlob(stmt, 2, recipientNodeId)

/private/tmp/board1-rc15-work-final/wt_IOS-SOS-RETRY-001/ios/Godstone/Sources/GodstoneMesh/MessageStore.swift:4412:12: warning: result of call to function returning 'Int32' is unused [#NoUsage]
4410 |         bindBlob(stmt, 1, msgId)
4411 |         bindBlob(stmt, 2, recipientNodeId)
4412 |         fn.bindInt64(stmt, 3, identityGeneration)
     |            `- warning: result of call to function returning 'Int32' is unused [#NoUsage]
4413 |         fn.bindInt64(stmt, 4, remainingLifetimeMs)
4414 |         fn.bindInt(stmt, 5, stateCode)

/private/tmp/board1-rc15-work-final/wt_IOS-SOS-RETRY-001/ios/Godstone/Sources/GodstoneMesh/MessageStore.swift:4413:12: warning: result of call to function returning 'Int32' is unused [#NoUsage]
4411 |         bindBlob(stmt, 2, recipientNodeId)
4412 |         fn.bindInt64(stmt, 3, identityGeneration)
4413 |         fn.bindInt64(stmt, 4, remainingLifetimeMs)
     |            `- warning: result of call to function returning 'Int32' is unused [#NoUsage]
4414 |         fn.bindInt(stmt, 5, stateCode)
4415 |         guard fn.step(stmt) == SQLITE_DONE else { throw StoreError.stepFailed }

/private/tmp/board1-rc15-work-final/wt_IOS-SOS-RETRY-001/ios/Godstone/Sources/GodstoneMesh/MessageStore.swift:4414:12: warning: result of call to function returning 'Int32' is unused [#NoUsage]
4412 |         fn.bindInt64(stmt, 3, identityGeneration)
4413 |         fn.bindInt64(stmt, 4, remainingLifetimeMs)
4414 |         fn.bindInt(stmt, 5, stateCode)
     |            `- warning: result of call to function returning 'Int32' is unused [#NoUsage]
4415 |         guard fn.step(stmt) == SQLITE_DONE else { throw StoreError.stepFailed }
4416 |         return fn.changes(db) > 0   // 1 inserted, 0 on pair-key conflict (DO NOTHING)

/private/tmp/board1-rc15-work-final/wt_IOS-SOS-RETRY-001/ios/Godstone/Sources/GodstoneMesh/MessageStore.swift:4429:16: warning: result of call to function returning 'Int32' is unused [#NoUsage]
4427 |         var stmt: OpaquePointer?
4428 |         guard fn.prepareV2(db, StoreSchema.readObligationSql, -1, &stmt, nil) == SQLITE_OK else {
4429 |             fn.finalize(stmt); throw StoreError.prepareFailed
     |                `- warning: result of call to function returning 'Int32' is unused [#NoUsage]
4430 |         }
4431 |         defer { fn.finalize(stmt) }

/private/tmp/board1-rc15-work-final/wt_IOS-SOS-RETRY-001/ios/Godstone/Sources/GodstoneMesh/MessageStore.swift:4431:20: warning: result of call to function returning 'Int32' is unused [#NoUsage]
4429 |             fn.finalize(stmt); throw StoreError.prepareFailed
4430 |         }
4431 |         defer { fn.finalize(stmt) }
     |                    `- warning: result of call to function returning 'Int32' is unused [#NoUsage]
4432 |         bindBlob(stmt, 1, msgId)
4433 |         bindBlob(stmt, 2, recipientNodeId)

/private/tmp/board1-rc15-work-final/wt_IOS-SOS-RETRY-001/ios/Godstone/Sources/GodstoneMesh/MessageStore.swift:4449:20: warning: result of call to function returning 'Int32' is unused [#NoUsage]
4447 |             var stmt: OpaquePointer?
4448 |             guard fn.prepareV2(db, StoreSchema.listPendingObligationSql, -1, &stmt, nil) == SQLITE_OK else {
4449 |                 fn.finalize(stmt); throw StoreError.prepareFailed
     |                    `- warning: result of call to function returning 'Int32' is unused [#NoUsage]
4450 |             }
4451 |             defer { fn.finalize(stmt) }

/private/tmp/board1-rc15-work-final/wt_IOS-SOS-RETRY-001/ios/Godstone/Sources/GodstoneMesh/MessageStore.swift:4452:16: warning: result of call to function returning 'Int32' is unused [#NoUsage]
4450 |             }
4451 |             defer { fn.finalize(stmt) }
4452 |             fn.bindInt64(stmt, 1, Int64(bound))
     |                `- warning: result of call to function returning 'Int32' is unused [#NoUsage]
4453 |             var out: [ObligationEntryRow] = []
4454 |             while fn.step(stmt) == SQLITE_ROW {

/private/tmp/board1-rc15-work-final/wt_IOS-SOS-RETRY-001/ios/Godstone/Sources/GodstoneMesh/MessageStore.swift:4451:24: warning: result of call to function returning 'Int32' is unused [#NoUsage]
4449 |                 fn.finalize(stmt); throw StoreError.prepareFailed
4450 |             }
4451 |             defer { fn.finalize(stmt) }
     |                        `- warning: result of call to function returning 'Int32' is unused [#NoUsage]
4452 |             fn.bindInt64(stmt, 1, Int64(bound))
4453 |             var out: [ObligationEntryRow] = []

/private/tmp/board1-rc15-work-final/wt_IOS-SOS-RETRY-001/ios/Godstone/Sources/GodstoneMesh/MessageStore.swift:4470:20: warning: result of call to function returning 'Int32' is unused [#NoUsage]
4468 |             var stmt: OpaquePointer?
4469 |             guard fn.prepareV2(db, StoreSchema.countObligationSql, -1, &stmt, nil) == SQLITE_OK else {
4470 |                 fn.finalize(stmt); throw StoreError.prepareFailed
     |                    `- warning: result of call to function returning 'Int32' is unused [#NoUsage]
4471 |             }
4472 |             defer { fn.finalize(stmt) }

/private/tmp/board1-rc15-work-final/wt_IOS-SOS-RETRY-001/ios/Godstone/Sources/GodstoneMesh/MessageStore.swift:4472:24: warning: result of call to function returning 'Int32' is unused [#NoUsage]
4470 |                 fn.finalize(stmt); throw StoreError.prepareFailed
4471 |             }
4472 |             defer { fn.finalize(stmt) }
     |                        `- warning: result of call to function returning 'Int32' is unused [#NoUsage]
4473 |             guard fn.step(stmt) == SQLITE_ROW else { return 0 }
4474 |             return Int(fn.columnInt(stmt, 0))

/private/tmp/board1-rc15-work-final/wt_IOS-SOS-RETRY-001/ios/Godstone/Sources/GodstoneMesh/MessageStore.swift:4495:16: warning: result of call to function returning 'Int32' is unused [#NoUsage]
4493 |         var stmt: OpaquePointer?
4494 |         guard fn.prepareV2(db, sql, -1, &stmt, nil) == SQLITE_OK else {
4495 |             fn.finalize(stmt); throw StoreError.prepareFailed
     |                `- warning: result of call to function returning 'Int32' is unused [#NoUsage]
4496 |         }
4497 |         defer { fn.finalize(stmt) }

/private/tmp/board1-rc15-work-final/wt_IOS-SOS-RETRY-001/ios/Godstone/Sources/GodstoneMesh/MessageStore.swift:4497:20: warning: result of call to function returning 'Int32' is unused [#NoUsage]
4495 |             fn.finalize(stmt); throw StoreError.prepareFailed
4496 |         }
4497 |         defer { fn.finalize(stmt) }
     |                    `- warning: result of call to function returning 'Int32' is unused [#NoUsage]
4498 |         for (i, arg) in binds.enumerated() { bindBlob(stmt, Int32(i + 1), arg) }
4499 |         guard fn.step(stmt) == SQLITE_DONE else { throw StoreError.stepFailed }

/private/tmp/board1-rc15-work-final/wt_IOS-SOS-RETRY-001/ios/Godstone/Sources/GodstoneMesh/MessageStore.swift:4512:16: warning: result of call to function returning 'Int32' is unused [#NoUsage]
4510 |         var stmt: OpaquePointer?
4511 |         guard fn.prepareV2(db, StoreSchema.insertAckFrameSql, -1, &stmt, nil) == SQLITE_OK else {
4512 |             fn.finalize(stmt); throw StoreError.prepareFailed
     |                `- warning: result of call to function returning 'Int32' is unused [#NoUsage]
4513 |         }
4514 |         defer { fn.finalize(stmt) }

/private/tmp/board1-rc15-work-final/wt_IOS-SOS-RETRY-001/ios/Godstone/Sources/GodstoneMesh/MessageStore.swift:4514:20: warning: result of call to function returning 'Int32' is unused [#NoUsage]
4512 |             fn.finalize(stmt); throw StoreError.prepareFailed
4513 |         }
4514 |         defer { fn.finalize(stmt) }
     |                    `- warning: result of call to function returning 'Int32' is unused [#NoUsage]
4515 |         bindBlob(stmt, 1, row.ackKey)
4516 |         bindBlob(stmt, 2, row.msgId)

/private/tmp/board1-rc15-work-final/wt_IOS-SOS-RETRY-001/ios/Godstone/Sources/GodstoneMesh/MessageStore.swift:4520:78: warning: result of call to function returning 'Int32' is unused [#NoUsage]
4518 |         bindBlob(stmt, 4, row.signature)
4519 |         bindBlob(stmt, 5, row.encodedFrame)
4520 |         if let from = row.receivedFrom { bindBlob(stmt, 6, from) } else { fn.bindNull(stmt, 6) }
     |                                                                              `- warning: result of call to function returning 'Int32' is unused [#NoUsage]
4521 |         fn.bindInt64(stmt, 7, row.remainingLifetimeMs)
4522 |         fn.bindInt(stmt, 8, row.verificationClassCode)

/private/tmp/board1-rc15-work-final/wt_IOS-SOS-RETRY-001/ios/Godstone/Sources/GodstoneMesh/MessageStore.swift:4521:12: warning: result of call to function returning 'Int32' is unused [#NoUsage]
4519 |         bindBlob(stmt, 5, row.encodedFrame)
4520 |         if let from = row.receivedFrom { bindBlob(stmt, 6, from) } else { fn.bindNull(stmt, 6) }
4521 |         fn.bindInt64(stmt, 7, row.remainingLifetimeMs)
     |            `- warning: result of call to function returning 'Int32' is unused [#NoUsage]
4522 |         fn.bindInt(stmt, 8, row.verificationClassCode)
4523 |         guard fn.step(stmt) == SQLITE_DONE else { throw StoreError.stepFailed }

/private/tmp/board1-rc15-work-final/wt_IOS-SOS-RETRY-001/ios/Godstone/Sources/GodstoneMesh/MessageStore.swift:4522:12: warning: result of call to function returning 'Int32' is unused [#NoUsage]
4520 |         if let from = row.receivedFrom { bindBlob(stmt, 6, from) } else { fn.bindNull(stmt, 6) }
4521 |         fn.bindInt64(stmt, 7, row.remainingLifetimeMs)
4522 |         fn.bindInt(stmt, 8, row.verificationClassCode)
     |            `- warning: result of call to function returning 'Int32' is unused [#NoUsage]
4523 |         guard fn.step(stmt) == SQLITE_DONE else { throw StoreError.stepFailed }
4524 |         return fn.changes(db) > 0   // 1 inserted, 0 on ack_key conflict (DO NOTHING)

/private/tmp/board1-rc15-work-final/wt_IOS-SOS-RETRY-001/ios/Godstone/Sources/GodstoneMesh/MessageStore.swift:4531:20: warning: result of call to function returning 'Int32' is unused [#NoUsage]
4529 |             var stmt: OpaquePointer?
4530 |             guard fn.prepareV2(db, StoreSchema.readAckFrameSql, -1, &stmt, nil) == SQLITE_OK else {
4531 |                 fn.finalize(stmt); throw StoreError.prepareFailed
     |                    `- warning: result of call to function returning 'Int32' is unused [#NoUsage]
4532 |             }
4533 |             defer { fn.finalize(stmt) }

/private/tmp/board1-rc15-work-final/wt_IOS-SOS-RETRY-001/ios/Godstone/Sources/GodstoneMesh/MessageStore.swift:4533:24: warning: result of call to function returning 'Int32' is unused [#NoUsage]
4531 |                 fn.finalize(stmt); throw StoreError.prepareFailed
4532 |             }
4533 |             defer { fn.finalize(stmt) }
     |                        `- warning: result of call to function returning 'Int32' is unused [#NoUsage]
4534 |             bindBlob(stmt, 1, ackKey)
4535 |             let rc = fn.step(stmt)

/private/tmp/board1-rc15-work-final/wt_IOS-SOS-RETRY-001/ios/Godstone/Sources/GodstoneMesh/MessageStore.swift:4553:20: warning: result of call to function returning 'Int32' is unused [#NoUsage]
4551 |             var stmt: OpaquePointer?
4552 |             guard fn.prepareV2(db, StoreSchema.listAckFrameForPairSql, -1, &stmt, nil) == SQLITE_OK else {
4553 |                 fn.finalize(stmt); throw StoreError.prepareFailed
     |                    `- warning: result of call to function returning 'Int32' is unused [#NoUsage]
4554 |             }
4555 |             defer { fn.finalize(stmt) }

/private/tmp/board1-rc15-work-final/wt_IOS-SOS-RETRY-001/ios/Godstone/Sources/GodstoneMesh/MessageStore.swift:4558:16: warning: result of call to function returning 'Int32' is unused [#NoUsage]
4556 |             bindBlob(stmt, 1, msgId)
4557 |             bindBlob(stmt, 2, recipientNodeId)
4558 |             fn.bindInt64(stmt, 3, Int64(bound))
     |                `- warning: result of call to function returning 'Int32' is unused [#NoUsage]
4559 |             var out: [AckFrameRowView] = []
4560 |             while fn.step(stmt) == SQLITE_ROW {

/private/tmp/board1-rc15-work-final/wt_IOS-SOS-RETRY-001/ios/Godstone/Sources/GodstoneMesh/MessageStore.swift:4555:24: warning: result of call to function returning 'Int32' is unused [#NoUsage]
4553 |                 fn.finalize(stmt); throw StoreError.prepareFailed
4554 |             }
4555 |             defer { fn.finalize(stmt) }
     |                        `- warning: result of call to function returning 'Int32' is unused [#NoUsage]
4556 |             bindBlob(stmt, 1, msgId)
4557 |             bindBlob(stmt, 2, recipientNodeId)

/private/tmp/board1-rc15-work-final/wt_IOS-SOS-RETRY-001/ios/Godstone/Sources/GodstoneMesh/MessageStore.swift:4578:20: warning: result of call to function returning 'Int32' is unused [#NoUsage]
4576 |             var stmt: OpaquePointer?
4577 |             guard fn.prepareV2(db, StoreSchema.countAckFrameForPairSql, -1, &stmt, nil) == SQLITE_OK else {
4578 |                 fn.finalize(stmt); throw StoreError.prepareFailed
     |                    `- warning: result of call to function returning 'Int32' is unused [#NoUsage]
4579 |             }
4580 |             defer { fn.finalize(stmt) }

/private/tmp/board1-rc15-work-final/wt_IOS-SOS-RETRY-001/ios/Godstone/Sources/GodstoneMesh/MessageStore.swift:4580:24: warning: result of call to function returning 'Int32' is unused [#NoUsage]
4578 |                 fn.finalize(stmt); throw StoreError.prepareFailed
4579 |             }
4580 |             defer { fn.finalize(stmt) }
     |                        `- warning: result of call to function returning 'Int32' is unused [#NoUsage]
4581 |             bindBlob(stmt, 1, msgId)
4582 |             bindBlob(stmt, 2, recipientNodeId)

/private/tmp/board1-rc15-work-final/wt_IOS-SOS-RETRY-001/ios/Godstone/Sources/GodstoneMesh/MessageStore.swift:4592:20: warning: result of call to function returning 'Int32' is unused [#NoUsage]
4590 |             var stmt: OpaquePointer?
4591 |             guard fn.prepareV2(db, StoreSchema.countAckFrameTotalSql, -1, &stmt, nil) == SQLITE_OK else {
4592 |                 fn.finalize(stmt); throw StoreError.prepareFailed
     |                    `- warning: result of call to function returning 'Int32' is unused [#NoUsage]
4593 |             }
4594 |             defer { fn.finalize(stmt) }

/private/tmp/board1-rc15-work-final/wt_IOS-SOS-RETRY-001/ios/Godstone/Sources/GodstoneMesh/MessageStore.swift:4594:24: warning: result of call to function returning 'Int32' is unused [#NoUsage]
4592 |                 fn.finalize(stmt); throw StoreError.prepareFailed
4593 |             }
4594 |             defer { fn.finalize(stmt) }
     |                        `- warning: result of call to function returning 'Int32' is unused [#NoUsage]
4595 |             guard fn.step(stmt) == SQLITE_ROW else { return 0 }
4596 |             return Int(fn.columnInt(stmt, 0))

/private/tmp/board1-rc15-work-final/wt_IOS-SOS-RETRY-001/ios/Godstone/Sources/GodstoneMesh/MessageStore.swift:4612:20: warning: result of call to function returning 'Int32' is unused [#NoUsage]
4610 |             var stmt: OpaquePointer?
4611 |             guard fn.prepareV2(db, StoreSchema.listAckFrameSql, -1, &stmt, nil) == SQLITE_OK else {
4612 |                 fn.finalize(stmt); throw StoreError.prepareFailed
     |                    `- warning: result of call to function returning 'Int32' is unused [#NoUsage]
4613 |             }
4614 |             defer { fn.finalize(stmt) }

/private/tmp/board1-rc15-work-final/wt_IOS-SOS-RETRY-001/ios/Godstone/Sources/GodstoneMesh/MessageStore.swift:4615:16: warning: result of call to function returning 'Int32' is unused [#NoUsage]
4613 |             }
4614 |             defer { fn.finalize(stmt) }
4615 |             fn.bindInt(stmt, 1, bound)
     |                `- warning: result of call to function returning 'Int32' is unused [#NoUsage]
4616 |             var out: [AckFrameRowView] = []
4617 |             while fn.step(stmt) == SQLITE_ROW {

/private/tmp/board1-rc15-work-final/wt_IOS-SOS-RETRY-001/ios/Godstone/Sources/GodstoneMesh/MessageStore.swift:4614:24: warning: result of call to function returning 'Int32' is unused [#NoUsage]
4612 |                 fn.finalize(stmt); throw StoreError.prepareFailed
4613 |             }
4614 |             defer { fn.finalize(stmt) }
     |                        `- warning: result of call to function returning 'Int32' is unused [#NoUsage]
4615 |             fn.bindInt(stmt, 1, bound)
4616 |             var out: [AckFrameRowView] = []

/private/tmp/board1-rc15-work-final/wt_IOS-SOS-RETRY-001/ios/Godstone/Sources/GodstoneMesh/MessageStore.swift:4637:20: warning: result of call to function returning 'Int32' is unused [#NoUsage]
4635 |             var stmt: OpaquePointer?
4636 |             guard fn.prepareV2(db, StoreSchema.debitAckFrameSql, -1, &stmt, nil) == SQLITE_OK else {
4637 |                 fn.finalize(stmt); throw StoreError.prepareFailed
     |                    `- warning: result of call to function returning 'Int32' is unused [#NoUsage]
4638 |             }
4639 |             defer { fn.finalize(stmt) }


SwiftCompile normal arm64 /private/tmp/board1-rc15-work-final/wt_IOS-SOS-RETRY-001/ios/Godstone/Sources/GodstoneMesh/MeshTrustFacade.swift (in target 'GodstoneMesh' from project 'GodstonePackages')
    cd /tmp/board1-rc15-work-final/wt_IOS-SOS-RETRY-001/ios/Godstone.xcodeproj
    builtin-SwiftPerFileCompile MeshTrustFacade.swift

SwiftCompile normal arm64 /private/tmp/board1-rc15-work-final/wt_IOS-SOS-RETRY-001/ios/Godstone/Sources/GodstoneMesh/MeshUXModel.swift (in target 'GodstoneMesh' from project 'GodstonePackages')
    cd /tmp/board1-rc15-work-final/wt_IOS-SOS-RETRY-001/ios/Godstone.xcodeproj
    builtin-SwiftPerFileCompile MeshUXModel.swift

SwiftCompile normal arm64 /private/tmp/board1-rc15-work-final/wt_IOS-SOS-RETRY-001/ios/Godstone/Sources/GodstoneMesh/MessageStore.swift (in target 'GodstoneMesh' from project 'GodstonePackages')
    cd /tmp/board1-rc15-work-final/wt_IOS-SOS-RETRY-001/ios/Godstone.xcodeproj
    builtin-SwiftPerFileCompile MessageStore.swift

SwiftCompile normal arm64 /private/tmp/board1-rc15-work-final/wt_IOS-SOS-RETRY-001/ios/Godstone/Sources/GodstoneMesh/NoiseSession.swift (in target 'GodstoneMesh' from project 'GodstonePackages')
    cd /tmp/board1-rc15-work-final/wt_IOS-SOS-RETRY-001/ios/Godstone.xcodeproj
    builtin-SwiftPerFileCompile NoiseSession.swift

SwiftCompile normal arm64 /private/tmp/board1-rc15-work-final/wt_IOS-SOS-RETRY-001/ios/Godstone/Sources/GodstoneMesh/OwnedVerifiedConnection.swift (in target 'GodstoneMesh' from project 'GodstonePackages')
    cd /tmp/board1-rc15-work-final/wt_IOS-SOS-RETRY-001/ios/Godstone.xcodeproj
    builtin-SwiftPerFileCompile OwnedVerifiedConnection.swift

SwiftCompile normal arm64 /private/tmp/board1-rc15-work-final/wt_IOS-SOS-RETRY-001/ios/Godstone/Sources/GodstoneMesh/PanicWipe.swift (in target 'GodstoneMesh' from project 'GodstonePackages')
    cd /tmp/board1-rc15-work-final/wt_IOS-SOS-RETRY-001/ios/Godstone.xcodeproj
    builtin-SwiftPerFileCompile PanicWipe.swift

SwiftCompile normal arm64 /private/tmp/board1-rc15-work-final/wt_IOS-SOS-RETRY-001/ios/Godstone/Sources/GodstoneMesh/PeerEventPublisher.swift (in target 'GodstoneMesh' from project 'GodstonePackages')
    cd /tmp/board1-rc15-work-final/wt_IOS-SOS-RETRY-001/ios/Godstone.xcodeproj
    builtin-SwiftPerFileCompile PeerEventPublisher.swift

SwiftCompile normal arm64 /private/tmp/board1-rc15-work-final/wt_IOS-SOS-RETRY-001/ios/Godstone/Sources/GodstoneMesh/PeerGovernor.swift (in target 'GodstoneMesh' from project 'GodstonePackages')
    cd /tmp/board1-rc15-work-final/wt_IOS-SOS-RETRY-001/ios/Godstone.xcodeproj
    builtin-SwiftPerFileCompile PeerGovernor.swift

SwiftCompile normal arm64 /private/tmp/board1-rc15-work-final/wt_IOS-SOS-RETRY-001/ios/Godstone/Sources/GodstoneMesh/PeerIdentityRepository.swift (in target 'GodstoneMesh' from project 'GodstonePackages')
    cd /tmp/board1-rc15-work-final/wt_IOS-SOS-RETRY-001/ios/Godstone.xcodeproj
    builtin-SwiftPerFileCompile PeerIdentityRepository.swift

/private/tmp/board1-rc15-work-final/wt_IOS-SOS-RETRY-001/ios/Godstone/Sources/GodstoneMesh/MessageStore.swift:4640:16: warning: result of call to function returning 'Int32' is unused [#NoUsage]
4638 |             }
4639 |             defer { fn.finalize(stmt) }
4640 |             fn.bindInt64(stmt, 1, remainingLifetimeMs)
     |                `- warning: result of call to function returning 'Int32' is unused [#NoUsage]
4641 |             bindBlob(stmt, 2, ackKey)
4642 |             fn.bindInt64(stmt, 3, remainingLifetimeMs)

/private/tmp/board1-rc15-work-final/wt_IOS-SOS-RETRY-001/ios/Godstone/Sources/GodstoneMesh/MessageStore.swift:4642:16: warning: result of call to function returning 'Int32' is unused [#NoUsage]
4640 |             fn.bindInt64(stmt, 1, remainingLifetimeMs)
4641 |             bindBlob(stmt, 2, ackKey)
4642 |             fn.bindInt64(stmt, 3, remainingLifetimeMs)
     |                `- warning: result of call to function returning 'Int32' is unused [#NoUsage]
4643 |             guard fn.step(stmt) == SQLITE_DONE else { throw StoreError.stepFailed }
4644 |             return fn.changes(db) > 0

/private/tmp/board1-rc15-work-final/wt_IOS-SOS-RETRY-001/ios/Godstone/Sources/GodstoneMesh/MessageStore.swift:4639:24: warning: result of call to function returning 'Int32' is unused [#NoUsage]
4637 |                 fn.finalize(stmt); throw StoreError.prepareFailed
4638 |             }
4639 |             defer { fn.finalize(stmt) }
     |                        `- warning: result of call to function returning 'Int32' is unused [#NoUsage]
4640 |             fn.bindInt64(stmt, 1, remainingLifetimeMs)
4641 |             bindBlob(stmt, 2, ackKey)

/private/tmp/board1-rc15-work-final/wt_IOS-SOS-RETRY-001/ios/Godstone/Sources/GodstoneMesh/MessageStore.swift:4652:20: warning: result of call to function returning 'Int32' is unused [#NoUsage]
4650 |             var stmt: OpaquePointer?
4651 |             guard fn.prepareV2(db, StoreSchema.deleteAckFrameSql, -1, &stmt, nil) == SQLITE_OK else {
4652 |                 fn.finalize(stmt); throw StoreError.prepareFailed
     |                    `- warning: result of call to function returning 'Int32' is unused [#NoUsage]
4653 |             }
4654 |             defer { fn.finalize(stmt) }

/private/tmp/board1-rc15-work-final/wt_IOS-SOS-RETRY-001/ios/Godstone/Sources/GodstoneMesh/MessageStore.swift:4654:24: warning: result of call to function returning 'Int32' is unused [#NoUsage]
4652 |                 fn.finalize(stmt); throw StoreError.prepareFailed
4653 |             }
4654 |             defer { fn.finalize(stmt) }
     |                        `- warning: result of call to function returning 'Int32' is unused [#NoUsage]
4655 |             bindBlob(stmt, 1, ackKey)
4656 |             guard fn.step(stmt) == SQLITE_DONE else { throw StoreError.stepFailed }

/private/tmp/board1-rc15-work-final/wt_IOS-SOS-RETRY-001/ios/Godstone/Sources/GodstoneMesh/MessageStore.swift:4665:20: warning: result of call to function returning 'Int32' is unused [#NoUsage]
4663 |             var stmt: OpaquePointer?
4664 |             guard fn.prepareV2(db, StoreSchema.countAckFrameFromPeerSql, -1, &stmt, nil) == SQLITE_OK else {
4665 |                 fn.finalize(stmt); throw StoreError.prepareFailed
     |                    `- warning: result of call to function returning 'Int32' is unused [#NoUsage]
4666 |             }
4667 |             defer { fn.finalize(stmt) }

/private/tmp/board1-rc15-work-final/wt_IOS-SOS-RETRY-001/ios/Godstone/Sources/GodstoneMesh/MessageStore.swift:4667:24: warning: result of call to function returning 'Int32' is unused [#NoUsage]
4665 |                 fn.finalize(stmt); throw StoreError.prepareFailed
4666 |             }
4667 |             defer { fn.finalize(stmt) }
     |                        `- warning: result of call to function returning 'Int32' is unused [#NoUsage]
4668 |             bindBlob(stmt, 1, peer)
4669 |             guard fn.step(stmt) == SQLITE_ROW else { return 0 }

/private/tmp/board1-rc15-work-final/wt_IOS-SOS-RETRY-001/ios/Godstone/Sources/GodstoneMesh/MessageStore.swift:4681:20: warning: result of call to function returning 'Int32' is unused [#NoUsage]
4679 |             var presentStmt: OpaquePointer?
4680 |             guard fn.prepareV2(db, StoreSchema.readAckFrameSql, -1, &presentStmt, nil) == SQLITE_OK else {
4681 |                 fn.finalize(presentStmt); throw StoreError.prepareFailed
     |                    `- warning: result of call to function returning 'Int32' is unused [#NoUsage]
4682 |             }
4683 |             defer { fn.finalize(presentStmt) }

/private/tmp/board1-rc15-work-final/wt_IOS-SOS-RETRY-001/ios/Godstone/Sources/GodstoneMesh/MessageStore.swift:4689:24: warning: result of call to function returning 'Int32' is unused [#NoUsage]
4687 |                 var pairStmt: OpaquePointer?
4688 |                 guard fn.prepareV2(db, StoreSchema.countAckFrameForPairSql, -1, &pairStmt, nil) == SQLITE_OK else {
4689 |                     fn.finalize(pairStmt); throw StoreError.prepareFailed
     |                        `- warning: result of call to function returning 'Int32' is unused [#NoUsage]
4690 |                 }
4691 |                 defer { fn.finalize(pairStmt) }

/private/tmp/board1-rc15-work-final/wt_IOS-SOS-RETRY-001/ios/Godstone/Sources/GodstoneMesh/MessageStore.swift:4698:24: warning: result of call to function returning 'Int32' is unused [#NoUsage]
4696 |                 var totalStmt: OpaquePointer?
4697 |                 guard fn.prepareV2(db, StoreSchema.countAckFrameTotalSql, -1, &totalStmt, nil) == SQLITE_OK else {
4698 |                     fn.finalize(totalStmt); throw StoreError.prepareFailed
     |                        `- warning: result of call to function returning 'Int32' is unused [#NoUsage]
4699 |                 }
4700 |                 defer { fn.finalize(totalStmt) }

/private/tmp/board1-rc15-work-final/wt_IOS-SOS-RETRY-001/ios/Godstone/Sources/GodstoneMesh/MessageStore.swift:4683:24: warning: result of call to function returning 'Int32' is unused [#NoUsage]
4681 |                 fn.finalize(presentStmt); throw StoreError.prepareFailed
4682 |             }
4683 |             defer { fn.finalize(presentStmt) }
     |                        `- warning: result of call to function returning 'Int32' is unused [#NoUsage]
4684 |             bindBlob(presentStmt, 1, row.ackKey)
4685 |             let present = fn.step(presentStmt) == SQLITE_ROW

/private/tmp/board1-rc15-work-final/wt_IOS-SOS-RETRY-001/ios/Godstone/Sources/GodstoneMesh/MessageStore.swift:4691:28: warning: result of call to function returning 'Int32' is unused [#NoUsage]
4689 |                     fn.finalize(pairStmt); throw StoreError.prepareFailed
4690 |                 }
4691 |                 defer { fn.finalize(pairStmt) }
     |                            `- warning: result of call to function returning 'Int32' is unused [#NoUsage]
4692 |                 bindBlob(pairStmt, 1, row.msgId)
4693 |                 bindBlob(pairStmt, 2, row.recipientNodeId)

/private/tmp/board1-rc15-work-final/wt_IOS-SOS-RETRY-001/ios/Godstone/Sources/GodstoneMesh/MessageStore.swift:4700:28: warning: result of call to function returning 'Int32' is unused [#NoUsage]
4698 |                     fn.finalize(totalStmt); throw StoreError.prepareFailed
4699 |                 }
4700 |                 defer { fn.finalize(totalStmt) }
     |                            `- warning: result of call to function returning 'Int32' is unused [#NoUsage]
4701 |                 let total = fn.step(totalStmt) == SQLITE_ROW ? Int(fn.columnInt(totalStmt, 0)) : 0
4702 |                 if total >= ackCandidatesTotalLimit { return .refusedQuotaGlobal }

/private/tmp/board1-rc15-work-final/wt_IOS-SOS-RETRY-001/ios/Godstone/Sources/GodstoneMesh/NoiseSession.swift:350:16: warning: value 'reason' was defined but never used; consider replacing with boolean test [#NoUsage]
348 |     public func openWithResult(_ ciphertext: Data) throws -> CryptoOpenResult {
349 |         guard let key = receiveKey else { throw MeshError.handshakeFailed }
350 |         if let reason = enforceReceiveBudget() {
    |                `- warning: value 'reason' was defined but never used; consider replacing with boolean test [#NoUsage]
351 |             return .expired
352 |         }

[#NoUsage]: <https://docs.swift.org/compiler/documentation/diagnostics/no-usage>
SwiftCompile normal arm64 Compiling\ BleRoleBindingCoordinator.swift,\ BleRoleElection.swift,\ BleTransport.swift,\ BoundRecipientKeyResolver.swift,\ BulkTransport.swift,\ ComposedRuntime.swift,\ ControlPayloadV1.swift,\ CrashResumableWipe.swift,\ DeliveryProjection.swift,\ DeliveryTracker.swift /private/tmp/board1-rc15-work-final/wt_IOS-SOS-RETRY-001/ios/Godstone/Sources/GodstoneMesh/BleRoleBindingCoordinator.swift /private/tmp/board1-rc15-work-final/wt_IOS-SOS-RETRY-001/ios/Godstone/Sources/GodstoneMesh/BleRoleElection.swift /private/tmp/board1-rc15-work-final/wt_IOS-SOS-RETRY-001/ios/Godstone/Sources/GodstoneMesh/BleTransport.swift /private/tmp/board1-rc15-work-final/wt_IOS-SOS-RETRY-001/ios/Godstone/Sources/GodstoneMesh/BoundRecipientKeyResolver.swift /private/tmp/board1-rc15-work-final/wt_IOS-SOS-RETRY-001/ios/Godstone/Sources/GodstoneMesh/BulkTransport.swift /private/tmp/board1-rc15-work-final/wt_IOS-SOS-RETRY-001/ios/Godstone/Sources/GodstoneMesh/ComposedRuntime.swift /private/tmp/board1-rc15-work-final/wt_IOS-SOS-RETRY-001/ios/Godstone/Sources/GodstoneMesh/ControlPayloadV1.swift /private/tmp/board1-rc15-work-final/wt_IOS-SOS-RETRY-001/ios/Godstone/Sources/GodstoneMesh/CrashResumableWipe.swift /private/tmp/board1-rc15-work-final/wt_IOS-SOS-RETRY-001/ios/Godstone/Sources/GodstoneMesh/DeliveryProjection.swift /private/tmp/board1-rc15-work-final/wt_IOS-SOS-RETRY-001/ios/Godstone/Sources/GodstoneMesh/DeliveryTracker.swift (in target 'GodstoneMesh' from project 'GodstonePackages')
/private/tmp/board1-rc15-work-final/wt_IOS-SOS-RETRY-001/ios/Godstone/Sources/GodstoneMesh/BleTransport.swift:8:16: warning: stored property 'peripheral' of 'Sendable'-conforming struct 'OutboundPhysicalLifetime' contains non-Sendable type 'CBPeripheral'; this is an error in the Swift 6 language mode
   6 |     public let relationKey: RelationKey
   7 |     public let transportEpoch: UInt64
   8 |     public let peripheral: CBPeripheral?
     |                `- warning: stored property 'peripheral' of 'Sendable'-conforming struct 'OutboundPhysicalLifetime' contains non-Sendable type 'CBPeripheral'; this is an error in the Swift 6 language mode
   9 | 
  10 |     public init(relationKey: RelationKey, transportEpoch: UInt64, peripheral: CBPeripheral? = nil) {

/Applications/Xcode.app/Contents/Developer/Platforms/iPhoneSimulator.platform/Developer/SDKs/iPhoneSimulator27.0.sdk/System/Library/Frameworks/CoreBluetooth.framework/Headers/CBPeripheral.h:66:28: note: class 'CBPeripheral' does not conform to the 'Sendable' protocol
 64 |  */
 65 | NS_CLASS_AVAILABLE(10_7, 5_0)
 66 | CB_EXTERN_CLASS @interface CBPeripheral : CBPeer
    |                            `- note: class 'CBPeripheral' does not conform to the 'Sendable' protocol
 67 | 
 68 | /*!

/private/tmp/board1-rc15-work-final/wt_IOS-SOS-RETRY-001/ios/Godstone/Sources/GodstoneMesh/BleTransport.swift:2:1: warning: add '@preconcurrency' to suppress 'Sendable'-related warnings from module 'CoreBluetooth' [#AddPreconcurrencyImport]
   1 | import Foundation
   2 | import CoreBluetooth
     | `- warning: add '@preconcurrency' to suppress 'Sendable'-related warnings from module 'CoreBluetooth' [#AddPreconcurrencyImport]
   3 | import GodstoneCore
   4 | 

/private/tmp/board1-rc15-work-final/wt_IOS-SOS-RETRY-001/ios/Godstone/Sources/GodstoneMesh/BleTransport.swift:32:16: warning: stored property 'characteristicUuid' of 'Sendable'-conforming struct 'InboxSubscription' has non-Sendable type 'CBUUID'; this is an error in the Swift 6 language mode
  30 | /// subscription. Presented by the subscribe callback, held with the lease.
  31 | public struct InboxSubscription: Equatable, Sendable {
  32 |     public let characteristicUuid: CBUUID
     |                `- warning: stored property 'characteristicUuid' of 'Sendable'-conforming struct 'InboxSubscription' has non-Sendable type 'CBUUID'; this is an error in the Swift 6 language mode
  33 |     public let maxUpdateLength: Int
  34 | 

/Applications/Xcode.app/Contents/Developer/Platforms/iPhoneSimulator.platform/Developer/SDKs/iPhoneSimulator27.0.sdk/System/Library/Frameworks/CoreBluetooth.framework/Headers/CBUUID.h:85:28: note: class 'CBUUID' does not conform to the 'Sendable' protocol
 83 |  */
 84 | NS_CLASS_AVAILABLE(10_7, 5_0)
 85 | CB_EXTERN_CLASS @interface CBUUID : NSObject <NSCopying>
    |                            `- note: class 'CBUUID' does not conform to the 'Sendable' protocol
 86 | 
 87 | /*!

/private/tmp/board1-rc15-work-final/wt_IOS-SOS-RETRY-001/ios/Godstone/Sources/GodstoneMesh/BleTransport.swift:48:16: warning: stored property 'retainedCentral' of 'Sendable'-conforming struct 'InboundSubscriptionLifetime' contains non-Sendable type 'CBCentral'; this is an error in the Swift 6 language mode
  46 |     /// this handle - never through a fresh lookup of the subscriber list,
  47 |     /// which a reused identity could have renewed in the meantime.
  48 |     public let retainedCentral: CBCentral?
     |                `- warning: stored property 'retainedCentral' of 'Sendable'-conforming struct 'InboundSubscriptionLifetime' contains non-Sendable type 'CBCentral'; this is an error in the Swift 6 language mode
  49 |     /// The inbox subscription this lease stands for, as presented by the
  50 |     /// callback; nil while the subscription was not distinguishable.

/Applications/Xcode.app/Contents/Developer/Platforms/iPhoneSimulator.platform/Developer/SDKs/iPhoneSimulator27.0.sdk/System/Library/Frameworks/CoreBluetooth.framework/Headers/CBCentral.h:28:28: note: class 'CBCentral' does not conform to the 'Sendable' protocol
26 |  */
27 | NS_CLASS_AVAILABLE(10_9, 6_0)
28 | CB_EXTERN_CLASS @interface CBCentral : CBPeer
   |                            `- note: class 'CBCentral' does not conform to the 'Sendable' protocol
29 | 
30 | /*!

/private/tmp/board1-rc15-work-final/wt_IOS-SOS-RETRY-001/ios/Godstone/Sources/GodstoneMesh/BleTransport.swift:123:5: warning: 'public' modifier is redundant for property declared in a public extension
 121 | 
 122 | public extension TransportManagerFactory {
 123 |     public var admissionBudgetOverride: Int? { return nil }
     |     `- warning: 'public' modifier is redundant for property declared in a public extension
 124 | }
 125 | 

/private/tmp/board1-rc15-work-final/wt_IOS-SOS-RETRY-001/ios/Godstone/Sources/GodstoneMesh/BleTransport.swift:550:9: warning: stored property 'timer' of 'Sendable'-conforming struct 'TimerLease' has non-Sendable type 'Timer'; this is an error in the Swift 6 language mode
 548 |     public let deadlineUptimeMillis: UInt64
 549 |     public let handle: TimerKey
 550 |     let timer: Timer
     |         `- warning: stored property 'timer' of 'Sendable'-conforming struct 'TimerLease' has non-Sendable type 'Timer'; this is an error in the Swift 6 language mode
 551 |     let context: ManagerContext?
 552 | 

/Applications/Xcode.app/Contents/Developer/Platforms/iPhoneSimulator.platform/Developer/SDKs/iPhoneSimulator27.0.sdk/System/Library/Frameworks/Foundation.framework/Headers/NSTimer.h:45:12: note: class 'Timer' does not conform to the 'Sendable' protocol
 43 | ///
 44 | /// Do not subclass ``Timer``.
 45 | @interface NSTimer : NSObject
    |            `- note: class 'Timer' does not conform to the 'Sendable' protocol
 46 | 
 47 | /// Initializes a timer object with the specified invocation object.

/private/tmp/board1-rc15-work-final/wt_IOS-SOS-RETRY-001/ios/Godstone/Sources/GodstoneMesh/BleTransport.swift:2013:28: warning: result of call to 'rewindInFlight' is unused [#NoUsage]
2011 |                       p.canSendWriteWithoutResponse,
2012 |                       let ch = inboxCharacteristics[peerId] else {
2013 |                     writer.rewindInFlight(operation)
     |                            `- warning: result of call to 'rewindInFlight' is unused [#NoUsage]
2014 |                     return true
2015 |                 }

/private/tmp/board1-rc15-work-final/wt_IOS-SOS-RETRY-001/ios/Godstone/Sources/GodstoneMesh/BleTransport.swift:2033:24: warning: result of call to 'completed' is unused [#NoUsage]
2031 |                 // claimed of the remote.
2032 |                 p.writeValue(bytes, for: ch, type: .withoutResponse)
2033 |                 writer.completed(operation)
     |                        `- warning: result of call to 'completed' is unused [#NoUsage]
2034 |             } else {
2035 |                 if activeManagerContext?.isQuarantined(peerId) == true {

/private/tmp/board1-rc15-work-final/wt_IOS-SOS-RETRY-001/ios/Godstone/Sources/GodstoneMesh/BleTransport.swift:2039:28: warning: result of call to 'rewindInFlight' is unused [#NoUsage]
2037 |                     // the value keeps its place until the drop comes by the
2038 |                     // paths that are entitled to make it.
2039 |                     writer.rewindInFlight(operation)
     |                            `- warning: result of call to 'rewindInFlight' is unused [#NoUsage]
2040 |                     return true
2041 |                 }

/private/tmp/board1-rc15-work-final/wt_IOS-SOS-RETRY-001/ios/Godstone/Sources/GodstoneMesh/BleTransport.swift:2049:28: warning: result of call to 'rewindInFlight' is unused [#NoUsage]
2047 |                       // property deliberately, and the object is THE SAME reference.
2048 |                       let peripheral = peripheral else {
2049 |                     writer.rewindInFlight(operation)
     |                            `- warning: result of call to 'rewindInFlight' is unused [#NoUsage]
2050 |                     return true
2051 |                 }

/private/tmp/board1-rc15-work-final/wt_IOS-SOS-RETRY-001/ios/Godstone/Sources/GodstoneMesh/BleTransport.swift:2066:28: warning: result of call to 'completed' is unused [#NoUsage]
2064 |                     via: ObjectIdentifier(centralObj), viaRetained: true))
2065 |                 if ok {
2066 |                     writer.completed(operation)
     |                            `- warning: result of call to 'completed' is unused [#NoUsage]
2067 |                 } else {
2068 |                     // updateValue refused: the very same ciphertext fragment

/private/tmp/board1-rc15-work-final/wt_IOS-SOS-RETRY-001/ios/Godstone/Sources/GodstoneMesh/BleTransport.swift:2071:28: warning: result of call to 'rewindInFlight' is unused [#NoUsage]
2069 |                     // keeps its place in the window, unaltered, for the next
2070 |                     // report of readiness. It is never resealed on the retry.
2071 |                     writer.rewindInFlight(operation)
     |                            `- warning: result of call to 'rewindInFlight' is unused [#NoUsage]
2072 |                     return true
2073 |                 }

/private/tmp/board1-rc15-work-final/wt_IOS-SOS-RETRY-001/ios/Godstone/Sources/GodstoneMesh/BleTransport.swift:2283:19: warning: value 'registry' was defined but never used; consider replacing with boolean test [#NoUsage]
2281 |         let rememberedHint = inboundRemoteHints[centralId]
2282 |         unlockTransport()
2283 |         guard let registry else {
     |                   `- warning: value 'registry' was defined but never used; consider replacing with boolean test [#NoUsage]
2284 |             recordRejection(peerId: centralId, site: "hs.read.responder", reason: "no trusted session registry")
2285 |             return

/private/tmp/board1-rc15-work-final/wt_IOS-SOS-RETRY-001/ios/Godstone/Sources/GodstoneMesh/BleTransport.swift:2421:19: warning: value 'registry' was defined but never used; consider replacing with boolean test [#NoUsage]
2419 |         let conn = outboundCentralConnections[peerId]
2420 |         unlockTransport()
2421 |         guard let registry else {
     |                   `- warning: value 'registry' was defined but never used; consider replacing with boolean test [#NoUsage]
2422 |             recordRejection(peerId: peerId, site: "hs.read.initiator", reason: "no trusted session registry")
2423 |             return

/private/tmp/board1-rc15-work-final/wt_IOS-SOS-RETRY-001/ios/Godstone/Sources/GodstoneMesh/BleTransport.swift:2599:19: warning: value 'registry' was defined but never used; consider replacing with boolean test [#NoUsage]
2597 |         let conn = outboundCentralConnections[peerId]
2598 |         unlockTransport()
2599 |         guard let registry else {
     |                   `- warning: value 'registry' was defined but never used; consider replacing with boolean test [#NoUsage]
2600 |             recordRejection(peerId: peerId, site: "hs.begin", reason: "no trusted session registry")
2601 |             return .rejected("no trusted session registry")

/private/tmp/board1-rc15-work-final/wt_IOS-SOS-RETRY-001/ios/Godstone/Sources/GodstoneMesh/BleTransport.swift:3018:16: warning: 'init(bytes:)' is deprecated: use `init(_:)` instead [#DeprecatedDeclaration]
3016 |     private static func peerOctets(_ peerId: UUID) -> Data {
3017 |         var uuid = peerId.uuid
3018 |         return Data(bytes: [
     |                `- warning: 'init(bytes:)' is deprecated: use `init(_:)` instead [#DeprecatedDeclaration]
3019 |             UInt8(uuid.0), UInt8(uuid.1), UInt8(uuid.2), UInt8(uuid.3),
3020 |             UInt8(uuid.4), UInt8(uuid.5), UInt8(uuid.6), UInt8(uuid.7),

/private/tmp/board1-rc15-work-final/wt_IOS-SOS-RETRY-001/ios/Godstone/Sources/GodstoneMesh/BleTransport.swift:3017:13: warning: variable 'uuid' was never mutated; consider changing to 'let' constant [#VariableNeverMutated]
3015 |     /// The octets of a relations peer, as a dispatch record keepeth them.
3016 |     private static func peerOctets(_ peerId: UUID) -> Data {
3017 |         var uuid = peerId.uuid
     |             `- warning: variable 'uuid' was never mutated; consider changing to 'let' constant [#VariableNeverMutated]
3018 |         return Data(bytes: [
3019 |             UInt8(uuid.0), UInt8(uuid.1), UInt8(uuid.2), UInt8(uuid.3),

/private/tmp/board1-rc15-work-final/wt_IOS-SOS-RETRY-001/ios/Godstone/Sources/GodstoneMesh/BleTransport.swift:3855:17: warning: result of call to 'publishRelation' is unused [#NoUsage]
3853 |                 let mayBegin = outboundCentralConnections[peerId]?.state == .roleBound
3854 |                 unlockTransport()
3855 |                 publishRelation(delegate.relationKey)
     |                 `- warning: result of call to 'publishRelation' is unused [#NoUsage]
3856 |                 if mayBegin, let relationHint = relationHint {
3857 |                     _ = beginTrustedHandshake(peerId: peerId, remoteHint: relationHint)

/private/tmp/board1-rc15-work-final/wt_IOS-SOS-RETRY-001/ios/Godstone/Sources/GodstoneMesh/BleTransport.swift:4043:17: warning: result of call to 'publishRelation' is unused [#NoUsage]
4041 |             unlockTransport()
4042 |             if case .acceptWriteAndDuplexReady = action {
4043 |                 publishRelation(key)
     |                 `- warning: result of call to 'publishRelation' is unused [#NoUsage]
4044 |             }
4045 |         case .acceptDuplicateWrite:

/private/tmp/board1-rc15-work-final/wt_IOS-SOS-RETRY-001/ios/Godstone/Sources/GodstoneMesh/BleTransport.swift:4135:17: warning: result of call to 'publishRelation' is unused [#NoUsage]
4133 |             unlockTransport()
4134 |             if case .acceptSubscriptionAndDuplexReady = action {
4135 |                 publishRelation(key)
     |                 `- warning: result of call to 'publishRelation' is unused [#NoUsage]
4136 |             }
4137 |         default:

/private/tmp/board1-rc15-work-final/wt_IOS-SOS-RETRY-001/ios/Godstone/Sources/GodstoneMesh/BleTransport.swift:4927:19: warning: value 'inboxChar' was defined but never used; consider replacing with boolean test [#NoUsage]
4925 |             return
4926 |         }
4927 |         guard let inboxChar = mutableInboxCharacteristic else {
     |                   `- warning: value 'inboxChar' was defined but never used; consider replacing with boolean test [#NoUsage]
4928 |             unlockTransport()
4929 |             return

/private/tmp/board1-rc15-work-final/wt_IOS-SOS-RETRY-001/ios/Godstone/Sources/GodstoneMesh/BoundRecipientKeyResolver.swift:11:1: warning: conformance to 'Sendable' must occur in the same source file as class 'PeerIdentityRepository'; use '@unchecked Sendable' for retroactive conformance; this is an error in the Swift 6 language mode
 9 | }
10 | 
11 | extension PeerIdentityRepository: PeerIdentityLookupSource {}
   | `- warning: conformance to 'Sendable' must occur in the same source file as class 'PeerIdentityRepository'; use '@unchecked Sendable' for retroactive conformance; this is an error in the Swift 6 language mode
12 | 
13 | /// Read-only durable peer-identity -> ACK signing-key resolver (ADR-003, Phase C8.3).

/private/tmp/board1-rc15-work-final/wt_IOS-SOS-RETRY-001/ios/Godstone/Sources/GodstoneMesh/PeerIdentityRepository.swift:114:17: warning: stored property 'store' of 'Sendable'-conforming class 'PeerIdentityRepository' has non-Sendable type 'any PeerIdentityStore'; this is an error in the Swift 6 language mode
112 | /// and post-mutation readback verification (ADR-003, Phase C8.2B).
113 | internal final class PeerIdentityRepository {
114 |     private let store: PeerIdentityStore
    |                 `- warning: stored property 'store' of 'Sendable'-conforming class 'PeerIdentityRepository' has non-Sendable type 'any PeerIdentityStore'; this is an error in the Swift 6 language mode
115 | 
116 |     init(store: PeerIdentityStore) {

/private/tmp/board1-rc15-work-final/wt_IOS-SOS-RETRY-001/ios/Godstone/Sources/GodstoneMesh/PeerIdentityStore.swift:223:19: note: protocol 'PeerIdentityStore' does not conform to the 'Sendable' protocol
 221 | 
 222 | /// Storage protocol for peer identity repository backend (ADR-003, Phase C8.2B).
 223 | internal protocol PeerIdentityStore: AnyObject {
     |                   `- note: protocol 'PeerIdentityStore' does not conform to the 'Sendable' protocol
 224 |     func inImmediateTransaction<T>(_ block: (PeerIdentityStore) throws -> T) throws -> T
 225 | 

/private/tmp/board1-rc15-work-final/wt_IOS-SOS-RETRY-001/ios/Godstone/Sources/GodstoneMesh/ComposedRuntime.swift:460:28: warning: no calls to throwing functions occur within 'try' expression [#UnnecessaryEffectMarker]
 458 |                     let durableFault: ((String, OpaquePointer?) throws -> Void)? =
 459 |                         (fault == nil) ? nil : { site, _ in try fault!(site) }
 460 |                     return try durableStore.commitInboundWithObligationAtWithFault(
     |                            `- warning: no calls to throwing functions occur within 'try' expression [#UnnecessaryEffectMarker]
 461 |                         frame, receivedFrom: receivedFrom, localRecipientNodeId: localRecipient,
 462 |                         identityGeneration: generation, obligationLifetimeMs: lifetime,

/private/tmp/board1-rc15-work-final/wt_IOS-SOS-RETRY-001/ios/Godstone/Sources/GodstoneMesh/ComposedRuntime.swift:465:28: warning: no calls to throwing functions occur within 'try' expression [#UnnecessaryEffectMarker]
 463 |                         receivedAt: receivedAt, fault: durableFault)
 464 |                 } else {
 465 |                     return try store.commitInboundWithObligationAtWithFault(
     |                            `- warning: no calls to throwing functions occur within 'try' expression [#UnnecessaryEffectMarker]
 466 |                         frame, receivedFrom: receivedFrom, localRecipientNodeId: localRecipient,
 467 |                         identityGeneration: generation, obligationLifetimeMs: lifetime,

/private/tmp/board1-rc15-work-final/wt_IOS-SOS-RETRY-001/ios/Godstone/Sources/GodstoneMesh/CrashResumableWipe.swift:673:21: warning: variable 'inventory' was never mutated; consider changing to 'let' constant [#VariableNeverMutated]
671 |                 // which is the honest reason a wipe stalls rather than a silent success against a file it never
672 |                 // addressed.*
673 |                 var inventory = estateArtifacts.isEmpty
    |                     `- warning: variable 'inventory' was never mutated; consider changing to 'let' constant [#VariableNeverMutated]
674 |                     ? WipeScope.filterPrivatePaths(WipeScope.privateArtifacts)
675 |                     : estateArtifacts

[#AddPreconcurrencyImport]: <https://docs.swift.org/compiler/documentation/diagnostics/add-preconcurrency-import>
[#DeprecatedDeclaration]: <https://docs.swift.org/compiler/documentation/diagnostics/deprecated-declaration>
[#NoUsage]: <https://docs.swift.org/compiler/documentation/diagnostics/no-usage>
[#UnnecessaryEffectMarker]: <https://docs.swift.org/compiler/documentation/diagnostics/unnecessary-effect-marker>
[#VariableNeverMutated]: <https://docs.swift.org/compiler/documentation/diagnostics/variable-never-mutated>

SwiftCompile normal arm64 /private/tmp/board1-rc15-work-final/wt_IOS-SOS-RETRY-001/ios/Godstone/Sources/GodstoneMesh/BleRoleBindingCoordinator.swift (in target 'GodstoneMesh' from project 'GodstonePackages')
    cd /tmp/board1-rc15-work-final/wt_IOS-SOS-RETRY-001/ios/Godstone.xcodeproj
    builtin-SwiftPerFileCompile BleRoleBindingCoordinator.swift

SwiftCompile normal arm64 /private/tmp/board1-rc15-work-final/wt_IOS-SOS-RETRY-001/ios/Godstone/Sources/GodstoneMesh/BleRoleElection.swift (in target 'GodstoneMesh' from project 'GodstonePackages')
    cd /tmp/board1-rc15-work-final/wt_IOS-SOS-RETRY-001/ios/Godstone.xcodeproj
    builtin-SwiftPerFileCompile BleRoleElection.swift

SwiftCompile normal arm64 /private/tmp/board1-rc15-work-final/wt_IOS-SOS-RETRY-001/ios/Godstone/Sources/GodstoneMesh/BleTransport.swift (in target 'GodstoneMesh' from project 'GodstonePackages')
    cd /tmp/board1-rc15-work-final/wt_IOS-SOS-RETRY-001/ios/Godstone.xcodeproj
    builtin-SwiftPerFileCompile BleTransport.swift

SwiftCompile normal arm64 /private/tmp/board1-rc15-work-final/wt_IOS-SOS-RETRY-001/ios/Godstone/Sources/GodstoneMesh/BoundRecipientKeyResolver.swift (in target 'GodstoneMesh' from project 'GodstonePackages')
    cd /tmp/board1-rc15-work-final/wt_IOS-SOS-RETRY-001/ios/Godstone.xcodeproj
    builtin-SwiftPerFileCompile BoundRecipientKeyResolver.swift

SwiftCompile normal arm64 /private/tmp/board1-rc15-work-final/wt_IOS-SOS-RETRY-001/ios/Godstone/Sources/GodstoneMesh/BulkTransport.swift (in target 'GodstoneMesh' from project 'GodstonePackages')
    cd /tmp/board1-rc15-work-final/wt_IOS-SOS-RETRY-001/ios/Godstone.xcodeproj
    builtin-SwiftPerFileCompile BulkTransport.swift

SwiftCompile normal arm64 /private/tmp/board1-rc15-work-final/wt_IOS-SOS-RETRY-001/ios/Godstone/Sources/GodstoneMesh/ComposedRuntime.swift (in target 'GodstoneMesh' from project 'GodstonePackages')
    cd /tmp/board1-rc15-work-final/wt_IOS-SOS-RETRY-001/ios/Godstone.xcodeproj
    builtin-SwiftPerFileCompile ComposedRuntime.swift

SwiftCompile normal arm64 /private/tmp/board1-rc15-work-final/wt_IOS-SOS-RETRY-001/ios/Godstone/Sources/GodstoneMesh/ControlPayloadV1.swift (in target 'GodstoneMesh' from project 'GodstonePackages')
    cd /tmp/board1-rc15-work-final/wt_IOS-SOS-RETRY-001/ios/Godstone.xcodeproj
    builtin-SwiftPerFileCompile ControlPayloadV1.swift

SwiftCompile normal arm64 /private/tmp/board1-rc15-work-final/wt_IOS-SOS-RETRY-001/ios/Godstone/Sources/GodstoneMesh/CrashResumableWipe.swift (in target 'GodstoneMesh' from project 'GodstonePackages')
    cd /tmp/board1-rc15-work-final/wt_IOS-SOS-RETRY-001/ios/Godstone.xcodeproj
    builtin-SwiftPerFileCompile CrashResumableWipe.swift

SwiftCompile normal arm64 /private/tmp/board1-rc15-work-final/wt_IOS-SOS-RETRY-001/ios/Godstone/Sources/GodstoneMesh/DeliveryProjection.swift (in target 'GodstoneMesh' from project 'GodstonePackages')
    cd /tmp/board1-rc15-work-final/wt_IOS-SOS-RETRY-001/ios/Godstone.xcodeproj
    builtin-SwiftPerFileCompile DeliveryProjection.swift

SwiftCompile normal arm64 /private/tmp/board1-rc15-work-final/wt_IOS-SOS-RETRY-001/ios/Godstone/Sources/GodstoneMesh/DeliveryTracker.swift (in target 'GodstoneMesh' from project 'GodstonePackages')
    cd /tmp/board1-rc15-work-final/wt_IOS-SOS-RETRY-001/ios/Godstone.xcodeproj
    builtin-SwiftPerFileCompile DeliveryTracker.swift

SwiftCompile normal arm64 Compiling\ Diagnostics.swift,\ EncryptedStoreFactory.swift,\ EstateOwnerRegistry.swift,\ FileWipeJournal.swift,\ FrameDispatcher.swift,\ GattServiceContract.swift,\ IdentityAckSigner.swift,\ IdentityBindingV1.swift,\ KeyTableTrustResolver.swift,\ LabRuntime.swift /private/tmp/board1-rc15-work-final/wt_IOS-SOS-RETRY-001/ios/Godstone/Sources/GodstoneMesh/Diagnostics.swift /private/tmp/board1-rc15-work-final/wt_IOS-SOS-RETRY-001/ios/Godstone/Sources/GodstoneMesh/EncryptedStoreFactory.swift /private/tmp/board1-rc15-work-final/wt_IOS-SOS-RETRY-001/ios/Godstone/Sources/GodstoneMesh/EstateOwnerRegistry.swift /private/tmp/board1-rc15-work-final/wt_IOS-SOS-RETRY-001/ios/Godstone/Sources/GodstoneMesh/FileWipeJournal.swift /private/tmp/board1-rc15-work-final/wt_IOS-SOS-RETRY-001/ios/Godstone/Sources/GodstoneMesh/FrameDispatcher.swift /private/tmp/board1-rc15-work-final/wt_IOS-SOS-RETRY-001/ios/Godstone/Sources/GodstoneMesh/GattServiceContract.swift /private/tmp/board1-rc15-work-final/wt_IOS-SOS-RETRY-001/ios/Godstone/Sources/GodstoneMesh/IdentityAckSigner.swift /private/tmp/board1-rc15-work-final/wt_IOS-SOS-RETRY-001/ios/Godstone/Sources/GodstoneMesh/IdentityBindingV1.swift /private/tmp/board1-rc15-work-final/wt_IOS-SOS-RETRY-001/ios/Godstone/Sources/GodstoneMesh/KeyTableTrustResolver.swift /private/tmp/board1-rc15-work-final/wt_IOS-SOS-RETRY-001/ios/Godstone/Sources/GodstoneMesh/LabRuntime.swift (in target 'GodstoneMesh' from project 'GodstonePackages')
/private/tmp/board1-rc15-work-final/wt_IOS-SOS-RETRY-001/ios/Godstone/Sources/GodstoneMesh/EstateOwnerRegistry.swift:36:40: warning: result of call to 'serialized' is unused [#NoUsage]
 34 | 
 35 |     public func unregister(_ token: Int) {
 36 |         PhysicalEstateAuthority.shared.serialized { root.entries.removeValue(forKey: token) }
    |                                        `- warning: result of call to 'serialized' is unused [#NoUsage]
 37 |     }
 38 | 

/private/tmp/board1-rc15-work-final/wt_IOS-SOS-RETRY-001/ios/Godstone/Sources/GodstoneMesh/LabRuntime.swift:1918:17: warning: stored property 'trustStore' of 'Sendable'-conforming struct 'LabEstateSeam' contains non-Sendable type 'SqlitePeerIdentityStore'; this is an error in the Swift 6 language mode
1916 |     private let paths: [String: URL]
1917 |     private let drain: LabEstateDrainSeam?
1918 |     private let trustStore: SqlitePeerIdentityStore?
     |                 `- warning: stored property 'trustStore' of 'Sendable'-conforming struct 'LabEstateSeam' contains non-Sendable type 'SqlitePeerIdentityStore'; this is an error in the Swift 6 language mode
1919 |     internal let keychain: any LocalIdentityKeychain = HarnessIdentityKeychain()
1920 |     /// The lab carries no encrypted private store (its stores are plaintext files under Application Support), so

/private/tmp/board1-rc15-work-final/wt_IOS-SOS-RETRY-001/ios/Godstone/Sources/GodstoneMesh/PeerIdentityStore.swift:288:22: note: class 'SqlitePeerIdentityStore' does not conform to the 'Sendable' protocol
 286 | 
 287 | /// Production SQLite-backed peer identity store with fixed FileProtectionType.complete (ADR-003, Phase C8.2B).
 288 | internal final class SqlitePeerIdentityStore: PeerIdentityStore {
     |                      `- note: class 'SqlitePeerIdentityStore' does not conform to the 'Sendable' protocol
 289 |     private var handle: OpaquePointer?
 290 | 

/private/tmp/board1-rc15-work-final/wt_IOS-SOS-RETRY-001/ios/Godstone/Sources/GodstoneMesh/LabRuntime.swift:1922:18: warning: stored property 'dekProvider' of 'Sendable'-conforming struct 'LabEstateSeam' contains non-Sendable type 'any PrivateStoreKeyProvider'; this is an error in the Swift 6 language mode
1920 |     /// The lab carries no encrypted private store (its stores are plaintext files under Application Support), so
1921 |     /// there is no DEK to erase and the vault answereth `.absent` -- the tri-state doctrine's own honest word.
1922 |     internal let dekProvider: (any PrivateStoreKeyProvider)? = nil
     |                  `- warning: stored property 'dekProvider' of 'Sendable'-conforming struct 'LabEstateSeam' contains non-Sendable type 'any PrivateStoreKeyProvider'; this is an error in the Swift 6 language mode
1923 | 
1924 |     /// - Parameters:

/private/tmp/board1-rc15-work-final/wt_IOS-SOS-RETRY-001/ios/Godstone/Sources/GodstoneMesh/PrivateStoreKeyProvider.swift:66:17: note: protocol 'PrivateStoreKeyProvider' does not conform to the 'Sendable' protocol
 64 | /// `DefaultPrivateStoreKeyProvider`; the court injects a fake to drive wrong-DEK,
 65 | /// Keychain-unavailable, locked-device and protection-failure decisions on the host.
 66 | public protocol PrivateStoreKeyProvider: AnyObject {
    |                 `- note: protocol 'PrivateStoreKeyProvider' does not conform to the 'Sendable' protocol
 67 |     /// The pinned DEK length in bytes (AES-256).
 68 |     var dekByteCount: Int { get }

/private/tmp/board1-rc15-work-final/wt_IOS-SOS-RETRY-001/ios/Godstone/Sources/GodstoneMesh/LabRuntime.swift:525:23: warning: value 'fromNode' was defined but never used; consider replacing with boolean test [#NoUsage]
 523 |         // pair's node ids are bound to the peer handle -- the same relation the transport delegate would bind.
 524 |         for from in labels {
 525 |             guard let fromNode = harness.node(from) else { continue }
     |                       `- warning: value 'fromNode' was defined but never used; consider replacing with boolean test [#NoUsage]
 526 |             for to in harness.linkedPeerLabels(from) {
 527 |                 guard let toNode = harness.node(to), let peerHandle = harness.transportHandle(for: to) else { continue }

/private/tmp/board1-rc15-work-final/wt_IOS-SOS-RETRY-001/ios/Godstone/Sources/GodstoneMesh/LabRuntime.swift:420:27: warning: no calls to throwing functions occur within 'try' expression [#UnnecessaryEffectMarker]
 418 |                 // *** G1: THE REAL PRIVATE-STORE DOOR IS REACHED *HERE*, SO THE WITNESS IS RAISED HERE. ***
 419 |                 LabRecoveryOpenProbe.notePrivateStoreOpen(url.path)
 420 |                 durable = try SqliteMessageStore(url: url, maxBytes: 64 * 1024 * 1024)
     |                           `- warning: no calls to throwing functions occur within 'try' expression [#UnnecessaryEffectMarker]
 421 |                 nodeStores[label] = durable
 422 |                 // *EVERY LABEL'S FILE, SO THE WIPE CAN REACH THE WHOLE LAB ESTATE AND NOT ONE LABEL'S SLICE.*

[#NoUsage]: <https://docs.swift.org/compiler/documentation/diagnostics/no-usage>
[#UnnecessaryEffectMarker]: <https://docs.swift.org/compiler/documentation/diagnostics/unnecessary-effect-marker>

SwiftCompile normal arm64 /private/tmp/board1-rc15-work-final/wt_IOS-SOS-RETRY-001/ios/Godstone/Sources/GodstoneMesh/Diagnostics.swift (in target 'GodstoneMesh' from project 'GodstonePackages')
    cd /tmp/board1-rc15-work-final/wt_IOS-SOS-RETRY-001/ios/Godstone.xcodeproj
    builtin-SwiftPerFileCompile Diagnostics.swift

SwiftCompile normal arm64 /private/tmp/board1-rc15-work-final/wt_IOS-SOS-RETRY-001/ios/Godstone/Sources/GodstoneMesh/EncryptedStoreFactory.swift (in target 'GodstoneMesh' from project 'GodstonePackages')
    cd /tmp/board1-rc15-work-final/wt_IOS-SOS-RETRY-001/ios/Godstone.xcodeproj
    builtin-SwiftPerFileCompile EncryptedStoreFactory.swift

SwiftCompile normal arm64 /private/tmp/board1-rc15-work-final/wt_IOS-SOS-RETRY-001/ios/Godstone/Sources/GodstoneMesh/EstateOwnerRegistry.swift (in target 'GodstoneMesh' from project 'GodstonePackages')
    cd /tmp/board1-rc15-work-final/wt_IOS-SOS-RETRY-001/ios/Godstone.xcodeproj
    builtin-SwiftPerFileCompile EstateOwnerRegistry.swift

SwiftCompile normal arm64 /private/tmp/board1-rc15-work-final/wt_IOS-SOS-RETRY-001/ios/Godstone/Sources/GodstoneMesh/FileWipeJournal.swift (in target 'GodstoneMesh' from project 'GodstonePackages')
    cd /tmp/board1-rc15-work-final/wt_IOS-SOS-RETRY-001/ios/Godstone.xcodeproj
    builtin-SwiftPerFileCompile FileWipeJournal.swift

SwiftCompile normal arm64 /private/tmp/board1-rc15-work-final/wt_IOS-SOS-RETRY-001/ios/Godstone/Sources/GodstoneMesh/FrameDispatcher.swift (in target 'GodstoneMesh' from project 'GodstonePackages')
    cd /tmp/board1-rc15-work-final/wt_IOS-SOS-RETRY-001/ios/Godstone.xcodeproj
    builtin-SwiftPerFileCompile FrameDispatcher.swift

SwiftCompile normal arm64 /private/tmp/board1-rc15-work-final/wt_IOS-SOS-RETRY-001/ios/Godstone/Sources/GodstoneMesh/GattServiceContract.swift (in target 'GodstoneMesh' from project 'GodstonePackages')
    cd /tmp/board1-rc15-work-final/wt_IOS-SOS-RETRY-001/ios/Godstone.xcodeproj
    builtin-SwiftPerFileCompile GattServiceContract.swift

SwiftCompile normal arm64 /private/tmp/board1-rc15-work-final/wt_IOS-SOS-RETRY-001/ios/Godstone/Sources/GodstoneMesh/IdentityAckSigner.swift (in target 'GodstoneMesh' from project 'GodstonePackages')
    cd /tmp/board1-rc15-work-final/wt_IOS-SOS-RETRY-001/ios/Godstone.xcodeproj
    builtin-SwiftPerFileCompile IdentityAckSigner.swift

SwiftCompile normal arm64 /private/tmp/board1-rc15-work-final/wt_IOS-SOS-RETRY-001/ios/Godstone/Sources/GodstoneMesh/IdentityBindingV1.swift (in target 'GodstoneMesh' from project 'GodstonePackages')
    cd /tmp/board1-rc15-work-final/wt_IOS-SOS-RETRY-001/ios/Godstone.xcodeproj
    builtin-SwiftPerFileCompile IdentityBindingV1.swift

SwiftCompile normal arm64 /private/tmp/board1-rc15-work-final/wt_IOS-SOS-RETRY-001/ios/Godstone/Sources/GodstoneMesh/KeyTableTrustResolver.swift (in target 'GodstoneMesh' from project 'GodstonePackages')
    cd /tmp/board1-rc15-work-final/wt_IOS-SOS-RETRY-001/ios/Godstone.xcodeproj
    builtin-SwiftPerFileCompile KeyTableTrustResolver.swift

SwiftCompile normal arm64 /private/tmp/board1-rc15-work-final/wt_IOS-SOS-RETRY-001/ios/Godstone/Sources/GodstoneMesh/LabRuntime.swift (in target 'GodstoneMesh' from project 'GodstonePackages')
    cd /tmp/board1-rc15-work-final/wt_IOS-SOS-RETRY-001/ios/Godstone.xcodeproj
    builtin-SwiftPerFileCompile LabRuntime.swift

SwiftCompile normal arm64 Compiling\ AccessibilityContract.swift,\ AckAuthenticator.swift,\ AckDispatcher.swift,\ AckObligationStore.swift,\ AdmissionBudget.swift,\ BleConnection.swift,\ BleHandshake.swift,\ BleHandshakeAuthority.swift,\ BleOrchestrationDriver.swift,\ BleRecord.swift /private/tmp/board1-rc15-work-final/wt_IOS-SOS-RETRY-001/ios/Godstone/Sources/GodstoneMesh/AccessibilityContract.swift /private/tmp/board1-rc15-work-final/wt_IOS-SOS-RETRY-001/ios/Godstone/Sources/GodstoneMesh/AckAuthenticator.swift /private/tmp/board1-rc15-work-final/wt_IOS-SOS-RETRY-001/ios/Godstone/Sources/GodstoneMesh/AckDispatcher.swift /private/tmp/board1-rc15-work-final/wt_IOS-SOS-RETRY-001/ios/Godstone/Sources/GodstoneMesh/AckObligationStore.swift /private/tmp/board1-rc15-work-final/wt_IOS-SOS-RETRY-001/ios/Godstone/Sources/GodstoneMesh/AdmissionBudget.swift /private/tmp/board1-rc15-work-final/wt_IOS-SOS-RETRY-001/ios/Godstone/Sources/GodstoneMesh/BleConnection.swift /private/tmp/board1-rc15-work-final/wt_IOS-SOS-RETRY-001/ios/Godstone/Sources/GodstoneMesh/BleHandshake.swift /private/tmp/board1-rc15-work-final/wt_IOS-SOS-RETRY-001/ios/Godstone/Sources/GodstoneMesh/BleHandshakeAuthority.swift /private/tmp/board1-rc15-work-final/wt_IOS-SOS-RETRY-001/ios/Godstone/Sources/GodstoneMesh/BleOrchestrationDriver.swift /private/tmp/board1-rc15-work-final/wt_IOS-SOS-RETRY-001/ios/Godstone/Sources/GodstoneMesh/BleRecord.swift (in target 'GodstoneMesh' from project 'GodstonePackages')
/private/tmp/board1-rc15-work-final/wt_IOS-SOS-RETRY-001/ios/Godstone/Sources/GodstoneMesh/AckDispatcher.swift:323:11: warning: 'catch' block is unreachable because no errors are thrown in 'do' block
321 |         do {
322 |             result = admitForeign(encoded, receivedFrom)
323 |         } catch {
    |           `- warning: 'catch' block is unreachable because no errors are thrown in 'do' block
324 |             return AckAdmission(result: .storageFailure, ackKey: nil, verificationClass: nil)
325 |         }

/private/tmp/board1-rc15-work-final/wt_IOS-SOS-RETRY-001/ios/Godstone/Sources/GodstoneMesh/AckDispatcher.swift:326:27: warning: no calls to throwing functions occur within 'try' expression [#UnnecessaryEffectMarker]
324 |             return AckAdmission(result: .storageFailure, ackKey: nil, verificationClass: nil)
325 |         }
326 |         guard let frame = try? FrameV2.decode(encoded), frame.payload.count == ackPayloadLen else {
    |                           `- warning: no calls to throwing functions occur within 'try' expression [#UnnecessaryEffectMarker]
327 |             return AckAdmission(result: result, ackKey: nil, verificationClass: nil)
328 |         }

/private/tmp/board1-rc15-work-final/wt_IOS-SOS-RETRY-001/ios/Godstone/Sources/GodstoneMesh/AckDispatcher.swift:407:31: warning: no calls to throwing functions occur within 'try' expression [#UnnecessaryEffectMarker]
405 |                 continue
406 |             }
407 |             guard let frame = try? FrameV2.decode(record.encodedFrame) else {
    |                               `- warning: no calls to throwing functions occur within 'try' expression [#UnnecessaryEffectMarker]
408 |                 refuse(.malformed)
409 |                 continue

[#UnnecessaryEffectMarker]: <https://docs.swift.org/compiler/documentation/diagnostics/unnecessary-effect-marker>

SwiftCompile normal arm64 /private/tmp/board1-rc15-work-final/wt_IOS-SOS-RETRY-001/ios/Godstone/Sources/GodstoneMesh/AccessibilityContract.swift (in target 'GodstoneMesh' from project 'GodstonePackages')
    cd /tmp/board1-rc15-work-final/wt_IOS-SOS-RETRY-001/ios/Godstone.xcodeproj
    builtin-SwiftPerFileCompile AccessibilityContract.swift

SwiftCompile normal arm64 /private/tmp/board1-rc15-work-final/wt_IOS-SOS-RETRY-001/ios/Godstone/Sources/GodstoneMesh/AckAuthenticator.swift (in target 'GodstoneMesh' from project 'GodstonePackages')
    cd /tmp/board1-rc15-work-final/wt_IOS-SOS-RETRY-001/ios/Godstone.xcodeproj
    builtin-SwiftPerFileCompile AckAuthenticator.swift

SwiftCompile normal arm64 /private/tmp/board1-rc15-work-final/wt_IOS-SOS-RETRY-001/ios/Godstone/Sources/GodstoneMesh/AckDispatcher.swift (in target 'GodstoneMesh' from project 'GodstonePackages')
    cd /tmp/board1-rc15-work-final/wt_IOS-SOS-RETRY-001/ios/Godstone.xcodeproj
    builtin-SwiftPerFileCompile AckDispatcher.swift

SwiftCompile normal arm64 /private/tmp/board1-rc15-work-final/wt_IOS-SOS-RETRY-001/ios/Godstone/Sources/GodstoneMesh/AckObligationStore.swift (in target 'GodstoneMesh' from project 'GodstonePackages')
    cd /tmp/board1-rc15-work-final/wt_IOS-SOS-RETRY-001/ios/Godstone.xcodeproj
    builtin-SwiftPerFileCompile AckObligationStore.swift

SwiftCompile normal arm64 /private/tmp/board1-rc15-work-final/wt_IOS-SOS-RETRY-001/ios/Godstone/Sources/GodstoneMesh/AdmissionBudget.swift (in target 'GodstoneMesh' from project 'GodstonePackages')
    cd /tmp/board1-rc15-work-final/wt_IOS-SOS-RETRY-001/ios/Godstone.xcodeproj
    builtin-SwiftPerFileCompile AdmissionBudget.swift

SwiftCompile normal arm64 /private/tmp/board1-rc15-work-final/wt_IOS-SOS-RETRY-001/ios/Godstone/Sources/GodstoneMesh/BleConnection.swift (in target 'GodstoneMesh' from project 'GodstonePackages')
    cd /tmp/board1-rc15-work-final/wt_IOS-SOS-RETRY-001/ios/Godstone.xcodeproj
    builtin-SwiftPerFileCompile BleConnection.swift

SwiftCompile normal arm64 /private/tmp/board1-rc15-work-final/wt_IOS-SOS-RETRY-001/ios/Godstone/Sources/GodstoneMesh/BleHandshake.swift (in target 'GodstoneMesh' from project 'GodstonePackages')
    cd /tmp/board1-rc15-work-final/wt_IOS-SOS-RETRY-001/ios/Godstone.xcodeproj
    builtin-SwiftPerFileCompile BleHandshake.swift

SwiftCompile normal arm64 /private/tmp/board1-rc15-work-final/wt_IOS-SOS-RETRY-001/ios/Godstone/Sources/GodstoneMesh/BleHandshakeAuthority.swift (in target 'GodstoneMesh' from project 'GodstonePackages')
    cd /tmp/board1-rc15-work-final/wt_IOS-SOS-RETRY-001/ios/Godstone.xcodeproj
    builtin-SwiftPerFileCompile BleHandshakeAuthority.swift

SwiftCompile normal arm64 /private/tmp/board1-rc15-work-final/wt_IOS-SOS-RETRY-001/ios/Godstone/Sources/GodstoneMesh/BleOrchestrationDriver.swift (in target 'GodstoneMesh' from project 'GodstonePackages')
    cd /tmp/board1-rc15-work-final/wt_IOS-SOS-RETRY-001/ios/Godstone.xcodeproj
    builtin-SwiftPerFileCompile BleOrchestrationDriver.swift

SwiftCompile normal arm64 /private/tmp/board1-rc15-work-final/wt_IOS-SOS-RETRY-001/ios/Godstone/Sources/GodstoneMesh/BleRecord.swift (in target 'GodstoneMesh' from project 'GodstonePackages')
    cd /tmp/board1-rc15-work-final/wt_IOS-SOS-RETRY-001/ios/Godstone.xcodeproj
    builtin-SwiftPerFileCompile BleRecord.swift

SwiftCompile normal arm64 Compiling\ SessionManager.swift,\ SessionSlot.swift,\ SignedMessageV1.swift,\ SignedSosV1.swift,\ SosCommand.swift,\ SosFrameValidator.swift,\ SqlCipherDylibEngine.swift,\ SqliteDeliveryRepository.swift,\ SqliteOutboundIntentJournal.swift /private/tmp/board1-rc15-work-final/wt_IOS-SOS-RETRY-001/ios/Godstone/Sources/GodstoneMesh/SessionManager.swift /private/tmp/board1-rc15-work-final/wt_IOS-SOS-RETRY-001/ios/Godstone/Sources/GodstoneMesh/SessionSlot.swift /private/tmp/board1-rc15-work-final/wt_IOS-SOS-RETRY-001/ios/Godstone/Sources/GodstoneMesh/SignedMessageV1.swift /private/tmp/board1-rc15-work-final/wt_IOS-SOS-RETRY-001/ios/Godstone/Sources/GodstoneMesh/SignedSosV1.swift /private/tmp/board1-rc15-work-final/wt_IOS-SOS-RETRY-001/ios/Godstone/Sources/GodstoneMesh/SosCommand.swift /private/tmp/board1-rc15-work-final/wt_IOS-SOS-RETRY-001/ios/Godstone/Sources/GodstoneMesh/SosFrameValidator.swift /private/tmp/board1-rc15-work-final/wt_IOS-SOS-RETRY-001/ios/Godstone/Sources/GodstoneMesh/SqlCipherDylibEngine.swift /private/tmp/board1-rc15-work-final/wt_IOS-SOS-RETRY-001/ios/Godstone/Sources/GodstoneMesh/SqliteDeliveryRepository.swift /private/tmp/board1-rc15-work-final/wt_IOS-SOS-RETRY-001/ios/Godstone/Sources/GodstoneMesh/SqliteOutboundIntentJournal.swift (in target 'GodstoneMesh' from project 'GodstonePackages')
/private/tmp/board1-rc15-work-final/wt_IOS-SOS-RETRY-001/ios/Godstone/Sources/GodstoneMesh/SessionManager.swift:409:21: warning: result of call to 'removeSlot' is unused [#NoUsage]
407 |                 guard isActive else {
408 |                     _ = slot.retire()
409 |                     removeSlot(admission)
    |                     `- warning: result of call to 'removeSlot' is unused [#NoUsage]
410 |                     ctrl.destroy()
411 |                     return nil

/private/tmp/board1-rc15-work-final/wt_IOS-SOS-RETRY-001/ios/Godstone/Sources/GodstoneMesh/SessionManager.swift:443:17: warning: result of call to 'removeSlot' is unused [#NoUsage]
441 |             }
442 |             if let doomed = doomed {
443 |                 removeSlot(admission)
    |                 `- warning: result of call to 'removeSlot' is unused [#NoUsage]
444 |                 doomed.destroy()
445 |             }

/private/tmp/board1-rc15-work-final/wt_IOS-SOS-RETRY-001/ios/Godstone/Sources/GodstoneMesh/SessionManager.swift:476:21: warning: result of call to 'removeSlot' is unused [#NoUsage]
474 |                 guard isActive else {
475 |                     _ = slot.retire()
476 |                     removeSlot(admission)
    |                     `- warning: result of call to 'removeSlot' is unused [#NoUsage]
477 |                     ctrl.destroy()
478 |                     return nil

/private/tmp/board1-rc15-work-final/wt_IOS-SOS-RETRY-001/ios/Godstone/Sources/GodstoneMesh/SessionManager.swift:470:33: warning: no calls to throwing functions occur within 'try' expression [#UnnecessaryEffectMarker]
468 |                     trustAuthority: trustAuthority
469 |                 )
470 |                 guard let hs2 = try? ctrl.responderProcessMessage1AndWriteMessage2(hs1: hs1) else {
    |                                 `- warning: no calls to throwing functions occur within 'try' expression [#UnnecessaryEffectMarker]
471 |                     ctrl.destroy()
472 |                     return nil

/private/tmp/board1-rc15-work-final/wt_IOS-SOS-RETRY-001/ios/Godstone/Sources/GodstoneMesh/SessionManager.swift:506:17: warning: result of call to 'removeSlot' is unused [#NoUsage]
504 |             }
505 |             if let doomed = doomed {
506 |                 removeSlot(admission)
    |                 `- warning: result of call to 'removeSlot' is unused [#NoUsage]
507 |                 doomed.destroy()
508 |             }

/private/tmp/board1-rc15-work-final/wt_IOS-SOS-RETRY-001/ios/Godstone/Sources/GodstoneMesh/SosCommand.swift:44:16: warning: stored property 'frame' of 'Sendable'-conforming struct 'ActiveSos' has non-Sendable type 'FrameV2'; this is an error in the Swift 6 language mode
 42 |     public let msgId: Data
 43 |     public let state: DeliveryState
 44 |     public let frame: FrameV2
    |                `- warning: stored property 'frame' of 'Sendable'-conforming struct 'ActiveSos' has non-Sendable type 'FrameV2'; this is an error in the Swift 6 language mode
 45 |     /// When this node committed the pair, when it remembers; nil when the
 46 |     /// tables cannot name the instant (honest silence over a fabricated clock).

/private/tmp/board1-rc15-work-final/wt_IOS-SOS-RETRY-001/ios/Godstone/Sources/GodstoneMesh/WireV2.swift:7:15: note: consider making struct 'FrameV2' conform to the 'Sendable' protocol
  5 | 
  6 | /// GMP/2 frame. Header is 32 bytes, big-endian.
  7 | public struct FrameV2: Equatable {
    |               `- note: consider making struct 'FrameV2' conform to the 'Sendable' protocol
  8 |     public static let magic: UInt16 = 0x4753
  9 |     public static let version: UInt8 = 0x02

[#NoUsage]: <https://docs.swift.org/compiler/documentation/diagnostics/no-usage>
[#UnnecessaryEffectMarker]: <https://docs.swift.org/compiler/documentation/diagnostics/unnecessary-effect-marker>

SwiftCompile normal arm64 /private/tmp/board1-rc15-work-final/wt_IOS-SOS-RETRY-001/ios/Godstone/Sources/GodstoneMesh/SessionManager.swift (in target 'GodstoneMesh' from project 'GodstonePackages')
    cd /tmp/board1-rc15-work-final/wt_IOS-SOS-RETRY-001/ios/Godstone.xcodeproj
    builtin-SwiftPerFileCompile SessionManager.swift

SwiftCompile normal arm64 /private/tmp/board1-rc15-work-final/wt_IOS-SOS-RETRY-001/ios/Godstone/Sources/GodstoneMesh/SessionSlot.swift (in target 'GodstoneMesh' from project 'GodstonePackages')
    cd /tmp/board1-rc15-work-final/wt_IOS-SOS-RETRY-001/ios/Godstone.xcodeproj
    builtin-SwiftPerFileCompile SessionSlot.swift

SwiftCompile normal arm64 /private/tmp/board1-rc15-work-final/wt_IOS-SOS-RETRY-001/ios/Godstone/Sources/GodstoneMesh/SignedMessageV1.swift (in target 'GodstoneMesh' from project 'GodstonePackages')
    cd /tmp/board1-rc15-work-final/wt_IOS-SOS-RETRY-001/ios/Godstone.xcodeproj
    builtin-SwiftPerFileCompile SignedMessageV1.swift

SwiftCompile normal arm64 /private/tmp/board1-rc15-work-final/wt_IOS-SOS-RETRY-001/ios/Godstone/Sources/GodstoneMesh/SignedSosV1.swift (in target 'GodstoneMesh' from project 'GodstonePackages')
    cd /tmp/board1-rc15-work-final/wt_IOS-SOS-RETRY-001/ios/Godstone.xcodeproj
    builtin-SwiftPerFileCompile SignedSosV1.swift

SwiftCompile normal arm64 /private/tmp/board1-rc15-work-final/wt_IOS-SOS-RETRY-001/ios/Godstone/Sources/GodstoneMesh/SosCommand.swift (in target 'GodstoneMesh' from project 'GodstonePackages')
    cd /tmp/board1-rc15-work-final/wt_IOS-SOS-RETRY-001/ios/Godstone.xcodeproj
    builtin-SwiftPerFileCompile SosCommand.swift

SwiftCompile normal arm64 /private/tmp/board1-rc15-work-final/wt_IOS-SOS-RETRY-001/ios/Godstone/Sources/GodstoneMesh/SosFrameValidator.swift (in target 'GodstoneMesh' from project 'GodstonePackages')
    cd /tmp/board1-rc15-work-final/wt_IOS-SOS-RETRY-001/ios/Godstone.xcodeproj
    builtin-SwiftPerFileCompile SosFrameValidator.swift

SwiftCompile normal arm64 /private/tmp/board1-rc15-work-final/wt_IOS-SOS-RETRY-001/ios/Godstone/Sources/GodstoneMesh/SqlCipherDylibEngine.swift (in target 'GodstoneMesh' from project 'GodstonePackages')
    cd /tmp/board1-rc15-work-final/wt_IOS-SOS-RETRY-001/ios/Godstone.xcodeproj
    builtin-SwiftPerFileCompile SqlCipherDylibEngine.swift

SwiftCompile normal arm64 /private/tmp/board1-rc15-work-final/wt_IOS-SOS-RETRY-001/ios/Godstone/Sources/GodstoneMesh/SqliteDeliveryRepository.swift (in target 'GodstoneMesh' from project 'GodstonePackages')
    cd /tmp/board1-rc15-work-final/wt_IOS-SOS-RETRY-001/ios/Godstone.xcodeproj
    builtin-SwiftPerFileCompile SqliteDeliveryRepository.swift

SwiftCompile normal arm64 /private/tmp/board1-rc15-work-final/wt_IOS-SOS-RETRY-001/ios/Godstone/Sources/GodstoneMesh/SqliteOutboundIntentJournal.swift (in target 'GodstoneMesh' from project 'GodstonePackages')
    cd /tmp/board1-rc15-work-final/wt_IOS-SOS-RETRY-001/ios/Godstone.xcodeproj
    builtin-SwiftPerFileCompile SqliteOutboundIntentJournal.swift

SwiftCompile normal arm64 Compiling\ TrustedPeerChannel.swift,\ UnifiedRuntimeLifecycle.swift,\ WipeArtifactFileSystemSeam.swift,\ WipeDeferredSeams.swift,\ WipeDeferredTransportSeam.swift,\ WipeIdentityAuthoritySeam.swift,\ WipeJournalDurabilityAdapter.swift,\ WipeKeyVaultSeam.swift,\ WireV2.swift /private/tmp/board1-rc15-work-final/wt_IOS-SOS-RETRY-001/ios/Godstone/Sources/GodstoneMesh/TrustedPeerChannel.swift /private/tmp/board1-rc15-work-final/wt_IOS-SOS-RETRY-001/ios/Godstone/Sources/GodstoneMesh/UnifiedRuntimeLifecycle.swift /private/tmp/board1-rc15-work-final/wt_IOS-SOS-RETRY-001/ios/Godstone/Sources/GodstoneMesh/WipeArtifactFileSystemSeam.swift /private/tmp/board1-rc15-work-final/wt_IOS-SOS-RETRY-001/ios/Godstone/Sources/GodstoneMesh/WipeDeferredSeams.swift /private/tmp/board1-rc15-work-final/wt_IOS-SOS-RETRY-001/ios/Godstone/Sources/GodstoneMesh/WipeDeferredTransportSeam.swift /private/tmp/board1-rc15-work-final/wt_IOS-SOS-RETRY-001/ios/Godstone/Sources/GodstoneMesh/WipeIdentityAuthoritySeam.swift /private/tmp/board1-rc15-work-final/wt_IOS-SOS-RETRY-001/ios/Godstone/Sources/GodstoneMesh/WipeJournalDurabilityAdapter.swift /private/tmp/board1-rc15-work-final/wt_IOS-SOS-RETRY-001/ios/Godstone/Sources/GodstoneMesh/WipeKeyVaultSeam.swift /private/tmp/board1-rc15-work-final/wt_IOS-SOS-RETRY-001/ios/Godstone/Sources/GodstoneMesh/WireV2.swift (in target 'GodstoneMesh' from project 'GodstonePackages')

SwiftCompile normal arm64 /private/tmp/board1-rc15-work-final/wt_IOS-SOS-RETRY-001/ios/Godstone/Sources/GodstoneMesh/TrustedPeerChannel.swift (in target 'GodstoneMesh' from project 'GodstonePackages')
    cd /tmp/board1-rc15-work-final/wt_IOS-SOS-RETRY-001/ios/Godstone.xcodeproj
    builtin-SwiftPerFileCompile TrustedPeerChannel.swift

SwiftCompile normal arm64 /private/tmp/board1-rc15-work-final/wt_IOS-SOS-RETRY-001/ios/Godstone/Sources/GodstoneMesh/UnifiedRuntimeLifecycle.swift (in target 'GodstoneMesh' from project 'GodstonePackages')
    cd /tmp/board1-rc15-work-final/wt_IOS-SOS-RETRY-001/ios/Godstone.xcodeproj
    builtin-SwiftPerFileCompile UnifiedRuntimeLifecycle.swift

SwiftCompile normal arm64 /private/tmp/board1-rc15-work-final/wt_IOS-SOS-RETRY-001/ios/Godstone/Sources/GodstoneMesh/WipeArtifactFileSystemSeam.swift (in target 'GodstoneMesh' from project 'GodstonePackages')
    cd /tmp/board1-rc15-work-final/wt_IOS-SOS-RETRY-001/ios/Godstone.xcodeproj
    builtin-SwiftPerFileCompile WipeArtifactFileSystemSeam.swift

SwiftCompile normal arm64 /private/tmp/board1-rc15-work-final/wt_IOS-SOS-RETRY-001/ios/Godstone/Sources/GodstoneMesh/WipeDeferredSeams.swift (in target 'GodstoneMesh' from project 'GodstonePackages')
    cd /tmp/board1-rc15-work-final/wt_IOS-SOS-RETRY-001/ios/Godstone.xcodeproj
    builtin-SwiftPerFileCompile WipeDeferredSeams.swift

SwiftCompile normal arm64 /private/tmp/board1-rc15-work-final/wt_IOS-SOS-RETRY-001/ios/Godstone/Sources/GodstoneMesh/WipeDeferredTransportSeam.swift (in target 'GodstoneMesh' from project 'GodstonePackages')
    cd /tmp/board1-rc15-work-final/wt_IOS-SOS-RETRY-001/ios/Godstone.xcodeproj
    builtin-SwiftPerFileCompile WipeDeferredTransportSeam.swift

SwiftCompile normal arm64 /private/tmp/board1-rc15-work-final/wt_IOS-SOS-RETRY-001/ios/Godstone/Sources/GodstoneMesh/WipeIdentityAuthoritySeam.swift (in target 'GodstoneMesh' from project 'GodstonePackages')
    cd /tmp/board1-rc15-work-final/wt_IOS-SOS-RETRY-001/ios/Godstone.xcodeproj
    builtin-SwiftPerFileCompile WipeIdentityAuthoritySeam.swift

SwiftCompile normal arm64 /private/tmp/board1-rc15-work-final/wt_IOS-SOS-RETRY-001/ios/Godstone/Sources/GodstoneMesh/WipeJournalDurabilityAdapter.swift (in target 'GodstoneMesh' from project 'GodstonePackages')
    cd /tmp/board1-rc15-work-final/wt_IOS-SOS-RETRY-001/ios/Godstone.xcodeproj
    builtin-SwiftPerFileCompile WipeJournalDurabilityAdapter.swift

SwiftCompile normal arm64 /private/tmp/board1-rc15-work-final/wt_IOS-SOS-RETRY-001/ios/Godstone/Sources/GodstoneMesh/WipeKeyVaultSeam.swift (in target 'GodstoneMesh' from project 'GodstonePackages')
    cd /tmp/board1-rc15-work-final/wt_IOS-SOS-RETRY-001/ios/Godstone.xcodeproj
    builtin-SwiftPerFileCompile WipeKeyVaultSeam.swift

SwiftCompile normal arm64 /private/tmp/board1-rc15-work-final/wt_IOS-SOS-RETRY-001/ios/Godstone/Sources/GodstoneMesh/WireV2.swift (in target 'GodstoneMesh' from project 'GodstonePackages')
    cd /tmp/board1-rc15-work-final/wt_IOS-SOS-RETRY-001/ios/Godstone.xcodeproj
    builtin-SwiftPerFileCompile WireV2.swift

SwiftEmitModule normal arm64 Emitting\ module\ for\ GodstoneMesh (in target 'GodstoneMesh' from project 'GodstonePackages')
/private/tmp/board1-rc15-work-final/wt_IOS-SOS-RETRY-001/ios/Godstone/Sources/GodstoneMesh/BleTransport.swift:8:16: warning: stored property 'peripheral' of 'Sendable'-conforming struct 'OutboundPhysicalLifetime' contains non-Sendable type 'CBPeripheral'; this is an error in the Swift 6 language mode
   6 |     public let relationKey: RelationKey
   7 |     public let transportEpoch: UInt64
   8 |     public let peripheral: CBPeripheral?
     |                `- warning: stored property 'peripheral' of 'Sendable'-conforming struct 'OutboundPhysicalLifetime' contains non-Sendable type 'CBPeripheral'; this is an error in the Swift 6 language mode
   9 | 
  10 |     public init(relationKey: RelationKey, transportEpoch: UInt64, peripheral: CBPeripheral? = nil) {

/Applications/Xcode.app/Contents/Developer/Platforms/iPhoneSimulator.platform/Developer/SDKs/iPhoneSimulator27.0.sdk/System/Library/Frameworks/CoreBluetooth.framework/Headers/CBPeripheral.h:66:28: note: class 'CBPeripheral' does not conform to the 'Sendable' protocol
 64 |  */
 65 | NS_CLASS_AVAILABLE(10_7, 5_0)
 66 | CB_EXTERN_CLASS @interface CBPeripheral : CBPeer
    |                            `- note: class 'CBPeripheral' does not conform to the 'Sendable' protocol
 67 | 
 68 | /*!

/private/tmp/board1-rc15-work-final/wt_IOS-SOS-RETRY-001/ios/Godstone/Sources/GodstoneMesh/BleTransport.swift:2:1: warning: add '@preconcurrency' to suppress 'Sendable'-related warnings from module 'CoreBluetooth' [#AddPreconcurrencyImport]
   1 | import Foundation
   2 | import CoreBluetooth
     | `- warning: add '@preconcurrency' to suppress 'Sendable'-related warnings from module 'CoreBluetooth' [#AddPreconcurrencyImport]
   3 | import GodstoneCore
   4 | 

/private/tmp/board1-rc15-work-final/wt_IOS-SOS-RETRY-001/ios/Godstone/Sources/GodstoneMesh/BleTransport.swift:32:16: warning: stored property 'characteristicUuid' of 'Sendable'-conforming struct 'InboxSubscription' has non-Sendable type 'CBUUID'; this is an error in the Swift 6 language mode
  30 | /// subscription. Presented by the subscribe callback, held with the lease.
  31 | public struct InboxSubscription: Equatable, Sendable {
  32 |     public let characteristicUuid: CBUUID
     |                `- warning: stored property 'characteristicUuid' of 'Sendable'-conforming struct 'InboxSubscription' has non-Sendable type 'CBUUID'; this is an error in the Swift 6 language mode
  33 |     public let maxUpdateLength: Int
  34 | 

/Applications/Xcode.app/Contents/Developer/Platforms/iPhoneSimulator.platform/Developer/SDKs/iPhoneSimulator27.0.sdk/System/Library/Frameworks/CoreBluetooth.framework/Headers/CBUUID.h:85:28: note: class 'CBUUID' does not conform to the 'Sendable' protocol
 83 |  */
 84 | NS_CLASS_AVAILABLE(10_7, 5_0)
 85 | CB_EXTERN_CLASS @interface CBUUID : NSObject <NSCopying>
    |                            `- note: class 'CBUUID' does not conform to the 'Sendable' protocol
 86 | 
 87 | /*!

/private/tmp/board1-rc15-work-final/wt_IOS-SOS-RETRY-001/ios/Godstone/Sources/GodstoneMesh/BleTransport.swift:48:16: warning: stored property 'retainedCentral' of 'Sendable'-conforming struct 'InboundSubscriptionLifetime' contains non-Sendable type 'CBCentral'; this is an error in the Swift 6 language mode
  46 |     /// this handle - never through a fresh lookup of the subscriber list,
  47 |     /// which a reused identity could have renewed in the meantime.
  48 |     public let retainedCentral: CBCentral?
     |                `- warning: stored property 'retainedCentral' of 'Sendable'-conforming struct 'InboundSubscriptionLifetime' contains non-Sendable type 'CBCentral'; this is an error in the Swift 6 language mode
  49 |     /// The inbox subscription this lease stands for, as presented by the
  50 |     /// callback; nil while the subscription was not distinguishable.

/Applications/Xcode.app/Contents/Developer/Platforms/iPhoneSimulator.platform/Developer/SDKs/iPhoneSimulator27.0.sdk/System/Library/Frameworks/CoreBluetooth.framework/Headers/CBCentral.h:28:28: note: class 'CBCentral' does not conform to the 'Sendable' protocol
26 |  */
27 | NS_CLASS_AVAILABLE(10_9, 6_0)
28 | CB_EXTERN_CLASS @interface CBCentral : CBPeer
   |                            `- note: class 'CBCentral' does not conform to the 'Sendable' protocol
29 | 
30 | /*!

/private/tmp/board1-rc15-work-final/wt_IOS-SOS-RETRY-001/ios/Godstone/Sources/GodstoneMesh/BleTransport.swift:123:5: warning: 'public' modifier is redundant for property declared in a public extension
 121 | 
 122 | public extension TransportManagerFactory {
 123 |     public var admissionBudgetOverride: Int? { return nil }
     |     `- warning: 'public' modifier is redundant for property declared in a public extension
 124 | }
 125 | 

/private/tmp/board1-rc15-work-final/wt_IOS-SOS-RETRY-001/ios/Godstone/Sources/GodstoneMesh/BleTransport.swift:550:9: warning: stored property 'timer' of 'Sendable'-conforming struct 'TimerLease' has non-Sendable type 'Timer'; this is an error in the Swift 6 language mode
 548 |     public let deadlineUptimeMillis: UInt64
 549 |     public let handle: TimerKey
 550 |     let timer: Timer
     |         `- warning: stored property 'timer' of 'Sendable'-conforming struct 'TimerLease' has non-Sendable type 'Timer'; this is an error in the Swift 6 language mode
 551 |     let context: ManagerContext?
 552 | 

/Applications/Xcode.app/Contents/Developer/Platforms/iPhoneSimulator.platform/Developer/SDKs/iPhoneSimulator27.0.sdk/System/Library/Frameworks/Foundation.framework/Headers/NSTimer.h:45:12: note: class 'Timer' does not conform to the 'Sendable' protocol
 43 | ///
 44 | /// Do not subclass ``Timer``.
 45 | @interface NSTimer : NSObject
    |            `- note: class 'Timer' does not conform to the 'Sendable' protocol
 46 | 
 47 | /// Initializes a timer object with the specified invocation object.

/private/tmp/board1-rc15-work-final/wt_IOS-SOS-RETRY-001/ios/Godstone/Sources/GodstoneMesh/BoundRecipientKeyResolver.swift:11:1: warning: conformance to 'Sendable' must occur in the same source file as class 'PeerIdentityRepository'; use '@unchecked Sendable' for retroactive conformance; this is an error in the Swift 6 language mode
 9 | }
10 | 
11 | extension PeerIdentityRepository: PeerIdentityLookupSource {}
   | `- warning: conformance to 'Sendable' must occur in the same source file as class 'PeerIdentityRepository'; use '@unchecked Sendable' for retroactive conformance; this is an error in the Swift 6 language mode
12 | 
13 | /// Read-only durable peer-identity -> ACK signing-key resolver (ADR-003, Phase C8.3).

/private/tmp/board1-rc15-work-final/wt_IOS-SOS-RETRY-001/ios/Godstone/Sources/GodstoneMesh/PeerIdentityRepository.swift:114:17: warning: stored property 'store' of 'Sendable'-conforming class 'PeerIdentityRepository' has non-Sendable type 'any PeerIdentityStore'; this is an error in the Swift 6 language mode
112 | /// and post-mutation readback verification (ADR-003, Phase C8.2B).
113 | internal final class PeerIdentityRepository {
114 |     private let store: PeerIdentityStore
    |                 `- warning: stored property 'store' of 'Sendable'-conforming class 'PeerIdentityRepository' has non-Sendable type 'any PeerIdentityStore'; this is an error in the Swift 6 language mode
115 | 
116 |     init(store: PeerIdentityStore) {

/private/tmp/board1-rc15-work-final/wt_IOS-SOS-RETRY-001/ios/Godstone/Sources/GodstoneMesh/PeerIdentityStore.swift:223:19: note: protocol 'PeerIdentityStore' does not conform to the 'Sendable' protocol
 221 | 
 222 | /// Storage protocol for peer identity repository backend (ADR-003, Phase C8.2B).
 223 | internal protocol PeerIdentityStore: AnyObject {
     |                   `- note: protocol 'PeerIdentityStore' does not conform to the 'Sendable' protocol
 224 |     func inImmediateTransaction<T>(_ block: (PeerIdentityStore) throws -> T) throws -> T
 225 | 

/private/tmp/board1-rc15-work-final/wt_IOS-SOS-RETRY-001/ios/Godstone/Sources/GodstoneMesh/LabRuntime.swift:1918:17: warning: stored property 'trustStore' of 'Sendable'-conforming struct 'LabEstateSeam' contains non-Sendable type 'SqlitePeerIdentityStore'; this is an error in the Swift 6 language mode
1916 |     private let paths: [String: URL]
1917 |     private let drain: LabEstateDrainSeam?
1918 |     private let trustStore: SqlitePeerIdentityStore?
     |                 `- warning: stored property 'trustStore' of 'Sendable'-conforming struct 'LabEstateSeam' contains non-Sendable type 'SqlitePeerIdentityStore'; this is an error in the Swift 6 language mode
1919 |     internal let keychain: any LocalIdentityKeychain = HarnessIdentityKeychain()
1920 |     /// The lab carries no encrypted private store (its stores are plaintext files under Application Support), so

/private/tmp/board1-rc15-work-final/wt_IOS-SOS-RETRY-001/ios/Godstone/Sources/GodstoneMesh/PeerIdentityStore.swift:288:22: note: class 'SqlitePeerIdentityStore' does not conform to the 'Sendable' protocol
 286 | 
 287 | /// Production SQLite-backed peer identity store with fixed FileProtectionType.complete (ADR-003, Phase C8.2B).
 288 | internal final class SqlitePeerIdentityStore: PeerIdentityStore {
     |                      `- note: class 'SqlitePeerIdentityStore' does not conform to the 'Sendable' protocol
 289 |     private var handle: OpaquePointer?
 290 | 

/private/tmp/board1-rc15-work-final/wt_IOS-SOS-RETRY-001/ios/Godstone/Sources/GodstoneMesh/LabRuntime.swift:1922:18: warning: stored property 'dekProvider' of 'Sendable'-conforming struct 'LabEstateSeam' contains non-Sendable type 'any PrivateStoreKeyProvider'; this is an error in the Swift 6 language mode
1920 |     /// The lab carries no encrypted private store (its stores are plaintext files under Application Support), so
1921 |     /// there is no DEK to erase and the vault answereth `.absent` -- the tri-state doctrine's own honest word.
1922 |     internal let dekProvider: (any PrivateStoreKeyProvider)? = nil
     |                  `- warning: stored property 'dekProvider' of 'Sendable'-conforming struct 'LabEstateSeam' contains non-Sendable type 'any PrivateStoreKeyProvider'; this is an error in the Swift 6 language mode
1923 | 
1924 |     /// - Parameters:

/private/tmp/board1-rc15-work-final/wt_IOS-SOS-RETRY-001/ios/Godstone/Sources/GodstoneMesh/PrivateStoreKeyProvider.swift:66:17: note: protocol 'PrivateStoreKeyProvider' does not conform to the 'Sendable' protocol
 64 | /// `DefaultPrivateStoreKeyProvider`; the court injects a fake to drive wrong-DEK,
 65 | /// Keychain-unavailable, locked-device and protection-failure decisions on the host.
 66 | public protocol PrivateStoreKeyProvider: AnyObject {
    |                 `- note: protocol 'PrivateStoreKeyProvider' does not conform to the 'Sendable' protocol
 67 |     /// The pinned DEK length in bytes (AES-256).
 68 |     var dekByteCount: Int { get }

/private/tmp/board1-rc15-work-final/wt_IOS-SOS-RETRY-001/ios/Godstone/Sources/GodstoneMesh/MeshRuntime.swift:1269:17: warning: no calls to throwing functions occur within 'try' expression [#UnnecessaryEffectMarker]
1267 |             invalidateRuntime: { [invalidator, messageStore, peerIdentityStore,
1268 |                                  adoptedMessageConnection, adoptedPeerConnection] in
1269 |                 try invalidator.invalidateForWipe()
     |                 `- warning: no calls to throwing functions occur within 'try' expression [#UnnecessaryEffectMarker]
1270 |                 messageStore.close()
1271 |                 peerIdentityStore.close()

/private/tmp/board1-rc15-work-final/wt_IOS-SOS-RETRY-001/ios/Godstone/Sources/GodstoneMesh/MeshRuntime.swift:1488:13: warning: stored property 'dekProvider' of 'Sendable'-conforming struct 'DefaultRecoveryEstate' contains non-Sendable type 'any PrivateStoreKeyProvider'; this is an error in the Swift 6 language mode
1486 |         let peerStoreUrl: URL
1487 |         let keychain: any LocalIdentityKeychain
1488 |         let dekProvider: (any PrivateStoreKeyProvider)?
     |             `- warning: stored property 'dekProvider' of 'Sendable'-conforming struct 'DefaultRecoveryEstate' contains non-Sendable type 'any PrivateStoreKeyProvider'; this is an error in the Swift 6 language mode
1489 |         /// The composition's ONE owner registry; the production recovery road drains and closes through IT.
1490 |         let registry: EstateOwnerRegistry

/private/tmp/board1-rc15-work-final/wt_IOS-SOS-RETRY-001/ios/Godstone/Sources/GodstoneMesh/PrivateStoreKeyProvider.swift:66:17: note: protocol 'PrivateStoreKeyProvider' does not conform to the 'Sendable' protocol
 64 | /// `DefaultPrivateStoreKeyProvider`; the court injects a fake to drive wrong-DEK,
 65 | /// Keychain-unavailable, locked-device and protection-failure decisions on the host.
 66 | public protocol PrivateStoreKeyProvider: AnyObject {
    |                 `- note: protocol 'PrivateStoreKeyProvider' does not conform to the 'Sendable' protocol
 67 |     /// The pinned DEK length in bytes (AES-256).
 68 |     var dekByteCount: Int { get }

/private/tmp/board1-rc15-work-final/wt_IOS-SOS-RETRY-001/ios/Godstone/Sources/GodstoneMesh/MeshRuntime.swift:1493:13: warning: stored property 'liveTransportSeam' of 'Sendable'-conforming struct 'DefaultRecoveryEstate' contains non-Sendable type 'any TransportRuntimeSeam'; this is an error in the Swift 6 language mode
1491 |         /// The runtime's live transport seam, when one is running; `nil` at create time, where the registry's own
1492 |         /// positive cold proof is what the drain rung stands on.
1493 |         let liveTransportSeam: TransportRuntimeSeam?
     |             `- warning: stored property 'liveTransportSeam' of 'Sendable'-conforming struct 'DefaultRecoveryEstate' contains non-Sendable type 'any TransportRuntimeSeam'; this is an error in the Swift 6 language mode
1494 |         /// The runtime's owner invalidation/close hook, carried across rather than dropped.
1495 |         let invalidateLiveOwners: () -> Void

/private/tmp/board1-rc15-work-final/wt_IOS-SOS-RETRY-001/ios/Godstone/Sources/GodstoneMesh/CrashResumableWipe.swift:203:17: note: protocol 'TransportRuntimeSeam' does not conform to the 'Sendable' protocol
201 | }
202 | 
203 | public protocol TransportRuntimeSeam: AnyObject {
    |                 `- note: protocol 'TransportRuntimeSeam' does not conform to the 'Sendable' protocol
204 |     func drainTransport() -> RuntimeDrainReceipt
205 |     /// Whether THIS process lifetime has drained the transport; a reboot starts un-quiesced.

/private/tmp/board1-rc15-work-final/wt_IOS-SOS-RETRY-001/ios/Godstone/Sources/GodstoneMesh/MeshRuntime.swift:1495:13: warning: stored property 'invalidateLiveOwners' of 'Sendable'-conforming struct 'DefaultRecoveryEstate' has non-Sendable type '() -> ()'; this is an error in the Swift 6 language mode
1493 |         let liveTransportSeam: TransportRuntimeSeam?
1494 |         /// The runtime's owner invalidation/close hook, carried across rather than dropped.
1495 |         let invalidateLiveOwners: () -> Void
     |             |- warning: stored property 'invalidateLiveOwners' of 'Sendable'-conforming struct 'DefaultRecoveryEstate' has non-Sendable type '() -> ()'; this is an error in the Swift 6 language mode
     |             `- note: a function type must be marked '@Sendable' to conform to 'Sendable'
1496 |         internal init(messageStoreUrl: URL, peerStoreUrl: URL,
1497 |                       keychain: any LocalIdentityKeychain,

/private/tmp/board1-rc15-work-final/wt_IOS-SOS-RETRY-001/ios/Godstone/Sources/GodstoneMesh/MessageStore.swift:66:10: warning: associated value 'created' of 'Sendable'-conforming enum 'OutboundEnqueueResult' has non-Sendable type 'FrameV2'; this is an error in the Swift 6 language mode
  64 | public enum OutboundEnqueueResult: Sendable, Equatable {
  65 |     /// A new DIRECT message was atomically persisted in held_frames and delivery_state (QUEUED_DURABLY).
  66 |     case created(FrameV2)
     |          `- warning: associated value 'created' of 'Sendable'-conforming enum 'OutboundEnqueueResult' has non-Sendable type 'FrameV2'; this is an error in the Swift 6 language mode
  67 |     /// An idempotent retry of the SAME logical message with matching SINGLE_RECIPIENT binding and exact canonical frame.
  68 |     case alreadyQueuedSameBinding(FrameV2)

/private/tmp/board1-rc15-work-final/wt_IOS-SOS-RETRY-001/ios/Godstone/Sources/GodstoneMesh/WireV2.swift:7:15: note: consider making struct 'FrameV2' conform to the 'Sendable' protocol
  5 | 
  6 | /// GMP/2 frame. Header is 32 bytes, big-endian.
  7 | public struct FrameV2: Equatable {
    |               `- note: consider making struct 'FrameV2' conform to the 'Sendable' protocol
  8 |     public static let magic: UInt16 = 0x4753
  9 |     public static let version: UInt8 = 0x02

/private/tmp/board1-rc15-work-final/wt_IOS-SOS-RETRY-001/ios/Godstone/Sources/GodstoneMesh/MessageStore.swift:68:10: warning: associated value 'alreadyQueuedSameBinding' of 'Sendable'-conforming enum 'OutboundEnqueueResult' has non-Sendable type 'FrameV2'; this is an error in the Swift 6 language mode
  66 |     case created(FrameV2)
  67 |     /// An idempotent retry of the SAME logical message with matching SINGLE_RECIPIENT binding and exact canonical frame.
  68 |     case alreadyQueuedSameBinding(FrameV2)
     |          `- warning: associated value 'alreadyQueuedSameBinding' of 'Sendable'-conforming enum 'OutboundEnqueueResult' has non-Sendable type 'FrameV2'; this is an error in the Swift 6 language mode
  69 |     /// A held frame exists with matching msg_id but its fields/content differ from requested frame.
  70 |     case canonicalFrameMismatch

/private/tmp/board1-rc15-work-final/wt_IOS-SOS-RETRY-001/ios/Godstone/Sources/GodstoneMesh/WireV2.swift:7:15: note: consider making struct 'FrameV2' conform to the 'Sendable' protocol
  5 | 
  6 | /// GMP/2 frame. Header is 32 bytes, big-endian.
  7 | public struct FrameV2: Equatable {
    |               `- note: consider making struct 'FrameV2' conform to the 'Sendable' protocol
  8 |     public static let magic: UInt16 = 0x4753
  9 |     public static let version: UInt8 = 0x02

/private/tmp/board1-rc15-work-final/wt_IOS-SOS-RETRY-001/ios/Godstone/Sources/GodstoneMesh/SchemaMigration.swift:78:16: warning: stored property 'apply' of 'Sendable'-conforming struct 'MigrationStep' contains non-Sendable type '(any MigrationExecutor) -> ()'; this is an error in the Swift 6 language mode
 76 |     public let to: Int
 77 |     public let statements: [String]
 78 |     public let apply: MigrationApply?
    |                |- warning: stored property 'apply' of 'Sendable'-conforming struct 'MigrationStep' contains non-Sendable type '(any MigrationExecutor) -> ()'; this is an error in the Swift 6 language mode
    |                `- note: a function type must be marked '@Sendable' to conform to 'Sendable'
 79 |     public init(from: Int, to: Int, statements: [String], apply: MigrationApply? = nil) { self.from = from; self.to = to; self.statements = statements; self.apply = apply }
 80 | }

/private/tmp/board1-rc15-work-final/wt_IOS-SOS-RETRY-001/ios/Godstone/Sources/GodstoneMesh/SosCommand.swift:44:16: warning: stored property 'frame' of 'Sendable'-conforming struct 'ActiveSos' has non-Sendable type 'FrameV2'; this is an error in the Swift 6 language mode
 42 |     public let msgId: Data
 43 |     public let state: DeliveryState
 44 |     public let frame: FrameV2
    |                `- warning: stored property 'frame' of 'Sendable'-conforming struct 'ActiveSos' has non-Sendable type 'FrameV2'; this is an error in the Swift 6 language mode
 45 |     /// When this node committed the pair, when it remembers; nil when the
 46 |     /// tables cannot name the instant (honest silence over a fabricated clock).

/private/tmp/board1-rc15-work-final/wt_IOS-SOS-RETRY-001/ios/Godstone/Sources/GodstoneMesh/WireV2.swift:7:15: note: consider making struct 'FrameV2' conform to the 'Sendable' protocol
  5 | 
  6 | /// GMP/2 frame. Header is 32 bytes, big-endian.
  7 | public struct FrameV2: Equatable {
    |               `- note: consider making struct 'FrameV2' conform to the 'Sendable' protocol
  8 |     public static let magic: UInt16 = 0x4753
  9 |     public static let version: UInt8 = 0x02

/private/tmp/board1-rc15-work-final/wt_IOS-SOS-RETRY-001/ios/Godstone/Sources/GodstoneMesh/SyncControlOwner.swift:42:14: warning: associated value 'answered(frame:)' of 'Sendable'-conforming enum 'OwnerDecision' contains non-Sendable type 'FrameV2'; this is an error in the Swift 6 language mode
 40 |         case ignored(reason: String)
 41 |         case refused(reason: String)
 42 |         case answered(frame: FrameV2)
    |              `- warning: associated value 'answered(frame:)' of 'Sendable'-conforming enum 'OwnerDecision' contains non-Sendable type 'FrameV2'; this is an error in the Swift 6 language mode
 43 |         case delivered(frames: [FrameV2])
 44 |     }

/private/tmp/board1-rc15-work-final/wt_IOS-SOS-RETRY-001/ios/Godstone/Sources/GodstoneMesh/WireV2.swift:7:15: note: consider making struct 'FrameV2' conform to the 'Sendable' protocol
  5 | 
  6 | /// GMP/2 frame. Header is 32 bytes, big-endian.
  7 | public struct FrameV2: Equatable {
    |               `- note: consider making struct 'FrameV2' conform to the 'Sendable' protocol
  8 |     public static let magic: UInt16 = 0x4753
  9 |     public static let version: UInt8 = 0x02

/private/tmp/board1-rc15-work-final/wt_IOS-SOS-RETRY-001/ios/Godstone/Sources/GodstoneMesh/SyncControlOwner.swift:43:14: warning: associated value 'delivered(frames:)' of 'Sendable'-conforming enum 'OwnerDecision' contains non-Sendable type 'FrameV2'; this is an error in the Swift 6 language mode
 41 |         case refused(reason: String)
 42 |         case answered(frame: FrameV2)
 43 |         case delivered(frames: [FrameV2])
    |              `- warning: associated value 'delivered(frames:)' of 'Sendable'-conforming enum 'OwnerDecision' contains non-Sendable type 'FrameV2'; this is an error in the Swift 6 language mode
 44 |     }
 45 | 

/private/tmp/board1-rc15-work-final/wt_IOS-SOS-RETRY-001/ios/Godstone/Sources/GodstoneMesh/WireV2.swift:7:15: note: consider making struct 'FrameV2' conform to the 'Sendable' protocol
  5 | 
  6 | /// GMP/2 frame. Header is 32 bytes, big-endian.
  7 | public struct FrameV2: Equatable {
    |               `- note: consider making struct 'FrameV2' conform to the 'Sendable' protocol
  8 |     public static let magic: UInt16 = 0x4753
  9 |     public static let version: UInt8 = 0x02

/private/tmp/board1-rc15-work-final/wt_IOS-SOS-RETRY-001/ios/Godstone/Sources/GodstoneMesh/SyncPump.swift:46:16: warning: stored property 'frame' of 'Sendable'-conforming struct 'ForwardCopy' has non-Sendable type 'FrameV2'; this is an error in the Swift 6 language mode
 44 | /// exactly once -- and every retry re-emiteth these exact bytes.
 45 | public struct ForwardCopy: Equatable, Sendable {
 46 |     public let frame: FrameV2
    |                `- warning: stored property 'frame' of 'Sendable'-conforming struct 'ForwardCopy' has non-Sendable type 'FrameV2'; this is an error in the Swift 6 language mode
 47 |     /// The immediate hop it arrived from, which is never offered it back.
 48 |     public let fromPeer: Data?

/private/tmp/board1-rc15-work-final/wt_IOS-SOS-RETRY-001/ios/Godstone/Sources/GodstoneMesh/WireV2.swift:7:15: note: consider making struct 'FrameV2' conform to the 'Sendable' protocol
  5 | 
  6 | /// GMP/2 frame. Header is 32 bytes, big-endian.
  7 | public struct FrameV2: Equatable {
    |               `- note: consider making struct 'FrameV2' conform to the 'Sendable' protocol
  8 |     public static let magic: UInt16 = 0x4753
  9 |     public static let version: UInt8 = 0x02

/private/tmp/board1-rc15-work-final/wt_IOS-SOS-RETRY-001/ios/Godstone/Sources/GodstoneMesh/TrustedHandshakeController.swift:39:9: warning: stored property 'noiseSession' of 'Sendable'-conforming struct 'DefaultHs3Writer' has non-Sendable type 'NoiseSession'; this is an error in the Swift 6 language mode
 37 | 
 38 | internal struct DefaultHs3Writer: Hs3Writer {
 39 |     let noiseSession: NoiseSession
    |         `- warning: stored property 'noiseSession' of 'Sendable'-conforming struct 'DefaultHs3Writer' has non-Sendable type 'NoiseSession'; this is an error in the Swift 6 language mode
 40 |     func writeHs3(payload: Data) throws -> Data {
 41 |         try noiseSession.writeMessage3(payload: payload)

/private/tmp/board1-rc15-work-final/wt_IOS-SOS-RETRY-001/ios/Godstone/Sources/GodstoneMesh/NoiseSession.swift:48:20: note: class 'NoiseSession' does not conform to the 'Sendable' protocol
 46 | }
 47 | 
 48 | public final class NoiseSession {
    |                    `- note: class 'NoiseSession' does not conform to the 'Sendable' protocol
 49 | 
 50 |     public enum Role { case initiator, responder }

[#AddPreconcurrencyImport]: <https://docs.swift.org/compiler/documentation/diagnostics/add-preconcurrency-import>
[#UnnecessaryEffectMarker]: <https://docs.swift.org/compiler/documentation/diagnostics/unnecessary-effect-marker>

SwiftCompile normal arm64 (in target 'GodstoneMesh' from project 'GodstonePackages')
    cd /tmp/board1-rc15-work-final/wt_IOS-SOS-RETRY-001/ios/Godstone.xcodeproj
    

SwiftCompile normal arm64 Compiling\ StableInventorySnapshot.swift,\ StartupRecoveryDecision.swift,\ StoreQuota.swift,\ StressCampaign.swift,\ SyncControlOwner.swift,\ SyncPump.swift,\ TrustAuthorityAdapter.swift,\ TrustUXModel.swift,\ TrustedHandshakeController.swift /private/tmp/board1-rc15-work-final/wt_IOS-SOS-RETRY-001/ios/Godstone/Sources/GodstoneMesh/StableInventorySnapshot.swift /private/tmp/board1-rc15-work-final/wt_IOS-SOS-RETRY-001/ios/Godstone/Sources/GodstoneMesh/StartupRecoveryDecision.swift /private/tmp/board1-rc15-work-final/wt_IOS-SOS-RETRY-001/ios/Godstone/Sources/GodstoneMesh/StoreQuota.swift /private/tmp/board1-rc15-work-final/wt_IOS-SOS-RETRY-001/ios/Godstone/Sources/GodstoneMesh/StressCampaign.swift /private/tmp/board1-rc15-work-final/wt_IOS-SOS-RETRY-001/ios/Godstone/Sources/GodstoneMesh/SyncControlOwner.swift /private/tmp/board1-rc15-work-final/wt_IOS-SOS-RETRY-001/ios/Godstone/Sources/GodstoneMesh/SyncPump.swift /private/tmp/board1-rc15-work-final/wt_IOS-SOS-RETRY-001/ios/Godstone/Sources/GodstoneMesh/TrustAuthorityAdapter.swift /private/tmp/board1-rc15-work-final/wt_IOS-SOS-RETRY-001/ios/Godstone/Sources/GodstoneMesh/TrustUXModel.swift /private/tmp/board1-rc15-work-final/wt_IOS-SOS-RETRY-001/ios/Godstone/Sources/GodstoneMesh/TrustedHandshakeController.swift (in target 'GodstoneMesh' from project 'GodstonePackages')
/private/tmp/board1-rc15-work-final/wt_IOS-SOS-RETRY-001/ios/Godstone/Sources/GodstoneMesh/SyncControlOwner.swift:42:14: warning: associated value 'answered(frame:)' of 'Sendable'-conforming enum 'OwnerDecision' contains non-Sendable type 'FrameV2'; this is an error in the Swift 6 language mode
 40 |         case ignored(reason: String)
 41 |         case refused(reason: String)
 42 |         case answered(frame: FrameV2)
    |              `- warning: associated value 'answered(frame:)' of 'Sendable'-conforming enum 'OwnerDecision' contains non-Sendable type 'FrameV2'; this is an error in the Swift 6 language mode
 43 |         case delivered(frames: [FrameV2])
 44 |     }

/private/tmp/board1-rc15-work-final/wt_IOS-SOS-RETRY-001/ios/Godstone/Sources/GodstoneMesh/WireV2.swift:7:15: note: consider making struct 'FrameV2' conform to the 'Sendable' protocol
  5 | 
  6 | /// GMP/2 frame. Header is 32 bytes, big-endian.
  7 | public struct FrameV2: Equatable {
    |               `- note: consider making struct 'FrameV2' conform to the 'Sendable' protocol
  8 |     public static let magic: UInt16 = 0x4753
  9 |     public static let version: UInt8 = 0x02

/private/tmp/board1-rc15-work-final/wt_IOS-SOS-RETRY-001/ios/Godstone/Sources/GodstoneMesh/SyncControlOwner.swift:43:14: warning: associated value 'delivered(frames:)' of 'Sendable'-conforming enum 'OwnerDecision' contains non-Sendable type 'FrameV2'; this is an error in the Swift 6 language mode
 41 |         case refused(reason: String)
 42 |         case answered(frame: FrameV2)
 43 |         case delivered(frames: [FrameV2])
    |              `- warning: associated value 'delivered(frames:)' of 'Sendable'-conforming enum 'OwnerDecision' contains non-Sendable type 'FrameV2'; this is an error in the Swift 6 language mode
 44 |     }
 45 | 

/private/tmp/board1-rc15-work-final/wt_IOS-SOS-RETRY-001/ios/Godstone/Sources/GodstoneMesh/WireV2.swift:7:15: note: consider making struct 'FrameV2' conform to the 'Sendable' protocol
  5 | 
  6 | /// GMP/2 frame. Header is 32 bytes, big-endian.
  7 | public struct FrameV2: Equatable {
    |               `- note: consider making struct 'FrameV2' conform to the 'Sendable' protocol
  8 |     public static let magic: UInt16 = 0x4753
  9 |     public static let version: UInt8 = 0x02

/private/tmp/board1-rc15-work-final/wt_IOS-SOS-RETRY-001/ios/Godstone/Sources/GodstoneMesh/SyncPump.swift:46:16: warning: stored property 'frame' of 'Sendable'-conforming struct 'ForwardCopy' has non-Sendable type 'FrameV2'; this is an error in the Swift 6 language mode
 44 | /// exactly once -- and every retry re-emiteth these exact bytes.
 45 | public struct ForwardCopy: Equatable, Sendable {
 46 |     public let frame: FrameV2
    |                `- warning: stored property 'frame' of 'Sendable'-conforming struct 'ForwardCopy' has non-Sendable type 'FrameV2'; this is an error in the Swift 6 language mode
 47 |     /// The immediate hop it arrived from, which is never offered it back.
 48 |     public let fromPeer: Data?

/private/tmp/board1-rc15-work-final/wt_IOS-SOS-RETRY-001/ios/Godstone/Sources/GodstoneMesh/WireV2.swift:7:15: note: consider making struct 'FrameV2' conform to the 'Sendable' protocol
  5 | 
  6 | /// GMP/2 frame. Header is 32 bytes, big-endian.
  7 | public struct FrameV2: Equatable {
    |               `- note: consider making struct 'FrameV2' conform to the 'Sendable' protocol
  8 |     public static let magic: UInt16 = 0x4753
  9 |     public static let version: UInt8 = 0x02

/private/tmp/board1-rc15-work-final/wt_IOS-SOS-RETRY-001/ios/Godstone/Sources/GodstoneMesh/TrustedHandshakeController.swift:39:9: warning: stored property 'noiseSession' of 'Sendable'-conforming struct 'DefaultHs3Writer' has non-Sendable type 'NoiseSession'; this is an error in the Swift 6 language mode
 37 | 
 38 | internal struct DefaultHs3Writer: Hs3Writer {
 39 |     let noiseSession: NoiseSession
    |         `- warning: stored property 'noiseSession' of 'Sendable'-conforming struct 'DefaultHs3Writer' has non-Sendable type 'NoiseSession'; this is an error in the Swift 6 language mode
 40 |     func writeHs3(payload: Data) throws -> Data {
 41 |         try noiseSession.writeMessage3(payload: payload)

/private/tmp/board1-rc15-work-final/wt_IOS-SOS-RETRY-001/ios/Godstone/Sources/GodstoneMesh/NoiseSession.swift:48:20: note: class 'NoiseSession' does not conform to the 'Sendable' protocol
 46 | }
 47 | 
 48 | public final class NoiseSession {
    |                    `- note: class 'NoiseSession' does not conform to the 'Sendable' protocol
 49 | 
 50 |     public enum Role { case initiator, responder }

SwiftCompile normal arm64 /private/tmp/board1-rc15-work-final/wt_IOS-SOS-RETRY-001/ios/Godstone/Sources/GodstoneMesh/StableInventorySnapshot.swift (in target 'GodstoneMesh' from project 'GodstonePackages')
    cd /tmp/board1-rc15-work-final/wt_IOS-SOS-RETRY-001/ios/Godstone.xcodeproj
    builtin-SwiftPerFileCompile StableInventorySnapshot.swift

SwiftCompile normal arm64 /private/tmp/board1-rc15-work-final/wt_IOS-SOS-RETRY-001/ios/Godstone/Sources/GodstoneMesh/StartupRecoveryDecision.swift (in target 'GodstoneMesh' from project 'GodstonePackages')
    cd /tmp/board1-rc15-work-final/wt_IOS-SOS-RETRY-001/ios/Godstone.xcodeproj
    builtin-SwiftPerFileCompile StartupRecoveryDecision.swift

SwiftCompile normal arm64 /private/tmp/board1-rc15-work-final/wt_IOS-SOS-RETRY-001/ios/Godstone/Sources/GodstoneMesh/StoreQuota.swift (in target 'GodstoneMesh' from project 'GodstonePackages')
    cd /tmp/board1-rc15-work-final/wt_IOS-SOS-RETRY-001/ios/Godstone.xcodeproj
    builtin-SwiftPerFileCompile StoreQuota.swift

SwiftCompile normal arm64 /private/tmp/board1-rc15-work-final/wt_IOS-SOS-RETRY-001/ios/Godstone/Sources/GodstoneMesh/StressCampaign.swift (in target 'GodstoneMesh' from project 'GodstonePackages')
    cd /tmp/board1-rc15-work-final/wt_IOS-SOS-RETRY-001/ios/Godstone.xcodeproj
    builtin-SwiftPerFileCompile StressCampaign.swift

SwiftCompile normal arm64 /private/tmp/board1-rc15-work-final/wt_IOS-SOS-RETRY-001/ios/Godstone/Sources/GodstoneMesh/SyncControlOwner.swift (in target 'GodstoneMesh' from project 'GodstonePackages')
    cd /tmp/board1-rc15-work-final/wt_IOS-SOS-RETRY-001/ios/Godstone.xcodeproj
    builtin-SwiftPerFileCompile SyncControlOwner.swift

SwiftCompile normal arm64 /private/tmp/board1-rc15-work-final/wt_IOS-SOS-RETRY-001/ios/Godstone/Sources/GodstoneMesh/SyncPump.swift (in target 'GodstoneMesh' from project 'GodstonePackages')
    cd /tmp/board1-rc15-work-final/wt_IOS-SOS-RETRY-001/ios/Godstone.xcodeproj
    builtin-SwiftPerFileCompile SyncPump.swift

SwiftCompile normal arm64 /private/tmp/board1-rc15-work-final/wt_IOS-SOS-RETRY-001/ios/Godstone/Sources/GodstoneMesh/TrustAuthorityAdapter.swift (in target 'GodstoneMesh' from project 'GodstonePackages')
    cd /tmp/board1-rc15-work-final/wt_IOS-SOS-RETRY-001/ios/Godstone.xcodeproj
    builtin-SwiftPerFileCompile TrustAuthorityAdapter.swift

SwiftCompile normal arm64 /private/tmp/board1-rc15-work-final/wt_IOS-SOS-RETRY-001/ios/Godstone/Sources/GodstoneMesh/TrustUXModel.swift (in target 'GodstoneMesh' from project 'GodstonePackages')
    cd /tmp/board1-rc15-work-final/wt_IOS-SOS-RETRY-001/ios/Godstone.xcodeproj
    builtin-SwiftPerFileCompile TrustUXModel.swift

SwiftCompile normal arm64 /private/tmp/board1-rc15-work-final/wt_IOS-SOS-RETRY-001/ios/Godstone/Sources/GodstoneMesh/TrustedHandshakeController.swift (in target 'GodstoneMesh' from project 'GodstonePackages')
    cd /tmp/board1-rc15-work-final/wt_IOS-SOS-RETRY-001/ios/Godstone.xcodeproj
    builtin-SwiftPerFileCompile TrustedHandshakeController.swift

SwiftCompile normal arm64 Compiling\ ReplayWindow.swift,\ RetentionClock.swift,\ Router.swift,\ RuntimeLifecycleGate.swift,\ SQLCipherTrustedExpectation.swift,\ SQLiteFunctionTable.swift,\ SchemaMigration.swift,\ SealedSender.swift,\ SendDirectAuthority.swift /private/tmp/board1-rc15-work-final/wt_IOS-SOS-RETRY-001/ios/Godstone/Sources/GodstoneMesh/ReplayWindow.swift /private/tmp/board1-rc15-work-final/wt_IOS-SOS-RETRY-001/ios/Godstone/Sources/GodstoneMesh/RetentionClock.swift /private/tmp/board1-rc15-work-final/wt_IOS-SOS-RETRY-001/ios/Godstone/Sources/GodstoneMesh/Router.swift /private/tmp/board1-rc15-work-final/wt_IOS-SOS-RETRY-001/ios/Godstone/Sources/GodstoneMesh/RuntimeLifecycleGate.swift /private/tmp/board1-rc15-work-final/wt_IOS-SOS-RETRY-001/ios/Godstone/Sources/GodstoneMesh/SQLCipherTrustedExpectation.swift /private/tmp/board1-rc15-work-final/wt_IOS-SOS-RETRY-001/ios/Godstone/Sources/GodstoneMesh/SQLiteFunctionTable.swift /private/tmp/board1-rc15-work-final/wt_IOS-SOS-RETRY-001/ios/Godstone/Sources/GodstoneMesh/SchemaMigration.swift /private/tmp/board1-rc15-work-final/wt_IOS-SOS-RETRY-001/ios/Godstone/Sources/GodstoneMesh/SealedSender.swift /private/tmp/board1-rc15-work-final/wt_IOS-SOS-RETRY-001/ios/Godstone/Sources/GodstoneMesh/SendDirectAuthority.swift (in target 'GodstoneMesh' from project 'GodstonePackages')
/private/tmp/board1-rc15-work-final/wt_IOS-SOS-RETRY-001/ios/Godstone/Sources/GodstoneMesh/SchemaMigration.swift:78:16: warning: stored property 'apply' of 'Sendable'-conforming struct 'MigrationStep' contains non-Sendable type '(any MigrationExecutor) -> ()'; this is an error in the Swift 6 language mode
 76 |     public let to: Int
 77 |     public let statements: [String]
 78 |     public let apply: MigrationApply?
    |                |- warning: stored property 'apply' of 'Sendable'-conforming struct 'MigrationStep' contains non-Sendable type '(any MigrationExecutor) -> ()'; this is an error in the Swift 6 language mode
    |                `- note: a function type must be marked '@Sendable' to conform to 'Sendable'
 79 |     public init(from: Int, to: Int, statements: [String], apply: MigrationApply? = nil) { self.from = from; self.to = to; self.statements = statements; self.apply = apply }
 80 | }

SwiftCompile normal arm64 /private/tmp/board1-rc15-work-final/wt_IOS-SOS-RETRY-001/ios/Godstone/Sources/GodstoneMesh/ReplayWindow.swift (in target 'GodstoneMesh' from project 'GodstonePackages')
    cd /tmp/board1-rc15-work-final/wt_IOS-SOS-RETRY-001/ios/Godstone.xcodeproj
    builtin-SwiftPerFileCompile ReplayWindow.swift

SwiftCompile normal arm64 /private/tmp/board1-rc15-work-final/wt_IOS-SOS-RETRY-001/ios/Godstone/Sources/GodstoneMesh/RetentionClock.swift (in target 'GodstoneMesh' from project 'GodstonePackages')
    cd /tmp/board1-rc15-work-final/wt_IOS-SOS-RETRY-001/ios/Godstone.xcodeproj
    builtin-SwiftPerFileCompile RetentionClock.swift

SwiftCompile normal arm64 /private/tmp/board1-rc15-work-final/wt_IOS-SOS-RETRY-001/ios/Godstone/Sources/GodstoneMesh/Router.swift (in target 'GodstoneMesh' from project 'GodstonePackages')
    cd /tmp/board1-rc15-work-final/wt_IOS-SOS-RETRY-001/ios/Godstone.xcodeproj
    builtin-SwiftPerFileCompile Router.swift

SwiftCompile normal arm64 /private/tmp/board1-rc15-work-final/wt_IOS-SOS-RETRY-001/ios/Godstone/Sources/GodstoneMesh/RuntimeLifecycleGate.swift (in target 'GodstoneMesh' from project 'GodstonePackages')
    cd /tmp/board1-rc15-work-final/wt_IOS-SOS-RETRY-001/ios/Godstone.xcodeproj
    builtin-SwiftPerFileCompile RuntimeLifecycleGate.swift

SwiftCompile normal arm64 /private/tmp/board1-rc15-work-final/wt_IOS-SOS-RETRY-001/ios/Godstone/Sources/GodstoneMesh/SQLCipherTrustedExpectation.swift (in target 'GodstoneMesh' from project 'GodstonePackages')
    cd /tmp/board1-rc15-work-final/wt_IOS-SOS-RETRY-001/ios/Godstone.xcodeproj
    builtin-SwiftPerFileCompile SQLCipherTrustedExpectation.swift

SwiftCompile normal arm64 /private/tmp/board1-rc15-work-final/wt_IOS-SOS-RETRY-001/ios/Godstone/Sources/GodstoneMesh/SQLiteFunctionTable.swift (in target 'GodstoneMesh' from project 'GodstonePackages')
    cd /tmp/board1-rc15-work-final/wt_IOS-SOS-RETRY-001/ios/Godstone.xcodeproj
    builtin-SwiftPerFileCompile SQLiteFunctionTable.swift

SwiftCompile normal arm64 /private/tmp/board1-rc15-work-final/wt_IOS-SOS-RETRY-001/ios/Godstone/Sources/GodstoneMesh/SchemaMigration.swift (in target 'GodstoneMesh' from project 'GodstonePackages')
    cd /tmp/board1-rc15-work-final/wt_IOS-SOS-RETRY-001/ios/Godstone.xcodeproj
    builtin-SwiftPerFileCompile SchemaMigration.swift

SwiftCompile normal arm64 /private/tmp/board1-rc15-work-final/wt_IOS-SOS-RETRY-001/ios/Godstone/Sources/GodstoneMesh/SealedSender.swift (in target 'GodstoneMesh' from project 'GodstonePackages')
    cd /tmp/board1-rc15-work-final/wt_IOS-SOS-RETRY-001/ios/Godstone.xcodeproj
    builtin-SwiftPerFileCompile SealedSender.swift

SwiftCompile normal arm64 /private/tmp/board1-rc15-work-final/wt_IOS-SOS-RETRY-001/ios/Godstone/Sources/GodstoneMesh/SendDirectAuthority.swift (in target 'GodstoneMesh' from project 'GodstonePackages')
    cd /tmp/board1-rc15-work-final/wt_IOS-SOS-RETRY-001/ios/Godstone.xcodeproj
    builtin-SwiftPerFileCompile SendDirectAuthority.swift

SwiftCompile normal arm64 Compiling\ PeerIdentityStore.swift,\ PeerTrustEngine.swift,\ PeerTrustModels.swift,\ PlaintextToEncryptedMigration.swift,\ Priority.swift,\ PrivateStoreKeyProvider.swift,\ RealTransportHostRig.swift,\ RecipientInboxRepository.swift,\ RecordWriter.swift /private/tmp/board1-rc15-work-final/wt_IOS-SOS-RETRY-001/ios/Godstone/Sources/GodstoneMesh/PeerIdentityStore.swift /private/tmp/board1-rc15-work-final/wt_IOS-SOS-RETRY-001/ios/Godstone/Sources/GodstoneMesh/PeerTrustEngine.swift /private/tmp/board1-rc15-work-final/wt_IOS-SOS-RETRY-001/ios/Godstone/Sources/GodstoneMesh/PeerTrustModels.swift /private/tmp/board1-rc15-work-final/wt_IOS-SOS-RETRY-001/ios/Godstone/Sources/GodstoneMesh/PlaintextToEncryptedMigration.swift /private/tmp/board1-rc15-work-final/wt_IOS-SOS-RETRY-001/ios/Godstone/Sources/GodstoneMesh/Priority.swift /private/tmp/board1-rc15-work-final/wt_IOS-SOS-RETRY-001/ios/Godstone/Sources/GodstoneMesh/PrivateStoreKeyProvider.swift /private/tmp/board1-rc15-work-final/wt_IOS-SOS-RETRY-001/ios/Godstone/Sources/GodstoneMesh/RealTransportHostRig.swift /private/tmp/board1-rc15-work-final/wt_IOS-SOS-RETRY-001/ios/Godstone/Sources/GodstoneMesh/RecipientInboxRepository.swift /private/tmp/board1-rc15-work-final/wt_IOS-SOS-RETRY-001/ios/Godstone/Sources/GodstoneMesh/RecordWriter.swift (in target 'GodstoneMesh' from project 'GodstonePackages')
/private/tmp/board1-rc15-work-final/wt_IOS-SOS-RETRY-001/ios/Godstone/Sources/GodstoneMesh/PeerIdentityStore.swift:368:25: warning: result of call to function returning 'Int32' is unused [#NoUsage]
 366 |             // *MIGRATIONS RUN UNDER THE OWNER'S USE LOCK, on the supplied connection -- never a second one.*
 367 |             try owned.usingConnection { raw in
 368 |                 self.fn.busyTimeout(raw, 5000)
     |                         `- warning: result of call to function returning 'Int32' is unused [#NoUsage]
 369 |                 try self.runMigrations(raw)
 370 |             }

/private/tmp/board1-rc15-work-final/wt_IOS-SOS-RETRY-001/ios/Godstone/Sources/GodstoneMesh/PeerIdentityStore.swift:392:33: warning: result of call to function returning 'Int32' is unused [#NoUsage]
 390 |         let flags = SQLITE_OPEN_READWRITE | SQLITE_OPEN_CREATE | SQLITE_OPEN_FULLMUTEX
 391 |         guard fn.openV2(path, &db, flags, nil) == SQLITE_OK, let validDb = db else {
 392 |             if let db = db { fn.closeV2(db) }
     |                                 `- warning: result of call to function returning 'Int32' is unused [#NoUsage]
 393 |             throw PeerStoreError.handleMissing
 394 |         }

/private/tmp/board1-rc15-work-final/wt_IOS-SOS-RETRY-001/ios/Godstone/Sources/GodstoneMesh/PeerIdentityStore.swift:398:12: warning: result of call to function returning 'Int32' is unused [#NoUsage]
 396 | 
 397 |         // Set busy timeout for cross-connection concurrency
 398 |         fn.busyTimeout(validDb, 5000)
     |            `- warning: result of call to function returning 'Int32' is unused [#NoUsage]
 399 | 
 400 |         do {

/private/tmp/board1-rc15-work-final/wt_IOS-SOS-RETRY-001/ios/Godstone/Sources/GodstoneMesh/PeerIdentityStore.swift:403:16: warning: result of call to function returning 'Int32' is unused [#NoUsage]
 401 |             try runMigrations(validDb)
 402 |         } catch {
 403 |             fn.closeV2(validDb)
     |                `- warning: result of call to function returning 'Int32' is unused [#NoUsage]
 404 |             handle = nil
 405 |             throw error

/private/tmp/board1-rc15-work-final/wt_IOS-SOS-RETRY-001/ios/Godstone/Sources/GodstoneMesh/PeerIdentityStore.swift:427:16: warning: result of call to function returning 'Int32' is unused [#NoUsage]
 425 |             try protectionSetter(path, fileProtection)
 426 |         } catch {
 427 |             fn.closeV2(validDb)
     |                `- warning: result of call to function returning 'Int32' is unused [#NoUsage]
 428 |             handle = nil
 429 |             throw PeerStoreError.fileProtectionFailed

/private/tmp/board1-rc15-work-final/wt_IOS-SOS-RETRY-001/ios/Godstone/Sources/GodstoneMesh/PeerIdentityStore.swift:438:16: warning: result of call to function returning 'Int32' is unused [#NoUsage]
 436 |     deinit {
 437 |         if ownsConnection, let db = handle {
 438 |             fn.closeV2(db)
     |                `- warning: result of call to function returning 'Int32' is unused [#NoUsage]
 439 |         }
 440 |         releaseAdoptedLease()

/private/tmp/board1-rc15-work-final/wt_IOS-SOS-RETRY-001/ios/Godstone/Sources/GodstoneMesh/PeerIdentityStore.swift:460:16: warning: result of call to function returning 'Int32' is unused [#NoUsage]
 458 |         }
 459 |         if let db = handle {
 460 |             fn.closeV2(db)
     |                `- warning: result of call to function returning 'Int32' is unused [#NoUsage]
 461 |             handle = nil
 462 |         }

/private/tmp/board1-rc15-work-final/wt_IOS-SOS-RETRY-001/ios/Godstone/Sources/GodstoneMesh/PeerIdentityStore.swift:487:20: warning: result of call to function returning 'Int32' is unused [#NoUsage]
 485 |             let result = try block(txStore)
 486 |             guard fn.exec(db, "COMMIT", nil, nil, nil) == SQLITE_OK else {
 487 |                 fn.exec(db, "ROLLBACK", nil, nil, nil)
     |                    `- warning: result of call to function returning 'Int32' is unused [#NoUsage]
 488 |                 throw PeerStoreError.stepFailed
 489 |             }

/private/tmp/board1-rc15-work-final/wt_IOS-SOS-RETRY-001/ios/Godstone/Sources/GodstoneMesh/PeerIdentityStore.swift:492:16: warning: result of call to function returning 'Int32' is unused [#NoUsage]
 490 |             return result
 491 |         } catch {
 492 |             fn.exec(db, "ROLLBACK", nil, nil, nil)
     |                `- warning: result of call to function returning 'Int32' is unused [#NoUsage]
 493 |             throw error
 494 |         }

/private/tmp/board1-rc15-work-final/wt_IOS-SOS-RETRY-001/ios/Godstone/Sources/GodstoneMesh/PeerIdentityStore.swift:500:16: warning: result of call to function returning 'Int32' is unused [#NoUsage]
 498 |         var stmt: OpaquePointer?
 499 |         guard fn.prepareV2(db, "PRAGMA user_version", -1, &stmt, nil) == SQLITE_OK else {
 500 |             fn.finalize(stmt); throw PeerStoreError.prepareFailed
     |                `- warning: result of call to function returning 'Int32' is unused [#NoUsage]
 501 |         }
 502 |         defer { fn.finalize(stmt) }

/private/tmp/board1-rc15-work-final/wt_IOS-SOS-RETRY-001/ios/Godstone/Sources/GodstoneMesh/PeerIdentityStore.swift:502:20: warning: result of call to function returning 'Int32' is unused [#NoUsage]
 500 |             fn.finalize(stmt); throw PeerStoreError.prepareFailed
 501 |         }
 502 |         defer { fn.finalize(stmt) }
     |                    `- warning: result of call to function returning 'Int32' is unused [#NoUsage]
 503 |         guard fn.step(stmt) == SQLITE_ROW else { throw PeerStoreError.stepFailed }
 504 |         return fn.columnInt(stmt, 0)

/private/tmp/board1-rc15-work-final/wt_IOS-SOS-RETRY-001/ios/Godstone/Sources/GodstoneMesh/PeerIdentityStore.swift:511:16: warning: result of call to function returning 'Int32' is unused [#NoUsage]
 509 |         let sql = "SELECT 1 FROM sqlite_master WHERE type = 'table' AND name = ?"
 510 |         guard fn.prepareV2(db, sql, -1, &stmt, nil) == SQLITE_OK else {
 511 |             fn.finalize(stmt); throw PeerStoreError.prepareFailed
     |                `- warning: result of call to function returning 'Int32' is unused [#NoUsage]
 512 |         }
 513 |         defer { fn.finalize(stmt) }

/private/tmp/board1-rc15-work-final/wt_IOS-SOS-RETRY-001/ios/Godstone/Sources/GodstoneMesh/PeerIdentityStore.swift:513:20: warning: result of call to function returning 'Int32' is unused [#NoUsage]
 511 |             fn.finalize(stmt); throw PeerStoreError.prepareFailed
 512 |         }
 513 |         defer { fn.finalize(stmt) }
     |                    `- warning: result of call to function returning 'Int32' is unused [#NoUsage]
 514 |         bindText(stmt, 1, name)
 515 |         let rc = fn.step(stmt)

/private/tmp/board1-rc15-work-final/wt_IOS-SOS-RETRY-001/ios/Godstone/Sources/GodstoneMesh/PeerIdentityStore.swift:535:20: warning: result of call to function returning 'Int32' is unused [#NoUsage]
 533 |                 guard fn.exec(db, "COMMIT", nil, nil, nil) == SQLITE_OK else { throw PeerStoreError.stepFailed }
 534 |             } catch {
 535 |                 fn.exec(db, "ROLLBACK", nil, nil, nil)
     |                    `- warning: result of call to function returning 'Int32' is unused [#NoUsage]
 536 |                 throw error
 537 |             }

/private/tmp/board1-rc15-work-final/wt_IOS-SOS-RETRY-001/ios/Godstone/Sources/GodstoneMesh/PeerIdentityStore.swift:561:16: warning: result of call to function returning 'Int32' is unused [#NoUsage]
 559 |         let sql = "SELECT sql FROM sqlite_master WHERE type = 'table' AND name = ?"
 560 |         guard fn.prepareV2(db, sql, -1, &stmt, nil) == SQLITE_OK else {
 561 |             fn.finalize(stmt); throw PeerStoreError.prepareFailed
     |                `- warning: result of call to function returning 'Int32' is unused [#NoUsage]
 562 |         }
 563 |         defer { fn.finalize(stmt) }

/private/tmp/board1-rc15-work-final/wt_IOS-SOS-RETRY-001/ios/Godstone/Sources/GodstoneMesh/PeerIdentityStore.swift:563:20: warning: result of call to function returning 'Int32' is unused [#NoUsage]
 561 |             fn.finalize(stmt); throw PeerStoreError.prepareFailed
 562 |         }
 563 |         defer { fn.finalize(stmt) }
     |                    `- warning: result of call to function returning 'Int32' is unused [#NoUsage]
 564 |         bindText(stmt, 1, PeerIdentitySchema.table)
 565 |         guard fn.step(stmt) == SQLITE_ROW, let raw = fn.columnText(stmt, 0) else {

/private/tmp/board1-rc15-work-final/wt_IOS-SOS-RETRY-001/ios/Godstone/Sources/GodstoneMesh/PeerIdentityStore.swift:752:16: warning: result of call to function returning 'Int32' is unused [#NoUsage]
 750 |         var stmt: OpaquePointer?
 751 |         guard fn.prepareV2(db, PeerIdentitySchema.readRawSql, -1, &stmt, nil) == SQLITE_OK else {
 752 |             fn.finalize(stmt); throw PeerStoreError.prepareFailed
     |                `- warning: result of call to function returning 'Int32' is unused [#NoUsage]
 753 |         }
 754 |         defer { fn.finalize(stmt) }

/private/tmp/board1-rc15-work-final/wt_IOS-SOS-RETRY-001/ios/Godstone/Sources/GodstoneMesh/PeerIdentityStore.swift:754:20: warning: result of call to function returning 'Int32' is unused [#NoUsage]
 752 |             fn.finalize(stmt); throw PeerStoreError.prepareFailed
 753 |         }
 754 |         defer { fn.finalize(stmt) }
     |                    `- warning: result of call to function returning 'Int32' is unused [#NoUsage]
 755 |         bindBlob(stmt, 1, nodeId)
 756 | 

/private/tmp/board1-rc15-work-final/wt_IOS-SOS-RETRY-001/ios/Godstone/Sources/GodstoneMesh/PeerIdentityStore.swift:790:16: warning: result of call to function returning 'Int32' is unused [#NoUsage]
 788 |         var stmt: OpaquePointer?
 789 |         guard fn.prepareV2(db, PeerIdentitySchema.insertFirstSeenSql, -1, &stmt, nil) == SQLITE_OK else {
 790 |             fn.finalize(stmt); throw PeerStoreError.prepareFailed
     |                `- warning: result of call to function returning 'Int32' is unused [#NoUsage]
 791 |         }
 792 |         defer { fn.finalize(stmt) }

/private/tmp/board1-rc15-work-final/wt_IOS-SOS-RETRY-001/ios/Godstone/Sources/GodstoneMesh/PeerIdentityStore.swift:792:20: warning: result of call to function returning 'Int32' is unused [#NoUsage]
 790 |             fn.finalize(stmt); throw PeerStoreError.prepareFailed
 791 |         }
 792 |         defer { fn.finalize(stmt) }
     |                    `- warning: result of call to function returning 'Int32' is unused [#NoUsage]
 793 |         bindBlob(stmt, 1, nodeId)
 794 |         bindBlob(stmt, 2, signingPub)

/private/tmp/board1-rc15-work-final/wt_IOS-SOS-RETRY-001/ios/Godstone/Sources/GodstoneMesh/PeerIdentityStore.swift:796:12: warning: result of call to function returning 'Int32' is unused [#NoUsage]
 794 |         bindBlob(stmt, 2, signingPub)
 795 |         bindBlob(stmt, 3, acceptedStatic)
 796 |         fn.bindInt64(stmt, 4, acceptedGeneration)
     |            `- warning: result of call to function returning 'Int32' is unused [#NoUsage]
 797 |         fn.bindInt(stmt, 5, trustCode)
 798 | 

/private/tmp/board1-rc15-work-final/wt_IOS-SOS-RETRY-001/ios/Godstone/Sources/GodstoneMesh/PeerIdentityStore.swift:797:12: warning: result of call to function returning 'Int32' is unused [#NoUsage]
 795 |         bindBlob(stmt, 3, acceptedStatic)
 796 |         fn.bindInt64(stmt, 4, acceptedGeneration)
 797 |         fn.bindInt(stmt, 5, trustCode)
     |            `- warning: result of call to function returning 'Int32' is unused [#NoUsage]
 798 | 
 799 |         guard fn.step(stmt) == SQLITE_DONE else { throw PeerStoreError.stepFailed }

/private/tmp/board1-rc15-work-final/wt_IOS-SOS-RETRY-001/ios/Godstone/Sources/GodstoneMesh/PeerIdentityStore.swift:815:16: warning: result of call to function returning 'Int32' is unused [#NoUsage]
 813 |         var stmt: OpaquePointer?
 814 |         guard fn.prepareV2(db, PeerIdentitySchema.setInitialPendingSql, -1, &stmt, nil) == SQLITE_OK else {
 815 |             fn.finalize(stmt); throw PeerStoreError.prepareFailed
     |                `- warning: result of call to function returning 'Int32' is unused [#NoUsage]
 816 |         }
 817 |         defer { fn.finalize(stmt) }

/private/tmp/board1-rc15-work-final/wt_IOS-SOS-RETRY-001/ios/Godstone/Sources/GodstoneMesh/PeerIdentityStore.swift:817:20: warning: result of call to function returning 'Int32' is unused [#NoUsage]
 815 |             fn.finalize(stmt); throw PeerStoreError.prepareFailed
 816 |         }
 817 |         defer { fn.finalize(stmt) }
     |                    `- warning: result of call to function returning 'Int32' is unused [#NoUsage]
 818 |         bindBlob(stmt, 1, newPendingStatic)
 819 |         fn.bindInt64(stmt, 2, newPendingGeneration)

/private/tmp/board1-rc15-work-final/wt_IOS-SOS-RETRY-001/ios/Godstone/Sources/GodstoneMesh/PeerIdentityStore.swift:819:12: warning: result of call to function returning 'Int32' is unused [#NoUsage]
 817 |         defer { fn.finalize(stmt) }
 818 |         bindBlob(stmt, 1, newPendingStatic)
 819 |         fn.bindInt64(stmt, 2, newPendingGeneration)
     |            `- warning: result of call to function returning 'Int32' is unused [#NoUsage]
 820 |         bindBlob(stmt, 3, nodeId)
 821 |         bindBlob(stmt, 4, signingPub)

/private/tmp/board1-rc15-work-final/wt_IOS-SOS-RETRY-001/ios/Godstone/Sources/GodstoneMesh/PeerIdentityStore.swift:823:12: warning: result of call to function returning 'Int32' is unused [#NoUsage]
 821 |         bindBlob(stmt, 4, signingPub)
 822 |         bindBlob(stmt, 5, acceptedStatic)
 823 |         fn.bindInt64(stmt, 6, acceptedGeneration)
     |            `- warning: result of call to function returning 'Int32' is unused [#NoUsage]
 824 |         fn.bindInt(stmt, 7, trustLevel)
 825 | 

/private/tmp/board1-rc15-work-final/wt_IOS-SOS-RETRY-001/ios/Godstone/Sources/GodstoneMesh/PeerIdentityStore.swift:824:12: warning: result of call to function returning 'Int32' is unused [#NoUsage]
 822 |         bindBlob(stmt, 5, acceptedStatic)
 823 |         fn.bindInt64(stmt, 6, acceptedGeneration)
 824 |         fn.bindInt(stmt, 7, trustLevel)
     |            `- warning: result of call to function returning 'Int32' is unused [#NoUsage]
 825 | 
 826 |         guard fn.step(stmt) == SQLITE_DONE else { throw PeerStoreError.stepFailed }

/private/tmp/board1-rc15-work-final/wt_IOS-SOS-RETRY-001/ios/Godstone/Sources/GodstoneMesh/PeerIdentityStore.swift:844:16: warning: result of call to function returning 'Int32' is unused [#NoUsage]
 842 |         var stmt: OpaquePointer?
 843 |         guard fn.prepareV2(db, PeerIdentitySchema.advancePendingSql, -1, &stmt, nil) == SQLITE_OK else {
 844 |             fn.finalize(stmt); throw PeerStoreError.prepareFailed
     |                `- warning: result of call to function returning 'Int32' is unused [#NoUsage]
 845 |         }
 846 |         defer { fn.finalize(stmt) }

/private/tmp/board1-rc15-work-final/wt_IOS-SOS-RETRY-001/ios/Godstone/Sources/GodstoneMesh/PeerIdentityStore.swift:846:20: warning: result of call to function returning 'Int32' is unused [#NoUsage]
 844 |             fn.finalize(stmt); throw PeerStoreError.prepareFailed
 845 |         }
 846 |         defer { fn.finalize(stmt) }
     |                    `- warning: result of call to function returning 'Int32' is unused [#NoUsage]
 847 |         bindBlob(stmt, 1, newPendingStatic)
 848 |         fn.bindInt64(stmt, 2, newPendingGeneration)

/private/tmp/board1-rc15-work-final/wt_IOS-SOS-RETRY-001/ios/Godstone/Sources/GodstoneMesh/PeerIdentityStore.swift:848:12: warning: result of call to function returning 'Int32' is unused [#NoUsage]
 846 |         defer { fn.finalize(stmt) }
 847 |         bindBlob(stmt, 1, newPendingStatic)
 848 |         fn.bindInt64(stmt, 2, newPendingGeneration)
     |            `- warning: result of call to function returning 'Int32' is unused [#NoUsage]
 849 |         bindBlob(stmt, 3, nodeId)
 850 |         bindBlob(stmt, 4, signingPub)

/private/tmp/board1-rc15-work-final/wt_IOS-SOS-RETRY-001/ios/Godstone/Sources/GodstoneMesh/PeerIdentityStore.swift:852:12: warning: result of call to function returning 'Int32' is unused [#NoUsage]
 850 |         bindBlob(stmt, 4, signingPub)
 851 |         bindBlob(stmt, 5, acceptedStatic)
 852 |         fn.bindInt64(stmt, 6, acceptedGeneration)
     |            `- warning: result of call to function returning 'Int32' is unused [#NoUsage]
 853 |         fn.bindInt(stmt, 7, trustLevel)
 854 |         bindBlob(stmt, 8, oldPendingStatic)

/private/tmp/board1-rc15-work-final/wt_IOS-SOS-RETRY-001/ios/Godstone/Sources/GodstoneMesh/PeerIdentityStore.swift:853:12: warning: result of call to function returning 'Int32' is unused [#NoUsage]
 851 |         bindBlob(stmt, 5, acceptedStatic)
 852 |         fn.bindInt64(stmt, 6, acceptedGeneration)
 853 |         fn.bindInt(stmt, 7, trustLevel)
     |            `- warning: result of call to function returning 'Int32' is unused [#NoUsage]
 854 |         bindBlob(stmt, 8, oldPendingStatic)
 855 |         fn.bindInt64(stmt, 9, oldPendingGeneration)

/private/tmp/board1-rc15-work-final/wt_IOS-SOS-RETRY-001/ios/Godstone/Sources/GodstoneMesh/PeerIdentityStore.swift:855:12: warning: result of call to function returning 'Int32' is unused [#NoUsage]
 853 |         fn.bindInt(stmt, 7, trustLevel)
 854 |         bindBlob(stmt, 8, oldPendingStatic)
 855 |         fn.bindInt64(stmt, 9, oldPendingGeneration)
     |            `- warning: result of call to function returning 'Int32' is unused [#NoUsage]
 856 | 
 857 |         guard fn.step(stmt) == SQLITE_DONE else { throw PeerStoreError.stepFailed }

/private/tmp/board1-rc15-work-final/wt_IOS-SOS-RETRY-001/ios/Godstone/Sources/GodstoneMesh/PeerIdentityStore.swift:873:16: warning: result of call to function returning 'Int32' is unused [#NoUsage]
 871 |         var stmt: OpaquePointer?
 872 |         guard fn.prepareV2(db, PeerIdentitySchema.approvePendingRotationSql, -1, &stmt, nil) == SQLITE_OK else {
 873 |             fn.finalize(stmt); throw PeerStoreError.prepareFailed
     |                `- warning: result of call to function returning 'Int32' is unused [#NoUsage]
 874 |         }
 875 |         defer { fn.finalize(stmt) }

/private/tmp/board1-rc15-work-final/wt_IOS-SOS-RETRY-001/ios/Godstone/Sources/GodstoneMesh/PeerIdentityStore.swift:875:20: warning: result of call to function returning 'Int32' is unused [#NoUsage]
 873 |             fn.finalize(stmt); throw PeerStoreError.prepareFailed
 874 |         }
 875 |         defer { fn.finalize(stmt) }
     |                    `- warning: result of call to function returning 'Int32' is unused [#NoUsage]
 876 |         bindBlob(stmt, 1, nodeId)
 877 |         bindBlob(stmt, 2, signingPub)

/private/tmp/board1-rc15-work-final/wt_IOS-SOS-RETRY-001/ios/Godstone/Sources/GodstoneMesh/PeerIdentityStore.swift:879:12: warning: result of call to function returning 'Int32' is unused [#NoUsage]
 877 |         bindBlob(stmt, 2, signingPub)
 878 |         bindBlob(stmt, 3, acceptedStatic)
 879 |         fn.bindInt64(stmt, 4, acceptedGeneration)
     |            `- warning: result of call to function returning 'Int32' is unused [#NoUsage]
 880 |         fn.bindInt(stmt, 5, trustLevel)
 881 |         bindBlob(stmt, 6, expectedPendingStatic)

/private/tmp/board1-rc15-work-final/wt_IOS-SOS-RETRY-001/ios/Godstone/Sources/GodstoneMesh/PeerIdentityStore.swift:880:12: warning: result of call to function returning 'Int32' is unused [#NoUsage]
 878 |         bindBlob(stmt, 3, acceptedStatic)
 879 |         fn.bindInt64(stmt, 4, acceptedGeneration)
 880 |         fn.bindInt(stmt, 5, trustLevel)
     |            `- warning: result of call to function returning 'Int32' is unused [#NoUsage]
 881 |         bindBlob(stmt, 6, expectedPendingStatic)
 882 |         fn.bindInt64(stmt, 7, expectedPendingGeneration)

/private/tmp/board1-rc15-work-final/wt_IOS-SOS-RETRY-001/ios/Godstone/Sources/GodstoneMesh/PeerIdentityStore.swift:882:12: warning: result of call to function returning 'Int32' is unused [#NoUsage]
 880 |         fn.bindInt(stmt, 5, trustLevel)
 881 |         bindBlob(stmt, 6, expectedPendingStatic)
 882 |         fn.bindInt64(stmt, 7, expectedPendingGeneration)
     |            `- warning: result of call to function returning 'Int32' is unused [#NoUsage]
 883 | 
 884 |         guard fn.step(stmt) == SQLITE_DONE else { throw PeerStoreError.stepFailed }

/private/tmp/board1-rc15-work-final/wt_IOS-SOS-RETRY-001/ios/Godstone/Sources/GodstoneMesh/PeerIdentityStore.swift:900:16: warning: result of call to function returning 'Int32' is unused [#NoUsage]
 898 |         var stmt: OpaquePointer?
 899 |         guard fn.prepareV2(db, PeerIdentitySchema.confirmVerifiedSql, -1, &stmt, nil) == SQLITE_OK else {
 900 |             fn.finalize(stmt); throw PeerStoreError.prepareFailed
     |                `- warning: result of call to function returning 'Int32' is unused [#NoUsage]
 901 |         }
 902 |         defer { fn.finalize(stmt) }

/private/tmp/board1-rc15-work-final/wt_IOS-SOS-RETRY-001/ios/Godstone/Sources/GodstoneMesh/PeerIdentityStore.swift:902:20: warning: result of call to function returning 'Int32' is unused [#NoUsage]
 900 |             fn.finalize(stmt); throw PeerStoreError.prepareFailed
 901 |         }
 902 |         defer { fn.finalize(stmt) }
     |                    `- warning: result of call to function returning 'Int32' is unused [#NoUsage]
 903 |         bindBlob(stmt, 1, nodeId)
 904 |         bindBlob(stmt, 2, signingPub)

/private/tmp/board1-rc15-work-final/wt_IOS-SOS-RETRY-001/ios/Godstone/Sources/GodstoneMesh/PeerIdentityStore.swift:906:12: warning: result of call to function returning 'Int32' is unused [#NoUsage]
 904 |         bindBlob(stmt, 2, signingPub)
 905 |         bindBlob(stmt, 3, acceptedStatic)
 906 |         fn.bindInt64(stmt, 4, acceptedGeneration)
     |            `- warning: result of call to function returning 'Int32' is unused [#NoUsage]
 907 |         guard fn.step(stmt) == SQLITE_DONE else { throw PeerStoreError.stepFailed }
 908 |         return Int(fn.changes(db))

/private/tmp/board1-rc15-work-final/wt_IOS-SOS-RETRY-001/ios/Godstone/Sources/GodstoneMesh/PeerIdentityStore.swift:924:20: warning: result of call to function returning 'Int32' is unused [#NoUsage]
 922 |         if let oldStatic = oldPendingStatic, let oldGen = oldPendingGeneration {
 923 |             guard fn.prepareV2(db, PeerIdentitySchema.revokeWithPendingSql, -1, &stmt, nil) == SQLITE_OK else {
 924 |                 fn.finalize(stmt); throw PeerStoreError.prepareFailed
     |                    `- warning: result of call to function returning 'Int32' is unused [#NoUsage]
 925 |             }
 926 |             defer { fn.finalize(stmt) }

/private/tmp/board1-rc15-work-final/wt_IOS-SOS-RETRY-001/ios/Godstone/Sources/GodstoneMesh/PeerIdentityStore.swift:926:24: warning: result of call to function returning 'Int32' is unused [#NoUsage]
 924 |                 fn.finalize(stmt); throw PeerStoreError.prepareFailed
 925 |             }
 926 |             defer { fn.finalize(stmt) }
     |                        `- warning: result of call to function returning 'Int32' is unused [#NoUsage]
 927 |             bindBlob(stmt, 1, nodeId)
 928 |             bindBlob(stmt, 2, signingPub)

/private/tmp/board1-rc15-work-final/wt_IOS-SOS-RETRY-001/ios/Godstone/Sources/GodstoneMesh/PeerIdentityStore.swift:930:16: warning: result of call to function returning 'Int32' is unused [#NoUsage]
 928 |             bindBlob(stmt, 2, signingPub)
 929 |             bindBlob(stmt, 3, acceptedStatic)
 930 |             fn.bindInt64(stmt, 4, acceptedGeneration)
     |                `- warning: result of call to function returning 'Int32' is unused [#NoUsage]
 931 |             fn.bindInt(stmt, 5, currentTrustLevel)
 932 |             bindBlob(stmt, 6, oldStatic)

/private/tmp/board1-rc15-work-final/wt_IOS-SOS-RETRY-001/ios/Godstone/Sources/GodstoneMesh/PeerIdentityStore.swift:931:16: warning: result of call to function returning 'Int32' is unused [#NoUsage]
 929 |             bindBlob(stmt, 3, acceptedStatic)
 930 |             fn.bindInt64(stmt, 4, acceptedGeneration)
 931 |             fn.bindInt(stmt, 5, currentTrustLevel)
     |                `- warning: result of call to function returning 'Int32' is unused [#NoUsage]
 932 |             bindBlob(stmt, 6, oldStatic)
 933 |             fn.bindInt64(stmt, 7, oldGen)

/private/tmp/board1-rc15-work-final/wt_IOS-SOS-RETRY-001/ios/Godstone/Sources/GodstoneMesh/PeerIdentityStore.swift:933:16: warning: result of call to function returning 'Int32' is unused [#NoUsage]
 931 |             fn.bindInt(stmt, 5, currentTrustLevel)
 932 |             bindBlob(stmt, 6, oldStatic)
 933 |             fn.bindInt64(stmt, 7, oldGen)
     |                `- warning: result of call to function returning 'Int32' is unused [#NoUsage]
 934 | 
 935 |             guard fn.step(stmt) == SQLITE_DONE else { throw PeerStoreError.stepFailed }

/private/tmp/board1-rc15-work-final/wt_IOS-SOS-RETRY-001/ios/Godstone/Sources/GodstoneMesh/PeerIdentityStore.swift:939:20: warning: result of call to function returning 'Int32' is unused [#NoUsage]
 937 |         } else {
 938 |             guard fn.prepareV2(db, PeerIdentitySchema.revokeNoPendingSql, -1, &stmt, nil) == SQLITE_OK else {
 939 |                 fn.finalize(stmt); throw PeerStoreError.prepareFailed
     |                    `- warning: result of call to function returning 'Int32' is unused [#NoUsage]
 940 |             }
 941 |             defer { fn.finalize(stmt) }

/private/tmp/board1-rc15-work-final/wt_IOS-SOS-RETRY-001/ios/Godstone/Sources/GodstoneMesh/PeerIdentityStore.swift:941:24: warning: result of call to function returning 'Int32' is unused [#NoUsage]
 939 |                 fn.finalize(stmt); throw PeerStoreError.prepareFailed
 940 |             }
 941 |             defer { fn.finalize(stmt) }
     |                        `- warning: result of call to function returning 'Int32' is unused [#NoUsage]
 942 |             bindBlob(stmt, 1, nodeId)
 943 |             bindBlob(stmt, 2, signingPub)

/private/tmp/board1-rc15-work-final/wt_IOS-SOS-RETRY-001/ios/Godstone/Sources/GodstoneMesh/PeerIdentityStore.swift:945:16: warning: result of call to function returning 'Int32' is unused [#NoUsage]
 943 |             bindBlob(stmt, 2, signingPub)
 944 |             bindBlob(stmt, 3, acceptedStatic)
 945 |             fn.bindInt64(stmt, 4, acceptedGeneration)
     |                `- warning: result of call to function returning 'Int32' is unused [#NoUsage]
 946 |             fn.bindInt(stmt, 5, currentTrustLevel)
 947 | 

/private/tmp/board1-rc15-work-final/wt_IOS-SOS-RETRY-001/ios/Godstone/Sources/GodstoneMesh/PeerIdentityStore.swift:946:16: warning: result of call to function returning 'Int32' is unused [#NoUsage]
 944 |             bindBlob(stmt, 3, acceptedStatic)
 945 |             fn.bindInt64(stmt, 4, acceptedGeneration)
 946 |             fn.bindInt(stmt, 5, currentTrustLevel)
     |                `- warning: result of call to function returning 'Int32' is unused [#NoUsage]
 947 | 
 948 |             guard fn.step(stmt) == SQLITE_DONE else { throw PeerStoreError.stepFailed }

/private/tmp/board1-rc15-work-final/wt_IOS-SOS-RETRY-001/ios/Godstone/Sources/GodstoneMesh/PeerIdentityStore.swift:962:12: warning: result of call to function returning 'Int32' is unused [#NoUsage]
 960 |     @inline(__always)
 961 |     private func bindText(_ stmt: OpaquePointer?, _ index: Int32, _ text: String) {
 962 |         fn.bindText(stmt, index, text, -1, peerStoreSqliteTransient)
     |            `- warning: result of call to function returning 'Int32' is unused [#NoUsage]
 963 |     }
 964 | 

/private/tmp/board1-rc15-work-final/wt_IOS-SOS-RETRY-001/ios/Godstone/Sources/GodstoneMesh/RealTransportHostRig.swift:1024:28: warning: capture 'self' was never used [#NoUsage]
1022 |             fabric.record(from: relay.aLabel, to: relay.bLabel, bytes: bytes,
1023 |                           characteristic: uuid == BleTransport.linkInfoCharacteristicUuid ? "linkInfo" : "inbox")
1024 |             queue.async { [self] in relay.deliverInitiatorToResponder(bytes: bytes, uuid: uuid) }
     |                            `- warning: capture 'self' was never used [#NoUsage]
1025 |         }
1026 |         // *** *** ONE MANAGER DISPATCHER OVER A LINK REGISTRY, ROUTED BY THE DESTINATION CENTRAL. *** ***

/private/tmp/board1-rc15-work-final/wt_IOS-SOS-RETRY-001/ios/Godstone/Sources/GodstoneMesh/RealTransportHostRig.swift:1069:40: warning: capture 'self' was never used [#NoUsage]
1067 |                 let key = ResponderKey(responderLabel: responder.label, centralId: centralId)
1068 |                 guard let route = responderDispatch[key] else { return }
1069 |                 deliveryQueue.async { [self] in
     |                                        `- warning: capture 'self' was never used [#NoUsage]
1070 |                     route.relay.deliverResponderToInitiator(bytes: bytes, uuid: uuid, admittedEpoch: route.epoch)
1071 |                 }

/private/tmp/board1-rc15-work-final/wt_IOS-SOS-RETRY-001/ios/Godstone/Sources/GodstoneMesh/RealTransportHostRig.swift:1112:13: warning: using '_' to ignore the result of a Void-returning function is redundant
1110 |                                                    : BleTransport.inboxCharacteristicUuid,
1111 |                                   value: bytes)
1112 |             _ = responder.ble.processPeripheralReceiveWrite(
     |             `- warning: using '_' to ignore the result of a Void-returning function is redundant
1113 |                 rPM, requests: [unsafeBitCast(req, to: CBATTRequest.self)],
1114 |                 sourceEpoch: responder.ble.currentTransportEpoch)

[#NoUsage]: <https://docs.swift.org/compiler/documentation/diagnostics/no-usage>

SwiftCompile normal arm64 /private/tmp/board1-rc15-work-final/wt_IOS-SOS-RETRY-001/ios/Godstone/Sources/GodstoneMesh/PeerIdentityStore.swift (in target 'GodstoneMesh' from project 'GodstonePackages')
    cd /tmp/board1-rc15-work-final/wt_IOS-SOS-RETRY-001/ios/Godstone.xcodeproj
    builtin-SwiftPerFileCompile PeerIdentityStore.swift

SwiftCompile normal arm64 /private/tmp/board1-rc15-work-final/wt_IOS-SOS-RETRY-001/ios/Godstone/Sources/GodstoneMesh/PeerTrustEngine.swift (in target 'GodstoneMesh' from project 'GodstonePackages')
    cd /tmp/board1-rc15-work-final/wt_IOS-SOS-RETRY-001/ios/Godstone.xcodeproj
    builtin-SwiftPerFileCompile PeerTrustEngine.swift

SwiftCompile normal arm64 /private/tmp/board1-rc15-work-final/wt_IOS-SOS-RETRY-001/ios/Godstone/Sources/GodstoneMesh/PeerTrustModels.swift (in target 'GodstoneMesh' from project 'GodstonePackages')
    cd /tmp/board1-rc15-work-final/wt_IOS-SOS-RETRY-001/ios/Godstone.xcodeproj
    builtin-SwiftPerFileCompile PeerTrustModels.swift

SwiftCompile normal arm64 /private/tmp/board1-rc15-work-final/wt_IOS-SOS-RETRY-001/ios/Godstone/Sources/GodstoneMesh/PlaintextToEncryptedMigration.swift (in target 'GodstoneMesh' from project 'GodstonePackages')
    cd /tmp/board1-rc15-work-final/wt_IOS-SOS-RETRY-001/ios/Godstone.xcodeproj
    builtin-SwiftPerFileCompile PlaintextToEncryptedMigration.swift

SwiftCompile normal arm64 /private/tmp/board1-rc15-work-final/wt_IOS-SOS-RETRY-001/ios/Godstone/Sources/GodstoneMesh/Priority.swift (in target 'GodstoneMesh' from project 'GodstonePackages')
    cd /tmp/board1-rc15-work-final/wt_IOS-SOS-RETRY-001/ios/Godstone.xcodeproj
    builtin-SwiftPerFileCompile Priority.swift

SwiftCompile normal arm64 /private/tmp/board1-rc15-work-final/wt_IOS-SOS-RETRY-001/ios/Godstone/Sources/GodstoneMesh/PrivateStoreKeyProvider.swift (in target 'GodstoneMesh' from project 'GodstonePackages')
    cd /tmp/board1-rc15-work-final/wt_IOS-SOS-RETRY-001/ios/Godstone.xcodeproj
    builtin-SwiftPerFileCompile PrivateStoreKeyProvider.swift

SwiftCompile normal arm64 /private/tmp/board1-rc15-work-final/wt_IOS-SOS-RETRY-001/ios/Godstone/Sources/GodstoneMesh/RealTransportHostRig.swift (in target 'GodstoneMesh' from project 'GodstonePackages')
    cd /tmp/board1-rc15-work-final/wt_IOS-SOS-RETRY-001/ios/Godstone.xcodeproj
    builtin-SwiftPerFileCompile RealTransportHostRig.swift

SwiftCompile normal arm64 /private/tmp/board1-rc15-work-final/wt_IOS-SOS-RETRY-001/ios/Godstone/Sources/GodstoneMesh/RecipientInboxRepository.swift (in target 'GodstoneMesh' from project 'GodstonePackages')
    cd /tmp/board1-rc15-work-final/wt_IOS-SOS-RETRY-001/ios/Godstone.xcodeproj
    builtin-SwiftPerFileCompile RecipientInboxRepository.swift

SwiftCompile normal arm64 /private/tmp/board1-rc15-work-final/wt_IOS-SOS-RETRY-001/ios/Godstone/Sources/GodstoneMesh/RecordWriter.swift (in target 'GodstoneMesh' from project 'GodstonePackages')
    cd /tmp/board1-rc15-work-final/wt_IOS-SOS-RETRY-001/ios/Godstone.xcodeproj
    builtin-SwiftPerFileCompile RecordWriter.swift

SwiftCompile normal arm64 Compiling\ LifecycleTransportAdapter.swift,\ LifetimeControl.swift,\ LinkInfoSnapshotAuthority.swift,\ LinkInfoSnapshotTypes.swift,\ LocalIdentityStateV1.swift,\ MeshCheckpoint.swift,\ MeshCoordinator.swift,\ MeshIdentity.swift,\ MeshNode.swift,\ MeshRuntime.swift /private/tmp/board1-rc15-work-final/wt_IOS-SOS-RETRY-001/ios/Godstone/Sources/GodstoneMesh/LifecycleTransportAdapter.swift /private/tmp/board1-rc15-work-final/wt_IOS-SOS-RETRY-001/ios/Godstone/Sources/GodstoneMesh/LifetimeControl.swift /private/tmp/board1-rc15-work-final/wt_IOS-SOS-RETRY-001/ios/Godstone/Sources/GodstoneMesh/LinkInfoSnapshotAuthority.swift /private/tmp/board1-rc15-work-final/wt_IOS-SOS-RETRY-001/ios/Godstone/Sources/GodstoneMesh/LinkInfoSnapshotTypes.swift /private/tmp/board1-rc15-work-final/wt_IOS-SOS-RETRY-001/ios/Godstone/Sources/GodstoneMesh/LocalIdentityStateV1.swift /private/tmp/board1-rc15-work-final/wt_IOS-SOS-RETRY-001/ios/Godstone/Sources/GodstoneMesh/MeshCheckpoint.swift /private/tmp/board1-rc15-work-final/wt_IOS-SOS-RETRY-001/ios/Godstone/Sources/GodstoneMesh/MeshCoordinator.swift /private/tmp/board1-rc15-work-final/wt_IOS-SOS-RETRY-001/ios/Godstone/Sources/GodstoneMesh/MeshIdentity.swift /private/tmp/board1-rc15-work-final/wt_IOS-SOS-RETRY-001/ios/Godstone/Sources/GodstoneMesh/MeshNode.swift /private/tmp/board1-rc15-work-final/wt_IOS-SOS-RETRY-001/ios/Godstone/Sources/GodstoneMesh/MeshRuntime.swift (in target 'GodstoneMesh' from project 'GodstonePackages')
/private/tmp/board1-rc15-work-final/wt_IOS-SOS-RETRY-001/ios/Godstone/Sources/GodstoneMesh/LinkInfoSnapshotAuthority.swift:143:13: warning: variable 'bloom' was never mutated; consider changing to 'let' constant [#VariableNeverMutated]
141 |         let nodeHint = identity.nodeHint
142 |         var count = 0
143 |         var bloom = BloomDigest()
    |             `- warning: variable 'bloom' was never mutated; consider changing to 'let' constant [#VariableNeverMutated]
144 |         store.forEachHeldMsgId { msgId in
145 |             count += 1

/private/tmp/board1-rc15-work-final/wt_IOS-SOS-RETRY-001/ios/Godstone/Sources/GodstoneMesh/MeshRuntime.swift:1269:17: warning: no calls to throwing functions occur within 'try' expression [#UnnecessaryEffectMarker]
1267 |             invalidateRuntime: { [invalidator, messageStore, peerIdentityStore,
1268 |                                  adoptedMessageConnection, adoptedPeerConnection] in
1269 |                 try invalidator.invalidateForWipe()
     |                 `- warning: no calls to throwing functions occur within 'try' expression [#UnnecessaryEffectMarker]
1270 |                 messageStore.close()
1271 |                 peerIdentityStore.close()

/private/tmp/board1-rc15-work-final/wt_IOS-SOS-RETRY-001/ios/Godstone/Sources/GodstoneMesh/MeshRuntime.swift:1488:13: warning: stored property 'dekProvider' of 'Sendable'-conforming struct 'DefaultRecoveryEstate' contains non-Sendable type 'any PrivateStoreKeyProvider'; this is an error in the Swift 6 language mode
1486 |         let peerStoreUrl: URL
1487 |         let keychain: any LocalIdentityKeychain
1488 |         let dekProvider: (any PrivateStoreKeyProvider)?
     |             `- warning: stored property 'dekProvider' of 'Sendable'-conforming struct 'DefaultRecoveryEstate' contains non-Sendable type 'any PrivateStoreKeyProvider'; this is an error in the Swift 6 language mode
1489 |         /// The composition's ONE owner registry; the production recovery road drains and closes through IT.
1490 |         let registry: EstateOwnerRegistry

/private/tmp/board1-rc15-work-final/wt_IOS-SOS-RETRY-001/ios/Godstone/Sources/GodstoneMesh/PrivateStoreKeyProvider.swift:66:17: note: protocol 'PrivateStoreKeyProvider' does not conform to the 'Sendable' protocol
 64 | /// `DefaultPrivateStoreKeyProvider`; the court injects a fake to drive wrong-DEK,
 65 | /// Keychain-unavailable, locked-device and protection-failure decisions on the host.
 66 | public protocol PrivateStoreKeyProvider: AnyObject {
    |                 `- note: protocol 'PrivateStoreKeyProvider' does not conform to the 'Sendable' protocol
 67 |     /// The pinned DEK length in bytes (AES-256).
 68 |     var dekByteCount: Int { get }

/private/tmp/board1-rc15-work-final/wt_IOS-SOS-RETRY-001/ios/Godstone/Sources/GodstoneMesh/MeshRuntime.swift:1493:13: warning: stored property 'liveTransportSeam' of 'Sendable'-conforming struct 'DefaultRecoveryEstate' contains non-Sendable type 'any TransportRuntimeSeam'; this is an error in the Swift 6 language mode
1491 |         /// The runtime's live transport seam, when one is running; `nil` at create time, where the registry's own
1492 |         /// positive cold proof is what the drain rung stands on.
1493 |         let liveTransportSeam: TransportRuntimeSeam?
     |             `- warning: stored property 'liveTransportSeam' of 'Sendable'-conforming struct 'DefaultRecoveryEstate' contains non-Sendable type 'any TransportRuntimeSeam'; this is an error in the Swift 6 language mode
1494 |         /// The runtime's owner invalidation/close hook, carried across rather than dropped.
1495 |         let invalidateLiveOwners: () -> Void

/private/tmp/board1-rc15-work-final/wt_IOS-SOS-RETRY-001/ios/Godstone/Sources/GodstoneMesh/CrashResumableWipe.swift:203:17: note: protocol 'TransportRuntimeSeam' does not conform to the 'Sendable' protocol
201 | }
202 | 
203 | public protocol TransportRuntimeSeam: AnyObject {
    |                 `- note: protocol 'TransportRuntimeSeam' does not conform to the 'Sendable' protocol
204 |     func drainTransport() -> RuntimeDrainReceipt
205 |     /// Whether THIS process lifetime has drained the transport; a reboot starts un-quiesced.

/private/tmp/board1-rc15-work-final/wt_IOS-SOS-RETRY-001/ios/Godstone/Sources/GodstoneMesh/MeshRuntime.swift:1495:13: warning: stored property 'invalidateLiveOwners' of 'Sendable'-conforming struct 'DefaultRecoveryEstate' has non-Sendable type '() -> ()'; this is an error in the Swift 6 language mode
1493 |         let liveTransportSeam: TransportRuntimeSeam?
1494 |         /// The runtime's owner invalidation/close hook, carried across rather than dropped.
1495 |         let invalidateLiveOwners: () -> Void
     |             |- warning: stored property 'invalidateLiveOwners' of 'Sendable'-conforming struct 'DefaultRecoveryEstate' has non-Sendable type '() -> ()'; this is an error in the Swift 6 language mode
     |             `- note: a function type must be marked '@Sendable' to conform to 'Sendable'
1496 |         internal init(messageStoreUrl: URL, peerStoreUrl: URL,
1497 |                       keychain: any LocalIdentityKeychain,

/private/tmp/board1-rc15-work-final/wt_IOS-SOS-RETRY-001/ios/Godstone/Sources/GodstoneMesh/MeshRuntime.swift:307:24: warning: no calls to throwing functions occur within 'try' expression [#UnnecessaryEffectMarker]
 305 |                     return .storageFailure
 306 |                 }
 307 |                 return try messageStore.commitInboundWithObligationAtWithFault(
     |                        `- warning: no calls to throwing functions occur within 'try' expression [#UnnecessaryEffectMarker]
 308 |                     frame, receivedFrom: receivedFrom, localRecipientNodeId: localRecipient,
 309 |                     identityGeneration: generation, obligationLifetimeMs: lifetime,

[#UnnecessaryEffectMarker]: <https://docs.swift.org/compiler/documentation/diagnostics/unnecessary-effect-marker>
[#VariableNeverMutated]: <https://docs.swift.org/compiler/documentation/diagnostics/variable-never-mutated>

SwiftCompile normal arm64 /private/tmp/board1-rc15-work-final/wt_IOS-SOS-RETRY-001/ios/Godstone/Sources/GodstoneMesh/LifecycleTransportAdapter.swift (in target 'GodstoneMesh' from project 'GodstonePackages')
    cd /tmp/board1-rc15-work-final/wt_IOS-SOS-RETRY-001/ios/Godstone.xcodeproj
    builtin-SwiftPerFileCompile LifecycleTransportAdapter.swift

SwiftCompile normal arm64 /private/tmp/board1-rc15-work-final/wt_IOS-SOS-RETRY-001/ios/Godstone/Sources/GodstoneMesh/LifetimeControl.swift (in target 'GodstoneMesh' from project 'GodstonePackages')
    cd /tmp/board1-rc15-work-final/wt_IOS-SOS-RETRY-001/ios/Godstone.xcodeproj
    builtin-SwiftPerFileCompile LifetimeControl.swift

SwiftCompile normal arm64 /private/tmp/board1-rc15-work-final/wt_IOS-SOS-RETRY-001/ios/Godstone/Sources/GodstoneMesh/LinkInfoSnapshotAuthority.swift (in target 'GodstoneMesh' from project 'GodstonePackages')
    cd /tmp/board1-rc15-work-final/wt_IOS-SOS-RETRY-001/ios/Godstone.xcodeproj
    builtin-SwiftPerFileCompile LinkInfoSnapshotAuthority.swift

SwiftCompile normal arm64 /private/tmp/board1-rc15-work-final/wt_IOS-SOS-RETRY-001/ios/Godstone/Sources/GodstoneMesh/LinkInfoSnapshotTypes.swift (in target 'GodstoneMesh' from project 'GodstonePackages')
    cd /tmp/board1-rc15-work-final/wt_IOS-SOS-RETRY-001/ios/Godstone.xcodeproj
    builtin-SwiftPerFileCompile LinkInfoSnapshotTypes.swift

SwiftCompile normal arm64 /private/tmp/board1-rc15-work-final/wt_IOS-SOS-RETRY-001/ios/Godstone/Sources/GodstoneMesh/LocalIdentityStateV1.swift (in target 'GodstoneMesh' from project 'GodstonePackages')
    cd /tmp/board1-rc15-work-final/wt_IOS-SOS-RETRY-001/ios/Godstone.xcodeproj
    builtin-SwiftPerFileCompile LocalIdentityStateV1.swift

SwiftCompile normal arm64 /private/tmp/board1-rc15-work-final/wt_IOS-SOS-RETRY-001/ios/Godstone/Sources/GodstoneMesh/MeshCheckpoint.swift (in target 'GodstoneMesh' from project 'GodstonePackages')
    cd /tmp/board1-rc15-work-final/wt_IOS-SOS-RETRY-001/ios/Godstone.xcodeproj
    builtin-SwiftPerFileCompile MeshCheckpoint.swift

SwiftCompile normal arm64 /private/tmp/board1-rc15-work-final/wt_IOS-SOS-RETRY-001/ios/Godstone/Sources/GodstoneMesh/MeshCoordinator.swift (in target 'GodstoneMesh' from project 'GodstonePackages')
    cd /tmp/board1-rc15-work-final/wt_IOS-SOS-RETRY-001/ios/Godstone.xcodeproj
    builtin-SwiftPerFileCompile MeshCoordinator.swift

SwiftCompile normal arm64 /private/tmp/board1-rc15-work-final/wt_IOS-SOS-RETRY-001/ios/Godstone/Sources/GodstoneMesh/MeshIdentity.swift (in target 'GodstoneMesh' from project 'GodstonePackages')
    cd /tmp/board1-rc15-work-final/wt_IOS-SOS-RETRY-001/ios/Godstone.xcodeproj
    builtin-SwiftPerFileCompile MeshIdentity.swift

SwiftCompile normal arm64 /private/tmp/board1-rc15-work-final/wt_IOS-SOS-RETRY-001/ios/Godstone/Sources/GodstoneMesh/MeshNode.swift (in target 'GodstoneMesh' from project 'GodstonePackages')
    cd /tmp/board1-rc15-work-final/wt_IOS-SOS-RETRY-001/ios/Godstone.xcodeproj
    builtin-SwiftPerFileCompile MeshNode.swift

SwiftCompile normal arm64 /private/tmp/board1-rc15-work-final/wt_IOS-SOS-RETRY-001/ios/Godstone/Sources/GodstoneMesh/MeshRuntime.swift (in target 'GodstoneMesh' from project 'GodstonePackages')
    cd /tmp/board1-rc15-work-final/wt_IOS-SOS-RETRY-001/ios/Godstone.xcodeproj
    builtin-SwiftPerFileCompile MeshRuntime.swift

SwiftDriverJobDiscovery normal arm64 Compiling TrustedPeerChannel.swift, UnifiedRuntimeLifecycle.swift, WipeArtifactFileSystemSeam.swift, WipeDeferredSeams.swift, WipeDeferredTransportSeam.swift, WipeIdentityAuthoritySeam.swift, WipeJournalDurabilityAdapter.swift, WipeKeyVaultSeam.swift, WireV2.swift (in target 'GodstoneMesh' from project 'GodstonePackages')

SwiftDriverJobDiscovery normal arm64 Compiling SessionManager.swift, SessionSlot.swift, SignedMessageV1.swift, SignedSosV1.swift, SosCommand.swift, SosFrameValidator.swift, SqlCipherDylibEngine.swift, SqliteDeliveryRepository.swift, SqliteOutboundIntentJournal.swift (in target 'GodstoneMesh' from project 'GodstonePackages')

SwiftDriverJobDiscovery normal arm64 Compiling ReplayWindow.swift, RetentionClock.swift, Router.swift, RuntimeLifecycleGate.swift, SQLCipherTrustedExpectation.swift, SQLiteFunctionTable.swift, SchemaMigration.swift, SealedSender.swift, SendDirectAuthority.swift (in target 'GodstoneMesh' from project 'GodstonePackages')

SwiftDriverJobDiscovery normal arm64 Compiling Diagnostics.swift, EncryptedStoreFactory.swift, EstateOwnerRegistry.swift, FileWipeJournal.swift, FrameDispatcher.swift, GattServiceContract.swift, IdentityAckSigner.swift, IdentityBindingV1.swift, KeyTableTrustResolver.swift, LabRuntime.swift (in target 'GodstoneMesh' from project 'GodstonePackages')

SwiftDriverJobDiscovery normal arm64 Compiling StableInventorySnapshot.swift, StartupRecoveryDecision.swift, StoreQuota.swift, StressCampaign.swift, SyncControlOwner.swift, SyncPump.swift, TrustAuthorityAdapter.swift, TrustUXModel.swift, TrustedHandshakeController.swift (in target 'GodstoneMesh' from project 'GodstonePackages')

SwiftDriverJobDiscovery normal arm64 Compiling LifecycleTransportAdapter.swift, LifetimeControl.swift, LinkInfoSnapshotAuthority.swift, LinkInfoSnapshotTypes.swift, LocalIdentityStateV1.swift, MeshCheckpoint.swift, MeshCoordinator.swift, MeshIdentity.swift, MeshNode.swift, MeshRuntime.swift (in target 'GodstoneMesh' from project 'GodstonePackages')

SwiftDriverJobDiscovery normal arm64 Emitting module for GodstoneMesh (in target 'GodstoneMesh' from project 'GodstonePackages')

SwiftDriver\ Compilation\ Requirements GodstoneMesh normal arm64 com.apple.xcode.tools.swift.compiler (in target 'GodstoneMesh' from project 'GodstonePackages')
    cd /tmp/board1-rc15-work-final/wt_IOS-SOS-RETRY-001/ios/Godstone.xcodeproj
    builtin-Swift-Compilation-Requirements -- /Applications/Xcode.app/Contents/Developer/Toolchains/XcodeDefault.xctoolchain/usr/bin/swiftc -parse-as-library -module-name GodstoneMesh -Onone @/Users/oculus/Library/Developer/Xcode/DerivedData/Godstone-dcsmxtfyjnmhzrerxihrahaqtdkr/Build/Intermediates.noindex/GodstonePackages.build/LightDebug-iphonesimulator/GodstoneMesh-t.build/Objects-normal/arm64/GodstoneMesh.SwiftFileList -DSWIFT_PACKAGE -DDEBUG -DSWIFT_MODULE_RESOURCE_BUNDLE_UNAVAILABLE -DXcode -plugin-path /Applications/Xcode.app/Contents/Developer/Toolchains/XcodeDefault.xctoolchain/usr/lib/swift/host/plugins/testing -enable-experimental-feature DebugDescriptionMacro -sdk /Applications/Xcode.app/Contents/Developer/Platforms/iPhoneSimulator.platform/Developer/SDKs/iPhoneSimulator27.0.sdk -target arm64-apple-ios16.0-simulator -g -module-cache-path /Users/oculus/Library/Developer/Xcode/DerivedData/ModuleCache.noindex -Xfrontend -serialize-debugging-options -enable-testing -index-store-path /Users/oculus/Library/Developer/Xcode/DerivedData/Godstone-dcsmxtfyjnmhzrerxihrahaqtdkr/Index.noindex/DataStore -Xcc -D_LIBCPP_HARDENING_MODE\=_LIBCPP_HARDENING_MODE_DEBUG -swift-version 5 -I /Users/oculus/Library/Developer/Xcode/DerivedData/Godstone-dcsmxtfyjnmhzrerxihrahaqtdkr/Build/Products/LightDebug-iphonesimulator -Isystem /Applications/Xcode.app/Contents/Developer/Platforms/iPhoneSimulator.platform/Developer/usr/lib -F /Users/oculus/Library/Developer/Xcode/DerivedData/Godstone-dcsmxtfyjnmhzrerxihrahaqtdkr/Build/Products/LightDebug-iphonesimulator/PackageFrameworks -F /Users/oculus/Library/Developer/Xcode/DerivedData/Godstone-dcsmxtfyjnmhzrerxihrahaqtdkr/Build/Products/LightDebug-iphonesimulator -F /Applications/Xcode.app/Contents/Developer/Platforms/iPhoneSimulator.platform/Developer/Library/Frameworks -F /Applications/Xcode.app/Contents/Developer/Platforms/iPhoneSimulator.platform/Developer/SDKs/iPhoneSimulator27.0.sdk/Developer/Library/Frameworks -c -j10 -enable-batch-mode -incremental -Xcc -ivfsstatcache -Xcc /Users/oculus/Library/Developer/Xcode/DerivedData/SDKStatCaches.noindex/iphonesimulator27.0-24A430-8dc58220667be655e1bcc261a7455254.sdkstatcache -output-file-map /Users/oculus/Library/Developer/Xcode/DerivedData/Godstone-dcsmxtfyjnmhzrerxihrahaqtdkr/Build/Intermediates.noindex/GodstonePackages.build/LightDebug-iphonesimulator/GodstoneMesh-t.build/Objects-normal/arm64/GodstoneMesh-OutputFileMap.json -save-temps -no-color-diagnostics -explicit-module-build -module-cache-path /Users/oculus/Library/Developer/Xcode/DerivedData/Godstone-dcsmxtfyjnmhzrerxihrahaqtdkr/Build/Intermediates.noindex/SwiftExplicitPrecompiledModules -clang-scanner-module-cache-path /Users/oculus/Library/Developer/Xcode/DerivedData/ModuleCache.noindex -sdk-module-cache-path /Users/oculus/Library/Developer/Xcode/DerivedData/SDKExplicitPrecompiledModules -emit-dependencies -emit-module -emit-module-path /Users/oculus/Library/Developer/Xcode/DerivedData/Godstone-dcsmxtfyjnmhzrerxihrahaqtdkr/Build/Intermediates.noindex/GodstonePackages.build/LightDebug-iphonesimulator/GodstoneMesh-t.build/Objects-normal/arm64/GodstoneMesh.swiftmodule -serialize-diagnostics -dependency-scan-serialize-diagnostics-path /Users/oculus/Library/Developer/Xcode/DerivedData/Godstone-dcsmxtfyjnmhzrerxihrahaqtdkr/Build/Intermediates.noindex/GodstonePackages.build/LightDebug-iphonesimulator/GodstoneMesh-t.build/Objects-normal/arm64/GodstoneMesh-dependency-scan.dia -validate-clang-modules-once -clang-build-session-file /Users/oculus/Library/Developer/Xcode/DerivedData/ModuleCache.noindex/Session.modulevalidation -Xcc -fmodules-prune-interval\=86400 -Xcc -fmodules-prune-after\=345600 -package-name godstone -emit-const-values -const-gather-protocols-list /Users/oculus/Library/Developer/Xcode/DerivedData/Godstone-dcsmxtfyjnmhzrerxihrahaqtdkr/Build/Intermediates.noindex/GodstonePackages.build/LightDebug-iphonesimulator/GodstoneMesh-t.build/Objects-normal/arm64/GodstoneMesh_const_extract_protocols.json -Xcc -I/Users/oculus/Library/Developer/Xcode/DerivedData/Godstone-dcsmxtfyjnmhzrerxihrahaqtdkr/Build/Products/LightDebug-iphonesimulator/include -Xcc -I/Users/oculus/Library/Developer/Xcode/DerivedData/Godstone-dcsmxtfyjnmhzrerxihrahaqtdkr/Build/Intermediates.noindex/GodstonePackages.build/LightDebug-iphonesimulator/GodstoneMesh-t.build/DerivedSources-normal/arm64 -Xcc -I/Users/oculus/Library/Developer/Xcode/DerivedData/Godstone-dcsmxtfyjnmhzrerxihrahaqtdkr/Build/Intermediates.noindex/GodstonePackages.build/LightDebug-iphonesimulator/GodstoneMesh-t.build/DerivedSources/arm64 -Xcc -I/Users/oculus/Library/Developer/Xcode/DerivedData/Godstone-dcsmxtfyjnmhzrerxihrahaqtdkr/Build/Intermediates.noindex/GodstonePackages.build/LightDebug-iphonesimulator/GodstoneMesh-t.build/DerivedSources -Xcc -DSWIFT_PACKAGE -Xcc -DDEBUG\=1 -emit-objc-header -emit-objc-header-path /Users/oculus/Library/Developer/Xcode/DerivedData/Godstone-dcsmxtfyjnmhzrerxihrahaqtdkr/Build/Intermediates.noindex/GodstonePackages.build/LightDebug-iphonesimulator/GodstoneMesh-t.build/Objects-normal/arm64/GodstoneMesh-Swift.h -working-directory /tmp/board1-rc15-work-final/wt_IOS-SOS-RETRY-001/ios/Godstone.xcodeproj -experimental-emit-module-separately -disable-cmo

Copy /Users/oculus/Library/Developer/Xcode/DerivedData/Godstone-dcsmxtfyjnmhzrerxihrahaqtdkr/Build/Products/LightDebug-iphonesimulator/GodstoneMesh.swiftmodule/Project/arm64-apple-ios-simulator.swiftsourceinfo /Users/oculus/Library/Developer/Xcode/DerivedData/Godstone-dcsmxtfyjnmhzrerxihrahaqtdkr/Build/Intermediates.noindex/GodstonePackages.build/LightDebug-iphonesimulator/GodstoneMesh-t.build/Objects-normal/arm64/GodstoneMesh.swiftsourceinfo (in target 'GodstoneMesh' from project 'GodstonePackages')
    cd /tmp/board1-rc15-work-final/wt_IOS-SOS-RETRY-001/ios/Godstone
    builtin-copy -exclude .DS_Store -exclude CVS -exclude .svn -exclude .git -exclude .hg -resolve-src-symlinks -rename /Users/oculus/Library/Developer/Xcode/DerivedData/Godstone-dcsmxtfyjnmhzrerxihrahaqtdkr/Build/Intermediates.noindex/GodstonePackages.build/LightDebug-iphonesimulator/GodstoneMesh-t.build/Objects-normal/arm64/GodstoneMesh.swiftsourceinfo /Users/oculus/Library/Developer/Xcode/DerivedData/Godstone-dcsmxtfyjnmhzrerxihrahaqtdkr/Build/Products/LightDebug-iphonesimulator/GodstoneMesh.swiftmodule/Project/arm64-apple-ios-simulator.swiftsourceinfo

SwiftDriverJobDiscovery normal arm64 Compiling PeerIdentityStore.swift, PeerTrustEngine.swift, PeerTrustModels.swift, PlaintextToEncryptedMigration.swift, Priority.swift, PrivateStoreKeyProvider.swift, RealTransportHostRig.swift, RecipientInboxRepository.swift, RecordWriter.swift (in target 'GodstoneMesh' from project 'GodstonePackages')

Copy /Users/oculus/Library/Developer/Xcode/DerivedData/Godstone-dcsmxtfyjnmhzrerxihrahaqtdkr/Build/Products/LightDebug-iphonesimulator/GodstoneMesh.swiftmodule/arm64-apple-ios-simulator.abi.json /Users/oculus/Library/Developer/Xcode/DerivedData/Godstone-dcsmxtfyjnmhzrerxihrahaqtdkr/Build/Intermediates.noindex/GodstonePackages.build/LightDebug-iphonesimulator/GodstoneMesh-t.build/Objects-normal/arm64/GodstoneMesh.abi.json (in target 'GodstoneMesh' from project 'GodstonePackages')
    cd /tmp/board1-rc15-work-final/wt_IOS-SOS-RETRY-001/ios/Godstone
    builtin-copy -exclude .DS_Store -exclude CVS -exclude .svn -exclude .git -exclude .hg -resolve-src-symlinks -rename /Users/oculus/Library/Developer/Xcode/DerivedData/Godstone-dcsmxtfyjnmhzrerxihrahaqtdkr/Build/Intermediates.noindex/GodstonePackages.build/LightDebug-iphonesimulator/GodstoneMesh-t.build/Objects-normal/arm64/GodstoneMesh.abi.json /Users/oculus/Library/Developer/Xcode/DerivedData/Godstone-dcsmxtfyjnmhzrerxihrahaqtdkr/Build/Products/LightDebug-iphonesimulator/GodstoneMesh.swiftmodule/arm64-apple-ios-simulator.abi.json

SwiftDriver LabMesh normal arm64 com.apple.xcode.tools.swift.compiler (in target 'LabMesh' from project 'Godstone')
    cd /tmp/board1-rc15-work-final/wt_IOS-SOS-RETRY-001/ios
    builtin-SwiftDriver -- /Applications/Xcode.app/Contents/Developer/Toolchains/XcodeDefault.xctoolchain/usr/bin/swiftc -module-name GodstoneLabMesh -Onone @/Users/oculus/Library/Developer/Xcode/DerivedData/Godstone-dcsmxtfyjnmhzrerxihrahaqtdkr/Build/Intermediates.noindex/Godstone.build/LightDebug-iphonesimulator/LabMesh.build/Objects-normal/arm64/GodstoneLabMesh.SwiftFileList -DDEBUG -DLABMESH -enable-bare-slash-regex -enable-experimental-feature DebugDescriptionMacro -sdk /Applications/Xcode.app/Contents/Developer/Platforms/iPhoneSimulator.platform/Developer/SDKs/iPhoneSimulator27.0.sdk -target arm64-apple-ios16.0-simulator -g -module-cache-path /Users/oculus/Library/Developer/Xcode/DerivedData/ModuleCache.noindex -Xfrontend -serialize-debugging-options -enable-testing -index-store-path /Users/oculus/Library/Developer/Xcode/DerivedData/Godstone-dcsmxtfyjnmhzrerxihrahaqtdkr/Index.noindex/DataStore -Xcc -D_LIBCPP_HARDENING_MODE\=_LIBCPP_HARDENING_MODE_DEBUG -swift-version 5 -I /Users/oculus/Library/Developer/Xcode/DerivedData/Godstone-dcsmxtfyjnmhzrerxihrahaqtdkr/Build/Products/LightDebug-iphonesimulator -F /Users/oculus/Library/Developer/Xcode/DerivedData/Godstone-dcsmxtfyjnmhzrerxihrahaqtdkr/Build/Products/LightDebug-iphonesimulator/PackageFrameworks -F /Users/oculus/Library/Developer/Xcode/DerivedData/Godstone-dcsmxtfyjnmhzrerxihrahaqtdkr/Build/Products/LightDebug-iphonesimulator -c -j10 -enable-batch-mode -incremental -Xcc -ivfsstatcache -Xcc /Users/oculus/Library/Developer/Xcode/DerivedData/SDKStatCaches.noindex/iphonesimulator27.0-24A430-8dc58220667be655e1bcc261a7455254.sdkstatcache -output-file-map /Users/oculus/Library/Developer/Xcode/DerivedData/Godstone-dcsmxtfyjnmhzrerxihrahaqtdkr/Build/Intermediates.noindex/Godstone.build/LightDebug-iphonesimulator/LabMesh.build/Objects-normal/arm64/LabMesh-OutputFileMap.json -save-temps -no-color-diagnostics -explicit-module-build -module-cache-path /Users/oculus/Library/Developer/Xcode/DerivedData/Godstone-dcsmxtfyjnmhzrerxihrahaqtdkr/Build/Intermediates.noindex/SwiftExplicitPrecompiledModules -clang-scanner-module-cache-path /Users/oculus/Library/Developer/Xcode/DerivedData/ModuleCache.noindex -sdk-module-cache-path /Users/oculus/Library/Developer/Xcode/DerivedData/SDKExplicitPrecompiledModules -emit-dependencies -emit-module -emit-module-path /Users/oculus/Library/Developer/Xcode/DerivedData/Godstone-dcsmxtfyjnmhzrerxihrahaqtdkr/Build/Intermediates.noindex/Godstone.build/LightDebug-iphonesimulator/LabMesh.build/Objects-normal/arm64/GodstoneLabMesh.swiftmodule -serialize-diagnostics -dependency-scan-serialize-diagnostics-path /Users/oculus/Library/Developer/Xcode/DerivedData/Godstone-dcsmxtfyjnmhzrerxihrahaqtdkr/Build/Intermediates.noindex/Godstone.build/LightDebug-iphonesimulator/LabMesh.build/Objects-normal/arm64/GodstoneLabMesh-dependency-scan.dia -validate-clang-modules-once -clang-build-session-file /Users/oculus/Library/Developer/Xcode/DerivedData/ModuleCache.noindex/Session.modulevalidation -Xcc -fmodules-prune-interval\=86400 -Xcc -fmodules-prune-after\=345600 -emit-const-values -const-gather-protocols-list /Users/oculus/Library/Developer/Xcode/DerivedData/Godstone-dcsmxtfyjnmhzrerxihrahaqtdkr/Build/Intermediates.noindex/Godstone.build/LightDebug-iphonesimulator/LabMesh.build/Objects-normal/arm64/LabMesh_const_extract_protocols.json -Xcc -iquote -Xcc /Users/oculus/Library/Developer/Xcode/DerivedData/Godstone-dcsmxtfyjnmhzrerxihrahaqtdkr/Build/Intermediates.noindex/Godstone.build/LightDebug-iphonesimulator/LabMesh.build/GodstoneLabMesh-generated-files.hmap -Xcc -I/Users/oculus/Library/Developer/Xcode/DerivedData/Godstone-dcsmxtfyjnmhzrerxihrahaqtdkr/Build/Intermediates.noindex/Godstone.build/LightDebug-iphonesimulator/LabMesh.build/GodstoneLabMesh-own-target-headers.hmap -Xcc -I/Users/oculus/Library/Developer/Xcode/DerivedData/Godstone-dcsmxtfyjnmhzrerxihrahaqtdkr/Build/Intermediates.noindex/Godstone.build/LightDebug-iphonesimulator/LabMesh.build/GodstoneLabMesh-all-non-framework-target-headers.hmap -Xcc -ivfsoverlay -Xcc /Users/oculus/Library/Developer/Xcode/DerivedData/Godstone-dcsmxtfyjnmhzrerxihrahaqtdkr/Build/Intermediates.noindex/Godstone.build/LightDebug-iphonesimulator/Godstone-4fea8a13e8e9aefd7e747d7a3bbbcde9-VFS-iphonesimulator/all-product-headers.yaml -Xcc -iquote -Xcc /Users/oculus/Library/Developer/Xcode/DerivedData/Godstone-dcsmxtfyjnmhzrerxihrahaqtdkr/Build/Intermediates.noindex/Godstone.build/LightDebug-iphonesimulator/LabMesh.build/GodstoneLabMesh-project-headers.hmap -Xcc -I/Users/oculus/Library/Developer/Xcode/DerivedData/Godstone-dcsmxtfyjnmhzrerxihrahaqtdkr/Build/Products/LightDebug-iphonesimulator/include -Xcc -I/Users/oculus/Library/Developer/Xcode/DerivedData/Godstone-dcsmxtfyjnmhzrerxihrahaqtdkr/Build/Intermediates.noindex/Godstone.build/LightDebug-iphonesimulator/LabMesh.build/DerivedSources-normal/arm64 -Xcc -I/Users/oculus/Library/Developer/Xcode/DerivedData/Godstone-dcsmxtfyjnmhzrerxihrahaqtdkr/Build/Intermediates.noindex/Godstone.build/LightDebug-iphonesimulator/LabMesh.build/DerivedSources/arm64 -Xcc -I/Users/oculus/Library/Developer/Xcode/DerivedData/Godstone-dcsmxtfyjnmhzrerxihrahaqtdkr/Build/Intermediates.noindex/Godstone.build/LightDebug-iphonesimulator/LabMesh.build/DerivedSources -Xcc -DDEBUG\=1 -emit-objc-header -emit-objc-header-path /Users/oculus/Library/Developer/Xcode/DerivedData/Godstone-dcsmxtfyjnmhzrerxihrahaqtdkr/Build/Intermediates.noindex/Godstone.build/LightDebug-iphonesimulator/LabMesh.build/Objects-normal/arm64/GodstoneLabMesh-Swift.h -working-directory /tmp/board1-rc15-work-final/wt_IOS-SOS-RETRY-001/ios -experimental-emit-module-separately -disable-cmo

SwiftCompile normal arm64 Compiling\ LabMeshApp.swift /tmp/board1-rc15-work-final/wt_IOS-SOS-RETRY-001/ios/Godstone/Sources/LabMesh/LabMeshApp.swift (in target 'LabMesh' from project 'Godstone')

SwiftCompile normal arm64 /tmp/board1-rc15-work-final/wt_IOS-SOS-RETRY-001/ios/Godstone/Sources/LabMesh/LabMeshApp.swift (in target 'LabMesh' from project 'Godstone')
    cd /tmp/board1-rc15-work-final/wt_IOS-SOS-RETRY-001/ios
    builtin-SwiftPerFileCompile LabMeshApp.swift

SwiftCompile normal arm64 Compiling\ LabMeshRootApp.swift /tmp/board1-rc15-work-final/wt_IOS-SOS-RETRY-001/ios/Godstone/Sources/LabMesh/LabMeshRootApp.swift (in target 'LabMesh' from project 'Godstone')

SwiftCompile normal arm64 /tmp/board1-rc15-work-final/wt_IOS-SOS-RETRY-001/ios/Godstone/Sources/LabMesh/LabMeshRootApp.swift (in target 'LabMesh' from project 'Godstone')
    cd /tmp/board1-rc15-work-final/wt_IOS-SOS-RETRY-001/ios
    builtin-SwiftPerFileCompile LabMeshRootApp.swift

SwiftEmitModule normal arm64 Emitting\ module\ for\ GodstoneLabMesh (in target 'LabMesh' from project 'Godstone')

SwiftCompile normal arm64 (in target 'LabMesh' from project 'Godstone')
    cd /tmp/board1-rc15-work-final/wt_IOS-SOS-RETRY-001/ios
    

SwiftDriverJobDiscovery normal arm64 Compiling AccessibilityContract.swift, AckAuthenticator.swift, AckDispatcher.swift, AckObligationStore.swift, AdmissionBudget.swift, BleConnection.swift, BleHandshake.swift, BleHandshakeAuthority.swift, BleOrchestrationDriver.swift, BleRecord.swift (in target 'GodstoneMesh' from project 'GodstonePackages')

SwiftDriverJobDiscovery normal arm64 Compiling LabMeshApp.swift (in target 'LabMesh' from project 'Godstone')

SwiftDriverJobDiscovery normal arm64 Emitting module for GodstoneLabMesh (in target 'LabMesh' from project 'Godstone')

SwiftDriver\ Compilation\ Requirements LabMesh normal arm64 com.apple.xcode.tools.swift.compiler (in target 'LabMesh' from project 'Godstone')
    cd /tmp/board1-rc15-work-final/wt_IOS-SOS-RETRY-001/ios
    builtin-Swift-Compilation-Requirements -- /Applications/Xcode.app/Contents/Developer/Toolchains/XcodeDefault.xctoolchain/usr/bin/swiftc -module-name GodstoneLabMesh -Onone @/Users/oculus/Library/Developer/Xcode/DerivedData/Godstone-dcsmxtfyjnmhzrerxihrahaqtdkr/Build/Intermediates.noindex/Godstone.build/LightDebug-iphonesimulator/LabMesh.build/Objects-normal/arm64/GodstoneLabMesh.SwiftFileList -DDEBUG -DLABMESH -enable-bare-slash-regex -enable-experimental-feature DebugDescriptionMacro -sdk /Applications/Xcode.app/Contents/Developer/Platforms/iPhoneSimulator.platform/Developer/SDKs/iPhoneSimulator27.0.sdk -target arm64-apple-ios16.0-simulator -g -module-cache-path /Users/oculus/Library/Developer/Xcode/DerivedData/ModuleCache.noindex -Xfrontend -serialize-debugging-options -enable-testing -index-store-path /Users/oculus/Library/Developer/Xcode/DerivedData/Godstone-dcsmxtfyjnmhzrerxihrahaqtdkr/Index.noindex/DataStore -Xcc -D_LIBCPP_HARDENING_MODE\=_LIBCPP_HARDENING_MODE_DEBUG -swift-version 5 -I /Users/oculus/Library/Developer/Xcode/DerivedData/Godstone-dcsmxtfyjnmhzrerxihrahaqtdkr/Build/Products/LightDebug-iphonesimulator -F /Users/oculus/Library/Developer/Xcode/DerivedData/Godstone-dcsmxtfyjnmhzrerxihrahaqtdkr/Build/Products/LightDebug-iphonesimulator/PackageFrameworks -F /Users/oculus/Library/Developer/Xcode/DerivedData/Godstone-dcsmxtfyjnmhzrerxihrahaqtdkr/Build/Products/LightDebug-iphonesimulator -c -j10 -enable-batch-mode -incremental -Xcc -ivfsstatcache -Xcc /Users/oculus/Library/Developer/Xcode/DerivedData/SDKStatCaches.noindex/iphonesimulator27.0-24A430-8dc58220667be655e1bcc261a7455254.sdkstatcache -output-file-map /Users/oculus/Library/Developer/Xcode/DerivedData/Godstone-dcsmxtfyjnmhzrerxihrahaqtdkr/Build/Intermediates.noindex/Godstone.build/LightDebug-iphonesimulator/LabMesh.build/Objects-normal/arm64/LabMesh-OutputFileMap.json -save-temps -no-color-diagnostics -explicit-module-build -module-cache-path /Users/oculus/Library/Developer/Xcode/DerivedData/Godstone-dcsmxtfyjnmhzrerxihrahaqtdkr/Build/Intermediates.noindex/SwiftExplicitPrecompiledModules -clang-scanner-module-cache-path /Users/oculus/Library/Developer/Xcode/DerivedData/ModuleCache.noindex -sdk-module-cache-path /Users/oculus/Library/Developer/Xcode/DerivedData/SDKExplicitPrecompiledModules -emit-dependencies -emit-module -emit-module-path /Users/oculus/Library/Developer/Xcode/DerivedData/Godstone-dcsmxtfyjnmhzrerxihrahaqtdkr/Build/Intermediates.noindex/Godstone.build/LightDebug-iphonesimulator/LabMesh.build/Objects-normal/arm64/GodstoneLabMesh.swiftmodule -serialize-diagnostics -dependency-scan-serialize-diagnostics-path /Users/oculus/Library/Developer/Xcode/DerivedData/Godstone-dcsmxtfyjnmhzrerxihrahaqtdkr/Build/Intermediates.noindex/Godstone.build/LightDebug-iphonesimulator/LabMesh.build/Objects-normal/arm64/GodstoneLabMesh-dependency-scan.dia -validate-clang-modules-once -clang-build-session-file /Users/oculus/Library/Developer/Xcode/DerivedData/ModuleCache.noindex/Session.modulevalidation -Xcc -fmodules-prune-interval\=86400 -Xcc -fmodules-prune-after\=345600 -emit-const-values -const-gather-protocols-list /Users/oculus/Library/Developer/Xcode/DerivedData/Godstone-dcsmxtfyjnmhzrerxihrahaqtdkr/Build/Intermediates.noindex/Godstone.build/LightDebug-iphonesimulator/LabMesh.build/Objects-normal/arm64/LabMesh_const_extract_protocols.json -Xcc -iquote -Xcc /Users/oculus/Library/Developer/Xcode/DerivedData/Godstone-dcsmxtfyjnmhzrerxihrahaqtdkr/Build/Intermediates.noindex/Godstone.build/LightDebug-iphonesimulator/LabMesh.build/GodstoneLabMesh-generated-files.hmap -Xcc -I/Users/oculus/Library/Developer/Xcode/DerivedData/Godstone-dcsmxtfyjnmhzrerxihrahaqtdkr/Build/Intermediates.noindex/Godstone.build/LightDebug-iphonesimulator/LabMesh.build/GodstoneLabMesh-own-target-headers.hmap -Xcc -I/Users/oculus/Library/Developer/Xcode/DerivedData/Godstone-dcsmxtfyjnmhzrerxihrahaqtdkr/Build/Intermediates.noindex/Godstone.build/LightDebug-iphonesimulator/LabMesh.build/GodstoneLabMesh-all-non-framework-target-headers.hmap -Xcc -ivfsoverlay -Xcc /Users/oculus/Library/Developer/Xcode/DerivedData/Godstone-dcsmxtfyjnmhzrerxihrahaqtdkr/Build/Intermediates.noindex/Godstone.build/LightDebug-iphonesimulator/Godstone-4fea8a13e8e9aefd7e747d7a3bbbcde9-VFS-iphonesimulator/all-product-headers.yaml -Xcc -iquote -Xcc /Users/oculus/Library/Developer/Xcode/DerivedData/Godstone-dcsmxtfyjnmhzrerxihrahaqtdkr/Build/Intermediates.noindex/Godstone.build/LightDebug-iphonesimulator/LabMesh.build/GodstoneLabMesh-project-headers.hmap -Xcc -I/Users/oculus/Library/Developer/Xcode/DerivedData/Godstone-dcsmxtfyjnmhzrerxihrahaqtdkr/Build/Products/LightDebug-iphonesimulator/include -Xcc -I/Users/oculus/Library/Developer/Xcode/DerivedData/Godstone-dcsmxtfyjnmhzrerxihrahaqtdkr/Build/Intermediates.noindex/Godstone.build/LightDebug-iphonesimulator/LabMesh.build/DerivedSources-normal/arm64 -Xcc -I/Users/oculus/Library/Developer/Xcode/DerivedData/Godstone-dcsmxtfyjnmhzrerxihrahaqtdkr/Build/Intermediates.noindex/Godstone.build/LightDebug-iphonesimulator/LabMesh.build/DerivedSources/arm64 -Xcc -I/Users/oculus/Library/Developer/Xcode/DerivedData/Godstone-dcsmxtfyjnmhzrerxihrahaqtdkr/Build/Intermediates.noindex/Godstone.build/LightDebug-iphonesimulator/LabMesh.build/DerivedSources -Xcc -DDEBUG\=1 -emit-objc-header -emit-objc-header-path /Users/oculus/Library/Developer/Xcode/DerivedData/Godstone-dcsmxtfyjnmhzrerxihrahaqtdkr/Build/Intermediates.noindex/Godstone.build/LightDebug-iphonesimulator/LabMesh.build/Objects-normal/arm64/GodstoneLabMesh-Swift.h -working-directory /tmp/board1-rc15-work-final/wt_IOS-SOS-RETRY-001/ios -experimental-emit-module-separately -disable-cmo

Copy /Users/oculus/Library/Developer/Xcode/DerivedData/Godstone-dcsmxtfyjnmhzrerxihrahaqtdkr/Build/Products/LightDebug-iphonesimulator/GodstoneLabMesh.swiftmodule/Project/arm64-apple-ios-simulator.swiftsourceinfo /Users/oculus/Library/Developer/Xcode/DerivedData/Godstone-dcsmxtfyjnmhzrerxihrahaqtdkr/Build/Intermediates.noindex/Godstone.build/LightDebug-iphonesimulator/LabMesh.build/Objects-normal/arm64/GodstoneLabMesh.swiftsourceinfo (in target 'LabMesh' from project 'Godstone')
    cd /tmp/board1-rc15-work-final/wt_IOS-SOS-RETRY-001/ios
    builtin-copy -exclude .DS_Store -exclude CVS -exclude .svn -exclude .git -exclude .hg -resolve-src-symlinks -rename /Users/oculus/Library/Developer/Xcode/DerivedData/Godstone-dcsmxtfyjnmhzrerxihrahaqtdkr/Build/Intermediates.noindex/Godstone.build/LightDebug-iphonesimulator/LabMesh.build/Objects-normal/arm64/GodstoneLabMesh.swiftsourceinfo /Users/oculus/Library/Developer/Xcode/DerivedData/Godstone-dcsmxtfyjnmhzrerxihrahaqtdkr/Build/Products/LightDebug-iphonesimulator/GodstoneLabMesh.swiftmodule/Project/arm64-apple-ios-simulator.swiftsourceinfo

Copy /Users/oculus/Library/Developer/Xcode/DerivedData/Godstone-dcsmxtfyjnmhzrerxihrahaqtdkr/Build/Products/LightDebug-iphonesimulator/GodstoneLabMesh.swiftmodule/arm64-apple-ios-simulator.abi.json /Users/oculus/Library/Developer/Xcode/DerivedData/Godstone-dcsmxtfyjnmhzrerxihrahaqtdkr/Build/Intermediates.noindex/Godstone.build/LightDebug-iphonesimulator/LabMesh.build/Objects-normal/arm64/GodstoneLabMesh.abi.json (in target 'LabMesh' from project 'Godstone')
    cd /tmp/board1-rc15-work-final/wt_IOS-SOS-RETRY-001/ios
    builtin-copy -exclude .DS_Store -exclude CVS -exclude .svn -exclude .git -exclude .hg -resolve-src-symlinks -rename /Users/oculus/Library/Developer/Xcode/DerivedData/Godstone-dcsmxtfyjnmhzrerxihrahaqtdkr/Build/Intermediates.noindex/Godstone.build/LightDebug-iphonesimulator/LabMesh.build/Objects-normal/arm64/GodstoneLabMesh.abi.json /Users/oculus/Library/Developer/Xcode/DerivedData/Godstone-dcsmxtfyjnmhzrerxihrahaqtdkr/Build/Products/LightDebug-iphonesimulator/GodstoneLabMesh.swiftmodule/arm64-apple-ios-simulator.abi.json

SwiftDriver LabMeshUITests normal arm64 com.apple.xcode.tools.swift.compiler (in target 'LabMeshUITests' from project 'Godstone')
    cd /tmp/board1-rc15-work-final/wt_IOS-SOS-RETRY-001/ios
    builtin-SwiftDriver -- /Applications/Xcode.app/Contents/Developer/Toolchains/XcodeDefault.xctoolchain/usr/bin/swiftc -module-name LabMeshUITests -Onone @/Users/oculus/Library/Developer/Xcode/DerivedData/Godstone-dcsmxtfyjnmhzrerxihrahaqtdkr/Build/Intermediates.noindex/Godstone.build/LightDebug-iphonesimulator/LabMeshUITests.build/Objects-normal/arm64/LabMeshUITests.SwiftFileList -DDEBUG -module-alias Testing\=_Testing_Unavailable -plugin-path /Applications/Xcode.app/Contents/Developer/Toolchains/XcodeDefault.xctoolchain/usr/lib/swift/host/plugins/testing -enable-bare-slash-regex -enable-experimental-feature DebugDescriptionMacro -sdk /Applications/Xcode.app/Contents/Developer/Platforms/iPhoneSimulator.platform/Developer/SDKs/iPhoneSimulator27.0.sdk -target arm64-apple-ios16.0-simulator -g -module-cache-path /Users/oculus/Library/Developer/Xcode/DerivedData/ModuleCache.noindex -Xfrontend -serialize-debugging-options -enable-testing -index-store-path /Users/oculus/Library/Developer/Xcode/DerivedData/Godstone-dcsmxtfyjnmhzrerxihrahaqtdkr/Index.noindex/DataStore -Xcc -D_LIBCPP_HARDENING_MODE\=_LIBCPP_HARDENING_MODE_DEBUG -swift-version 5 -I /Users/oculus/Library/Developer/Xcode/DerivedData/Godstone-dcsmxtfyjnmhzrerxihrahaqtdkr/Build/Products/LightDebug-iphonesimulator -Isystem /Applications/Xcode.app/Contents/Developer/Platforms/iPhoneSimulator.platform/Developer/usr/lib -F /Users/oculus/Library/Developer/Xcode/DerivedData/Godstone-dcsmxtfyjnmhzrerxihrahaqtdkr/Build/Products/LightDebug-iphonesimulator -F /Applications/Xcode.app/Contents/Developer/Platforms/iPhoneSimulator.platform/Developer/Library/Frameworks -F /Applications/Xcode.app/Contents/Developer/Platforms/iPhoneSimulator.platform/Developer/SDKs/iPhoneSimulator27.0.sdk/Developer/Library/Frameworks -c -j10 -enable-batch-mode -incremental -Xcc -ivfsstatcache -Xcc /Users/oculus/Library/Developer/Xcode/DerivedData/SDKStatCaches.noindex/iphonesimulator27.0-24A430-8dc58220667be655e1bcc261a7455254.sdkstatcache -output-file-map /Users/oculus/Library/Developer/Xcode/DerivedData/Godstone-dcsmxtfyjnmhzrerxihrahaqtdkr/Build/Intermediates.noindex/Godstone.build/LightDebug-iphonesimulator/LabMeshUITests.build/Objects-normal/arm64/LabMeshUITests-OutputFileMap.json -save-temps -no-color-diagnostics -explicit-module-build -module-cache-path /Users/oculus/Library/Developer/Xcode/DerivedData/Godstone-dcsmxtfyjnmhzrerxihrahaqtdkr/Build/Intermediates.noindex/SwiftExplicitPrecompiledModules -clang-scanner-module-cache-path /Users/oculus/Library/Developer/Xcode/DerivedData/ModuleCache.noindex -sdk-module-cache-path /Users/oculus/Library/Developer/Xcode/DerivedData/SDKExplicitPrecompiledModules -emit-dependencies -emit-module -emit-module-path /Users/oculus/Library/Developer/Xcode/DerivedData/Godstone-dcsmxtfyjnmhzrerxihrahaqtdkr/Build/Intermediates.noindex/Godstone.build/LightDebug-iphonesimulator/LabMeshUITests.build/Objects-normal/arm64/LabMeshUITests.swiftmodule -serialize-diagnostics -dependency-scan-serialize-diagnostics-path /Users/oculus/Library/Developer/Xcode/DerivedData/Godstone-dcsmxtfyjnmhzrerxihrahaqtdkr/Build/Intermediates.noindex/Godstone.build/LightDebug-iphonesimulator/LabMeshUITests.build/Objects-normal/arm64/LabMeshUITests-dependency-scan.dia -validate-clang-modules-once -clang-build-session-file /Users/oculus/Library/Developer/Xcode/DerivedData/ModuleCache.noindex/Session.modulevalidation -Xcc -fmodules-prune-interval\=86400 -Xcc -fmodules-prune-after\=345600 -emit-const-values -const-gather-protocols-list /Users/oculus/Library/Developer/Xcode/DerivedData/Godstone-dcsmxtfyjnmhzrerxihrahaqtdkr/Build/Intermediates.noindex/Godstone.build/LightDebug-iphonesimulator/LabMeshUITests.build/Objects-normal/arm64/LabMeshUITests_const_extract_protocols.json -Xcc -iquote -Xcc /Users/oculus/Library/Developer/Xcode/DerivedData/Godstone-dcsmxtfyjnmhzrerxihrahaqtdkr/Build/Intermediates.noindex/Godstone.build/LightDebug-iphonesimulator/LabMeshUITests.build/LabMeshUITests-generated-files.hmap -Xcc -I/Users/oculus/Library/Developer/Xcode/DerivedData/Godstone-dcsmxtfyjnmhzrerxihrahaqtdkr/Build/Intermediates.noindex/Godstone.build/LightDebug-iphonesimulator/LabMeshUITests.build/LabMeshUITests-own-target-headers.hmap -Xcc -I/Users/oculus/Library/Developer/Xcode/DerivedData/Godstone-dcsmxtfyjnmhzrerxihrahaqtdkr/Build/Intermediates.noindex/Godstone.build/LightDebug-iphonesimulator/LabMeshUITests.build/LabMeshUITests-all-non-framework-target-headers.hmap -Xcc -ivfsoverlay -Xcc /Users/oculus/Library/Developer/Xcode/DerivedData/Godstone-dcsmxtfyjnmhzrerxihrahaqtdkr/Build/Intermediates.noindex/Godstone.build/LightDebug-iphonesimulator/Godstone-4fea8a13e8e9aefd7e747d7a3bbbcde9-VFS-iphonesimulator/all-product-headers.yaml -Xcc -iquote -Xcc /Users/oculus/Library/Developer/Xcode/DerivedData/Godstone-dcsmxtfyjnmhzrerxihrahaqtdkr/Build/Intermediates.noindex/Godstone.build/LightDebug-iphonesimulator/LabMeshUITests.build/LabMeshUITests-project-headers.hmap -Xcc -I/Users/oculus/Library/Developer/Xcode/DerivedData/Godstone-dcsmxtfyjnmhzrerxihrahaqtdkr/Build/Products/LightDebug-iphonesimulator/include -Xcc -I/Users/oculus/Library/Developer/Xcode/DerivedData/Godstone-dcsmxtfyjnmhzrerxihrahaqtdkr/Build/Intermediates.noindex/Godstone.build/LightDebug-iphonesimulator/LabMeshUITests.build/DerivedSources-normal/arm64 -Xcc -I/Users/oculus/Library/Developer/Xcode/DerivedData/Godstone-dcsmxtfyjnmhzrerxihrahaqtdkr/Build/Intermediates.noindex/Godstone.build/LightDebug-iphonesimulator/LabMeshUITests.build/DerivedSources/arm64 -Xcc -I/Users/oculus/Library/Developer/Xcode/DerivedData/Godstone-dcsmxtfyjnmhzrerxihrahaqtdkr/Build/Intermediates.noindex/Godstone.build/LightDebug-iphonesimulator/LabMeshUITests.build/DerivedSources -Xcc -DDEBUG\=1 -emit-objc-header -emit-objc-header-path /Users/oculus/Library/Developer/Xcode/DerivedData/Godstone-dcsmxtfyjnmhzrerxihrahaqtdkr/Build/Intermediates.noindex/Godstone.build/LightDebug-iphonesimulator/LabMeshUITests.build/Objects-normal/arm64/LabMeshUITests-Swift.h -working-directory /tmp/board1-rc15-work-final/wt_IOS-SOS-RETRY-001/ios -experimental-emit-module-separately -disable-cmo

SwiftCompile normal arm64 Compiling\ LabMeshAccessibilityUITests.swift /tmp/board1-rc15-work-final/wt_IOS-SOS-RETRY-001/ios/Godstone/Tests/LabMeshUITests/LabMeshAccessibilityUITests.swift (in target 'LabMeshUITests' from project 'Godstone')
/tmp/board1-rc15-work-final/wt_IOS-SOS-RETRY-001/ios/Godstone/Tests/LabMeshUITests/LabMeshAccessibilityUITests.swift:431:13: warning: initialization of immutable value 'label' was never used; consider replacing with assignment to '_' or removing it [#NoUsage]
429 |         app.launch()
430 | 
431 |         let label = "\(rtl ? "RTL" : "LTR")/\(largestText ? "largest" : "default")"
    |             `- warning: initialization of immutable value 'label' was never used; consider replacing with assignment to '_' or removing it [#NoUsage]
432 | 
433 |         // THE TAB BAR MUST STILL WORK UNDER THE MIRROR AND THE ENLARGED TYPE.

[#NoUsage]: <https://docs.swift.org/compiler/documentation/diagnostics/no-usage>

SwiftCompile normal arm64 /tmp/board1-rc15-work-final/wt_IOS-SOS-RETRY-001/ios/Godstone/Tests/LabMeshUITests/LabMeshAccessibilityUITests.swift (in target 'LabMeshUITests' from project 'Godstone')
    cd /tmp/board1-rc15-work-final/wt_IOS-SOS-RETRY-001/ios
    builtin-SwiftPerFileCompile LabMeshAccessibilityUITests.swift

SwiftCompile normal arm64 Compiling\ LabMeshUITests.swift /tmp/board1-rc15-work-final/wt_IOS-SOS-RETRY-001/ios/Godstone/Tests/LabMeshUITests/LabMeshUITests.swift (in target 'LabMeshUITests' from project 'Godstone')

SwiftCompile normal arm64 /tmp/board1-rc15-work-final/wt_IOS-SOS-RETRY-001/ios/Godstone/Tests/LabMeshUITests/LabMeshUITests.swift (in target 'LabMeshUITests' from project 'Godstone')
    cd /tmp/board1-rc15-work-final/wt_IOS-SOS-RETRY-001/ios
    builtin-SwiftPerFileCompile LabMeshUITests.swift

SwiftEmitModule normal arm64 Emitting\ module\ for\ LabMeshUITests (in target 'LabMeshUITests' from project 'Godstone')

SwiftCompile normal arm64 (in target 'LabMeshUITests' from project 'Godstone')
    cd /tmp/board1-rc15-work-final/wt_IOS-SOS-RETRY-001/ios
    

SwiftDriverJobDiscovery normal arm64 Compiling BleRoleBindingCoordinator.swift, BleRoleElection.swift, BleTransport.swift, BoundRecipientKeyResolver.swift, BulkTransport.swift, ComposedRuntime.swift, ControlPayloadV1.swift, CrashResumableWipe.swift, DeliveryProjection.swift, DeliveryTracker.swift (in target 'GodstoneMesh' from project 'GodstonePackages')

SwiftDriverJobDiscovery normal arm64 Emitting module for LabMeshUITests (in target 'LabMeshUITests' from project 'Godstone')

SwiftDriver\ Compilation\ Requirements LabMeshUITests normal arm64 com.apple.xcode.tools.swift.compiler (in target 'LabMeshUITests' from project 'Godstone')
    cd /tmp/board1-rc15-work-final/wt_IOS-SOS-RETRY-001/ios
    builtin-Swift-Compilation-Requirements -- /Applications/Xcode.app/Contents/Developer/Toolchains/XcodeDefault.xctoolchain/usr/bin/swiftc -module-name LabMeshUITests -Onone @/Users/oculus/Library/Developer/Xcode/DerivedData/Godstone-dcsmxtfyjnmhzrerxihrahaqtdkr/Build/Intermediates.noindex/Godstone.build/LightDebug-iphonesimulator/LabMeshUITests.build/Objects-normal/arm64/LabMeshUITests.SwiftFileList -DDEBUG -module-alias Testing\=_Testing_Unavailable -plugin-path /Applications/Xcode.app/Contents/Developer/Toolchains/XcodeDefault.xctoolchain/usr/lib/swift/host/plugins/testing -enable-bare-slash-regex -enable-experimental-feature DebugDescriptionMacro -sdk /Applications/Xcode.app/Contents/Developer/Platforms/iPhoneSimulator.platform/Developer/SDKs/iPhoneSimulator27.0.sdk -target arm64-apple-ios16.0-simulator -g -module-cache-path /Users/oculus/Library/Developer/Xcode/DerivedData/ModuleCache.noindex -Xfrontend -serialize-debugging-options -enable-testing -index-store-path /Users/oculus/Library/Developer/Xcode/DerivedData/Godstone-dcsmxtfyjnmhzrerxihrahaqtdkr/Index.noindex/DataStore -Xcc -D_LIBCPP_HARDENING_MODE\=_LIBCPP_HARDENING_MODE_DEBUG -swift-version 5 -I /Users/oculus/Library/Developer/Xcode/DerivedData/Godstone-dcsmxtfyjnmhzrerxihrahaqtdkr/Build/Products/LightDebug-iphonesimulator -Isystem /Applications/Xcode.app/Contents/Developer/Platforms/iPhoneSimulator.platform/Developer/usr/lib -F /Users/oculus/Library/Developer/Xcode/DerivedData/Godstone-dcsmxtfyjnmhzrerxihrahaqtdkr/Build/Products/LightDebug-iphonesimulator -F /Applications/Xcode.app/Contents/Developer/Platforms/iPhoneSimulator.platform/Developer/Library/Frameworks -F /Applications/Xcode.app/Contents/Developer/Platforms/iPhoneSimulator.platform/Developer/SDKs/iPhoneSimulator27.0.sdk/Developer/Library/Frameworks -c -j10 -enable-batch-mode -incremental -Xcc -ivfsstatcache -Xcc /Users/oculus/Library/Developer/Xcode/DerivedData/SDKStatCaches.noindex/iphonesimulator27.0-24A430-8dc58220667be655e1bcc261a7455254.sdkstatcache -output-file-map /Users/oculus/Library/Developer/Xcode/DerivedData/Godstone-dcsmxtfyjnmhzrerxihrahaqtdkr/Build/Intermediates.noindex/Godstone.build/LightDebug-iphonesimulator/LabMeshUITests.build/Objects-normal/arm64/LabMeshUITests-OutputFileMap.json -save-temps -no-color-diagnostics -explicit-module-build -module-cache-path /Users/oculus/Library/Developer/Xcode/DerivedData/Godstone-dcsmxtfyjnmhzrerxihrahaqtdkr/Build/Intermediates.noindex/SwiftExplicitPrecompiledModules -clang-scanner-module-cache-path /Users/oculus/Library/Developer/Xcode/DerivedData/ModuleCache.noindex -sdk-module-cache-path /Users/oculus/Library/Developer/Xcode/DerivedData/SDKExplicitPrecompiledModules -emit-dependencies -emit-module -emit-module-path /Users/oculus/Library/Developer/Xcode/DerivedData/Godstone-dcsmxtfyjnmhzrerxihrahaqtdkr/Build/Intermediates.noindex/Godstone.build/LightDebug-iphonesimulator/LabMeshUITests.build/Objects-normal/arm64/LabMeshUITests.swiftmodule -serialize-diagnostics -dependency-scan-serialize-diagnostics-path /Users/oculus/Library/Developer/Xcode/DerivedData/Godstone-dcsmxtfyjnmhzrerxihrahaqtdkr/Build/Intermediates.noindex/Godstone.build/LightDebug-iphonesimulator/LabMeshUITests.build/Objects-normal/arm64/LabMeshUITests-dependency-scan.dia -validate-clang-modules-once -clang-build-session-file /Users/oculus/Library/Developer/Xcode/DerivedData/ModuleCache.noindex/Session.modulevalidation -Xcc -fmodules-prune-interval\=86400 -Xcc -fmodules-prune-after\=345600 -emit-const-values -const-gather-protocols-list /Users/oculus/Library/Developer/Xcode/DerivedData/Godstone-dcsmxtfyjnmhzrerxihrahaqtdkr/Build/Intermediates.noindex/Godstone.build/LightDebug-iphonesimulator/LabMeshUITests.build/Objects-normal/arm64/LabMeshUITests_const_extract_protocols.json -Xcc -iquote -Xcc /Users/oculus/Library/Developer/Xcode/DerivedData/Godstone-dcsmxtfyjnmhzrerxihrahaqtdkr/Build/Intermediates.noindex/Godstone.build/LightDebug-iphonesimulator/LabMeshUITests.build/LabMeshUITests-generated-files.hmap -Xcc -I/Users/oculus/Library/Developer/Xcode/DerivedData/Godstone-dcsmxtfyjnmhzrerxihrahaqtdkr/Build/Intermediates.noindex/Godstone.build/LightDebug-iphonesimulator/LabMeshUITests.build/LabMeshUITests-own-target-headers.hmap -Xcc -I/Users/oculus/Library/Developer/Xcode/DerivedData/Godstone-dcsmxtfyjnmhzrerxihrahaqtdkr/Build/Intermediates.noindex/Godstone.build/LightDebug-iphonesimulator/LabMeshUITests.build/LabMeshUITests-all-non-framework-target-headers.hmap -Xcc -ivfsoverlay -Xcc /Users/oculus/Library/Developer/Xcode/DerivedData/Godstone-dcsmxtfyjnmhzrerxihrahaqtdkr/Build/Intermediates.noindex/Godstone.build/LightDebug-iphonesimulator/Godstone-4fea8a13e8e9aefd7e747d7a3bbbcde9-VFS-iphonesimulator/all-product-headers.yaml -Xcc -iquote -Xcc /Users/oculus/Library/Developer/Xcode/DerivedData/Godstone-dcsmxtfyjnmhzrerxihrahaqtdkr/Build/Intermediates.noindex/Godstone.build/LightDebug-iphonesimulator/LabMeshUITests.build/LabMeshUITests-project-headers.hmap -Xcc -I/Users/oculus/Library/Developer/Xcode/DerivedData/Godstone-dcsmxtfyjnmhzrerxihrahaqtdkr/Build/Products/LightDebug-iphonesimulator/include -Xcc -I/Users/oculus/Library/Developer/Xcode/DerivedData/Godstone-dcsmxtfyjnmhzrerxihrahaqtdkr/Build/Intermediates.noindex/Godstone.build/LightDebug-iphonesimulator/LabMeshUITests.build/DerivedSources-normal/arm64 -Xcc -I/Users/oculus/Library/Developer/Xcode/DerivedData/Godstone-dcsmxtfyjnmhzrerxihrahaqtdkr/Build/Intermediates.noindex/Godstone.build/LightDebug-iphonesimulator/LabMeshUITests.build/DerivedSources/arm64 -Xcc -I/Users/oculus/Library/Developer/Xcode/DerivedData/Godstone-dcsmxtfyjnmhzrerxihrahaqtdkr/Build/Intermediates.noindex/Godstone.build/LightDebug-iphonesimulator/LabMeshUITests.build/DerivedSources -Xcc -DDEBUG\=1 -emit-objc-header -emit-objc-header-path /Users/oculus/Library/Developer/Xcode/DerivedData/Godstone-dcsmxtfyjnmhzrerxihrahaqtdkr/Build/Intermediates.noindex/Godstone.build/LightDebug-iphonesimulator/LabMeshUITests.build/Objects-normal/arm64/LabMeshUITests-Swift.h -working-directory /tmp/board1-rc15-work-final/wt_IOS-SOS-RETRY-001/ios -experimental-emit-module-separately -disable-cmo

Copy /Users/oculus/Library/Developer/Xcode/DerivedData/Godstone-dcsmxtfyjnmhzrerxihrahaqtdkr/Build/Products/LightDebug-iphonesimulator/LabMeshUITests.swiftmodule/Project/arm64-apple-ios-simulator.swiftsourceinfo /Users/oculus/Library/Developer/Xcode/DerivedData/Godstone-dcsmxtfyjnmhzrerxihrahaqtdkr/Build/Intermediates.noindex/Godstone.build/LightDebug-iphonesimulator/LabMeshUITests.build/Objects-normal/arm64/LabMeshUITests.swiftsourceinfo (in target 'LabMeshUITests' from project 'Godstone')
    cd /tmp/board1-rc15-work-final/wt_IOS-SOS-RETRY-001/ios
    builtin-copy -exclude .DS_Store -exclude CVS -exclude .svn -exclude .git -exclude .hg -resolve-src-symlinks -rename /Users/oculus/Library/Developer/Xcode/DerivedData/Godstone-dcsmxtfyjnmhzrerxihrahaqtdkr/Build/Intermediates.noindex/Godstone.build/LightDebug-iphonesimulator/LabMeshUITests.build/Objects-normal/arm64/LabMeshUITests.swiftsourceinfo /Users/oculus/Library/Developer/Xcode/DerivedData/Godstone-dcsmxtfyjnmhzrerxihrahaqtdkr/Build/Products/LightDebug-iphonesimulator/LabMeshUITests.swiftmodule/Project/arm64-apple-ios-simulator.swiftsourceinfo

Copy /Users/oculus/Library/Developer/Xcode/DerivedData/Godstone-dcsmxtfyjnmhzrerxihrahaqtdkr/Build/Products/LightDebug-iphonesimulator/LabMeshUITests.swiftmodule/arm64-apple-ios-simulator.abi.json /Users/oculus/Library/Developer/Xcode/DerivedData/Godstone-dcsmxtfyjnmhzrerxihrahaqtdkr/Build/Intermediates.noindex/Godstone.build/LightDebug-iphonesimulator/LabMeshUITests.build/Objects-normal/arm64/LabMeshUITests.abi.json (in target 'LabMeshUITests' from project 'Godstone')
    cd /tmp/board1-rc15-work-final/wt_IOS-SOS-RETRY-001/ios
    builtin-copy -exclude .DS_Store -exclude CVS -exclude .svn -exclude .git -exclude .hg -resolve-src-symlinks -rename /Users/oculus/Library/Developer/Xcode/DerivedData/Godstone-dcsmxtfyjnmhzrerxihrahaqtdkr/Build/Intermediates.noindex/Godstone.build/LightDebug-iphonesimulator/LabMeshUITests.build/Objects-normal/arm64/LabMeshUITests.abi.json /Users/oculus/Library/Developer/Xcode/DerivedData/Godstone-dcsmxtfyjnmhzrerxihrahaqtdkr/Build/Products/LightDebug-iphonesimulator/LabMeshUITests.swiftmodule/arm64-apple-ios-simulator.abi.json

SwiftDriverJobDiscovery normal arm64 Compiling LabMeshAccessibilityUITests.swift (in target 'LabMeshUITests' from project 'Godstone')

SwiftDriverJobDiscovery normal arm64 Compiling LabMeshUITests.swift (in target 'LabMeshUITests' from project 'Godstone')

SwiftDriver\ Compilation LabMeshUITests normal arm64 com.apple.xcode.tools.swift.compiler (in target 'LabMeshUITests' from project 'Godstone')
    cd /tmp/board1-rc15-work-final/wt_IOS-SOS-RETRY-001/ios
    builtin-Swift-Compilation -- /Applications/Xcode.app/Contents/Developer/Toolchains/XcodeDefault.xctoolchain/usr/bin/swiftc -module-name LabMeshUITests -Onone @/Users/oculus/Library/Developer/Xcode/DerivedData/Godstone-dcsmxtfyjnmhzrerxihrahaqtdkr/Build/Intermediates.noindex/Godstone.build/LightDebug-iphonesimulator/LabMeshUITests.build/Objects-normal/arm64/LabMeshUITests.SwiftFileList -DDEBUG -module-alias Testing\=_Testing_Unavailable -plugin-path /Applications/Xcode.app/Contents/Developer/Toolchains/XcodeDefault.xctoolchain/usr/lib/swift/host/plugins/testing -enable-bare-slash-regex -enable-experimental-feature DebugDescriptionMacro -sdk /Applications/Xcode.app/Contents/Developer/Platforms/iPhoneSimulator.platform/Developer/SDKs/iPhoneSimulator27.0.sdk -target arm64-apple-ios16.0-simulator -g -module-cache-path /Users/oculus/Library/Developer/Xcode/DerivedData/ModuleCache.noindex -Xfrontend -serialize-debugging-options -enable-testing -index-store-path /Users/oculus/Library/Developer/Xcode/DerivedData/Godstone-dcsmxtfyjnmhzrerxihrahaqtdkr/Index.noindex/DataStore -Xcc -D_LIBCPP_HARDENING_MODE\=_LIBCPP_HARDENING_MODE_DEBUG -swift-version 5 -I /Users/oculus/Library/Developer/Xcode/DerivedData/Godstone-dcsmxtfyjnmhzrerxihrahaqtdkr/Build/Products/LightDebug-iphonesimulator -Isystem /Applications/Xcode.app/Contents/Developer/Platforms/iPhoneSimulator.platform/Developer/usr/lib -F /Users/oculus/Library/Developer/Xcode/DerivedData/Godstone-dcsmxtfyjnmhzrerxihrahaqtdkr/Build/Products/LightDebug-iphonesimulator -F /Applications/Xcode.app/Contents/Developer/Platforms/iPhoneSimulator.platform/Developer/Library/Frameworks -F /Applications/Xcode.app/Contents/Developer/Platforms/iPhoneSimulator.platform/Developer/SDKs/iPhoneSimulator27.0.sdk/Developer/Library/Frameworks -c -j10 -enable-batch-mode -incremental -Xcc -ivfsstatcache -Xcc /Users/oculus/Library/Developer/Xcode/DerivedData/SDKStatCaches.noindex/iphonesimulator27.0-24A430-8dc58220667be655e1bcc261a7455254.sdkstatcache -output-file-map /Users/oculus/Library/Developer/Xcode/DerivedData/Godstone-dcsmxtfyjnmhzrerxihrahaqtdkr/Build/Intermediates.noindex/Godstone.build/LightDebug-iphonesimulator/LabMeshUITests.build/Objects-normal/arm64/LabMeshUITests-OutputFileMap.json -save-temps -no-color-diagnostics -explicit-module-build -module-cache-path /Users/oculus/Library/Developer/Xcode/DerivedData/Godstone-dcsmxtfyjnmhzrerxihrahaqtdkr/Build/Intermediates.noindex/SwiftExplicitPrecompiledModules -clang-scanner-module-cache-path /Users/oculus/Library/Developer/Xcode/DerivedData/ModuleCache.noindex -sdk-module-cache-path /Users/oculus/Library/Developer/Xcode/DerivedData/SDKExplicitPrecompiledModules -emit-dependencies -emit-module -emit-module-path /Users/oculus/Library/Developer/Xcode/DerivedData/Godstone-dcsmxtfyjnmhzrerxihrahaqtdkr/Build/Intermediates.noindex/Godstone.build/LightDebug-iphonesimulator/LabMeshUITests.build/Objects-normal/arm64/LabMeshUITests.swiftmodule -serialize-diagnostics -dependency-scan-serialize-diagnostics-path /Users/oculus/Library/Developer/Xcode/DerivedData/Godstone-dcsmxtfyjnmhzrerxihrahaqtdkr/Build/Intermediates.noindex/Godstone.build/LightDebug-iphonesimulator/LabMeshUITests.build/Objects-normal/arm64/LabMeshUITests-dependency-scan.dia -validate-clang-modules-once -clang-build-session-file /Users/oculus/Library/Developer/Xcode/DerivedData/ModuleCache.noindex/Session.modulevalidation -Xcc -fmodules-prune-interval\=86400 -Xcc -fmodules-prune-after\=345600 -emit-const-values -const-gather-protocols-list /Users/oculus/Library/Developer/Xcode/DerivedData/Godstone-dcsmxtfyjnmhzrerxihrahaqtdkr/Build/Intermediates.noindex/Godstone.build/LightDebug-iphonesimulator/LabMeshUITests.build/Objects-normal/arm64/LabMeshUITests_const_extract_protocols.json -Xcc -iquote -Xcc /Users/oculus/Library/Developer/Xcode/DerivedData/Godstone-dcsmxtfyjnmhzrerxihrahaqtdkr/Build/Intermediates.noindex/Godstone.build/LightDebug-iphonesimulator/LabMeshUITests.build/LabMeshUITests-generated-files.hmap -Xcc -I/Users/oculus/Library/Developer/Xcode/DerivedData/Godstone-dcsmxtfyjnmhzrerxihrahaqtdkr/Build/Intermediates.noindex/Godstone.build/LightDebug-iphonesimulator/LabMeshUITests.build/LabMeshUITests-own-target-headers.hmap -Xcc -I/Users/oculus/Library/Developer/Xcode/DerivedData/Godstone-dcsmxtfyjnmhzrerxihrahaqtdkr/Build/Intermediates.noindex/Godstone.build/LightDebug-iphonesimulator/LabMeshUITests.build/LabMeshUITests-all-non-framework-target-headers.hmap -Xcc -ivfsoverlay -Xcc /Users/oculus/Library/Developer/Xcode/DerivedData/Godstone-dcsmxtfyjnmhzrerxihrahaqtdkr/Build/Intermediates.noindex/Godstone.build/LightDebug-iphonesimulator/Godstone-4fea8a13e8e9aefd7e747d7a3bbbcde9-VFS-iphonesimulator/all-product-headers.yaml -Xcc -iquote -Xcc /Users/oculus/Library/Developer/Xcode/DerivedData/Godstone-dcsmxtfyjnmhzrerxihrahaqtdkr/Build/Intermediates.noindex/Godstone.build/LightDebug-iphonesimulator/LabMeshUITests.build/LabMeshUITests-project-headers.hmap -Xcc -I/Users/oculus/Library/Developer/Xcode/DerivedData/Godstone-dcsmxtfyjnmhzrerxihrahaqtdkr/Build/Products/LightDebug-iphonesimulator/include -Xcc -I/Users/oculus/Library/Developer/Xcode/DerivedData/Godstone-dcsmxtfyjnmhzrerxihrahaqtdkr/Build/Intermediates.noindex/Godstone.build/LightDebug-iphonesimulator/LabMeshUITests.build/DerivedSources-normal/arm64 -Xcc -I/Users/oculus/Library/Developer/Xcode/DerivedData/Godstone-dcsmxtfyjnmhzrerxihrahaqtdkr/Build/Intermediates.noindex/Godstone.build/LightDebug-iphonesimulator/LabMeshUITests.build/DerivedSources/arm64 -Xcc -I/Users/oculus/Library/Developer/Xcode/DerivedData/Godstone-dcsmxtfyjnmhzrerxihrahaqtdkr/Build/Intermediates.noindex/Godstone.build/LightDebug-iphonesimulator/LabMeshUITests.build/DerivedSources -Xcc -DDEBUG\=1 -emit-objc-header -emit-objc-header-path /Users/oculus/Library/Developer/Xcode/DerivedData/Godstone-dcsmxtfyjnmhzrerxihrahaqtdkr/Build/Intermediates.noindex/Godstone.build/LightDebug-iphonesimulator/LabMeshUITests.build/Objects-normal/arm64/LabMeshUITests-Swift.h -working-directory /tmp/board1-rc15-work-final/wt_IOS-SOS-RETRY-001/ios -experimental-emit-module-separately -disable-cmo

SwiftDriverJobDiscovery normal arm64 Compiling MeshTrustFacade.swift, MeshUXModel.swift, MessageStore.swift, NoiseSession.swift, OwnedVerifiedConnection.swift, PanicWipe.swift, PeerEventPublisher.swift, PeerGovernor.swift, PeerIdentityRepository.swift (in target 'GodstoneMesh' from project 'GodstonePackages')

SwiftDriver\ Compilation GodstoneMesh normal arm64 com.apple.xcode.tools.swift.compiler (in target 'GodstoneMesh' from project 'GodstonePackages')
    cd /tmp/board1-rc15-work-final/wt_IOS-SOS-RETRY-001/ios/Godstone.xcodeproj
    builtin-Swift-Compilation -- /Applications/Xcode.app/Contents/Developer/Toolchains/XcodeDefault.xctoolchain/usr/bin/swiftc -parse-as-library -module-name GodstoneMesh -Onone @/Users/oculus/Library/Developer/Xcode/DerivedData/Godstone-dcsmxtfyjnmhzrerxihrahaqtdkr/Build/Intermediates.noindex/GodstonePackages.build/LightDebug-iphonesimulator/GodstoneMesh-t.build/Objects-normal/arm64/GodstoneMesh.SwiftFileList -DSWIFT_PACKAGE -DDEBUG -DSWIFT_MODULE_RESOURCE_BUNDLE_UNAVAILABLE -DXcode -plugin-path /Applications/Xcode.app/Contents/Developer/Toolchains/XcodeDefault.xctoolchain/usr/lib/swift/host/plugins/testing -enable-experimental-feature DebugDescriptionMacro -sdk /Applications/Xcode.app/Contents/Developer/Platforms/iPhoneSimulator.platform/Developer/SDKs/iPhoneSimulator27.0.sdk -target arm64-apple-ios16.0-simulator -g -module-cache-path /Users/oculus/Library/Developer/Xcode/DerivedData/ModuleCache.noindex -Xfrontend -serialize-debugging-options -enable-testing -index-store-path /Users/oculus/Library/Developer/Xcode/DerivedData/Godstone-dcsmxtfyjnmhzrerxihrahaqtdkr/Index.noindex/DataStore -Xcc -D_LIBCPP_HARDENING_MODE\=_LIBCPP_HARDENING_MODE_DEBUG -swift-version 5 -I /Users/oculus/Library/Developer/Xcode/DerivedData/Godstone-dcsmxtfyjnmhzrerxihrahaqtdkr/Build/Products/LightDebug-iphonesimulator -Isystem /Applications/Xcode.app/Contents/Developer/Platforms/iPhoneSimulator.platform/Developer/usr/lib -F /Users/oculus/Library/Developer/Xcode/DerivedData/Godstone-dcsmxtfyjnmhzrerxihrahaqtdkr/Build/Products/LightDebug-iphonesimulator/PackageFrameworks -F /Users/oculus/Library/Developer/Xcode/DerivedData/Godstone-dcsmxtfyjnmhzrerxihrahaqtdkr/Build/Products/LightDebug-iphonesimulator -F /Applications/Xcode.app/Contents/Developer/Platforms/iPhoneSimulator.platform/Developer/Library/Frameworks -F /Applications/Xcode.app/Contents/Developer/Platforms/iPhoneSimulator.platform/Developer/SDKs/iPhoneSimulator27.0.sdk/Developer/Library/Frameworks -c -j10 -enable-batch-mode -incremental -Xcc -ivfsstatcache -Xcc /Users/oculus/Library/Developer/Xcode/DerivedData/SDKStatCaches.noindex/iphonesimulator27.0-24A430-8dc58220667be655e1bcc261a7455254.sdkstatcache -output-file-map /Users/oculus/Library/Developer/Xcode/DerivedData/Godstone-dcsmxtfyjnmhzrerxihrahaqtdkr/Build/Intermediates.noindex/GodstonePackages.build/LightDebug-iphonesimulator/GodstoneMesh-t.build/Objects-normal/arm64/GodstoneMesh-OutputFileMap.json -save-temps -no-color-diagnostics -explicit-module-build -module-cache-path /Users/oculus/Library/Developer/Xcode/DerivedData/Godstone-dcsmxtfyjnmhzrerxihrahaqtdkr/Build/Intermediates.noindex/SwiftExplicitPrecompiledModules -clang-scanner-module-cache-path /Users/oculus/Library/Developer/Xcode/DerivedData/ModuleCache.noindex -sdk-module-cache-path /Users/oculus/Library/Developer/Xcode/DerivedData/SDKExplicitPrecompiledModules -emit-dependencies -emit-module -emit-module-path /Users/oculus/Library/Developer/Xcode/DerivedData/Godstone-dcsmxtfyjnmhzrerxihrahaqtdkr/Build/Intermediates.noindex/GodstonePackages.build/LightDebug-iphonesimulator/GodstoneMesh-t.build/Objects-normal/arm64/GodstoneMesh.swiftmodule -serialize-diagnostics -dependency-scan-serialize-diagnostics-path /Users/oculus/Library/Developer/Xcode/DerivedData/Godstone-dcsmxtfyjnmhzrerxihrahaqtdkr/Build/Intermediates.noindex/GodstonePackages.build/LightDebug-iphonesimulator/GodstoneMesh-t.build/Objects-normal/arm64/GodstoneMesh-dependency-scan.dia -validate-clang-modules-once -clang-build-session-file /Users/oculus/Library/Developer/Xcode/DerivedData/ModuleCache.noindex/Session.modulevalidation -Xcc -fmodules-prune-interval\=86400 -Xcc -fmodules-prune-after\=345600 -package-name godstone -emit-const-values -const-gather-protocols-list /Users/oculus/Library/Developer/Xcode/DerivedData/Godstone-dcsmxtfyjnmhzrerxihrahaqtdkr/Build/Intermediates.noindex/GodstonePackages.build/LightDebug-iphonesimulator/GodstoneMesh-t.build/Objects-normal/arm64/GodstoneMesh_const_extract_protocols.json -Xcc -I/Users/oculus/Library/Developer/Xcode/DerivedData/Godstone-dcsmxtfyjnmhzrerxihrahaqtdkr/Build/Products/LightDebug-iphonesimulator/include -Xcc -I/Users/oculus/Library/Developer/Xcode/DerivedData/Godstone-dcsmxtfyjnmhzrerxihrahaqtdkr/Build/Intermediates.noindex/GodstonePackages.build/LightDebug-iphonesimulator/GodstoneMesh-t.build/DerivedSources-normal/arm64 -Xcc -I/Users/oculus/Library/Developer/Xcode/DerivedData/Godstone-dcsmxtfyjnmhzrerxihrahaqtdkr/Build/Intermediates.noindex/GodstonePackages.build/LightDebug-iphonesimulator/GodstoneMesh-t.build/DerivedSources/arm64 -Xcc -I/Users/oculus/Library/Developer/Xcode/DerivedData/Godstone-dcsmxtfyjnmhzrerxihrahaqtdkr/Build/Intermediates.noindex/GodstonePackages.build/LightDebug-iphonesimulator/GodstoneMesh-t.build/DerivedSources -Xcc -DSWIFT_PACKAGE -Xcc -DDEBUG\=1 -emit-objc-header -emit-objc-header-path /Users/oculus/Library/Developer/Xcode/DerivedData/Godstone-dcsmxtfyjnmhzrerxihrahaqtdkr/Build/Intermediates.noindex/GodstonePackages.build/LightDebug-iphonesimulator/GodstoneMesh-t.build/Objects-normal/arm64/GodstoneMesh-Swift.h -working-directory /tmp/board1-rc15-work-final/wt_IOS-SOS-RETRY-001/ios/Godstone.xcodeproj -experimental-emit-module-separately -disable-cmo

ExtractAppIntentsMetadata (in target 'GodstoneMesh' from project 'GodstonePackages')
    cd /tmp/board1-rc15-work-final/wt_IOS-SOS-RETRY-001/ios/Godstone
    /Applications/Xcode.app/Contents/Developer/Toolchains/XcodeDefault.xctoolchain/usr/bin/appintentsmetadataprocessor --toolchain-dir /Applications/Xcode.app/Contents/Developer/Toolchains/XcodeDefault.xctoolchain --module-name GodstoneMesh --sdk-root /Applications/Xcode.app/Contents/Developer/Platforms/iPhoneSimulator.platform/Developer/SDKs/iPhoneSimulator27.0.sdk --xcode-version 27A266a --platform-family iOS --deployment-target 16.0 --bundle-identifier godstone.GodstoneMesh --output /Users/oculus/Library/Developer/Xcode/DerivedData/Godstone-dcsmxtfyjnmhzrerxihrahaqtdkr/Build/Products/LightDebug-iphonesimulator/GodstoneMesh.appintents --target-triple arm64-apple-ios16.0-simulator --binary-file /Users/oculus/Library/Developer/Xcode/DerivedData/Godstone-dcsmxtfyjnmhzrerxihrahaqtdkr/Build/Products/LightDebug-iphonesimulator/GodstoneMesh.o --dependency-file /Users/oculus/Library/Developer/Xcode/DerivedData/Godstone-dcsmxtfyjnmhzrerxihrahaqtdkr/Build/Intermediates.noindex/GodstonePackages.build/LightDebug-iphonesimulator/GodstoneMesh-t.build/Objects-normal/arm64/GodstoneMesh_dependency_info.dat --stringsdata-file /Users/oculus/Library/Developer/Xcode/DerivedData/Godstone-dcsmxtfyjnmhzrerxihrahaqtdkr/Build/Intermediates.noindex/GodstonePackages.build/LightDebug-iphonesimulator/GodstoneMesh-t.build/Objects-normal/arm64/ExtractedAppShortcutsMetadata.stringsdata --source-file-list /Users/oculus/Library/Developer/Xcode/DerivedData/Godstone-dcsmxtfyjnmhzrerxihrahaqtdkr/Build/Intermediates.noindex/GodstonePackages.build/LightDebug-iphonesimulator/GodstoneMesh-t.build/Objects-normal/arm64/GodstoneMesh.SwiftFileList --metadata-file-list /Users/oculus/Library/Developer/Xcode/DerivedData/Godstone-dcsmxtfyjnmhzrerxihrahaqtdkr/Build/Intermediates.noindex/GodstonePackages.build/LightDebug-iphonesimulator/GodstoneMesh-t.build/GodstoneMesh.DependencyMetadataFileList --static-metadata-file-list /Users/oculus/Library/Developer/Xcode/DerivedData/Godstone-dcsmxtfyjnmhzrerxihrahaqtdkr/Build/Intermediates.noindex/GodstonePackages.build/LightDebug-iphonesimulator/GodstoneMesh-t.build/GodstoneMesh.DependencyStaticMetadataFileList --swift-const-vals-list /Users/oculus/Library/Developer/Xcode/DerivedData/Godstone-dcsmxtfyjnmhzrerxihrahaqtdkr/Build/Intermediates.noindex/GodstonePackages.build/LightDebug-iphonesimulator/GodstoneMesh-t.build/Objects-normal/arm64/GodstoneMesh.SwiftConstValuesFileList --force --compile-time-extraction --deployment-aware-processing --no-app-shortcuts-localization
2026-10-03 19:31:33.991 appintentsmetadataprocessor[23055:44965617] Starting appintentsmetadataprocessor export
2026-10-03 19:31:34.035 appintentsmetadataprocessor[23055:44965617] Extracted no relevant App Intents symbols, skipping writing output

SwiftDriverJobDiscovery normal arm64 Compiling LabMeshRootApp.swift (in target 'LabMesh' from project 'Godstone')

SwiftDriver\ Compilation LabMesh normal arm64 com.apple.xcode.tools.swift.compiler (in target 'LabMesh' from project 'Godstone')
    cd /tmp/board1-rc15-work-final/wt_IOS-SOS-RETRY-001/ios
    builtin-Swift-Compilation -- /Applications/Xcode.app/Contents/Developer/Toolchains/XcodeDefault.xctoolchain/usr/bin/swiftc -module-name GodstoneLabMesh -Onone @/Users/oculus/Library/Developer/Xcode/DerivedData/Godstone-dcsmxtfyjnmhzrerxihrahaqtdkr/Build/Intermediates.noindex/Godstone.build/LightDebug-iphonesimulator/LabMesh.build/Objects-normal/arm64/GodstoneLabMesh.SwiftFileList -DDEBUG -DLABMESH -enable-bare-slash-regex -enable-experimental-feature DebugDescriptionMacro -sdk /Applications/Xcode.app/Contents/Developer/Platforms/iPhoneSimulator.platform/Developer/SDKs/iPhoneSimulator27.0.sdk -target arm64-apple-ios16.0-simulator -g -module-cache-path /Users/oculus/Library/Developer/Xcode/DerivedData/ModuleCache.noindex -Xfrontend -serialize-debugging-options -enable-testing -index-store-path /Users/oculus/Library/Developer/Xcode/DerivedData/Godstone-dcsmxtfyjnmhzrerxihrahaqtdkr/Index.noindex/DataStore -Xcc -D_LIBCPP_HARDENING_MODE\=_LIBCPP_HARDENING_MODE_DEBUG -swift-version 5 -I /Users/oculus/Library/Developer/Xcode/DerivedData/Godstone-dcsmxtfyjnmhzrerxihrahaqtdkr/Build/Products/LightDebug-iphonesimulator -F /Users/oculus/Library/Developer/Xcode/DerivedData/Godstone-dcsmxtfyjnmhzrerxihrahaqtdkr/Build/Products/LightDebug-iphonesimulator/PackageFrameworks -F /Users/oculus/Library/Developer/Xcode/DerivedData/Godstone-dcsmxtfyjnmhzrerxihrahaqtdkr/Build/Products/LightDebug-iphonesimulator -c -j10 -enable-batch-mode -incremental -Xcc -ivfsstatcache -Xcc /Users/oculus/Library/Developer/Xcode/DerivedData/SDKStatCaches.noindex/iphonesimulator27.0-24A430-8dc58220667be655e1bcc261a7455254.sdkstatcache -output-file-map /Users/oculus/Library/Developer/Xcode/DerivedData/Godstone-dcsmxtfyjnmhzrerxihrahaqtdkr/Build/Intermediates.noindex/Godstone.build/LightDebug-iphonesimulator/LabMesh.build/Objects-normal/arm64/LabMesh-OutputFileMap.json -save-temps -no-color-diagnostics -explicit-module-build -module-cache-path /Users/oculus/Library/Developer/Xcode/DerivedData/Godstone-dcsmxtfyjnmhzrerxihrahaqtdkr/Build/Intermediates.noindex/SwiftExplicitPrecompiledModules -clang-scanner-module-cache-path /Users/oculus/Library/Developer/Xcode/DerivedData/ModuleCache.noindex -sdk-module-cache-path /Users/oculus/Library/Developer/Xcode/DerivedData/SDKExplicitPrecompiledModules -emit-dependencies -emit-module -emit-module-path /Users/oculus/Library/Developer/Xcode/DerivedData/Godstone-dcsmxtfyjnmhzrerxihrahaqtdkr/Build/Intermediates.noindex/Godstone.build/LightDebug-iphonesimulator/LabMesh.build/Objects-normal/arm64/GodstoneLabMesh.swiftmodule -serialize-diagnostics -dependency-scan-serialize-diagnostics-path /Users/oculus/Library/Developer/Xcode/DerivedData/Godstone-dcsmxtfyjnmhzrerxihrahaqtdkr/Build/Intermediates.noindex/Godstone.build/LightDebug-iphonesimulator/LabMesh.build/Objects-normal/arm64/GodstoneLabMesh-dependency-scan.dia -validate-clang-modules-once -clang-build-session-file /Users/oculus/Library/Developer/Xcode/DerivedData/ModuleCache.noindex/Session.modulevalidation -Xcc -fmodules-prune-interval\=86400 -Xcc -fmodules-prune-after\=345600 -emit-const-values -const-gather-protocols-list /Users/oculus/Library/Developer/Xcode/DerivedData/Godstone-dcsmxtfyjnmhzrerxihrahaqtdkr/Build/Intermediates.noindex/Godstone.build/LightDebug-iphonesimulator/LabMesh.build/Objects-normal/arm64/LabMesh_const_extract_protocols.json -Xcc -iquote -Xcc /Users/oculus/Library/Developer/Xcode/DerivedData/Godstone-dcsmxtfyjnmhzrerxihrahaqtdkr/Build/Intermediates.noindex/Godstone.build/LightDebug-iphonesimulator/LabMesh.build/GodstoneLabMesh-generated-files.hmap -Xcc -I/Users/oculus/Library/Developer/Xcode/DerivedData/Godstone-dcsmxtfyjnmhzrerxihrahaqtdkr/Build/Intermediates.noindex/Godstone.build/LightDebug-iphonesimulator/LabMesh.build/GodstoneLabMesh-own-target-headers.hmap -Xcc -I/Users/oculus/Library/Developer/Xcode/DerivedData/Godstone-dcsmxtfyjnmhzrerxihrahaqtdkr/Build/Intermediates.noindex/Godstone.build/LightDebug-iphonesimulator/LabMesh.build/GodstoneLabMesh-all-non-framework-target-headers.hmap -Xcc -ivfsoverlay -Xcc /Users/oculus/Library/Developer/Xcode/DerivedData/Godstone-dcsmxtfyjnmhzrerxihrahaqtdkr/Build/Intermediates.noindex/Godstone.build/LightDebug-iphonesimulator/Godstone-4fea8a13e8e9aefd7e747d7a3bbbcde9-VFS-iphonesimulator/all-product-headers.yaml -Xcc -iquote -Xcc /Users/oculus/Library/Developer/Xcode/DerivedData/Godstone-dcsmxtfyjnmhzrerxihrahaqtdkr/Build/Intermediates.noindex/Godstone.build/LightDebug-iphonesimulator/LabMesh.build/GodstoneLabMesh-project-headers.hmap -Xcc -I/Users/oculus/Library/Developer/Xcode/DerivedData/Godstone-dcsmxtfyjnmhzrerxihrahaqtdkr/Build/Products/LightDebug-iphonesimulator/include -Xcc -I/Users/oculus/Library/Developer/Xcode/DerivedData/Godstone-dcsmxtfyjnmhzrerxihrahaqtdkr/Build/Intermediates.noindex/Godstone.build/LightDebug-iphonesimulator/LabMesh.build/DerivedSources-normal/arm64 -Xcc -I/Users/oculus/Library/Developer/Xcode/DerivedData/Godstone-dcsmxtfyjnmhzrerxihrahaqtdkr/Build/Intermediates.noindex/Godstone.build/LightDebug-iphonesimulator/LabMesh.build/DerivedSources/arm64 -Xcc -I/Users/oculus/Library/Developer/Xcode/DerivedData/Godstone-dcsmxtfyjnmhzrerxihrahaqtdkr/Build/Intermediates.noindex/Godstone.build/LightDebug-iphonesimulator/LabMesh.build/DerivedSources -Xcc -DDEBUG\=1 -emit-objc-header -emit-objc-header-path /Users/oculus/Library/Developer/Xcode/DerivedData/Godstone-dcsmxtfyjnmhzrerxihrahaqtdkr/Build/Intermediates.noindex/Godstone.build/LightDebug-iphonesimulator/LabMesh.build/Objects-normal/arm64/GodstoneLabMesh-Swift.h -working-directory /tmp/board1-rc15-work-final/wt_IOS-SOS-RETRY-001/ios -experimental-emit-module-separately -disable-cmo

Ld /Users/oculus/Library/Developer/Xcode/DerivedData/Godstone-dcsmxtfyjnmhzrerxihrahaqtdkr/Build/Products/LightDebug-iphonesimulator/GodstoneLabMesh.app/GodstoneLabMesh.debug.dylib normal (in target 'LabMesh' from project 'Godstone')
    cd /tmp/board1-rc15-work-final/wt_IOS-SOS-RETRY-001/ios
    /Applications/Xcode.app/Contents/Developer/Toolchains/XcodeDefault.xctoolchain/usr/bin/clang -Xlinker -reproducible -target arm64-apple-ios16.0-simulator -dynamiclib -isysroot /Applications/Xcode.app/Contents/Developer/Platforms/iPhoneSimulator.platform/Developer/SDKs/iPhoneSimulator27.0.sdk -O0 -Xlinker -no_warn_duplicate_libraries -L/Users/oculus/Library/Developer/Xcode/DerivedData/Godstone-dcsmxtfyjnmhzrerxihrahaqtdkr/Build/Intermediates.noindex/EagerLinkingTBDs/LightDebug-iphonesimulator -L/Users/oculus/Library/Developer/Xcode/DerivedData/Godstone-dcsmxtfyjnmhzrerxihrahaqtdkr/Build/Products/LightDebug-iphonesimulator -F/Users/oculus/Library/Developer/Xcode/DerivedData/Godstone-dcsmxtfyjnmhzrerxihrahaqtdkr/Build/Intermediates.noindex/EagerLinkingTBDs/LightDebug-iphonesimulator -F/Users/oculus/Library/Developer/Xcode/DerivedData/Godstone-dcsmxtfyjnmhzrerxihrahaqtdkr/Build/Products/LightDebug-iphonesimulator/PackageFrameworks -F/Users/oculus/Library/Developer/Xcode/DerivedData/Godstone-dcsmxtfyjnmhzrerxihrahaqtdkr/Build/Products/LightDebug-iphonesimulator -filelist /Users/oculus/Library/Developer/Xcode/DerivedData/Godstone-dcsmxtfyjnmhzrerxihrahaqtdkr/Build/Intermediates.noindex/Godstone.build/LightDebug-iphonesimulator/LabMesh.build/Objects-normal/arm64/GodstoneLabMesh.LinkFileList -install_name @rpath/GodstoneLabMesh.debug.dylib -Xlinker -rpath -Xlinker /usr/lib/swift -Xlinker -rpath -Xlinker @executable_path/Frameworks -Xlinker -dead_strip -Xlinker -object_path_lto -Xlinker /Users/oculus/Library/Developer/Xcode/DerivedData/Godstone-dcsmxtfyjnmhzrerxihrahaqtdkr/Build/Intermediates.noindex/Godstone.build/LightDebug-iphonesimulator/LabMesh.build/Objects-normal/arm64/GodstoneLabMesh_lto.o -rdynamic -Xlinker -no_deduplicate -Xlinker -objc_abi_version -Xlinker 2 -Xlinker -dependency_info -Xlinker /Users/oculus/Library/Developer/Xcode/DerivedData/Godstone-dcsmxtfyjnmhzrerxihrahaqtdkr/Build/Intermediates.noindex/Godstone.build/LightDebug-iphonesimulator/LabMesh.build/Objects-normal/arm64/GodstoneLabMesh_dependency_info.dat -fobjc-link-runtime -L/Applications/Xcode.app/Contents/Developer/Toolchains/XcodeDefault.xctoolchain/usr/lib/swift/iphonesimulator -L/usr/lib/swift -Xlinker -add_ast_path -Xlinker /Users/oculus/Library/Developer/Xcode/DerivedData/Godstone-dcsmxtfyjnmhzrerxihrahaqtdkr/Build/Intermediates.noindex/Godstone.build/LightDebug-iphonesimulator/LabMesh.build/Objects-normal/arm64/GodstoneLabMesh.swiftmodule -Xlinker -alias -Xlinker _main -Xlinker ___debug_main_executable_dylib_entry_point -o /Users/oculus/Library/Developer/Xcode/DerivedData/Godstone-dcsmxtfyjnmhzrerxihrahaqtdkr/Build/Products/LightDebug-iphonesimulator/GodstoneLabMesh.app/GodstoneLabMesh.debug.dylib

ConstructStubExecutorLinkFileList /Users/oculus/Library/Developer/Xcode/DerivedData/Godstone-dcsmxtfyjnmhzrerxihrahaqtdkr/Build/Intermediates.noindex/Godstone.build/LightDebug-iphonesimulator/LabMesh.build/GodstoneLabMesh-ExecutorLinkFileList-normal-arm64.txt (in target 'LabMesh' from project 'Godstone')
    cd /tmp/board1-rc15-work-final/wt_IOS-SOS-RETRY-001/ios
    construct-stub-executor-link-file-list /Users/oculus/Library/Developer/Xcode/DerivedData/Godstone-dcsmxtfyjnmhzrerxihrahaqtdkr/Build/Products/LightDebug-iphonesimulator/GodstoneLabMesh.app/GodstoneLabMesh.debug.dylib /Applications/Xcode.app/Contents/Developer/Platforms/iPhoneSimulator.platform/Developer/usr/lib/libPreviewsJITStubExecutor_no_swift_entry_point.a /Applications/Xcode.app/Contents/Developer/Platforms/iPhoneSimulator.platform/Developer/usr/lib/libPreviewsJITStubExecutor.a --output /Users/oculus/Library/Developer/Xcode/DerivedData/Godstone-dcsmxtfyjnmhzrerxihrahaqtdkr/Build/Intermediates.noindex/Godstone.build/LightDebug-iphonesimulator/LabMesh.build/GodstoneLabMesh-ExecutorLinkFileList-normal-arm64.txt
note: Using stub executor library with Swift entry point. (in target 'LabMesh' from project 'Godstone')

Ld /Users/oculus/Library/Developer/Xcode/DerivedData/Godstone-dcsmxtfyjnmhzrerxihrahaqtdkr/Build/Products/LightDebug-iphonesimulator/GodstoneLabMesh.app/GodstoneLabMesh normal (in target 'LabMesh' from project 'Godstone')
    cd /tmp/board1-rc15-work-final/wt_IOS-SOS-RETRY-001/ios
    /Applications/Xcode.app/Contents/Developer/Toolchains/XcodeDefault.xctoolchain/usr/bin/clang -Xlinker -reproducible -target arm64-apple-ios16.0-simulator -isysroot /Applications/Xcode.app/Contents/Developer/Platforms/iPhoneSimulator.platform/Developer/SDKs/iPhoneSimulator27.0.sdk -O0 -Xlinker -no_warn_duplicate_libraries -L/Users/oculus/Library/Developer/Xcode/DerivedData/Godstone-dcsmxtfyjnmhzrerxihrahaqtdkr/Build/Products/LightDebug-iphonesimulator -F/Users/oculus/Library/Developer/Xcode/DerivedData/Godstone-dcsmxtfyjnmhzrerxihrahaqtdkr/Build/Products/LightDebug-iphonesimulator/PackageFrameworks -F/Users/oculus/Library/Developer/Xcode/DerivedData/Godstone-dcsmxtfyjnmhzrerxihrahaqtdkr/Build/Products/LightDebug-iphonesimulator -Xlinker -rpath -Xlinker @executable_path -Xlinker -rpath -Xlinker @executable_path/Frameworks -rdynamic -Xlinker -no_deduplicate -Xlinker -objc_abi_version -Xlinker 2 -e ___debug_blank_executor_main -Xlinker -sectcreate -Xlinker __TEXT -Xlinker __debug_dylib -Xlinker /Users/oculus/Library/Developer/Xcode/DerivedData/Godstone-dcsmxtfyjnmhzrerxihrahaqtdkr/Build/Intermediates.noindex/Godstone.build/LightDebug-iphonesimulator/LabMesh.build/GodstoneLabMesh-DebugDylibPath-normal-arm64.txt -Xlinker -sectcreate -Xlinker __TEXT -Xlinker __debug_instlnm -Xlinker /Users/oculus/Library/Developer/Xcode/DerivedData/Godstone-dcsmxtfyjnmhzrerxihrahaqtdkr/Build/Intermediates.noindex/Godstone.build/LightDebug-iphonesimulator/LabMesh.build/GodstoneLabMesh-DebugDylibInstallName-normal-arm64.txt -Xlinker -filelist -Xlinker /Users/oculus/Library/Developer/Xcode/DerivedData/Godstone-dcsmxtfyjnmhzrerxihrahaqtdkr/Build/Intermediates.noindex/Godstone.build/LightDebug-iphonesimulator/LabMesh.build/GodstoneLabMesh-ExecutorLinkFileList-normal-arm64.txt /Users/oculus/Library/Developer/Xcode/DerivedData/Godstone-dcsmxtfyjnmhzrerxihrahaqtdkr/Build/Products/LightDebug-iphonesimulator/GodstoneLabMesh.app/GodstoneLabMesh.debug.dylib -o /Users/oculus/Library/Developer/Xcode/DerivedData/Godstone-dcsmxtfyjnmhzrerxihrahaqtdkr/Build/Products/LightDebug-iphonesimulator/GodstoneLabMesh.app/GodstoneLabMesh

ExtractAppIntentsMetadata (in target 'LabMesh' from project 'Godstone')
    cd /tmp/board1-rc15-work-final/wt_IOS-SOS-RETRY-001/ios
    /Applications/Xcode.app/Contents/Developer/Toolchains/XcodeDefault.xctoolchain/usr/bin/appintentsmetadataprocessor --toolchain-dir /Applications/Xcode.app/Contents/Developer/Toolchains/XcodeDefault.xctoolchain --module-name GodstoneLabMesh --sdk-root /Applications/Xcode.app/Contents/Developer/Platforms/iPhoneSimulator.platform/Developer/SDKs/iPhoneSimulator27.0.sdk --xcode-version 27A266a --platform-family iOS --deployment-target 16.0 --bundle-identifier io.godstone.labmesh --output /Users/oculus/Library/Developer/Xcode/DerivedData/Godstone-dcsmxtfyjnmhzrerxihrahaqtdkr/Build/Products/LightDebug-iphonesimulator/GodstoneLabMesh.app --target-triple arm64-apple-ios16.0-simulator --binary-file /Users/oculus/Library/Developer/Xcode/DerivedData/Godstone-dcsmxtfyjnmhzrerxihrahaqtdkr/Build/Products/LightDebug-iphonesimulator/GodstoneLabMesh.app/GodstoneLabMesh --dependency-file /Users/oculus/Library/Developer/Xcode/DerivedData/Godstone-dcsmxtfyjnmhzrerxihrahaqtdkr/Build/Intermediates.noindex/Godstone.build/LightDebug-iphonesimulator/LabMesh.build/Objects-normal/arm64/GodstoneLabMesh_dependency_info.dat --stringsdata-file /Users/oculus/Library/Developer/Xcode/DerivedData/Godstone-dcsmxtfyjnmhzrerxihrahaqtdkr/Build/Intermediates.noindex/Godstone.build/LightDebug-iphonesimulator/LabMesh.build/Objects-normal/arm64/ExtractedAppShortcutsMetadata.stringsdata --source-file-list /Users/oculus/Library/Developer/Xcode/DerivedData/Godstone-dcsmxtfyjnmhzrerxihrahaqtdkr/Build/Intermediates.noindex/Godstone.build/LightDebug-iphonesimulator/LabMesh.build/Objects-normal/arm64/GodstoneLabMesh.SwiftFileList --metadata-file-list /Users/oculus/Library/Developer/Xcode/DerivedData/Godstone-dcsmxtfyjnmhzrerxihrahaqtdkr/Build/Intermediates.noindex/Godstone.build/LightDebug-iphonesimulator/LabMesh.build/GodstoneLabMesh.DependencyMetadataFileList --static-metadata-file-list /Users/oculus/Library/Developer/Xcode/DerivedData/Godstone-dcsmxtfyjnmhzrerxihrahaqtdkr/Build/Intermediates.noindex/Godstone.build/LightDebug-iphonesimulator/LabMesh.build/GodstoneLabMesh.DependencyStaticMetadataFileList --swift-const-vals-list /Users/oculus/Library/Developer/Xcode/DerivedData/Godstone-dcsmxtfyjnmhzrerxihrahaqtdkr/Build/Intermediates.noindex/Godstone.build/LightDebug-iphonesimulator/LabMesh.build/Objects-normal/arm64/GodstoneLabMesh.SwiftConstValuesFileList --compile-time-extraction --deployment-aware-processing --no-app-shortcuts-localization
2026-10-03 19:31:34.621 appintentsmetadataprocessor[23064:44965663] Starting appintentsmetadataprocessor export
2026-10-03 19:31:34.622 appintentsmetadataprocessor[23064:44965663] warning: Metadata extraction skipped, no AppIntents.framework dependency found

CopySwiftLibs /Users/oculus/Library/Developer/Xcode/DerivedData/Godstone-dcsmxtfyjnmhzrerxihrahaqtdkr/Build/Products/LightDebug-iphonesimulator/GodstoneLabMesh.app (in target 'LabMesh' from project 'Godstone')
    cd /tmp/board1-rc15-work-final/wt_IOS-SOS-RETRY-001/ios
    builtin-swiftStdLibTool --copy --verbose --scan-executable /Users/oculus/Library/Developer/Xcode/DerivedData/Godstone-dcsmxtfyjnmhzrerxihrahaqtdkr/Build/Products/LightDebug-iphonesimulator/GodstoneLabMesh.app/GodstoneLabMesh.debug.dylib --scan-folder /Users/oculus/Library/Developer/Xcode/DerivedData/Godstone-dcsmxtfyjnmhzrerxihrahaqtdkr/Build/Products/LightDebug-iphonesimulator/GodstoneLabMesh.app/Frameworks --scan-folder /Users/oculus/Library/Developer/Xcode/DerivedData/Godstone-dcsmxtfyjnmhzrerxihrahaqtdkr/Build/Products/LightDebug-iphonesimulator/GodstoneLabMesh.app/PlugIns --scan-folder /Users/oculus/Library/Developer/Xcode/DerivedData/Godstone-dcsmxtfyjnmhzrerxihrahaqtdkr/Build/Products/LightDebug-iphonesimulator/GodstoneLabMesh.app/SystemExtensions --scan-folder /Users/oculus/Library/Developer/Xcode/DerivedData/Godstone-dcsmxtfyjnmhzrerxihrahaqtdkr/Build/Products/LightDebug-iphonesimulator/GodstoneLabMesh.app/Extensions --platform iphonesimulator --toolchain /Applications/Xcode.app/Contents/Developer/Toolchains/XcodeDefault.xctoolchain --destination /Users/oculus/Library/Developer/Xcode/DerivedData/Godstone-dcsmxtfyjnmhzrerxihrahaqtdkr/Build/Products/LightDebug-iphonesimulator/GodstoneLabMesh.app/Frameworks --strip-bitcode --strip-bitcode-tool /Applications/Xcode.app/Contents/Developer/Toolchains/XcodeDefault.xctoolchain/usr/bin/bitcode_strip --emit-dependency-info /Users/oculus/Library/Developer/Xcode/DerivedData/Godstone-dcsmxtfyjnmhzrerxihrahaqtdkr/Build/Intermediates.noindex/Godstone.build/LightDebug-iphonesimulator/LabMesh.build/SwiftStdLibToolInputDependencies.dep --filter-for-swift-os
Ignoring --strip-bitcode because --sign was not passed

ExtractAppIntentsMetadata (in target 'LabMeshUITests' from project 'Godstone')
    cd /tmp/board1-rc15-work-final/wt_IOS-SOS-RETRY-001/ios
    /Applications/Xcode.app/Contents/Developer/Toolchains/XcodeDefault.xctoolchain/usr/bin/appintentsmetadataprocessor --toolchain-dir /Applications/Xcode.app/Contents/Developer/Toolchains/XcodeDefault.xctoolchain --module-name LabMeshUITests --sdk-root /Applications/Xcode.app/Contents/Developer/Platforms/iPhoneSimulator.platform/Developer/SDKs/iPhoneSimulator27.0.sdk --xcode-version 27A266a --platform-family iOS --deployment-target 16.0 --bundle-identifier io.godstone.labmeshuitests --output /Users/oculus/Library/Developer/Xcode/DerivedData/Godstone-dcsmxtfyjnmhzrerxihrahaqtdkr/Build/Products/LightDebug-iphonesimulator/LabMeshUITests-Runner.app/PlugIns/LabMeshUITests.xctest --target-triple arm64-apple-ios16.0-simulator --binary-file /Users/oculus/Library/Developer/Xcode/DerivedData/Godstone-dcsmxtfyjnmhzrerxihrahaqtdkr/Build/Products/LightDebug-iphonesimulator/LabMeshUITests-Runner.app/PlugIns/LabMeshUITests.xctest/LabMeshUITests --dependency-file /Users/oculus/Library/Developer/Xcode/DerivedData/Godstone-dcsmxtfyjnmhzrerxihrahaqtdkr/Build/Intermediates.noindex/Godstone.build/LightDebug-iphonesimulator/LabMeshUITests.build/Objects-normal/arm64/LabMeshUITests_dependency_info.dat --stringsdata-file /Users/oculus/Library/Developer/Xcode/DerivedData/Godstone-dcsmxtfyjnmhzrerxihrahaqtdkr/Build/Intermediates.noindex/Godstone.build/LightDebug-iphonesimulator/LabMeshUITests.build/Objects-normal/arm64/ExtractedAppShortcutsMetadata.stringsdata --source-file-list /Users/oculus/Library/Developer/Xcode/DerivedData/Godstone-dcsmxtfyjnmhzrerxihrahaqtdkr/Build/Intermediates.noindex/Godstone.build/LightDebug-iphonesimulator/LabMeshUITests.build/Objects-normal/arm64/LabMeshUITests.SwiftFileList --metadata-file-list /Users/oculus/Library/Developer/Xcode/DerivedData/Godstone-dcsmxtfyjnmhzrerxihrahaqtdkr/Build/Intermediates.noindex/Godstone.build/LightDebug-iphonesimulator/LabMeshUITests.build/LabMeshUITests.DependencyMetadataFileList --static-metadata-file-list /Users/oculus/Library/Developer/Xcode/DerivedData/Godstone-dcsmxtfyjnmhzrerxihrahaqtdkr/Build/Intermediates.noindex/Godstone.build/LightDebug-iphonesimulator/LabMeshUITests.build/LabMeshUITests.DependencyStaticMetadataFileList --swift-const-vals-list /Users/oculus/Library/Developer/Xcode/DerivedData/Godstone-dcsmxtfyjnmhzrerxihrahaqtdkr/Build/Intermediates.noindex/Godstone.build/LightDebug-iphonesimulator/LabMeshUITests.build/Objects-normal/arm64/LabMeshUITests.SwiftConstValuesFileList --compile-time-extraction --deployment-aware-processing --no-app-shortcuts-localization
2026-10-03 19:31:34.660 appintentsmetadataprocessor[23065:44965667] Starting appintentsmetadataprocessor export
2026-10-03 19:31:34.662 appintentsmetadataprocessor[23065:44965667] warning: Metadata extraction skipped, no AppIntents.framework dependency found

PruneExplicitPrecompiledModules /Users/oculus/Library/Developer/Xcode/DerivedData/Godstone-dcsmxtfyjnmhzrerxihrahaqtdkr/Build/Intermediates.noindex/ExplicitPrecompiledModules

PruneExplicitPrecompiledModules /Users/oculus/Library/Developer/Xcode/DerivedData/Godstone-dcsmxtfyjnmhzrerxihrahaqtdkr/Build/Intermediates.noindex/SwiftExplicitPrecompiledModules

PruneExplicitPrecompiledModules /Users/oculus/Library/Developer/Xcode/DerivedData/SDKExplicitPrecompiledModules

2026-10-03 19:31:35.452967+0530 LabMeshUITests-Runner[23067:44965821] [Default] Running tests...
    t =      nans Interface orientation changed to Portrait
Test Suite 'All tests' started at 2026-10-03 19:31:35.995.
Test Suite 'LabMeshUITests.xctest' started at 2026-10-03 19:31:35.995.
Test Suite 'LabMeshAccessibilityUITests' started at 2026-10-03 19:31:35.995.
Test Case '-[LabMeshUITests.LabMeshAccessibilityUITests testGSINT001EveryEssentialControlIsReachableLabelledEnabledAndBigEnough]' started.
    t =     0.00s Start Test at 2026-10-03 19:31:35.996
    t =     0.02s Set Up
    t =     0.03s Open io.godstone.labmesh
    t =     0.03s     Launch io.godstone.labmesh
2026-10-03 19:31:36.080 xcodebuild[23000:44965102] [MT] IDELaunchParametersSnapshot: debugger version lookup failed for path '<nil>': noURL
2026-10-03 19:31:36.080 xcodebuild[23000:44965102] [MT] IDELaunchParametersSnapshot: no debugger version
    t =     0.49s         Setting up automation session
objc[23067]: Class UIAccessibilityLoaderWebShared is implemented in both /Library/Developer/CoreSimulator/Volumes/iOS_23F77/Library/Developer/CoreSimulator/Profiles/Runtimes/iOS 26.5.simruntime/Contents/Resources/RuntimeRoot/System/Library/AccessibilityBundles/WebCore.axbundle/WebCore (0x1087bc310) and /Library/Developer/CoreSimulator/Volumes/iOS_23F77/Library/Developer/CoreSimulator/Profiles/Runtimes/iOS 26.5.simruntime/Contents/Resources/RuntimeRoot/System/Library/AccessibilityBundles/WebKit.axbundle/WebKit (0x1085dc398). This may cause spurious casting failures and mysterious crashes. One of the duplicates must be removed or renamed.
    t =     1.10s         Wait for io.godstone.labmesh to idle
    t =     2.47s Checking existence of `"lab.tab.conversation" Button`
    t =     2.57s Checking existence of `"lab.tab.conversation" Button`
    t =     2.75s Checking existence of `"lab.tab.conversation" Button`
    t =     2.77s Checking existence of `"lab.tab.conversation" Button`
    t =     2.95s Checking existence of `"lab.tab.conversation" Button`
    t =     2.99s Waiting 20.0s for "lab.tab.conversation" Button to exist
    t =     4.07s     Checking `Expect predicate `existsNoRetry == 1` for object "lab.tab.conversation" Button`
    t =     4.07s         Checking existence of `"lab.tab.conversation" Button`
    t =     4.10s Tap "lab.tab.conversation" Button
    t =     4.11s     Wait for io.godstone.labmesh to idle
    t =     4.11s     Find the "lab.tab.conversation" Button
    t =     4.13s     Check for interrupting elements affecting "lab.tab.conversation" Button
    t =     4.15s     Synthesize event
    t =     4.44s     Wait for io.godstone.labmesh to idle
    t =     5.21s Waiting 20.0s for "lab.conversation.recipient" Any to exist
    t =     6.29s     Checking `Expect predicate `existsNoRetry == 1` for object "lab.conversation.recipient" Any`
    t =     6.29s         Checking existence of `"lab.conversation.recipient" Any`
    t =     6.35s Checking existence of `"lab.conversation.recipient" Any`
    t =     6.38s Find the "lab.conversation.recipient" Any
    t =     6.41s Find the "lab.conversation.recipient" Button
    t =     6.45s Find the "lab.conversation.recipient" Button
    t =     6.48s Find the "lab.conversation.recipient" Button
    t =     6.51s Find the "lab.conversation.recipient" Button
    t =     6.54s Find the "lab.conversation.recipient" Button
    t =     6.58s Find the "lab.conversation.recipient" Button
    t =     6.61s Waiting 20.0s for "lab.conversation.send" Any to exist
    t =     7.68s     Checking `Expect predicate `existsNoRetry == 1` for object "lab.conversation.send" Any`
    t =     7.68s         Checking existence of `"lab.conversation.send" Any`
    t =     7.75s Checking existence of `"lab.conversation.send" Any`
    t =     7.78s Find the "lab.conversation.send" Any
    t =     7.82s Find the "lab.conversation.send" Button
    t =     7.86s Checking existence of `ScrollView (First Match)`
    t =     7.87s Swipe up ScrollView (First Match)
    t =     7.87s     Wait for io.godstone.labmesh to idle
    t =     7.87s     Find the ScrollView (First Match)
    t =     7.88s     Check for interrupting elements affecting ScrollView
    t =     7.90s     Synthesize event
    t =     8.33s     Wait for io.godstone.labmesh to idle
    t =     8.91s Checking existence of `"lab.conversation.send" Button`
    t =     8.99s Find the "lab.conversation.send" Button
    t =     9.03s Find the "lab.conversation.send" Button
    t =     9.07s Find the "lab.conversation.send" Button
    t =     9.11s Find the "lab.conversation.send" Button
    t =     9.14s Find the "lab.conversation.send" Button
    t =     9.18s Find the "lab.conversation.send" Button
    t =     9.22s Checking existence of `"lab.tab.sos" Button`
    t =     9.23s Waiting 20.0s for "lab.tab.sos" Button to exist
    t =    10.29s     Checking `Expect predicate `existsNoRetry == 1` for object "lab.tab.sos" Button`
    t =    10.29s         Checking existence of `"lab.tab.sos" Button`
    t =    10.31s Tap "lab.tab.sos" Button
    t =    10.31s     Wait for io.godstone.labmesh to idle
    t =    10.31s     Find the "lab.tab.sos" Button
    t =    10.33s     Check for interrupting elements affecting "lab.tab.sos" Button
    t =    10.35s     Synthesize event
    t =    10.63s     Wait for io.godstone.labmesh to idle
    t =    11.99s Waiting 20.0s for "lab.sos.hold" Any to exist
    t =    13.07s     Checking `Expect predicate `existsNoRetry == 1` for object "lab.sos.hold" Any`
    t =    13.07s         Checking existence of `"lab.sos.hold" Any`
    t =    13.13s Checking existence of `"lab.sos.hold" Any`
    t =    13.16s Find the "lab.sos.hold" Any
    t =    13.20s Find the "lab.sos.hold" StaticText
    t =    13.23s Find the "lab.sos.hold" StaticText
    t =    13.26s Find the "lab.sos.hold" StaticText
    t =    13.30s Waiting 20.0s for "lab.sos.cancel" Any to exist
    t =    14.37s     Checking `Expect predicate `existsNoRetry == 1` for object "lab.sos.cancel" Any`
    t =    14.38s         Checking existence of `"lab.sos.cancel" Any`
    t =    14.43s Checking existence of `"lab.sos.cancel" Any`
    t =    14.47s Find the "lab.sos.cancel" Any
    t =    14.50s Find the "lab.sos.cancel" Button
    t =    14.54s Find the "lab.sos.cancel" Button
    t =    14.57s Find the "lab.sos.cancel" Button
    t =    14.61s Waiting 20.0s for "lab.sos.retry" Any to exist
    t =    15.68s     Checking `Expect predicate `existsNoRetry == 1` for object "lab.sos.retry" Any`
    t =    15.68s         Checking existence of `"lab.sos.retry" Any`
    t =    15.74s Checking existence of `"lab.sos.retry" Any`
    t =    15.77s Find the "lab.sos.retry" Any
    t =    15.81s Find the "lab.sos.retry" Button
    t =    15.85s Checking existence of `ScrollView (First Match)`
    t =    15.86s Swipe up ScrollView (First Match)
    t =    15.86s     Wait for io.godstone.labmesh to idle
    t =    15.86s     Find the ScrollView (First Match)
    t =    15.87s     Check for interrupting elements affecting ScrollView
    t =    15.88s     Synthesize event
    t =    16.32s     Wait for io.godstone.labmesh to idle
    t =    16.81s Checking existence of `"lab.sos.retry" Button`
    t =    16.86s Find the "lab.sos.retry" Button
    t =    16.89s Find the "lab.sos.retry" Button
    t =    16.93s Find the "lab.sos.retry" Button
    t =    16.96s Find the "lab.sos.retry" Button
    t =    16.99s Tear Down
Test Case '-[LabMeshUITests.LabMeshAccessibilityUITests testGSINT001EveryEssentialControlIsReachableLabelledEnabledAndBigEnough]' passed (17.274 seconds).
Test Case '-[LabMeshUITests.LabMeshAccessibilityUITests testGSINT001TheDistressStateSurvivesRelaunchInTheSharedVocabulary]' started.
    t =     0.00s Start Test at 2026-10-03 19:31:53.271
    t =     0.03s Set Up
    t =     0.03s Open io.godstone.labmesh
    t =     0.04s     Launch io.godstone.labmesh
    t =     0.04s         Terminate io.godstone.labmesh:23078
2026-10-03 19:31:54.315 xcodebuild[23000:44965102] [MT] IDELaunchParametersSnapshot: debugger version lookup failed for path '<nil>': noURL
2026-10-03 19:31:54.315 xcodebuild[23000:44965102] [MT] IDELaunchParametersSnapshot: no debugger version
    t =     1.26s         Setting up automation session
    t =     1.99s         Wait for io.godstone.labmesh to idle
    t =     3.30s Checking existence of `"lab.tab.sos" Button`
    t =     3.37s Checking existence of `"lab.tab.sos" Button`
    t =     3.54s Checking existence of `"lab.tab.sos" Button`
    t =     3.56s Checking existence of `"lab.tab.sos" Button`
    t =     3.74s Checking existence of `"lab.tab.sos" Button`
    t =     3.78s Waiting 20.0s for "lab.tab.sos" Button to exist
    t =     4.85s     Checking `Expect predicate `existsNoRetry == 1` for object "lab.tab.sos" Button`
    t =     4.85s         Checking existence of `"lab.tab.sos" Button`
    t =     4.89s Tap "lab.tab.sos" Button
    t =     4.89s     Wait for io.godstone.labmesh to idle
    t =     4.89s     Find the "lab.tab.sos" Button
    t =     4.91s     Check for interrupting elements affecting "lab.tab.sos" Button
    t =     4.92s     Synthesize event
    t =     5.21s     Wait for io.godstone.labmesh to idle
    t =     6.62s Waiting 20.0s for "lab.sos.send" Button to exist
    t =     7.69s     Checking `Expect predicate `existsNoRetry == 1` for object "lab.sos.send" Button`
    t =     7.69s         Checking existence of `"lab.sos.send" Button`
    t =     7.73s Tap "lab.sos.send" Button
    t =     7.73s     Wait for io.godstone.labmesh to idle
    t =     7.73s     Find the "lab.sos.send" Button
    t =     7.75s     Check for interrupting elements affecting "lab.sos.send" Button
    t =     7.77s     Synthesize event
    t =     8.06s     Wait for io.godstone.labmesh to idle
    t =     9.12s Checking `Expect predicate `value BEGINSWITH "active: "` for object "lab.sos.state" Any`
    t =     9.13s     Find the "lab.sos.state" Any
    t =     9.19s Find the "lab.sos.state" Other
    t =     9.22s Terminate io.godstone.labmesh:23139
    t =    10.30s Open io.godstone.labmesh
    t =    10.30s     Launch io.godstone.labmesh
2026-10-03 19:32:03.577 xcodebuild[23000:44965102] [MT] IDELaunchParametersSnapshot: debugger version lookup failed for path '<nil>': noURL
2026-10-03 19:32:03.577 xcodebuild[23000:44965102] [MT] IDELaunchParametersSnapshot: no debugger version
    t =    10.52s         Setting up automation session
    t =    11.21s         Wait for io.godstone.labmesh to idle
    t =    12.50s Checking existence of `"lab.tab.sos" Button`
    t =    12.58s Checking existence of `"lab.tab.sos" Button`
    t =    12.76s Checking existence of `"lab.tab.sos" Button`
    t =    12.78s Checking existence of `"lab.tab.sos" Button`
    t =    12.96s Checking existence of `"lab.tab.sos" Button`
    t =    13.00s Waiting 20.0s for "lab.tab.sos" Button to exist
    t =    14.06s     Checking `Expect predicate `existsNoRetry == 1` for object "lab.tab.sos" Button`
    t =    14.06s         Checking existence of `"lab.tab.sos" Button`
    t =    14.10s Tap "lab.tab.sos" Button
    t =    14.10s     Wait for io.godstone.labmesh to idle
    t =    14.10s     Find the "lab.tab.sos" Button
    t =    14.12s     Check for interrupting elements affecting "lab.tab.sos" Button
    t =    14.13s     Synthesize event
    t =    14.42s     Wait for io.godstone.labmesh to idle
    t =    15.62s Waiting 20.0s for "lab.sos.state" Any to exist
    t =    16.67s     Checking `Expect predicate `existsNoRetry == 1` for object "lab.sos.state" Any`
    t =    16.67s         Checking existence of `"lab.sos.state" Any`
    t =    16.74s Find the "lab.sos.state" Any
    t =    16.77s Tear Down
Test Case '-[LabMeshUITests.LabMeshAccessibilityUITests testGSINT001TheDistressStateSurvivesRelaunchInTheSharedVocabulary]' passed (17.015 seconds).
Test Case '-[LabMeshUITests.LabMeshAccessibilityUITests testGSINT001TheLargestTextScaleReallyEnlargesTheLaidOutLayout]' started.
    t =     0.00s Start Test at 2026-10-03 19:32:10.287
    t =     0.02s Set Up
    t =     0.02s Open io.godstone.labmesh
    t =     0.02s     Launch io.godstone.labmesh
    t =     0.02s         Terminate io.godstone.labmesh:23169
2026-10-03 19:32:11.374 xcodebuild[23000:44965102] [MT] IDELaunchParametersSnapshot: debugger version lookup failed for path '<nil>': noURL
2026-10-03 19:32:11.374 xcodebuild[23000:44965102] [MT] IDELaunchParametersSnapshot: no debugger version
    t =     1.30s         Setting up automation session
    t =     2.01s         Wait for io.godstone.labmesh to idle
    t =     3.31s Checking existence of `"lab.tab.conversation" Button`
    t =     3.39s Checking existence of `"lab.tab.conversation" Button`
    t =     3.56s Checking existence of `"lab.tab.conversation" Button`
    t =     3.59s Checking existence of `"lab.tab.conversation" Button`
    t =     3.76s Checking existence of `"lab.tab.conversation" Button`
    t =     3.80s Waiting 40.0s for "lab.tab.conversation" Button to exist
    t =     4.85s     Checking `Expect predicate `existsNoRetry == 1` for object "lab.tab.conversation" Button`
    t =     4.85s         Checking existence of `"lab.tab.conversation" Button`
    t =     4.89s Tap "lab.tab.conversation" Button
    t =     4.89s     Wait for io.godstone.labmesh to idle
    t =     4.89s     Find the "lab.tab.conversation" Button
    t =     4.91s     Check for interrupting elements affecting "lab.tab.conversation" Button
    t =     4.93s     Synthesize event
    t =     5.22s     Wait for io.godstone.labmesh to idle
    t =     5.97s Waiting 30.0s for "lab.conversation.field" TextField to exist
    t =     7.03s     Checking `Expect predicate `existsNoRetry == 1` for object "lab.conversation.field" TextField`
    t =     7.03s         Checking existence of `"lab.conversation.field" TextField`
    t =     7.06s Find the "lab.conversation.field" TextField
    t =     7.09s Open io.godstone.labmesh
    t =     7.09s     Launch io.godstone.labmesh
    t =     7.09s         Terminate io.godstone.labmesh:23195
2026-10-03 19:32:18.466 xcodebuild[23000:44965102] [MT] IDELaunchParametersSnapshot: debugger version lookup failed for path '<nil>': noURL
2026-10-03 19:32:18.466 xcodebuild[23000:44965102] [MT] IDELaunchParametersSnapshot: no debugger version
    t =     8.39s         Setting up automation session
    t =     8.99s         Wait for io.godstone.labmesh to idle
    t =    10.29s Checking existence of `"lab.tab.conversation" Button`
    t =    10.37s Checking existence of `"lab.tab.conversation" Button`
    t =    10.54s Checking existence of `"lab.tab.conversation" Button`
    t =    10.57s Checking existence of `"lab.tab.conversation" Button`
    t =    10.74s Checking existence of `"lab.tab.conversation" Button`
    t =    10.77s Waiting 40.0s for "lab.tab.conversation" Button to exist
    t =    11.83s     Checking `Expect predicate `existsNoRetry == 1` for object "lab.tab.conversation" Button`
    t =    11.83s         Checking existence of `"lab.tab.conversation" Button`
    t =    11.85s Tap "lab.tab.conversation" Button
    t =    11.86s     Wait for io.godstone.labmesh to idle
    t =    11.86s     Find the "lab.tab.conversation" Button
    t =    11.87s     Check for interrupting elements affecting "lab.tab.conversation" Button
    t =    11.89s     Synthesize event
    t =    12.18s     Wait for io.godstone.labmesh to idle
    t =    12.92s Waiting 30.0s for "lab.conversation.field" TextField to exist
    t =    13.98s     Checking `Expect predicate `existsNoRetry == 1` for object "lab.conversation.field" TextField`
    t =    13.98s         Checking existence of `"lab.conversation.field" TextField`
    t =    14.02s Find the "lab.conversation.field" TextField
    t =    14.04s Tear Down
Test Case '-[LabMeshUITests.LabMeshAccessibilityUITests testGSINT001TheLargestTextScaleReallyEnlargesTheLaidOutLayout]' passed (14.278 seconds).
Test Case '-[LabMeshUITests.LabMeshAccessibilityUITests testGSINT001TheOutcomeChangeReachesTheAnnouncementDoor]' started.
    t =     0.00s Start Test at 2026-10-03 19:32:24.566
    t =     0.03s Set Up
    t =     0.03s Open io.godstone.labmesh
    t =     0.03s     Launch io.godstone.labmesh
    t =     0.03s         Terminate io.godstone.labmesh:23222
2026-10-03 19:32:25.672 xcodebuild[23000:44965102] [MT] IDELaunchParametersSnapshot: debugger version lookup failed for path '<nil>': noURL
2026-10-03 19:32:25.672 xcodebuild[23000:44965102] [MT] IDELaunchParametersSnapshot: no debugger version
    t =     1.32s         Setting up automation session
    t =     1.92s         Wait for io.godstone.labmesh to idle
    t =     3.21s Checking existence of `"lab.tab.conversation" Button`
    t =     3.27s Checking existence of `"lab.tab.conversation" Button`
    t =     3.44s Checking existence of `"lab.tab.conversation" Button`
    t =     3.46s Checking existence of `"lab.tab.conversation" Button`
    t =     3.63s Checking existence of `"lab.tab.conversation" Button`
    t =     3.66s Waiting 20.0s for "lab.tab.conversation" Button to exist
    t =     4.70s     Checking `Expect predicate `existsNoRetry == 1` for object "lab.tab.conversation" Button`
    t =     4.70s         Checking existence of `"lab.tab.conversation" Button`
    t =     4.74s Tap "lab.tab.conversation" Button
    t =     4.74s     Wait for io.godstone.labmesh to idle
    t =     4.75s     Find the "lab.tab.conversation" Button
    t =     4.77s     Check for interrupting elements affecting "lab.tab.conversation" Button
    t =     4.78s     Synthesize event
    t =     5.07s     Wait for io.godstone.labmesh to idle
    t =     5.85s Waiting 20.0s for "lab.a11y.announced" Any to exist
    t =     6.91s     Checking `Expect predicate `existsNoRetry == 1` for object "lab.a11y.announced" Any`
    t =     6.91s         Checking existence of `"lab.a11y.announced" Any`
    t =     6.98s Waiting 20.0s for "lab.conversation.octets" Any to exist
    t =     8.04s     Checking `Expect predicate `existsNoRetry == 1` for object "lab.conversation.octets" Any`
    t =     8.04s         Checking existence of `"lab.conversation.octets" Any`
    t =     8.10s Waiting 20.0s for "lab.conversation.linkstate" StaticText to exist
    t =     9.16s     Checking `Expect predicate `existsNoRetry == 1` for object "lab.conversation.linkstate" StaticText`
    t =     9.16s         Checking existence of `"lab.conversation.linkstate" StaticText`
    t =     9.17s Find the "lab.conversation.octets" Any
    t =     9.20s Find the "lab.conversation.octets" Other
    t =     9.23s Waiting 20.0s for "lab.conversation.field" TextField to exist
    t =    10.30s     Checking `Expect predicate `existsNoRetry == 1` for object "lab.conversation.field" TextField`
    t =    10.30s         Checking existence of `"lab.conversation.field" TextField`
    t =    10.32s Tap "lab.conversation.field" TextField
    t =    10.32s     Wait for io.godstone.labmesh to idle
    t =    10.33s     Find the "lab.conversation.field" TextField
    t =    10.34s     Check for interrupting elements affecting "lab.conversation.field" TextField
    t =    10.35s     Synthesize event
    t =    10.64s     Wait for io.godstone.labmesh to idle
    t =    10.69s Type '⛵️ الطريق مسدود' into "lab.conversation.field" TextField
    t =    10.69s     Wait for io.godstone.labmesh to idle
    t =    11.09s     Find the "lab.conversation.field" TextField
    t =    11.13s     Check for interrupting elements affecting "lab.conversation.field" TextField
    t =    11.16s     Synthesize event
    t =    11.59s     Wait for io.godstone.labmesh to idle
    t =    12.65s Checking `Expect predicate `value != "32/400 octets"` for object "lab.conversation.octets" Other`
    t =    12.65s     Find the "lab.conversation.octets" Other
    t =    12.73s Find the "lab.conversation.octets" Other
    t =    12.80s Get number of matches for: Descendants matching type Keyboard
    t =    12.82s Type '
' into Target Application 'io.godstone.labmesh'
    t =    12.82s     Wait for io.godstone.labmesh to idle
    t =    12.82s     Find the Target Application 'io.godstone.labmesh'
    t =    12.84s     Check for interrupting elements affecting "GodstoneLabMesh" Application
    t =    12.86s     Synthesize event
    t =    12.86s         Get number of matches for: Elements containing elements matching predicate 'hasKeyboardFocus == 1'
    t =    13.09s     Wait for io.godstone.labmesh to idle
    t =    14.02s Waiting 10.0s for "lab.conversation.recipient" Any to exist
    t =    15.10s     Checking `Expect predicate `existsNoRetry == 1` for object "lab.conversation.recipient" Any`
    t =    15.10s         Checking existence of `"lab.conversation.recipient" Any`
    t =    15.16s Tap "lab.conversation.recipient" Any
    t =    15.16s     Wait for io.godstone.labmesh to idle
    t =    15.16s     Find the "lab.conversation.recipient" Any
    t =    15.19s     Check for interrupting elements affecting "lab.conversation.recipient" Button
    t =    15.22s     Synthesize event
    t =    15.51s     Wait for io.godstone.labmesh to idle
    t =    16.64s Waiting 3.0s for "B" Button to exist
    t =    17.71s     Checking `Expect predicate `existsNoRetry == 1` for object "B" Button`
    t =    17.71s         Checking existence of `"B" Button`
    t =    17.76s Tap "B" Button
    t =    17.76s     Wait for io.godstone.labmesh to idle
    t =    17.76s     Find the "B" Button
    t =    17.78s     Check for interrupting elements affecting "B" Button
    t =    17.80s     Synthesize event
    t =    18.10s     Wait for io.godstone.labmesh to idle
    t =    19.50s Find the "lab.conversation.linkstate" StaticText
    t =    19.52s Find the "lab.conversation.linkstate" StaticText
    t =    19.54s Waiting 20.0s for "lab.conversation.send" Button to exist
    t =    20.58s     Checking `Expect predicate `existsNoRetry == 1` for object "lab.conversation.send" Button`
    t =    20.58s         Checking existence of `"lab.conversation.send" Button`
    t =    20.61s Checking existence of `"lab.conversation.send" Button`
    t =    20.63s Find the "lab.conversation.send" Button
    t =    20.66s Find the "lab.conversation.send" Button
    t =    20.68s Waiting 20.0s for "lab.conversation.outcome" Any to exist
    t =    21.72s     Checking `Expect predicate `existsNoRetry == 1` for object "lab.conversation.outcome" Any`
    t =    21.73s         Checking existence of `"lab.conversation.outcome" Any`
    t =    21.79s Tap "lab.conversation.send" Button
    t =    21.79s     Wait for io.godstone.labmesh to idle
    t =    21.79s     Find the "lab.conversation.send" Button
    t =    21.81s     Check for interrupting elements affecting "lab.conversation.send" Button
    t =    21.83s     Synthesize event
    t =    22.11s     Wait for io.godstone.labmesh to idle
    t =    23.63s Checking `Expect predicate `label != "nothing sent yet"` for object "lab.conversation.outcome" Any`
    t =    23.63s     Find the "lab.conversation.outcome" Any
    t =    23.67s Find the "lab.conversation.outcome" StaticText
    t =    23.71s Find the "lab.a11y.announced" Any
    t =    23.74s Find the "lab.a11y.announced" Other
    t =    23.78s Tear Down
Test Case '-[LabMeshUITests.LabMeshAccessibilityUITests testGSINT001TheOutcomeChangeReachesTheAnnouncementDoor]' passed (24.047 seconds).
Test Case '-[LabMeshUITests.LabMeshAccessibilityUITests testGSINT001TheRecipientSelectionMovesTheRenderedState]' started.
    t =     0.00s Start Test at 2026-10-03 19:32:48.614
    t =     0.04s Set Up
    t =     0.04s Open io.godstone.labmesh
    t =     0.04s     Launch io.godstone.labmesh
    t =     0.04s         Terminate io.godstone.labmesh:23245
2026-10-03 19:32:49.732 xcodebuild[23000:44965102] [MT] IDELaunchParametersSnapshot: debugger version lookup failed for path '<nil>': noURL
2026-10-03 19:32:49.732 xcodebuild[23000:44965102] [MT] IDELaunchParametersSnapshot: no debugger version
    t =     1.33s         Setting up automation session
    t =     2.05s         Wait for io.godstone.labmesh to idle
    t =     3.38s Checking existence of `"lab.tab.conversation" Button`
    t =     3.46s Checking existence of `"lab.tab.conversation" Button`
    t =     3.64s Checking existence of `"lab.tab.conversation" Button`
    t =     3.66s Checking existence of `"lab.tab.conversation" Button`
    t =     3.84s Checking existence of `"lab.tab.conversation" Button`
    t =     3.88s Waiting 20.0s for "lab.tab.conversation" Button to exist
    t =     4.92s     Checking `Expect predicate `existsNoRetry == 1` for object "lab.tab.conversation" Button`
    t =     4.92s         Checking existence of `"lab.tab.conversation" Button`
    t =     4.96s Tap "lab.tab.conversation" Button
    t =     4.96s     Wait for io.godstone.labmesh to idle
    t =     4.97s     Find the "lab.tab.conversation" Button
    t =     4.99s     Check for interrupting elements affecting "lab.tab.conversation" Button
    t =     5.00s     Synthesize event
    t =     5.30s     Wait for io.godstone.labmesh to idle
    t =     6.05s Waiting 20.0s for "lab.conversation.linkstate" StaticText to exist
    t =     7.11s     Checking `Expect predicate `existsNoRetry == 1` for object "lab.conversation.linkstate" StaticText`
    t =     7.11s         Checking existence of `"lab.conversation.linkstate" StaticText`
    t =     7.15s Waiting 20.0s for "lab.conversation.recipient" Any to exist
    t =     8.20s     Checking `Expect predicate `existsNoRetry == 1` for object "lab.conversation.recipient" Any`
    t =     8.20s         Checking existence of `"lab.conversation.recipient" Any`
    t =     8.26s Find the "lab.conversation.linkstate" StaticText
    t =     8.28s Tap "lab.conversation.recipient" Any
    t =     8.28s     Wait for io.godstone.labmesh to idle
    t =     8.28s     Find the "lab.conversation.recipient" Any
    t =     8.31s     Check for interrupting elements affecting "lab.conversation.recipient" Button
    t =     8.33s     Synthesize event
    t =     8.63s     Wait for io.godstone.labmesh to idle
    t =     9.76s Waiting 5.0s for "R" Button to exist
    t =    10.82s     Checking `Expect predicate `existsNoRetry == 1` for object "R" Button`
    t =    10.82s         Checking existence of `"R" Button`
    t =    10.87s Tap "R" Button
    t =    10.87s     Wait for io.godstone.labmesh to idle
    t =    10.87s     Find the "R" Button
    t =    10.89s     Check for interrupting elements affecting "R" Button
    t =    10.91s     Synthesize event
    t =    11.20s     Wait for io.godstone.labmesh to idle
    t =    12.63s Find the "lab.conversation.linkstate" StaticText
    t =    12.66s Tear Down
Test Case '-[LabMeshUITests.LabMeshAccessibilityUITests testGSINT001TheRecipientSelectionMovesTheRenderedState]' passed (12.963 seconds).
Test Case '-[LabMeshUITests.LabMeshAccessibilityUITests testGSINT001TheRosterSurvivesDefaultScaleLTR]' started.
    t =     0.00s Start Test at 2026-10-03 19:33:01.577
    t =     0.03s Set Up
    t =     0.04s Open io.godstone.labmesh
    t =     0.04s     Launch io.godstone.labmesh
    t =     0.04s         Terminate io.godstone.labmesh:23350
2026-10-03 19:33:02.709 xcodebuild[23000:44965102] [MT] IDELaunchParametersSnapshot: debugger version lookup failed for path '<nil>': noURL
2026-10-03 19:33:02.709 xcodebuild[23000:44965102] [MT] IDELaunchParametersSnapshot: no debugger version
    t =     1.34s         Setting up automation session
    t =     2.04s         Wait for io.godstone.labmesh to idle
    t =     3.33s Checking existence of `"lab.tab.conversation" Button`
    t =     3.40s Checking existence of `"lab.tab.conversation" Button`
    t =     3.58s Checking existence of `"lab.tab.conversation" Button`
    t =     3.60s Checking existence of `"lab.tab.conversation" Button`
    t =     3.78s Checking existence of `"lab.tab.conversation" Button`
    t =     3.81s Waiting 40.0s for "lab.tab.conversation" Button to exist
    t =     4.86s     Checking `Expect predicate `existsNoRetry == 1` for object "lab.tab.conversation" Button`
    t =     4.86s         Checking existence of `"lab.tab.conversation" Button`
    t =     4.89s Tap "lab.tab.conversation" Button
    t =     4.89s     Wait for io.godstone.labmesh to idle
    t =     4.90s     Find the "lab.tab.conversation" Button
    t =     4.92s     Check for interrupting elements affecting "lab.tab.conversation" Button
    t =     4.93s     Synthesize event
    t =     5.22s     Wait for io.godstone.labmesh to idle
    t =     5.98s Waiting 30.0s for "lab.conversation.field" Any to exist
    t =     7.04s     Checking `Expect predicate `existsNoRetry == 1` for object "lab.conversation.field" Any`
    t =     7.04s         Checking existence of `"lab.conversation.field" Any`
    t =     7.07s Checking existence of `"lab.conversation.field" Any`
    t =     7.10s Find the "lab.conversation.field" Any
    t =     7.13s Waiting 30.0s for "lab.conversation.send" Any to exist
    t =     8.19s     Checking `Expect predicate `existsNoRetry == 1` for object "lab.conversation.send" Any`
    t =     8.19s         Checking existence of `"lab.conversation.send" Any`
    t =     8.25s Checking existence of `"lab.conversation.send" Any`
    t =     8.28s Find the "lab.conversation.send" Any
    t =     8.31s Waiting 30.0s for "lab.conversation.octets" Any to exist
    t =     9.35s     Checking `Expect predicate `existsNoRetry == 1` for object "lab.conversation.octets" Any`
    t =     9.35s         Checking existence of `"lab.conversation.octets" Any`
    t =     9.41s Checking existence of `"lab.conversation.octets" Any`
    t =     9.44s Find the "lab.conversation.octets" Any
    t =     9.47s Waiting 30.0s for "lab.conversation.linkstate" Any to exist
    t =    10.53s     Checking `Expect predicate `existsNoRetry == 1` for object "lab.conversation.linkstate" Any`
    t =    10.53s         Checking existence of `"lab.conversation.linkstate" Any`
    t =    10.59s Checking existence of `"lab.conversation.linkstate" Any`
    t =    10.62s Find the "lab.conversation.linkstate" Any
    t =    10.65s Waiting 30.0s for "lab.conversation.outcome" Any to exist
    t =    11.69s     Checking `Expect predicate `existsNoRetry == 1` for object "lab.conversation.outcome" Any`
    t =    11.69s         Checking existence of `"lab.conversation.outcome" Any`
    t =    11.75s Find the "lab.conversation.outcome" Any
    t =    11.78s Waiting 30.0s for "lab.conversation.recipient" Any to exist
    t =    12.85s     Checking `Expect predicate `existsNoRetry == 1` for object "lab.conversation.recipient" Any`
    t =    12.85s         Checking existence of `"lab.conversation.recipient" Any`
    t =    12.89s Find the "lab.conversation.recipient" Any
    t =    12.92s Find the "lab.conversation.recipient" Button
    t =    12.94s Checking existence of `"lab.conversation.recipient" Button`
    t =    12.97s Find the "lab.conversation.recipient" Button
    t =    13.00s Waiting 30.0s for "lab.conversation.send" Any to exist
    t =    14.06s     Checking `Expect predicate `existsNoRetry == 1` for object "lab.conversation.send" Any`
    t =    14.06s         Checking existence of `"lab.conversation.send" Any`
    t =    14.11s Find the "lab.conversation.send" Any
    t =    14.15s Find the "lab.conversation.send" Button
    t =    14.18s Checking existence of `"lab.conversation.send" Button`
    t =    14.22s Find the "lab.conversation.send" Button
    t =    14.26s Checking existence of `"lab.conversation.send" Button`
    t =    14.27s Find the "lab.conversation.send" Button
    t =    14.29s Find the "lab.conversation.send" Button
    t =    14.31s Checking existence of `ScrollView (First Match)`
    t =    14.32s Swipe up ScrollView (First Match)
    t =    14.32s     Wait for io.godstone.labmesh to idle
    t =    14.32s     Find the ScrollView (First Match)
    t =    14.33s     Check for interrupting elements affecting ScrollView
    t =    14.34s     Synthesize event
    t =    14.78s     Wait for io.godstone.labmesh to idle
    t =    15.36s Checking existence of `"lab.conversation.send" Button`
    t =    15.38s Find the "lab.conversation.send" Button
    t =    15.41s Find the "lab.conversation.send" Button
    t =    15.43s Tap "lab.conversation.send" Button
    t =    15.43s     Wait for io.godstone.labmesh to idle
    t =    15.43s     Find the "lab.conversation.send" Button
    t =    15.45s     Check for interrupting elements affecting "lab.conversation.send" Button
    t =    15.46s     Synthesize event
    t =    15.75s     Wait for io.godstone.labmesh to idle
    t =    15.75s Checking existence of `"lab.tab.sos" Button`
    t =    15.78s Waiting 40.0s for "lab.tab.sos" Button to exist
    t =    16.85s     Checking `Expect predicate `existsNoRetry == 1` for object "lab.tab.sos" Button`
    t =    16.85s         Checking existence of `"lab.tab.sos" Button`
    t =    16.88s Tap "lab.tab.sos" Button
    t =    16.89s     Wait for io.godstone.labmesh to idle
    t =    16.89s     Find the "lab.tab.sos" Button
    t =    16.91s     Check for interrupting elements affecting "lab.tab.sos" Button
    t =    16.92s     Synthesize event
    t =    17.22s     Wait for io.godstone.labmesh to idle
    t =    18.70s Waiting 30.0s for "lab.sos.hold" Any to exist
    t =    19.76s     Checking `Expect predicate `existsNoRetry == 1` for object "lab.sos.hold" Any`
    t =    19.76s         Checking existence of `"lab.sos.hold" Any`
    t =    19.83s Find the "lab.sos.hold" Any
    t =    19.86s Checking existence of `"lab.sos.hold" StaticText`
    t =    19.89s Find the "lab.sos.hold" StaticText
    t =    19.92s Waiting 30.0s for "lab.sos.cancel" Any to exist
    t =    20.97s     Checking `Expect predicate `existsNoRetry == 1` for object "lab.sos.cancel" Any`
    t =    20.98s         Checking existence of `"lab.sos.cancel" Any`
    t =    21.04s Find the "lab.sos.cancel" Any
    t =    21.07s Checking existence of `"lab.sos.cancel" Button`
    t =    21.10s Find the "lab.sos.cancel" Button
    t =    21.14s Waiting 30.0s for "lab.sos.retry" Any to exist
    t =    22.20s     Checking `Expect predicate `existsNoRetry == 1` for object "lab.sos.retry" Any`
    t =    22.21s         Checking existence of `"lab.sos.retry" Any`
    t =    22.27s Find the "lab.sos.retry" Any
    t =    22.30s Checking existence of `"lab.sos.retry" Button`
    t =    22.33s Find the "lab.sos.retry" Button
    t =    22.37s Waiting 30.0s for "lab.sos.state" Any to exist
    t =    23.44s     Checking `Expect predicate `existsNoRetry == 1` for object "lab.sos.state" Any`
    t =    23.44s         Checking existence of `"lab.sos.state" Any`
    t =    23.50s Waiting 30.0s for "lab.sos.announced" Any to exist
    t =    24.57s     Checking `Expect predicate `existsNoRetry == 1` for object "lab.sos.announced" Any`
    t =    24.57s         Checking existence of `"lab.sos.announced" Any`
    t =    24.63s Waiting 30.0s for "lab.sos.outcome" Any to exist
    t =    25.69s     Checking `Expect predicate `existsNoRetry == 1` for object "lab.sos.outcome" Any`
    t =    25.69s         Checking existence of `"lab.sos.outcome" Any`
    t =    25.75s Find the "lab.sos.state" Any
    t =    25.79s Get all elements bound by index for: Descendants matching type Button
    t =    25.80s Checking existence of `Button (Element at index 0)`
    t =    25.81s Find the Button (Element at index 0)
    t =    25.82s Checking existence of `Button (Element at index 1)`
    t =    25.83s Find the Button (Element at index 1)
    t =    25.84s Checking existence of `Button (Element at index 2)`
    t =    25.85s Find the Button (Element at index 2)
    t =    25.86s Checking existence of `Button (Element at index 3)`
    t =    25.87s Find the Button (Element at index 3)
    t =    25.88s Checking existence of `Button (Element at index 4)`
    t =    25.89s Find the Button (Element at index 4)
    t =    25.90s Checking existence of `Button (Element at index 5)`
    t =    25.90s Find the Button (Element at index 5)
    t =    25.91s Checking existence of `Button (Element at index 6)`
    t =    25.92s Find the Button (Element at index 6)
    t =    25.93s Checking existence of `Button (Element at index 7)`
    t =    25.94s Find the Button (Element at index 7)
    t =    25.95s Tear Down
Test Case '-[LabMeshUITests.LabMeshAccessibilityUITests testGSINT001TheRosterSurvivesDefaultScaleLTR]' passed (26.198 seconds).
Test Case '-[LabMeshUITests.LabMeshAccessibilityUITests testGSINT001TheRosterSurvivesDefaultScaleRTL]' started.
    t =     0.00s Start Test at 2026-10-03 19:33:27.776
    t =     0.03s Set Up
    t =     0.04s Open io.godstone.labmesh
    t =     0.04s     Launch io.godstone.labmesh
    t =     0.04s         Terminate io.godstone.labmesh:23399
2026-10-03 19:33:28.904 xcodebuild[23000:44965102] [MT] IDELaunchParametersSnapshot: debugger version lookup failed for path '<nil>': noURL
2026-10-03 19:33:28.904 xcodebuild[23000:44965102] [MT] IDELaunchParametersSnapshot: no debugger version
    t =     1.34s         Setting up automation session
    t =     1.94s         Wait for io.godstone.labmesh to idle
    t =     3.24s Checking existence of `"lab.tab.conversation" Button`
    t =     3.33s Checking existence of `"lab.tab.conversation" Button`
    t =     3.50s Checking existence of `"lab.tab.conversation" Button`
    t =     3.53s Checking existence of `"lab.tab.conversation" Button`
    t =     3.70s Checking existence of `"lab.tab.conversation" Button`
    t =     3.74s Waiting 40.0s for "lab.tab.conversation" Button to exist
    t =     4.81s     Checking `Expect predicate `existsNoRetry == 1` for object "lab.tab.conversation" Button`
    t =     4.81s         Checking existence of `"lab.tab.conversation" Button`
    t =     4.85s Tap "lab.tab.conversation" Button
    t =     4.85s     Wait for io.godstone.labmesh to idle
    t =     4.85s     Find the "lab.tab.conversation" Button
    t =     4.87s     Check for interrupting elements affecting "lab.tab.conversation" Button
    t =     4.89s     Synthesize event
    t =     5.18s     Wait for io.godstone.labmesh to idle
    t =     5.95s Waiting 30.0s for "lab.conversation.field" Any to exist
    t =     7.01s     Checking `Expect predicate `existsNoRetry == 1` for object "lab.conversation.field" Any`
    t =     7.01s         Checking existence of `"lab.conversation.field" Any`
    t =     7.07s Checking existence of `"lab.conversation.field" Any`
    t =     7.10s Find the "lab.conversation.field" Any
    t =     7.14s Waiting 30.0s for "lab.conversation.send" Any to exist
    t =     8.17s     Checking `Expect predicate `existsNoRetry == 1` for object "lab.conversation.send" Any`
    t =     8.17s         Checking existence of `"lab.conversation.send" Any`
    t =     8.24s Checking existence of `"lab.conversation.send" Any`
    t =     8.27s Find the "lab.conversation.send" Any
    t =     8.31s Waiting 30.0s for "lab.conversation.octets" Any to exist
    t =     9.36s     Checking `Expect predicate `existsNoRetry == 1` for object "lab.conversation.octets" Any`
    t =     9.36s         Checking existence of `"lab.conversation.octets" Any`
    t =     9.41s Checking existence of `"lab.conversation.octets" Any`
    t =     9.44s Find the "lab.conversation.octets" Any
    t =     9.47s Waiting 30.0s for "lab.conversation.linkstate" Any to exist
    t =    10.52s     Checking `Expect predicate `existsNoRetry == 1` for object "lab.conversation.linkstate" Any`
    t =    10.53s         Checking existence of `"lab.conversation.linkstate" Any`
    t =    10.59s Checking existence of `"lab.conversation.linkstate" Any`
    t =    10.62s Find the "lab.conversation.linkstate" Any
    t =    10.65s Waiting 30.0s for "lab.conversation.outcome" Any to exist
    t =    11.70s     Checking `Expect predicate `existsNoRetry == 1` for object "lab.conversation.outcome" Any`
    t =    11.70s         Checking existence of `"lab.conversation.outcome" Any`
    t =    11.77s Find the "lab.conversation.outcome" Any
    t =    11.80s Waiting 30.0s for "lab.conversation.recipient" Any to exist
    t =    12.83s     Checking `Expect predicate `existsNoRetry == 1` for object "lab.conversation.recipient" Any`
    t =    12.83s         Checking existence of `"lab.conversation.recipient" Any`
    t =    12.89s Find the "lab.conversation.recipient" Any
    t =    12.92s Find the "lab.conversation.recipient" Button
    t =    12.95s Checking existence of `"lab.conversation.recipient" Button`
    t =    12.98s Find the "lab.conversation.recipient" Button
    t =    13.02s Waiting 30.0s for "lab.conversation.send" Any to exist
    t =    14.06s     Checking `Expect predicate `existsNoRetry == 1` for object "lab.conversation.send" Any`
    t =    14.06s         Checking existence of `"lab.conversation.send" Any`
    t =    14.12s Find the "lab.conversation.send" Any
    t =    14.16s Find the "lab.conversation.send" Button
    t =    14.19s Checking existence of `"lab.conversation.send" Button`
    t =    14.23s Find the "lab.conversation.send" Button
    t =    14.26s Checking existence of `"lab.conversation.send" Button`
    t =    14.28s Find the "lab.conversation.send" Button
    t =    14.29s Find the "lab.conversation.send" Button
    t =    14.31s Checking existence of `ScrollView (First Match)`
    t =    14.32s Swipe up ScrollView (First Match)
    t =    14.32s     Wait for io.godstone.labmesh to idle
    t =    14.32s     Find the ScrollView (First Match)
    t =    14.33s     Check for interrupting elements affecting ScrollView
    t =    14.35s     Synthesize event
    t =    14.78s     Wait for io.godstone.labmesh to idle
    t =    15.36s Checking existence of `"lab.conversation.send" Button`
    t =    15.38s Find the "lab.conversation.send" Button
    t =    15.41s Find the "lab.conversation.send" Button
    t =    15.43s Tap "lab.conversation.send" Button
    t =    15.43s     Wait for io.godstone.labmesh to idle
    t =    15.43s     Find the "lab.conversation.send" Button
    t =    15.45s     Check for interrupting elements affecting "lab.conversation.send" Button
    t =    15.46s     Synthesize event
    t =    15.75s     Wait for io.godstone.labmesh to idle
    t =    15.76s Checking existence of `"lab.tab.sos" Button`
    t =    15.77s Waiting 40.0s for "lab.tab.sos" Button to exist
    t =    16.84s     Checking `Expect predicate `existsNoRetry == 1` for object "lab.tab.sos" Button`
    t =    16.84s         Checking existence of `"lab.tab.sos" Button`
    t =    16.88s Tap "lab.tab.sos" Button
    t =    16.88s     Wait for io.godstone.labmesh to idle
    t =    16.88s     Find the "lab.tab.sos" Button
    t =    16.90s     Check for interrupting elements affecting "lab.tab.sos" Button
    t =    16.92s     Synthesize event
    t =    17.21s     Wait for io.godstone.labmesh to idle
    t =    18.44s Waiting 30.0s for "lab.sos.hold" Any to exist
    t =    19.48s     Checking `Expect predicate `existsNoRetry == 1` for object "lab.sos.hold" Any`
    t =    19.48s         Checking existence of `"lab.sos.hold" Any`
    t =    19.54s Find the "lab.sos.hold" Any
    t =    19.59s Checking existence of `"lab.sos.hold" StaticText`
    t =    19.61s Find the "lab.sos.hold" StaticText
    t =    19.64s Waiting 30.0s for "lab.sos.cancel" Any to exist
    t =    20.70s     Checking `Expect predicate `existsNoRetry == 1` for object "lab.sos.cancel" Any`
    t =    20.70s         Checking existence of `"lab.sos.cancel" Any`
    t =    20.76s Find the "lab.sos.cancel" Any
    t =    20.79s Checking existence of `"lab.sos.cancel" Button`
    t =    20.82s Find the "lab.sos.cancel" Button
    t =    20.85s Waiting 30.0s for "lab.sos.retry" Any to exist
    t =    21.89s     Checking `Expect predicate `existsNoRetry == 1` for object "lab.sos.retry" Any`
    t =    21.89s         Checking existence of `"lab.sos.retry" Any`
    t =    21.95s Find the "lab.sos.retry" Any
    t =    21.98s Checking existence of `"lab.sos.retry" Button`
    t =    22.01s Find the "lab.sos.retry" Button
    t =    22.05s Waiting 30.0s for "lab.sos.state" Any to exist
    t =    23.11s     Checking `Expect predicate `existsNoRetry == 1` for object "lab.sos.state" Any`
    t =    23.11s         Checking existence of `"lab.sos.state" Any`
    t =    23.17s Waiting 30.0s for "lab.sos.announced" Any to exist
    t =    24.22s     Checking `Expect predicate `existsNoRetry == 1` for object "lab.sos.announced" Any`
    t =    24.23s         Checking existence of `"lab.sos.announced" Any`
    t =    24.29s Waiting 30.0s for "lab.sos.outcome" Any to exist
    t =    25.34s     Checking `Expect predicate `existsNoRetry == 1` for object "lab.sos.outcome" Any`
    t =    25.34s         Checking existence of `"lab.sos.outcome" Any`
    t =    25.40s Find the "lab.sos.state" Any
    t =    25.43s Get all elements bound by index for: Descendants matching type Button
    t =    25.44s Checking existence of `Button (Element at index 0)`
    t =    25.45s Find the Button (Element at index 0)
    t =    25.46s Checking existence of `Button (Element at index 1)`
    t =    25.47s Find the Button (Element at index 1)
    t =    25.48s Checking existence of `Button (Element at index 2)`
    t =    25.49s Find the Button (Element at index 2)
    t =    25.50s Checking existence of `Button (Element at index 3)`
    t =    25.51s Find the Button (Element at index 3)
    t =    25.52s Checking existence of `Button (Element at index 4)`
    t =    25.53s Find the Button (Element at index 4)
    t =    25.54s Checking existence of `Button (Element at index 5)`
    t =    25.55s Find the Button (Element at index 5)
    t =    25.56s Checking existence of `Button (Element at index 6)`
    t =    25.57s Find the Button (Element at index 6)
    t =    25.58s Checking existence of `Button (Element at index 7)`
    t =    25.59s Find the Button (Element at index 7)
    t =    25.60s Tear Down
Test Case '-[LabMeshUITests.LabMeshAccessibilityUITests testGSINT001TheRosterSurvivesDefaultScaleRTL]' passed (25.882 seconds).
Test Case '-[LabMeshUITests.LabMeshAccessibilityUITests testGSINT001TheRosterSurvivesLargestScaleLTR]' started.
    t =     0.00s Start Test at 2026-10-03 19:33:53.659
    t =     0.04s Set Up
    t =     0.04s Open io.godstone.labmesh
    t =     0.04s     Launch io.godstone.labmesh
    t =     0.04s         Terminate io.godstone.labmesh:23480
2026-10-03 19:33:54.787 xcodebuild[23000:44965102] [MT] IDELaunchParametersSnapshot: debugger version lookup failed for path '<nil>': noURL
2026-10-03 19:33:54.787 xcodebuild[23000:44965102] [MT] IDELaunchParametersSnapshot: no debugger version
    t =     1.34s         Setting up automation session
    t =     1.96s         Wait for io.godstone.labmesh to idle
    t =     3.27s Checking existence of `"lab.tab.conversation" Button`
    t =     3.34s Checking existence of `"lab.tab.conversation" Button`
    t =     3.52s Checking existence of `"lab.tab.conversation" Button`
    t =     3.54s Checking existence of `"lab.tab.conversation" Button`
    t =     3.72s Checking existence of `"lab.tab.conversation" Button`
    t =     3.75s Waiting 40.0s for "lab.tab.conversation" Button to exist
    t =     4.78s     Checking `Expect predicate `existsNoRetry == 1` for object "lab.tab.conversation" Button`
    t =     4.78s         Checking existence of `"lab.tab.conversation" Button`
    t =     4.82s Tap "lab.tab.conversation" Button
    t =     4.82s     Wait for io.godstone.labmesh to idle
    t =     4.83s     Find the "lab.tab.conversation" Button
    t =     4.84s     Check for interrupting elements affecting "lab.tab.conversation" Button
    t =     4.86s     Synthesize event
    t =     5.15s     Wait for io.godstone.labmesh to idle
    t =     5.90s Waiting 30.0s for "lab.conversation.field" Any to exist
    t =     6.95s     Checking `Expect predicate `existsNoRetry == 1` for object "lab.conversation.field" Any`
    t =     6.96s         Checking existence of `"lab.conversation.field" Any`
    t =     7.02s Checking existence of `"lab.conversation.field" Any`
    t =     7.07s Find the "lab.conversation.field" Any
    t =     7.11s Waiting 30.0s for "lab.conversation.send" Any to exist
    t =     8.15s     Checking `Expect predicate `existsNoRetry == 1` for object "lab.conversation.send" Any`
    t =     8.15s         Checking existence of `"lab.conversation.send" Any`
    t =     8.21s Checking existence of `"lab.conversation.send" Any`
    t =     8.25s Find the "lab.conversation.send" Any
    t =     8.28s Waiting 30.0s for "lab.conversation.octets" Any to exist
    t =     9.33s     Checking `Expect predicate `existsNoRetry == 1` for object "lab.conversation.octets" Any`
    t =     9.33s         Checking existence of `"lab.conversation.octets" Any`
    t =     9.39s Checking existence of `"lab.conversation.octets" Any`
    t =     9.42s Find the "lab.conversation.octets" Any
    t =     9.46s Waiting 30.0s for "lab.conversation.linkstate" Any to exist
    t =    10.51s     Checking `Expect predicate `existsNoRetry == 1` for object "lab.conversation.linkstate" Any`
    t =    10.51s         Checking existence of `"lab.conversation.linkstate" Any`
    t =    10.57s Checking existence of `"lab.conversation.linkstate" Any`
    t =    10.60s Find the "lab.conversation.linkstate" Any
    t =    10.64s Waiting 30.0s for "lab.conversation.outcome" Any to exist
    t =    11.69s     Checking `Expect predicate `existsNoRetry == 1` for object "lab.conversation.outcome" Any`
    t =    11.69s         Checking existence of `"lab.conversation.outcome" Any`
    t =    11.75s Find the "lab.conversation.outcome" Any
    t =    11.78s Waiting 30.0s for "lab.conversation.recipient" Any to exist
    t =    12.84s     Checking `Expect predicate `existsNoRetry == 1` for object "lab.conversation.recipient" Any`
    t =    12.84s         Checking existence of `"lab.conversation.recipient" Any`
    t =    12.90s Find the "lab.conversation.recipient" Any
    t =    12.93s Checking existence of `"lab.conversation.recipient" Button`
    t =    12.96s Find the "lab.conversation.recipient" Button
    t =    13.00s Waiting 30.0s for "lab.conversation.send" Any to exist
    t =    14.02s     Checking `Expect predicate `existsNoRetry == 1` for object "lab.conversation.send" Any`
    t =    14.03s         Checking existence of `"lab.conversation.send" Any`
    t =    14.09s Find the "lab.conversation.send" Any
    t =    14.12s Checking existence of `"lab.conversation.send" Button`
    t =    14.16s Find the "lab.conversation.send" Button
    t =    14.19s Checking existence of `"lab.tab.sos" Button`
    t =    14.21s Waiting 40.0s for "lab.tab.sos" Button to exist
    t =    15.26s     Checking `Expect predicate `existsNoRetry == 1` for object "lab.tab.sos" Button`
    t =    15.26s         Checking existence of `"lab.tab.sos" Button`
    t =    15.28s Tap "lab.tab.sos" Button
    t =    15.28s     Wait for io.godstone.labmesh to idle
    t =    15.28s     Find the "lab.tab.sos" Button
    t =    15.30s     Check for interrupting elements affecting "lab.tab.sos" Button
    t =    15.32s     Synthesize event
    t =    15.61s     Wait for io.godstone.labmesh to idle
    t =    16.82s Waiting 30.0s for "lab.sos.hold" Any to exist
    t =    17.86s     Checking `Expect predicate `existsNoRetry == 1` for object "lab.sos.hold" Any`
    t =    17.86s         Checking existence of `"lab.sos.hold" Any`
    t =    17.92s Find the "lab.sos.hold" Any
    t =    17.95s Checking existence of `"lab.sos.hold" StaticText`
    t =    17.98s Find the "lab.sos.hold" StaticText
    t =    18.02s Waiting 30.0s for "lab.sos.cancel" Any to exist
    t =    19.04s     Checking `Expect predicate `existsNoRetry == 1` for object "lab.sos.cancel" Any`
    t =    19.04s         Checking existence of `"lab.sos.cancel" Any`
    t =    19.10s Find the "lab.sos.cancel" Any
    t =    19.13s Checking existence of `"lab.sos.cancel" Button`
    t =    19.17s Find the "lab.sos.cancel" Button
    t =    19.20s Waiting 30.0s for "lab.sos.retry" Any to exist
    t =    20.24s     Checking `Expect predicate `existsNoRetry == 1` for object "lab.sos.retry" Any`
    t =    20.24s         Checking existence of `"lab.sos.retry" Any`
    t =    20.30s Find the "lab.sos.retry" Any
    t =    20.34s Checking existence of `"lab.sos.retry" Button`
    t =    20.37s Find the "lab.sos.retry" Button
    t =    20.40s Waiting 30.0s for "lab.sos.state" Any to exist
    t =    21.45s     Checking `Expect predicate `existsNoRetry == 1` for object "lab.sos.state" Any`
    t =    21.45s         Checking existence of `"lab.sos.state" Any`
    t =    21.51s Waiting 30.0s for "lab.sos.announced" Any to exist
    t =    22.58s     Checking `Expect predicate `existsNoRetry == 1` for object "lab.sos.announced" Any`
    t =    22.58s         Checking existence of `"lab.sos.announced" Any`
    t =    22.65s Waiting 30.0s for "lab.sos.outcome" Any to exist
    t =    23.71s     Checking `Expect predicate `existsNoRetry == 1` for object "lab.sos.outcome" Any`
    t =    23.71s         Checking existence of `"lab.sos.outcome" Any`
    t =    23.76s Find the "lab.sos.state" Any
    t =    23.79s Get all elements bound by index for: Descendants matching type Button
    t =    23.80s Checking existence of `Button (Element at index 0)`
    t =    23.81s Find the Button (Element at index 0)
    t =    23.82s Checking existence of `Button (Element at index 1)`
    t =    23.83s Find the Button (Element at index 1)
    t =    23.84s Checking existence of `Button (Element at index 2)`
    t =    23.85s Find the Button (Element at index 2)
    t =    23.86s Checking existence of `Button (Element at index 3)`
    t =    23.87s Find the Button (Element at index 3)
    t =    23.88s Checking existence of `Button (Element at index 4)`
    t =    23.89s Find the Button (Element at index 4)
    t =    23.90s Checking existence of `Button (Element at index 5)`
    t =    23.91s Find the Button (Element at index 5)
    t =    23.92s Checking existence of `Button (Element at index 6)`
    t =    23.93s Find the Button (Element at index 6)
    t =    23.94s Checking existence of `Button (Element at index 7)`
    t =    23.95s Find the Button (Element at index 7)
    t =    23.96s Tear Down
Test Case '-[LabMeshUITests.LabMeshAccessibilityUITests testGSINT001TheRosterSurvivesLargestScaleLTR]' passed (24.213 seconds).
Test Case '-[LabMeshUITests.LabMeshAccessibilityUITests testGSINT001TheRosterSurvivesLargestScaleRTL]' started.
    t =     0.00s Start Test at 2026-10-03 19:34:17.873
    t =     0.04s Set Up
    t =     0.04s Open io.godstone.labmesh
    t =     0.04s     Launch io.godstone.labmesh
    t =     0.04s         Terminate io.godstone.labmesh:23565
2026-10-03 19:34:18.999 xcodebuild[23000:44965102] [MT] IDELaunchParametersSnapshot: debugger version lookup failed for path '<nil>': noURL
2026-10-03 19:34:19.000 xcodebuild[23000:44965102] [MT] IDELaunchParametersSnapshot: no debugger version
    t =     1.35s         Setting up automation session
    t =     2.03s         Wait for io.godstone.labmesh to idle
    t =     3.33s Checking existence of `"lab.tab.conversation" Button`
    t =     3.41s Checking existence of `"lab.tab.conversation" Button`
    t =     3.59s Checking existence of `"lab.tab.conversation" Button`
    t =     3.61s Checking existence of `"lab.tab.conversation" Button`
    t =     3.78s Checking existence of `"lab.tab.conversation" Button`
    t =     3.82s Waiting 40.0s for "lab.tab.conversation" Button to exist
    t =     4.88s     Checking `Expect predicate `existsNoRetry == 1` for object "lab.tab.conversation" Button`
    t =     4.89s         Checking existence of `"lab.tab.conversation" Button`
    t =     4.93s Tap "lab.tab.conversation" Button
    t =     4.93s     Wait for io.godstone.labmesh to idle
    t =     4.93s     Find the "lab.tab.conversation" Button
    t =     4.95s     Check for interrupting elements affecting "lab.tab.conversation" Button
    t =     4.97s     Synthesize event
    t =     5.26s     Wait for io.godstone.labmesh to idle
    t =     6.02s Waiting 30.0s for "lab.conversation.field" Any to exist
    t =     7.10s     Checking `Expect predicate `existsNoRetry == 1` for object "lab.conversation.field" Any`
    t =     7.10s         Checking existence of `"lab.conversation.field" Any`
    t =     7.16s Checking existence of `"lab.conversation.field" Any`
    t =     7.19s Find the "lab.conversation.field" Any
    t =     7.22s Waiting 30.0s for "lab.conversation.send" Any to exist
    t =     8.29s     Checking `Expect predicate `existsNoRetry == 1` for object "lab.conversation.send" Any`
    t =     8.29s         Checking existence of `"lab.conversation.send" Any`
    t =     8.36s Checking existence of `"lab.conversation.send" Any`
    t =     8.41s Find the "lab.conversation.send" Any
    t =     8.44s Waiting 30.0s for "lab.conversation.octets" Any to exist
    t =     9.51s     Checking `Expect predicate `existsNoRetry == 1` for object "lab.conversation.octets" Any`
    t =     9.51s         Checking existence of `"lab.conversation.octets" Any`
    t =     9.57s Checking existence of `"lab.conversation.octets" Any`
    t =     9.61s Find the "lab.conversation.octets" Any
    t =     9.64s Waiting 30.0s for "lab.conversation.linkstate" Any to exist
    t =    10.69s     Checking `Expect predicate `existsNoRetry == 1` for object "lab.conversation.linkstate" Any`
    t =    10.70s         Checking existence of `"lab.conversation.linkstate" Any`
    t =    10.76s Checking existence of `"lab.conversation.linkstate" Any`
    t =    10.79s Find the "lab.conversation.linkstate" Any
    t =    10.82s Waiting 30.0s for "lab.conversation.outcome" Any to exist
    t =    11.84s     Checking `Expect predicate `existsNoRetry == 1` for object "lab.conversation.outcome" Any`
    t =    11.84s         Checking existence of `"lab.conversation.outcome" Any`
    t =    11.91s Find the "lab.conversation.outcome" Any
    t =    11.94s Waiting 30.0s for "lab.conversation.recipient" Any to exist
    t =    13.00s     Checking `Expect predicate `existsNoRetry == 1` for object "lab.conversation.recipient" Any`
    t =    13.00s         Checking existence of `"lab.conversation.recipient" Any`
    t =    13.06s Find the "lab.conversation.recipient" Any
    t =    13.09s Checking existence of `"lab.conversation.recipient" Button`
    t =    13.12s Find the "lab.conversation.recipient" Button
    t =    13.16s Waiting 30.0s for "lab.conversation.send" Any to exist
    t =    14.23s     Checking `Expect predicate `existsNoRetry == 1` for object "lab.conversation.send" Any`
    t =    14.23s         Checking existence of `"lab.conversation.send" Any`
    t =    14.29s Find the "lab.conversation.send" Any
    t =    14.32s Checking existence of `"lab.conversation.send" Button`
    t =    14.36s Find the "lab.conversation.send" Button
    t =    14.40s Checking existence of `"lab.tab.sos" Button`
    t =    14.41s Waiting 40.0s for "lab.tab.sos" Button to exist
    t =    15.47s     Checking `Expect predicate `existsNoRetry == 1` for object "lab.tab.sos" Button`
    t =    15.47s         Checking existence of `"lab.tab.sos" Button`
    t =    15.51s Tap "lab.tab.sos" Button
    t =    15.51s     Wait for io.godstone.labmesh to idle
    t =    15.51s     Find the "lab.tab.sos" Button
    t =    15.53s     Check for interrupting elements affecting "lab.tab.sos" Button
    t =    15.55s     Synthesize event
    t =    15.84s     Wait for io.godstone.labmesh to idle
    t =    17.06s Waiting 30.0s for "lab.sos.hold" Any to exist
    t =    18.11s     Checking `Expect predicate `existsNoRetry == 1` for object "lab.sos.hold" Any`
    t =    18.11s         Checking existence of `"lab.sos.hold" Any`
    t =    18.15s Find the "lab.sos.hold" Any
    t =    18.18s Checking existence of `"lab.sos.hold" StaticText`
    t =    18.22s Find the "lab.sos.hold" StaticText
    t =    18.25s Waiting 30.0s for "lab.sos.cancel" Any to exist
    t =    19.30s     Checking `Expect predicate `existsNoRetry == 1` for object "lab.sos.cancel" Any`
    t =    19.30s         Checking existence of `"lab.sos.cancel" Any`
    t =    19.35s Find the "lab.sos.cancel" Any
    t =    19.38s Checking existence of `"lab.sos.cancel" Button`
    t =    19.41s Find the "lab.sos.cancel" Button
    t =    19.44s Waiting 30.0s for "lab.sos.retry" Any to exist
    t =    20.49s     Checking `Expect predicate `existsNoRetry == 1` for object "lab.sos.retry" Any`
    t =    20.49s         Checking existence of `"lab.sos.retry" Any`
    t =    20.56s Find the "lab.sos.retry" Any
    t =    20.59s Checking existence of `"lab.sos.retry" Button`
    t =    20.62s Find the "lab.sos.retry" Button
    t =    20.66s Waiting 30.0s for "lab.sos.state" Any to exist
    t =    21.72s     Checking `Expect predicate `existsNoRetry == 1` for object "lab.sos.state" Any`
    t =    21.72s         Checking existence of `"lab.sos.state" Any`
    t =    21.75s Waiting 30.0s for "lab.sos.announced" Any to exist
    t =    22.83s     Checking `Expect predicate `existsNoRetry == 1` for object "lab.sos.announced" Any`
    t =    22.83s         Checking existence of `"lab.sos.announced" Any`
    t =    22.88s Waiting 30.0s for "lab.sos.outcome" Any to exist
    t =    23.96s     Checking `Expect predicate `existsNoRetry == 1` for object "lab.sos.outcome" Any`
    t =    23.96s         Checking existence of `"lab.sos.outcome" Any`
    t =    24.02s Find the "lab.sos.state" Any
    t =    24.06s Get all elements bound by index for: Descendants matching type Button
    t =    24.07s Checking existence of `Button (Element at index 0)`
    t =    24.08s Find the Button (Element at index 0)
    t =    24.09s Checking existence of `Button (Element at index 1)`
    t =    24.10s Find the Button (Element at index 1)
    t =    24.11s Checking existence of `Button (Element at index 2)`
    t =    24.12s Find the Button (Element at index 2)
    t =    24.13s Checking existence of `Button (Element at index 3)`
    t =    24.14s Find the Button (Element at index 3)
    t =    24.15s Checking existence of `Button (Element at index 4)`
    t =    24.16s Find the Button (Element at index 4)
    t =    24.17s Checking existence of `Button (Element at index 5)`
    t =    24.18s Find the Button (Element at index 5)
    t =    24.19s Checking existence of `Button (Element at index 6)`
    t =    24.19s Find the Button (Element at index 6)
    t =    24.20s Checking existence of `Button (Element at index 7)`
    t =    24.21s Find the Button (Element at index 7)
    t =    24.22s Tear Down
Test Case '-[LabMeshUITests.LabMeshAccessibilityUITests testGSINT001TheRosterSurvivesLargestScaleRTL]' passed (24.500 seconds).
Test Case '-[LabMeshUITests.LabMeshAccessibilityUITests testGSINT001TheSosStateSpeaksTheSharedVocabularyAndItsChangeReachesTheAnnouncementDoor]' started.
    t =     0.00s Start Test at 2026-10-03 19:34:42.374
    t =     0.03s Set Up
    t =     0.03s Open io.godstone.labmesh
    t =     0.04s     Launch io.godstone.labmesh
    t =     0.04s         Terminate io.godstone.labmesh:23654
2026-10-03 19:34:43.425 xcodebuild[23000:44965102] [MT] IDELaunchParametersSnapshot: debugger version lookup failed for path '<nil>': noURL
2026-10-03 19:34:43.425 xcodebuild[23000:44965102] [MT] IDELaunchParametersSnapshot: no debugger version
    t =     1.26s         Setting up automation session
    t =     1.94s         Wait for io.godstone.labmesh to idle
    t =     3.27s Checking existence of `"lab.tab.sos" Button`
    t =     3.36s Checking existence of `"lab.tab.sos" Button`
    t =     3.53s Checking existence of `"lab.tab.sos" Button`
    t =     3.56s Checking existence of `"lab.tab.sos" Button`
    t =     3.73s Checking existence of `"lab.tab.sos" Button`
    t =     3.77s Waiting 20.0s for "lab.tab.sos" Button to exist
    t =     4.83s     Checking `Expect predicate `existsNoRetry == 1` for object "lab.tab.sos" Button`
    t =     4.83s         Checking existence of `"lab.tab.sos" Button`
    t =     4.87s Tap "lab.tab.sos" Button
    t =     4.87s     Wait for io.godstone.labmesh to idle
    t =     4.87s     Find the "lab.tab.sos" Button
    t =     4.89s     Check for interrupting elements affecting "lab.tab.sos" Button
    t =     4.91s     Synthesize event
    t =     5.19s     Wait for io.godstone.labmesh to idle
    t =     6.60s Waiting 20.0s for "lab.sos.state" Any to exist
    t =     7.66s     Checking `Expect predicate `existsNoRetry == 1` for object "lab.sos.state" Any`
    t =     7.66s         Checking existence of `"lab.sos.state" Any`
    t =     7.72s Waiting 20.0s for "lab.sos.announced" Any to exist
    t =     8.78s     Checking `Expect predicate `existsNoRetry == 1` for object "lab.sos.announced" Any`
    t =     8.79s         Checking existence of `"lab.sos.announced" Any`
    t =     8.85s Waiting 20.0s for "lab.sos.send" Button to exist
    t =     9.89s     Checking `Expect predicate `existsNoRetry == 1` for object "lab.sos.send" Button`
    t =     9.90s         Checking existence of `"lab.sos.send" Button`
    t =     9.93s Checking existence of `"lab.sos.send" Button`
    t =     9.95s Find the "lab.sos.send" Button
    t =     9.96s Find the "lab.sos.send" Button
    t =     9.98s Tap "lab.sos.send" Button
    t =     9.98s     Wait for io.godstone.labmesh to idle
    t =     9.99s     Find the "lab.sos.send" Button
    t =    10.00s     Check for interrupting elements affecting "lab.sos.send" Button
    t =    10.01s     Synthesize event
    t =    10.30s     Wait for io.godstone.labmesh to idle
    t =    11.35s Checking `Expect predicate `value BEGINSWITH "active: "` for object "lab.sos.state" Any`
    t =    11.35s     Find the "lab.sos.state" Any
    t =    11.42s Find the "lab.sos.state" Other
    t =    11.45s Find the "lab.sos.announced" Any
    t =    11.48s Find the "lab.sos.announced" Other
    t =    11.52s Tear Down
Test Case '-[LabMeshUITests.LabMeshAccessibilityUITests testGSINT001TheSosStateSpeaksTheSharedVocabularyAndItsChangeReachesTheAnnouncementDoor]' passed (11.761 seconds).
Test Case '-[LabMeshUITests.LabMeshAccessibilityUITests testGSINT001TheTrustSurfacesAreOperableNotMerelyLabelled]' started.
    t =     0.00s Start Test at 2026-10-03 19:34:54.136
    t =     0.03s Set Up
    t =     0.03s Open io.godstone.labmesh
    t =     0.03s     Launch io.godstone.labmesh
    t =     0.03s         Terminate io.godstone.labmesh:23740
2026-10-03 19:34:55.248 xcodebuild[23000:44965102] [MT] IDELaunchParametersSnapshot: debugger version lookup failed for path '<nil>': noURL
2026-10-03 19:34:55.248 xcodebuild[23000:44965102] [MT] IDELaunchParametersSnapshot: no debugger version
    t =     1.33s         Setting up automation session
    t =     1.92s         Wait for io.godstone.labmesh to idle
    t =     3.22s Checking existence of `"lab.tab.contacts" Button`
    t =     3.31s Checking existence of `"lab.tab.contacts" Button`
    t =     3.48s Checking existence of `"lab.tab.contacts" Button`
    t =     3.50s Checking existence of `"lab.tab.contacts" Button`
    t =     3.67s Checking existence of `"lab.tab.contacts" Button`
    t =     3.71s Waiting 20.0s for "lab.tab.contacts" Button to exist
    t =     4.77s     Checking `Expect predicate `existsNoRetry == 1` for object "lab.tab.contacts" Button`
    t =     4.77s         Checking existence of `"lab.tab.contacts" Button`
    t =     4.81s Tap "lab.tab.contacts" Button
    t =     4.81s     Wait for io.godstone.labmesh to idle
    t =     4.81s     Find the "lab.tab.contacts" Button
    t =     4.83s     Check for interrupting elements affecting "lab.tab.contacts" Button
    t =     4.85s     Synthesize event
    t =     5.14s     Wait for io.godstone.labmesh to idle
    t =     6.33s Waiting 20.0s for "lab.trust.fingerprint" Any to exist
    t =     7.38s     Checking `Expect predicate `existsNoRetry == 1` for object "lab.trust.fingerprint" Any`
    t =     7.38s         Checking existence of `"lab.trust.fingerprint" Any`
    t =     7.45s Find the "lab.trust.fingerprint" Any
    t =     7.48s Find the "lab.trust.fingerprint" Other
    t =     7.52s Waiting 20.0s for "lab.trust.status" Any to exist
    t =     8.55s     Checking `Expect predicate `existsNoRetry == 1` for object "lab.trust.status" Any`
    t =     8.55s         Checking existence of `"lab.trust.status" Any`
    t =     8.61s Find the "lab.trust.status" Any
    t =     8.64s Find the "lab.trust.status" Other
    t =     8.68s Waiting 20.0s for "lab.trust.confirm" Button to exist
    t =     9.75s     Checking `Expect predicate `existsNoRetry == 1` for object "lab.trust.confirm" Button`
    t =     9.75s         Checking existence of `"lab.trust.confirm" Button`
    t =     9.78s Find the "lab.trust.confirm" Button
    t =     9.80s Find the "lab.trust.confirm" Button
    t =     9.82s Checking existence of `"lab.trust.confirm" Button`
    t =     9.83s Find the "lab.trust.confirm" Button
    t =     9.85s Find the "lab.trust.confirm" Button
    t =     9.87s Checking existence of `ScrollView (First Match)`
    t =     9.88s Swipe up ScrollView (First Match)
    t =     9.88s     Wait for io.godstone.labmesh to idle
    t =     9.88s     Find the ScrollView (First Match)
    t =     9.89s     Check for interrupting elements affecting ScrollView
    t =     9.90s     Synthesize event
    t =    10.34s     Wait for io.godstone.labmesh to idle
    t =    10.95s Checking existence of `"lab.trust.confirm" Button`
    t =    10.98s Find the "lab.trust.confirm" Button
    t =    11.00s Find the "lab.trust.confirm" Button
    t =    11.02s Find the "lab.trust.confirm" Button
    t =    11.03s Waiting 20.0s for "lab.trust.approve" Button to exist
    t =    12.09s     Checking `Expect predicate `existsNoRetry == 1` for object "lab.trust.approve" Button`
    t =    12.09s         Checking existence of `"lab.trust.approve" Button`
    t =    12.13s Find the "lab.trust.approve" Button
    t =    12.15s Find the "lab.trust.approve" Button
    t =    12.16s Checking existence of `"lab.trust.approve" Button`
    t =    12.18s Find the "lab.trust.approve" Button
    t =    12.19s Find the "lab.trust.approve" Button
    t =    12.21s Find the "lab.trust.approve" Button
    t =    12.22s Waiting 20.0s for "lab.trust.revoke" Button to exist
    t =    13.27s     Checking `Expect predicate `existsNoRetry == 1` for object "lab.trust.revoke" Button`
    t =    13.27s         Checking existence of `"lab.trust.revoke" Button`
    t =    13.31s Find the "lab.trust.revoke" Button
    t =    13.33s Find the "lab.trust.revoke" Button
    t =    13.34s Checking existence of `"lab.trust.revoke" Button`
    t =    13.35s Find the "lab.trust.revoke" Button
    t =    13.37s Find the "lab.trust.revoke" Button
    t =    13.39s Find the "lab.trust.revoke" Button
    t =    13.40s Tear Down
Test Case '-[LabMeshUITests.LabMeshAccessibilityUITests testGSINT001TheTrustSurfacesAreOperableNotMerelyLabelled]' passed (13.634 seconds).
Test Suite 'LabMeshAccessibilityUITests' passed at 2026-10-03 19:35:07.770.
	 Executed 11 tests, with 0 failures (0 unexpected) in 211.767 (211.775) seconds
Test Suite 'LabMeshUITests' started at 2026-10-03 19:35:07.771.
Test Case '-[LabMeshUITests.LabMeshUITests testG1ANormalBootReallyOpensPrivateStores]' started.
    t =     0.00s Start Test at 2026-10-03 19:35:07.772
    t =     0.03s Set Up
    t =     0.03s Open io.godstone.labmesh
    t =     0.03s     Launch io.godstone.labmesh
    t =     0.04s         Terminate io.godstone.labmesh:23787
2026-10-03 19:35:08.878 xcodebuild[23000:44965102] [MT] IDELaunchParametersSnapshot: debugger version lookup failed for path '<nil>': noURL
2026-10-03 19:35:08.878 xcodebuild[23000:44965102] [MT] IDELaunchParametersSnapshot: no debugger version
    t =     1.32s         Setting up automation session
    t =     2.01s         Wait for io.godstone.labmesh to idle
    t =     3.32s Checking existence of `"lab.tab.diagnostics" Button`
    t =     3.37s Checking existence of `"lab.tab.diagnostics" Button`
    t =     3.55s Checking existence of `"lab.tab.diagnostics" Button`
    t =     3.57s Checking existence of `"lab.tab.diagnostics" Button`
    t =     3.74s Checking existence of `"lab.tab.diagnostics" Button`
    t =     3.78s Waiting 25.0s for "lab.tab.diagnostics" Button to exist
    t =     4.82s     Checking `Expect predicate `existsNoRetry == 1` for object "lab.tab.diagnostics" Button`
    t =     4.82s         Checking existence of `"lab.tab.diagnostics" Button`
    t =     4.86s Checking existence of `"lab.tab.diagnostics" Button`
    t =     4.88s Tap "lab.tab.diagnostics" Button
    t =     4.88s     Wait for io.godstone.labmesh to idle
    t =     4.88s     Find the "lab.tab.diagnostics" Button
    t =     4.90s     Check for interrupting elements affecting "lab.tab.diagnostics" Button
    t =     4.91s     Synthesize event
    t =     5.20s     Wait for io.godstone.labmesh to idle
    t =     6.49s Waiting 20.0s for "lab.diagnostics.privateopens" StaticText to exist
    t =     7.56s     Checking `Expect predicate `existsNoRetry == 1` for object "lab.diagnostics.privateopens" StaticText`
    t =     7.56s         Checking existence of `"lab.diagnostics.privateopens" StaticText`
    t =     7.59s Find the "lab.diagnostics.privateopens" StaticText
    t =     7.61s Tear Down
Test Case '-[LabMeshUITests.LabMeshUITests testG1ANormalBootReallyOpensPrivateStores]' passed (7.888 seconds).
Test Case '-[LabMeshUITests.LabMeshUITests testG1TheCorruptRecordDeniesRetryAndTheOperatorWipeEarnsTheGraphBack]' started.
    t =     0.00s Start Test at 2026-10-03 19:35:15.660
    t =     0.03s Set Up
    t =     0.03s Open io.godstone.labmesh
    t =     0.03s     Launch io.godstone.labmesh
    t =     0.03s         Terminate io.godstone.labmesh:23877
2026-10-03 19:35:16.762 xcodebuild[23000:44965102] [MT] IDELaunchParametersSnapshot: debugger version lookup failed for path '<nil>': noURL
2026-10-03 19:35:16.762 xcodebuild[23000:44965102] [MT] IDELaunchParametersSnapshot: no debugger version
    t =     1.31s         Setting up automation session
    t =     1.89s         Wait for io.godstone.labmesh to idle
    t =     3.18s Checking existence of `"lab.tab.diagnostics" Button`
    t =     3.26s Checking existence of `"lab.tab.diagnostics" Button`
    t =     3.44s Checking existence of `"lab.tab.diagnostics" Button`
    t =     3.47s Checking existence of `"lab.tab.diagnostics" Button`
    t =     3.65s Checking existence of `"lab.tab.diagnostics" Button`
    t =     3.68s Waiting 25.0s for "lab.tab.diagnostics" Button to exist
    t =     4.74s     Checking `Expect predicate `existsNoRetry == 1` for object "lab.tab.diagnostics" Button`
    t =     4.74s         Checking existence of `"lab.tab.diagnostics" Button`
    t =     4.76s Terminate io.godstone.labmesh:23932
    t =     5.83s Open io.godstone.labmesh
    t =     5.84s     Launch io.godstone.labmesh
2026-10-03 19:35:21.497 xcodebuild[23000:44965102] [MT] IDELaunchParametersSnapshot: debugger version lookup failed for path '<nil>': noURL
2026-10-03 19:35:21.497 xcodebuild[23000:44965102] [MT] IDELaunchParametersSnapshot: no debugger version
    t =     6.05s         Setting up automation session
    t =     6.73s         Wait for io.godstone.labmesh to idle
    t =     7.88s Waiting 25.0s for "lab.recovery.decision" StaticText to exist
    t =     8.94s     Checking `Expect predicate `existsNoRetry == 1` for object "lab.recovery.decision" StaticText`
    t =     8.94s         Checking existence of `"lab.recovery.decision" StaticText`
    t =     8.99s Find the "lab.recovery.decision" StaticText
    t =     9.00s Find the "lab.recovery.bootstrap" StaticText
    t =     9.01s Find the "lab.recovery.gate" StaticText
    t =     9.01s Find the "lab.recovery.gate" StaticText
    t =     9.02s Checking existence of `"lab.recovery.retry" Button`
    t =     9.02s Waiting 20.0s for "lab.recovery.resolve" Button to exist
    t =    10.09s     Checking `Expect predicate `existsNoRetry == 1` for object "lab.recovery.resolve" Button`
    t =    10.09s         Checking existence of `"lab.recovery.resolve" Button`
    t =    10.11s Find the "lab.recovery.resolve" Button
    t =    10.12s Tap "lab.recovery.resolve" Button
    t =    10.13s     Wait for io.godstone.labmesh to idle
    t =    10.13s     Find the "lab.recovery.resolve" Button
    t =    10.14s     Check for interrupting elements affecting "lab.recovery.resolve" Button
    t =    10.15s     Synthesize event
    t =    10.45s     Wait for io.godstone.labmesh to idle
    t =    10.45s Waiting 30.0s for "lab.recovery.operatorwipe" StaticText to exist
    t =    11.51s     Checking `Expect predicate `existsNoRetry == 1` for object "lab.recovery.operatorwipe" StaticText`
    t =    11.51s         Checking existence of `"lab.recovery.operatorwipe" StaticText`
    t =    11.54s Find the "lab.recovery.operatorwipe" StaticText
    t =    11.55s Checking existence of `"lab.tab.diagnostics" Button`
    t =    11.56s Waiting 30.0s for "lab.tab.diagnostics" Button to exist
    t =    12.61s     Checking `Expect predicate `existsNoRetry == 1` for object "lab.tab.diagnostics" Button`
    t =    12.61s         Checking existence of `"lab.tab.diagnostics" Button`
    t =    12.63s Checking existence of `"lab.tab.diagnostics" Button`
    t =    12.65s Tap "lab.tab.diagnostics" Button
    t =    12.65s     Wait for io.godstone.labmesh to idle
    t =    12.65s     Find the "lab.tab.diagnostics" Button
    t =    12.67s     Check for interrupting elements affecting "lab.tab.diagnostics" Button
    t =    12.68s     Synthesize event
    t =    12.97s     Wait for io.godstone.labmesh to idle
    t =    14.37s Waiting 20.0s for "lab.diagnostics.privateopens" StaticText to exist
    t =    15.44s     Checking `Expect predicate `existsNoRetry == 1` for object "lab.diagnostics.privateopens" StaticText`
    t =    15.44s         Checking existence of `"lab.diagnostics.privateopens" StaticText`
    t =    15.48s Find the "lab.diagnostics.privateopens" StaticText
    t =    15.49s Tear Down
Test Case '-[LabMeshUITests.LabMeshUITests testG1TheCorruptRecordDeniesRetryAndTheOperatorWipeEarnsTheGraphBack]' passed (15.748 seconds).
Test Case '-[LabMeshUITests.LabMeshUITests testG1TheIntermediateRungBootsRecoveryOnlyAndResumesFromIt]' started.
    t =     0.00s Start Test at 2026-10-03 19:35:31.408
    t =     0.03s Set Up
    t =     0.03s Open io.godstone.labmesh
    t =     0.03s     Launch io.godstone.labmesh
    t =     0.03s         Terminate io.godstone.labmesh:23967
2026-10-03 19:35:32.504 xcodebuild[23000:44965102] [MT] IDELaunchParametersSnapshot: debugger version lookup failed for path '<nil>': noURL
2026-10-03 19:35:32.504 xcodebuild[23000:44965102] [MT] IDELaunchParametersSnapshot: no debugger version
    t =     1.31s         Setting up automation session
    t =     1.99s         Wait for io.godstone.labmesh to idle
    t =     3.28s Checking existence of `"lab.tab.diagnostics" Button`
    t =     3.36s Checking existence of `"lab.tab.diagnostics" Button`
    t =     3.54s Checking existence of `"lab.tab.diagnostics" Button`
    t =     3.56s Checking existence of `"lab.tab.diagnostics" Button`
    t =     3.74s Checking existence of `"lab.tab.diagnostics" Button`
    t =     3.78s Waiting 25.0s for "lab.tab.diagnostics" Button to exist
    t =     4.84s     Checking `Expect predicate `existsNoRetry == 1` for object "lab.tab.diagnostics" Button`
    t =     4.84s         Checking existence of `"lab.tab.diagnostics" Button`
    t =     4.88s Terminate io.godstone.labmesh:24003
    t =     5.95s Open io.godstone.labmesh
    t =     5.96s     Launch io.godstone.labmesh
2026-10-03 19:35:37.365 xcodebuild[23000:44965102] [MT] IDELaunchParametersSnapshot: debugger version lookup failed for path '<nil>': noURL
2026-10-03 19:35:37.365 xcodebuild[23000:44965102] [MT] IDELaunchParametersSnapshot: no debugger version
    t =     6.16s         Setting up automation session
    t =     6.76s         Wait for io.godstone.labmesh to idle
    t =     7.93s Waiting 25.0s for "lab.recovery.decision" StaticText to exist
    t =     8.99s     Checking `Expect predicate `existsNoRetry == 1` for object "lab.recovery.decision" StaticText`
    t =     8.99s         Checking existence of `"lab.recovery.decision" StaticText`
    t =     9.05s Find the "lab.recovery.rung" StaticText
    t =     9.05s Find the "lab.recovery.decision" StaticText
    t =     9.06s Find the "lab.recovery.decision" StaticText
    t =     9.07s Find the "lab.recovery.gate" StaticText
    t =     9.07s Find the "lab.recovery.privateopens" StaticText
    t =     9.08s Waiting 20.0s for "lab.recovery.retry" Button to exist
    t =    10.14s     Checking `Expect predicate `existsNoRetry == 1` for object "lab.recovery.retry" Button`
    t =    10.14s         Checking existence of `"lab.recovery.retry" Button`
    t =    10.15s Checking existence of `"lab.recovery.resolve" Button`
    t =    10.16s Tap "lab.recovery.retry" Button
    t =    10.16s     Wait for io.godstone.labmesh to idle
    t =    10.16s     Find the "lab.recovery.retry" Button
    t =    10.16s     Check for interrupting elements affecting "lab.recovery.retry" Button
    t =    10.17s     Synthesize event
    t =    10.46s     Wait for io.godstone.labmesh to idle
    t =    10.46s Checking existence of `"lab.tab.diagnostics" Button`
    t =    10.49s Waiting 30.0s for "lab.tab.diagnostics" Button to exist
    t =    11.54s     Checking `Expect predicate `existsNoRetry == 1` for object "lab.tab.diagnostics" Button`
    t =    11.54s         Checking existence of `"lab.tab.diagnostics" Button`
    t =    11.58s Tap "lab.tab.diagnostics" Button
    t =    11.58s     Wait for io.godstone.labmesh to idle
    t =    11.58s     Find the "lab.tab.diagnostics" Button
    t =    11.61s     Check for interrupting elements affecting "lab.tab.diagnostics" Button
    t =    11.62s     Synthesize event
    t =    11.91s     Wait for io.godstone.labmesh to idle
    t =    13.20s Waiting 20.0s for "lab.diagnostics.privateopens" StaticText to exist
    t =    14.28s     Checking `Expect predicate `existsNoRetry == 1` for object "lab.diagnostics.privateopens" StaticText`
    t =    14.28s         Checking existence of `"lab.diagnostics.privateopens" StaticText`
    t =    14.31s Find the "lab.diagnostics.privateopens" StaticText
    t =    14.33s Tear Down
Test Case '-[LabMeshUITests.LabMeshUITests testG1TheIntermediateRungBootsRecoveryOnlyAndResumesFromIt]' passed (14.577 seconds).
Test Case '-[LabMeshUITests.LabMeshUITests testG1ThePendingRecoveryBootsRecoveryOnlyAndRetriesAResume]' started.
    t =     0.00s Start Test at 2026-10-03 19:35:45.986
    t =     0.03s Set Up
    t =     0.03s Open io.godstone.labmesh
    t =     0.03s     Launch io.godstone.labmesh
    t =     0.03s         Terminate io.godstone.labmesh:24012
2026-10-03 19:35:47.111 xcodebuild[23000:44965102] [MT] IDELaunchParametersSnapshot: debugger version lookup failed for path '<nil>': noURL
2026-10-03 19:35:47.111 xcodebuild[23000:44965102] [MT] IDELaunchParametersSnapshot: no debugger version
    t =     1.34s         Setting up automation session
    t =     2.02s         Wait for io.godstone.labmesh to idle
    t =     3.30s Checking existence of `"lab.tab.diagnostics" Button`
    t =     3.39s Checking existence of `"lab.tab.diagnostics" Button`
    t =     3.57s Checking existence of `"lab.tab.diagnostics" Button`
    t =     3.59s Checking existence of `"lab.tab.diagnostics" Button`
    t =     3.77s Checking existence of `"lab.tab.diagnostics" Button`
    t =     3.80s Waiting 25.0s for "lab.tab.diagnostics" Button to exist
    t =     4.86s     Checking `Expect predicate `existsNoRetry == 1` for object "lab.tab.diagnostics" Button`
    t =     4.86s         Checking existence of `"lab.tab.diagnostics" Button`
    t =     4.88s Terminate io.godstone.labmesh:24052
    t =     5.98s Open io.godstone.labmesh
    t =     5.98s     Launch io.godstone.labmesh
2026-10-03 19:35:51.966 xcodebuild[23000:44965102] [MT] IDELaunchParametersSnapshot: debugger version lookup failed for path '<nil>': noURL
2026-10-03 19:35:51.966 xcodebuild[23000:44965102] [MT] IDELaunchParametersSnapshot: no debugger version
    t =     6.19s         Setting up automation session
    t =     6.80s         Wait for io.godstone.labmesh to idle
    t =     7.97s Waiting 25.0s for "lab.recovery.decision" StaticText to exist
    t =     9.03s     Checking `Expect predicate `existsNoRetry == 1` for object "lab.recovery.decision" StaticText`
    t =     9.03s         Checking existence of `"lab.recovery.decision" StaticText`
    t =     9.09s Find the "lab.recovery.decision" StaticText
    t =     9.09s Find the "lab.recovery.rung" StaticText
    t =     9.10s Find the "lab.recovery.privateopens" StaticText
    t =     9.11s Checking existence of `"lab.tab.identity" Button`
    t =     9.11s Checking existence of `"lab.tab.identity" Button`
    t =     9.12s Checking existence of `"lab.tab.contacts" Button`
    t =     9.12s Checking existence of `"lab.tab.contacts" Button`
    t =     9.13s Checking existence of `"lab.tab.conversation" Button`
    t =     9.13s Checking existence of `"lab.tab.conversation" Button`
    t =     9.14s Checking existence of `"lab.tab.sos" Button`
    t =     9.14s Checking existence of `"lab.tab.sos" Button`
    t =     9.15s Checking existence of `"lab.tab.diagnostics" Button`
    t =     9.15s Checking existence of `"lab.tab.diagnostics" Button`
    t =     9.16s Find the "lab.recovery.gate" StaticText
    t =     9.16s Find the "lab.recovery.gate" StaticText
    t =     9.17s Waiting 20.0s for "lab.recovery.retry" Button to exist
    t =    10.22s     Checking `Expect predicate `existsNoRetry == 1` for object "lab.recovery.retry" Button`
    t =    10.22s         Checking existence of `"lab.recovery.retry" Button`
    t =    10.24s Checking existence of `"lab.recovery.resolve" Button`
    t =    10.25s Tap "lab.recovery.retry" Button
    t =    10.25s     Wait for io.godstone.labmesh to idle
    t =    10.25s     Find the "lab.recovery.retry" Button
    t =    10.26s     Check for interrupting elements affecting "lab.recovery.retry" Button
    t =    10.28s     Synthesize event
    t =    10.57s     Wait for io.godstone.labmesh to idle
    t =    10.57s Checking existence of `"lab.tab.diagnostics" Button`
    t =    10.60s Waiting 30.0s for "lab.tab.diagnostics" Button to exist
    t =    11.66s     Checking `Expect predicate `existsNoRetry == 1` for object "lab.tab.diagnostics" Button`
    t =    11.66s         Checking existence of `"lab.tab.diagnostics" Button`
    t =    11.74s Tap "lab.tab.diagnostics" Button
    t =    11.74s     Wait for io.godstone.labmesh to idle
    t =    11.74s     Find the "lab.tab.diagnostics" Button
    t =    11.76s     Check for interrupting elements affecting "lab.tab.diagnostics" Button
    t =    11.78s     Synthesize event
    t =    12.07s     Wait for io.godstone.labmesh to idle
    t =    13.49s Waiting 20.0s for "lab.diagnostics.privateopens" StaticText to exist
    t =    14.56s     Checking `Expect predicate `existsNoRetry == 1` for object "lab.diagnostics.privateopens" StaticText`
    t =    14.56s         Checking existence of `"lab.diagnostics.privateopens" StaticText`
    t =    14.60s Find the "lab.diagnostics.privateopens" StaticText
    t =    14.61s Terminate io.godstone.labmesh:24079
    t =    15.68s Open io.godstone.labmesh
    t =    15.69s     Launch io.godstone.labmesh
2026-10-03 19:36:01.674 xcodebuild[23000:44965102] [MT] IDELaunchParametersSnapshot: debugger version lookup failed for path '<nil>': noURL
2026-10-03 19:36:01.675 xcodebuild[23000:44965102] [MT] IDELaunchParametersSnapshot: no debugger version
    t =    15.90s         Setting up automation session
    t =    16.57s         Wait for io.godstone.labmesh to idle
    t =    17.84s Checking existence of `"lab.tab.diagnostics" Button`
    t =    17.93s Checking existence of `"lab.tab.diagnostics" Button`
    t =    18.10s Checking existence of `"lab.tab.diagnostics" Button`
    t =    18.13s Checking existence of `"lab.tab.diagnostics" Button`
    t =    18.31s Checking existence of `"lab.tab.diagnostics" Button`
    t =    18.34s Waiting 30.0s for "lab.tab.diagnostics" Button to exist
    t =    19.37s     Checking `Expect predicate `existsNoRetry == 1` for object "lab.tab.diagnostics" Button`
    t =    19.37s         Checking existence of `"lab.tab.diagnostics" Button`
    t =    19.41s Checking existence of `"lab.recovery.decision" StaticText`
    t =    19.43s Tear Down
Test Case '-[LabMeshUITests.LabMeshUITests testG1ThePendingRecoveryBootsRecoveryOnlyAndRetriesAResume]' passed (19.700 seconds).
Test Case '-[LabMeshUITests.LabMeshUITests testGSINT001ACancelledSosHoldDoesNotReachTheRuntime]' started.
    t =     0.00s Start Test at 2026-10-03 19:36:05.686
    t =     0.03s Set Up
    t =     0.03s Open io.godstone.labmesh
    t =     0.03s     Launch io.godstone.labmesh
    t =     0.03s         Terminate io.godstone.labmesh:24116
2026-10-03 19:36:06.802 xcodebuild[23000:44965102] [MT] IDELaunchParametersSnapshot: debugger version lookup failed for path '<nil>': noURL
2026-10-03 19:36:06.802 xcodebuild[23000:44965102] [MT] IDELaunchParametersSnapshot: no debugger version
    t =     1.33s         Setting up automation session
    t =     1.91s         Wait for io.godstone.labmesh to idle
    t =     3.18s Checking existence of `"lab.tab.sos" Button`
    t =     3.26s Checking existence of `"lab.tab.sos" Button`
    t =     3.44s Checking existence of `"lab.tab.sos" Button`
    t =     3.46s Checking existence of `"lab.tab.sos" Button`
    t =     3.63s Checking existence of `"lab.tab.sos" Button`
    t =     3.66s Waiting 20.0s for "lab.tab.sos" Button to exist
    t =     4.72s     Checking `Expect predicate `existsNoRetry == 1` for object "lab.tab.sos" Button`
    t =     4.72s         Checking existence of `"lab.tab.sos" Button`
    t =     4.76s Tap "lab.tab.sos" Button
    t =     4.76s     Wait for io.godstone.labmesh to idle
    t =     4.77s     Find the "lab.tab.sos" Button
    t =     4.79s     Check for interrupting elements affecting "lab.tab.sos" Button
    t =     4.80s     Synthesize event
    t =     5.09s     Wait for io.godstone.labmesh to idle
    t =     6.49s Waiting 20.0s for "lab.sos.hold" StaticText to exist
    t =     7.54s     Checking `Expect predicate `existsNoRetry == 1` for object "lab.sos.hold" StaticText`
    t =     7.54s         Checking existence of `"lab.sos.hold" StaticText`
    t =     7.58s Checking existence of `"lab.sos.hold" StaticText`
    t =     7.59s Waiting 20.0s for "lab.sos.admitted" StaticText to exist
    t =     8.65s     Checking `Expect predicate `existsNoRetry == 1` for object "lab.sos.admitted" StaticText`
    t =     8.65s         Checking existence of `"lab.sos.admitted" StaticText`
    t =     8.68s Find the "lab.sos.admitted" StaticText
    t =     8.70s Press "lab.sos.hold" StaticText for 0.2 seconds
    t =     8.70s     Wait for io.godstone.labmesh to idle
    t =     8.70s     Find the "lab.sos.hold" StaticText
    t =     8.72s     Check for interrupting elements affecting "lab.sos.hold" StaticText
    t =     8.73s     Synthesize event
    t =     9.17s     Wait for io.godstone.labmesh to idle
    t =     9.18s Waiting 10.0s for StaticText (First Match) to exist
    t =    10.23s     Checking `Expect predicate `existsNoRetry == 1` for object StaticText (First Match)`
    t =    10.23s         Checking existence of `StaticText (First Match)`
    t =    10.28s Find the "lab.sos.admitted" StaticText
    t =    10.29s Tear Down
Test Case '-[LabMeshUITests.LabMeshUITests testGSINT001ACancelledSosHoldDoesNotReachTheRuntime]' passed (10.518 seconds).
Test Case '-[LabMeshUITests.LabMeshUITests testGSINT001AStaleRotationCandidateIsRefusedWithTheExactString]' started.
    t =     0.00s Start Test at 2026-10-03 19:36:16.205
    t =     0.03s Set Up
    t =     0.03s Open io.godstone.labmesh
    t =     0.04s     Launch io.godstone.labmesh
    t =     0.04s         Terminate io.godstone.labmesh:24134
2026-10-03 19:36:17.320 xcodebuild[23000:44965102] [MT] IDELaunchParametersSnapshot: debugger version lookup failed for path '<nil>': noURL
2026-10-03 19:36:17.320 xcodebuild[23000:44965102] [MT] IDELaunchParametersSnapshot: no debugger version
    t =     1.33s         Setting up automation session
    t =     1.93s         Wait for io.godstone.labmesh to idle
    t =     3.19s Checking existence of `"lab.tab.contacts" Button`
    t =     3.27s Checking existence of `"lab.tab.contacts" Button`
    t =     3.45s Checking existence of `"lab.tab.contacts" Button`
    t =     3.47s Checking existence of `"lab.tab.contacts" Button`
    t =     3.64s Checking existence of `"lab.tab.contacts" Button`
    t =     3.68s Waiting 20.0s for "lab.tab.contacts" Button to exist
    t =     4.74s     Checking `Expect predicate `existsNoRetry == 1` for object "lab.tab.contacts" Button`
    t =     4.74s         Checking existence of `"lab.tab.contacts" Button`
    t =     4.78s Tap "lab.tab.contacts" Button
    t =     4.78s     Wait for io.godstone.labmesh to idle
    t =     4.78s     Find the "lab.tab.contacts" Button
    t =     4.80s     Check for interrupting elements affecting "lab.tab.contacts" Button
    t =     4.81s     Synthesize event
    t =     5.10s     Wait for io.godstone.labmesh to idle
    t =     6.46s Waiting 20.0s for "lab.trust.outcome" StaticText to exist
    t =     7.52s     Checking `Expect predicate `existsNoRetry == 1` for object "lab.trust.outcome" StaticText`
    t =     7.52s         Checking existence of `"lab.trust.outcome" StaticText`
    t =     7.56s Waiting 20.0s for "lab.trust.approve" Button to exist
    t =     8.63s     Checking `Expect predicate `existsNoRetry == 1` for object "lab.trust.approve" Button`
    t =     8.63s         Checking existence of `"lab.trust.approve" Button`
    t =     8.67s Waiting 20.0s for "lab.trust.seedrotation" Button to exist
    t =     9.71s     Checking `Expect predicate `existsNoRetry == 1` for object "lab.trust.seedrotation" Button`
    t =     9.71s         Checking existence of `"lab.trust.seedrotation" Button`
    t =     9.75s Find the "lab.trust.seedrotation" Button
    t =     9.77s Checking existence of `ScrollView (First Match)`
    t =     9.78s Swipe up ScrollView (First Match)
    t =     9.78s     Wait for io.godstone.labmesh to idle
    t =     9.78s     Find the ScrollView (First Match)
    t =     9.79s     Check for interrupting elements affecting ScrollView
    t =     9.81s     Synthesize event
    t =    10.23s     Wait for io.godstone.labmesh to idle
    t =    10.78s Find the "lab.trust.seedrotation" Button
    t =    10.81s Tap "lab.trust.seedrotation" Button
    t =    10.82s     Wait for io.godstone.labmesh to idle
    t =    10.82s     Find the "lab.trust.seedrotation" Button
    t =    10.83s     Check for interrupting elements affecting "lab.trust.seedrotation" Button
    t =    10.85s     Synthesize event
    t =    11.14s     Wait for io.godstone.labmesh to idle
    t =    11.14s Waiting 20.0s for "lab.trust.status" Any to exist
    t =    12.19s     Checking `Expect predicate `existsNoRetry == 1` for object "lab.trust.status" Any`
    t =    12.19s         Checking existence of `"lab.trust.status" Any`
    t =    13.29s Checking `Expect predicate `value CONTAINS "ROTATION_PENDING"` for object "lab.trust.status" Any`
    t =    13.29s     Find the "lab.trust.status" Any
    t =    13.32s Find the "lab.trust.seedrotation" Button
    t =    13.35s Tap "lab.trust.seedrotation" Button
    t =    13.35s     Wait for io.godstone.labmesh to idle
    t =    13.35s     Find the "lab.trust.seedrotation" Button
    t =    13.36s     Check for interrupting elements affecting "lab.trust.seedrotation" Button
    t =    13.38s     Synthesize event
    t =    13.67s     Wait for io.godstone.labmesh to idle
    t =    13.68s Find the "lab.trust.approve" Button
    t =    13.72s Tap "lab.trust.approve" Button
    t =    13.72s     Wait for io.godstone.labmesh to idle
    t =    13.72s     Find the "lab.trust.approve" Button
    t =    13.73s     Check for interrupting elements affecting "lab.trust.approve" Button
    t =    13.75s     Synthesize event
    t =    14.04s     Wait for io.godstone.labmesh to idle
    t =    15.10s Checking `Expect predicate `label == "refused: that rotation is no longer pending: nothing was approved"` for object "lab.trust.outcome" StaticText`
    t =    15.10s     Find the "lab.trust.outcome" StaticText
    t =    15.15s Find the "lab.trust.outcome" StaticText
    t =    15.16s Tear Down
Test Case '-[LabMeshUITests.LabMeshUITests testGSINT001AStaleRotationCandidateIsRefusedWithTheExactString]' passed (15.415 seconds).
Test Case '-[LabMeshUITests.LabMeshUITests testGSINT001ControlsRemainAddressableUnderRTLAndLargeText]' started.
    t =     0.00s Start Test at 2026-10-03 19:36:31.620
    t =     0.02s Set Up
    t =     0.02s Open io.godstone.labmesh
    t =     0.03s     Launch io.godstone.labmesh
    t =     0.03s         Terminate io.godstone.labmesh:24227
2026-10-03 19:36:32.705 xcodebuild[23000:44965102] [MT] IDELaunchParametersSnapshot: debugger version lookup failed for path '<nil>': noURL
2026-10-03 19:36:32.705 xcodebuild[23000:44965102] [MT] IDELaunchParametersSnapshot: no debugger version
    t =     1.30s         Setting up automation session
    t =     1.89s         Wait for io.godstone.labmesh to idle
    t =     3.18s Checking existence of `"lab.tab.conversation" Button`
    t =     3.25s Checking existence of `"lab.tab.conversation" Button`
    t =     3.43s Checking existence of `"lab.tab.conversation" Button`
    t =     3.45s Checking existence of `"lab.tab.conversation" Button`
    t =     3.62s Checking existence of `"lab.tab.conversation" Button`
    t =     3.66s Waiting 20.0s for "lab.tab.conversation" Button to exist
    t =     4.71s     Checking `Expect predicate `existsNoRetry == 1` for object "lab.tab.conversation" Button`
    t =     4.72s         Checking existence of `"lab.tab.conversation" Button`
    t =     4.76s Tap "lab.tab.conversation" Button
    t =     4.76s     Wait for io.godstone.labmesh to idle
    t =     4.76s     Find the "lab.tab.conversation" Button
    t =     4.78s     Check for interrupting elements affecting "lab.tab.conversation" Button
    t =     4.80s     Synthesize event
    t =     5.08s     Wait for io.godstone.labmesh to idle
    t =     5.86s Waiting 20.0s for "lab.conversation.field" TextField to exist
    t =     6.90s     Checking `Expect predicate `existsNoRetry == 1` for object "lab.conversation.field" TextField`
    t =     6.91s         Checking existence of `"lab.conversation.field" TextField`
    t =     6.94s Checking existence of `"lab.conversation.send" Button`
    t =     6.96s Tap "lab.conversation.field" TextField
    t =     6.96s     Wait for io.godstone.labmesh to idle
    t =     6.97s     Find the "lab.conversation.field" TextField
    t =     6.98s     Check for interrupting elements affecting "lab.conversation.field" TextField
    t =     6.99s     Synthesize event
    t =     7.00s         Scroll element to visible
    t =     7.00s         Find the "lab.conversation.field" TextField
    t =     7.02s         Computed hit point {220, 456.91666666666669} after scrolling to visible
    t =     7.31s     Wait for io.godstone.labmesh to idle
    t =     8.79s Type 'الطريق مسدود' into "lab.conversation.field" TextField
    t =     8.79s     Wait for io.godstone.labmesh to idle
    t =     8.80s     Find the "lab.conversation.field" TextField
    t =     8.85s     Check for interrupting elements affecting "lab.conversation.field" TextField
    t =     8.88s     Synthesize event
    t =     9.28s     Wait for io.godstone.labmesh to idle
    t =     9.28s Get number of matches for: Descendants matching type Keyboard
    t =     9.31s Checking existence of `"Return" Button`
    t =     9.33s Tap "Return" Button
    t =     9.33s     Wait for io.godstone.labmesh to idle
    t =     9.33s     Find the "Return" Button
    t =     9.36s     Check for interrupting elements affecting "Return" Button
    t =     9.38s     Synthesize event
    t =     9.67s     Wait for io.godstone.labmesh to idle
    t =    11.50s Get number of matches for: Descendants matching type Keyboard
    t =    11.53s Checking existence of `"lab.tab.contacts" Button`
    t =    11.55s Checking existence of `"lab.tab.contacts" Button`
    t =    11.57s Tap "lab.tab.contacts" Button
    t =    11.57s     Wait for io.godstone.labmesh to idle
    t =    11.57s     Find the "lab.tab.contacts" Button
    t =    11.59s     Check for interrupting elements affecting "lab.tab.contacts" Button
    t =    11.60s     Synthesize event
    t =    11.89s     Wait for io.godstone.labmesh to idle
    t =    13.38s Waiting 20.0s for "lab.trust.confirm" Button to exist
    t =    14.43s     Checking `Expect predicate `existsNoRetry == 1` for object "lab.trust.confirm" Button`
    t =    14.43s         Checking existence of `"lab.trust.confirm" Button`
    t =    14.47s Get all elements bound by index for: Descendants matching type Button
    t =    14.49s Checking existence of `Button (Element at index 0)`
    t =    14.51s Find the Button (Element at index 0)
    t =    14.52s Checking existence of `Button (Element at index 1)`
    t =    14.53s Find the Button (Element at index 1)
    t =    14.54s Checking existence of `Button (Element at index 2)`
    t =    14.55s Find the Button (Element at index 2)
    t =    14.56s Checking existence of `Button (Element at index 3)`
    t =    14.58s Find the Button (Element at index 3)
    t =    14.59s Checking existence of `Button (Element at index 4)`
    t =    14.60s Find the Button (Element at index 4)
    t =    14.61s Checking existence of `Button (Element at index 5)`
    t =    14.62s Find the Button (Element at index 5)
    t =    14.63s Checking existence of `Button (Element at index 6)`
    t =    14.65s Find the Button (Element at index 6)
    t =    14.66s Checking existence of `Button (Element at index 7)`
    t =    14.67s Find the Button (Element at index 7)
    t =    14.68s Checking existence of `Button (Element at index 8)`
    t =    14.69s Find the Button (Element at index 8)
    t =    14.70s Checking existence of `Button (Element at index 9)`
    t =    14.71s Find the Button (Element at index 9)
    t =    14.72s Tear Down
Test Case '-[LabMeshUITests.LabMeshUITests testGSINT001ControlsRemainAddressableUnderRTLAndLargeText]' passed (14.995 seconds).
Test Case '-[LabMeshUITests.LabMeshUITests testGSINT001TheBoundedComposeCountsOctetsAndUpdatesItsReadout]' started.
    t =     0.00s Start Test at 2026-10-03 19:36:46.616
    t =     0.03s Set Up
    t =     0.04s Open io.godstone.labmesh
    t =     0.04s     Launch io.godstone.labmesh
    t =     0.04s         Terminate io.godstone.labmesh:24296
2026-10-03 19:36:47.744 xcodebuild[23000:44965102] [MT] IDELaunchParametersSnapshot: debugger version lookup failed for path '<nil>': noURL
2026-10-03 19:36:47.744 xcodebuild[23000:44965102] [MT] IDELaunchParametersSnapshot: no debugger version
    t =     1.34s         Setting up automation session
    t =     2.02s         Wait for io.godstone.labmesh to idle
    t =     3.29s Checking existence of `"lab.tab.conversation" Button`
    t =     3.35s Checking existence of `"lab.tab.conversation" Button`
    t =     3.52s Checking existence of `"lab.tab.conversation" Button`
    t =     3.55s Checking existence of `"lab.tab.conversation" Button`
    t =     3.72s Checking existence of `"lab.tab.conversation" Button`
    t =     3.76s Waiting 20.0s for "lab.tab.conversation" Button to exist
    t =     4.81s     Checking `Expect predicate `existsNoRetry == 1` for object "lab.tab.conversation" Button`
    t =     4.81s         Checking existence of `"lab.tab.conversation" Button`
    t =     4.85s Tap "lab.tab.conversation" Button
    t =     4.85s     Wait for io.godstone.labmesh to idle
    t =     4.85s     Find the "lab.tab.conversation" Button
    t =     4.87s     Check for interrupting elements affecting "lab.tab.conversation" Button
    t =     4.89s     Synthesize event
    t =     5.18s     Wait for io.godstone.labmesh to idle
    t =     5.93s Waiting 20.0s for "lab.conversation.field" TextField to exist
    t =     7.00s     Checking `Expect predicate `existsNoRetry == 1` for object "lab.conversation.field" TextField`
    t =     7.00s         Checking existence of `"lab.conversation.field" TextField`
    t =     7.04s Waiting 20.0s for "lab.conversation.octets" Any to exist
    t =     8.12s     Checking `Expect predicate `existsNoRetry == 1` for object "lab.conversation.octets" Any`
    t =     8.12s         Checking existence of `"lab.conversation.octets" Any`
    t =     8.16s Find the "lab.conversation.octets" Any
    t =     8.18s Tap "lab.conversation.field" TextField
    t =     8.18s     Wait for io.godstone.labmesh to idle
    t =     8.18s     Find the "lab.conversation.field" TextField
    t =     8.20s     Check for interrupting elements affecting "lab.conversation.field" TextField
    t =     8.21s     Synthesize event
    t =     8.50s     Wait for io.godstone.labmesh to idle
    t =     8.52s Type '⛵️ الطريق مسدود' into "lab.conversation.field" TextField
    t =     8.52s     Wait for io.godstone.labmesh to idle
    t =     8.91s     Find the "lab.conversation.field" TextField
    t =     8.96s     Check for interrupting elements affecting "lab.conversation.field" TextField
    t =     8.98s     Synthesize event
    t =     9.42s     Wait for io.godstone.labmesh to idle
    t =    10.83s Checking `Expect predicate `value != "32/400 octets"` for object "lab.conversation.octets" Other`
    t =    10.84s     Find the "lab.conversation.octets" Other
    t =    10.89s Find the "lab.conversation.octets" Other
    t =    10.92s Tear Down
Test Case '-[LabMeshUITests.LabMeshUITests testGSINT001TheBoundedComposeCountsOctetsAndUpdatesItsReadout]' passed (11.176 seconds).
Test Case '-[LabMeshUITests.LabMeshUITests testGSINT001TheDistressStateSurvivesARelaunchAndACancelDoesNotUnAuthor]' started.
    t =     0.00s Start Test at 2026-10-03 19:36:57.793
    t =     0.03s Set Up
    t =     0.04s Open io.godstone.labmesh
    t =     0.04s     Launch io.godstone.labmesh
    t =     0.04s         Terminate io.godstone.labmesh:24371
2026-10-03 19:36:58.900 xcodebuild[23000:44965102] [MT] IDELaunchParametersSnapshot: debugger version lookup failed for path '<nil>': noURL
2026-10-03 19:36:58.901 xcodebuild[23000:44965102] [MT] IDELaunchParametersSnapshot: no debugger version
    t =     1.32s         Setting up automation session
    t =     2.02s         Wait for io.godstone.labmesh to idle
    t =     3.34s Checking existence of `"lab.tab.sos" Button`
    t =     3.42s Checking existence of `"lab.tab.sos" Button`
    t =     3.60s Checking existence of `"lab.tab.sos" Button`
    t =     3.62s Checking existence of `"lab.tab.sos" Button`
    t =     3.80s Checking existence of `"lab.tab.sos" Button`
    t =     3.84s Waiting 20.0s for "lab.tab.sos" Button to exist
    t =     4.90s     Checking `Expect predicate `existsNoRetry == 1` for object "lab.tab.sos" Button`
    t =     4.90s         Checking existence of `"lab.tab.sos" Button`
    t =     4.94s Tap "lab.tab.sos" Button
    t =     4.94s     Wait for io.godstone.labmesh to idle
    t =     4.94s     Find the "lab.tab.sos" Button
    t =     4.96s     Check for interrupting elements affecting "lab.tab.sos" Button
    t =     4.98s     Synthesize event
    t =     5.27s     Wait for io.godstone.labmesh to idle
    t =     6.67s Waiting 20.0s for "lab.sos.state" Any to exist
    t =     7.71s     Checking `Expect predicate `existsNoRetry == 1` for object "lab.sos.state" Any`
    t =     7.71s         Checking existence of `"lab.sos.state" Any`
    t =     7.75s Waiting 20.0s for "lab.sos.send" Button to exist
    t =     8.82s     Checking `Expect predicate `existsNoRetry == 1` for object "lab.sos.send" Button`
    t =     8.83s         Checking existence of `"lab.sos.send" Button`
    t =     8.86s Tap "lab.sos.send" Button
    t =     8.86s     Wait for io.godstone.labmesh to idle
    t =     8.86s     Find the "lab.sos.send" Button
    t =     8.88s     Check for interrupting elements affecting "lab.sos.send" Button
    t =     8.90s     Synthesize event
    t =     9.18s     Wait for io.godstone.labmesh to idle
    t =    10.23s Checking `Expect predicate `value BEGINSWITH "active: "` for object "lab.sos.state" Any`
    t =    10.23s     Find the "lab.sos.state" Any
    t =    10.27s Find the "lab.sos.state" Other
    t =    10.29s Terminate io.godstone.labmesh:24424
    t =    11.37s Open io.godstone.labmesh
    t =    11.37s     Launch io.godstone.labmesh
2026-10-03 19:37:09.166 xcodebuild[23000:44965102] [MT] IDELaunchParametersSnapshot: debugger version lookup failed for path '<nil>': noURL
2026-10-03 19:37:09.166 xcodebuild[23000:44965102] [MT] IDELaunchParametersSnapshot: no debugger version
    t =    11.59s         Setting up automation session
    t =    12.18s         Wait for io.godstone.labmesh to idle
    t =    13.47s Checking existence of `"lab.tab.sos" Button`
    t =    13.56s Checking existence of `"lab.tab.sos" Button`
    t =    13.74s Checking existence of `"lab.tab.sos" Button`
    t =    13.76s Checking existence of `"lab.tab.sos" Button`
    t =    13.94s Checking existence of `"lab.tab.sos" Button`
    t =    13.98s Waiting 20.0s for "lab.tab.sos" Button to exist
    t =    15.04s     Checking `Expect predicate `existsNoRetry == 1` for object "lab.tab.sos" Button`
    t =    15.04s         Checking existence of `"lab.tab.sos" Button`
    t =    15.08s Tap "lab.tab.sos" Button
    t =    15.08s     Wait for io.godstone.labmesh to idle
    t =    15.09s     Find the "lab.tab.sos" Button
    t =    15.11s     Check for interrupting elements affecting "lab.tab.sos" Button
    t =    15.12s     Synthesize event
    t =    15.41s     Wait for io.godstone.labmesh to idle
    t =    16.82s Waiting 20.0s for "lab.sos.state" Any to exist
    t =    17.88s     Checking `Expect predicate `existsNoRetry == 1` for object "lab.sos.state" Any`
    t =    17.88s         Checking existence of `"lab.sos.state" Any`
    t =    18.96s Checking `Expect predicate `value BEGINSWITH "active: "` for object "lab.sos.state" Any`
    t =    18.96s     Find the "lab.sos.state" Any
    t =    18.99s Find the "lab.sos.state" Other
    t =    19.01s Waiting 20.0s for "lab.sos.cancel" Button to exist
    t =    20.06s     Checking `Expect predicate `existsNoRetry == 1` for object "lab.sos.cancel" Button`
    t =    20.06s         Checking existence of `"lab.sos.cancel" Button`
    t =    20.09s Tap "lab.sos.cancel" Button
    t =    20.09s     Wait for io.godstone.labmesh to idle
    t =    20.09s     Find the "lab.sos.cancel" Button
    t =    20.11s     Check for interrupting elements affecting "lab.sos.cancel" Button
    t =    20.13s     Synthesize event
    t =    20.42s     Wait for io.godstone.labmesh to idle
    t =    21.48s Checking `Expect predicate `value BEGINSWITH "terminal: "` for object "lab.sos.state" Other`
    t =    21.48s     Find the "lab.sos.state" Other
    t =    21.52s Find the "lab.sos.state" Other
    t =    21.54s Terminate io.godstone.labmesh:24462
    t =    22.61s Open io.godstone.labmesh
    t =    22.61s     Launch io.godstone.labmesh
2026-10-03 19:37:20.402 xcodebuild[23000:44965102] [MT] IDELaunchParametersSnapshot: debugger version lookup failed for path '<nil>': noURL
2026-10-03 19:37:20.402 xcodebuild[23000:44965102] [MT] IDELaunchParametersSnapshot: no debugger version
    t =    22.82s         Setting up automation session
    t =    23.48s         Wait for io.godstone.labmesh to idle
    t =    24.79s Checking existence of `"lab.tab.sos" Button`
    t =    24.86s Checking existence of `"lab.tab.sos" Button`
    t =    25.03s Checking existence of `"lab.tab.sos" Button`
    t =    25.06s Checking existence of `"lab.tab.sos" Button`
    t =    25.23s Checking existence of `"lab.tab.sos" Button`
    t =    25.27s Waiting 20.0s for "lab.tab.sos" Button to exist
    t =    26.34s     Checking `Expect predicate `existsNoRetry == 1` for object "lab.tab.sos" Button`
    t =    26.34s         Checking existence of `"lab.tab.sos" Button`
    t =    26.38s Tap "lab.tab.sos" Button
    t =    26.38s     Wait for io.godstone.labmesh to idle
    t =    26.39s     Find the "lab.tab.sos" Button
    t =    26.41s     Check for interrupting elements affecting "lab.tab.sos" Button
    t =    26.42s     Synthesize event
    t =    26.71s     Wait for io.godstone.labmesh to idle
    t =    28.12s Waiting 20.0s for "lab.sos.state" Any to exist
    t =    29.18s     Checking `Expect predicate `existsNoRetry == 1` for object "lab.sos.state" Any`
    t =    29.18s         Checking existence of `"lab.sos.state" Any`
    t =    29.23s Find the "lab.sos.state" Any
    t =    29.24s Tear Down
Test Case '-[LabMeshUITests.LabMeshUITests testGSINT001TheDistressStateSurvivesARelaunchAndACancelDoesNotUnAuthor]' passed (29.568 seconds).
Test Case '-[LabMeshUITests.LabMeshUITests testGSINT001TheDurableSendVerdictSurvivesARelaunch]' started.
    t =     0.00s Start Test at 2026-10-03 19:37:27.361
    t =     0.03s Set Up
    t =     0.03s Open io.godstone.labmesh
    t =     0.04s     Launch io.godstone.labmesh
    t =     0.04s         Terminate io.godstone.labmesh:24509
2026-10-03 19:37:28.462 xcodebuild[23000:44965102] [MT] IDELaunchParametersSnapshot: debugger version lookup failed for path '<nil>': noURL
2026-10-03 19:37:28.462 xcodebuild[23000:44965102] [MT] IDELaunchParametersSnapshot: no debugger version
    t =     1.32s         Setting up automation session
    t =     1.91s         Wait for io.godstone.labmesh to idle
    t =     3.17s Checking existence of `"lab.tab.conversation" Button`
    t =     3.23s Checking existence of `"lab.tab.conversation" Button`
    t =     3.41s Checking existence of `"lab.tab.conversation" Button`
    t =     3.43s Checking existence of `"lab.tab.conversation" Button`
    t =     3.60s Checking existence of `"lab.tab.conversation" Button`
    t =     3.64s Waiting 20.0s for "lab.tab.conversation" Button to exist
    t =     4.67s     Checking `Expect predicate `existsNoRetry == 1` for object "lab.tab.conversation" Button`
    t =     4.67s         Checking existence of `"lab.tab.conversation" Button`
    t =     4.71s Tap "lab.tab.conversation" Button
    t =     4.71s     Wait for io.godstone.labmesh to idle
    t =     4.71s     Find the "lab.tab.conversation" Button
    t =     4.73s     Check for interrupting elements affecting "lab.tab.conversation" Button
    t =     4.75s     Synthesize event
    t =     5.03s     Wait for io.godstone.labmesh to idle
    t =     5.80s Waiting 20.0s for "lab.conversation.send" Button to exist
    t =     6.85s     Checking `Expect predicate `existsNoRetry == 1` for object "lab.conversation.send" Button`
    t =     6.85s         Checking existence of `"lab.conversation.send" Button`
    t =     6.89s Waiting 20.0s for "lab.conversation.durable" Any to exist
    t =     7.94s     Checking `Expect predicate `existsNoRetry == 1` for object "lab.conversation.durable" Any`
    t =     7.94s         Checking existence of `"lab.conversation.durable" Any`
    t =     7.98s Tap "lab.conversation.send" Button
    t =     7.98s     Wait for io.godstone.labmesh to idle
    t =     7.98s     Find the "lab.conversation.send" Button
    t =     8.00s     Check for interrupting elements affecting "lab.conversation.send" Button
    t =     8.02s     Synthesize event
    t =     8.03s         Scroll element to visible
    t =     8.03s         Find the "lab.conversation.send" Button
    t =     8.05s         Computed hit point {52.25, 480.75} after scrolling to visible
    t =     8.33s     Wait for io.godstone.labmesh to idle
    t =    10.16s Checking `Expect predicate `value BEGINSWITH "found:"` for object "lab.conversation.durable" Any`
    t =    10.16s     Find the "lab.conversation.durable" Any
    t =    10.20s Find the "lab.conversation.durable" Other
    t =    10.22s Terminate io.godstone.labmesh:24530
    t =    11.28s Open io.godstone.labmesh
    t =    11.28s     Launch io.godstone.labmesh
2026-10-03 19:37:38.642 xcodebuild[23000:44965102] [MT] IDELaunchParametersSnapshot: debugger version lookup failed for path '<nil>': noURL
2026-10-03 19:37:38.642 xcodebuild[23000:44965102] [MT] IDELaunchParametersSnapshot: no debugger version
    t =    11.49s         Setting up automation session
    t =    12.17s         Wait for io.godstone.labmesh to idle
    t =    13.44s Checking existence of `"lab.tab.conversation" Button`
    t =    13.52s Checking existence of `"lab.tab.conversation" Button`
    t =    13.69s Checking existence of `"lab.tab.conversation" Button`
    t =    13.72s Checking existence of `"lab.tab.conversation" Button`
    t =    13.89s Checking existence of `"lab.tab.conversation" Button`
    t =    13.93s Waiting 20.0s for "lab.tab.conversation" Button to exist
    t =    14.96s     Checking `Expect predicate `existsNoRetry == 1` for object "lab.tab.conversation" Button`
    t =    14.96s         Checking existence of `"lab.tab.conversation" Button`
    t =    15.00s Tap "lab.tab.conversation" Button
    t =    15.00s     Wait for io.godstone.labmesh to idle
    t =    15.00s     Find the "lab.tab.conversation" Button
    t =    15.02s     Check for interrupting elements affecting "lab.tab.conversation" Button
    t =    15.03s     Synthesize event
    t =    15.33s     Wait for io.godstone.labmesh to idle
    t =    16.09s Waiting 20.0s for "lab.conversation.durable" Any to exist
    t =    17.13s     Checking `Expect predicate `existsNoRetry == 1` for object "lab.conversation.durable" Any`
    t =    17.13s         Checking existence of `"lab.conversation.durable" Any`
    t =    17.17s Find the "lab.conversation.durable" Any
    t =    17.19s Tear Down
Test Case '-[LabMeshUITests.LabMeshUITests testGSINT001TheDurableSendVerdictSurvivesARelaunch]' passed (17.468 seconds).
Test Case '-[LabMeshUITests.LabMeshUITests testGSINT001TheEssentialRetryControlStandsAndActs]' started.
    t =     0.00s Start Test at 2026-10-03 19:37:44.830
    t =     0.03s Set Up
    t =     0.03s Open io.godstone.labmesh
    t =     0.04s     Launch io.godstone.labmesh
    t =     0.04s         Terminate io.godstone.labmesh:24564
2026-10-03 19:37:45.939 xcodebuild[23000:44965102] [MT] IDELaunchParametersSnapshot: debugger version lookup failed for path '<nil>': noURL
2026-10-03 19:37:45.939 xcodebuild[23000:44965102] [MT] IDELaunchParametersSnapshot: no debugger version
    t =     1.32s         Setting up automation session
    t =     1.92s         Wait for io.godstone.labmesh to idle
    t =     3.18s Checking existence of `"lab.tab.sos" Button`
    t =     3.26s Checking existence of `"lab.tab.sos" Button`
    t =     3.44s Checking existence of `"lab.tab.sos" Button`
    t =     3.46s Checking existence of `"lab.tab.sos" Button`
    t =     3.64s Checking existence of `"lab.tab.sos" Button`
    t =     3.68s Waiting 20.0s for "lab.tab.sos" Button to exist
    t =     4.73s     Checking `Expect predicate `existsNoRetry == 1` for object "lab.tab.sos" Button`
    t =     4.73s         Checking existence of `"lab.tab.sos" Button`
    t =     4.75s Tap "lab.tab.sos" Button
    t =     4.75s     Wait for io.godstone.labmesh to idle
    t =     4.75s     Find the "lab.tab.sos" Button
    t =     4.76s     Check for interrupting elements affecting "lab.tab.sos" Button
    t =     4.78s     Synthesize event
    t =     5.07s     Wait for io.godstone.labmesh to idle
    t =     6.28s Waiting 25.0s for "lab.sos.retry" Button to exist
    t =     7.33s     Checking `Expect predicate `existsNoRetry == 1` for object "lab.sos.retry" Button`
    t =     7.33s         Checking existence of `"lab.sos.retry" Button`
    t =     7.37s Find the "lab.sos.retry" Button
    t =     7.39s Find the "lab.sos.retry" Button
    t =     7.40s Find the "lab.sos.retry" Button
    t =     7.43s Checking existence of `ScrollView (First Match)`
    t =     7.43s Swipe up ScrollView (First Match)
    t =     7.43s     Wait for io.godstone.labmesh to idle
    t =     7.44s     Find the ScrollView (First Match)
    t =     7.45s     Check for interrupting elements affecting ScrollView
    t =     7.46s     Synthesize event
    t =     7.89s     Wait for io.godstone.labmesh to idle
    t =     8.38s Find the "lab.sos.retry" Button
    t =     8.40s Find the "lab.sos.retry" Button
    t =     8.41s Waiting 20.0s for "lab.sos.send" Button to exist
    t =     9.45s     Checking `Expect predicate `existsNoRetry == 1` for object "lab.sos.send" Button`
    t =     9.46s         Checking existence of `"lab.sos.send" Button`
    t =     9.49s Find the "lab.sos.send" Button
    t =     9.51s Tap "lab.sos.send" Button
    t =     9.51s     Wait for io.godstone.labmesh to idle
    t =     9.63s     Find the "lab.sos.send" Button
    t =     9.65s     Check for interrupting elements affecting "lab.sos.send" Button
    t =     9.67s     Synthesize event
    t =     9.96s     Wait for io.godstone.labmesh to idle
    t =     9.96s Waiting 25.0s for "lab.sos.outcome" StaticText to exist
    t =    11.02s     Checking `Expect predicate `existsNoRetry == 1` for object "lab.sos.outcome" StaticText`
    t =    11.02s         Checking existence of `"lab.sos.outcome" StaticText`
    t =    11.05s Find the "lab.sos.outcome" StaticText
    t =    11.07s Tap "lab.sos.retry" Button
    t =    11.07s     Wait for io.godstone.labmesh to idle
    t =    11.07s     Find the "lab.sos.retry" Button
    t =    11.09s     Check for interrupting elements affecting "lab.sos.retry" Button
    t =    11.10s     Synthesize event
    t =    11.39s     Wait for io.godstone.labmesh to idle
    t =    11.41s Find the "lab.sos.outcome" StaticText
    t =    11.43s Find the "lab.sos.outcome" StaticText
    t =    11.45s Tear Down
Test Case '-[LabMeshUITests.LabMeshUITests testGSINT001TheEssentialRetryControlStandsAndActs]' passed (11.732 seconds).
Test Case '-[LabMeshUITests.LabMeshUITests testGSINT001TheLiveTreeCarriesTheRenderedSemantics]' started.
    t =     0.00s Start Test at 2026-10-03 19:37:56.562
    t =     0.03s Set Up
    t =     0.03s Open io.godstone.labmesh
    t =     0.03s     Launch io.godstone.labmesh
    t =     0.03s         Terminate io.godstone.labmesh:24591
2026-10-03 19:37:57.679 xcodebuild[23000:44965102] [MT] IDELaunchParametersSnapshot: debugger version lookup failed for path '<nil>': noURL
2026-10-03 19:37:57.679 xcodebuild[23000:44965102] [MT] IDELaunchParametersSnapshot: no debugger version
    t =     1.33s         Setting up automation session
    t =     2.02s         Wait for io.godstone.labmesh to idle
    t =     3.33s Checking existence of `"lab.tab.conversation" Button`
    t =     3.41s Checking existence of `"lab.tab.conversation" Button`
    t =     3.59s Checking existence of `"lab.tab.conversation" Button`
    t =     3.61s Checking existence of `"lab.tab.conversation" Button`
    t =     3.79s Checking existence of `"lab.tab.conversation" Button`
    t =     3.82s Waiting 20.0s for "lab.tab.conversation" Button to exist
    t =     4.87s     Checking `Expect predicate `existsNoRetry == 1` for object "lab.tab.conversation" Button`
    t =     4.87s         Checking existence of `"lab.tab.conversation" Button`
    t =     4.91s Tap "lab.tab.conversation" Button
    t =     4.91s     Wait for io.godstone.labmesh to idle
    t =     4.91s     Find the "lab.tab.conversation" Button
    t =     4.93s     Check for interrupting elements affecting "lab.tab.conversation" Button
    t =     4.95s     Synthesize event
    t =     5.24s     Wait for io.godstone.labmesh to idle
    t =     5.98s Waiting 20.0s for "lab.conversation.octets" Any to exist
    t =     7.04s     Checking `Expect predicate `existsNoRetry == 1` for object "lab.conversation.octets" Any`
    t =     7.04s         Checking existence of `"lab.conversation.octets" Any`
    t =     7.08s Find the "lab.conversation.octets" Any
    t =     7.10s Find the "lab.conversation.octets" Other
    t =     7.11s Get all elements bound by index for: Descendants matching type Button
    t =     7.13s Checking existence of `Button (Element at index 0)`
    t =     7.15s Find the Button (Element at index 0)
    t =     7.16s Checking existence of `Button (Element at index 1)`
    t =     7.17s Find the Button (Element at index 1)
    t =     7.18s Checking existence of `Button (Element at index 2)`
    t =     7.19s Find the Button (Element at index 2)
    t =     7.20s Checking existence of `Button (Element at index 3)`
    t =     7.21s Find the Button (Element at index 3)
    t =     7.22s Checking existence of `Button (Element at index 4)`
    t =     7.23s Find the Button (Element at index 4)
    t =     7.24s Checking existence of `Button (Element at index 5)`
    t =     7.25s Find the Button (Element at index 5)
    t =     7.26s Checking existence of `Button (Element at index 6)`
    t =     7.27s Find the Button (Element at index 6)
    t =     7.28s Checking existence of `Button (Element at index 7)`
    t =     7.29s Find the Button (Element at index 7)
    t =     7.30s Checking existence of `"lab.tab.contacts" Button`
    t =     7.32s Checking existence of `"lab.tab.contacts" Button`
    t =     7.33s Tap "lab.tab.contacts" Button
    t =     7.33s     Wait for io.godstone.labmesh to idle
    t =     7.33s     Find the "lab.tab.contacts" Button
    t =     7.35s     Check for interrupting elements affecting "lab.tab.contacts" Button
    t =     7.36s     Synthesize event
    t =     7.65s     Wait for io.godstone.labmesh to idle
    t =     9.13s Waiting 20.0s for "lab.trust.status" Any to exist
    t =    10.20s     Checking `Expect predicate `existsNoRetry == 1` for object "lab.trust.status" Any`
    t =    10.20s         Checking existence of `"lab.trust.status" Any`
    t =    10.25s Checking existence of `"lab.tab.sos" Button`
    t =    10.26s Checking existence of `"lab.tab.sos" Button`
    t =    10.28s Tap "lab.tab.sos" Button
    t =    10.28s     Wait for io.godstone.labmesh to idle
    t =    10.28s     Find the "lab.tab.sos" Button
    t =    10.29s     Check for interrupting elements affecting "lab.tab.sos" Button
    t =    10.31s     Synthesize event
    t =    10.60s     Wait for io.godstone.labmesh to idle
    t =    11.88s Waiting 20.0s for "lab.sos.state" Any to exist
    t =    12.95s     Checking `Expect predicate `existsNoRetry == 1` for object "lab.sos.state" Any`
    t =    12.95s         Checking existence of `"lab.sos.state" Any`
    t =    12.99s Find the "lab.sos.state" Any
    t =    13.02s Tear Down
Test Case '-[LabMeshUITests.LabMeshUITests testGSINT001TheLiveTreeCarriesTheRenderedSemantics]' passed (13.304 seconds).
Test Case '-[LabMeshUITests.LabMeshUITests testGSINT001TheSosJourneyRendersAControlRatherThanALabel]' started.
    t =     0.00s Start Test at 2026-10-03 19:38:09.866
    t =     0.02s Set Up
    t =     0.02s Open io.godstone.labmesh
    t =     0.02s     Launch io.godstone.labmesh
    t =     0.02s         Terminate io.godstone.labmesh:24666
2026-10-03 19:38:10.985 xcodebuild[23000:44965102] [MT] IDELaunchParametersSnapshot: debugger version lookup failed for path '<nil>': noURL
2026-10-03 19:38:10.985 xcodebuild[23000:44965102] [MT] IDELaunchParametersSnapshot: no debugger version
    t =     1.33s         Setting up automation session
    t =     2.02s         Wait for io.godstone.labmesh to idle
    t =     3.32s Checking existence of `"lab.tab.sos" Button`
    t =     3.41s Checking existence of `"lab.tab.sos" Button`
    t =     3.58s Checking existence of `"lab.tab.sos" Button`
    t =     3.59s Checking existence of `"lab.tab.sos" Button`
    t =     3.76s Checking existence of `"lab.tab.sos" Button`
    t =     3.79s Waiting 20.0s for "lab.tab.sos" Button to exist
    t =     4.85s     Checking `Expect predicate `existsNoRetry == 1` for object "lab.tab.sos" Button`
    t =     4.85s         Checking existence of `"lab.tab.sos" Button`
    t =     4.90s Tap "lab.tab.sos" Button
    t =     4.90s     Wait for io.godstone.labmesh to idle
    t =     4.90s     Find the "lab.tab.sos" Button
    t =     4.92s     Check for interrupting elements affecting "lab.tab.sos" Button
    t =     4.93s     Synthesize event
    t =     5.22s     Wait for io.godstone.labmesh to idle
    t =     6.63s Waiting 20.0s for "lab.sos.hold" StaticText to exist
    t =     7.69s     Checking `Expect predicate `existsNoRetry == 1` for object "lab.sos.hold" StaticText`
    t =     7.69s         Checking existence of `"lab.sos.hold" StaticText`
    t =     7.73s Checking existence of `"lab.sos.send" Button`
    t =     7.75s Waiting 20.0s for "lab.sos.admitted" StaticText to exist
    t =     8.79s     Checking `Expect predicate `existsNoRetry == 1` for object "lab.sos.admitted" StaticText`
    t =     8.79s         Checking existence of `"lab.sos.admitted" StaticText`
    t =     8.83s Find the "lab.sos.admitted" StaticText
    t =     8.84s Checking existence of `"lab.sos.send" Button`
    t =     8.86s Tap "lab.sos.send" Button
    t =     8.86s     Wait for io.godstone.labmesh to idle
    t =     8.86s     Find the "lab.sos.send" Button
    t =     8.87s     Check for interrupting elements affecting "lab.sos.send" Button
    t =     8.88s     Synthesize event
    t =     9.17s     Wait for io.godstone.labmesh to idle
    t =     9.18s Find the "lab.sos.admitted" StaticText
    t =     9.20s Tear Down
Test Case '-[LabMeshUITests.LabMeshUITests testGSINT001TheSosJourneyRendersAControlRatherThanALabel]' passed (9.467 seconds).
Test Case '-[LabMeshUITests.LabMeshUITests testGSINT001TheTrustControlsCarryTheirExactAccessibilityLabels]' started.
    t =     0.00s Start Test at 2026-10-03 19:38:19.334
    t =     0.03s Set Up
    t =     0.03s Open io.godstone.labmesh
    t =     0.04s     Launch io.godstone.labmesh
    t =     0.04s         Terminate io.godstone.labmesh:24710
2026-10-03 19:38:20.439 xcodebuild[23000:44965102] [MT] IDELaunchParametersSnapshot: debugger version lookup failed for path '<nil>': noURL
2026-10-03 19:38:20.439 xcodebuild[23000:44965102] [MT] IDELaunchParametersSnapshot: no debugger version
    t =     1.31s         Setting up automation session
    t =     1.98s         Wait for io.godstone.labmesh to idle
    t =     3.28s Checking existence of `"lab.tab.contacts" Button`
    t =     3.36s Checking existence of `"lab.tab.contacts" Button`
    t =     3.54s Checking existence of `"lab.tab.contacts" Button`
    t =     3.56s Checking existence of `"lab.tab.contacts" Button`
    t =     3.74s Checking existence of `"lab.tab.contacts" Button`
    t =     3.78s Waiting 20.0s for "lab.tab.contacts" Button to exist
    t =     4.83s     Checking `Expect predicate `existsNoRetry == 1` for object "lab.tab.contacts" Button`
    t =     4.84s         Checking existence of `"lab.tab.contacts" Button`
    t =     4.88s Tap "lab.tab.contacts" Button
    t =     4.88s     Wait for io.godstone.labmesh to idle
    t =     4.88s     Find the "lab.tab.contacts" Button
    t =     4.90s     Check for interrupting elements affecting "lab.tab.contacts" Button
    t =     4.92s     Synthesize event
    t =     5.21s     Wait for io.godstone.labmesh to idle
    t =     6.61s Waiting 20.0s for "lab.trust.confirm" Button to exist
    t =     7.65s     Checking `Expect predicate `existsNoRetry == 1` for object "lab.trust.confirm" Button`
    t =     7.65s         Checking existence of `"lab.trust.confirm" Button`
    t =     7.70s Checking existence of `"lab.trust.approve" Button`
    t =     7.72s Checking existence of `"lab.trust.revoke" Button`
    t =     7.73s Find the "lab.trust.confirm" Button
    t =     7.74s Find the "lab.trust.approve" Button
    t =     7.76s Find the "lab.trust.revoke" Button
    t =     7.77s Waiting 20.0s for "lab.trust.fingerprint" Any to exist
    t =     8.82s     Checking `Expect predicate `existsNoRetry == 1` for object "lab.trust.fingerprint" Any`
    t =     8.82s         Checking existence of `"lab.trust.fingerprint" Any`
    t =     8.86s Find the "lab.trust.fingerprint" Any
    t =     8.87s Tear Down
Test Case '-[LabMeshUITests.LabMeshUITests testGSINT001TheTrustControlsCarryTheirExactAccessibilityLabels]' passed (9.104 seconds).
Test Case '-[LabMeshUITests.LabMeshUITests testGSINT001TheTrustJourneyIsPerformedRatherThanMerelyLabelled]' started.
    t =     0.00s Start Test at 2026-10-03 19:38:28.439
    t =     0.03s Set Up
    t =     0.04s Open io.godstone.labmesh
    t =     0.04s     Launch io.godstone.labmesh
    t =     0.04s         Terminate io.godstone.labmesh:24758
2026-10-03 19:38:29.546 xcodebuild[23000:44965102] [MT] IDELaunchParametersSnapshot: debugger version lookup failed for path '<nil>': noURL
2026-10-03 19:38:29.546 xcodebuild[23000:44965102] [MT] IDELaunchParametersSnapshot: no debugger version
    t =     1.32s         Setting up automation session
    t =     2.04s         Wait for io.godstone.labmesh to idle
    t =     3.34s Checking existence of `"lab.tab.contacts" Button`
    t =     3.41s Checking existence of `"lab.tab.contacts" Button`
    t =     3.58s Checking existence of `"lab.tab.contacts" Button`
    t =     3.61s Checking existence of `"lab.tab.contacts" Button`
    t =     3.79s Checking existence of `"lab.tab.contacts" Button`
    t =     3.82s Waiting 20.0s for "lab.tab.contacts" Button to exist
    t =     4.88s     Checking `Expect predicate `existsNoRetry == 1` for object "lab.tab.contacts" Button`
    t =     4.88s         Checking existence of `"lab.tab.contacts" Button`
    t =     4.92s Tap "lab.tab.contacts" Button
    t =     4.92s     Wait for io.godstone.labmesh to idle
    t =     4.92s     Find the "lab.tab.contacts" Button
    t =     4.94s     Check for interrupting elements affecting "lab.tab.contacts" Button
    t =     4.95s     Synthesize event
    t =     5.24s     Wait for io.godstone.labmesh to idle
    t =     6.59s Waiting 20.0s for "lab.trust.recipient" Button to exist
    t =     7.65s     Checking `Expect predicate `existsNoRetry == 1` for object "lab.trust.recipient" Button`
    t =     7.65s         Checking existence of `"lab.trust.recipient" Button`
    t =     7.69s Waiting 20.0s for "lab.trust.fingerprint" Any to exist
    t =     8.74s     Checking `Expect predicate `existsNoRetry == 1` for object "lab.trust.fingerprint" Any`
    t =     8.74s         Checking existence of `"lab.trust.fingerprint" Any`
    t =     8.80s Find the "lab.trust.fingerprint" Any
    t =     8.83s Waiting 20.0s for "lab.trust.outcome" StaticText to exist
    t =     9.88s     Checking `Expect predicate `existsNoRetry == 1` for object "lab.trust.outcome" StaticText`
    t =     9.88s         Checking existence of `"lab.trust.outcome" StaticText`
    t =     9.91s Waiting 20.0s for "lab.trust.confirm" Button to exist
    t =    10.98s     Checking `Expect predicate `existsNoRetry == 1` for object "lab.trust.confirm" Button`
    t =    10.98s         Checking existence of `"lab.trust.confirm" Button`
    t =    11.01s Find the "lab.trust.confirm" Button
    t =    11.04s Checking existence of `ScrollView (First Match)`
    t =    11.05s Swipe up ScrollView (First Match)
    t =    11.05s     Wait for io.godstone.labmesh to idle
    t =    11.05s     Find the ScrollView (First Match)
    t =    11.06s     Check for interrupting elements affecting ScrollView
    t =    11.07s     Synthesize event
    t =    11.51s     Wait for io.godstone.labmesh to idle
    t =    12.06s Find the "lab.trust.confirm" Button
    t =    12.07s Find the "lab.trust.outcome" StaticText
    t =    12.09s Tap "lab.trust.confirm" Button
    t =    12.09s     Wait for io.godstone.labmesh to idle
    t =    12.09s     Find the "lab.trust.confirm" Button
    t =    12.10s     Check for interrupting elements affecting "lab.trust.confirm" Button
    t =    12.11s     Synthesize event
    t =    12.40s     Wait for io.godstone.labmesh to idle
    t =    13.48s Checking `Expect predicate `label != "idle"` for object "lab.trust.outcome" StaticText`
    t =    13.48s     Find the "lab.trust.outcome" StaticText
    t =    13.51s Waiting 20.0s for "lab.trust.approve" Button to exist
    t =    14.56s     Checking `Expect predicate `existsNoRetry == 1` for object "lab.trust.approve" Button`
    t =    14.57s         Checking existence of `"lab.trust.approve" Button`
    t =    14.60s Find the "lab.trust.approve" Button
    t =    14.63s Find the "lab.trust.outcome" StaticText
    t =    14.65s Tap "lab.trust.approve" Button
    t =    14.65s     Wait for io.godstone.labmesh to idle
    t =    14.65s     Find the "lab.trust.approve" Button
    t =    14.67s     Check for interrupting elements affecting "lab.trust.approve" Button
    t =    14.68s     Synthesize event
    t =    14.98s     Wait for io.godstone.labmesh to idle
    t =    16.05s Checking `Expect predicate `label != "applied: fingerprint confirmed for contact-b087 at generation 0"` for object "lab.trust.outcome" StaticText`
    t =    16.05s     Find the "lab.trust.outcome" StaticText
    t =    16.08s Waiting 20.0s for "lab.trust.revoke" Button to exist
    t =    17.13s     Checking `Expect predicate `existsNoRetry == 1` for object "lab.trust.revoke" Button`
    t =    17.13s         Checking existence of `"lab.trust.revoke" Button`
    t =    17.17s Find the "lab.trust.revoke" Button
    t =    17.19s Find the "lab.trust.outcome" StaticText
    t =    17.21s Tap "lab.trust.revoke" Button
    t =    17.21s     Wait for io.godstone.labmesh to idle
    t =    17.21s     Find the "lab.trust.revoke" Button
    t =    17.22s     Check for interrupting elements affecting "lab.trust.revoke" Button
    t =    17.23s     Synthesize event
    t =    17.52s     Wait for io.godstone.labmesh to idle
    t =    18.60s Checking `Expect predicate `label != "refused: no rotation candidate was displayed for 'A'"` for object "lab.trust.outcome" StaticText`
    t =    18.60s     Find the "lab.trust.outcome" StaticText
    t =    18.63s Tear Down
Test Case '-[LabMeshUITests.LabMeshUITests testGSINT001TheTrustJourneyIsPerformedRatherThanMerelyLabelled]' passed (19.075 seconds).
Test Case '-[LabMeshUITests.LabMeshUITests testGSINT001TheWipeControlReportsTheRuntimesOwnState]' started.
    t =     0.00s Start Test at 2026-10-03 19:38:47.515
    t =     0.03s Set Up
    t =     0.03s Open io.godstone.labmesh
    t =     0.04s     Launch io.godstone.labmesh
    t =     0.04s         Terminate io.godstone.labmesh:24802
2026-10-03 19:38:48.629 xcodebuild[23000:44965102] [MT] IDELaunchParametersSnapshot: debugger version lookup failed for path '<nil>': noURL
2026-10-03 19:38:48.629 xcodebuild[23000:44965102] [MT] IDELaunchParametersSnapshot: no debugger version
    t =     1.32s         Setting up automation session
    t =     2.00s         Wait for io.godstone.labmesh to idle
    t =     3.29s Checking existence of `"lab.tab.diagnostics" Button`
    t =     3.36s Checking existence of `"lab.tab.diagnostics" Button`
    t =     3.54s Checking existence of `"lab.tab.diagnostics" Button`
    t =     3.57s Checking existence of `"lab.tab.diagnostics" Button`
    t =     3.74s Checking existence of `"lab.tab.diagnostics" Button`
    t =     3.78s Waiting 20.0s for "lab.tab.diagnostics" Button to exist
    t =     4.84s     Checking `Expect predicate `existsNoRetry == 1` for object "lab.tab.diagnostics" Button`
    t =     4.84s         Checking existence of `"lab.tab.diagnostics" Button`
    t =     4.88s Tap "lab.tab.diagnostics" Button
    t =     4.88s     Wait for io.godstone.labmesh to idle
    t =     4.88s     Find the "lab.tab.diagnostics" Button
    t =     4.90s     Check for interrupting elements affecting "lab.tab.diagnostics" Button
    t =     4.91s     Synthesize event
    t =     5.20s     Wait for io.godstone.labmesh to idle
    t =     6.63s Waiting 20.0s for "lab.diagnostics.wipestate" StaticText to exist
    t =     7.66s     Checking `Expect predicate `existsNoRetry == 1` for object "lab.diagnostics.wipestate" StaticText`
    t =     7.66s         Checking existence of `"lab.diagnostics.wipestate" StaticText`
    t =     7.70s Find the "lab.diagnostics.wipestate" StaticText
    t =     7.72s Waiting 20.0s for "lab.diagnostics.wiperung" StaticText to exist
    t =     8.78s     Checking `Expect predicate `existsNoRetry == 1` for object "lab.diagnostics.wiperung" StaticText`
    t =     8.78s         Checking existence of `"lab.diagnostics.wiperung" StaticText`
    t =     8.81s Waiting 20.0s for "lab.diagnostics.wipeartifacts" StaticText to exist
    t =     9.86s     Checking `Expect predicate `existsNoRetry == 1` for object "lab.diagnostics.wipeartifacts" StaticText`
    t =     9.86s         Checking existence of `"lab.diagnostics.wipeartifacts" StaticText`
    t =     9.90s Waiting 20.0s for "lab.diagnostics.startuprecovery" StaticText to exist
    t =    10.95s     Checking `Expect predicate `existsNoRetry == 1` for object "lab.diagnostics.startuprecovery" StaticText`
    t =    10.95s         Checking existence of `"lab.diagnostics.startuprecovery" StaticText`
    t =    10.96s Checking existence of `"lab.diagnostics.beginwipe" Button`
    t =    10.97s Find the "lab.diagnostics.beginwipe" Button
    t =    10.98s Waiting 20.0s for "lab.diagnostics.wiperesult" StaticText to exist
    t =    12.03s     Checking `Expect predicate `existsNoRetry == 1` for object "lab.diagnostics.wiperesult" StaticText`
    t =    12.03s         Checking existence of `"lab.diagnostics.wiperesult" StaticText`
    t =    12.06s Tap "lab.diagnostics.beginwipe" Button
    t =    12.06s     Wait for io.godstone.labmesh to idle
    t =    12.06s     Find the "lab.diagnostics.beginwipe" Button
    t =    12.08s     Check for interrupting elements affecting "lab.diagnostics.beginwipe" Button
    t =    12.10s     Synthesize event
    t =    12.38s     Wait for io.godstone.labmesh to idle
    t =    12.38s Find the "lab.diagnostics.wiperesult" StaticText
    t =    12.40s Find the "lab.diagnostics.wiperesult" StaticText
    t =    12.41s Checking existence of `"lab.diagnostics.resumewipe" Button`
    t =    12.42s Find the "lab.diagnostics.resumewipe" Button
    t =    12.44s Checking existence of `ScrollView (First Match)`
    t =    12.44s Swipe up ScrollView (First Match)
    t =    12.44s     Wait for io.godstone.labmesh to idle
    t =    12.45s     Find the ScrollView (First Match)
    t =    12.45s     Check for interrupting elements affecting ScrollView
    t =    12.47s     Synthesize event
    t =    12.92s     Wait for io.godstone.labmesh to idle
    t =    13.36s Find the "lab.diagnostics.resumewipe" Button
    t =    13.37s Tap "lab.diagnostics.resumewipe" Button
    t =    13.37s     Wait for io.godstone.labmesh to idle
    t =    13.38s     Find the "lab.diagnostics.resumewipe" Button
    t =    13.39s     Check for interrupting elements affecting "lab.diagnostics.resumewipe" Button
    t =    13.40s     Synthesize event
    t =    13.69s     Wait for io.godstone.labmesh to idle
    t =    13.70s Waiting 20.0s for "lab.diagnostics.wipeartifacts" StaticText to exist
    t =    14.74s     Checking `Expect predicate `existsNoRetry == 1` for object "lab.diagnostics.wipeartifacts" StaticText`
    t =    14.74s         Checking existence of `"lab.diagnostics.wipeartifacts" StaticText`
    t =    14.76s Find the "lab.diagnostics.wipeartifacts" StaticText
    t =    14.78s Find the "lab.diagnostics.wipeartifacts" StaticText
    t =    14.79s Terminate io.godstone.labmesh:24888
    t =    15.87s Open io.godstone.labmesh
    t =    15.87s     Launch io.godstone.labmesh
2026-10-03 19:39:03.388 xcodebuild[23000:44965102] [MT] IDELaunchParametersSnapshot: debugger version lookup failed for path '<nil>': noURL
2026-10-03 19:39:03.388 xcodebuild[23000:44965102] [MT] IDELaunchParametersSnapshot: no debugger version
    t =    16.08s         Setting up automation session
    t =    16.75s         Wait for io.godstone.labmesh to idle
    t =    18.05s Checking existence of `"lab.tab.diagnostics" Button`
    t =    18.13s Checking existence of `"lab.tab.diagnostics" Button`
    t =    18.31s Checking existence of `"lab.tab.diagnostics" Button`
    t =    18.33s Checking existence of `"lab.tab.diagnostics" Button`
    t =    18.51s Checking existence of `"lab.tab.diagnostics" Button`
    t =    18.54s Waiting 30.0s for "lab.tab.diagnostics" Button to exist
    t =    19.59s     Checking `Expect predicate `existsNoRetry == 1` for object "lab.tab.diagnostics" Button`
    t =    19.60s         Checking existence of `"lab.tab.diagnostics" Button`
    t =    19.63s Tap "lab.tab.diagnostics" Button
    t =    19.63s     Wait for io.godstone.labmesh to idle
    t =    19.64s     Find the "lab.tab.diagnostics" Button
    t =    19.66s     Check for interrupting elements affecting "lab.tab.diagnostics" Button
    t =    19.67s     Synthesize event
    t =    19.96s     Wait for io.godstone.labmesh to idle
    t =    21.28s Waiting 30.0s for "lab.diagnostics.wipestate" StaticText to exist
    t =    22.34s     Checking `Expect predicate `existsNoRetry == 1` for object "lab.diagnostics.wipestate" StaticText`
    t =    22.34s         Checking existence of `"lab.diagnostics.wipestate" StaticText`
    t =    22.37s Find the "lab.diagnostics.wipestate" StaticText
    t =    22.39s Tear Down
Test Case '-[LabMeshUITests.LabMeshUITests testGSINT001TheWipeControlReportsTheRuntimesOwnState]' passed (22.801 seconds).
Test Case '-[LabMeshUITests.LabMeshUITests testGSINT001TypeSelectRecipientAndSendReachesARenderedOutcome]' started.
    t =     0.00s Start Test at 2026-10-03 19:39:10.317
    t =     0.03s Set Up
    t =     0.03s Open io.godstone.labmesh
    t =     0.04s     Launch io.godstone.labmesh
    t =     0.04s         Terminate io.godstone.labmesh:24958
2026-10-03 19:39:11.411 xcodebuild[23000:44965102] [MT] IDELaunchParametersSnapshot: debugger version lookup failed for path '<nil>': noURL
2026-10-03 19:39:11.411 xcodebuild[23000:44965102] [MT] IDELaunchParametersSnapshot: no debugger version
    t =     1.30s         Setting up automation session
    t =     1.89s         Wait for io.godstone.labmesh to idle
    t =     3.16s Checking existence of `"lab.tab.conversation" Button`
    t =     3.25s Checking existence of `"lab.tab.conversation" Button`
    t =     3.43s Checking existence of `"lab.tab.conversation" Button`
    t =     3.45s Checking existence of `"lab.tab.conversation" Button`
    t =     3.63s Checking existence of `"lab.tab.conversation" Button`
    t =     3.66s Waiting 20.0s for "lab.tab.conversation" Button to exist
    t =     4.73s     Checking `Expect predicate `existsNoRetry == 1` for object "lab.tab.conversation" Button`
    t =     4.73s         Checking existence of `"lab.tab.conversation" Button`
    t =     4.76s Tap "lab.tab.conversation" Button
    t =     4.76s     Wait for io.godstone.labmesh to idle
    t =     4.77s     Find the "lab.tab.conversation" Button
    t =     4.79s     Check for interrupting elements affecting "lab.tab.conversation" Button
    t =     4.80s     Synthesize event
    t =     5.09s     Wait for io.godstone.labmesh to idle
    t =     5.86s Waiting 20.0s for "lab.conversation.linkstate" StaticText to exist
    t =     6.93s     Checking `Expect predicate `existsNoRetry == 1` for object "lab.conversation.linkstate" StaticText`
    t =     6.93s         Checking existence of `"lab.conversation.linkstate" StaticText`
    t =     6.96s Checking existence of `"lab.conversation.recipient" Button`
    t =     6.99s Find the "lab.conversation.linkstate" StaticText
    t =     7.01s Tap "lab.conversation.recipient" Button
    t =     7.01s     Wait for io.godstone.labmesh to idle
    t =     7.01s     Find the "lab.conversation.recipient" Button
    t =     7.03s     Check for interrupting elements affecting "lab.conversation.recipient" Button
    t =     7.04s     Synthesize event
    t =     7.33s     Wait for io.godstone.labmesh to idle
    t =     8.46s Waiting 5.0s for "R" Button to exist
    t =     9.52s     Checking `Expect predicate `existsNoRetry == 1` for object "R" Button`
    t =     9.52s         Checking existence of `"R" Button`
    t =     9.57s Tap "R" Button
    t =     9.57s     Wait for io.godstone.labmesh to idle
    t =     9.57s     Find the "R" Button
    t =     9.59s     Check for interrupting elements affecting "R" Button
    t =     9.61s     Synthesize event
    t =     9.89s     Wait for io.godstone.labmesh to idle
    t =    11.33s Find the "lab.conversation.linkstate" StaticText
    t =    11.36s Waiting 20.0s for "lab.conversation.field" TextField to exist
    t =    12.41s     Checking `Expect predicate `existsNoRetry == 1` for object "lab.conversation.field" TextField`
    t =    12.41s         Checking existence of `"lab.conversation.field" TextField`
    t =    12.43s Tap "lab.conversation.field" TextField
    t =    12.44s     Wait for io.godstone.labmesh to idle
    t =    12.44s     Find the "lab.conversation.field" TextField
    t =    12.47s     Check for interrupting elements affecting "lab.conversation.field" TextField
    t =    12.48s     Synthesize event
    t =    12.77s     Wait for io.godstone.labmesh to idle
    t =    13.16s Type 'the mill road is c...' into "lab.conversation.field" TextField
    t =    13.16s     Wait for io.godstone.labmesh to idle
    t =    13.17s     Find the "lab.conversation.field" TextField
    t =    13.21s     Check for interrupting elements affecting "lab.conversation.field" TextField
    t =    13.23s     Synthesize event
    t =    14.20s     Wait for io.godstone.labmesh to idle
    t =    14.20s Checking existence of `"lab.conversation.send" Button`
    t =    14.24s Find the "lab.conversation.send" Button
    t =    14.27s Tap "lab.conversation.send" Button
    t =    14.27s     Wait for io.godstone.labmesh to idle
    t =    14.27s     Find the "lab.conversation.send" Button
    t =    14.29s     Check for interrupting elements affecting "lab.conversation.send" Button
    t =    14.31s     Synthesize event
    t =    14.32s         Scroll element to visible
    t =    14.32s         Find the "lab.conversation.send" Button
    t =    14.35s         Computed hit point {52.25, 318.5} after scrolling to visible
    t =    14.63s     Wait for io.godstone.labmesh to idle
    t =    15.11s Waiting 20.0s for "lab.conversation.outcome" StaticText to exist
    t =    16.17s     Checking `Expect predicate `existsNoRetry == 1` for object "lab.conversation.outcome" StaticText`
    t =    16.17s         Checking existence of `"lab.conversation.outcome" StaticText`
    t =    16.22s Waiting 20.0s for "lab.conversation.admitted" StaticText to exist
    t =    17.29s     Checking `Expect predicate `existsNoRetry == 1` for object "lab.conversation.admitted" StaticText`
    t =    17.29s         Checking existence of `"lab.conversation.admitted" StaticText`
    t =    17.36s Find the "lab.conversation.admitted" StaticText
    t =    17.39s Tap "lab.conversation.send" Button
    t =    17.39s     Wait for io.godstone.labmesh to idle
    t =    17.39s     Find the "lab.conversation.send" Button
    t =    17.42s     Check for interrupting elements affecting "lab.conversation.send" Button
    t =    17.45s     Synthesize event
    t =    17.74s     Wait for io.godstone.labmesh to idle
    t =    17.75s Find the "lab.conversation.admitted" StaticText
    t =    17.78s Checking existence of `"lab.conversation.admitted" StaticText`
    t =    17.80s Waiting 20.0s for "lab.conversation.durable" Any to exist
    t =    18.87s     Checking `Expect predicate `existsNoRetry == 1` for object "lab.conversation.durable" Any`
    t =    18.87s         Checking existence of `"lab.conversation.durable" Any`
    t =    18.92s Waiting 20.0s for "lab.conversation.intent" Any to exist
    t =    19.96s     Checking `Expect predicate `existsNoRetry == 1` for object "lab.conversation.intent" Any`
    t =    19.96s         Checking existence of `"lab.conversation.intent" Any`
    t =    19.99s Find the "lab.conversation.durable" Any
    t =    20.02s Find the "lab.conversation.durable" Other
    t =    20.04s Find the "lab.conversation.outcome" StaticText
    t =    20.06s Tear Down
Test Case '-[LabMeshUITests.LabMeshUITests testGSINT001TypeSelectRecipientAndSendReachesARenderedOutcome]' passed (20.303 seconds).
Test Suite 'LabMeshUITests' passed at 2026-10-03 19:39:30.619.
	 Executed 17 tests, with 0 failures (0 unexpected) in 262.837 (262.849) seconds
Test Suite 'LabMeshUITests.xctest' passed at 2026-10-03 19:39:30.620.
	 Executed 28 tests, with 0 failures (0 unexpected) in 474.604 (474.625) seconds
Test Suite 'All tests' passed at 2026-10-03 19:39:30.621.
	 Executed 28 tests, with 0 failures (0 unexpected) in 474.604 (474.626) seconds
2026-10-03 19:39:30.958 xcodebuild[23000:44965102] [MT] IDETestOperationsObserverDebug: 476.285 elapsed -- Testing started completed.
2026-10-03 19:39:30.958 xcodebuild[23000:44965102] [MT] IDETestOperationsObserverDebug: 0.000 sec, +0.000 sec -- start
2026-10-03 19:39:30.959 xcodebuild[23000:44965102] [MT] IDETestOperationsObserverDebug: 476.285 sec, +476.285 sec -- end

Test session results, code coverage, and logs:
	/Users/oculus/Library/Developer/Xcode/DerivedData/Godstone-dcsmxtfyjnmhzrerxihrahaqtdkr/Logs/Test/Test-LabMeshUI-2026.10.03_19-31-29-+0530.xcresult

** TEST SUCCEEDED **

Testing started
=== scheme GodstoneArchiveUI ===
Command line invocation:
    /Applications/Xcode.app/Contents/Developer/usr/bin/xcodebuild -project ios/Godstone.xcodeproj -scheme GodstoneArchiveUI -configuration LightDebug -destination "platform=iOS Simulator,name=iPhone 17 Pro Max" CODE_SIGNING_ALLOWED=NO test

Build settings from command line:
    CODE_SIGNING_ALLOWED = NO

Resolve Package Graph


Resolved source packages:
  GodstonePackages: /tmp/board1-rc15-work-final/wt_IOS-SOS-RETRY-001/ios/Godstone

ComputePackagePrebuildTargetDependencyGraph

Prepare packages

CreateBuildRequest

SendProjectDescription

CreateBuildOperation

ComputeTargetDependencyGraph
note: Building targets in dependency order
note: Target dependency graph (4 targets)
    Target 'GodstoneArchiveUITests' in project 'Godstone'
        ➜ Explicit dependency on target 'Godstone' in project 'Godstone'
    Target 'Godstone' in project 'Godstone'
        ➜ Explicit dependency on target 'GodstoneCore-product' in project 'GodstonePackages'
    Target 'GodstoneCore-product' in project 'GodstonePackages'
        ➜ Explicit dependency on target 'GodstoneCore' in project 'GodstonePackages'
    Target 'GodstoneCore' in project 'GodstonePackages' (no dependencies)

GatherProvisioningInputs

CreateBuildDescription

ClangStatCache /Applications/Xcode.app/Contents/Developer/Toolchains/XcodeDefault.xctoolchain/usr/bin/clang-stat-cache /Applications/Xcode.app/Contents/Developer/Platforms/iPhoneSimulator.platform/Developer/SDKs/iPhoneSimulator27.0.sdk /Users/oculus/Library/Developer/Xcode/DerivedData/SDKStatCaches.noindex/iphonesimulator27.0-24A430-8dc58220667be655e1bcc261a7455254.sdkstatcache
    cd /tmp/board1-rc15-work-final/wt_IOS-SOS-RETRY-001/ios/Godstone.xcodeproj
    /Applications/Xcode.app/Contents/Developer/Toolchains/XcodeDefault.xctoolchain/usr/bin/clang-stat-cache /Applications/Xcode.app/Contents/Developer/Platforms/iPhoneSimulator.platform/Developer/SDKs/iPhoneSimulator27.0.sdk -o /Users/oculus/Library/Developer/Xcode/DerivedData/SDKStatCaches.noindex/iphonesimulator27.0-24A430-8dc58220667be655e1bcc261a7455254.sdkstatcache

SwiftDriver Godstone normal arm64 com.apple.xcode.tools.swift.compiler (in target 'Godstone' from project 'Godstone')
    cd /tmp/board1-rc15-work-final/wt_IOS-SOS-RETRY-001/ios
    builtin-SwiftDriver -- /Applications/Xcode.app/Contents/Developer/Toolchains/XcodeDefault.xctoolchain/usr/bin/swiftc -module-name Godstone -Onone @/Users/oculus/Library/Developer/Xcode/DerivedData/Godstone-dcsmxtfyjnmhzrerxihrahaqtdkr/Build/Intermediates.noindex/Godstone.build/LightDebug-iphonesimulator/Godstone.build/Objects-normal/arm64/Godstone.SwiftFileList -DDEBUG -DARCHIVE_ONLY -enable-bare-slash-regex -enable-experimental-feature DebugDescriptionMacro -sdk /Applications/Xcode.app/Contents/Developer/Platforms/iPhoneSimulator.platform/Developer/SDKs/iPhoneSimulator27.0.sdk -target arm64-apple-ios16.0-simulator -g -module-cache-path /Users/oculus/Library/Developer/Xcode/DerivedData/ModuleCache.noindex -Xfrontend -serialize-debugging-options -enable-testing -index-store-path /Users/oculus/Library/Developer/Xcode/DerivedData/Godstone-dcsmxtfyjnmhzrerxihrahaqtdkr/Index.noindex/DataStore -Xcc -D_LIBCPP_HARDENING_MODE\=_LIBCPP_HARDENING_MODE_DEBUG -swift-version 5 -I /Users/oculus/Library/Developer/Xcode/DerivedData/Godstone-dcsmxtfyjnmhzrerxihrahaqtdkr/Build/Products/LightDebug-iphonesimulator -F /Users/oculus/Library/Developer/Xcode/DerivedData/Godstone-dcsmxtfyjnmhzrerxihrahaqtdkr/Build/Products/LightDebug-iphonesimulator/PackageFrameworks -F /Users/oculus/Library/Developer/Xcode/DerivedData/Godstone-dcsmxtfyjnmhzrerxihrahaqtdkr/Build/Products/LightDebug-iphonesimulator -c -j10 -enable-batch-mode -incremental -Xcc -ivfsstatcache -Xcc /Users/oculus/Library/Developer/Xcode/DerivedData/SDKStatCaches.noindex/iphonesimulator27.0-24A430-8dc58220667be655e1bcc261a7455254.sdkstatcache -output-file-map /Users/oculus/Library/Developer/Xcode/DerivedData/Godstone-dcsmxtfyjnmhzrerxihrahaqtdkr/Build/Intermediates.noindex/Godstone.build/LightDebug-iphonesimulator/Godstone.build/Objects-normal/arm64/Godstone-OutputFileMap.json -save-temps -no-color-diagnostics -explicit-module-build -module-cache-path /Users/oculus/Library/Developer/Xcode/DerivedData/Godstone-dcsmxtfyjnmhzrerxihrahaqtdkr/Build/Intermediates.noindex/SwiftExplicitPrecompiledModules -clang-scanner-module-cache-path /Users/oculus/Library/Developer/Xcode/DerivedData/ModuleCache.noindex -sdk-module-cache-path /Users/oculus/Library/Developer/Xcode/DerivedData/SDKExplicitPrecompiledModules -emit-dependencies -emit-module -emit-module-path /Users/oculus/Library/Developer/Xcode/DerivedData/Godstone-dcsmxtfyjnmhzrerxihrahaqtdkr/Build/Intermediates.noindex/Godstone.build/LightDebug-iphonesimulator/Godstone.build/Objects-normal/arm64/Godstone.swiftmodule -serialize-diagnostics -dependency-scan-serialize-diagnostics-path /Users/oculus/Library/Developer/Xcode/DerivedData/Godstone-dcsmxtfyjnmhzrerxihrahaqtdkr/Build/Intermediates.noindex/Godstone.build/LightDebug-iphonesimulator/Godstone.build/Objects-normal/arm64/Godstone-dependency-scan.dia -validate-clang-modules-once -clang-build-session-file /Users/oculus/Library/Developer/Xcode/DerivedData/ModuleCache.noindex/Session.modulevalidation -Xcc -fmodules-prune-interval\=86400 -Xcc -fmodules-prune-after\=345600 -emit-const-values -const-gather-protocols-list /Users/oculus/Library/Developer/Xcode/DerivedData/Godstone-dcsmxtfyjnmhzrerxihrahaqtdkr/Build/Intermediates.noindex/Godstone.build/LightDebug-iphonesimulator/Godstone.build/Objects-normal/arm64/Godstone_const_extract_protocols.json -Xcc -iquote -Xcc /Users/oculus/Library/Developer/Xcode/DerivedData/Godstone-dcsmxtfyjnmhzrerxihrahaqtdkr/Build/Intermediates.noindex/Godstone.build/LightDebug-iphonesimulator/Godstone.build/Godstone-generated-files.hmap -Xcc -I/Users/oculus/Library/Developer/Xcode/DerivedData/Godstone-dcsmxtfyjnmhzrerxihrahaqtdkr/Build/Intermediates.noindex/Godstone.build/LightDebug-iphonesimulator/Godstone.build/Godstone-own-target-headers.hmap -Xcc -I/Users/oculus/Library/Developer/Xcode/DerivedData/Godstone-dcsmxtfyjnmhzrerxihrahaqtdkr/Build/Intermediates.noindex/Godstone.build/LightDebug-iphonesimulator/Godstone.build/Godstone-all-non-framework-target-headers.hmap -Xcc -ivfsoverlay -Xcc /Users/oculus/Library/Developer/Xcode/DerivedData/Godstone-dcsmxtfyjnmhzrerxihrahaqtdkr/Build/Intermediates.noindex/Godstone.build/LightDebug-iphonesimulator/Godstone-4fea8a13e8e9aefd7e747d7a3bbbcde9-VFS-iphonesimulator/all-product-headers.yaml -Xcc -iquote -Xcc /Users/oculus/Library/Developer/Xcode/DerivedData/Godstone-dcsmxtfyjnmhzrerxihrahaqtdkr/Build/Intermediates.noindex/Godstone.build/LightDebug-iphonesimulator/Godstone.build/Godstone-project-headers.hmap -Xcc -I/Users/oculus/Library/Developer/Xcode/DerivedData/Godstone-dcsmxtfyjnmhzrerxihrahaqtdkr/Build/Products/LightDebug-iphonesimulator/include -Xcc -I/Users/oculus/Library/Developer/Xcode/DerivedData/Godstone-dcsmxtfyjnmhzrerxihrahaqtdkr/Build/Intermediates.noindex/Godstone.build/LightDebug-iphonesimulator/Godstone.build/DerivedSources-normal/arm64 -Xcc -I/Users/oculus/Library/Developer/Xcode/DerivedData/Godstone-dcsmxtfyjnmhzrerxihrahaqtdkr/Build/Intermediates.noindex/Godstone.build/LightDebug-iphonesimulator/Godstone.build/DerivedSources/arm64 -Xcc -I/Users/oculus/Library/Developer/Xcode/DerivedData/Godstone-dcsmxtfyjnmhzrerxihrahaqtdkr/Build/Intermediates.noindex/Godstone.build/LightDebug-iphonesimulator/Godstone.build/DerivedSources -Xcc -DDEBUG\=1 -emit-objc-header -emit-objc-header-path /Users/oculus/Library/Developer/Xcode/DerivedData/Godstone-dcsmxtfyjnmhzrerxihrahaqtdkr/Build/Intermediates.noindex/Godstone.build/LightDebug-iphonesimulator/Godstone.build/Objects-normal/arm64/Godstone-Swift.h -working-directory /tmp/board1-rc15-work-final/wt_IOS-SOS-RETRY-001/ios -experimental-emit-module-separately -disable-cmo

ProcessInfoPlistFile /Users/oculus/Library/Developer/Xcode/DerivedData/Godstone-dcsmxtfyjnmhzrerxihrahaqtdkr/Build/Products/LightDebug-iphonesimulator/Godstone.app/Info.plist /tmp/board1-rc15-work-final/wt_IOS-SOS-RETRY-001/ios/Godstone/Info.plist (in target 'Godstone' from project 'Godstone')
    cd /tmp/board1-rc15-work-final/wt_IOS-SOS-RETRY-001/ios
    builtin-infoPlistUtility /tmp/board1-rc15-work-final/wt_IOS-SOS-RETRY-001/ios/Godstone/Info.plist -producttype com.apple.product-type.application -genpkginfo /Users/oculus/Library/Developer/Xcode/DerivedData/Godstone-dcsmxtfyjnmhzrerxihrahaqtdkr/Build/Products/LightDebug-iphonesimulator/Godstone.app/PkgInfo -expandbuildsettings -format binary -platform iphonesimulator -o /Users/oculus/Library/Developer/Xcode/DerivedData/Godstone-dcsmxtfyjnmhzrerxihrahaqtdkr/Build/Products/LightDebug-iphonesimulator/Godstone.app/Info.plist

CpResource /Users/oculus/Library/Developer/Xcode/DerivedData/Godstone-dcsmxtfyjnmhzrerxihrahaqtdkr/Build/Products/LightDebug-iphonesimulator/Godstone.app/PrivacyInfo.xcprivacy /tmp/board1-rc15-work-final/wt_IOS-SOS-RETRY-001/ios/Godstone/PrivacyInfo.xcprivacy (in target 'Godstone' from project 'Godstone')
    cd /tmp/board1-rc15-work-final/wt_IOS-SOS-RETRY-001/ios
    builtin-copy -exclude .DS_Store -exclude CVS -exclude .svn -exclude .git -exclude .hg -resolve-src-symlinks /tmp/board1-rc15-work-final/wt_IOS-SOS-RETRY-001/ios/Godstone/PrivacyInfo.xcprivacy /Users/oculus/Library/Developer/Xcode/DerivedData/Godstone-dcsmxtfyjnmhzrerxihrahaqtdkr/Build/Products/LightDebug-iphonesimulator/Godstone.app

SwiftCompile normal arm64 Compiling\ RootView.swift /tmp/board1-rc15-work-final/wt_IOS-SOS-RETRY-001/ios/Godstone/Sources/App/RootView.swift (in target 'Godstone' from project 'Godstone')

SwiftCompile normal arm64 /tmp/board1-rc15-work-final/wt_IOS-SOS-RETRY-001/ios/Godstone/Sources/App/RootView.swift (in target 'Godstone' from project 'Godstone')
    cd /tmp/board1-rc15-work-final/wt_IOS-SOS-RETRY-001/ios
    builtin-SwiftPerFileCompile RootView.swift

SwiftCompile normal arm64 Compiling\ GodstoneApp.swift /tmp/board1-rc15-work-final/wt_IOS-SOS-RETRY-001/ios/Godstone/Sources/App/GodstoneApp.swift (in target 'Godstone' from project 'Godstone')

SwiftCompile normal arm64 /tmp/board1-rc15-work-final/wt_IOS-SOS-RETRY-001/ios/Godstone/Sources/App/GodstoneApp.swift (in target 'Godstone' from project 'Godstone')
    cd /tmp/board1-rc15-work-final/wt_IOS-SOS-RETRY-001/ios
    builtin-SwiftPerFileCompile GodstoneApp.swift

SwiftCompile normal arm64 Compiling\ AppContainer.swift /tmp/board1-rc15-work-final/wt_IOS-SOS-RETRY-001/ios/Godstone/Sources/App/AppContainer.swift (in target 'Godstone' from project 'Godstone')

SwiftCompile normal arm64 /tmp/board1-rc15-work-final/wt_IOS-SOS-RETRY-001/ios/Godstone/Sources/App/AppContainer.swift (in target 'Godstone' from project 'Godstone')
    cd /tmp/board1-rc15-work-final/wt_IOS-SOS-RETRY-001/ios
    builtin-SwiftPerFileCompile AppContainer.swift

SwiftCompile normal arm64 Compiling\ ArchiveView.swift /tmp/board1-rc15-work-final/wt_IOS-SOS-RETRY-001/ios/Godstone/Sources/App/ArchiveView.swift (in target 'Godstone' from project 'Godstone')

SwiftCompile normal arm64 /tmp/board1-rc15-work-final/wt_IOS-SOS-RETRY-001/ios/Godstone/Sources/App/ArchiveView.swift (in target 'Godstone' from project 'Godstone')
    cd /tmp/board1-rc15-work-final/wt_IOS-SOS-RETRY-001/ios
    builtin-SwiftPerFileCompile ArchiveView.swift

SwiftCompile normal arm64 Compiling\ GodstoneTheme.swift /tmp/board1-rc15-work-final/wt_IOS-SOS-RETRY-001/ios/Godstone/Sources/App/GodstoneTheme.swift (in target 'Godstone' from project 'Godstone')

SwiftCompile normal arm64 /tmp/board1-rc15-work-final/wt_IOS-SOS-RETRY-001/ios/Godstone/Sources/App/GodstoneTheme.swift (in target 'Godstone' from project 'Godstone')
    cd /tmp/board1-rc15-work-final/wt_IOS-SOS-RETRY-001/ios
    builtin-SwiftPerFileCompile GodstoneTheme.swift

SwiftEmitModule normal arm64 Emitting\ module\ for\ Godstone (in target 'Godstone' from project 'Godstone')

SwiftCompile normal arm64 (in target 'Godstone' from project 'Godstone')
    cd /tmp/board1-rc15-work-final/wt_IOS-SOS-RETRY-001/ios
    

SwiftDriverJobDiscovery normal arm64 Compiling GodstoneTheme.swift (in target 'Godstone' from project 'Godstone')

SwiftDriverJobDiscovery normal arm64 Compiling RootView.swift (in target 'Godstone' from project 'Godstone')

SwiftDriverJobDiscovery normal arm64 Compiling GodstoneApp.swift (in target 'Godstone' from project 'Godstone')

SwiftDriverJobDiscovery normal arm64 Compiling AppContainer.swift (in target 'Godstone' from project 'Godstone')

SwiftDriverJobDiscovery normal arm64 Emitting module for Godstone (in target 'Godstone' from project 'Godstone')

SwiftDriver\ Compilation\ Requirements Godstone normal arm64 com.apple.xcode.tools.swift.compiler (in target 'Godstone' from project 'Godstone')
    cd /tmp/board1-rc15-work-final/wt_IOS-SOS-RETRY-001/ios
    builtin-Swift-Compilation-Requirements -- /Applications/Xcode.app/Contents/Developer/Toolchains/XcodeDefault.xctoolchain/usr/bin/swiftc -module-name Godstone -Onone @/Users/oculus/Library/Developer/Xcode/DerivedData/Godstone-dcsmxtfyjnmhzrerxihrahaqtdkr/Build/Intermediates.noindex/Godstone.build/LightDebug-iphonesimulator/Godstone.build/Objects-normal/arm64/Godstone.SwiftFileList -DDEBUG -DARCHIVE_ONLY -enable-bare-slash-regex -enable-experimental-feature DebugDescriptionMacro -sdk /Applications/Xcode.app/Contents/Developer/Platforms/iPhoneSimulator.platform/Developer/SDKs/iPhoneSimulator27.0.sdk -target arm64-apple-ios16.0-simulator -g -module-cache-path /Users/oculus/Library/Developer/Xcode/DerivedData/ModuleCache.noindex -Xfrontend -serialize-debugging-options -enable-testing -index-store-path /Users/oculus/Library/Developer/Xcode/DerivedData/Godstone-dcsmxtfyjnmhzrerxihrahaqtdkr/Index.noindex/DataStore -Xcc -D_LIBCPP_HARDENING_MODE\=_LIBCPP_HARDENING_MODE_DEBUG -swift-version 5 -I /Users/oculus/Library/Developer/Xcode/DerivedData/Godstone-dcsmxtfyjnmhzrerxihrahaqtdkr/Build/Products/LightDebug-iphonesimulator -F /Users/oculus/Library/Developer/Xcode/DerivedData/Godstone-dcsmxtfyjnmhzrerxihrahaqtdkr/Build/Products/LightDebug-iphonesimulator/PackageFrameworks -F /Users/oculus/Library/Developer/Xcode/DerivedData/Godstone-dcsmxtfyjnmhzrerxihrahaqtdkr/Build/Products/LightDebug-iphonesimulator -c -j10 -enable-batch-mode -incremental -Xcc -ivfsstatcache -Xcc /Users/oculus/Library/Developer/Xcode/DerivedData/SDKStatCaches.noindex/iphonesimulator27.0-24A430-8dc58220667be655e1bcc261a7455254.sdkstatcache -output-file-map /Users/oculus/Library/Developer/Xcode/DerivedData/Godstone-dcsmxtfyjnmhzrerxihrahaqtdkr/Build/Intermediates.noindex/Godstone.build/LightDebug-iphonesimulator/Godstone.build/Objects-normal/arm64/Godstone-OutputFileMap.json -save-temps -no-color-diagnostics -explicit-module-build -module-cache-path /Users/oculus/Library/Developer/Xcode/DerivedData/Godstone-dcsmxtfyjnmhzrerxihrahaqtdkr/Build/Intermediates.noindex/SwiftExplicitPrecompiledModules -clang-scanner-module-cache-path /Users/oculus/Library/Developer/Xcode/DerivedData/ModuleCache.noindex -sdk-module-cache-path /Users/oculus/Library/Developer/Xcode/DerivedData/SDKExplicitPrecompiledModules -emit-dependencies -emit-module -emit-module-path /Users/oculus/Library/Developer/Xcode/DerivedData/Godstone-dcsmxtfyjnmhzrerxihrahaqtdkr/Build/Intermediates.noindex/Godstone.build/LightDebug-iphonesimulator/Godstone.build/Objects-normal/arm64/Godstone.swiftmodule -serialize-diagnostics -dependency-scan-serialize-diagnostics-path /Users/oculus/Library/Developer/Xcode/DerivedData/Godstone-dcsmxtfyjnmhzrerxihrahaqtdkr/Build/Intermediates.noindex/Godstone.build/LightDebug-iphonesimulator/Godstone.build/Objects-normal/arm64/Godstone-dependency-scan.dia -validate-clang-modules-once -clang-build-session-file /Users/oculus/Library/Developer/Xcode/DerivedData/ModuleCache.noindex/Session.modulevalidation -Xcc -fmodules-prune-interval\=86400 -Xcc -fmodules-prune-after\=345600 -emit-const-values -const-gather-protocols-list /Users/oculus/Library/Developer/Xcode/DerivedData/Godstone-dcsmxtfyjnmhzrerxihrahaqtdkr/Build/Intermediates.noindex/Godstone.build/LightDebug-iphonesimulator/Godstone.build/Objects-normal/arm64/Godstone_const_extract_protocols.json -Xcc -iquote -Xcc /Users/oculus/Library/Developer/Xcode/DerivedData/Godstone-dcsmxtfyjnmhzrerxihrahaqtdkr/Build/Intermediates.noindex/Godstone.build/LightDebug-iphonesimulator/Godstone.build/Godstone-generated-files.hmap -Xcc -I/Users/oculus/Library/Developer/Xcode/DerivedData/Godstone-dcsmxtfyjnmhzrerxihrahaqtdkr/Build/Intermediates.noindex/Godstone.build/LightDebug-iphonesimulator/Godstone.build/Godstone-own-target-headers.hmap -Xcc -I/Users/oculus/Library/Developer/Xcode/DerivedData/Godstone-dcsmxtfyjnmhzrerxihrahaqtdkr/Build/Intermediates.noindex/Godstone.build/LightDebug-iphonesimulator/Godstone.build/Godstone-all-non-framework-target-headers.hmap -Xcc -ivfsoverlay -Xcc /Users/oculus/Library/Developer/Xcode/DerivedData/Godstone-dcsmxtfyjnmhzrerxihrahaqtdkr/Build/Intermediates.noindex/Godstone.build/LightDebug-iphonesimulator/Godstone-4fea8a13e8e9aefd7e747d7a3bbbcde9-VFS-iphonesimulator/all-product-headers.yaml -Xcc -iquote -Xcc /Users/oculus/Library/Developer/Xcode/DerivedData/Godstone-dcsmxtfyjnmhzrerxihrahaqtdkr/Build/Intermediates.noindex/Godstone.build/LightDebug-iphonesimulator/Godstone.build/Godstone-project-headers.hmap -Xcc -I/Users/oculus/Library/Developer/Xcode/DerivedData/Godstone-dcsmxtfyjnmhzrerxihrahaqtdkr/Build/Products/LightDebug-iphonesimulator/include -Xcc -I/Users/oculus/Library/Developer/Xcode/DerivedData/Godstone-dcsmxtfyjnmhzrerxihrahaqtdkr/Build/Intermediates.noindex/Godstone.build/LightDebug-iphonesimulator/Godstone.build/DerivedSources-normal/arm64 -Xcc -I/Users/oculus/Library/Developer/Xcode/DerivedData/Godstone-dcsmxtfyjnmhzrerxihrahaqtdkr/Build/Intermediates.noindex/Godstone.build/LightDebug-iphonesimulator/Godstone.build/DerivedSources/arm64 -Xcc -I/Users/oculus/Library/Developer/Xcode/DerivedData/Godstone-dcsmxtfyjnmhzrerxihrahaqtdkr/Build/Intermediates.noindex/Godstone.build/LightDebug-iphonesimulator/Godstone.build/DerivedSources -Xcc -DDEBUG\=1 -emit-objc-header -emit-objc-header-path /Users/oculus/Library/Developer/Xcode/DerivedData/Godstone-dcsmxtfyjnmhzrerxihrahaqtdkr/Build/Intermediates.noindex/Godstone.build/LightDebug-iphonesimulator/Godstone.build/Objects-normal/arm64/Godstone-Swift.h -working-directory /tmp/board1-rc15-work-final/wt_IOS-SOS-RETRY-001/ios -experimental-emit-module-separately -disable-cmo

Copy /Users/oculus/Library/Developer/Xcode/DerivedData/Godstone-dcsmxtfyjnmhzrerxihrahaqtdkr/Build/Products/LightDebug-iphonesimulator/Godstone.swiftmodule/arm64-apple-ios-simulator.abi.json /Users/oculus/Library/Developer/Xcode/DerivedData/Godstone-dcsmxtfyjnmhzrerxihrahaqtdkr/Build/Intermediates.noindex/Godstone.build/LightDebug-iphonesimulator/Godstone.build/Objects-normal/arm64/Godstone.abi.json (in target 'Godstone' from project 'Godstone')
    cd /tmp/board1-rc15-work-final/wt_IOS-SOS-RETRY-001/ios
    builtin-copy -exclude .DS_Store -exclude CVS -exclude .svn -exclude .git -exclude .hg -resolve-src-symlinks -rename /Users/oculus/Library/Developer/Xcode/DerivedData/Godstone-dcsmxtfyjnmhzrerxihrahaqtdkr/Build/Intermediates.noindex/Godstone.build/LightDebug-iphonesimulator/Godstone.build/Objects-normal/arm64/Godstone.abi.json /Users/oculus/Library/Developer/Xcode/DerivedData/Godstone-dcsmxtfyjnmhzrerxihrahaqtdkr/Build/Products/LightDebug-iphonesimulator/Godstone.swiftmodule/arm64-apple-ios-simulator.abi.json

Copy /Users/oculus/Library/Developer/Xcode/DerivedData/Godstone-dcsmxtfyjnmhzrerxihrahaqtdkr/Build/Products/LightDebug-iphonesimulator/Godstone.swiftmodule/Project/arm64-apple-ios-simulator.swiftsourceinfo /Users/oculus/Library/Developer/Xcode/DerivedData/Godstone-dcsmxtfyjnmhzrerxihrahaqtdkr/Build/Intermediates.noindex/Godstone.build/LightDebug-iphonesimulator/Godstone.build/Objects-normal/arm64/Godstone.swiftsourceinfo (in target 'Godstone' from project 'Godstone')
    cd /tmp/board1-rc15-work-final/wt_IOS-SOS-RETRY-001/ios
    builtin-copy -exclude .DS_Store -exclude CVS -exclude .svn -exclude .git -exclude .hg -resolve-src-symlinks -rename /Users/oculus/Library/Developer/Xcode/DerivedData/Godstone-dcsmxtfyjnmhzrerxihrahaqtdkr/Build/Intermediates.noindex/Godstone.build/LightDebug-iphonesimulator/Godstone.build/Objects-normal/arm64/Godstone.swiftsourceinfo /Users/oculus/Library/Developer/Xcode/DerivedData/Godstone-dcsmxtfyjnmhzrerxihrahaqtdkr/Build/Products/LightDebug-iphonesimulator/Godstone.swiftmodule/Project/arm64-apple-ios-simulator.swiftsourceinfo

SwiftDriver GodstoneArchiveUITests normal arm64 com.apple.xcode.tools.swift.compiler (in target 'GodstoneArchiveUITests' from project 'Godstone')
    cd /tmp/board1-rc15-work-final/wt_IOS-SOS-RETRY-001/ios
    builtin-SwiftDriver -- /Applications/Xcode.app/Contents/Developer/Toolchains/XcodeDefault.xctoolchain/usr/bin/swiftc -module-name GodstoneArchiveUITests -Onone @/Users/oculus/Library/Developer/Xcode/DerivedData/Godstone-dcsmxtfyjnmhzrerxihrahaqtdkr/Build/Intermediates.noindex/Godstone.build/LightDebug-iphonesimulator/GodstoneArchiveUITests.build/Objects-normal/arm64/GodstoneArchiveUITests.SwiftFileList -DDEBUG -module-alias Testing\=_Testing_Unavailable -plugin-path /Applications/Xcode.app/Contents/Developer/Toolchains/XcodeDefault.xctoolchain/usr/lib/swift/host/plugins/testing -enable-bare-slash-regex -enable-experimental-feature DebugDescriptionMacro -sdk /Applications/Xcode.app/Contents/Developer/Platforms/iPhoneSimulator.platform/Developer/SDKs/iPhoneSimulator27.0.sdk -target arm64-apple-ios16.0-simulator -g -module-cache-path /Users/oculus/Library/Developer/Xcode/DerivedData/ModuleCache.noindex -Xfrontend -serialize-debugging-options -enable-testing -index-store-path /Users/oculus/Library/Developer/Xcode/DerivedData/Godstone-dcsmxtfyjnmhzrerxihrahaqtdkr/Index.noindex/DataStore -Xcc -D_LIBCPP_HARDENING_MODE\=_LIBCPP_HARDENING_MODE_DEBUG -swift-version 5 -I /Users/oculus/Library/Developer/Xcode/DerivedData/Godstone-dcsmxtfyjnmhzrerxihrahaqtdkr/Build/Products/LightDebug-iphonesimulator -Isystem /Applications/Xcode.app/Contents/Developer/Platforms/iPhoneSimulator.platform/Developer/usr/lib -F /Users/oculus/Library/Developer/Xcode/DerivedData/Godstone-dcsmxtfyjnmhzrerxihrahaqtdkr/Build/Products/LightDebug-iphonesimulator -F /Applications/Xcode.app/Contents/Developer/Platforms/iPhoneSimulator.platform/Developer/Library/Frameworks -F /Applications/Xcode.app/Contents/Developer/Platforms/iPhoneSimulator.platform/Developer/SDKs/iPhoneSimulator27.0.sdk/Developer/Library/Frameworks -parse-as-library -c -j10 -enable-batch-mode -incremental -Xcc -ivfsstatcache -Xcc /Users/oculus/Library/Developer/Xcode/DerivedData/SDKStatCaches.noindex/iphonesimulator27.0-24A430-8dc58220667be655e1bcc261a7455254.sdkstatcache -output-file-map /Users/oculus/Library/Developer/Xcode/DerivedData/Godstone-dcsmxtfyjnmhzrerxihrahaqtdkr/Build/Intermediates.noindex/Godstone.build/LightDebug-iphonesimulator/GodstoneArchiveUITests.build/Objects-normal/arm64/GodstoneArchiveUITests-OutputFileMap.json -save-temps -no-color-diagnostics -explicit-module-build -module-cache-path /Users/oculus/Library/Developer/Xcode/DerivedData/Godstone-dcsmxtfyjnmhzrerxihrahaqtdkr/Build/Intermediates.noindex/SwiftExplicitPrecompiledModules -clang-scanner-module-cache-path /Users/oculus/Library/Developer/Xcode/DerivedData/ModuleCache.noindex -sdk-module-cache-path /Users/oculus/Library/Developer/Xcode/DerivedData/SDKExplicitPrecompiledModules -emit-dependencies -emit-module -emit-module-path /Users/oculus/Library/Developer/Xcode/DerivedData/Godstone-dcsmxtfyjnmhzrerxihrahaqtdkr/Build/Intermediates.noindex/Godstone.build/LightDebug-iphonesimulator/GodstoneArchiveUITests.build/Objects-normal/arm64/GodstoneArchiveUITests.swiftmodule -serialize-diagnostics -dependency-scan-serialize-diagnostics-path /Users/oculus/Library/Developer/Xcode/DerivedData/Godstone-dcsmxtfyjnmhzrerxihrahaqtdkr/Build/Intermediates.noindex/Godstone.build/LightDebug-iphonesimulator/GodstoneArchiveUITests.build/Objects-normal/arm64/GodstoneArchiveUITests-dependency-scan.dia -validate-clang-modules-once -clang-build-session-file /Users/oculus/Library/Developer/Xcode/DerivedData/ModuleCache.noindex/Session.modulevalidation -Xcc -fmodules-prune-interval\=86400 -Xcc -fmodules-prune-after\=345600 -emit-const-values -const-gather-protocols-list /Users/oculus/Library/Developer/Xcode/DerivedData/Godstone-dcsmxtfyjnmhzrerxihrahaqtdkr/Build/Intermediates.noindex/Godstone.build/LightDebug-iphonesimulator/GodstoneArchiveUITests.build/Objects-normal/arm64/GodstoneArchiveUITests_const_extract_protocols.json -Xcc -iquote -Xcc /Users/oculus/Library/Developer/Xcode/DerivedData/Godstone-dcsmxtfyjnmhzrerxihrahaqtdkr/Build/Intermediates.noindex/Godstone.build/LightDebug-iphonesimulator/GodstoneArchiveUITests.build/GodstoneArchiveUITests-generated-files.hmap -Xcc -I/Users/oculus/Library/Developer/Xcode/DerivedData/Godstone-dcsmxtfyjnmhzrerxihrahaqtdkr/Build/Intermediates.noindex/Godstone.build/LightDebug-iphonesimulator/GodstoneArchiveUITests.build/GodstoneArchiveUITests-own-target-headers.hmap -Xcc -I/Users/oculus/Library/Developer/Xcode/DerivedData/Godstone-dcsmxtfyjnmhzrerxihrahaqtdkr/Build/Intermediates.noindex/Godstone.build/LightDebug-iphonesimulator/GodstoneArchiveUITests.build/GodstoneArchiveUITests-all-non-framework-target-headers.hmap -Xcc -ivfsoverlay -Xcc /Users/oculus/Library/Developer/Xcode/DerivedData/Godstone-dcsmxtfyjnmhzrerxihrahaqtdkr/Build/Intermediates.noindex/Godstone.build/LightDebug-iphonesimulator/Godstone-4fea8a13e8e9aefd7e747d7a3bbbcde9-VFS-iphonesimulator/all-product-headers.yaml -Xcc -iquote -Xcc /Users/oculus/Library/Developer/Xcode/DerivedData/Godstone-dcsmxtfyjnmhzrerxihrahaqtdkr/Build/Intermediates.noindex/Godstone.build/LightDebug-iphonesimulator/GodstoneArchiveUITests.build/GodstoneArchiveUITests-project-headers.hmap -Xcc -I/Users/oculus/Library/Developer/Xcode/DerivedData/Godstone-dcsmxtfyjnmhzrerxihrahaqtdkr/Build/Products/LightDebug-iphonesimulator/include -Xcc -I/Users/oculus/Library/Developer/Xcode/DerivedData/Godstone-dcsmxtfyjnmhzrerxihrahaqtdkr/Build/Intermediates.noindex/Godstone.build/LightDebug-iphonesimulator/GodstoneArchiveUITests.build/DerivedSources-normal/arm64 -Xcc -I/Users/oculus/Library/Developer/Xcode/DerivedData/Godstone-dcsmxtfyjnmhzrerxihrahaqtdkr/Build/Intermediates.noindex/Godstone.build/LightDebug-iphonesimulator/GodstoneArchiveUITests.build/DerivedSources/arm64 -Xcc -I/Users/oculus/Library/Developer/Xcode/DerivedData/Godstone-dcsmxtfyjnmhzrerxihrahaqtdkr/Build/Intermediates.noindex/Godstone.build/LightDebug-iphonesimulator/GodstoneArchiveUITests.build/DerivedSources -Xcc -DDEBUG\=1 -emit-objc-header -emit-objc-header-path /Users/oculus/Library/Developer/Xcode/DerivedData/Godstone-dcsmxtfyjnmhzrerxihrahaqtdkr/Build/Intermediates.noindex/Godstone.build/LightDebug-iphonesimulator/GodstoneArchiveUITests.build/Objects-normal/arm64/GodstoneArchiveUITests-Swift.h -working-directory /tmp/board1-rc15-work-final/wt_IOS-SOS-RETRY-001/ios -experimental-emit-module-separately -disable-cmo

SwiftEmitModule normal arm64 Emitting\ module\ for\ GodstoneArchiveUITests (in target 'GodstoneArchiveUITests' from project 'Godstone')

SwiftCompile normal arm64 (in target 'GodstoneArchiveUITests' from project 'Godstone')
    cd /tmp/board1-rc15-work-final/wt_IOS-SOS-RETRY-001/ios
    

SwiftCompile normal arm64 Compiling\ GodstoneArchiveUITests.swift /tmp/board1-rc15-work-final/wt_IOS-SOS-RETRY-001/ios/Godstone/Tests/GodstoneArchiveUITests/GodstoneArchiveUITests.swift (in target 'GodstoneArchiveUITests' from project 'Godstone')

SwiftCompile normal arm64 /tmp/board1-rc15-work-final/wt_IOS-SOS-RETRY-001/ios/Godstone/Tests/GodstoneArchiveUITests/GodstoneArchiveUITests.swift (in target 'GodstoneArchiveUITests' from project 'Godstone')
    cd /tmp/board1-rc15-work-final/wt_IOS-SOS-RETRY-001/ios
    builtin-SwiftPerFileCompile GodstoneArchiveUITests.swift

SwiftDriverJobDiscovery normal arm64 Emitting module for GodstoneArchiveUITests (in target 'GodstoneArchiveUITests' from project 'Godstone')

SwiftDriver\ Compilation\ Requirements GodstoneArchiveUITests normal arm64 com.apple.xcode.tools.swift.compiler (in target 'GodstoneArchiveUITests' from project 'Godstone')
    cd /tmp/board1-rc15-work-final/wt_IOS-SOS-RETRY-001/ios
    builtin-Swift-Compilation-Requirements -- /Applications/Xcode.app/Contents/Developer/Toolchains/XcodeDefault.xctoolchain/usr/bin/swiftc -module-name GodstoneArchiveUITests -Onone @/Users/oculus/Library/Developer/Xcode/DerivedData/Godstone-dcsmxtfyjnmhzrerxihrahaqtdkr/Build/Intermediates.noindex/Godstone.build/LightDebug-iphonesimulator/GodstoneArchiveUITests.build/Objects-normal/arm64/GodstoneArchiveUITests.SwiftFileList -DDEBUG -module-alias Testing\=_Testing_Unavailable -plugin-path /Applications/Xcode.app/Contents/Developer/Toolchains/XcodeDefault.xctoolchain/usr/lib/swift/host/plugins/testing -enable-bare-slash-regex -enable-experimental-feature DebugDescriptionMacro -sdk /Applications/Xcode.app/Contents/Developer/Platforms/iPhoneSimulator.platform/Developer/SDKs/iPhoneSimulator27.0.sdk -target arm64-apple-ios16.0-simulator -g -module-cache-path /Users/oculus/Library/Developer/Xcode/DerivedData/ModuleCache.noindex -Xfrontend -serialize-debugging-options -enable-testing -index-store-path /Users/oculus/Library/Developer/Xcode/DerivedData/Godstone-dcsmxtfyjnmhzrerxihrahaqtdkr/Index.noindex/DataStore -Xcc -D_LIBCPP_HARDENING_MODE\=_LIBCPP_HARDENING_MODE_DEBUG -swift-version 5 -I /Users/oculus/Library/Developer/Xcode/DerivedData/Godstone-dcsmxtfyjnmhzrerxihrahaqtdkr/Build/Products/LightDebug-iphonesimulator -Isystem /Applications/Xcode.app/Contents/Developer/Platforms/iPhoneSimulator.platform/Developer/usr/lib -F /Users/oculus/Library/Developer/Xcode/DerivedData/Godstone-dcsmxtfyjnmhzrerxihrahaqtdkr/Build/Products/LightDebug-iphonesimulator -F /Applications/Xcode.app/Contents/Developer/Platforms/iPhoneSimulator.platform/Developer/Library/Frameworks -F /Applications/Xcode.app/Contents/Developer/Platforms/iPhoneSimulator.platform/Developer/SDKs/iPhoneSimulator27.0.sdk/Developer/Library/Frameworks -parse-as-library -c -j10 -enable-batch-mode -incremental -Xcc -ivfsstatcache -Xcc /Users/oculus/Library/Developer/Xcode/DerivedData/SDKStatCaches.noindex/iphonesimulator27.0-24A430-8dc58220667be655e1bcc261a7455254.sdkstatcache -output-file-map /Users/oculus/Library/Developer/Xcode/DerivedData/Godstone-dcsmxtfyjnmhzrerxihrahaqtdkr/Build/Intermediates.noindex/Godstone.build/LightDebug-iphonesimulator/GodstoneArchiveUITests.build/Objects-normal/arm64/GodstoneArchiveUITests-OutputFileMap.json -save-temps -no-color-diagnostics -explicit-module-build -module-cache-path /Users/oculus/Library/Developer/Xcode/DerivedData/Godstone-dcsmxtfyjnmhzrerxihrahaqtdkr/Build/Intermediates.noindex/SwiftExplicitPrecompiledModules -clang-scanner-module-cache-path /Users/oculus/Library/Developer/Xcode/DerivedData/ModuleCache.noindex -sdk-module-cache-path /Users/oculus/Library/Developer/Xcode/DerivedData/SDKExplicitPrecompiledModules -emit-dependencies -emit-module -emit-module-path /Users/oculus/Library/Developer/Xcode/DerivedData/Godstone-dcsmxtfyjnmhzrerxihrahaqtdkr/Build/Intermediates.noindex/Godstone.build/LightDebug-iphonesimulator/GodstoneArchiveUITests.build/Objects-normal/arm64/GodstoneArchiveUITests.swiftmodule -serialize-diagnostics -dependency-scan-serialize-diagnostics-path /Users/oculus/Library/Developer/Xcode/DerivedData/Godstone-dcsmxtfyjnmhzrerxihrahaqtdkr/Build/Intermediates.noindex/Godstone.build/LightDebug-iphonesimulator/GodstoneArchiveUITests.build/Objects-normal/arm64/GodstoneArchiveUITests-dependency-scan.dia -validate-clang-modules-once -clang-build-session-file /Users/oculus/Library/Developer/Xcode/DerivedData/ModuleCache.noindex/Session.modulevalidation -Xcc -fmodules-prune-interval\=86400 -Xcc -fmodules-prune-after\=345600 -emit-const-values -const-gather-protocols-list /Users/oculus/Library/Developer/Xcode/DerivedData/Godstone-dcsmxtfyjnmhzrerxihrahaqtdkr/Build/Intermediates.noindex/Godstone.build/LightDebug-iphonesimulator/GodstoneArchiveUITests.build/Objects-normal/arm64/GodstoneArchiveUITests_const_extract_protocols.json -Xcc -iquote -Xcc /Users/oculus/Library/Developer/Xcode/DerivedData/Godstone-dcsmxtfyjnmhzrerxihrahaqtdkr/Build/Intermediates.noindex/Godstone.build/LightDebug-iphonesimulator/GodstoneArchiveUITests.build/GodstoneArchiveUITests-generated-files.hmap -Xcc -I/Users/oculus/Library/Developer/Xcode/DerivedData/Godstone-dcsmxtfyjnmhzrerxihrahaqtdkr/Build/Intermediates.noindex/Godstone.build/LightDebug-iphonesimulator/GodstoneArchiveUITests.build/GodstoneArchiveUITests-own-target-headers.hmap -Xcc -I/Users/oculus/Library/Developer/Xcode/DerivedData/Godstone-dcsmxtfyjnmhzrerxihrahaqtdkr/Build/Intermediates.noindex/Godstone.build/LightDebug-iphonesimulator/GodstoneArchiveUITests.build/GodstoneArchiveUITests-all-non-framework-target-headers.hmap -Xcc -ivfsoverlay -Xcc /Users/oculus/Library/Developer/Xcode/DerivedData/Godstone-dcsmxtfyjnmhzrerxihrahaqtdkr/Build/Intermediates.noindex/Godstone.build/LightDebug-iphonesimulator/Godstone-4fea8a13e8e9aefd7e747d7a3bbbcde9-VFS-iphonesimulator/all-product-headers.yaml -Xcc -iquote -Xcc /Users/oculus/Library/Developer/Xcode/DerivedData/Godstone-dcsmxtfyjnmhzrerxihrahaqtdkr/Build/Intermediates.noindex/Godstone.build/LightDebug-iphonesimulator/GodstoneArchiveUITests.build/GodstoneArchiveUITests-project-headers.hmap -Xcc -I/Users/oculus/Library/Developer/Xcode/DerivedData/Godstone-dcsmxtfyjnmhzrerxihrahaqtdkr/Build/Products/LightDebug-iphonesimulator/include -Xcc -I/Users/oculus/Library/Developer/Xcode/DerivedData/Godstone-dcsmxtfyjnmhzrerxihrahaqtdkr/Build/Intermediates.noindex/Godstone.build/LightDebug-iphonesimulator/GodstoneArchiveUITests.build/DerivedSources-normal/arm64 -Xcc -I/Users/oculus/Library/Developer/Xcode/DerivedData/Godstone-dcsmxtfyjnmhzrerxihrahaqtdkr/Build/Intermediates.noindex/Godstone.build/LightDebug-iphonesimulator/GodstoneArchiveUITests.build/DerivedSources/arm64 -Xcc -I/Users/oculus/Library/Developer/Xcode/DerivedData/Godstone-dcsmxtfyjnmhzrerxihrahaqtdkr/Build/Intermediates.noindex/Godstone.build/LightDebug-iphonesimulator/GodstoneArchiveUITests.build/DerivedSources -Xcc -DDEBUG\=1 -emit-objc-header -emit-objc-header-path /Users/oculus/Library/Developer/Xcode/DerivedData/Godstone-dcsmxtfyjnmhzrerxihrahaqtdkr/Build/Intermediates.noindex/Godstone.build/LightDebug-iphonesimulator/GodstoneArchiveUITests.build/Objects-normal/arm64/GodstoneArchiveUITests-Swift.h -working-directory /tmp/board1-rc15-work-final/wt_IOS-SOS-RETRY-001/ios -experimental-emit-module-separately -disable-cmo

Copy /Users/oculus/Library/Developer/Xcode/DerivedData/Godstone-dcsmxtfyjnmhzrerxihrahaqtdkr/Build/Products/LightDebug-iphonesimulator/GodstoneArchiveUITests.swiftmodule/Project/arm64-apple-ios-simulator.swiftsourceinfo /Users/oculus/Library/Developer/Xcode/DerivedData/Godstone-dcsmxtfyjnmhzrerxihrahaqtdkr/Build/Intermediates.noindex/Godstone.build/LightDebug-iphonesimulator/GodstoneArchiveUITests.build/Objects-normal/arm64/GodstoneArchiveUITests.swiftsourceinfo (in target 'GodstoneArchiveUITests' from project 'Godstone')
    cd /tmp/board1-rc15-work-final/wt_IOS-SOS-RETRY-001/ios
    builtin-copy -exclude .DS_Store -exclude CVS -exclude .svn -exclude .git -exclude .hg -resolve-src-symlinks -rename /Users/oculus/Library/Developer/Xcode/DerivedData/Godstone-dcsmxtfyjnmhzrerxihrahaqtdkr/Build/Intermediates.noindex/Godstone.build/LightDebug-iphonesimulator/GodstoneArchiveUITests.build/Objects-normal/arm64/GodstoneArchiveUITests.swiftsourceinfo /Users/oculus/Library/Developer/Xcode/DerivedData/Godstone-dcsmxtfyjnmhzrerxihrahaqtdkr/Build/Products/LightDebug-iphonesimulator/GodstoneArchiveUITests.swiftmodule/Project/arm64-apple-ios-simulator.swiftsourceinfo

Copy /Users/oculus/Library/Developer/Xcode/DerivedData/Godstone-dcsmxtfyjnmhzrerxihrahaqtdkr/Build/Products/LightDebug-iphonesimulator/GodstoneArchiveUITests.swiftmodule/arm64-apple-ios-simulator.abi.json /Users/oculus/Library/Developer/Xcode/DerivedData/Godstone-dcsmxtfyjnmhzrerxihrahaqtdkr/Build/Intermediates.noindex/Godstone.build/LightDebug-iphonesimulator/GodstoneArchiveUITests.build/Objects-normal/arm64/GodstoneArchiveUITests.abi.json (in target 'GodstoneArchiveUITests' from project 'Godstone')
    cd /tmp/board1-rc15-work-final/wt_IOS-SOS-RETRY-001/ios
    builtin-copy -exclude .DS_Store -exclude CVS -exclude .svn -exclude .git -exclude .hg -resolve-src-symlinks -rename /Users/oculus/Library/Developer/Xcode/DerivedData/Godstone-dcsmxtfyjnmhzrerxihrahaqtdkr/Build/Intermediates.noindex/Godstone.build/LightDebug-iphonesimulator/GodstoneArchiveUITests.build/Objects-normal/arm64/GodstoneArchiveUITests.abi.json /Users/oculus/Library/Developer/Xcode/DerivedData/Godstone-dcsmxtfyjnmhzrerxihrahaqtdkr/Build/Products/LightDebug-iphonesimulator/GodstoneArchiveUITests.swiftmodule/arm64-apple-ios-simulator.abi.json

SwiftDriverJobDiscovery normal arm64 Compiling GodstoneArchiveUITests.swift (in target 'GodstoneArchiveUITests' from project 'Godstone')

SwiftDriver\ Compilation GodstoneArchiveUITests normal arm64 com.apple.xcode.tools.swift.compiler (in target 'GodstoneArchiveUITests' from project 'Godstone')
    cd /tmp/board1-rc15-work-final/wt_IOS-SOS-RETRY-001/ios
    builtin-Swift-Compilation -- /Applications/Xcode.app/Contents/Developer/Toolchains/XcodeDefault.xctoolchain/usr/bin/swiftc -module-name GodstoneArchiveUITests -Onone @/Users/oculus/Library/Developer/Xcode/DerivedData/Godstone-dcsmxtfyjnmhzrerxihrahaqtdkr/Build/Intermediates.noindex/Godstone.build/LightDebug-iphonesimulator/GodstoneArchiveUITests.build/Objects-normal/arm64/GodstoneArchiveUITests.SwiftFileList -DDEBUG -module-alias Testing\=_Testing_Unavailable -plugin-path /Applications/Xcode.app/Contents/Developer/Toolchains/XcodeDefault.xctoolchain/usr/lib/swift/host/plugins/testing -enable-bare-slash-regex -enable-experimental-feature DebugDescriptionMacro -sdk /Applications/Xcode.app/Contents/Developer/Platforms/iPhoneSimulator.platform/Developer/SDKs/iPhoneSimulator27.0.sdk -target arm64-apple-ios16.0-simulator -g -module-cache-path /Users/oculus/Library/Developer/Xcode/DerivedData/ModuleCache.noindex -Xfrontend -serialize-debugging-options -enable-testing -index-store-path /Users/oculus/Library/Developer/Xcode/DerivedData/Godstone-dcsmxtfyjnmhzrerxihrahaqtdkr/Index.noindex/DataStore -Xcc -D_LIBCPP_HARDENING_MODE\=_LIBCPP_HARDENING_MODE_DEBUG -swift-version 5 -I /Users/oculus/Library/Developer/Xcode/DerivedData/Godstone-dcsmxtfyjnmhzrerxihrahaqtdkr/Build/Products/LightDebug-iphonesimulator -Isystem /Applications/Xcode.app/Contents/Developer/Platforms/iPhoneSimulator.platform/Developer/usr/lib -F /Users/oculus/Library/Developer/Xcode/DerivedData/Godstone-dcsmxtfyjnmhzrerxihrahaqtdkr/Build/Products/LightDebug-iphonesimulator -F /Applications/Xcode.app/Contents/Developer/Platforms/iPhoneSimulator.platform/Developer/Library/Frameworks -F /Applications/Xcode.app/Contents/Developer/Platforms/iPhoneSimulator.platform/Developer/SDKs/iPhoneSimulator27.0.sdk/Developer/Library/Frameworks -parse-as-library -c -j10 -enable-batch-mode -incremental -Xcc -ivfsstatcache -Xcc /Users/oculus/Library/Developer/Xcode/DerivedData/SDKStatCaches.noindex/iphonesimulator27.0-24A430-8dc58220667be655e1bcc261a7455254.sdkstatcache -output-file-map /Users/oculus/Library/Developer/Xcode/DerivedData/Godstone-dcsmxtfyjnmhzrerxihrahaqtdkr/Build/Intermediates.noindex/Godstone.build/LightDebug-iphonesimulator/GodstoneArchiveUITests.build/Objects-normal/arm64/GodstoneArchiveUITests-OutputFileMap.json -save-temps -no-color-diagnostics -explicit-module-build -module-cache-path /Users/oculus/Library/Developer/Xcode/DerivedData/Godstone-dcsmxtfyjnmhzrerxihrahaqtdkr/Build/Intermediates.noindex/SwiftExplicitPrecompiledModules -clang-scanner-module-cache-path /Users/oculus/Library/Developer/Xcode/DerivedData/ModuleCache.noindex -sdk-module-cache-path /Users/oculus/Library/Developer/Xcode/DerivedData/SDKExplicitPrecompiledModules -emit-dependencies -emit-module -emit-module-path /Users/oculus/Library/Developer/Xcode/DerivedData/Godstone-dcsmxtfyjnmhzrerxihrahaqtdkr/Build/Intermediates.noindex/Godstone.build/LightDebug-iphonesimulator/GodstoneArchiveUITests.build/Objects-normal/arm64/GodstoneArchiveUITests.swiftmodule -serialize-diagnostics -dependency-scan-serialize-diagnostics-path /Users/oculus/Library/Developer/Xcode/DerivedData/Godstone-dcsmxtfyjnmhzrerxihrahaqtdkr/Build/Intermediates.noindex/Godstone.build/LightDebug-iphonesimulator/GodstoneArchiveUITests.build/Objects-normal/arm64/GodstoneArchiveUITests-dependency-scan.dia -validate-clang-modules-once -clang-build-session-file /Users/oculus/Library/Developer/Xcode/DerivedData/ModuleCache.noindex/Session.modulevalidation -Xcc -fmodules-prune-interval\=86400 -Xcc -fmodules-prune-after\=345600 -emit-const-values -const-gather-protocols-list /Users/oculus/Library/Developer/Xcode/DerivedData/Godstone-dcsmxtfyjnmhzrerxihrahaqtdkr/Build/Intermediates.noindex/Godstone.build/LightDebug-iphonesimulator/GodstoneArchiveUITests.build/Objects-normal/arm64/GodstoneArchiveUITests_const_extract_protocols.json -Xcc -iquote -Xcc /Users/oculus/Library/Developer/Xcode/DerivedData/Godstone-dcsmxtfyjnmhzrerxihrahaqtdkr/Build/Intermediates.noindex/Godstone.build/LightDebug-iphonesimulator/GodstoneArchiveUITests.build/GodstoneArchiveUITests-generated-files.hmap -Xcc -I/Users/oculus/Library/Developer/Xcode/DerivedData/Godstone-dcsmxtfyjnmhzrerxihrahaqtdkr/Build/Intermediates.noindex/Godstone.build/LightDebug-iphonesimulator/GodstoneArchiveUITests.build/GodstoneArchiveUITests-own-target-headers.hmap -Xcc -I/Users/oculus/Library/Developer/Xcode/DerivedData/Godstone-dcsmxtfyjnmhzrerxihrahaqtdkr/Build/Intermediates.noindex/Godstone.build/LightDebug-iphonesimulator/GodstoneArchiveUITests.build/GodstoneArchiveUITests-all-non-framework-target-headers.hmap -Xcc -ivfsoverlay -Xcc /Users/oculus/Library/Developer/Xcode/DerivedData/Godstone-dcsmxtfyjnmhzrerxihrahaqtdkr/Build/Intermediates.noindex/Godstone.build/LightDebug-iphonesimulator/Godstone-4fea8a13e8e9aefd7e747d7a3bbbcde9-VFS-iphonesimulator/all-product-headers.yaml -Xcc -iquote -Xcc /Users/oculus/Library/Developer/Xcode/DerivedData/Godstone-dcsmxtfyjnmhzrerxihrahaqtdkr/Build/Intermediates.noindex/Godstone.build/LightDebug-iphonesimulator/GodstoneArchiveUITests.build/GodstoneArchiveUITests-project-headers.hmap -Xcc -I/Users/oculus/Library/Developer/Xcode/DerivedData/Godstone-dcsmxtfyjnmhzrerxihrahaqtdkr/Build/Products/LightDebug-iphonesimulator/include -Xcc -I/Users/oculus/Library/Developer/Xcode/DerivedData/Godstone-dcsmxtfyjnmhzrerxihrahaqtdkr/Build/Intermediates.noindex/Godstone.build/LightDebug-iphonesimulator/GodstoneArchiveUITests.build/DerivedSources-normal/arm64 -Xcc -I/Users/oculus/Library/Developer/Xcode/DerivedData/Godstone-dcsmxtfyjnmhzrerxihrahaqtdkr/Build/Intermediates.noindex/Godstone.build/LightDebug-iphonesimulator/GodstoneArchiveUITests.build/DerivedSources/arm64 -Xcc -I/Users/oculus/Library/Developer/Xcode/DerivedData/Godstone-dcsmxtfyjnmhzrerxihrahaqtdkr/Build/Intermediates.noindex/Godstone.build/LightDebug-iphonesimulator/GodstoneArchiveUITests.build/DerivedSources -Xcc -DDEBUG\=1 -emit-objc-header -emit-objc-header-path /Users/oculus/Library/Developer/Xcode/DerivedData/Godstone-dcsmxtfyjnmhzrerxihrahaqtdkr/Build/Intermediates.noindex/Godstone.build/LightDebug-iphonesimulator/GodstoneArchiveUITests.build/Objects-normal/arm64/GodstoneArchiveUITests-Swift.h -working-directory /tmp/board1-rc15-work-final/wt_IOS-SOS-RETRY-001/ios -experimental-emit-module-separately -disable-cmo

SwiftDriverJobDiscovery normal arm64 Compiling ArchiveView.swift (in target 'Godstone' from project 'Godstone')

SwiftDriver\ Compilation Godstone normal arm64 com.apple.xcode.tools.swift.compiler (in target 'Godstone' from project 'Godstone')
    cd /tmp/board1-rc15-work-final/wt_IOS-SOS-RETRY-001/ios
    builtin-Swift-Compilation -- /Applications/Xcode.app/Contents/Developer/Toolchains/XcodeDefault.xctoolchain/usr/bin/swiftc -module-name Godstone -Onone @/Users/oculus/Library/Developer/Xcode/DerivedData/Godstone-dcsmxtfyjnmhzrerxihrahaqtdkr/Build/Intermediates.noindex/Godstone.build/LightDebug-iphonesimulator/Godstone.build/Objects-normal/arm64/Godstone.SwiftFileList -DDEBUG -DARCHIVE_ONLY -enable-bare-slash-regex -enable-experimental-feature DebugDescriptionMacro -sdk /Applications/Xcode.app/Contents/Developer/Platforms/iPhoneSimulator.platform/Developer/SDKs/iPhoneSimulator27.0.sdk -target arm64-apple-ios16.0-simulator -g -module-cache-path /Users/oculus/Library/Developer/Xcode/DerivedData/ModuleCache.noindex -Xfrontend -serialize-debugging-options -enable-testing -index-store-path /Users/oculus/Library/Developer/Xcode/DerivedData/Godstone-dcsmxtfyjnmhzrerxihrahaqtdkr/Index.noindex/DataStore -Xcc -D_LIBCPP_HARDENING_MODE\=_LIBCPP_HARDENING_MODE_DEBUG -swift-version 5 -I /Users/oculus/Library/Developer/Xcode/DerivedData/Godstone-dcsmxtfyjnmhzrerxihrahaqtdkr/Build/Products/LightDebug-iphonesimulator -F /Users/oculus/Library/Developer/Xcode/DerivedData/Godstone-dcsmxtfyjnmhzrerxihrahaqtdkr/Build/Products/LightDebug-iphonesimulator/PackageFrameworks -F /Users/oculus/Library/Developer/Xcode/DerivedData/Godstone-dcsmxtfyjnmhzrerxihrahaqtdkr/Build/Products/LightDebug-iphonesimulator -c -j10 -enable-batch-mode -incremental -Xcc -ivfsstatcache -Xcc /Users/oculus/Library/Developer/Xcode/DerivedData/SDKStatCaches.noindex/iphonesimulator27.0-24A430-8dc58220667be655e1bcc261a7455254.sdkstatcache -output-file-map /Users/oculus/Library/Developer/Xcode/DerivedData/Godstone-dcsmxtfyjnmhzrerxihrahaqtdkr/Build/Intermediates.noindex/Godstone.build/LightDebug-iphonesimulator/Godstone.build/Objects-normal/arm64/Godstone-OutputFileMap.json -save-temps -no-color-diagnostics -explicit-module-build -module-cache-path /Users/oculus/Library/Developer/Xcode/DerivedData/Godstone-dcsmxtfyjnmhzrerxihrahaqtdkr/Build/Intermediates.noindex/SwiftExplicitPrecompiledModules -clang-scanner-module-cache-path /Users/oculus/Library/Developer/Xcode/DerivedData/ModuleCache.noindex -sdk-module-cache-path /Users/oculus/Library/Developer/Xcode/DerivedData/SDKExplicitPrecompiledModules -emit-dependencies -emit-module -emit-module-path /Users/oculus/Library/Developer/Xcode/DerivedData/Godstone-dcsmxtfyjnmhzrerxihrahaqtdkr/Build/Intermediates.noindex/Godstone.build/LightDebug-iphonesimulator/Godstone.build/Objects-normal/arm64/Godstone.swiftmodule -serialize-diagnostics -dependency-scan-serialize-diagnostics-path /Users/oculus/Library/Developer/Xcode/DerivedData/Godstone-dcsmxtfyjnmhzrerxihrahaqtdkr/Build/Intermediates.noindex/Godstone.build/LightDebug-iphonesimulator/Godstone.build/Objects-normal/arm64/Godstone-dependency-scan.dia -validate-clang-modules-once -clang-build-session-file /Users/oculus/Library/Developer/Xcode/DerivedData/ModuleCache.noindex/Session.modulevalidation -Xcc -fmodules-prune-interval\=86400 -Xcc -fmodules-prune-after\=345600 -emit-const-values -const-gather-protocols-list /Users/oculus/Library/Developer/Xcode/DerivedData/Godstone-dcsmxtfyjnmhzrerxihrahaqtdkr/Build/Intermediates.noindex/Godstone.build/LightDebug-iphonesimulator/Godstone.build/Objects-normal/arm64/Godstone_const_extract_protocols.json -Xcc -iquote -Xcc /Users/oculus/Library/Developer/Xcode/DerivedData/Godstone-dcsmxtfyjnmhzrerxihrahaqtdkr/Build/Intermediates.noindex/Godstone.build/LightDebug-iphonesimulator/Godstone.build/Godstone-generated-files.hmap -Xcc -I/Users/oculus/Library/Developer/Xcode/DerivedData/Godstone-dcsmxtfyjnmhzrerxihrahaqtdkr/Build/Intermediates.noindex/Godstone.build/LightDebug-iphonesimulator/Godstone.build/Godstone-own-target-headers.hmap -Xcc -I/Users/oculus/Library/Developer/Xcode/DerivedData/Godstone-dcsmxtfyjnmhzrerxihrahaqtdkr/Build/Intermediates.noindex/Godstone.build/LightDebug-iphonesimulator/Godstone.build/Godstone-all-non-framework-target-headers.hmap -Xcc -ivfsoverlay -Xcc /Users/oculus/Library/Developer/Xcode/DerivedData/Godstone-dcsmxtfyjnmhzrerxihrahaqtdkr/Build/Intermediates.noindex/Godstone.build/LightDebug-iphonesimulator/Godstone-4fea8a13e8e9aefd7e747d7a3bbbcde9-VFS-iphonesimulator/all-product-headers.yaml -Xcc -iquote -Xcc /Users/oculus/Library/Developer/Xcode/DerivedData/Godstone-dcsmxtfyjnmhzrerxihrahaqtdkr/Build/Intermediates.noindex/Godstone.build/LightDebug-iphonesimulator/Godstone.build/Godstone-project-headers.hmap -Xcc -I/Users/oculus/Library/Developer/Xcode/DerivedData/Godstone-dcsmxtfyjnmhzrerxihrahaqtdkr/Build/Products/LightDebug-iphonesimulator/include -Xcc -I/Users/oculus/Library/Developer/Xcode/DerivedData/Godstone-dcsmxtfyjnmhzrerxihrahaqtdkr/Build/Intermediates.noindex/Godstone.build/LightDebug-iphonesimulator/Godstone.build/DerivedSources-normal/arm64 -Xcc -I/Users/oculus/Library/Developer/Xcode/DerivedData/Godstone-dcsmxtfyjnmhzrerxihrahaqtdkr/Build/Intermediates.noindex/Godstone.build/LightDebug-iphonesimulator/Godstone.build/DerivedSources/arm64 -Xcc -I/Users/oculus/Library/Developer/Xcode/DerivedData/Godstone-dcsmxtfyjnmhzrerxihrahaqtdkr/Build/Intermediates.noindex/Godstone.build/LightDebug-iphonesimulator/Godstone.build/DerivedSources -Xcc -DDEBUG\=1 -emit-objc-header -emit-objc-header-path /Users/oculus/Library/Developer/Xcode/DerivedData/Godstone-dcsmxtfyjnmhzrerxihrahaqtdkr/Build/Intermediates.noindex/Godstone.build/LightDebug-iphonesimulator/Godstone.build/Objects-normal/arm64/Godstone-Swift.h -working-directory /tmp/board1-rc15-work-final/wt_IOS-SOS-RETRY-001/ios -experimental-emit-module-separately -disable-cmo

ExtractAppIntentsMetadata (in target 'Godstone' from project 'Godstone')
    cd /tmp/board1-rc15-work-final/wt_IOS-SOS-RETRY-001/ios
    /Applications/Xcode.app/Contents/Developer/Toolchains/XcodeDefault.xctoolchain/usr/bin/appintentsmetadataprocessor --toolchain-dir /Applications/Xcode.app/Contents/Developer/Toolchains/XcodeDefault.xctoolchain --module-name Godstone --sdk-root /Applications/Xcode.app/Contents/Developer/Platforms/iPhoneSimulator.platform/Developer/SDKs/iPhoneSimulator27.0.sdk --xcode-version 27A266a --platform-family iOS --deployment-target 16.0 --bundle-identifier io.godstone.app --output /Users/oculus/Library/Developer/Xcode/DerivedData/Godstone-dcsmxtfyjnmhzrerxihrahaqtdkr/Build/Products/LightDebug-iphonesimulator/Godstone.app --target-triple arm64-apple-ios16.0-simulator --binary-file /Users/oculus/Library/Developer/Xcode/DerivedData/Godstone-dcsmxtfyjnmhzrerxihrahaqtdkr/Build/Products/LightDebug-iphonesimulator/Godstone.app/Godstone --dependency-file /Users/oculus/Library/Developer/Xcode/DerivedData/Godstone-dcsmxtfyjnmhzrerxihrahaqtdkr/Build/Intermediates.noindex/Godstone.build/LightDebug-iphonesimulator/Godstone.build/Objects-normal/arm64/Godstone_dependency_info.dat --stringsdata-file /Users/oculus/Library/Developer/Xcode/DerivedData/Godstone-dcsmxtfyjnmhzrerxihrahaqtdkr/Build/Intermediates.noindex/Godstone.build/LightDebug-iphonesimulator/Godstone.build/Objects-normal/arm64/ExtractedAppShortcutsMetadata.stringsdata --source-file-list /Users/oculus/Library/Developer/Xcode/DerivedData/Godstone-dcsmxtfyjnmhzrerxihrahaqtdkr/Build/Intermediates.noindex/Godstone.build/LightDebug-iphonesimulator/Godstone.build/Objects-normal/arm64/Godstone.SwiftFileList --metadata-file-list /Users/oculus/Library/Developer/Xcode/DerivedData/Godstone-dcsmxtfyjnmhzrerxihrahaqtdkr/Build/Intermediates.noindex/Godstone.build/LightDebug-iphonesimulator/Godstone.build/Godstone.DependencyMetadataFileList --static-metadata-file-list /Users/oculus/Library/Developer/Xcode/DerivedData/Godstone-dcsmxtfyjnmhzrerxihrahaqtdkr/Build/Intermediates.noindex/Godstone.build/LightDebug-iphonesimulator/Godstone.build/Godstone.DependencyStaticMetadataFileList --swift-const-vals-list /Users/oculus/Library/Developer/Xcode/DerivedData/Godstone-dcsmxtfyjnmhzrerxihrahaqtdkr/Build/Intermediates.noindex/Godstone.build/LightDebug-iphonesimulator/Godstone.build/Objects-normal/arm64/Godstone.SwiftConstValuesFileList --compile-time-extraction --deployment-aware-processing --no-app-shortcuts-localization
2026-10-03 19:39:34.794 appintentsmetadataprocessor[25143:44984263] Starting appintentsmetadataprocessor export
2026-10-03 19:39:34.799 appintentsmetadataprocessor[25143:44984263] warning: Metadata extraction skipped, no AppIntents.framework dependency found

CpResource /Users/oculus/Library/Developer/Xcode/DerivedData/Godstone-dcsmxtfyjnmhzrerxihrahaqtdkr/Build/Products/LightDebug-iphonesimulator/GodstoneArchiveUITests-Runner.app/PlugIns/GodstoneArchiveUITests.xctest/PROVENANCE.json /tmp/board1-rc15-work-final/wt_IOS-SOS-RETRY-001/ios/Godstone/Tests/GodstoneArchiveUITests/Fixtures/PROVENANCE.json (in target 'GodstoneArchiveUITests' from project 'Godstone')
    cd /tmp/board1-rc15-work-final/wt_IOS-SOS-RETRY-001/ios
    builtin-copy -exclude .DS_Store -exclude CVS -exclude .svn -exclude .git -exclude .hg -resolve-src-symlinks /tmp/board1-rc15-work-final/wt_IOS-SOS-RETRY-001/ios/Godstone/Tests/GodstoneArchiveUITests/Fixtures/PROVENANCE.json /Users/oculus/Library/Developer/Xcode/DerivedData/Godstone-dcsmxtfyjnmhzrerxihrahaqtdkr/Build/Products/LightDebug-iphonesimulator/GodstoneArchiveUITests-Runner.app/PlugIns/GodstoneArchiveUITests.xctest

CpResource /Users/oculus/Library/Developer/Xcode/DerivedData/Godstone-dcsmxtfyjnmhzrerxihrahaqtdkr/Build/Products/LightDebug-iphonesimulator/GodstoneArchiveUITests-Runner.app/PlugIns/GodstoneArchiveUITests.xctest/archive_light.db /tmp/board1-rc15-work-final/wt_IOS-SOS-RETRY-001/ios/Godstone/Tests/GodstoneArchiveUITests/Fixtures/archive_light.db (in target 'GodstoneArchiveUITests' from project 'Godstone')
    cd /tmp/board1-rc15-work-final/wt_IOS-SOS-RETRY-001/ios
    builtin-copy -exclude .DS_Store -exclude CVS -exclude .svn -exclude .git -exclude .hg -resolve-src-symlinks /tmp/board1-rc15-work-final/wt_IOS-SOS-RETRY-001/ios/Godstone/Tests/GodstoneArchiveUITests/Fixtures/archive_light.db /Users/oculus/Library/Developer/Xcode/DerivedData/Godstone-dcsmxtfyjnmhzrerxihrahaqtdkr/Build/Products/LightDebug-iphonesimulator/GodstoneArchiveUITests-Runner.app/PlugIns/GodstoneArchiveUITests.xctest

ExtractAppIntentsMetadata (in target 'GodstoneArchiveUITests' from project 'Godstone')
    cd /tmp/board1-rc15-work-final/wt_IOS-SOS-RETRY-001/ios
    /Applications/Xcode.app/Contents/Developer/Toolchains/XcodeDefault.xctoolchain/usr/bin/appintentsmetadataprocessor --toolchain-dir /Applications/Xcode.app/Contents/Developer/Toolchains/XcodeDefault.xctoolchain --module-name GodstoneArchiveUITests --sdk-root /Applications/Xcode.app/Contents/Developer/Platforms/iPhoneSimulator.platform/Developer/SDKs/iPhoneSimulator27.0.sdk --xcode-version 27A266a --platform-family iOS --deployment-target 16.0 --bundle-identifier io.godstone.godstonearchiveuitests --output /Users/oculus/Library/Developer/Xcode/DerivedData/Godstone-dcsmxtfyjnmhzrerxihrahaqtdkr/Build/Products/LightDebug-iphonesimulator/GodstoneArchiveUITests-Runner.app/PlugIns/GodstoneArchiveUITests.xctest --target-triple arm64-apple-ios16.0-simulator --binary-file /Users/oculus/Library/Developer/Xcode/DerivedData/Godstone-dcsmxtfyjnmhzrerxihrahaqtdkr/Build/Products/LightDebug-iphonesimulator/GodstoneArchiveUITests-Runner.app/PlugIns/GodstoneArchiveUITests.xctest/GodstoneArchiveUITests --dependency-file /Users/oculus/Library/Developer/Xcode/DerivedData/Godstone-dcsmxtfyjnmhzrerxihrahaqtdkr/Build/Intermediates.noindex/Godstone.build/LightDebug-iphonesimulator/GodstoneArchiveUITests.build/Objects-normal/arm64/GodstoneArchiveUITests_dependency_info.dat --stringsdata-file /Users/oculus/Library/Developer/Xcode/DerivedData/Godstone-dcsmxtfyjnmhzrerxihrahaqtdkr/Build/Intermediates.noindex/Godstone.build/LightDebug-iphonesimulator/GodstoneArchiveUITests.build/Objects-normal/arm64/ExtractedAppShortcutsMetadata.stringsdata --source-file-list /Users/oculus/Library/Developer/Xcode/DerivedData/Godstone-dcsmxtfyjnmhzrerxihrahaqtdkr/Build/Intermediates.noindex/Godstone.build/LightDebug-iphonesimulator/GodstoneArchiveUITests.build/Objects-normal/arm64/GodstoneArchiveUITests.SwiftFileList --metadata-file-list /Users/oculus/Library/Developer/Xcode/DerivedData/Godstone-dcsmxtfyjnmhzrerxihrahaqtdkr/Build/Intermediates.noindex/Godstone.build/LightDebug-iphonesimulator/GodstoneArchiveUITests.build/GodstoneArchiveUITests.DependencyMetadataFileList --static-metadata-file-list /Users/oculus/Library/Developer/Xcode/DerivedData/Godstone-dcsmxtfyjnmhzrerxihrahaqtdkr/Build/Intermediates.noindex/Godstone.build/LightDebug-iphonesimulator/GodstoneArchiveUITests.build/GodstoneArchiveUITests.DependencyStaticMetadataFileList --swift-const-vals-list /Users/oculus/Library/Developer/Xcode/DerivedData/Godstone-dcsmxtfyjnmhzrerxihrahaqtdkr/Build/Intermediates.noindex/Godstone.build/LightDebug-iphonesimulator/GodstoneArchiveUITests.build/Objects-normal/arm64/GodstoneArchiveUITests.SwiftConstValuesFileList --compile-time-extraction --deployment-aware-processing --no-app-shortcuts-localization
2026-10-03 19:39:34.814 appintentsmetadataprocessor[25144:44984266] Starting appintentsmetadataprocessor export
2026-10-03 19:39:34.817 appintentsmetadataprocessor[25144:44984266] warning: Metadata extraction skipped, no AppIntents.framework dependency found

PruneExplicitPrecompiledModules /Users/oculus/Library/Developer/Xcode/DerivedData/Godstone-dcsmxtfyjnmhzrerxihrahaqtdkr/Build/Intermediates.noindex/ExplicitPrecompiledModules

PruneExplicitPrecompiledModules /Users/oculus/Library/Developer/Xcode/DerivedData/SDKExplicitPrecompiledModules

PruneExplicitPrecompiledModules /Users/oculus/Library/Developer/Xcode/DerivedData/Godstone-dcsmxtfyjnmhzrerxihrahaqtdkr/Build/Intermediates.noindex/SwiftExplicitPrecompiledModules

2026-10-03 19:39:35.577704+0530 GodstoneArchiveUITests-Runner[25148:44984395] [Default] Running tests...
    t =      nans Interface orientation changed to Portrait
Test Suite 'All tests' started at 2026-10-03 19:39:36.148.
Test Suite 'GodstoneArchiveUITests.xctest' started at 2026-10-03 19:39:36.149.
Test Suite 'GodstoneArchiveUITests' started at 2026-10-03 19:39:36.149.
Test Case '-[GodstoneArchiveUITests.GodstoneArchiveUITests testARCHIVEPROVAMetadataQueryFaultIsToldSanitisedAndEarnethItsRetry]' started.
    t =     0.00s Start Test at 2026-10-03 19:39:36.149
    t =     0.02s Set Up
Resolve Package Graph
    t =     0.06s Open io.godstone.app
    t =     0.06s     Launch io.godstone.app
2026-10-03 19:39:36.267 xcodebuild[25084:44983878] [MT] IDELaunchParametersSnapshot: debugger version lookup failed for path '<nil>': noURL
2026-10-03 19:39:36.267 xcodebuild[25084:44983878] [MT] IDELaunchParametersSnapshot: no debugger version

objc[25148]: Class UIAccessibilityLoaderWebShared is implemented in both /Library/Developer/CoreSimulator/Volumes/iOS_23F77/Library/Developer/CoreSimulator/Profiles/Runtimes/iOS 26.5.simruntime/Contents/Resources/RuntimeRoot/System/Library/AccessibilityBundles/WebCore.axbundle/WebCore (0x109acc310) and /Library/Developer/CoreSimulator/Volumes/iOS_23F77/Library/Developer/CoreSimulator/Profiles/Runtimes/iOS 26.5.simruntime/Contents/Resources/RuntimeRoot/System/Library/AccessibilityBundles/WebKit.axbundle/WebKit (0x1087e0398). This may cause spurious casting failures and mysterious crashes. One of the duplicates must be removed or renamed.
    t =     0.54s         Setting up automation session
    t =     1.22s         Wait for io.godstone.app to idle
    t =     2.61s Checking existence of `SearchField (First Match)`
    t =     2.69s Waiting 20.0s for Button (First Match) to exist
    t =     3.76s     Checking `Expect predicate `existsNoRetry == 1` for object Button (First Match)`
    t =     3.76s         Checking existence of `Button (First Match)`
    t =     3.81s Tap Button (First Match)
    t =     3.81s     Wait for io.godstone.app to idle
    t =     3.81s     Find the Button (First Match)
    t =     3.84s     Check for interrupting elements affecting "archive.document.1" Button
    t =     3.85s     Synthesize event
    t =     4.14s     Wait for io.godstone.app to idle
    t =     5.02s Waiting 20.0s for "archive.provenance.error" StaticText to exist
    t =     6.09s     Checking `Expect predicate `existsNoRetry == 1` for object "archive.provenance.error" StaticText`
    t =     6.09s         Checking existence of `"archive.provenance.error" StaticText`
    t =     6.15s Find the "archive.provenance.error" StaticText
    t =     6.17s Waiting 20.0s for StaticText (First Match) to exist
    t =     7.24s     Checking `Expect predicate `existsNoRetry == 1` for object StaticText (First Match)`
    t =     7.24s         Checking existence of `StaticText (First Match)`
    t =     7.28s Checking existence of `"Document is empty" StaticText`
    t =     7.30s Waiting 10.0s for "archive.provenance.retry" Button to exist
    t =     8.37s     Checking `Expect predicate `existsNoRetry == 1` for object "archive.provenance.retry" Button`
    t =     8.37s         Checking existence of `"archive.provenance.retry" Button`
    t =     8.41s Tap "archive.provenance.retry" Button
    t =     8.41s     Wait for io.godstone.app to idle
    t =     8.41s     Find the "archive.provenance.retry" Button
    t =     8.43s     Check for interrupting elements affecting "archive.provenance.retry" Button
    t =     8.45s     Synthesize event
    t =     8.74s     Wait for io.godstone.app to idle
    t =     8.74s Waiting 20.0s for StaticText (First Match) to exist
    t =     9.82s     Checking `Expect predicate `existsNoRetry == 1` for object StaticText (First Match)`
    t =     9.82s         Checking existence of `StaticText (First Match)`
    t =     9.85s Checking existence of `ActivityIndicator (First Match)`
    t =     9.90s Tear Down
Resolve Package Graph

Test Case '-[GodstoneArchiveUITests.GodstoneArchiveUITests testARCHIVEPROVAMetadataQueryFaultIsToldSanitisedAndEarnethItsRetry]' passed (10.159 seconds).
Test Case '-[GodstoneArchiveUITests.GodstoneArchiveUITests testARCHIVEPROVAresolvedCitationIsNeverToldAsAWoe]' started.
    t =     0.00s Start Test at 2026-10-03 19:39:46.310
    t =     0.03s Set Up
    t =     0.07s Open io.godstone.app
    t =     0.07s     Launch io.godstone.app
    t =     0.07s         Terminate io.godstone.app:25173
2026-10-03 19:39:47.464 xcodebuild[25084:44983878] [MT] IDELaunchParametersSnapshot: debugger version lookup failed for path '<nil>': noURL
2026-10-03 19:39:47.464 xcodebuild[25084:44983878] [MT] IDELaunchParametersSnapshot: no debugger version
    t =     1.37s         Setting up automation session
    t =     2.03s         Wait for io.godstone.app to idle
    t =     3.37s Checking existence of `SearchField (First Match)`
    t =     3.45s Waiting 20.0s for Button (First Match) to exist
    t =     4.52s     Checking `Expect predicate `existsNoRetry == 1` for object Button (First Match)`
    t =     4.52s         Checking existence of `Button (First Match)`
    t =     4.56s Tap Button (First Match)
    t =     4.56s     Wait for io.godstone.app to idle
    t =     4.57s     Find the Button (First Match)
    t =     4.59s     Check for interrupting elements affecting "archive.document.1" Button
    t =     4.61s     Synthesize event
    t =     4.90s     Wait for io.godstone.app to idle
    t =     5.76s Waiting 20.0s for StaticText (First Match) to exist
    t =     6.83s     Checking `Expect predicate `existsNoRetry == 1` for object StaticText (First Match)`
    t =     6.83s         Checking existence of `StaticText (First Match)`
    t =     6.87s Waiting 20.0s for "archive.provenance.line" StaticText to exist
    t =     7.93s     Checking `Expect predicate `existsNoRetry == 1` for object "archive.provenance.line" StaticText`
    t =     7.93s         Checking existence of `"archive.provenance.line" StaticText`
    t =     7.99s Checking existence of `"archive.provenance.error" StaticText`
    t =     8.01s Checking existence of `"archive.provenance.retry" Button`
    t =     8.02s Tear Down
Test Case '-[GodstoneArchiveUITests.GodstoneArchiveUITests testARCHIVEPROVAresolvedCitationIsNeverToldAsAWoe]' passed (8.261 seconds).
Test Case '-[GodstoneArchiveUITests.GodstoneArchiveUITests testARCHIVEPROVTheCitationLineRenderethTheDocumentsOwnProvenance]' started.
    t =     0.00s Start Test at 2026-10-03 19:39:54.571
    t =     0.02s Set Up
    t =     0.04s Open io.godstone.app
    t =     0.04s     Launch io.godstone.app
    t =     0.04s         Terminate io.godstone.app:25267
2026-10-03 19:39:55.688 xcodebuild[25084:44983878] [MT] IDELaunchParametersSnapshot: debugger version lookup failed for path '<nil>': noURL
2026-10-03 19:39:55.688 xcodebuild[25084:44983878] [MT] IDELaunchParametersSnapshot: no debugger version
    t =     1.33s         Setting up automation session
    t =     1.93s         Wait for io.godstone.app to idle
    t =     3.25s Checking existence of `SearchField (First Match)`
    t =     3.32s Waiting 20.0s for Button (First Match) to exist
    t =     4.39s     Checking `Expect predicate `existsNoRetry == 1` for object Button (First Match)`
    t =     4.39s         Checking existence of `Button (First Match)`
    t =     4.43s Tap Button (First Match)
    t =     4.43s     Wait for io.godstone.app to idle
    t =     4.44s     Find the Button (First Match)
    t =     4.46s     Check for interrupting elements affecting "archive.document.1" Button
    t =     4.48s     Synthesize event
    t =     4.77s     Wait for io.godstone.app to idle
    t =     5.63s Waiting 20.0s for "archive.provenance.line" StaticText to exist
    t =     6.70s     Checking `Expect predicate `existsNoRetry == 1` for object "archive.provenance.line" StaticText`
    t =     6.70s         Checking existence of `"archive.provenance.line" StaticText`
    t =     6.76s Find the "archive.provenance.line" StaticText
    t =     6.77s Checking existence of `"archive.provenance.error" StaticText`
    t =     6.79s Tear Down
Test Case '-[GodstoneArchiveUITests.GodstoneArchiveUITests testARCHIVEPROVTheCitationLineRenderethTheDocumentsOwnProvenance]' passed (7.032 seconds).
Test Case '-[GodstoneArchiveUITests.GodstoneArchiveUITests testGSA005ANonFirstSearchHitOpensItsOwnDocument]' started.
    t =     0.00s Start Test at 2026-10-03 19:40:01.604
    t =     0.03s Set Up
    t =     0.07s Open io.godstone.app
    t =     0.07s     Launch io.godstone.app
    t =     0.07s         Terminate io.godstone.app:25310
2026-10-03 19:40:02.771 xcodebuild[25084:44983878] [MT] IDELaunchParametersSnapshot: debugger version lookup failed for path '<nil>': noURL
2026-10-03 19:40:02.771 xcodebuild[25084:44983878] [MT] IDELaunchParametersSnapshot: no debugger version
    t =     1.38s         Setting up automation session
    t =     2.04s         Wait for io.godstone.app to idle
    t =     3.36s Checking existence of `SearchField (First Match)`
    t =     3.43s Waiting 20.0s for SearchField (First Match) to exist
    t =     4.49s     Checking `Expect predicate `existsNoRetry == 1` for object SearchField (First Match)`
    t =     4.49s         Checking existence of `SearchField (First Match)`
    t =     4.51s Tap SearchField (First Match)
    t =     4.51s     Wait for io.godstone.app to idle
    t =     4.51s     Find the SearchField (First Match)
    t =     4.53s     Check for interrupting elements affecting "Search every document" SearchField
    t =     4.55s     Synthesize event
    t =     4.83s     Wait for io.godstone.app to idle
    t =     5.74s Waiting 10.0s for Keyboard (First Match) to exist
    t =     6.81s     Checking `Expect predicate `existsNoRetry == 1` for object Keyboard (First Match)`
    t =     6.81s         Checking existence of `Keyboard (First Match)`
    t =     6.84s Type 'bleeding
' into "Search every document" SearchField
    t =     6.84s     Wait for io.godstone.app to idle
    t =     6.84s     Find the "Search every document" SearchField
    t =     6.90s     Check for interrupting elements affecting "Search every document" SearchField
    t =     6.92s     Synthesize event
    t =     7.27s     Wait for io.godstone.app to idle
    t =     7.86s Waiting 20.0s for "archive.search.results" StaticText to exist
    t =     8.91s     Checking `Expect predicate `existsNoRetry == 1` for object "archive.search.results" StaticText`
    t =     8.92s         Checking existence of `"archive.search.results" StaticText`
    t =     8.97s Waiting 20.0s for Button (First Match) to exist
    t =    10.05s     Checking `Expect predicate `existsNoRetry == 1` for object Button (First Match)`
    t =    10.05s         Checking existence of `Button (First Match)`
    t =    10.10s Get number of matches for: Elements matching predicate 'identifier BEGINSWITH "archive.search.hit."'
    t =    10.12s Find the Button (Element at index 1)
    t =    10.14s Tap "archive.search.hit.2" Button
    t =    10.14s     Wait for io.godstone.app to idle
    t =    10.14s     Find the "archive.search.hit.2" Button
    t =    10.16s     Check for interrupting elements affecting "archive.search.hit.2" Button
    t =    10.18s     Synthesize event
    t =    10.47s     Wait for io.godstone.app to idle
    t =    12.34s Waiting 20.0s for NavigationBar (First Match) to exist
    t =    13.40s     Checking `Expect predicate `existsNoRetry == 1` for object NavigationBar (First Match)`
    t =    13.40s         Checking existence of `NavigationBar (First Match)`
    t =    13.43s Find the NavigationBar (First Match)
    t =    13.44s Waiting 20.0s for StaticText (First Match) to exist
    t =    14.50s     Checking `Expect predicate `existsNoRetry == 1` for object StaticText (First Match)`
    t =    14.50s         Checking existence of `StaticText (First Match)`
    t =    14.54s Tear Down
Test Case '-[GodstoneArchiveUITests.GodstoneArchiveUITests testGSA005ANonFirstSearchHitOpensItsOwnDocument]' passed (14.815 seconds).
Test Case '-[GodstoneArchiveUITests.GodstoneArchiveUITests testGSA005AnOpenedDocumentOffersARenderedWayOut]' started.
    t =     0.00s Start Test at 2026-10-03 19:40:16.419
    t =     0.02s Set Up
    t =     0.05s Open io.godstone.app
    t =     0.05s     Launch io.godstone.app
    t =     0.05s         Terminate io.godstone.app:25358
2026-10-03 19:40:17.546 xcodebuild[25084:44983878] [MT] IDELaunchParametersSnapshot: debugger version lookup failed for path '<nil>': noURL
2026-10-03 19:40:17.546 xcodebuild[25084:44983878] [MT] IDELaunchParametersSnapshot: no debugger version
    t =     1.34s         Setting up automation session
    t =     2.07s         Wait for io.godstone.app to idle
    t =     3.42s Checking existence of `SearchField (First Match)`
    t =     3.49s Waiting 20.0s for Any (First Match) to exist
    t =     4.55s     Checking `Expect predicate `existsNoRetry == 1` for object Any (First Match)`
    t =     4.55s         Checking existence of `Any (First Match)`
    t =     4.61s Tap Any (First Match)
    t =     4.61s     Wait for io.godstone.app to idle
    t =     4.62s     Find the Any (First Match)
    t =     4.64s     Check for interrupting elements affecting "archive.document.1" Button
    t =     4.67s     Synthesize event
    t =     4.96s     Wait for io.godstone.app to idle
    t =     5.83s Waiting 20.0s for "archive.back" Button to exist
    t =     6.90s     Checking `Expect predicate `existsNoRetry == 1` for object "archive.back" Button`
    t =     6.90s         Checking existence of `"archive.back" Button`
    t =     6.94s Get number of matches for: Descendants matching type Keyboard
    t =     8.02s Get number of matches for: Descendants matching type Keyboard
    t =     8.05s Waiting 20.0s for "archive.back" Button to exist
    t =     9.08s     Checking `Expect predicate `existsNoRetry == 1` for object "archive.back" Button`
    t =     9.09s         Checking existence of `"archive.back" Button`
    t =     9.12s Tap "archive.back" Button
    t =     9.12s     Wait for io.godstone.app to idle
    t =     9.12s     Find the "archive.back" Button
    t =     9.14s     Check for interrupting elements affecting "archive.back" Button
    t =     9.16s     Synthesize event
    t =     9.45s     Wait for io.godstone.app to idle
    t =     9.80s Waiting 20.0s for Any (First Match) to exist
    t =    10.87s     Checking `Expect predicate `existsNoRetry == 1` for object Any (First Match)`
    t =    10.88s         Checking existence of `Any (First Match)`
    t =    10.93s Tear Down
Test Case '-[GodstoneArchiveUITests.GodstoneArchiveUITests testGSA005AnOpenedDocumentOffersARenderedWayOut]' passed (11.193 seconds).
Test Case '-[GodstoneArchiveUITests.GodstoneArchiveUITests testGSA005BrowseReturnCarriesNoFalseQuery]' started.
    t =     0.00s Start Test at 2026-10-03 19:40:27.613
    t =     0.03s Set Up
    t =     0.08s Open io.godstone.app
    t =     0.08s     Launch io.godstone.app
    t =     0.08s         Terminate io.godstone.app:25525
2026-10-03 19:40:28.771 xcodebuild[25084:44983878] [MT] IDELaunchParametersSnapshot: debugger version lookup failed for path '<nil>': noURL
2026-10-03 19:40:28.771 xcodebuild[25084:44983878] [MT] IDELaunchParametersSnapshot: no debugger version
    t =     1.37s         Setting up automation session
    t =     2.04s         Wait for io.godstone.app to idle
    t =     3.36s Checking existence of `SearchField (First Match)`
    t =     3.44s Waiting 20.0s for Button (First Match) to exist
    t =     4.47s     Checking `Expect predicate `existsNoRetry == 1` for object Button (First Match)`
    t =     4.47s         Checking existence of `Button (First Match)`
    t =     4.51s Tap Button (First Match)
    t =     4.51s     Wait for io.godstone.app to idle
    t =     4.52s     Find the Button (First Match)
    t =     4.54s     Check for interrupting elements affecting "archive.document.1" Button
    t =     4.56s     Synthesize event
    t =     4.85s     Wait for io.godstone.app to idle
    t =     6.77s Waiting 20.0s for "archive.back" Button to exist
    t =     7.83s     Checking `Expect predicate `existsNoRetry == 1` for object "archive.back" Button`
    t =     7.83s         Checking existence of `"archive.back" Button`
    t =     7.87s Tap "archive.back" Button
    t =     7.87s     Wait for io.godstone.app to idle
    t =     7.87s     Find the "archive.back" Button
    t =     7.89s     Check for interrupting elements affecting "archive.back" Button
    t =     7.91s     Synthesize event
    t =     8.20s     Wait for io.godstone.app to idle
    t =     8.53s Waiting 20.0s for Button (First Match) to exist
    t =     9.56s     Checking `Expect predicate `existsNoRetry == 1` for object Button (First Match)`
    t =     9.56s         Checking existence of `Button (First Match)`
    t =     9.60s Checking existence of `SearchField (First Match)`
    t =     9.61s Find the SearchField (First Match)
    t =     9.64s Tear Down
Test Case '-[GodstoneArchiveUITests.GodstoneArchiveUITests testGSA005BrowseReturnCarriesNoFalseQuery]' passed (9.909 seconds).
Test Case '-[GodstoneArchiveUITests.GodstoneArchiveUITests testGSA005DocumentReopensAfterCleanProcessDeath]' started.
    t =     0.00s Start Test at 2026-10-03 19:40:37.523
    t =     0.03s Set Up
    t =     0.08s Open io.godstone.app
    t =     0.08s     Launch io.godstone.app
    t =     0.08s         Terminate io.godstone.app:25569
2026-10-03 19:40:38.618 xcodebuild[25084:44983878] [MT] IDELaunchParametersSnapshot: debugger version lookup failed for path '<nil>': noURL
2026-10-03 19:40:38.618 xcodebuild[25084:44983878] [MT] IDELaunchParametersSnapshot: no debugger version
    t =     1.30s         Setting up automation session
    t =     1.98s         Wait for io.godstone.app to idle
    t =     3.34s Checking existence of `SearchField (First Match)`
    t =     3.41s Waiting 20.0s for Button (First Match) to exist
    t =     4.47s     Checking `Expect predicate `existsNoRetry == 1` for object Button (First Match)`
    t =     4.47s         Checking existence of `Button (First Match)`
    t =     4.52s Tap Button (First Match)
    t =     4.52s     Wait for io.godstone.app to idle
    t =     4.52s     Find the Button (First Match)
    t =     4.55s     Check for interrupting elements affecting "archive.document.1" Button
    t =     4.56s     Synthesize event
    t =     4.85s     Wait for io.godstone.app to idle
    t =     6.71s Waiting 20.0s for StaticText (First Match) to exist
    t =     7.76s     Checking `Expect predicate `existsNoRetry == 1` for object StaticText (First Match)`
    t =     7.76s         Checking existence of `StaticText (First Match)`
    t =     7.81s Get number of matches for: Elements matching predicate 'identifier BEGINSWITH "archive.passage."'
    t =     7.83s Pressing Home button
    t =    11.31s Terminate io.godstone.app:25650
    t =    13.37s Open io.godstone.app
    t =    13.37s     Launch io.godstone.app
2026-10-03 19:40:50.890 xcodebuild[25084:44983878] [MT] IDELaunchParametersSnapshot: debugger version lookup failed for path '<nil>': noURL
2026-10-03 19:40:50.891 xcodebuild[25084:44983878] [MT] IDELaunchParametersSnapshot: no debugger version
    t =    13.58s         Setting up automation session
    t =    14.20s         Wait for io.godstone.app to idle
    t =    15.69s Checking existence of `SearchField (First Match)`
    t =    15.76s Checking existence of `"Archive unavailable" StaticText`
    t =    16.00s Checking existence of `SearchField (First Match)`
    t =    16.05s Checking existence of `"Archive unavailable" StaticText`
    t =    16.28s Checking existence of `SearchField (First Match)`
    t =    16.32s Checking existence of `"Archive unavailable" StaticText`
    t =    16.54s Checking existence of `SearchField (First Match)`
    t =    16.58s Checking existence of `"Archive unavailable" StaticText`
    t =    16.81s Checking existence of `SearchField (First Match)`
    t =    16.84s Checking existence of `"Archive unavailable" StaticText`
    t =    17.07s Checking existence of `SearchField (First Match)`
    t =    17.11s Checking existence of `"Archive unavailable" StaticText`
    t =    17.34s Checking existence of `SearchField (First Match)`
    t =    17.39s Checking existence of `"Archive unavailable" StaticText`
    t =    17.62s Checking existence of `SearchField (First Match)`
    t =    17.66s Checking existence of `"Archive unavailable" StaticText`
    t =    17.89s Checking existence of `SearchField (First Match)`
    t =    17.94s Checking existence of `"Archive unavailable" StaticText`
    t =    18.16s Checking existence of `SearchField (First Match)`
    t =    18.21s Checking existence of `"Archive unavailable" StaticText`
    t =    18.44s Checking existence of `SearchField (First Match)`
    t =    18.48s Checking existence of `"Archive unavailable" StaticText`
    t =    18.71s Checking existence of `SearchField (First Match)`
    t =    18.76s Checking existence of `"Archive unavailable" StaticText`
    t =    18.98s Checking existence of `SearchField (First Match)`
    t =    19.00s Checking existence of `"Archive unavailable" StaticText`
    t =    19.23s Checking existence of `SearchField (First Match)`
    t =    19.27s Checking existence of `"Archive unavailable" StaticText`
    t =    19.50s Checking existence of `SearchField (First Match)`
    t =    19.54s Checking existence of `"Archive unavailable" StaticText`
    t =    19.76s Checking existence of `SearchField (First Match)`
    t =    19.80s Checking existence of `"Archive unavailable" StaticText`
    t =    20.02s Checking existence of `SearchField (First Match)`
    t =    20.07s Checking existence of `"Archive unavailable" StaticText`
    t =    20.30s Checking existence of `SearchField (First Match)`
    t =    20.35s Checking existence of `"Archive unavailable" StaticText`
    t =    20.57s Checking existence of `SearchField (First Match)`
    t =    20.62s Checking existence of `"Archive unavailable" StaticText`
    t =    20.84s Checking existence of `SearchField (First Match)`
    t =    20.88s Checking existence of `"Archive unavailable" StaticText`
    t =    21.11s Checking existence of `SearchField (First Match)`
    t =    21.15s Checking existence of `"Archive unavailable" StaticText`
    t =    21.38s Checking existence of `SearchField (First Match)`
    t =    21.42s Checking existence of `"Archive unavailable" StaticText`
    t =    21.65s Checking existence of `SearchField (First Match)`
    t =    21.69s Checking existence of `"Archive unavailable" StaticText`
    t =    21.92s Checking existence of `SearchField (First Match)`
    t =    21.97s Checking existence of `"Archive unavailable" StaticText`
    t =    22.19s Checking existence of `SearchField (First Match)`
    t =    22.24s Checking existence of `"Archive unavailable" StaticText`
    t =    22.47s Checking existence of `SearchField (First Match)`
    t =    22.51s Checking existence of `"Archive unavailable" StaticText`
    t =    22.74s Checking existence of `SearchField (First Match)`
    t =    22.79s Checking existence of `"Archive unavailable" StaticText`
    t =    23.02s Checking existence of `SearchField (First Match)`
    t =    23.06s Checking existence of `"Archive unavailable" StaticText`
    t =    23.29s Checking existence of `SearchField (First Match)`
    t =    23.34s Checking existence of `"Archive unavailable" StaticText`
    t =    23.57s Checking existence of `SearchField (First Match)`
    t =    23.61s Checking existence of `"Archive unavailable" StaticText`
    t =    23.84s Checking existence of `SearchField (First Match)`
    t =    23.88s Checking existence of `"Archive unavailable" StaticText`
    t =    24.11s Checking existence of `SearchField (First Match)`
    t =    24.16s Checking existence of `"Archive unavailable" StaticText`
    t =    24.38s Checking existence of `SearchField (First Match)`
    t =    24.43s Checking existence of `"Archive unavailable" StaticText`
    t =    24.65s Checking existence of `SearchField (First Match)`
    t =    24.73s Checking existence of `"Archive unavailable" StaticText`
    t =    24.96s Checking existence of `SearchField (First Match)`
    t =    25.00s Checking existence of `"Archive unavailable" StaticText`
    t =    25.23s Checking existence of `SearchField (First Match)`
    t =    25.28s Checking existence of `"Archive unavailable" StaticText`
    t =    25.51s Checking existence of `SearchField (First Match)`
    t =    25.53s Checking existence of `"Archive unavailable" StaticText`
    t =    25.74s Checking existence of `SearchField (First Match)`
    t =    25.79s Checking existence of `"Archive unavailable" StaticText`
    t =    26.01s Checking existence of `SearchField (First Match)`
    t =    26.06s Checking existence of `"Archive unavailable" StaticText`
    t =    26.28s Checking existence of `SearchField (First Match)`
    t =    26.32s Checking existence of `"Archive unavailable" StaticText`
    t =    26.55s Checking existence of `SearchField (First Match)`
    t =    26.60s Checking existence of `"Archive unavailable" StaticText`
    t =    26.83s Checking existence of `SearchField (First Match)`
    t =    26.87s Checking existence of `"Archive unavailable" StaticText`
    t =    27.10s Checking existence of `SearchField (First Match)`
    t =    27.13s Checking existence of `"Archive unavailable" StaticText`
    t =    27.36s Checking existence of `SearchField (First Match)`
    t =    27.40s Checking existence of `"Archive unavailable" StaticText`
    t =    27.63s Checking existence of `SearchField (First Match)`
    t =    27.68s Checking existence of `"Archive unavailable" StaticText`
    t =    27.90s Checking existence of `SearchField (First Match)`
    t =    27.95s Checking existence of `"Archive unavailable" StaticText`
    t =    28.17s Checking existence of `SearchField (First Match)`
    t =    28.22s Checking existence of `"Archive unavailable" StaticText`
    t =    28.45s Checking existence of `SearchField (First Match)`
    t =    28.49s Checking existence of `"Archive unavailable" StaticText`
    t =    28.72s Checking existence of `SearchField (First Match)`
    t =    28.77s Checking existence of `"Archive unavailable" StaticText`
    t =    28.99s Checking existence of `SearchField (First Match)`
    t =    29.02s Checking existence of `"Archive unavailable" StaticText`
    t =    29.24s Checking existence of `SearchField (First Match)`
    t =    29.27s Checking existence of `"Archive unavailable" StaticText`
    t =    29.50s Checking existence of `SearchField (First Match)`
    t =    29.54s Checking existence of `"Archive unavailable" StaticText`
    t =    29.77s Checking existence of `SearchField (First Match)`
    t =    29.79s Checking existence of `"Archive unavailable" StaticText`
    t =    30.01s Checking existence of `SearchField (First Match)`
    t =    30.06s Checking existence of `"Archive unavailable" StaticText`
    t =    30.29s Checking existence of `SearchField (First Match)`
    t =    30.33s Checking existence of `"Archive unavailable" StaticText`
    t =    30.56s Checking existence of `SearchField (First Match)`
    t =    30.61s Checking existence of `"Archive unavailable" StaticText`
    t =    30.83s Checking existence of `SearchField (First Match)`
    t =    30.88s Checking existence of `"Archive unavailable" StaticText`
    t =    31.10s Checking existence of `SearchField (First Match)`
    t =    31.14s Checking existence of `"Archive unavailable" StaticText`
    t =    31.37s Checking existence of `SearchField (First Match)`
    t =    31.42s Checking existence of `"Archive unavailable" StaticText`
    t =    31.64s Checking existence of `SearchField (First Match)`
    t =    31.69s Checking existence of `"Archive unavailable" StaticText`
    t =    31.91s Checking existence of `SearchField (First Match)`
    t =    31.95s Checking existence of `"Archive unavailable" StaticText`
    t =    32.17s Checking existence of `SearchField (First Match)`
    t =    32.21s Checking existence of `"Archive unavailable" StaticText`
    t =    32.44s Checking existence of `SearchField (First Match)`
    t =    32.48s Checking existence of `"Archive unavailable" StaticText`
    t =    32.71s Checking existence of `SearchField (First Match)`
    t =    32.76s Checking existence of `"Archive unavailable" StaticText`
    t =    32.98s Checking existence of `SearchField (First Match)`
    t =    33.03s Checking existence of `"Archive unavailable" StaticText`
    t =    33.25s Checking existence of `SearchField (First Match)`
    t =    33.30s Checking existence of `"Archive unavailable" StaticText`
    t =    33.53s Checking existence of `SearchField (First Match)`
    t =    33.57s Checking existence of `"Archive unavailable" StaticText`
    t =    33.80s Checking existence of `SearchField (First Match)`
    t =    33.84s Checking existence of `"Archive unavailable" StaticText`
    t =    34.07s Checking existence of `SearchField (First Match)`
    t =    34.11s Checking existence of `"Archive unavailable" StaticText`
    t =    34.34s Checking existence of `SearchField (First Match)`
    t =    34.38s Checking existence of `"Archive unavailable" StaticText`
    t =    34.61s Checking existence of `SearchField (First Match)`
    t =    34.65s Checking existence of `"Archive unavailable" StaticText`
    t =    34.88s Checking existence of `SearchField (First Match)`
    t =    34.92s Checking existence of `"Archive unavailable" StaticText`
    t =    35.15s Checking existence of `SearchField (First Match)`
    t =    35.20s Checking existence of `"Archive unavailable" StaticText`
    t =    35.42s Checking existence of `SearchField (First Match)`
    t =    35.47s Checking existence of `"Archive unavailable" StaticText`
    t =    35.70s Checking existence of `SearchField (First Match)`
    t =    35.71s Checking existence of `"Archive unavailable" StaticText`
    t =    35.94s Checking existence of `SearchField (First Match)`
    t =    35.98s Checking existence of `"Archive unavailable" StaticText`
    t =    36.21s Checking existence of `SearchField (First Match)`
    t =    36.25s Checking existence of `"Archive unavailable" StaticText`
    t =    36.48s Checking existence of `SearchField (First Match)`
    t =    36.52s Checking existence of `"Archive unavailable" StaticText`
    t =    36.75s Checking existence of `SearchField (First Match)`
    t =    36.79s Checking existence of `"Archive unavailable" StaticText`
    t =    37.01s Checking existence of `SearchField (First Match)`
    t =    37.06s Checking existence of `"Archive unavailable" StaticText`
    t =    37.28s Checking existence of `SearchField (First Match)`
    t =    37.32s Checking existence of `"Archive unavailable" StaticText`
    t =    37.54s Checking existence of `SearchField (First Match)`
    t =    37.58s Checking existence of `"Archive unavailable" StaticText`
    t =    37.81s Checking existence of `SearchField (First Match)`
    t =    37.85s Checking existence of `"Archive unavailable" StaticText`
    t =    38.08s Checking existence of `SearchField (First Match)`
    t =    38.14s Checking existence of `"Archive unavailable" StaticText`
    t =    38.37s Checking existence of `SearchField (First Match)`
    t =    38.41s Checking existence of `"Archive unavailable" StaticText`
    t =    38.63s Checking existence of `SearchField (First Match)`
    t =    38.69s Checking existence of `"Archive unavailable" StaticText`
    t =    38.91s Checking existence of `SearchField (First Match)`
    t =    38.96s Checking existence of `"Archive unavailable" StaticText`
    t =    39.18s Checking existence of `SearchField (First Match)`
    t =    39.21s Checking existence of `"Archive unavailable" StaticText`
    t =    39.43s Checking existence of `SearchField (First Match)`
    t =    39.46s Checking existence of `"Archive unavailable" StaticText`
    t =    39.68s Checking existence of `SearchField (First Match)`
    t =    39.73s Checking existence of `"Archive unavailable" StaticText`
    t =    40.02s Checking existence of `SearchField (First Match)`
    t =    40.15s Checking existence of `"Archive unavailable" StaticText`
    t =    40.37s Checking existence of `SearchField (First Match)`
    t =    40.42s Checking existence of `"Archive unavailable" StaticText`
    t =    40.64s Checking existence of `SearchField (First Match)`
    t =    40.69s Checking existence of `"Archive unavailable" StaticText`
    t =    40.91s Checking existence of `SearchField (First Match)`
    t =    40.95s Checking existence of `"Archive unavailable" StaticText`
    t =    41.18s Checking existence of `SearchField (First Match)`
    t =    41.22s Checking existence of `"Archive unavailable" StaticText`
    t =    41.45s Checking existence of `SearchField (First Match)`
    t =    41.49s Checking existence of `"Archive unavailable" StaticText`
    t =    41.72s Checking existence of `SearchField (First Match)`
    t =    41.76s Checking existence of `"Archive unavailable" StaticText`
    t =    41.99s Checking existence of `SearchField (First Match)`
    t =    42.03s Checking existence of `"Archive unavailable" StaticText`
    t =    42.26s Checking existence of `SearchField (First Match)`
    t =    42.30s Checking existence of `"Archive unavailable" StaticText`
    t =    42.53s Checking existence of `SearchField (First Match)`
    t =    42.57s Checking existence of `"Archive unavailable" StaticText`
    t =    42.80s Checking existence of `SearchField (First Match)`
    t =    42.85s Checking existence of `"Archive unavailable" StaticText`
    t =    43.07s Checking existence of `SearchField (First Match)`
    t =    43.12s Checking existence of `"Archive unavailable" StaticText`
    t =    43.35s Checking existence of `SearchField (First Match)`
    t =    43.39s Checking existence of `"Archive unavailable" StaticText`
    t =    43.62s Checking existence of `SearchField (First Match)`
    t =    43.66s Checking existence of `"Archive unavailable" StaticText`
    t =    43.89s Checking existence of `SearchField (First Match)`
    t =    43.94s Checking existence of `"Archive unavailable" StaticText`
    t =    44.17s Checking existence of `SearchField (First Match)`
    t =    44.21s Checking existence of `"Archive unavailable" StaticText`
    t =    44.44s Checking existence of `SearchField (First Match)`
    t =    44.49s Checking existence of `"Archive unavailable" StaticText`
    t =    44.71s Checking existence of `SearchField (First Match)`
    t =    44.76s Checking existence of `"Archive unavailable" StaticText`
    t =    45.01s Checking existence of `SearchField (First Match)`
    t =    45.05s Checking existence of `"Archive unavailable" StaticText`
    t =    45.27s Checking existence of `SearchField (First Match)`
    t =    45.32s Checking existence of `"Archive unavailable" StaticText`
    t =    45.55s Checking existence of `SearchField (First Match)`
    t =    45.59s Checking existence of `"Archive unavailable" StaticText`
    t =    45.82s Waiting 20.0s for StaticText (First Match) to exist
    t =    46.86s     Checking `Expect predicate `existsNoRetry == 1` for object StaticText (First Match)`
    t =    46.86s         Checking existence of `StaticText (First Match)`
    t =    46.90s Tear Down
Test Case '-[GodstoneArchiveUITests.GodstoneArchiveUITests testGSA005DocumentReopensAfterCleanProcessDeath]' passed (47.249 seconds).
Test Case '-[GodstoneArchiveUITests.GodstoneArchiveUITests testGSA005ScrollingRevealsALaterPassage]' started.
    t =     0.00s Start Test at 2026-10-03 19:41:24.772
    t =     0.03s Set Up
    t =     0.08s Open io.godstone.app
    t =     0.08s     Launch io.godstone.app
    t =     0.08s         Terminate io.godstone.app:25699
2026-10-03 19:41:25.907 xcodebuild[25084:44983878] [MT] IDELaunchParametersSnapshot: debugger version lookup failed for path '<nil>': noURL
2026-10-03 19:41:25.907 xcodebuild[25084:44983878] [MT] IDELaunchParametersSnapshot: no debugger version
    t =     1.35s         Setting up automation session
    t =     2.00s         Wait for io.godstone.app to idle
    t =     3.41s Checking existence of `SearchField (First Match)`
    t =     3.46s Waiting 20.0s for Button (First Match) to exist
    t =     4.49s     Checking `Expect predicate `existsNoRetry == 1` for object Button (First Match)`
    t =     4.49s         Checking existence of `Button (First Match)`
    t =     4.53s Tap Button (First Match)
    t =     4.53s     Wait for io.godstone.app to idle
    t =     4.53s     Find the Button (First Match)
    t =     4.56s     Check for interrupting elements affecting "archive.document.1" Button
    t =     4.58s     Synthesize event
    t =     4.87s     Wait for io.godstone.app to idle
    t =     6.74s Waiting 20.0s for StaticText (First Match) to exist
    t =     7.77s     Checking `Expect predicate `existsNoRetry == 1` for object StaticText (First Match)`
    t =     7.77s         Checking existence of `StaticText (First Match)`
    t =     7.82s Get number of matches for: Elements matching predicate 'identifier BEGINSWITH "archive.passage."'
    t =     7.84s Get number of matches for: Elements matching predicate 'identifier BEGINSWITH "archive.passage."'
    t =     7.85s Checking existence of `StaticText (Element at index 9)`
    t =     7.87s Find the StaticText (Element at index 9)
    t =     7.89s Swipe up Target Application 'io.godstone.app'
    t =     7.89s     Wait for io.godstone.app to idle
    t =     7.89s     Find the Target Application 'io.godstone.app'
    t =     7.90s     Check for interrupting elements affecting "Godstone" Application
    t =     7.91s     Synthesize event
    t =     8.33s     Wait for io.godstone.app to idle
    t =    10.74s Checking existence of `"archive.passage.5" StaticText`
    t =    10.76s Find the "archive.passage.5" StaticText
    t =    10.79s Tear Down
Test Case '-[GodstoneArchiveUITests.GodstoneArchiveUITests testGSA005ScrollingRevealsALaterPassage]' passed (11.044 seconds).
Test Case '-[GodstoneArchiveUITests.GodstoneArchiveUITests testGSA005SearchOpenThenBackReturnsToTheSubmittedQuery]' started.
    t =     0.00s Start Test at 2026-10-03 19:41:35.817
    t =     0.03s Set Up
    t =     0.08s Open io.godstone.app
    t =     0.08s     Launch io.godstone.app
    t =     0.08s         Terminate io.godstone.app:25922
2026-10-03 19:41:36.946 xcodebuild[25084:44983878] [MT] IDELaunchParametersSnapshot: debugger version lookup failed for path '<nil>': noURL
2026-10-03 19:41:36.946 xcodebuild[25084:44983878] [MT] IDELaunchParametersSnapshot: no debugger version
    t =     1.35s         Setting up automation session
    t =     2.01s         Wait for io.godstone.app to idle
    t =     3.36s Checking existence of `SearchField (First Match)`
    t =     3.43s Waiting 20.0s for SearchField (First Match) to exist
    t =     4.47s     Checking `Expect predicate `existsNoRetry == 1` for object SearchField (First Match)`
    t =     4.47s         Checking existence of `SearchField (First Match)`
    t =     4.51s Tap SearchField (First Match)
    t =     4.51s     Wait for io.godstone.app to idle
    t =     4.51s     Find the SearchField (First Match)
    t =     4.54s     Check for interrupting elements affecting "Search every document" SearchField
    t =     4.55s     Synthesize event
    t =     4.85s     Wait for io.godstone.app to idle
    t =     5.71s Waiting 10.0s for Keyboard (First Match) to exist
    t =     6.75s     Checking `Expect predicate `existsNoRetry == 1` for object Keyboard (First Match)`
    t =     6.75s         Checking existence of `Keyboard (First Match)`
    t =     6.77s Type 'bleeding
' into "Search every document" SearchField
    t =     6.78s     Wait for io.godstone.app to idle
    t =     6.78s     Find the "Search every document" SearchField
    t =     6.84s     Check for interrupting elements affecting "Search every document" SearchField
    t =     6.86s     Synthesize event
    t =     7.21s     Wait for io.godstone.app to idle
    t =     7.81s Waiting 20.0s for "archive.search.results" StaticText to exist
    t =     8.85s     Checking `Expect predicate `existsNoRetry == 1` for object "archive.search.results" StaticText`
    t =     8.85s         Checking existence of `"archive.search.results" StaticText`
    t =     8.90s Waiting 20.0s for Button (First Match) to exist
    t =     9.93s     Checking `Expect predicate `existsNoRetry == 1` for object Button (First Match)`
    t =     9.93s         Checking existence of `Button (First Match)`
    t =     9.98s Find the Button (First Match)
    t =    10.01s Get number of matches for: Descendants matching type Keyboard
    t =    11.07s Get number of matches for: Descendants matching type Keyboard
    t =    11.11s Tap "archive.search.hit.1" Button
    t =    11.11s     Wait for io.godstone.app to idle
    t =    11.11s     Find the "archive.search.hit.1" Button
    t =    11.15s     Check for interrupting elements affecting "archive.search.hit.1" Button
    t =    11.17s     Synthesize event
    t =    11.46s     Wait for io.godstone.app to idle
    t =    12.31s Waiting 20.0s for "archive.back" Button to exist
    t =    13.34s     Checking `Expect predicate `existsNoRetry == 1` for object "archive.back" Button`
    t =    13.34s         Checking existence of `"archive.back" Button`
    t =    13.38s Get number of matches for: Descendants matching type Keyboard
    t =    14.44s Get number of matches for: Descendants matching type Keyboard
    t =    14.47s Tap "archive.back" Button
    t =    14.47s     Wait for io.godstone.app to idle
    t =    14.48s     Find the "archive.back" Button
    t =    14.49s     Check for interrupting elements affecting "archive.back" Button
    t =    14.51s     Synthesize event
    t =    14.80s     Wait for io.godstone.app to idle
    t =    15.20s Waiting 20.0s for "archive.search.results" StaticText to exist
    t =    16.23s     Checking `Expect predicate `existsNoRetry == 1` for object "archive.search.results" StaticText`
    t =    16.23s         Checking existence of `"archive.search.results" StaticText`
    t =    16.28s Waiting 20.0s for SearchField (First Match) to exist
    t =    17.33s     Checking `Expect predicate `existsNoRetry == 1` for object SearchField (First Match)`
    t =    17.33s         Checking existence of `SearchField (First Match)`
    t =    18.46s Checking `Expect predicate `value == "bleeding"` for object SearchField (First Match)`
    t =    18.46s     Find the SearchField (First Match)
    t =    18.52s Waiting 20.0s for "archive.search.hit.1" Button to exist
    t =    19.56s     Checking `Expect predicate `existsNoRetry == 1` for object "archive.search.hit.1" Button`
    t =    19.56s         Checking existence of `"archive.search.hit.1" Button`
    t =    19.60s Tear Down
Test Case '-[GodstoneArchiveUITests.GodstoneArchiveUITests testGSA005SearchOpenThenBackReturnsToTheSubmittedQuery]' passed (19.908 seconds).
Test Case '-[GodstoneArchiveUITests.GodstoneArchiveUITests testGSFINAL006TheWholeRestorationJourneyInOneSequence]' started.
    t =     0.00s Start Test at 2026-10-03 19:41:55.726
    t =     0.03s Set Up
    t =     0.08s Open io.godstone.app
    t =     0.08s     Launch io.godstone.app
    t =     0.08s         Terminate io.godstone.app:25971
2026-10-03 19:41:56.888 xcodebuild[25084:44983878] [MT] IDELaunchParametersSnapshot: debugger version lookup failed for path '<nil>': noURL
2026-10-03 19:41:56.888 xcodebuild[25084:44983878] [MT] IDELaunchParametersSnapshot: no debugger version
    t =     1.37s         Setting up automation session
    t =     2.06s         Wait for io.godstone.app to idle
    t =     3.43s Checking existence of `SearchField (First Match)`
    t =     3.50s Waiting 20.0s for SearchField (First Match) to exist
    t =     4.54s     Checking `Expect predicate `existsNoRetry == 1` for object SearchField (First Match)`
    t =     4.55s         Checking existence of `SearchField (First Match)`
    t =     4.59s Tap SearchField (First Match)
    t =     4.59s     Wait for io.godstone.app to idle
    t =     4.59s     Find the SearchField (First Match)
    t =     4.62s     Check for interrupting elements affecting "Search every document" SearchField
    t =     4.63s     Synthesize event
    t =     4.92s     Wait for io.godstone.app to idle
    t =     5.79s Waiting 10.0s for Keyboard (First Match) to exist
    t =     6.86s     Checking `Expect predicate `existsNoRetry == 1` for object Keyboard (First Match)`
    t =     6.86s         Checking existence of `Keyboard (First Match)`
    t =     6.89s Type 'bleeding
' into "Search every document" SearchField
    t =     6.89s     Wait for io.godstone.app to idle
    t =     6.90s     Find the "Search every document" SearchField
    t =     6.95s     Check for interrupting elements affecting "Search every document" SearchField
    t =     6.98s     Synthesize event
    t =     7.33s     Wait for io.godstone.app to idle
    t =     7.92s Waiting 20.0s for "archive.search.results" StaticText to exist
    t =     8.98s     Checking `Expect predicate `existsNoRetry == 1` for object "archive.search.results" StaticText`
    t =     8.99s         Checking existence of `"archive.search.results" StaticText`
    t =     9.04s Waiting 20.0s for Button (First Match) to exist
    t =    10.11s     Checking `Expect predicate `existsNoRetry == 1` for object Button (First Match)`
    t =    10.11s         Checking existence of `Button (First Match)`
    t =    10.16s Get number of matches for: Elements matching predicate 'identifier BEGINSWITH "archive.search.hit."'
    t =    10.18s Find the Button (Element at index 1)
    t =    10.20s Get number of matches for: Descendants matching type Keyboard
    t =    11.27s Get number of matches for: Descendants matching type Keyboard
    t =    11.31s Tap "archive.search.hit.2" Button
    t =    11.31s     Wait for io.godstone.app to idle
    t =    11.31s     Find the "archive.search.hit.2" Button
    t =    11.33s     Check for interrupting elements affecting "archive.search.hit.2" Button
    t =    11.35s     Synthesize event
    t =    11.64s     Wait for io.godstone.app to idle
    t =    12.50s Waiting 20.0s for StaticText (First Match) to exist
    t =    13.57s     Checking `Expect predicate `existsNoRetry == 1` for object StaticText (First Match)`
    t =    13.57s         Checking existence of `StaticText (First Match)`
    t =    13.62s Get number of matches for: Elements matching predicate 'identifier BEGINSWITH "archive.passage."'
    t =    13.64s Get number of matches for: Elements matching predicate 'identifier BEGINSWITH "archive.passage."'
    t =    13.65s Find the StaticText (Element at index 9)
    t =    13.67s Checking existence of `"archive.passage.5" StaticText`
    t =    13.68s Find the "archive.passage.5" StaticText
    t =    13.70s Swipe up Target Application 'io.godstone.app'
    t =    13.70s     Wait for io.godstone.app to idle
    t =    13.70s     Find the Target Application 'io.godstone.app'
    t =    13.72s     Check for interrupting elements affecting "Godstone" Application
    t =    13.73s     Synthesize event
    t =    14.15s     Wait for io.godstone.app to idle
    t =    16.50s Checking existence of `"archive.passage.5" StaticText`
    t =    16.53s Find the "archive.passage.5" StaticText
    t =    16.56s Checking existence of `"archive.passage.5" StaticText`
    t =    16.57s Find the "archive.passage.5" StaticText
    t =    16.59s Checking existence of `"archive.passage.5" StaticText`
    t =    16.61s Find the "archive.passage.5" StaticText
    t =    16.63s Checking existence of `"archive.passage.5" StaticText`
    t =    16.64s Find the "archive.passage.5" StaticText
    t =    16.66s Checking existence of `"archive.passage.5" StaticText`
    t =    16.68s Find the "archive.passage.5" StaticText
    t =    16.70s Checking existence of `"archive.passage.5" StaticText`
    t =    16.71s Find the "archive.passage.5" StaticText
    t =    16.73s Checking existence of `"archive.passage.5" StaticText`
    t =    16.74s Find the "archive.passage.5" StaticText
    t =    16.76s Checking existence of `"archive.passage.5" StaticText`
    t =    16.78s Find the "archive.passage.5" StaticText
    t =    16.80s Checking existence of `"archive.passage.5" StaticText`
    t =    16.81s Find the "archive.passage.5" StaticText
    t =    16.83s Checking existence of `"archive.passage.5" StaticText`
    t =    16.85s Find the "archive.passage.5" StaticText
    t =    16.87s Checking existence of `"archive.passage.5" StaticText`
    t =    16.88s Find the "archive.passage.5" StaticText
    t =    16.90s Checking existence of `"archive.passage.5" StaticText`
    t =    16.91s Find the "archive.passage.5" StaticText
    t =    16.93s Pressing Home button
    t =    20.41s Terminate io.godstone.app:26036
    t =    22.55s Open io.godstone.app
    t =    22.55s     Launch io.godstone.app
2026-10-03 19:42:18.278 xcodebuild[25084:44983878] [MT] IDELaunchParametersSnapshot: debugger version lookup failed for path '<nil>': noURL
2026-10-03 19:42:18.278 xcodebuild[25084:44983878] [MT] IDELaunchParametersSnapshot: no debugger version
    t =    22.77s         Setting up automation session
    t =    23.58s         Wait for io.godstone.app to idle
    t =    25.02s Checking existence of `SearchField (First Match)`
    t =    25.08s Checking existence of `"Archive unavailable" StaticText`
    t =    25.33s Checking existence of `SearchField (First Match)`
    t =    25.38s Checking existence of `"Archive unavailable" StaticText`
    t =    25.60s Checking existence of `SearchField (First Match)`
    t =    25.65s Checking existence of `"Archive unavailable" StaticText`
    t =    25.88s Checking existence of `SearchField (First Match)`
    t =    25.92s Checking existence of `"Archive unavailable" StaticText`
    t =    26.15s Checking existence of `SearchField (First Match)`
    t =    26.20s Checking existence of `"Archive unavailable" StaticText`
    t =    26.42s Checking existence of `SearchField (First Match)`
    t =    26.47s Checking existence of `"Archive unavailable" StaticText`
    t =    26.70s Checking existence of `SearchField (First Match)`
    t =    26.74s Checking existence of `"Archive unavailable" StaticText`
    t =    26.97s Checking existence of `SearchField (First Match)`
    t =    27.01s Checking existence of `"Archive unavailable" StaticText`
    t =    27.24s Checking existence of `SearchField (First Match)`
    t =    27.28s Checking existence of `"Archive unavailable" StaticText`
    t =    27.51s Checking existence of `SearchField (First Match)`
    t =    27.55s Checking existence of `"Archive unavailable" StaticText`
    t =    27.78s Checking existence of `SearchField (First Match)`
    t =    27.82s Checking existence of `"Archive unavailable" StaticText`
    t =    28.05s Checking existence of `SearchField (First Match)`
    t =    28.10s Checking existence of `"Archive unavailable" StaticText`
    t =    28.32s Checking existence of `SearchField (First Match)`
    t =    28.37s Checking existence of `"Archive unavailable" StaticText`
    t =    28.60s Checking existence of `SearchField (First Match)`
    t =    28.64s Checking existence of `"Archive unavailable" StaticText`
    t =    28.87s Checking existence of `SearchField (First Match)`
    t =    28.89s Checking existence of `"Archive unavailable" StaticText`
    t =    29.11s Checking existence of `SearchField (First Match)`
    t =    29.16s Checking existence of `"Archive unavailable" StaticText`
    t =    29.38s Checking existence of `SearchField (First Match)`
    t =    29.43s Checking existence of `"Archive unavailable" StaticText`
    t =    29.66s Checking existence of `SearchField (First Match)`
    t =    29.70s Checking existence of `"Archive unavailable" StaticText`
    t =    29.93s Checking existence of `SearchField (First Match)`
    t =    29.98s Checking existence of `"Archive unavailable" StaticText`
    t =    30.20s Checking existence of `SearchField (First Match)`
    t =    30.25s Checking existence of `"Archive unavailable" StaticText`
    t =    30.48s Checking existence of `SearchField (First Match)`
    t =    30.52s Checking existence of `"Archive unavailable" StaticText`
    t =    30.75s Checking existence of `SearchField (First Match)`
    t =    30.79s Checking existence of `"Archive unavailable" StaticText`
    t =    31.02s Checking existence of `SearchField (First Match)`
    t =    31.07s Checking existence of `"Archive unavailable" StaticText`
    t =    31.30s Checking existence of `SearchField (First Match)`
    t =    31.34s Checking existence of `"Archive unavailable" StaticText`
    t =    31.57s Checking existence of `SearchField (First Match)`
    t =    31.60s Checking existence of `"Archive unavailable" StaticText`
    t =    31.83s Checking existence of `SearchField (First Match)`
    t =    31.87s Checking existence of `"Archive unavailable" StaticText`
    t =    32.10s Checking existence of `SearchField (First Match)`
    t =    32.15s Checking existence of `"Archive unavailable" StaticText`
    t =    32.37s Checking existence of `SearchField (First Match)`
    t =    32.39s Checking existence of `"Archive unavailable" StaticText`
    t =    32.62s Checking existence of `SearchField (First Match)`
    t =    32.65s Checking existence of `"Archive unavailable" StaticText`
    t =    32.88s Checking existence of `SearchField (First Match)`
    t =    32.90s Checking existence of `"Archive unavailable" StaticText`
    t =    33.13s Checking existence of `SearchField (First Match)`
    t =    33.16s Checking existence of `"Archive unavailable" StaticText`
    t =    33.38s Checking existence of `SearchField (First Match)`
    t =    33.43s Checking existence of `"Archive unavailable" StaticText`
    t =    33.65s Checking existence of `SearchField (First Match)`
    t =    33.70s Checking existence of `"Archive unavailable" StaticText`
    t =    33.93s Checking existence of `SearchField (First Match)`
    t =    33.98s Checking existence of `"Archive unavailable" StaticText`
    t =    34.20s Checking existence of `SearchField (First Match)`
    t =    34.24s Checking existence of `"Archive unavailable" StaticText`
    t =    34.47s Checking existence of `SearchField (First Match)`
    t =    34.52s Checking existence of `"Archive unavailable" StaticText`
    t =    34.74s Checking existence of `SearchField (First Match)`
    t =    34.79s Checking existence of `"Archive unavailable" StaticText`
    t =    35.02s Checking existence of `SearchField (First Match)`
    t =    35.07s Checking existence of `"Archive unavailable" StaticText`
    t =    35.29s Checking existence of `SearchField (First Match)`
    t =    35.34s Checking existence of `"Archive unavailable" StaticText`
    t =    35.57s Checking existence of `SearchField (First Match)`
    t =    35.61s Checking existence of `"Archive unavailable" StaticText`
    t =    35.84s Checking existence of `SearchField (First Match)`
    t =    35.88s Checking existence of `"Archive unavailable" StaticText`
    t =    36.10s Checking existence of `SearchField (First Match)`
    t =    36.15s Checking existence of `"Archive unavailable" StaticText`
    t =    36.37s Checking existence of `SearchField (First Match)`
    t =    36.42s Checking existence of `"Archive unavailable" StaticText`
    t =    36.65s Checking existence of `SearchField (First Match)`
    t =    36.69s Checking existence of `"Archive unavailable" StaticText`
    t =    36.92s Checking existence of `SearchField (First Match)`
    t =    36.96s Checking existence of `"Archive unavailable" StaticText`
    t =    37.18s Checking existence of `SearchField (First Match)`
    t =    37.23s Checking existence of `"Archive unavailable" StaticText`
    t =    37.46s Checking existence of `SearchField (First Match)`
    t =    37.51s Checking existence of `"Archive unavailable" StaticText`
    t =    37.73s Checking existence of `SearchField (First Match)`
    t =    37.78s Checking existence of `"Archive unavailable" StaticText`
    t =    38.01s Checking existence of `SearchField (First Match)`
    t =    38.05s Checking existence of `"Archive unavailable" StaticText`
    t =    38.28s Checking existence of `SearchField (First Match)`
    t =    38.33s Checking existence of `"Archive unavailable" StaticText`
    t =    38.55s Checking existence of `SearchField (First Match)`
    t =    38.60s Checking existence of `"Archive unavailable" StaticText`
    t =    38.83s Checking existence of `SearchField (First Match)`
    t =    38.87s Checking existence of `"Archive unavailable" StaticText`
    t =    39.10s Checking existence of `SearchField (First Match)`
    t =    39.12s Checking existence of `"Archive unavailable" StaticText`
    t =    39.35s Checking existence of `SearchField (First Match)`
    t =    39.39s Checking existence of `"Archive unavailable" StaticText`
    t =    39.62s Checking existence of `SearchField (First Match)`
    t =    39.66s Checking existence of `"Archive unavailable" StaticText`
    t =    39.89s Checking existence of `SearchField (First Match)`
    t =    39.94s Checking existence of `"Archive unavailable" StaticText`
    t =    40.16s Checking existence of `SearchField (First Match)`
    t =    40.20s Checking existence of `"Archive unavailable" StaticText`
    t =    40.43s Checking existence of `SearchField (First Match)`
    t =    40.47s Checking existence of `"Archive unavailable" StaticText`
    t =    40.70s Checking existence of `SearchField (First Match)`
    t =    40.74s Checking existence of `"Archive unavailable" StaticText`
    t =    40.97s Checking existence of `SearchField (First Match)`
    t =    41.02s Checking existence of `"Archive unavailable" StaticText`
    t =    41.24s Checking existence of `SearchField (First Match)`
    t =    41.29s Checking existence of `"Archive unavailable" StaticText`
    t =    41.52s Checking existence of `SearchField (First Match)`
    t =    41.56s Checking existence of `"Archive unavailable" StaticText`
    t =    41.79s Checking existence of `SearchField (First Match)`
    t =    41.83s Checking existence of `"Archive unavailable" StaticText`
    t =    42.05s Checking existence of `SearchField (First Match)`
    t =    42.10s Checking existence of `"Archive unavailable" StaticText`
    t =    42.32s Checking existence of `SearchField (First Match)`
    t =    42.37s Checking existence of `"Archive unavailable" StaticText`
    t =    42.60s Checking existence of `SearchField (First Match)`
    t =    42.62s Checking existence of `"Archive unavailable" StaticText`
    t =    42.84s Checking existence of `SearchField (First Match)`
    t =    42.89s Checking existence of `"Archive unavailable" StaticText`
    t =    43.12s Checking existence of `SearchField (First Match)`
    t =    43.14s Checking existence of `"Archive unavailable" StaticText`
    t =    43.36s Checking existence of `SearchField (First Match)`
    t =    43.39s Checking existence of `"Archive unavailable" StaticText`
    t =    43.62s Checking existence of `SearchField (First Match)`
    t =    43.67s Checking existence of `"Archive unavailable" StaticText`
    t =    43.89s Checking existence of `SearchField (First Match)`
    t =    43.93s Checking existence of `"Archive unavailable" StaticText`
    t =    44.16s Checking existence of `SearchField (First Match)`
    t =    44.21s Checking existence of `"Archive unavailable" StaticText`
    t =    44.44s Checking existence of `SearchField (First Match)`
    t =    44.48s Checking existence of `"Archive unavailable" StaticText`
    t =    44.71s Checking existence of `SearchField (First Match)`
    t =    44.76s Checking existence of `"Archive unavailable" StaticText`
    t =    44.98s Checking existence of `SearchField (First Match)`
    t =    45.03s Checking existence of `"Archive unavailable" StaticText`
    t =    45.26s Checking existence of `SearchField (First Match)`
    t =    45.30s Checking existence of `"Archive unavailable" StaticText`
    t =    45.53s Checking existence of `SearchField (First Match)`
    t =    45.57s Checking existence of `"Archive unavailable" StaticText`
    t =    45.80s Checking existence of `SearchField (First Match)`
    t =    45.85s Checking existence of `"Archive unavailable" StaticText`
    t =    46.07s Checking existence of `SearchField (First Match)`
    t =    46.11s Checking existence of `"Archive unavailable" StaticText`
    t =    46.34s Checking existence of `SearchField (First Match)`
    t =    46.39s Checking existence of `"Archive unavailable" StaticText`
    t =    46.61s Checking existence of `SearchField (First Match)`
    t =    46.65s Checking existence of `"Archive unavailable" StaticText`
    t =    46.88s Checking existence of `SearchField (First Match)`
    t =    46.92s Checking existence of `"Archive unavailable" StaticText`
    t =    47.14s Checking existence of `SearchField (First Match)`
    t =    47.18s Checking existence of `"Archive unavailable" StaticText`
    t =    47.40s Checking existence of `SearchField (First Match)`
    t =    47.45s Checking existence of `"Archive unavailable" StaticText`
    t =    47.68s Checking existence of `SearchField (First Match)`
    t =    47.73s Checking existence of `"Archive unavailable" StaticText`
    t =    47.96s Checking existence of `SearchField (First Match)`
    t =    48.00s Checking existence of `"Archive unavailable" StaticText`
    t =    48.23s Checking existence of `SearchField (First Match)`
    t =    48.31s Checking existence of `"Archive unavailable" StaticText`
    t =    48.54s Checking existence of `SearchField (First Match)`
    t =    48.58s Checking existence of `"Archive unavailable" StaticText`
    t =    48.81s Checking existence of `SearchField (First Match)`
    t =    48.85s Checking existence of `"Archive unavailable" StaticText`
    t =    49.08s Checking existence of `SearchField (First Match)`
    t =    49.10s Checking existence of `"Archive unavailable" StaticText`
    t =    49.33s Checking existence of `SearchField (First Match)`
    t =    49.35s Checking existence of `"Archive unavailable" StaticText`
    t =    49.58s Checking existence of `SearchField (First Match)`
    t =    49.62s Checking existence of `"Archive unavailable" StaticText`
    t =    49.85s Checking existence of `SearchField (First Match)`
    t =    49.90s Checking existence of `"Archive unavailable" StaticText`
    t =    50.13s Checking existence of `SearchField (First Match)`
    t =    50.17s Checking existence of `"Archive unavailable" StaticText`
    t =    50.40s Checking existence of `SearchField (First Match)`
    t =    50.44s Checking existence of `"Archive unavailable" StaticText`
    t =    50.67s Checking existence of `SearchField (First Match)`
    t =    50.71s Checking existence of `"Archive unavailable" StaticText`
    t =    50.94s Checking existence of `SearchField (First Match)`
    t =    50.99s Checking existence of `"Archive unavailable" StaticText`
    t =    51.21s Checking existence of `SearchField (First Match)`
    t =    51.25s Checking existence of `"Archive unavailable" StaticText`
    t =    51.48s Checking existence of `SearchField (First Match)`
    t =    51.53s Checking existence of `"Archive unavailable" StaticText`
    t =    51.76s Checking existence of `SearchField (First Match)`
    t =    51.79s Checking existence of `"Archive unavailable" StaticText`
    t =    52.01s Checking existence of `SearchField (First Match)`
    t =    52.05s Checking existence of `"Archive unavailable" StaticText`
    t =    52.26s Checking existence of `SearchField (First Match)`
    t =    52.30s Checking existence of `"Archive unavailable" StaticText`
    t =    52.53s Checking existence of `SearchField (First Match)`
    t =    52.56s Checking existence of `"Archive unavailable" StaticText`
    t =    52.79s Checking existence of `SearchField (First Match)`
    t =    52.81s Checking existence of `"Archive unavailable" StaticText`
    t =    53.03s Checking existence of `SearchField (First Match)`
    t =    53.06s Checking existence of `"Archive unavailable" StaticText`
    t =    53.28s Checking existence of `SearchField (First Match)`
    t =    53.33s Checking existence of `"Archive unavailable" StaticText`
    t =    53.56s Checking existence of `SearchField (First Match)`
    t =    53.58s Checking existence of `"Archive unavailable" StaticText`
    t =    53.81s Checking existence of `SearchField (First Match)`
    t =    53.84s Checking existence of `"Archive unavailable" StaticText`
    t =    54.06s Checking existence of `SearchField (First Match)`
    t =    54.11s Checking existence of `"Archive unavailable" StaticText`
    t =    54.34s Checking existence of `SearchField (First Match)`
    t =    54.39s Checking existence of `"Archive unavailable" StaticText`
    t =    54.62s Checking existence of `SearchField (First Match)`
    t =    54.65s Checking existence of `"Archive unavailable" StaticText`
    t =    54.88s Checking existence of `SearchField (First Match)`
    t =    54.91s Checking existence of `"Archive unavailable" StaticText`
    t =    55.14s Waiting 20.0s for StaticText (First Match) to exist
    t =    56.18s     Checking `Expect predicate `existsNoRetry == 1` for object StaticText (First Match)`
    t =    56.18s         Checking existence of `StaticText (First Match)`
    t =    56.21s Waiting 20.0s for "archive.passage.5" StaticText to exist
    t =    57.25s     Checking `Expect predicate `existsNoRetry == 1` for object "archive.passage.5" StaticText`
    t =    57.25s         Checking existence of `"archive.passage.5" StaticText`
    t =    57.28s Waiting 20.0s for "archive.back" Button to exist
    t =    58.33s     Checking `Expect predicate `existsNoRetry == 1` for object "archive.back" Button`
    t =    58.33s         Checking existence of `"archive.back" Button`
    t =    58.36s Get number of matches for: Descendants matching type Keyboard
    t =    59.43s Get number of matches for: Descendants matching type Keyboard
    t =    59.44s Tap "archive.back" Button
    t =    59.44s     Wait for io.godstone.app to idle
    t =    59.44s     Find the "archive.back" Button
    t =    59.45s     Check for interrupting elements affecting "archive.back" Button
    t =    59.47s     Synthesize event
    t =    59.76s     Wait for io.godstone.app to idle
    t =    60.57s Checking existence of `Any (First Match)`
    t =    60.61s Find the Any (First Match)
    t =    60.63s Checking existence of `StaticText (First Match)`
    t =    60.69s Waiting 20.0s for "archive.search.results" StaticText to exist
    t =    61.73s     Checking `Expect predicate `existsNoRetry == 1` for object "archive.search.results" StaticText`
    t =    61.73s         Checking existence of `"archive.search.results" StaticText`
    t =    61.78s Waiting 20.0s for "archive.search.hit.2" Button to exist
    t =    62.82s     Checking `Expect predicate `existsNoRetry == 1` for object "archive.search.hit.2" Button`
    t =    62.82s         Checking existence of `"archive.search.hit.2" Button`
    t =    62.86s Tear Down
Test Case '-[GodstoneArchiveUITests.GodstoneArchiveUITests testGSFINAL006TheWholeRestorationJourneyInOneSequence]' passed (63.232 seconds).
Test Suite 'GodstoneArchiveUITests' passed at 2026-10-03 19:42:58.959.
	 Executed 10 tests, with 0 failures (0 unexpected) in 202.803 (202.810) seconds
Test Suite 'GodstoneArchiveUITests.xctest' passed at 2026-10-03 19:42:58.960.
	 Executed 10 tests, with 0 failures (0 unexpected) in 202.803 (202.811) seconds
Test Suite 'All tests' passed at 2026-10-03 19:42:58.961.
	 Executed 10 tests, with 0 failures (0 unexpected) in 202.803 (202.812) seconds
2026-10-03 19:42:59.308 xcodebuild[25084:44983878] [MT] IDETestOperationsObserverDebug: 204.483 elapsed -- Testing started completed.
2026-10-03 19:42:59.308 xcodebuild[25084:44983878] [MT] IDETestOperationsObserverDebug: 0.000 sec, +0.000 sec -- start
2026-10-03 19:42:59.308 xcodebuild[25084:44983878] [MT] IDETestOperationsObserverDebug: 204.483 sec, +204.483 sec -- end

Test session results, code coverage, and logs:
	/Users/oculus/Library/Developer/Xcode/DerivedData/Godstone-dcsmxtfyjnmhzrerxihrahaqtdkr/Logs/Test/Test-GodstoneArchiveUI-2026.10.03_19-39-32-+0530.xcresult

** TEST SUCCEEDED **

Testing started
