=== swift build --target GodstoneMeshTests ===
Building for debugging...
[2 / 6] GodstoneCore
[3 / 7] GodstoneCore
[7 / 11] GodstoneMesh
[8 / 12] GodstoneMesh
[21 / 25] GodstoneCore
[22 / 27] GodstoneMesh
[32 / 36] GodstoneMesh
[35 / 39] GodstoneMeshTests-product
[46 / 50] GodstoneMeshTests-product
[51 / 53] GodstoneMeshTests-product
Build complete! (9.95 secs)
/private/tmp/board1-rc15-work-final/wt_IOS-R10-no-dispatch/ios/Packages/GodstoneFoundation/Sources/GodstoneCore/ReleaseIntake.swift:58:16: [1;33mwarning: [1;39mstored property 'values' of 'Sendable'-conforming struct 'BundleMetadata' contains non-Sendable type 'Any'; this is an error in the Swift 6 language mode[0;0m
 [0;36m56 |[0;0m 
 [0;36m57 |[0;0m public struct BundleMetadata: Sendable {
 [0;36m58 |[0;0m     public let values: [String: Any]
    [0;36m|[0;0m                `- [1;33mwarning: [1;39mstored property 'values' of 'Sendable'-conforming struct 'BundleMetadata' contains non-Sendable type 'Any'; this is an error in the Swift 6 language mode[0;0m
 [0;36m59 |[0;0m 
 [0;36m60 |[0;0m     public init(values: [String: Any]) { self.values = values }
/private/tmp/board1-rc15-work-final/wt_IOS-R10-no-dispatch/ios/Packages/GodstoneFoundation/Sources/GodstoneMesh/BleTransport.swift:8:16: [1;33mwarning: [1;39mstored property 'peripheral' of 'Sendable'-conforming struct 'OutboundPhysicalLifetime' contains non-Sendable type 'CBPeripheral'; this is an error in the Swift 6 language mode[0;0m
   [0;36m6 |[0;0m     public let relationKey: RelationKey
   [0;36m7 |[0;0m     public let transportEpoch: UInt64
   [0;36m8 |[0;0m     public let peripheral: CBPeripheral?
     [0;36m|[0;0m                `- [1;33mwarning: [1;39mstored property 'peripheral' of 'Sendable'-conforming struct 'OutboundPhysicalLifetime' contains non-Sendable type 'CBPeripheral'; this is an error in the Swift 6 language mode[0;0m
   [0;36m9 |[0;0m 
  [0;36m10 |[0;0m     public init(relationKey: RelationKey, transportEpoch: UInt64, peripheral: CBPeripheral? = nil) {

/Applications/Xcode.app/Contents/Developer/Platforms/MacOSX.platform/Developer/SDKs/MacOSX27.0.sdk/System/Library/Frameworks/CoreBluetooth.framework/Headers/CBPeripheral.h:66:28: [1;39mnote: [1;39mclass 'CBPeripheral' does not conform to the 'Sendable' protocol[0;0m
 [0;36m64 |[0;0m  */
 [0;36m65 |[0;0m NS_CLASS_AVAILABLE(10_7, 5_0)
 [0;36m66 |[0;0m CB_EXTERN_CLASS @interface CBPeripheral : CBPeer
    [0;36m|[0;0m                            `- [1;39mnote: [1;39mclass 'CBPeripheral' does not conform to the 'Sendable' protocol[0;0m
 [0;36m67 |[0;0m 
 [0;36m68 |[0;0m /*!

/private/tmp/board1-rc15-work-final/wt_IOS-R10-no-dispatch/ios/Packages/GodstoneFoundation/Sources/GodstoneMesh/BleTransport.swift:2:1: [1;33mwarning: [1;39madd '@preconcurrency' to suppress 'Sendable'-related warnings from module 'CoreBluetooth'[0;0m [#]8;;https://docs.swift.org/compiler/documentation/diagnostics/add-preconcurrency-import\AddPreconcurrencyImport]8;;\]
   [0;36m1 |[0;0m import Foundation
   [0;36m2 |[0;0m import CoreBluetooth
     [0;36m|[0;0m `- [1;33mwarning: [1;39madd '@preconcurrency' to suppress 'Sendable'-related warnings from module 'CoreBluetooth'[0;0m [#]8;;https://docs.swift.org/compiler/documentation/diagnostics/add-preconcurrency-import\AddPreconcurrencyImport]8;;\]
   [0;36m3 |[0;0m import GodstoneCore
   [0;36m4 |[0;0m 

/private/tmp/board1-rc15-work-final/wt_IOS-R10-no-dispatch/ios/Packages/GodstoneFoundation/Sources/GodstoneMesh/BleTransport.swift:32:16: [1;33mwarning: [1;39mstored property 'characteristicUuid' of 'Sendable'-conforming struct 'InboxSubscription' has non-Sendable type 'CBUUID'; this is an error in the Swift 6 language mode[0;0m
  [0;36m30 |[0;0m /// subscription. Presented by the subscribe callback, held with the lease.
  [0;36m31 |[0;0m public struct InboxSubscription: Equatable, Sendable {
  [0;36m32 |[0;0m     public let characteristicUuid: CBUUID
     [0;36m|[0;0m                `- [1;33mwarning: [1;39mstored property 'characteristicUuid' of 'Sendable'-conforming struct 'InboxSubscription' has non-Sendable type 'CBUUID'; this is an error in the Swift 6 language mode[0;0m
  [0;36m33 |[0;0m     public let maxUpdateLength: Int
  [0;36m34 |[0;0m 

/Applications/Xcode.app/Contents/Developer/Platforms/MacOSX.platform/Developer/SDKs/MacOSX27.0.sdk/System/Library/Frameworks/CoreBluetooth.framework/Headers/CBUUID.h:85:28: [1;39mnote: [1;39mclass 'CBUUID' does not conform to the 'Sendable' protocol[0;0m
 [0;36m83 |[0;0m  */
 [0;36m84 |[0;0m NS_CLASS_AVAILABLE(10_7, 5_0)
 [0;36m85 |[0;0m CB_EXTERN_CLASS @interface CBUUID : NSObject <NSCopying>
    [0;36m|[0;0m                            `- [1;39mnote: [1;39mclass 'CBUUID' does not conform to the 'Sendable' protocol[0;0m
 [0;36m86 |[0;0m 
 [0;36m87 |[0;0m /*!

/private/tmp/board1-rc15-work-final/wt_IOS-R10-no-dispatch/ios/Packages/GodstoneFoundation/Sources/GodstoneMesh/BleTransport.swift:48:16: [1;33mwarning: [1;39mstored property 'retainedCentral' of 'Sendable'-conforming struct 'InboundSubscriptionLifetime' contains non-Sendable type 'CBCentral'; this is an error in the Swift 6 language mode[0;0m
  [0;36m46 |[0;0m     /// this handle - never through a fresh lookup of the subscriber list,
  [0;36m47 |[0;0m     /// which a reused identity could have renewed in the meantime.
  [0;36m48 |[0;0m     public let retainedCentral: CBCentral?
     [0;36m|[0;0m                `- [1;33mwarning: [1;39mstored property 'retainedCentral' of 'Sendable'-conforming struct 'InboundSubscriptionLifetime' contains non-Sendable type 'CBCentral'; this is an error in the Swift 6 language mode[0;0m
  [0;36m49 |[0;0m     /// The inbox subscription this lease stands for, as presented by the
  [0;36m50 |[0;0m     /// callback; nil while the subscription was not distinguishable.

/Applications/Xcode.app/Contents/Developer/Platforms/MacOSX.platform/Developer/SDKs/MacOSX27.0.sdk/System/Library/Frameworks/CoreBluetooth.framework/Headers/CBCentral.h:28:28: [1;39mnote: [1;39mclass 'CBCentral' does not conform to the 'Sendable' protocol[0;0m
[0;36m26 |[0;0m  */
[0;36m27 |[0;0m NS_CLASS_AVAILABLE(10_9, 6_0)
[0;36m28 |[0;0m CB_EXTERN_CLASS @interface CBCentral : CBPeer
   [0;36m|[0;0m                            `- [1;39mnote: [1;39mclass 'CBCentral' does not conform to the 'Sendable' protocol[0;0m
[0;36m29 |[0;0m 
[0;36m30 |[0;0m /*!

/private/tmp/board1-rc15-work-final/wt_IOS-R10-no-dispatch/ios/Packages/GodstoneFoundation/Sources/GodstoneMesh/BleTransport.swift:123:5: [1;33mwarning: [1;39m'public' modifier is redundant for property declared in a public extension[0;0m
 [0;36m121 |[0;0m 
 [0;36m122 |[0;0m public extension TransportManagerFactory {
 [0;36m123 |[0;0m     public var admissionBudgetOverride: Int? { return nil }
     [0;36m|[0;0m     `- [1;33mwarning: [1;39m'public' modifier is redundant for property declared in a public extension[0;0m
 [0;36m124 |[0;0m }
 [0;36m125 |[0;0m 

/private/tmp/board1-rc15-work-final/wt_IOS-R10-no-dispatch/ios/Packages/GodstoneFoundation/Sources/GodstoneMesh/BleTransport.swift:550:9: [1;33mwarning: [1;39mstored property 'timer' of 'Sendable'-conforming struct 'TimerLease' has non-Sendable type 'Timer'; this is an error in the Swift 6 language mode[0;0m
 [0;36m548 |[0;0m     public let deadlineUptimeMillis: UInt64
 [0;36m549 |[0;0m     public let handle: TimerKey
 [0;36m550 |[0;0m     let timer: Timer
     [0;36m|[0;0m         `- [1;33mwarning: [1;39mstored property 'timer' of 'Sendable'-conforming struct 'TimerLease' has non-Sendable type 'Timer'; this is an error in the Swift 6 language mode[0;0m
 [0;36m551 |[0;0m     let context: ManagerContext?
 [0;36m552 |[0;0m 

/Applications/Xcode.app/Contents/Developer/Platforms/MacOSX.platform/Developer/SDKs/MacOSX27.0.sdk/System/Library/Frameworks/Foundation.framework/Headers/NSTimer.h:45:12: [1;39mnote: [1;39mclass 'Timer' does not conform to the 'Sendable' protocol[0;0m
 [0;36m43 |[0;0m ///
 [0;36m44 |[0;0m /// Do not subclass ``Timer``.
 [0;36m45 |[0;0m @interface NSTimer : NSObject
    [0;36m|[0;0m            `- [1;39mnote: [1;39mclass 'Timer' does not conform to the 'Sendable' protocol[0;0m
 [0;36m46 |[0;0m 
 [0;36m47 |[0;0m /// Initializes a timer object with the specified invocation object.

/private/tmp/board1-rc15-work-final/wt_IOS-R10-no-dispatch/ios/Packages/GodstoneFoundation/Sources/GodstoneMesh/BoundRecipientKeyResolver.swift:11:1: [1;33mwarning: [1;39mconformance to 'Sendable' must occur in the same source file as class 'PeerIdentityRepository'; use '@unchecked Sendable' for retroactive conformance; this is an error in the Swift 6 language mode[0;0m
 [0;36m9 |[0;0m }
[0;36m10 |[0;0m 
[0;36m11 |[0;0m extension PeerIdentityRepository: PeerIdentityLookupSource {}
   [0;36m|[0;0m `- [1;33mwarning: [1;39mconformance to 'Sendable' must occur in the same source file as class 'PeerIdentityRepository'; use '@unchecked Sendable' for retroactive conformance; this is an error in the Swift 6 language mode[0;0m
[0;36m12 |[0;0m 
[0;36m13 |[0;0m /// Read-only durable peer-identity -> ACK signing-key resolver (ADR-003, Phase C8.3).

/private/tmp/board1-rc15-work-final/wt_IOS-R10-no-dispatch/ios/Packages/GodstoneFoundation/Sources/GodstoneMesh/PeerIdentityRepository.swift:114:17: [1;33mwarning: [1;39mstored property 'store' of 'Sendable'-conforming class 'PeerIdentityRepository' has non-Sendable type 'any PeerIdentityStore'; this is an error in the Swift 6 language mode[0;0m
[0;36m112 |[0;0m /// and post-mutation readback verification (ADR-003, Phase C8.2B).
[0;36m113 |[0;0m internal final class PeerIdentityRepository {
[0;36m114 |[0;0m     private let store: PeerIdentityStore
    [0;36m|[0;0m                 `- [1;33mwarning: [1;39mstored property 'store' of 'Sendable'-conforming class 'PeerIdentityRepository' has non-Sendable type 'any PeerIdentityStore'; this is an error in the Swift 6 language mode[0;0m
[0;36m115 |[0;0m 
[0;36m116 |[0;0m     init(store: PeerIdentityStore) {

/private/tmp/board1-rc15-work-final/wt_IOS-R10-no-dispatch/ios/Packages/GodstoneFoundation/Sources/GodstoneMesh/PeerIdentityStore.swift:223:19: [1;39mnote: [1;39mprotocol 'PeerIdentityStore' does not conform to the 'Sendable' protocol[0;0m
 [0;36m221 |[0;0m 
 [0;36m222 |[0;0m /// Storage protocol for peer identity repository backend (ADR-003, Phase C8.2B).
 [0;36m223 |[0;0m internal protocol PeerIdentityStore: AnyObject {
     [0;36m|[0;0m                   `- [1;39mnote: [1;39mprotocol 'PeerIdentityStore' does not conform to the 'Sendable' protocol[0;0m
 [0;36m224 |[0;0m     func inImmediateTransaction<T>(_ block: (PeerIdentityStore) throws -> T) throws -> T
 [0;36m225 |[0;0m 

/private/tmp/board1-rc15-work-final/wt_IOS-R10-no-dispatch/ios/Packages/GodstoneFoundation/Sources/GodstoneMesh/LabRuntime.swift:1918:17: [1;33mwarning: [1;39mstored property 'trustStore' of 'Sendable'-conforming struct 'LabEstateSeam' contains non-Sendable type 'SqlitePeerIdentityStore'; this is an error in the Swift 6 language mode[0;0m
[0;36m1916 |[0;0m     private let paths: [String: URL]
[0;36m1917 |[0;0m     private let drain: LabEstateDrainSeam?
[0;36m1918 |[0;0m     private let trustStore: SqlitePeerIdentityStore?
     [0;36m|[0;0m                 `- [1;33mwarning: [1;39mstored property 'trustStore' of 'Sendable'-conforming struct 'LabEstateSeam' contains non-Sendable type 'SqlitePeerIdentityStore'; this is an error in the Swift 6 language mode[0;0m
[0;36m1919 |[0;0m     internal let keychain: any LocalIdentityKeychain = HarnessIdentityKeychain()
[0;36m1920 |[0;0m     /// The lab carries no encrypted private store (its stores are plaintext files under Application Support), so

/private/tmp/board1-rc15-work-final/wt_IOS-R10-no-dispatch/ios/Packages/GodstoneFoundation/Sources/GodstoneMesh/PeerIdentityStore.swift:288:22: [1;39mnote: [1;39mclass 'SqlitePeerIdentityStore' does not conform to the 'Sendable' protocol[0;0m
 [0;36m286 |[0;0m 
 [0;36m287 |[0;0m /// Production SQLite-backed peer identity store with fixed FileProtectionType.complete (ADR-003, Phase C8.2B).
 [0;36m288 |[0;0m internal final class SqlitePeerIdentityStore: PeerIdentityStore {
     [0;36m|[0;0m                      `- [1;39mnote: [1;39mclass 'SqlitePeerIdentityStore' does not conform to the 'Sendable' protocol[0;0m
 [0;36m289 |[0;0m     private var handle: OpaquePointer?
 [0;36m290 |[0;0m 

/private/tmp/board1-rc15-work-final/wt_IOS-R10-no-dispatch/ios/Packages/GodstoneFoundation/Sources/GodstoneMesh/LabRuntime.swift:1922:18: [1;33mwarning: [1;39mstored property 'dekProvider' of 'Sendable'-conforming struct 'LabEstateSeam' contains non-Sendable type 'any PrivateStoreKeyProvider'; this is an error in the Swift 6 language mode[0;0m
[0;36m1920 |[0;0m     /// The lab carries no encrypted private store (its stores are plaintext files under Application Support), so
[0;36m1921 |[0;0m     /// there is no DEK to erase and the vault answereth `.absent` -- the tri-state doctrine's own honest word.
[0;36m1922 |[0;0m     internal let dekProvider: (any PrivateStoreKeyProvider)? = nil
     [0;36m|[0;0m                  `- [1;33mwarning: [1;39mstored property 'dekProvider' of 'Sendable'-conforming struct 'LabEstateSeam' contains non-Sendable type 'any PrivateStoreKeyProvider'; this is an error in the Swift 6 language mode[0;0m
[0;36m1923 |[0;0m 
[0;36m1924 |[0;0m     /// - Parameters:

/private/tmp/board1-rc15-work-final/wt_IOS-R10-no-dispatch/ios/Packages/GodstoneFoundation/Sources/GodstoneMesh/PrivateStoreKeyProvider.swift:66:17: [1;39mnote: [1;39mprotocol 'PrivateStoreKeyProvider' does not conform to the 'Sendable' protocol[0;0m
 [0;36m64 |[0;0m /// `DefaultPrivateStoreKeyProvider`; the court injects a fake to drive wrong-DEK,
 [0;36m65 |[0;0m /// Keychain-unavailable, locked-device and protection-failure decisions on the host.
 [0;36m66 |[0;0m public protocol PrivateStoreKeyProvider: AnyObject {
    [0;36m|[0;0m                 `- [1;39mnote: [1;39mprotocol 'PrivateStoreKeyProvider' does not conform to the 'Sendable' protocol[0;0m
 [0;36m67 |[0;0m     /// The pinned DEK length in bytes (AES-256).
 [0;36m68 |[0;0m     var dekByteCount: Int { get }

/private/tmp/board1-rc15-work-final/wt_IOS-R10-no-dispatch/ios/Packages/GodstoneFoundation/Sources/GodstoneMesh/MeshRuntime.swift:1269:17: [1;33mwarning: [1;39mno calls to throwing functions occur within 'try' expression[0;0m [#]8;;https://docs.swift.org/compiler/documentation/diagnostics/unnecessary-effect-marker\UnnecessaryEffectMarker]8;;\]
[0;36m1267 |[0;0m             invalidateRuntime: { [invalidator, messageStore, peerIdentityStore,
[0;36m1268 |[0;0m                                  adoptedMessageConnection, adoptedPeerConnection] in
[0;36m1269 |[0;0m                 try invalidator.invalidateForWipe()
     [0;36m|[0;0m                 `- [1;33mwarning: [1;39mno calls to throwing functions occur within 'try' expression[0;0m [#]8;;https://docs.swift.org/compiler/documentation/diagnostics/unnecessary-effect-marker\UnnecessaryEffectMarker]8;;\]
[0;36m1270 |[0;0m                 messageStore.close()
[0;36m1271 |[0;0m                 peerIdentityStore.close()

/private/tmp/board1-rc15-work-final/wt_IOS-R10-no-dispatch/ios/Packages/GodstoneFoundation/Sources/GodstoneMesh/MeshRuntime.swift:1488:13: [1;33mwarning: [1;39mstored property 'dekProvider' of 'Sendable'-conforming struct 'DefaultRecoveryEstate' contains non-Sendable type 'any PrivateStoreKeyProvider'; this is an error in the Swift 6 language mode[0;0m
[0;36m1486 |[0;0m         let peerStoreUrl: URL
[0;36m1487 |[0;0m         let keychain: any LocalIdentityKeychain
[0;36m1488 |[0;0m         let dekProvider: (any PrivateStoreKeyProvider)?
     [0;36m|[0;0m             `- [1;33mwarning: [1;39mstored property 'dekProvider' of 'Sendable'-conforming struct 'DefaultRecoveryEstate' contains non-Sendable type 'any PrivateStoreKeyProvider'; this is an error in the Swift 6 language mode[0;0m
[0;36m1489 |[0;0m         /// The composition's ONE owner registry; the production recovery road drains and closes through IT.
[0;36m1490 |[0;0m         let registry: EstateOwnerRegistry

/private/tmp/board1-rc15-work-final/wt_IOS-R10-no-dispatch/ios/Packages/GodstoneFoundation/Sources/GodstoneMesh/PrivateStoreKeyProvider.swift:66:17: [1;39mnote: [1;39mprotocol 'PrivateStoreKeyProvider' does not conform to the 'Sendable' protocol[0;0m
 [0;36m64 |[0;0m /// `DefaultPrivateStoreKeyProvider`; the court injects a fake to drive wrong-DEK,
 [0;36m65 |[0;0m /// Keychain-unavailable, locked-device and protection-failure decisions on the host.
 [0;36m66 |[0;0m public protocol PrivateStoreKeyProvider: AnyObject {
    [0;36m|[0;0m                 `- [1;39mnote: [1;39mprotocol 'PrivateStoreKeyProvider' does not conform to the 'Sendable' protocol[0;0m
 [0;36m67 |[0;0m     /// The pinned DEK length in bytes (AES-256).
 [0;36m68 |[0;0m     var dekByteCount: Int { get }

/private/tmp/board1-rc15-work-final/wt_IOS-R10-no-dispatch/ios/Packages/GodstoneFoundation/Sources/GodstoneMesh/MeshRuntime.swift:1493:13: [1;33mwarning: [1;39mstored property 'liveTransportSeam' of 'Sendable'-conforming struct 'DefaultRecoveryEstate' contains non-Sendable type 'any TransportRuntimeSeam'; this is an error in the Swift 6 language mode[0;0m
[0;36m1491 |[0;0m         /// The runtime's live transport seam, when one is running; `nil` at create time, where the registry's own
[0;36m1492 |[0;0m         /// positive cold proof is what the drain rung stands on.
[0;36m1493 |[0;0m         let liveTransportSeam: TransportRuntimeSeam?
     [0;36m|[0;0m             `- [1;33mwarning: [1;39mstored property 'liveTransportSeam' of 'Sendable'-conforming struct 'DefaultRecoveryEstate' contains non-Sendable type 'any TransportRuntimeSeam'; this is an error in the Swift 6 language mode[0;0m
[0;36m1494 |[0;0m         /// The runtime's owner invalidation/close hook, carried across rather than dropped.
[0;36m1495 |[0;0m         let invalidateLiveOwners: () -> Void

/private/tmp/board1-rc15-work-final/wt_IOS-R10-no-dispatch/ios/Packages/GodstoneFoundation/Sources/GodstoneMesh/CrashResumableWipe.swift:203:17: [1;39mnote: [1;39mprotocol 'TransportRuntimeSeam' does not conform to the 'Sendable' protocol[0;0m
[0;36m201 |[0;0m }
[0;36m202 |[0;0m 
[0;36m203 |[0;0m public protocol TransportRuntimeSeam: AnyObject {
    [0;36m|[0;0m                 `- [1;39mnote: [1;39mprotocol 'TransportRuntimeSeam' does not conform to the 'Sendable' protocol[0;0m
[0;36m204 |[0;0m     func drainTransport() -> RuntimeDrainReceipt
[0;36m205 |[0;0m     /// Whether THIS process lifetime has drained the transport; a reboot starts un-quiesced.

/private/tmp/board1-rc15-work-final/wt_IOS-R10-no-dispatch/ios/Packages/GodstoneFoundation/Sources/GodstoneMesh/MeshRuntime.swift:1495:13: [1;33mwarning: [1;39mstored property 'invalidateLiveOwners' of 'Sendable'-conforming struct 'DefaultRecoveryEstate' has non-Sendable type '() -> ()'; this is an error in the Swift 6 language mode[0;0m
[0;36m1493 |[0;0m         let liveTransportSeam: TransportRuntimeSeam?
[0;36m1494 |[0;0m         /// The runtime's owner invalidation/close hook, carried across rather than dropped.
[0;36m1495 |[0;0m         let invalidateLiveOwners: () -> Void
     [0;36m|[0;0m             |- [1;33mwarning: [1;39mstored property 'invalidateLiveOwners' of 'Sendable'-conforming struct 'DefaultRecoveryEstate' has non-Sendable type '() -> ()'; this is an error in the Swift 6 language mode[0;0m
     [0;36m|[0;0m             `- [1;39mnote: [1;39ma function type must be marked '@Sendable' to conform to 'Sendable'[0;0m
[0;36m1496 |[0;0m         internal init(messageStoreUrl: URL, peerStoreUrl: URL,
[0;36m1497 |[0;0m                       keychain: any LocalIdentityKeychain,

/private/tmp/board1-rc15-work-final/wt_IOS-R10-no-dispatch/ios/Packages/GodstoneFoundation/Sources/GodstoneMesh/MessageStore.swift:66:10: [1;33mwarning: [1;39massociated value 'created' of 'Sendable'-conforming enum 'OutboundEnqueueResult' has non-Sendable type 'FrameV2'; this is an error in the Swift 6 language mode[0;0m
  [0;36m64 |[0;0m public enum OutboundEnqueueResult: Sendable, Equatable {
  [0;36m65 |[0;0m     /// A new DIRECT message was atomically persisted in held_frames and delivery_state (QUEUED_DURABLY).
  [0;36m66 |[0;0m     case created(FrameV2)
     [0;36m|[0;0m          `- [1;33mwarning: [1;39massociated value 'created' of 'Sendable'-conforming enum 'OutboundEnqueueResult' has non-Sendable type 'FrameV2'; this is an error in the Swift 6 language mode[0;0m
  [0;36m67 |[0;0m     /// An idempotent retry of the SAME logical message with matching SINGLE_RECIPIENT binding and exact canonical frame.
  [0;36m68 |[0;0m     case alreadyQueuedSameBinding(FrameV2)

/private/tmp/board1-rc15-work-final/wt_IOS-R10-no-dispatch/ios/Packages/GodstoneFoundation/Sources/GodstoneMesh/WireV2.swift:7:15: [1;39mnote: [1;39mconsider making struct 'FrameV2' conform to the 'Sendable' protocol[0;0m
  [0;36m5 |[0;0m 
  [0;36m6 |[0;0m /// GMP/2 frame. Header is 32 bytes, big-endian.
  [0;36m7 |[0;0m public struct FrameV2: Equatable {
    [0;36m|[0;0m               `- [1;39mnote: [1;39mconsider making struct 'FrameV2' conform to the 'Sendable' protocol[0;0m
  [0;36m8 |[0;0m     public static let magic: UInt16 = 0x4753
  [0;36m9 |[0;0m     public static let version: UInt8 = 0x02

/private/tmp/board1-rc15-work-final/wt_IOS-R10-no-dispatch/ios/Packages/GodstoneFoundation/Sources/GodstoneMesh/MessageStore.swift:68:10: [1;33mwarning: [1;39massociated value 'alreadyQueuedSameBinding' of 'Sendable'-conforming enum 'OutboundEnqueueResult' has non-Sendable type 'FrameV2'; this is an error in the Swift 6 language mode[0;0m
  [0;36m66 |[0;0m     case created(FrameV2)
  [0;36m67 |[0;0m     /// An idempotent retry of the SAME logical message with matching SINGLE_RECIPIENT binding and exact canonical frame.
  [0;36m68 |[0;0m     case alreadyQueuedSameBinding(FrameV2)
     [0;36m|[0;0m          `- [1;33mwarning: [1;39massociated value 'alreadyQueuedSameBinding' of 'Sendable'-conforming enum 'OutboundEnqueueResult' has non-Sendable type 'FrameV2'; this is an error in the Swift 6 language mode[0;0m
  [0;36m69 |[0;0m     /// A held frame exists with matching msg_id but its fields/content differ from requested frame.
  [0;36m70 |[0;0m     case canonicalFrameMismatch

/private/tmp/board1-rc15-work-final/wt_IOS-R10-no-dispatch/ios/Packages/GodstoneFoundation/Sources/GodstoneMesh/WireV2.swift:7:15: [1;39mnote: [1;39mconsider making struct 'FrameV2' conform to the 'Sendable' protocol[0;0m
  [0;36m5 |[0;0m 
  [0;36m6 |[0;0m /// GMP/2 frame. Header is 32 bytes, big-endian.
  [0;36m7 |[0;0m public struct FrameV2: Equatable {
    [0;36m|[0;0m               `- [1;39mnote: [1;39mconsider making struct 'FrameV2' conform to the 'Sendable' protocol[0;0m
  [0;36m8 |[0;0m     public static let magic: UInt16 = 0x4753
  [0;36m9 |[0;0m     public static let version: UInt8 = 0x02

/private/tmp/board1-rc15-work-final/wt_IOS-R10-no-dispatch/ios/Packages/GodstoneFoundation/Sources/GodstoneMesh/SchemaMigration.swift:78:16: [1;33mwarning: [1;39mstored property 'apply' of 'Sendable'-conforming struct 'MigrationStep' contains non-Sendable type '(any MigrationExecutor) -> ()'; this is an error in the Swift 6 language mode[0;0m
 [0;36m76 |[0;0m     public let to: Int
 [0;36m77 |[0;0m     public let statements: [String]
 [0;36m78 |[0;0m     public let apply: MigrationApply?
    [0;36m|[0;0m                |- [1;33mwarning: [1;39mstored property 'apply' of 'Sendable'-conforming struct 'MigrationStep' contains non-Sendable type '(any MigrationExecutor) -> ()'; this is an error in the Swift 6 language mode[0;0m
    [0;36m|[0;0m                `- [1;39mnote: [1;39ma function type must be marked '@Sendable' to conform to 'Sendable'[0;0m
 [0;36m79 |[0;0m     public init(from: Int, to: Int, statements: [String], apply: MigrationApply? = nil) { self.from = from; self.to = to; self.statements = statements; self.apply = apply }
 [0;36m80 |[0;0m }

/private/tmp/board1-rc15-work-final/wt_IOS-R10-no-dispatch/ios/Packages/GodstoneFoundation/Sources/GodstoneMesh/SosCommand.swift:44:16: [1;33mwarning: [1;39mstored property 'frame' of 'Sendable'-conforming struct 'ActiveSos' has non-Sendable type 'FrameV2'; this is an error in the Swift 6 language mode[0;0m
 [0;36m42 |[0;0m     public let msgId: Data
 [0;36m43 |[0;0m     public let state: DeliveryState
 [0;36m44 |[0;0m     public let frame: FrameV2
    [0;36m|[0;0m                `- [1;33mwarning: [1;39mstored property 'frame' of 'Sendable'-conforming struct 'ActiveSos' has non-Sendable type 'FrameV2'; this is an error in the Swift 6 language mode[0;0m
 [0;36m45 |[0;0m     /// When this node committed the pair, when it remembers; nil when the
 [0;36m46 |[0;0m     /// tables cannot name the instant (honest silence over a fabricated clock).

/private/tmp/board1-rc15-work-final/wt_IOS-R10-no-dispatch/ios/Packages/GodstoneFoundation/Sources/GodstoneMesh/WireV2.swift:7:15: [1;39mnote: [1;39mconsider making struct 'FrameV2' conform to the 'Sendable' protocol[0;0m
  [0;36m5 |[0;0m 
  [0;36m6 |[0;0m /// GMP/2 frame. Header is 32 bytes, big-endian.
  [0;36m7 |[0;0m public struct FrameV2: Equatable {
    [0;36m|[0;0m               `- [1;39mnote: [1;39mconsider making struct 'FrameV2' conform to the 'Sendable' protocol[0;0m
  [0;36m8 |[0;0m     public static let magic: UInt16 = 0x4753
  [0;36m9 |[0;0m     public static let version: UInt8 = 0x02

/private/tmp/board1-rc15-work-final/wt_IOS-R10-no-dispatch/ios/Packages/GodstoneFoundation/Sources/GodstoneMesh/SyncControlOwner.swift:42:14: [1;33mwarning: [1;39massociated value 'answered(frame:)' of 'Sendable'-conforming enum 'OwnerDecision' contains non-Sendable type 'FrameV2'; this is an error in the Swift 6 language mode[0;0m
 [0;36m40 |[0;0m         case ignored(reason: String)
 [0;36m41 |[0;0m         case refused(reason: String)
 [0;36m42 |[0;0m         case answered(frame: FrameV2)
    [0;36m|[0;0m              `- [1;33mwarning: [1;39massociated value 'answered(frame:)' of 'Sendable'-conforming enum 'OwnerDecision' contains non-Sendable type 'FrameV2'; this is an error in the Swift 6 language mode[0;0m
 [0;36m43 |[0;0m         case delivered(frames: [FrameV2])
 [0;36m44 |[0;0m     }

/private/tmp/board1-rc15-work-final/wt_IOS-R10-no-dispatch/ios/Packages/GodstoneFoundation/Sources/GodstoneMesh/WireV2.swift:7:15: [1;39mnote: [1;39mconsider making struct 'FrameV2' conform to the 'Sendable' protocol[0;0m
  [0;36m5 |[0;0m 
  [0;36m6 |[0;0m /// GMP/2 frame. Header is 32 bytes, big-endian.
  [0;36m7 |[0;0m public struct FrameV2: Equatable {
    [0;36m|[0;0m               `- [1;39mnote: [1;39mconsider making struct 'FrameV2' conform to the 'Sendable' protocol[0;0m
  [0;36m8 |[0;0m     public static let magic: UInt16 = 0x4753
  [0;36m9 |[0;0m     public static let version: UInt8 = 0x02

/private/tmp/board1-rc15-work-final/wt_IOS-R10-no-dispatch/ios/Packages/GodstoneFoundation/Sources/GodstoneMesh/SyncControlOwner.swift:43:14: [1;33mwarning: [1;39massociated value 'delivered(frames:)' of 'Sendable'-conforming enum 'OwnerDecision' contains non-Sendable type 'FrameV2'; this is an error in the Swift 6 language mode[0;0m
 [0;36m41 |[0;0m         case refused(reason: String)
 [0;36m42 |[0;0m         case answered(frame: FrameV2)
 [0;36m43 |[0;0m         case delivered(frames: [FrameV2])
    [0;36m|[0;0m              `- [1;33mwarning: [1;39massociated value 'delivered(frames:)' of 'Sendable'-conforming enum 'OwnerDecision' contains non-Sendable type 'FrameV2'; this is an error in the Swift 6 language mode[0;0m
 [0;36m44 |[0;0m     }
 [0;36m45 |[0;0m 

/private/tmp/board1-rc15-work-final/wt_IOS-R10-no-dispatch/ios/Packages/GodstoneFoundation/Sources/GodstoneMesh/WireV2.swift:7:15: [1;39mnote: [1;39mconsider making struct 'FrameV2' conform to the 'Sendable' protocol[0;0m
  [0;36m5 |[0;0m 
  [0;36m6 |[0;0m /// GMP/2 frame. Header is 32 bytes, big-endian.
  [0;36m7 |[0;0m public struct FrameV2: Equatable {
    [0;36m|[0;0m               `- [1;39mnote: [1;39mconsider making struct 'FrameV2' conform to the 'Sendable' protocol[0;0m
  [0;36m8 |[0;0m     public static let magic: UInt16 = 0x4753
  [0;36m9 |[0;0m     public static let version: UInt8 = 0x02

/private/tmp/board1-rc15-work-final/wt_IOS-R10-no-dispatch/ios/Packages/GodstoneFoundation/Sources/GodstoneMesh/SyncPump.swift:46:16: [1;33mwarning: [1;39mstored property 'frame' of 'Sendable'-conforming struct 'ForwardCopy' has non-Sendable type 'FrameV2'; this is an error in the Swift 6 language mode[0;0m
 [0;36m44 |[0;0m /// exactly once -- and every retry re-emiteth these exact bytes.
 [0;36m45 |[0;0m public struct ForwardCopy: Equatable, Sendable {
 [0;36m46 |[0;0m     public let frame: FrameV2
    [0;36m|[0;0m                `- [1;33mwarning: [1;39mstored property 'frame' of 'Sendable'-conforming struct 'ForwardCopy' has non-Sendable type 'FrameV2'; this is an error in the Swift 6 language mode[0;0m
 [0;36m47 |[0;0m     /// The immediate hop it arrived from, which is never offered it back.
 [0;36m48 |[0;0m     public let fromPeer: Data?

/private/tmp/board1-rc15-work-final/wt_IOS-R10-no-dispatch/ios/Packages/GodstoneFoundation/Sources/GodstoneMesh/WireV2.swift:7:15: [1;39mnote: [1;39mconsider making struct 'FrameV2' conform to the 'Sendable' protocol[0;0m
  [0;36m5 |[0;0m 
  [0;36m6 |[0;0m /// GMP/2 frame. Header is 32 bytes, big-endian.
  [0;36m7 |[0;0m public struct FrameV2: Equatable {
    [0;36m|[0;0m               `- [1;39mnote: [1;39mconsider making struct 'FrameV2' conform to the 'Sendable' protocol[0;0m
  [0;36m8 |[0;0m     public static let magic: UInt16 = 0x4753
  [0;36m9 |[0;0m     public static let version: UInt8 = 0x02

/private/tmp/board1-rc15-work-final/wt_IOS-R10-no-dispatch/ios/Packages/GodstoneFoundation/Sources/GodstoneMesh/TrustedHandshakeController.swift:39:9: [1;33mwarning: [1;39mstored property 'noiseSession' of 'Sendable'-conforming struct 'DefaultHs3Writer' has non-Sendable type 'NoiseSession'; this is an error in the Swift 6 language mode[0;0m
 [0;36m37 |[0;0m 
 [0;36m38 |[0;0m internal struct DefaultHs3Writer: Hs3Writer {
 [0;36m39 |[0;0m     let noiseSession: NoiseSession
    [0;36m|[0;0m         `- [1;33mwarning: [1;39mstored property 'noiseSession' of 'Sendable'-conforming struct 'DefaultHs3Writer' has non-Sendable type 'NoiseSession'; this is an error in the Swift 6 language mode[0;0m
 [0;36m40 |[0;0m     func writeHs3(payload: Data) throws -> Data {
 [0;36m41 |[0;0m         try noiseSession.writeMessage3(payload: payload)

/private/tmp/board1-rc15-work-final/wt_IOS-R10-no-dispatch/ios/Packages/GodstoneFoundation/Sources/GodstoneMesh/NoiseSession.swift:48:20: [1;39mnote: [1;39mclass 'NoiseSession' does not conform to the 'Sendable' protocol[0;0m
 [0;36m46 |[0;0m }
 [0;36m47 |[0;0m 
 [0;36m48 |[0;0m public final class NoiseSession {
    [0;36m|[0;0m                    `- [1;39mnote: [1;39mclass 'NoiseSession' does not conform to the 'Sendable' protocol[0;0m
 [0;36m49 |[0;0m 
 [0;36m50 |[0;0m     public enum Role { case initiator, responder }

[#AddPreconcurrencyImport]: <https://docs.swift.org/compiler/documentation/diagnostics/add-preconcurrency-import>
[#UnnecessaryEffectMarker]: <https://docs.swift.org/compiler/documentation/diagnostics/unnecessary-effect-marker>
/private/tmp/board1-rc15-work-final/wt_IOS-R10-no-dispatch/ios/Packages/GodstoneFoundation/Sources/GodstoneCore/ReleaseIntake.swift:58:16: [1;33mwarning: [1;39mstored property 'values' of 'Sendable'-conforming struct 'BundleMetadata' contains non-Sendable type 'Any'; this is an error in the Swift 6 language mode[0;0m
 [0;36m56 |[0;0m 
 [0;36m57 |[0;0m public struct BundleMetadata: Sendable {
 [0;36m58 |[0;0m     public let values: [String: Any]
    [0;36m|[0;0m                `- [1;33mwarning: [1;39mstored property 'values' of 'Sendable'-conforming struct 'BundleMetadata' contains non-Sendable type 'Any'; this is an error in the Swift 6 language mode[0;0m
 [0;36m59 |[0;0m 
 [0;36m60 |[0;0m     public init(values: [String: Any]) { self.values = values }
/private/tmp/board1-rc15-work-final/wt_IOS-R10-no-dispatch/ios/Packages/GodstoneFoundation/Sources/GodstoneCore/ArchiveRepository.swift:217:23: [1;33mwarning: [1;39mresult of call to 'withCString' is unused[0;0m [#]8;;https://docs.swift.org/compiler/documentation/diagnostics/no-usage\NoUsage]8;;\]
[0;36m215 |[0;0m             let bound = Int64(ArchiveSearchQuery.bound(limit))
[0;36m216 |[0;0m             return try run(sql, binds: { stmt in
[0;36m217 |[0;0m                 match.withCString [4;39m{ sqlite3_bind_text(stmt, 1, $0, -1, sqliteTransient) }[0;0m
    [0;36m|[0;0m                       `- [1;33mwarning: [1;39mresult of call to 'withCString' is unused[0;0m [#]8;;https://docs.swift.org/compiler/documentation/diagnostics/no-usage\NoUsage]8;;\]
[0;36m218 |[0;0m                 sqlite3_bind_int64(stmt, 2, bound)
[0;36m219 |[0;0m             }) { stmt in

/private/tmp/board1-rc15-work-final/wt_IOS-R10-no-dispatch/ios/Packages/GodstoneFoundation/Sources/GodstoneCore/ArchiveRepository.swift:234:62: [1;33mwarning: [1;39mleft side of nil coalescing operator '??' has non-optional type 'String', so the right side is never used[0;0m
[0;36m232 |[0;0m     public func versionString() throws -> String {
[0;36m233 |[0;0m         try run("SELECT sqlite_version()") { stmt in columnString(stmt, 0) }
[0;36m234 |[0;0m             .first ?? ([4;39mString(cString: sqlite3_libversion())[0;0m ?? "unknown")
    [0;36m|[0;0m                                                              `- [1;33mwarning: [1;39mleft side of nil coalescing operator '??' has non-optional type 'String', so the right side is never used[0;0m
[0;36m235 |[0;0m     }
[0;36m236 |[0;0m 

/private/tmp/board1-rc15-work-final/wt_IOS-R10-no-dispatch/ios/Packages/GodstoneFoundation/Sources/GodstoneCore/ArchiveRepository.swift:428:68: [1;33mwarning: [1;39mleft side of nil coalescing operator '??' has non-optional type 'String', so the right side is never used[0;0m
[0;36m426 |[0;0m         let flags = SQLITE_OPEN_READONLY | SQLITE_OPEN_FULLMUTEX
[0;36m427 |[0;0m         guard sqlite3_open_v2(path, &db, flags, nil) == SQLITE_OK else {
[0;36m428 |[0;0m             let why = db.map { [4;39mString(cString: sqlite3_errmsg($0))[0;0m ?? "?" } ?? "open refused"
    [0;36m|[0;0m                                                                    `- [1;33mwarning: [1;39mleft side of nil coalescing operator '??' has non-optional type 'String', so the right side is never used[0;0m
[0;36m429 |[0;0m             return refuse(db, .corrupt("the file at \(path) could not be opened read-only: \(why)"))
[0;36m430 |[0;0m         }

/private/tmp/board1-rc15-work-final/wt_IOS-R10-no-dispatch/ios/Packages/GodstoneFoundation/Sources/GodstoneCore/ArchiveRepository.swift:439:67: [1;33mwarning: [1;39mleft side of nil coalescing operator '??' has non-optional type 'String', so the right side is never used[0;0m
[0;36m437 |[0;0m             let rc = sqlite3_exec(handle, pragma, nil, nil, nil)
[0;36m438 |[0;0m             if rc != SQLITE_OK {
[0;36m439 |[0;0m                 let why = [4;39mString(cString: sqlite3_errmsg(handle))[0;0m ?? "rc \(rc)"
    [0;36m|[0;0m                                                                   `- [1;33mwarning: [1;39mleft side of nil coalescing operator '??' has non-optional type 'String', so the right side is never used[0;0m
[0;36m440 |[0;0m                 return refuse(handle, .readFailure("the seal \(pragma) would not seat: \(why)"))
[0;36m441 |[0;0m             }

/private/tmp/board1-rc15-work-final/wt_IOS-R10-no-dispatch/ios/Packages/GodstoneFoundation/Sources/GodstoneCore/ArchiveRepository.swift:483:59: [1;33mwarning: [1;39mleft side of nil coalescing operator '??' has non-optional type 'String', so the right side is never used[0;0m
[0;36m481 |[0;0m             return refuse(handle, .incompatible(ArchiveError.ftsUnavailable(fault).localizedDescription))
[0;36m482 |[0;0m         }
[0;36m483 |[0;0m         let stock = [4;39mString(cString: sqlite3_libversion())[0;0m ?? "unknown"
    [0;36m|[0;0m                                                           `- [1;33mwarning: [1;39mleft side of nil coalescing operator '??' has non-optional type 'String', so the right side is never used[0;0m
[0;36m484 |[0;0m         return (handle, .ready(origin: "file \(path) | sqlite \(stock) | read-only"))
[0;36m485 |[0;0m     }

/private/tmp/board1-rc15-work-final/wt_IOS-R10-no-dispatch/ios/Packages/GodstoneFoundation/Sources/GodstoneCore/ArchiveRepository.swift:497:28: [1;33mwarning: [1;39mresult of call to 'withCString' is unused[0;0m [#]8;;https://docs.swift.org/compiler/documentation/diagnostics/no-usage\NoUsage]8;;\]
[0;36m495 |[0;0m             sqlite3_finalize(stmt); return nil
[0;36m496 |[0;0m         }
[0;36m497 |[0;0m         if let bind { bind.withCString [4;39m{ sqlite3_bind_text(stmt, 1, $0, -1, sqliteTransient) }[0;0m }
    [0;36m|[0;0m                            `- [1;33mwarning: [1;39mresult of call to 'withCString' is unused[0;0m [#]8;;https://docs.swift.org/compiler/documentation/diagnostics/no-usage\NoUsage]8;;\]
[0;36m498 |[0;0m         var out: String?
[0;36m499 |[0;0m         if sqlite3_step(stmt) == SQLITE_ROW, let value = sqlite3_column_text(stmt, 0) {

/private/tmp/board1-rc15-work-final/wt_IOS-R10-no-dispatch/ios/Packages/GodstoneFoundation/Sources/GodstoneCore/ArchiveRepository.swift:525:64: [1;33mwarning: [1;39mleft side of nil coalescing operator '??' has non-optional type 'String', so the right side is never used[0;0m
[0;36m523 |[0;0m         for verse in verses {
[0;36m524 |[0;0m             if sqlite3_exec(mem, verse, nil, nil, nil) != SQLITE_OK {
[0;36m525 |[0;0m                 let why = [4;39mString(cString: sqlite3_errmsg(mem))[0;0m ?? "?"
    [0;36m|[0;0m                                                                `- [1;33mwarning: [1;39mleft side of nil coalescing operator '??' has non-optional type 'String', so the right side is never used[0;0m
[0;36m526 |[0;0m                 return "\(ellipsis(verse)) cried: \(why)"
[0;36m527 |[0;0m             }

/private/tmp/board1-rc15-work-final/wt_IOS-R10-no-dispatch/ios/Packages/GodstoneFoundation/Sources/GodstoneCore/ArchiveRepository.swift:532:60: [1;33mwarning: [1;39mleft side of nil coalescing operator '??' has non-optional type 'String', so the right side is never used[0;0m
[0;36m530 |[0;0m         guard sqlite3_prepare_v2(mem, "SELECT rowid FROM t48_canary WHERE t48_canary MATCH 'generate'",
[0;36m531 |[0;0m                                  -1, &stmt, nil) == SQLITE_OK else {
[0;36m532 |[0;0m             let why = [4;39mString(cString: sqlite3_errmsg(mem))[0;0m ?? "?"
    [0;36m|[0;0m                                                            `- [1;33mwarning: [1;39mleft side of nil coalescing operator '??' has non-optional type 'String', so the right side is never used[0;0m
[0;36m533 |[0;0m             sqlite3_finalize(stmt)
[0;36m534 |[0;0m             return "the stem match would not prepare: \(why)"

/private/tmp/board1-rc15-work-final/wt_IOS-R10-no-dispatch/ios/Packages/GodstoneFoundation/Sources/GodstoneCore/ArchiveRepository.swift:547:55: [1;33mwarning: [1;39mleft side of nil coalescing operator '??' has non-optional type 'String', so the right side is never used[0;0m
[0;36m545 |[0;0m         guard let db else { return "no handle" }
[0;36m546 |[0;0m         let code = sqlite3_errcode(db)
[0;36m547 |[0;0m         let msg = [4;39mString(cString: sqlite3_errmsg(db))[0;0m ?? "?"
    [0;36m|[0;0m                                                       `- [1;33mwarning: [1;39mleft side of nil coalescing operator '??' has non-optional type 'String', so the right side is never used[0;0m
[0;36m548 |[0;0m         return "errno \(code) errmsg \(msg)"
[0;36m549 |[0;0m     }

[#NoUsage]: <https://docs.swift.org/compiler/documentation/diagnostics/no-usage>
/private/tmp/board1-rc15-work-final/wt_IOS-R10-no-dispatch/ios/Packages/GodstoneFoundation/Sources/GodstoneMesh/LinkInfoSnapshotAuthority.swift:143:13: [1;33mwarning: [1;39mvariable 'bloom' was never mutated; consider changing to 'let' constant[0;0m [#]8;;https://docs.swift.org/compiler/documentation/diagnostics/variable-never-mutated\VariableNeverMutated]8;;\]
[0;36m141 |[0;0m         let nodeHint = identity.nodeHint
[0;36m142 |[0;0m         var count = 0
[0;36m143 |[0;0m         var bloom = BloomDigest()
    [0;36m|[0;0m             `- [1;33mwarning: [1;39mvariable 'bloom' was never mutated; consider changing to 'let' constant[0;0m [#]8;;https://docs.swift.org/compiler/documentation/diagnostics/variable-never-mutated\VariableNeverMutated]8;;\]
[0;36m144 |[0;0m         store.forEachHeldMsgId { msgId in
[0;36m145 |[0;0m             count += 1

/private/tmp/board1-rc15-work-final/wt_IOS-R10-no-dispatch/ios/Packages/GodstoneFoundation/Sources/GodstoneMesh/MeshRuntime.swift:1269:17: [1;33mwarning: [1;39mno calls to throwing functions occur within 'try' expression[0;0m [#]8;;https://docs.swift.org/compiler/documentation/diagnostics/unnecessary-effect-marker\UnnecessaryEffectMarker]8;;\]
[0;36m1267 |[0;0m             invalidateRuntime: { [invalidator, messageStore, peerIdentityStore,
[0;36m1268 |[0;0m                                  adoptedMessageConnection, adoptedPeerConnection] in
[0;36m1269 |[0;0m                 try invalidator.invalidateForWipe()
     [0;36m|[0;0m                 `- [1;33mwarning: [1;39mno calls to throwing functions occur within 'try' expression[0;0m [#]8;;https://docs.swift.org/compiler/documentation/diagnostics/unnecessary-effect-marker\UnnecessaryEffectMarker]8;;\]
[0;36m1270 |[0;0m                 messageStore.close()
[0;36m1271 |[0;0m                 peerIdentityStore.close()

/private/tmp/board1-rc15-work-final/wt_IOS-R10-no-dispatch/ios/Packages/GodstoneFoundation/Sources/GodstoneMesh/MeshRuntime.swift:1488:13: [1;33mwarning: [1;39mstored property 'dekProvider' of 'Sendable'-conforming struct 'DefaultRecoveryEstate' contains non-Sendable type 'any PrivateStoreKeyProvider'; this is an error in the Swift 6 language mode[0;0m
[0;36m1486 |[0;0m         let peerStoreUrl: URL
[0;36m1487 |[0;0m         let keychain: any LocalIdentityKeychain
[0;36m1488 |[0;0m         let dekProvider: (any PrivateStoreKeyProvider)?
     [0;36m|[0;0m             `- [1;33mwarning: [1;39mstored property 'dekProvider' of 'Sendable'-conforming struct 'DefaultRecoveryEstate' contains non-Sendable type 'any PrivateStoreKeyProvider'; this is an error in the Swift 6 language mode[0;0m
[0;36m1489 |[0;0m         /// The composition's ONE owner registry; the production recovery road drains and closes through IT.
[0;36m1490 |[0;0m         let registry: EstateOwnerRegistry

/private/tmp/board1-rc15-work-final/wt_IOS-R10-no-dispatch/ios/Packages/GodstoneFoundation/Sources/GodstoneMesh/PrivateStoreKeyProvider.swift:66:17: [1;39mnote: [1;39mprotocol 'PrivateStoreKeyProvider' does not conform to the 'Sendable' protocol[0;0m
 [0;36m64 |[0;0m /// `DefaultPrivateStoreKeyProvider`; the court injects a fake to drive wrong-DEK,
 [0;36m65 |[0;0m /// Keychain-unavailable, locked-device and protection-failure decisions on the host.
 [0;36m66 |[0;0m public protocol PrivateStoreKeyProvider: AnyObject {
    [0;36m|[0;0m                 `- [1;39mnote: [1;39mprotocol 'PrivateStoreKeyProvider' does not conform to the 'Sendable' protocol[0;0m
 [0;36m67 |[0;0m     /// The pinned DEK length in bytes (AES-256).
 [0;36m68 |[0;0m     var dekByteCount: Int { get }

/private/tmp/board1-rc15-work-final/wt_IOS-R10-no-dispatch/ios/Packages/GodstoneFoundation/Sources/GodstoneMesh/MeshRuntime.swift:1493:13: [1;33mwarning: [1;39mstored property 'liveTransportSeam' of 'Sendable'-conforming struct 'DefaultRecoveryEstate' contains non-Sendable type 'any TransportRuntimeSeam'; this is an error in the Swift 6 language mode[0;0m
[0;36m1491 |[0;0m         /// The runtime's live transport seam, when one is running; `nil` at create time, where the registry's own
[0;36m1492 |[0;0m         /// positive cold proof is what the drain rung stands on.
[0;36m1493 |[0;0m         let liveTransportSeam: TransportRuntimeSeam?
     [0;36m|[0;0m             `- [1;33mwarning: [1;39mstored property 'liveTransportSeam' of 'Sendable'-conforming struct 'DefaultRecoveryEstate' contains non-Sendable type 'any TransportRuntimeSeam'; this is an error in the Swift 6 language mode[0;0m
[0;36m1494 |[0;0m         /// The runtime's owner invalidation/close hook, carried across rather than dropped.
[0;36m1495 |[0;0m         let invalidateLiveOwners: () -> Void

/private/tmp/board1-rc15-work-final/wt_IOS-R10-no-dispatch/ios/Packages/GodstoneFoundation/Sources/GodstoneMesh/CrashResumableWipe.swift:203:17: [1;39mnote: [1;39mprotocol 'TransportRuntimeSeam' does not conform to the 'Sendable' protocol[0;0m
[0;36m201 |[0;0m }
[0;36m202 |[0;0m 
[0;36m203 |[0;0m public protocol TransportRuntimeSeam: AnyObject {
    [0;36m|[0;0m                 `- [1;39mnote: [1;39mprotocol 'TransportRuntimeSeam' does not conform to the 'Sendable' protocol[0;0m
[0;36m204 |[0;0m     func drainTransport() -> RuntimeDrainReceipt
[0;36m205 |[0;0m     /// Whether THIS process lifetime has drained the transport; a reboot starts un-quiesced.

/private/tmp/board1-rc15-work-final/wt_IOS-R10-no-dispatch/ios/Packages/GodstoneFoundation/Sources/GodstoneMesh/MeshRuntime.swift:1495:13: [1;33mwarning: [1;39mstored property 'invalidateLiveOwners' of 'Sendable'-conforming struct 'DefaultRecoveryEstate' has non-Sendable type '() -> ()'; this is an error in the Swift 6 language mode[0;0m
[0;36m1493 |[0;0m         let liveTransportSeam: TransportRuntimeSeam?
[0;36m1494 |[0;0m         /// The runtime's owner invalidation/close hook, carried across rather than dropped.
[0;36m1495 |[0;0m         let invalidateLiveOwners: () -> Void
     [0;36m|[0;0m             |- [1;33mwarning: [1;39mstored property 'invalidateLiveOwners' of 'Sendable'-conforming struct 'DefaultRecoveryEstate' has non-Sendable type '() -> ()'; this is an error in the Swift 6 language mode[0;0m
     [0;36m|[0;0m             `- [1;39mnote: [1;39ma function type must be marked '@Sendable' to conform to 'Sendable'[0;0m
[0;36m1496 |[0;0m         internal init(messageStoreUrl: URL, peerStoreUrl: URL,
[0;36m1497 |[0;0m                       keychain: any LocalIdentityKeychain,

/private/tmp/board1-rc15-work-final/wt_IOS-R10-no-dispatch/ios/Packages/GodstoneFoundation/Sources/GodstoneMesh/MeshRuntime.swift:307:24: [1;33mwarning: [1;39mno calls to throwing functions occur within 'try' expression[0;0m [#]8;;https://docs.swift.org/compiler/documentation/diagnostics/unnecessary-effect-marker\UnnecessaryEffectMarker]8;;\]
 [0;36m305 |[0;0m                     return .storageFailure
 [0;36m306 |[0;0m                 }
 [0;36m307 |[0;0m                 return try messageStore.commitInboundWithObligationAtWithFault(
     [0;36m|[0;0m                        `- [1;33mwarning: [1;39mno calls to throwing functions occur within 'try' expression[0;0m [#]8;;https://docs.swift.org/compiler/documentation/diagnostics/unnecessary-effect-marker\UnnecessaryEffectMarker]8;;\]
 [0;36m308 |[0;0m                     frame, receivedFrom: receivedFrom, localRecipientNodeId: localRecipient,
 [0;36m309 |[0;0m                     identityGeneration: generation, obligationLifetimeMs: lifetime,

[#UnnecessaryEffectMarker]: <https://docs.swift.org/compiler/documentation/diagnostics/unnecessary-effect-marker>
[#VariableNeverMutated]: <https://docs.swift.org/compiler/documentation/diagnostics/variable-never-mutated>
/private/tmp/board1-rc15-work-final/wt_IOS-R10-no-dispatch/ios/Packages/GodstoneFoundation/Sources/GodstoneMesh/SchemaMigration.swift:78:16: [1;33mwarning: [1;39mstored property 'apply' of 'Sendable'-conforming struct 'MigrationStep' contains non-Sendable type '(any MigrationExecutor) -> ()'; this is an error in the Swift 6 language mode[0;0m
 [0;36m76 |[0;0m     public let to: Int
 [0;36m77 |[0;0m     public let statements: [String]
 [0;36m78 |[0;0m     public let apply: MigrationApply?
    [0;36m|[0;0m                |- [1;33mwarning: [1;39mstored property 'apply' of 'Sendable'-conforming struct 'MigrationStep' contains non-Sendable type '(any MigrationExecutor) -> ()'; this is an error in the Swift 6 language mode[0;0m
    [0;36m|[0;0m                `- [1;39mnote: [1;39ma function type must be marked '@Sendable' to conform to 'Sendable'[0;0m
 [0;36m79 |[0;0m     public init(from: Int, to: Int, statements: [String], apply: MigrationApply? = nil) { self.from = from; self.to = to; self.statements = statements; self.apply = apply }
 [0;36m80 |[0;0m }
/private/tmp/board1-rc15-work-final/wt_IOS-R10-no-dispatch/ios/Packages/GodstoneFoundation/Sources/GodstoneMesh/SessionManager.swift:409:21: [1;33mwarning: [1;39mresult of call to 'removeSlot' is unused[0;0m [#]8;;https://docs.swift.org/compiler/documentation/diagnostics/no-usage\NoUsage]8;;\]
[0;36m407 |[0;0m                 guard isActive else {
[0;36m408 |[0;0m                     _ = slot.retire()
[0;36m409 |[0;0m                     removeSlot(admission)
    [0;36m|[0;0m                     `- [1;33mwarning: [1;39mresult of call to 'removeSlot' is unused[0;0m [#]8;;https://docs.swift.org/compiler/documentation/diagnostics/no-usage\NoUsage]8;;\]
[0;36m410 |[0;0m                     ctrl.destroy()
[0;36m411 |[0;0m                     return nil

/private/tmp/board1-rc15-work-final/wt_IOS-R10-no-dispatch/ios/Packages/GodstoneFoundation/Sources/GodstoneMesh/SessionManager.swift:443:17: [1;33mwarning: [1;39mresult of call to 'removeSlot' is unused[0;0m [#]8;;https://docs.swift.org/compiler/documentation/diagnostics/no-usage\NoUsage]8;;\]
[0;36m441 |[0;0m             }
[0;36m442 |[0;0m             if let doomed = doomed {
[0;36m443 |[0;0m                 removeSlot(admission)
    [0;36m|[0;0m                 `- [1;33mwarning: [1;39mresult of call to 'removeSlot' is unused[0;0m [#]8;;https://docs.swift.org/compiler/documentation/diagnostics/no-usage\NoUsage]8;;\]
[0;36m444 |[0;0m                 doomed.destroy()
[0;36m445 |[0;0m             }

/private/tmp/board1-rc15-work-final/wt_IOS-R10-no-dispatch/ios/Packages/GodstoneFoundation/Sources/GodstoneMesh/SessionManager.swift:476:21: [1;33mwarning: [1;39mresult of call to 'removeSlot' is unused[0;0m [#]8;;https://docs.swift.org/compiler/documentation/diagnostics/no-usage\NoUsage]8;;\]
[0;36m474 |[0;0m                 guard isActive else {
[0;36m475 |[0;0m                     _ = slot.retire()
[0;36m476 |[0;0m                     removeSlot(admission)
    [0;36m|[0;0m                     `- [1;33mwarning: [1;39mresult of call to 'removeSlot' is unused[0;0m [#]8;;https://docs.swift.org/compiler/documentation/diagnostics/no-usage\NoUsage]8;;\]
[0;36m477 |[0;0m                     ctrl.destroy()
[0;36m478 |[0;0m                     return nil

/private/tmp/board1-rc15-work-final/wt_IOS-R10-no-dispatch/ios/Packages/GodstoneFoundation/Sources/GodstoneMesh/SessionManager.swift:470:33: [1;33mwarning: [1;39mno calls to throwing functions occur within 'try' expression[0;0m [#]8;;https://docs.swift.org/compiler/documentation/diagnostics/unnecessary-effect-marker\UnnecessaryEffectMarker]8;;\]
[0;36m468 |[0;0m                     trustAuthority: trustAuthority
[0;36m469 |[0;0m                 )
[0;36m470 |[0;0m                 guard let hs2 = try? ctrl.responderProcessMessage1AndWriteMessage2(hs1: hs1) else {
    [0;36m|[0;0m                                 `- [1;33mwarning: [1;39mno calls to throwing functions occur within 'try' expression[0;0m [#]8;;https://docs.swift.org/compiler/documentation/diagnostics/unnecessary-effect-marker\UnnecessaryEffectMarker]8;;\]
[0;36m471 |[0;0m                     ctrl.destroy()
[0;36m472 |[0;0m                     return nil

/private/tmp/board1-rc15-work-final/wt_IOS-R10-no-dispatch/ios/Packages/GodstoneFoundation/Sources/GodstoneMesh/SessionManager.swift:506:17: [1;33mwarning: [1;39mresult of call to 'removeSlot' is unused[0;0m [#]8;;https://docs.swift.org/compiler/documentation/diagnostics/no-usage\NoUsage]8;;\]
[0;36m504 |[0;0m             }
[0;36m505 |[0;0m             if let doomed = doomed {
[0;36m506 |[0;0m                 removeSlot(admission)
    [0;36m|[0;0m                 `- [1;33mwarning: [1;39mresult of call to 'removeSlot' is unused[0;0m [#]8;;https://docs.swift.org/compiler/documentation/diagnostics/no-usage\NoUsage]8;;\]
[0;36m507 |[0;0m                 doomed.destroy()
[0;36m508 |[0;0m             }

/private/tmp/board1-rc15-work-final/wt_IOS-R10-no-dispatch/ios/Packages/GodstoneFoundation/Sources/GodstoneMesh/SosCommand.swift:44:16: [1;33mwarning: [1;39mstored property 'frame' of 'Sendable'-conforming struct 'ActiveSos' has non-Sendable type 'FrameV2'; this is an error in the Swift 6 language mode[0;0m
 [0;36m42 |[0;0m     public let msgId: Data
 [0;36m43 |[0;0m     public let state: DeliveryState
 [0;36m44 |[0;0m     public let frame: FrameV2
    [0;36m|[0;0m                `- [1;33mwarning: [1;39mstored property 'frame' of 'Sendable'-conforming struct 'ActiveSos' has non-Sendable type 'FrameV2'; this is an error in the Swift 6 language mode[0;0m
 [0;36m45 |[0;0m     /// When this node committed the pair, when it remembers; nil when the
 [0;36m46 |[0;0m     /// tables cannot name the instant (honest silence over a fabricated clock).

/private/tmp/board1-rc15-work-final/wt_IOS-R10-no-dispatch/ios/Packages/GodstoneFoundation/Sources/GodstoneMesh/WireV2.swift:7:15: [1;39mnote: [1;39mconsider making struct 'FrameV2' conform to the 'Sendable' protocol[0;0m
  [0;36m5 |[0;0m 
  [0;36m6 |[0;0m /// GMP/2 frame. Header is 32 bytes, big-endian.
  [0;36m7 |[0;0m public struct FrameV2: Equatable {
    [0;36m|[0;0m               `- [1;39mnote: [1;39mconsider making struct 'FrameV2' conform to the 'Sendable' protocol[0;0m
  [0;36m8 |[0;0m     public static let magic: UInt16 = 0x4753
  [0;36m9 |[0;0m     public static let version: UInt8 = 0x02

[#NoUsage]: <https://docs.swift.org/compiler/documentation/diagnostics/no-usage>
[#UnnecessaryEffectMarker]: <https://docs.swift.org/compiler/documentation/diagnostics/unnecessary-effect-marker>
/private/tmp/board1-rc15-work-final/wt_IOS-R10-no-dispatch/ios/Packages/GodstoneFoundation/Sources/GodstoneMesh/EstateOwnerRegistry.swift:36:40: [1;33mwarning: [1;39mresult of call to 'serialized' is unused[0;0m [#]8;;https://docs.swift.org/compiler/documentation/diagnostics/no-usage\NoUsage]8;;\]
 [0;36m34 |[0;0m 
 [0;36m35 |[0;0m     public func unregister(_ token: Int) {
 [0;36m36 |[0;0m         PhysicalEstateAuthority.shared.serialized [4;39m{ root.entries.removeValue(forKey: token) }[0;0m
    [0;36m|[0;0m                                        `- [1;33mwarning: [1;39mresult of call to 'serialized' is unused[0;0m [#]8;;https://docs.swift.org/compiler/documentation/diagnostics/no-usage\NoUsage]8;;\]
 [0;36m37 |[0;0m     }
 [0;36m38 |[0;0m 

/private/tmp/board1-rc15-work-final/wt_IOS-R10-no-dispatch/ios/Packages/GodstoneFoundation/Sources/GodstoneMesh/LabRuntime.swift:1918:17: [1;33mwarning: [1;39mstored property 'trustStore' of 'Sendable'-conforming struct 'LabEstateSeam' contains non-Sendable type 'SqlitePeerIdentityStore'; this is an error in the Swift 6 language mode[0;0m
[0;36m1916 |[0;0m     private let paths: [String: URL]
[0;36m1917 |[0;0m     private let drain: LabEstateDrainSeam?
[0;36m1918 |[0;0m     private let trustStore: SqlitePeerIdentityStore?
     [0;36m|[0;0m                 `- [1;33mwarning: [1;39mstored property 'trustStore' of 'Sendable'-conforming struct 'LabEstateSeam' contains non-Sendable type 'SqlitePeerIdentityStore'; this is an error in the Swift 6 language mode[0;0m
[0;36m1919 |[0;0m     internal let keychain: any LocalIdentityKeychain = HarnessIdentityKeychain()
[0;36m1920 |[0;0m     /// The lab carries no encrypted private store (its stores are plaintext files under Application Support), so

/private/tmp/board1-rc15-work-final/wt_IOS-R10-no-dispatch/ios/Packages/GodstoneFoundation/Sources/GodstoneMesh/PeerIdentityStore.swift:288:22: [1;39mnote: [1;39mclass 'SqlitePeerIdentityStore' does not conform to the 'Sendable' protocol[0;0m
 [0;36m286 |[0;0m 
 [0;36m287 |[0;0m /// Production SQLite-backed peer identity store with fixed FileProtectionType.complete (ADR-003, Phase C8.2B).
 [0;36m288 |[0;0m internal final class SqlitePeerIdentityStore: PeerIdentityStore {
     [0;36m|[0;0m                      `- [1;39mnote: [1;39mclass 'SqlitePeerIdentityStore' does not conform to the 'Sendable' protocol[0;0m
 [0;36m289 |[0;0m     private var handle: OpaquePointer?
 [0;36m290 |[0;0m 

/private/tmp/board1-rc15-work-final/wt_IOS-R10-no-dispatch/ios/Packages/GodstoneFoundation/Sources/GodstoneMesh/LabRuntime.swift:1922:18: [1;33mwarning: [1;39mstored property 'dekProvider' of 'Sendable'-conforming struct 'LabEstateSeam' contains non-Sendable type 'any PrivateStoreKeyProvider'; this is an error in the Swift 6 language mode[0;0m
[0;36m1920 |[0;0m     /// The lab carries no encrypted private store (its stores are plaintext files under Application Support), so
[0;36m1921 |[0;0m     /// there is no DEK to erase and the vault answereth `.absent` -- the tri-state doctrine's own honest word.
[0;36m1922 |[0;0m     internal let dekProvider: (any PrivateStoreKeyProvider)? = nil
     [0;36m|[0;0m                  `- [1;33mwarning: [1;39mstored property 'dekProvider' of 'Sendable'-conforming struct 'LabEstateSeam' contains non-Sendable type 'any PrivateStoreKeyProvider'; this is an error in the Swift 6 language mode[0;0m
[0;36m1923 |[0;0m 
[0;36m1924 |[0;0m     /// - Parameters:

/private/tmp/board1-rc15-work-final/wt_IOS-R10-no-dispatch/ios/Packages/GodstoneFoundation/Sources/GodstoneMesh/PrivateStoreKeyProvider.swift:66:17: [1;39mnote: [1;39mprotocol 'PrivateStoreKeyProvider' does not conform to the 'Sendable' protocol[0;0m
 [0;36m64 |[0;0m /// `DefaultPrivateStoreKeyProvider`; the court injects a fake to drive wrong-DEK,
 [0;36m65 |[0;0m /// Keychain-unavailable, locked-device and protection-failure decisions on the host.
 [0;36m66 |[0;0m public protocol PrivateStoreKeyProvider: AnyObject {
    [0;36m|[0;0m                 `- [1;39mnote: [1;39mprotocol 'PrivateStoreKeyProvider' does not conform to the 'Sendable' protocol[0;0m
 [0;36m67 |[0;0m     /// The pinned DEK length in bytes (AES-256).
 [0;36m68 |[0;0m     var dekByteCount: Int { get }

/private/tmp/board1-rc15-work-final/wt_IOS-R10-no-dispatch/ios/Packages/GodstoneFoundation/Sources/GodstoneMesh/LabRuntime.swift:525:23: [1;33mwarning: [1;39mvalue 'fromNode' was defined but never used; consider replacing with boolean test[0;0m [#]8;;https://docs.swift.org/compiler/documentation/diagnostics/no-usage\NoUsage]8;;\]
 [0;36m523 |[0;0m         // pair's node ids are bound to the peer handle -- the same relation the transport delegate would bind.
 [0;36m524 |[0;0m         for from in labels {
 [0;36m525 |[0;0m             guard let fromNode = harness.node(from) else { continue }
     [0;36m|[0;0m                       `- [1;33mwarning: [1;39mvalue 'fromNode' was defined but never used; consider replacing with boolean test[0;0m [#]8;;https://docs.swift.org/compiler/documentation/diagnostics/no-usage\NoUsage]8;;\]
 [0;36m526 |[0;0m             for to in harness.linkedPeerLabels(from) {
 [0;36m527 |[0;0m                 guard let toNode = harness.node(to), let peerHandle = harness.transportHandle(for: to) else { continue }

/private/tmp/board1-rc15-work-final/wt_IOS-R10-no-dispatch/ios/Packages/GodstoneFoundation/Sources/GodstoneMesh/LabRuntime.swift:420:27: [1;33mwarning: [1;39mno calls to throwing functions occur within 'try' expression[0;0m [#]8;;https://docs.swift.org/compiler/documentation/diagnostics/unnecessary-effect-marker\UnnecessaryEffectMarker]8;;\]
 [0;36m418 |[0;0m                 // *** G1: THE REAL PRIVATE-STORE DOOR IS REACHED *HERE*, SO THE WITNESS IS RAISED HERE. ***
 [0;36m419 |[0;0m                 LabRecoveryOpenProbe.notePrivateStoreOpen(url.path)
 [0;36m420 |[0;0m                 durable = try SqliteMessageStore(url: url, maxBytes: 64 * 1024 * 1024)
     [0;36m|[0;0m                           `- [1;33mwarning: [1;39mno calls to throwing functions occur within 'try' expression[0;0m [#]8;;https://docs.swift.org/compiler/documentation/diagnostics/unnecessary-effect-marker\UnnecessaryEffectMarker]8;;\]
 [0;36m421 |[0;0m                 nodeStores[label] = durable
 [0;36m422 |[0;0m                 // *EVERY LABEL'S FILE, SO THE WIPE CAN REACH THE WHOLE LAB ESTATE AND NOT ONE LABEL'S SLICE.*

[#NoUsage]: <https://docs.swift.org/compiler/documentation/diagnostics/no-usage>
[#UnnecessaryEffectMarker]: <https://docs.swift.org/compiler/documentation/diagnostics/unnecessary-effect-marker>
/private/tmp/board1-rc15-work-final/wt_IOS-R10-no-dispatch/ios/Packages/GodstoneFoundation/Sources/GodstoneMesh/SyncControlOwner.swift:42:14: [1;33mwarning: [1;39massociated value 'answered(frame:)' of 'Sendable'-conforming enum 'OwnerDecision' contains non-Sendable type 'FrameV2'; this is an error in the Swift 6 language mode[0;0m
 [0;36m40 |[0;0m         case ignored(reason: String)
 [0;36m41 |[0;0m         case refused(reason: String)
 [0;36m42 |[0;0m         case answered(frame: FrameV2)
    [0;36m|[0;0m              `- [1;33mwarning: [1;39massociated value 'answered(frame:)' of 'Sendable'-conforming enum 'OwnerDecision' contains non-Sendable type 'FrameV2'; this is an error in the Swift 6 language mode[0;0m
 [0;36m43 |[0;0m         case delivered(frames: [FrameV2])
 [0;36m44 |[0;0m     }

/private/tmp/board1-rc15-work-final/wt_IOS-R10-no-dispatch/ios/Packages/GodstoneFoundation/Sources/GodstoneMesh/WireV2.swift:7:15: [1;39mnote: [1;39mconsider making struct 'FrameV2' conform to the 'Sendable' protocol[0;0m
  [0;36m5 |[0;0m 
  [0;36m6 |[0;0m /// GMP/2 frame. Header is 32 bytes, big-endian.
  [0;36m7 |[0;0m public struct FrameV2: Equatable {
    [0;36m|[0;0m               `- [1;39mnote: [1;39mconsider making struct 'FrameV2' conform to the 'Sendable' protocol[0;0m
  [0;36m8 |[0;0m     public static let magic: UInt16 = 0x4753
  [0;36m9 |[0;0m     public static let version: UInt8 = 0x02

/private/tmp/board1-rc15-work-final/wt_IOS-R10-no-dispatch/ios/Packages/GodstoneFoundation/Sources/GodstoneMesh/SyncControlOwner.swift:43:14: [1;33mwarning: [1;39massociated value 'delivered(frames:)' of 'Sendable'-conforming enum 'OwnerDecision' contains non-Sendable type 'FrameV2'; this is an error in the Swift 6 language mode[0;0m
 [0;36m41 |[0;0m         case refused(reason: String)
 [0;36m42 |[0;0m         case answered(frame: FrameV2)
 [0;36m43 |[0;0m         case delivered(frames: [FrameV2])
    [0;36m|[0;0m              `- [1;33mwarning: [1;39massociated value 'delivered(frames:)' of 'Sendable'-conforming enum 'OwnerDecision' contains non-Sendable type 'FrameV2'; this is an error in the Swift 6 language mode[0;0m
 [0;36m44 |[0;0m     }
 [0;36m45 |[0;0m 

/private/tmp/board1-rc15-work-final/wt_IOS-R10-no-dispatch/ios/Packages/GodstoneFoundation/Sources/GodstoneMesh/WireV2.swift:7:15: [1;39mnote: [1;39mconsider making struct 'FrameV2' conform to the 'Sendable' protocol[0;0m
  [0;36m5 |[0;0m 
  [0;36m6 |[0;0m /// GMP/2 frame. Header is 32 bytes, big-endian.
  [0;36m7 |[0;0m public struct FrameV2: Equatable {
    [0;36m|[0;0m               `- [1;39mnote: [1;39mconsider making struct 'FrameV2' conform to the 'Sendable' protocol[0;0m
  [0;36m8 |[0;0m     public static let magic: UInt16 = 0x4753
  [0;36m9 |[0;0m     public static let version: UInt8 = 0x02

/private/tmp/board1-rc15-work-final/wt_IOS-R10-no-dispatch/ios/Packages/GodstoneFoundation/Sources/GodstoneMesh/SyncPump.swift:46:16: [1;33mwarning: [1;39mstored property 'frame' of 'Sendable'-conforming struct 'ForwardCopy' has non-Sendable type 'FrameV2'; this is an error in the Swift 6 language mode[0;0m
 [0;36m44 |[0;0m /// exactly once -- and every retry re-emiteth these exact bytes.
 [0;36m45 |[0;0m public struct ForwardCopy: Equatable, Sendable {
 [0;36m46 |[0;0m     public let frame: FrameV2
    [0;36m|[0;0m                `- [1;33mwarning: [1;39mstored property 'frame' of 'Sendable'-conforming struct 'ForwardCopy' has non-Sendable type 'FrameV2'; this is an error in the Swift 6 language mode[0;0m
 [0;36m47 |[0;0m     /// The immediate hop it arrived from, which is never offered it back.
 [0;36m48 |[0;0m     public let fromPeer: Data?

/private/tmp/board1-rc15-work-final/wt_IOS-R10-no-dispatch/ios/Packages/GodstoneFoundation/Sources/GodstoneMesh/WireV2.swift:7:15: [1;39mnote: [1;39mconsider making struct 'FrameV2' conform to the 'Sendable' protocol[0;0m
  [0;36m5 |[0;0m 
  [0;36m6 |[0;0m /// GMP/2 frame. Header is 32 bytes, big-endian.
  [0;36m7 |[0;0m public struct FrameV2: Equatable {
    [0;36m|[0;0m               `- [1;39mnote: [1;39mconsider making struct 'FrameV2' conform to the 'Sendable' protocol[0;0m
  [0;36m8 |[0;0m     public static let magic: UInt16 = 0x4753
  [0;36m9 |[0;0m     public static let version: UInt8 = 0x02

/private/tmp/board1-rc15-work-final/wt_IOS-R10-no-dispatch/ios/Packages/GodstoneFoundation/Sources/GodstoneMesh/TrustedHandshakeController.swift:39:9: [1;33mwarning: [1;39mstored property 'noiseSession' of 'Sendable'-conforming struct 'DefaultHs3Writer' has non-Sendable type 'NoiseSession'; this is an error in the Swift 6 language mode[0;0m
 [0;36m37 |[0;0m 
 [0;36m38 |[0;0m internal struct DefaultHs3Writer: Hs3Writer {
 [0;36m39 |[0;0m     let noiseSession: NoiseSession
    [0;36m|[0;0m         `- [1;33mwarning: [1;39mstored property 'noiseSession' of 'Sendable'-conforming struct 'DefaultHs3Writer' has non-Sendable type 'NoiseSession'; this is an error in the Swift 6 language mode[0;0m
 [0;36m40 |[0;0m     func writeHs3(payload: Data) throws -> Data {
 [0;36m41 |[0;0m         try noiseSession.writeMessage3(payload: payload)

/private/tmp/board1-rc15-work-final/wt_IOS-R10-no-dispatch/ios/Packages/GodstoneFoundation/Sources/GodstoneMesh/NoiseSession.swift:48:20: [1;39mnote: [1;39mclass 'NoiseSession' does not conform to the 'Sendable' protocol[0;0m
 [0;36m46 |[0;0m }
 [0;36m47 |[0;0m 
 [0;36m48 |[0;0m public final class NoiseSession {
    [0;36m|[0;0m                    `- [1;39mnote: [1;39mclass 'NoiseSession' does not conform to the 'Sendable' protocol[0;0m
 [0;36m49 |[0;0m 
 [0;36m50 |[0;0m     public enum Role { case initiator, responder }
/private/tmp/board1-rc15-work-final/wt_IOS-R10-no-dispatch/ios/Packages/GodstoneFoundation/Sources/GodstoneMesh/PeerIdentityStore.swift:368:25: [1;33mwarning: [1;39mresult of call to function returning 'Int32' is unused[0;0m [#]8;;https://docs.swift.org/compiler/documentation/diagnostics/no-usage\NoUsage]8;;\]
 [0;36m366 |[0;0m             // *MIGRATIONS RUN UNDER THE OWNER'S USE LOCK, on the supplied connection -- never a second one.*
 [0;36m367 |[0;0m             try owned.usingConnection { raw in
 [0;36m368 |[0;0m                 self.fn.busyTimeout(raw, 5000)
     [0;36m|[0;0m                         `- [1;33mwarning: [1;39mresult of call to function returning 'Int32' is unused[0;0m [#]8;;https://docs.swift.org/compiler/documentation/diagnostics/no-usage\NoUsage]8;;\]
 [0;36m369 |[0;0m                 try self.runMigrations(raw)
 [0;36m370 |[0;0m             }

/private/tmp/board1-rc15-work-final/wt_IOS-R10-no-dispatch/ios/Packages/GodstoneFoundation/Sources/GodstoneMesh/PeerIdentityStore.swift:392:33: [1;33mwarning: [1;39mresult of call to function returning 'Int32' is unused[0;0m [#]8;;https://docs.swift.org/compiler/documentation/diagnostics/no-usage\NoUsage]8;;\]
 [0;36m390 |[0;0m         let flags = SQLITE_OPEN_READWRITE | SQLITE_OPEN_CREATE | SQLITE_OPEN_FULLMUTEX
 [0;36m391 |[0;0m         guard fn.openV2(path, &db, flags, nil) == SQLITE_OK, let validDb = db else {
 [0;36m392 |[0;0m             if let db = db { fn.closeV2(db) }
     [0;36m|[0;0m                                 `- [1;33mwarning: [1;39mresult of call to function returning 'Int32' is unused[0;0m [#]8;;https://docs.swift.org/compiler/documentation/diagnostics/no-usage\NoUsage]8;;\]
 [0;36m393 |[0;0m             throw PeerStoreError.handleMissing
 [0;36m394 |[0;0m         }

/private/tmp/board1-rc15-work-final/wt_IOS-R10-no-dispatch/ios/Packages/GodstoneFoundation/Sources/GodstoneMesh/PeerIdentityStore.swift:398:12: [1;33mwarning: [1;39mresult of call to function returning 'Int32' is unused[0;0m [#]8;;https://docs.swift.org/compiler/documentation/diagnostics/no-usage\NoUsage]8;;\]
 [0;36m396 |[0;0m 
 [0;36m397 |[0;0m         // Set busy timeout for cross-connection concurrency
 [0;36m398 |[0;0m         fn.busyTimeout(validDb, 5000)
     [0;36m|[0;0m            `- [1;33mwarning: [1;39mresult of call to function returning 'Int32' is unused[0;0m [#]8;;https://docs.swift.org/compiler/documentation/diagnostics/no-usage\NoUsage]8;;\]
 [0;36m399 |[0;0m 
 [0;36m400 |[0;0m         do {

/private/tmp/board1-rc15-work-final/wt_IOS-R10-no-dispatch/ios/Packages/GodstoneFoundation/Sources/GodstoneMesh/PeerIdentityStore.swift:403:16: [1;33mwarning: [1;39mresult of call to function returning 'Int32' is unused[0;0m [#]8;;https://docs.swift.org/compiler/documentation/diagnostics/no-usage\NoUsage]8;;\]
 [0;36m401 |[0;0m             try runMigrations(validDb)
 [0;36m402 |[0;0m         } catch {
 [0;36m403 |[0;0m             fn.closeV2(validDb)
     [0;36m|[0;0m                `- [1;33mwarning: [1;39mresult of call to function returning 'Int32' is unused[0;0m [#]8;;https://docs.swift.org/compiler/documentation/diagnostics/no-usage\NoUsage]8;;\]
 [0;36m404 |[0;0m             handle = nil
 [0;36m405 |[0;0m             throw error

/private/tmp/board1-rc15-work-final/wt_IOS-R10-no-dispatch/ios/Packages/GodstoneFoundation/Sources/GodstoneMesh/PeerIdentityStore.swift:427:16: [1;33mwarning: [1;39mresult of call to function returning 'Int32' is unused[0;0m [#]8;;https://docs.swift.org/compiler/documentation/diagnostics/no-usage\NoUsage]8;;\]
 [0;36m425 |[0;0m             try protectionSetter(path, fileProtection)
 [0;36m426 |[0;0m         } catch {
 [0;36m427 |[0;0m             fn.closeV2(validDb)
     [0;36m|[0;0m                `- [1;33mwarning: [1;39mresult of call to function returning 'Int32' is unused[0;0m [#]8;;https://docs.swift.org/compiler/documentation/diagnostics/no-usage\NoUsage]8;;\]
 [0;36m428 |[0;0m             handle = nil
 [0;36m429 |[0;0m             throw PeerStoreError.fileProtectionFailed

/private/tmp/board1-rc15-work-final/wt_IOS-R10-no-dispatch/ios/Packages/GodstoneFoundation/Sources/GodstoneMesh/PeerIdentityStore.swift:438:16: [1;33mwarning: [1;39mresult of call to function returning 'Int32' is unused[0;0m [#]8;;https://docs.swift.org/compiler/documentation/diagnostics/no-usage\NoUsage]8;;\]
 [0;36m436 |[0;0m     deinit {
 [0;36m437 |[0;0m         if ownsConnection, let db = handle {
 [0;36m438 |[0;0m             fn.closeV2(db)
     [0;36m|[0;0m                `- [1;33mwarning: [1;39mresult of call to function returning 'Int32' is unused[0;0m [#]8;;https://docs.swift.org/compiler/documentation/diagnostics/no-usage\NoUsage]8;;\]
 [0;36m439 |[0;0m         }
 [0;36m440 |[0;0m         releaseAdoptedLease()

/private/tmp/board1-rc15-work-final/wt_IOS-R10-no-dispatch/ios/Packages/GodstoneFoundation/Sources/GodstoneMesh/PeerIdentityStore.swift:460:16: [1;33mwarning: [1;39mresult of call to function returning 'Int32' is unused[0;0m [#]8;;https://docs.swift.org/compiler/documentation/diagnostics/no-usage\NoUsage]8;;\]
 [0;36m458 |[0;0m         }
 [0;36m459 |[0;0m         if let db = handle {
 [0;36m460 |[0;0m             fn.closeV2(db)
     [0;36m|[0;0m                `- [1;33mwarning: [1;39mresult of call to function returning 'Int32' is unused[0;0m [#]8;;https://docs.swift.org/compiler/documentation/diagnostics/no-usage\NoUsage]8;;\]
 [0;36m461 |[0;0m             handle = nil
 [0;36m462 |[0;0m         }

/private/tmp/board1-rc15-work-final/wt_IOS-R10-no-dispatch/ios/Packages/GodstoneFoundation/Sources/GodstoneMesh/PeerIdentityStore.swift:487:20: [1;33mwarning: [1;39mresult of call to function returning 'Int32' is unused[0;0m [#]8;;https://docs.swift.org/compiler/documentation/diagnostics/no-usage\NoUsage]8;;\]
 [0;36m485 |[0;0m             let result = try block(txStore)
 [0;36m486 |[0;0m             guard fn.exec(db, "COMMIT", nil, nil, nil) == SQLITE_OK else {
 [0;36m487 |[0;0m                 fn.exec(db, "ROLLBACK", nil, nil, nil)
     [0;36m|[0;0m                    `- [1;33mwarning: [1;39mresult of call to function returning 'Int32' is unused[0;0m [#]8;;https://docs.swift.org/compiler/documentation/diagnostics/no-usage\NoUsage]8;;\]
 [0;36m488 |[0;0m                 throw PeerStoreError.stepFailed
 [0;36m489 |[0;0m             }

/private/tmp/board1-rc15-work-final/wt_IOS-R10-no-dispatch/ios/Packages/GodstoneFoundation/Sources/GodstoneMesh/PeerIdentityStore.swift:492:16: [1;33mwarning: [1;39mresult of call to function returning 'Int32' is unused[0;0m [#]8;;https://docs.swift.org/compiler/documentation/diagnostics/no-usage\NoUsage]8;;\]
 [0;36m490 |[0;0m             return result
 [0;36m491 |[0;0m         } catch {
 [0;36m492 |[0;0m             fn.exec(db, "ROLLBACK", nil, nil, nil)
     [0;36m|[0;0m                `- [1;33mwarning: [1;39mresult of call to function returning 'Int32' is unused[0;0m [#]8;;https://docs.swift.org/compiler/documentation/diagnostics/no-usage\NoUsage]8;;\]
 [0;36m493 |[0;0m             throw error
 [0;36m494 |[0;0m         }

/private/tmp/board1-rc15-work-final/wt_IOS-R10-no-dispatch/ios/Packages/GodstoneFoundation/Sources/GodstoneMesh/PeerIdentityStore.swift:500:16: [1;33mwarning: [1;39mresult of call to function returning 'Int32' is unused[0;0m [#]8;;https://docs.swift.org/compiler/documentation/diagnostics/no-usage\NoUsage]8;;\]
 [0;36m498 |[0;0m         var stmt: OpaquePointer?
 [0;36m499 |[0;0m         guard fn.prepareV2(db, "PRAGMA user_version", -1, &stmt, nil) == SQLITE_OK else {
 [0;36m500 |[0;0m             fn.finalize(stmt); throw PeerStoreError.prepareFailed
     [0;36m|[0;0m                `- [1;33mwarning: [1;39mresult of call to function returning 'Int32' is unused[0;0m [#]8;;https://docs.swift.org/compiler/documentation/diagnostics/no-usage\NoUsage]8;;\]
 [0;36m501 |[0;0m         }
 [0;36m502 |[0;0m         defer { fn.finalize(stmt) }

/private/tmp/board1-rc15-work-final/wt_IOS-R10-no-dispatch/ios/Packages/GodstoneFoundation/Sources/GodstoneMesh/PeerIdentityStore.swift:502:20: [1;33mwarning: [1;39mresult of call to function returning 'Int32' is unused[0;0m [#]8;;https://docs.swift.org/compiler/documentation/diagnostics/no-usage\NoUsage]8;;\]
 [0;36m500 |[0;0m             fn.finalize(stmt); throw PeerStoreError.prepareFailed
 [0;36m501 |[0;0m         }
 [0;36m502 |[0;0m         defer { fn.finalize(stmt) }
     [0;36m|[0;0m                    `- [1;33mwarning: [1;39mresult of call to function returning 'Int32' is unused[0;0m [#]8;;https://docs.swift.org/compiler/documentation/diagnostics/no-usage\NoUsage]8;;\]
 [0;36m503 |[0;0m         guard fn.step(stmt) == SQLITE_ROW else { throw PeerStoreError.stepFailed }
 [0;36m504 |[0;0m         return fn.columnInt(stmt, 0)

/private/tmp/board1-rc15-work-final/wt_IOS-R10-no-dispatch/ios/Packages/GodstoneFoundation/Sources/GodstoneMesh/PeerIdentityStore.swift:511:16: [1;33mwarning: [1;39mresult of call to function returning 'Int32' is unused[0;0m [#]8;;https://docs.swift.org/compiler/documentation/diagnostics/no-usage\NoUsage]8;;\]
 [0;36m509 |[0;0m         let sql = "SELECT 1 FROM sqlite_master WHERE type = 'table' AND name = ?"
 [0;36m510 |[0;0m         guard fn.prepareV2(db, sql, -1, &stmt, nil) == SQLITE_OK else {
 [0;36m511 |[0;0m             fn.finalize(stmt); throw PeerStoreError.prepareFailed
     [0;36m|[0;0m                `- [1;33mwarning: [1;39mresult of call to function returning 'Int32' is unused[0;0m [#]8;;https://docs.swift.org/compiler/documentation/diagnostics/no-usage\NoUsage]8;;\]
 [0;36m512 |[0;0m         }
 [0;36m513 |[0;0m         defer { fn.finalize(stmt) }

/private/tmp/board1-rc15-work-final/wt_IOS-R10-no-dispatch/ios/Packages/GodstoneFoundation/Sources/GodstoneMesh/PeerIdentityStore.swift:513:20: [1;33mwarning: [1;39mresult of call to function returning 'Int32' is unused[0;0m [#]8;;https://docs.swift.org/compiler/documentation/diagnostics/no-usage\NoUsage]8;;\]
 [0;36m511 |[0;0m             fn.finalize(stmt); throw PeerStoreError.prepareFailed
 [0;36m512 |[0;0m         }
 [0;36m513 |[0;0m         defer { fn.finalize(stmt) }
     [0;36m|[0;0m                    `- [1;33mwarning: [1;39mresult of call to function returning 'Int32' is unused[0;0m [#]8;;https://docs.swift.org/compiler/documentation/diagnostics/no-usage\NoUsage]8;;\]
 [0;36m514 |[0;0m         bindText(stmt, 1, name)
 [0;36m515 |[0;0m         let rc = fn.step(stmt)

/private/tmp/board1-rc15-work-final/wt_IOS-R10-no-dispatch/ios/Packages/GodstoneFoundation/Sources/GodstoneMesh/PeerIdentityStore.swift:535:20: [1;33mwarning: [1;39mresult of call to function returning 'Int32' is unused[0;0m [#]8;;https://docs.swift.org/compiler/documentation/diagnostics/no-usage\NoUsage]8;;\]
 [0;36m533 |[0;0m                 guard fn.exec(db, "COMMIT", nil, nil, nil) == SQLITE_OK else { throw PeerStoreError.stepFailed }
 [0;36m534 |[0;0m             } catch {
 [0;36m535 |[0;0m                 fn.exec(db, "ROLLBACK", nil, nil, nil)
     [0;36m|[0;0m                    `- [1;33mwarning: [1;39mresult of call to function returning 'Int32' is unused[0;0m [#]8;;https://docs.swift.org/compiler/documentation/diagnostics/no-usage\NoUsage]8;;\]
 [0;36m536 |[0;0m                 throw error
 [0;36m537 |[0;0m             }

/private/tmp/board1-rc15-work-final/wt_IOS-R10-no-dispatch/ios/Packages/GodstoneFoundation/Sources/GodstoneMesh/PeerIdentityStore.swift:561:16: [1;33mwarning: [1;39mresult of call to function returning 'Int32' is unused[0;0m [#]8;;https://docs.swift.org/compiler/documentation/diagnostics/no-usage\NoUsage]8;;\]
 [0;36m559 |[0;0m         let sql = "SELECT sql FROM sqlite_master WHERE type = 'table' AND name = ?"
 [0;36m560 |[0;0m         guard fn.prepareV2(db, sql, -1, &stmt, nil) == SQLITE_OK else {
 [0;36m561 |[0;0m             fn.finalize(stmt); throw PeerStoreError.prepareFailed
     [0;36m|[0;0m                `- [1;33mwarning: [1;39mresult of call to function returning 'Int32' is unused[0;0m [#]8;;https://docs.swift.org/compiler/documentation/diagnostics/no-usage\NoUsage]8;;\]
 [0;36m562 |[0;0m         }
 [0;36m563 |[0;0m         defer { fn.finalize(stmt) }

/private/tmp/board1-rc15-work-final/wt_IOS-R10-no-dispatch/ios/Packages/GodstoneFoundation/Sources/GodstoneMesh/PeerIdentityStore.swift:563:20: [1;33mwarning: [1;39mresult of call to function returning 'Int32' is unused[0;0m [#]8;;https://docs.swift.org/compiler/documentation/diagnostics/no-usage\NoUsage]8;;\]
 [0;36m561 |[0;0m             fn.finalize(stmt); throw PeerStoreError.prepareFailed
 [0;36m562 |[0;0m         }
 [0;36m563 |[0;0m         defer { fn.finalize(stmt) }
     [0;36m|[0;0m                    `- [1;33mwarning: [1;39mresult of call to function returning 'Int32' is unused[0;0m [#]8;;https://docs.swift.org/compiler/documentation/diagnostics/no-usage\NoUsage]8;;\]
 [0;36m564 |[0;0m         bindText(stmt, 1, PeerIdentitySchema.table)
 [0;36m565 |[0;0m         guard fn.step(stmt) == SQLITE_ROW, let raw = fn.columnText(stmt, 0) else {

/private/tmp/board1-rc15-work-final/wt_IOS-R10-no-dispatch/ios/Packages/GodstoneFoundation/Sources/GodstoneMesh/PeerIdentityStore.swift:752:16: [1;33mwarning: [1;39mresult of call to function returning 'Int32' is unused[0;0m [#]8;;https://docs.swift.org/compiler/documentation/diagnostics/no-usage\NoUsage]8;;\]
 [0;36m750 |[0;0m         var stmt: OpaquePointer?
 [0;36m751 |[0;0m         guard fn.prepareV2(db, PeerIdentitySchema.readRawSql, -1, &stmt, nil) == SQLITE_OK else {
 [0;36m752 |[0;0m             fn.finalize(stmt); throw PeerStoreError.prepareFailed
     [0;36m|[0;0m                `- [1;33mwarning: [1;39mresult of call to function returning 'Int32' is unused[0;0m [#]8;;https://docs.swift.org/compiler/documentation/diagnostics/no-usage\NoUsage]8;;\]
 [0;36m753 |[0;0m         }
 [0;36m754 |[0;0m         defer { fn.finalize(stmt) }

/private/tmp/board1-rc15-work-final/wt_IOS-R10-no-dispatch/ios/Packages/GodstoneFoundation/Sources/GodstoneMesh/PeerIdentityStore.swift:754:20: [1;33mwarning: [1;39mresult of call to function returning 'Int32' is unused[0;0m [#]8;;https://docs.swift.org/compiler/documentation/diagnostics/no-usage\NoUsage]8;;\]
 [0;36m752 |[0;0m             fn.finalize(stmt); throw PeerStoreError.prepareFailed
 [0;36m753 |[0;0m         }
 [0;36m754 |[0;0m         defer { fn.finalize(stmt) }
     [0;36m|[0;0m                    `- [1;33mwarning: [1;39mresult of call to function returning 'Int32' is unused[0;0m [#]8;;https://docs.swift.org/compiler/documentation/diagnostics/no-usage\NoUsage]8;;\]
 [0;36m755 |[0;0m         bindBlob(stmt, 1, nodeId)
 [0;36m756 |[0;0m 

/private/tmp/board1-rc15-work-final/wt_IOS-R10-no-dispatch/ios/Packages/GodstoneFoundation/Sources/GodstoneMesh/PeerIdentityStore.swift:790:16: [1;33mwarning: [1;39mresult of call to function returning 'Int32' is unused[0;0m [#]8;;https://docs.swift.org/compiler/documentation/diagnostics/no-usage\NoUsage]8;;\]
 [0;36m788 |[0;0m         var stmt: OpaquePointer?
 [0;36m789 |[0;0m         guard fn.prepareV2(db, PeerIdentitySchema.insertFirstSeenSql, -1, &stmt, nil) == SQLITE_OK else {
 [0;36m790 |[0;0m             fn.finalize(stmt); throw PeerStoreError.prepareFailed
     [0;36m|[0;0m                `- [1;33mwarning: [1;39mresult of call to function returning 'Int32' is unused[0;0m [#]8;;https://docs.swift.org/compiler/documentation/diagnostics/no-usage\NoUsage]8;;\]
 [0;36m791 |[0;0m         }
 [0;36m792 |[0;0m         defer { fn.finalize(stmt) }

/private/tmp/board1-rc15-work-final/wt_IOS-R10-no-dispatch/ios/Packages/GodstoneFoundation/Sources/GodstoneMesh/PeerIdentityStore.swift:792:20: [1;33mwarning: [1;39mresult of call to function returning 'Int32' is unused[0;0m [#]8;;https://docs.swift.org/compiler/documentation/diagnostics/no-usage\NoUsage]8;;\]
 [0;36m790 |[0;0m             fn.finalize(stmt); throw PeerStoreError.prepareFailed
 [0;36m791 |[0;0m         }
 [0;36m792 |[0;0m         defer { fn.finalize(stmt) }
     [0;36m|[0;0m                    `- [1;33mwarning: [1;39mresult of call to function returning 'Int32' is unused[0;0m [#]8;;https://docs.swift.org/compiler/documentation/diagnostics/no-usage\NoUsage]8;;\]
 [0;36m793 |[0;0m         bindBlob(stmt, 1, nodeId)
 [0;36m794 |[0;0m         bindBlob(stmt, 2, signingPub)

/private/tmp/board1-rc15-work-final/wt_IOS-R10-no-dispatch/ios/Packages/GodstoneFoundation/Sources/GodstoneMesh/PeerIdentityStore.swift:796:12: [1;33mwarning: [1;39mresult of call to function returning 'Int32' is unused[0;0m [#]8;;https://docs.swift.org/compiler/documentation/diagnostics/no-usage\NoUsage]8;;\]
 [0;36m794 |[0;0m         bindBlob(stmt, 2, signingPub)
 [0;36m795 |[0;0m         bindBlob(stmt, 3, acceptedStatic)
 [0;36m796 |[0;0m         fn.bindInt64(stmt, 4, acceptedGeneration)
     [0;36m|[0;0m            `- [1;33mwarning: [1;39mresult of call to function returning 'Int32' is unused[0;0m [#]8;;https://docs.swift.org/compiler/documentation/diagnostics/no-usage\NoUsage]8;;\]
 [0;36m797 |[0;0m         fn.bindInt(stmt, 5, trustCode)
 [0;36m798 |[0;0m 

/private/tmp/board1-rc15-work-final/wt_IOS-R10-no-dispatch/ios/Packages/GodstoneFoundation/Sources/GodstoneMesh/PeerIdentityStore.swift:797:12: [1;33mwarning: [1;39mresult of call to function returning 'Int32' is unused[0;0m [#]8;;https://docs.swift.org/compiler/documentation/diagnostics/no-usage\NoUsage]8;;\]
 [0;36m795 |[0;0m         bindBlob(stmt, 3, acceptedStatic)
 [0;36m796 |[0;0m         fn.bindInt64(stmt, 4, acceptedGeneration)
 [0;36m797 |[0;0m         fn.bindInt(stmt, 5, trustCode)
     [0;36m|[0;0m            `- [1;33mwarning: [1;39mresult of call to function returning 'Int32' is unused[0;0m [#]8;;https://docs.swift.org/compiler/documentation/diagnostics/no-usage\NoUsage]8;;\]
 [0;36m798 |[0;0m 
 [0;36m799 |[0;0m         guard fn.step(stmt) == SQLITE_DONE else { throw PeerStoreError.stepFailed }

/private/tmp/board1-rc15-work-final/wt_IOS-R10-no-dispatch/ios/Packages/GodstoneFoundation/Sources/GodstoneMesh/PeerIdentityStore.swift:815:16: [1;33mwarning: [1;39mresult of call to function returning 'Int32' is unused[0;0m [#]8;;https://docs.swift.org/compiler/documentation/diagnostics/no-usage\NoUsage]8;;\]
 [0;36m813 |[0;0m         var stmt: OpaquePointer?
 [0;36m814 |[0;0m         guard fn.prepareV2(db, PeerIdentitySchema.setInitialPendingSql, -1, &stmt, nil) == SQLITE_OK else {
 [0;36m815 |[0;0m             fn.finalize(stmt); throw PeerStoreError.prepareFailed
     [0;36m|[0;0m                `- [1;33mwarning: [1;39mresult of call to function returning 'Int32' is unused[0;0m [#]8;;https://docs.swift.org/compiler/documentation/diagnostics/no-usage\NoUsage]8;;\]
 [0;36m816 |[0;0m         }
 [0;36m817 |[0;0m         defer { fn.finalize(stmt) }

/private/tmp/board1-rc15-work-final/wt_IOS-R10-no-dispatch/ios/Packages/GodstoneFoundation/Sources/GodstoneMesh/PeerIdentityStore.swift:817:20: [1;33mwarning: [1;39mresult of call to function returning 'Int32' is unused[0;0m [#]8;;https://docs.swift.org/compiler/documentation/diagnostics/no-usage\NoUsage]8;;\]
 [0;36m815 |[0;0m             fn.finalize(stmt); throw PeerStoreError.prepareFailed
 [0;36m816 |[0;0m         }
 [0;36m817 |[0;0m         defer { fn.finalize(stmt) }
     [0;36m|[0;0m                    `- [1;33mwarning: [1;39mresult of call to function returning 'Int32' is unused[0;0m [#]8;;https://docs.swift.org/compiler/documentation/diagnostics/no-usage\NoUsage]8;;\]
 [0;36m818 |[0;0m         bindBlob(stmt, 1, newPendingStatic)
 [0;36m819 |[0;0m         fn.bindInt64(stmt, 2, newPendingGeneration)

/private/tmp/board1-rc15-work-final/wt_IOS-R10-no-dispatch/ios/Packages/GodstoneFoundation/Sources/GodstoneMesh/PeerIdentityStore.swift:819:12: [1;33mwarning: [1;39mresult of call to function returning 'Int32' is unused[0;0m [#]8;;https://docs.swift.org/compiler/documentation/diagnostics/no-usage\NoUsage]8;;\]
 [0;36m817 |[0;0m         defer { fn.finalize(stmt) }
 [0;36m818 |[0;0m         bindBlob(stmt, 1, newPendingStatic)
 [0;36m819 |[0;0m         fn.bindInt64(stmt, 2, newPendingGeneration)
     [0;36m|[0;0m            `- [1;33mwarning: [1;39mresult of call to function returning 'Int32' is unused[0;0m [#]8;;https://docs.swift.org/compiler/documentation/diagnostics/no-usage\NoUsage]8;;\]
 [0;36m820 |[0;0m         bindBlob(stmt, 3, nodeId)
 [0;36m821 |[0;0m         bindBlob(stmt, 4, signingPub)

/private/tmp/board1-rc15-work-final/wt_IOS-R10-no-dispatch/ios/Packages/GodstoneFoundation/Sources/GodstoneMesh/PeerIdentityStore.swift:823:12: [1;33mwarning: [1;39mresult of call to function returning 'Int32' is unused[0;0m [#]8;;https://docs.swift.org/compiler/documentation/diagnostics/no-usage\NoUsage]8;;\]
 [0;36m821 |[0;0m         bindBlob(stmt, 4, signingPub)
 [0;36m822 |[0;0m         bindBlob(stmt, 5, acceptedStatic)
 [0;36m823 |[0;0m         fn.bindInt64(stmt, 6, acceptedGeneration)
     [0;36m|[0;0m            `- [1;33mwarning: [1;39mresult of call to function returning 'Int32' is unused[0;0m [#]8;;https://docs.swift.org/compiler/documentation/diagnostics/no-usage\NoUsage]8;;\]
 [0;36m824 |[0;0m         fn.bindInt(stmt, 7, trustLevel)
 [0;36m825 |[0;0m 

/private/tmp/board1-rc15-work-final/wt_IOS-R10-no-dispatch/ios/Packages/GodstoneFoundation/Sources/GodstoneMesh/PeerIdentityStore.swift:824:12: [1;33mwarning: [1;39mresult of call to function returning 'Int32' is unused[0;0m [#]8;;https://docs.swift.org/compiler/documentation/diagnostics/no-usage\NoUsage]8;;\]
 [0;36m822 |[0;0m         bindBlob(stmt, 5, acceptedStatic)
 [0;36m823 |[0;0m         fn.bindInt64(stmt, 6, acceptedGeneration)
 [0;36m824 |[0;0m         fn.bindInt(stmt, 7, trustLevel)
     [0;36m|[0;0m            `- [1;33mwarning: [1;39mresult of call to function returning 'Int32' is unused[0;0m [#]8;;https://docs.swift.org/compiler/documentation/diagnostics/no-usage\NoUsage]8;;\]
 [0;36m825 |[0;0m 
 [0;36m826 |[0;0m         guard fn.step(stmt) == SQLITE_DONE else { throw PeerStoreError.stepFailed }

/private/tmp/board1-rc15-work-final/wt_IOS-R10-no-dispatch/ios/Packages/GodstoneFoundation/Sources/GodstoneMesh/PeerIdentityStore.swift:844:16: [1;33mwarning: [1;39mresult of call to function returning 'Int32' is unused[0;0m [#]8;;https://docs.swift.org/compiler/documentation/diagnostics/no-usage\NoUsage]8;;\]
 [0;36m842 |[0;0m         var stmt: OpaquePointer?
 [0;36m843 |[0;0m         guard fn.prepareV2(db, PeerIdentitySchema.advancePendingSql, -1, &stmt, nil) == SQLITE_OK else {
 [0;36m844 |[0;0m             fn.finalize(stmt); throw PeerStoreError.prepareFailed
     [0;36m|[0;0m                `- [1;33mwarning: [1;39mresult of call to function returning 'Int32' is unused[0;0m [#]8;;https://docs.swift.org/compiler/documentation/diagnostics/no-usage\NoUsage]8;;\]
 [0;36m845 |[0;0m         }
 [0;36m846 |[0;0m         defer { fn.finalize(stmt) }

/private/tmp/board1-rc15-work-final/wt_IOS-R10-no-dispatch/ios/Packages/GodstoneFoundation/Sources/GodstoneMesh/PeerIdentityStore.swift:846:20: [1;33mwarning: [1;39mresult of call to function returning 'Int32' is unused[0;0m [#]8;;https://docs.swift.org/compiler/documentation/diagnostics/no-usage\NoUsage]8;;\]
 [0;36m844 |[0;0m             fn.finalize(stmt); throw PeerStoreError.prepareFailed
 [0;36m845 |[0;0m         }
 [0;36m846 |[0;0m         defer { fn.finalize(stmt) }
     [0;36m|[0;0m                    `- [1;33mwarning: [1;39mresult of call to function returning 'Int32' is unused[0;0m [#]8;;https://docs.swift.org/compiler/documentation/diagnostics/no-usage\NoUsage]8;;\]
 [0;36m847 |[0;0m         bindBlob(stmt, 1, newPendingStatic)
 [0;36m848 |[0;0m         fn.bindInt64(stmt, 2, newPendingGeneration)

/private/tmp/board1-rc15-work-final/wt_IOS-R10-no-dispatch/ios/Packages/GodstoneFoundation/Sources/GodstoneMesh/PeerIdentityStore.swift:848:12: [1;33mwarning: [1;39mresult of call to function returning 'Int32' is unused[0;0m [#]8;;https://docs.swift.org/compiler/documentation/diagnostics/no-usage\NoUsage]8;;\]
 [0;36m846 |[0;0m         defer { fn.finalize(stmt) }
 [0;36m847 |[0;0m         bindBlob(stmt, 1, newPendingStatic)
 [0;36m848 |[0;0m         fn.bindInt64(stmt, 2, newPendingGeneration)
     [0;36m|[0;0m            `- [1;33mwarning: [1;39mresult of call to function returning 'Int32' is unused[0;0m [#]8;;https://docs.swift.org/compiler/documentation/diagnostics/no-usage\NoUsage]8;;\]
 [0;36m849 |[0;0m         bindBlob(stmt, 3, nodeId)
 [0;36m850 |[0;0m         bindBlob(stmt, 4, signingPub)

/private/tmp/board1-rc15-work-final/wt_IOS-R10-no-dispatch/ios/Packages/GodstoneFoundation/Sources/GodstoneMesh/PeerIdentityStore.swift:852:12: [1;33mwarning: [1;39mresult of call to function returning 'Int32' is unused[0;0m [#]8;;https://docs.swift.org/compiler/documentation/diagnostics/no-usage\NoUsage]8;;\]
 [0;36m850 |[0;0m         bindBlob(stmt, 4, signingPub)
 [0;36m851 |[0;0m         bindBlob(stmt, 5, acceptedStatic)
 [0;36m852 |[0;0m         fn.bindInt64(stmt, 6, acceptedGeneration)
     [0;36m|[0;0m            `- [1;33mwarning: [1;39mresult of call to function returning 'Int32' is unused[0;0m [#]8;;https://docs.swift.org/compiler/documentation/diagnostics/no-usage\NoUsage]8;;\]
 [0;36m853 |[0;0m         fn.bindInt(stmt, 7, trustLevel)
 [0;36m854 |[0;0m         bindBlob(stmt, 8, oldPendingStatic)

/private/tmp/board1-rc15-work-final/wt_IOS-R10-no-dispatch/ios/Packages/GodstoneFoundation/Sources/GodstoneMesh/PeerIdentityStore.swift:853:12: [1;33mwarning: [1;39mresult of call to function returning 'Int32' is unused[0;0m [#]8;;https://docs.swift.org/compiler/documentation/diagnostics/no-usage\NoUsage]8;;\]
 [0;36m851 |[0;0m         bindBlob(stmt, 5, acceptedStatic)
 [0;36m852 |[0;0m         fn.bindInt64(stmt, 6, acceptedGeneration)
 [0;36m853 |[0;0m         fn.bindInt(stmt, 7, trustLevel)
     [0;36m|[0;0m            `- [1;33mwarning: [1;39mresult of call to function returning 'Int32' is unused[0;0m [#]8;;https://docs.swift.org/compiler/documentation/diagnostics/no-usage\NoUsage]8;;\]
 [0;36m854 |[0;0m         bindBlob(stmt, 8, oldPendingStatic)
 [0;36m855 |[0;0m         fn.bindInt64(stmt, 9, oldPendingGeneration)

/private/tmp/board1-rc15-work-final/wt_IOS-R10-no-dispatch/ios/Packages/GodstoneFoundation/Sources/GodstoneMesh/PeerIdentityStore.swift:855:12: [1;33mwarning: [1;39mresult of call to function returning 'Int32' is unused[0;0m [#]8;;https://docs.swift.org/compiler/documentation/diagnostics/no-usage\NoUsage]8;;\]
 [0;36m853 |[0;0m         fn.bindInt(stmt, 7, trustLevel)
 [0;36m854 |[0;0m         bindBlob(stmt, 8, oldPendingStatic)
 [0;36m855 |[0;0m         fn.bindInt64(stmt, 9, oldPendingGeneration)
     [0;36m|[0;0m            `- [1;33mwarning: [1;39mresult of call to function returning 'Int32' is unused[0;0m [#]8;;https://docs.swift.org/compiler/documentation/diagnostics/no-usage\NoUsage]8;;\]
 [0;36m856 |[0;0m 
 [0;36m857 |[0;0m         guard fn.step(stmt) == SQLITE_DONE else { throw PeerStoreError.stepFailed }

/private/tmp/board1-rc15-work-final/wt_IOS-R10-no-dispatch/ios/Packages/GodstoneFoundation/Sources/GodstoneMesh/PeerIdentityStore.swift:873:16: [1;33mwarning: [1;39mresult of call to function returning 'Int32' is unused[0;0m [#]8;;https://docs.swift.org/compiler/documentation/diagnostics/no-usage\NoUsage]8;;\]
 [0;36m871 |[0;0m         var stmt: OpaquePointer?
 [0;36m872 |[0;0m         guard fn.prepareV2(db, PeerIdentitySchema.approvePendingRotationSql, -1, &stmt, nil) == SQLITE_OK else {
 [0;36m873 |[0;0m             fn.finalize(stmt); throw PeerStoreError.prepareFailed
     [0;36m|[0;0m                `- [1;33mwarning: [1;39mresult of call to function returning 'Int32' is unused[0;0m [#]8;;https://docs.swift.org/compiler/documentation/diagnostics/no-usage\NoUsage]8;;\]
 [0;36m874 |[0;0m         }
 [0;36m875 |[0;0m         defer { fn.finalize(stmt) }

/private/tmp/board1-rc15-work-final/wt_IOS-R10-no-dispatch/ios/Packages/GodstoneFoundation/Sources/GodstoneMesh/PeerIdentityStore.swift:875:20: [1;33mwarning: [1;39mresult of call to function returning 'Int32' is unused[0;0m [#]8;;https://docs.swift.org/compiler/documentation/diagnostics/no-usage\NoUsage]8;;\]
 [0;36m873 |[0;0m             fn.finalize(stmt); throw PeerStoreError.prepareFailed
 [0;36m874 |[0;0m         }
 [0;36m875 |[0;0m         defer { fn.finalize(stmt) }
     [0;36m|[0;0m                    `- [1;33mwarning: [1;39mresult of call to function returning 'Int32' is unused[0;0m [#]8;;https://docs.swift.org/compiler/documentation/diagnostics/no-usage\NoUsage]8;;\]
 [0;36m876 |[0;0m         bindBlob(stmt, 1, nodeId)
 [0;36m877 |[0;0m         bindBlob(stmt, 2, signingPub)

/private/tmp/board1-rc15-work-final/wt_IOS-R10-no-dispatch/ios/Packages/GodstoneFoundation/Sources/GodstoneMesh/PeerIdentityStore.swift:879:12: [1;33mwarning: [1;39mresult of call to function returning 'Int32' is unused[0;0m [#]8;;https://docs.swift.org/compiler/documentation/diagnostics/no-usage\NoUsage]8;;\]
 [0;36m877 |[0;0m         bindBlob(stmt, 2, signingPub)
 [0;36m878 |[0;0m         bindBlob(stmt, 3, acceptedStatic)
 [0;36m879 |[0;0m         fn.bindInt64(stmt, 4, acceptedGeneration)
     [0;36m|[0;0m            `- [1;33mwarning: [1;39mresult of call to function returning 'Int32' is unused[0;0m [#]8;;https://docs.swift.org/compiler/documentation/diagnostics/no-usage\NoUsage]8;;\]
 [0;36m880 |[0;0m         fn.bindInt(stmt, 5, trustLevel)
 [0;36m881 |[0;0m         bindBlob(stmt, 6, expectedPendingStatic)

/private/tmp/board1-rc15-work-final/wt_IOS-R10-no-dispatch/ios/Packages/GodstoneFoundation/Sources/GodstoneMesh/PeerIdentityStore.swift:880:12: [1;33mwarning: [1;39mresult of call to function returning 'Int32' is unused[0;0m [#]8;;https://docs.swift.org/compiler/documentation/diagnostics/no-usage\NoUsage]8;;\]
 [0;36m878 |[0;0m         bindBlob(stmt, 3, acceptedStatic)
 [0;36m879 |[0;0m         fn.bindInt64(stmt, 4, acceptedGeneration)
 [0;36m880 |[0;0m         fn.bindInt(stmt, 5, trustLevel)
     [0;36m|[0;0m            `- [1;33mwarning: [1;39mresult of call to function returning 'Int32' is unused[0;0m [#]8;;https://docs.swift.org/compiler/documentation/diagnostics/no-usage\NoUsage]8;;\]
 [0;36m881 |[0;0m         bindBlob(stmt, 6, expectedPendingStatic)
 [0;36m882 |[0;0m         fn.bindInt64(stmt, 7, expectedPendingGeneration)

/private/tmp/board1-rc15-work-final/wt_IOS-R10-no-dispatch/ios/Packages/GodstoneFoundation/Sources/GodstoneMesh/PeerIdentityStore.swift:882:12: [1;33mwarning: [1;39mresult of call to function returning 'Int32' is unused[0;0m [#]8;;https://docs.swift.org/compiler/documentation/diagnostics/no-usage\NoUsage]8;;\]
 [0;36m880 |[0;0m         fn.bindInt(stmt, 5, trustLevel)
 [0;36m881 |[0;0m         bindBlob(stmt, 6, expectedPendingStatic)
 [0;36m882 |[0;0m         fn.bindInt64(stmt, 7, expectedPendingGeneration)
     [0;36m|[0;0m            `- [1;33mwarning: [1;39mresult of call to function returning 'Int32' is unused[0;0m [#]8;;https://docs.swift.org/compiler/documentation/diagnostics/no-usage\NoUsage]8;;\]
 [0;36m883 |[0;0m 
 [0;36m884 |[0;0m         guard fn.step(stmt) == SQLITE_DONE else { throw PeerStoreError.stepFailed }

/private/tmp/board1-rc15-work-final/wt_IOS-R10-no-dispatch/ios/Packages/GodstoneFoundation/Sources/GodstoneMesh/PeerIdentityStore.swift:900:16: [1;33mwarning: [1;39mresult of call to function returning 'Int32' is unused[0;0m [#]8;;https://docs.swift.org/compiler/documentation/diagnostics/no-usage\NoUsage]8;;\]
 [0;36m898 |[0;0m         var stmt: OpaquePointer?
 [0;36m899 |[0;0m         guard fn.prepareV2(db, PeerIdentitySchema.confirmVerifiedSql, -1, &stmt, nil) == SQLITE_OK else {
 [0;36m900 |[0;0m             fn.finalize(stmt); throw PeerStoreError.prepareFailed
     [0;36m|[0;0m                `- [1;33mwarning: [1;39mresult of call to function returning 'Int32' is unused[0;0m [#]8;;https://docs.swift.org/compiler/documentation/diagnostics/no-usage\NoUsage]8;;\]
 [0;36m901 |[0;0m         }
 [0;36m902 |[0;0m         defer { fn.finalize(stmt) }

/private/tmp/board1-rc15-work-final/wt_IOS-R10-no-dispatch/ios/Packages/GodstoneFoundation/Sources/GodstoneMesh/PeerIdentityStore.swift:902:20: [1;33mwarning: [1;39mresult of call to function returning 'Int32' is unused[0;0m [#]8;;https://docs.swift.org/compiler/documentation/diagnostics/no-usage\NoUsage]8;;\]
 [0;36m900 |[0;0m             fn.finalize(stmt); throw PeerStoreError.prepareFailed
 [0;36m901 |[0;0m         }
 [0;36m902 |[0;0m         defer { fn.finalize(stmt) }
     [0;36m|[0;0m                    `- [1;33mwarning: [1;39mresult of call to function returning 'Int32' is unused[0;0m [#]8;;https://docs.swift.org/compiler/documentation/diagnostics/no-usage\NoUsage]8;;\]
 [0;36m903 |[0;0m         bindBlob(stmt, 1, nodeId)
 [0;36m904 |[0;0m         bindBlob(stmt, 2, signingPub)

/private/tmp/board1-rc15-work-final/wt_IOS-R10-no-dispatch/ios/Packages/GodstoneFoundation/Sources/GodstoneMesh/PeerIdentityStore.swift:906:12: [1;33mwarning: [1;39mresult of call to function returning 'Int32' is unused[0;0m [#]8;;https://docs.swift.org/compiler/documentation/diagnostics/no-usage\NoUsage]8;;\]
 [0;36m904 |[0;0m         bindBlob(stmt, 2, signingPub)
 [0;36m905 |[0;0m         bindBlob(stmt, 3, acceptedStatic)
 [0;36m906 |[0;0m         fn.bindInt64(stmt, 4, acceptedGeneration)
     [0;36m|[0;0m            `- [1;33mwarning: [1;39mresult of call to function returning 'Int32' is unused[0;0m [#]8;;https://docs.swift.org/compiler/documentation/diagnostics/no-usage\NoUsage]8;;\]
 [0;36m907 |[0;0m         guard fn.step(stmt) == SQLITE_DONE else { throw PeerStoreError.stepFailed }
 [0;36m908 |[0;0m         return Int(fn.changes(db))

/private/tmp/board1-rc15-work-final/wt_IOS-R10-no-dispatch/ios/Packages/GodstoneFoundation/Sources/GodstoneMesh/PeerIdentityStore.swift:924:20: [1;33mwarning: [1;39mresult of call to function returning 'Int32' is unused[0;0m [#]8;;https://docs.swift.org/compiler/documentation/diagnostics/no-usage\NoUsage]8;;\]
 [0;36m922 |[0;0m         if let oldStatic = oldPendingStatic, let oldGen = oldPendingGeneration {
 [0;36m923 |[0;0m             guard fn.prepareV2(db, PeerIdentitySchema.revokeWithPendingSql, -1, &stmt, nil) == SQLITE_OK else {
 [0;36m924 |[0;0m                 fn.finalize(stmt); throw PeerStoreError.prepareFailed
     [0;36m|[0;0m                    `- [1;33mwarning: [1;39mresult of call to function returning 'Int32' is unused[0;0m [#]8;;https://docs.swift.org/compiler/documentation/diagnostics/no-usage\NoUsage]8;;\]
 [0;36m925 |[0;0m             }
 [0;36m926 |[0;0m             defer { fn.finalize(stmt) }

/private/tmp/board1-rc15-work-final/wt_IOS-R10-no-dispatch/ios/Packages/GodstoneFoundation/Sources/GodstoneMesh/PeerIdentityStore.swift:926:24: [1;33mwarning: [1;39mresult of call to function returning 'Int32' is unused[0;0m [#]8;;https://docs.swift.org/compiler/documentation/diagnostics/no-usage\NoUsage]8;;\]
 [0;36m924 |[0;0m                 fn.finalize(stmt); throw PeerStoreError.prepareFailed
 [0;36m925 |[0;0m             }
 [0;36m926 |[0;0m             defer { fn.finalize(stmt) }
     [0;36m|[0;0m                        `- [1;33mwarning: [1;39mresult of call to function returning 'Int32' is unused[0;0m [#]8;;https://docs.swift.org/compiler/documentation/diagnostics/no-usage\NoUsage]8;;\]
 [0;36m927 |[0;0m             bindBlob(stmt, 1, nodeId)
 [0;36m928 |[0;0m             bindBlob(stmt, 2, signingPub)

/private/tmp/board1-rc15-work-final/wt_IOS-R10-no-dispatch/ios/Packages/GodstoneFoundation/Sources/GodstoneMesh/PeerIdentityStore.swift:930:16: [1;33mwarning: [1;39mresult of call to function returning 'Int32' is unused[0;0m [#]8;;https://docs.swift.org/compiler/documentation/diagnostics/no-usage\NoUsage]8;;\]
 [0;36m928 |[0;0m             bindBlob(stmt, 2, signingPub)
 [0;36m929 |[0;0m             bindBlob(stmt, 3, acceptedStatic)
 [0;36m930 |[0;0m             fn.bindInt64(stmt, 4, acceptedGeneration)
     [0;36m|[0;0m                `- [1;33mwarning: [1;39mresult of call to function returning 'Int32' is unused[0;0m [#]8;;https://docs.swift.org/compiler/documentation/diagnostics/no-usage\NoUsage]8;;\]
 [0;36m931 |[0;0m             fn.bindInt(stmt, 5, currentTrustLevel)
 [0;36m932 |[0;0m             bindBlob(stmt, 6, oldStatic)

/private/tmp/board1-rc15-work-final/wt_IOS-R10-no-dispatch/ios/Packages/GodstoneFoundation/Sources/GodstoneMesh/PeerIdentityStore.swift:931:16: [1;33mwarning: [1;39mresult of call to function returning 'Int32' is unused[0;0m [#]8;;https://docs.swift.org/compiler/documentation/diagnostics/no-usage\NoUsage]8;;\]
 [0;36m929 |[0;0m             bindBlob(stmt, 3, acceptedStatic)
 [0;36m930 |[0;0m             fn.bindInt64(stmt, 4, acceptedGeneration)
 [0;36m931 |[0;0m             fn.bindInt(stmt, 5, currentTrustLevel)
     [0;36m|[0;0m                `- [1;33mwarning: [1;39mresult of call to function returning 'Int32' is unused[0;0m [#]8;;https://docs.swift.org/compiler/documentation/diagnostics/no-usage\NoUsage]8;;\]
 [0;36m932 |[0;0m             bindBlob(stmt, 6, oldStatic)
 [0;36m933 |[0;0m             fn.bindInt64(stmt, 7, oldGen)

/private/tmp/board1-rc15-work-final/wt_IOS-R10-no-dispatch/ios/Packages/GodstoneFoundation/Sources/GodstoneMesh/PeerIdentityStore.swift:933:16: [1;33mwarning: [1;39mresult of call to function returning 'Int32' is unused[0;0m [#]8;;https://docs.swift.org/compiler/documentation/diagnostics/no-usage\NoUsage]8;;\]
 [0;36m931 |[0;0m             fn.bindInt(stmt, 5, currentTrustLevel)
 [0;36m932 |[0;0m             bindBlob(stmt, 6, oldStatic)
 [0;36m933 |[0;0m             fn.bindInt64(stmt, 7, oldGen)
     [0;36m|[0;0m                `- [1;33mwarning: [1;39mresult of call to function returning 'Int32' is unused[0;0m [#]8;;https://docs.swift.org/compiler/documentation/diagnostics/no-usage\NoUsage]8;;\]
 [0;36m934 |[0;0m 
 [0;36m935 |[0;0m             guard fn.step(stmt) == SQLITE_DONE else { throw PeerStoreError.stepFailed }

/private/tmp/board1-rc15-work-final/wt_IOS-R10-no-dispatch/ios/Packages/GodstoneFoundation/Sources/GodstoneMesh/PeerIdentityStore.swift:939:20: [1;33mwarning: [1;39mresult of call to function returning 'Int32' is unused[0;0m [#]8;;https://docs.swift.org/compiler/documentation/diagnostics/no-usage\NoUsage]8;;\]
 [0;36m937 |[0;0m         } else {
 [0;36m938 |[0;0m             guard fn.prepareV2(db, PeerIdentitySchema.revokeNoPendingSql, -1, &stmt, nil) == SQLITE_OK else {
 [0;36m939 |[0;0m                 fn.finalize(stmt); throw PeerStoreError.prepareFailed
     [0;36m|[0;0m                    `- [1;33mwarning: [1;39mresult of call to function returning 'Int32' is unused[0;0m [#]8;;https://docs.swift.org/compiler/documentation/diagnostics/no-usage\NoUsage]8;;\]
 [0;36m940 |[0;0m             }
 [0;36m941 |[0;0m             defer { fn.finalize(stmt) }

/private/tmp/board1-rc15-work-final/wt_IOS-R10-no-dispatch/ios/Packages/GodstoneFoundation/Sources/GodstoneMesh/PeerIdentityStore.swift:941:24: [1;33mwarning: [1;39mresult of call to function returning 'Int32' is unused[0;0m [#]8;;https://docs.swift.org/compiler/documentation/diagnostics/no-usage\NoUsage]8;;\]
 [0;36m939 |[0;0m                 fn.finalize(stmt); throw PeerStoreError.prepareFailed
 [0;36m940 |[0;0m             }
 [0;36m941 |[0;0m             defer { fn.finalize(stmt) }
     [0;36m|[0;0m                        `- [1;33mwarning: [1;39mresult of call to function returning 'Int32' is unused[0;0m [#]8;;https://docs.swift.org/compiler/documentation/diagnostics/no-usage\NoUsage]8;;\]
 [0;36m942 |[0;0m             bindBlob(stmt, 1, nodeId)
 [0;36m943 |[0;0m             bindBlob(stmt, 2, signingPub)

/private/tmp/board1-rc15-work-final/wt_IOS-R10-no-dispatch/ios/Packages/GodstoneFoundation/Sources/GodstoneMesh/PeerIdentityStore.swift:945:16: [1;33mwarning: [1;39mresult of call to function returning 'Int32' is unused[0;0m [#]8;;https://docs.swift.org/compiler/documentation/diagnostics/no-usage\NoUsage]8;;\]
 [0;36m943 |[0;0m             bindBlob(stmt, 2, signingPub)
 [0;36m944 |[0;0m             bindBlob(stmt, 3, acceptedStatic)
 [0;36m945 |[0;0m             fn.bindInt64(stmt, 4, acceptedGeneration)
     [0;36m|[0;0m                `- [1;33mwarning: [1;39mresult of call to function returning 'Int32' is unused[0;0m [#]8;;https://docs.swift.org/compiler/documentation/diagnostics/no-usage\NoUsage]8;;\]
 [0;36m946 |[0;0m             fn.bindInt(stmt, 5, currentTrustLevel)
 [0;36m947 |[0;0m 

/private/tmp/board1-rc15-work-final/wt_IOS-R10-no-dispatch/ios/Packages/GodstoneFoundation/Sources/GodstoneMesh/PeerIdentityStore.swift:946:16: [1;33mwarning: [1;39mresult of call to function returning 'Int32' is unused[0;0m [#]8;;https://docs.swift.org/compiler/documentation/diagnostics/no-usage\NoUsage]8;;\]
 [0;36m944 |[0;0m             bindBlob(stmt, 3, acceptedStatic)
 [0;36m945 |[0;0m             fn.bindInt64(stmt, 4, acceptedGeneration)
 [0;36m946 |[0;0m             fn.bindInt(stmt, 5, currentTrustLevel)
     [0;36m|[0;0m                `- [1;33mwarning: [1;39mresult of call to function returning 'Int32' is unused[0;0m [#]8;;https://docs.swift.org/compiler/documentation/diagnostics/no-usage\NoUsage]8;;\]
 [0;36m947 |[0;0m 
 [0;36m948 |[0;0m             guard fn.step(stmt) == SQLITE_DONE else { throw PeerStoreError.stepFailed }

/private/tmp/board1-rc15-work-final/wt_IOS-R10-no-dispatch/ios/Packages/GodstoneFoundation/Sources/GodstoneMesh/PeerIdentityStore.swift:962:12: [1;33mwarning: [1;39mresult of call to function returning 'Int32' is unused[0;0m [#]8;;https://docs.swift.org/compiler/documentation/diagnostics/no-usage\NoUsage]8;;\]
 [0;36m960 |[0;0m     @inline(__always)
 [0;36m961 |[0;0m     private func bindText(_ stmt: OpaquePointer?, _ index: Int32, _ text: String) {
 [0;36m962 |[0;0m         fn.bindText(stmt, index, text, -1, peerStoreSqliteTransient)
     [0;36m|[0;0m            `- [1;33mwarning: [1;39mresult of call to function returning 'Int32' is unused[0;0m [#]8;;https://docs.swift.org/compiler/documentation/diagnostics/no-usage\NoUsage]8;;\]
 [0;36m963 |[0;0m     }
 [0;36m964 |[0;0m 

/private/tmp/board1-rc15-work-final/wt_IOS-R10-no-dispatch/ios/Packages/GodstoneFoundation/Sources/GodstoneMesh/RealTransportHostRig.swift:1024:28: [1;33mwarning: [1;39mcapture 'self' was never used[0;0m [#]8;;https://docs.swift.org/compiler/documentation/diagnostics/no-usage\NoUsage]8;;\]
[0;36m1022 |[0;0m             fabric.record(from: relay.aLabel, to: relay.bLabel, bytes: bytes,
[0;36m1023 |[0;0m                           characteristic: uuid == BleTransport.linkInfoCharacteristicUuid ? "linkInfo" : "inbox")
[0;36m1024 |[0;0m             queue.async { [self] in relay.deliverInitiatorToResponder(bytes: bytes, uuid: uuid) }
     [0;36m|[0;0m                            `- [1;33mwarning: [1;39mcapture 'self' was never used[0;0m [#]8;;https://docs.swift.org/compiler/documentation/diagnostics/no-usage\NoUsage]8;;\]
[0;36m1025 |[0;0m         }
[0;36m1026 |[0;0m         // *** *** ONE MANAGER DISPATCHER OVER A LINK REGISTRY, ROUTED BY THE DESTINATION CENTRAL. *** ***

/private/tmp/board1-rc15-work-final/wt_IOS-R10-no-dispatch/ios/Packages/GodstoneFoundation/Sources/GodstoneMesh/RealTransportHostRig.swift:1069:40: [1;33mwarning: [1;39mcapture 'self' was never used[0;0m [#]8;;https://docs.swift.org/compiler/documentation/diagnostics/no-usage\NoUsage]8;;\]
[0;36m1067 |[0;0m                 let key = ResponderKey(responderLabel: responder.label, centralId: centralId)
[0;36m1068 |[0;0m                 guard let route = responderDispatch[key] else { return }
[0;36m1069 |[0;0m                 deliveryQueue.async { [self] in
     [0;36m|[0;0m                                        `- [1;33mwarning: [1;39mcapture 'self' was never used[0;0m [#]8;;https://docs.swift.org/compiler/documentation/diagnostics/no-usage\NoUsage]8;;\]
[0;36m1070 |[0;0m                     route.relay.deliverResponderToInitiator(bytes: bytes, uuid: uuid, admittedEpoch: route.epoch)
[0;36m1071 |[0;0m                 }

/private/tmp/board1-rc15-work-final/wt_IOS-R10-no-dispatch/ios/Packages/GodstoneFoundation/Sources/GodstoneMesh/RealTransportHostRig.swift:1112:13: [1;33mwarning: [1;39musing '_' to ignore the result of a Void-returning function is redundant[0;0m
[0;36m1110 |[0;0m                                                    : BleTransport.inboxCharacteristicUuid,
[0;36m1111 |[0;0m                                   value: bytes)
[0;36m1112 |[0;0m             _ = responder.ble.processPeripheralReceiveWrite(
     [0;36m|[0;0m             `- [1;33mwarning: [1;39musing '_' to ignore the result of a Void-returning function is redundant[0;0m
[0;36m1113 |[0;0m                 rPM, requests: [unsafeBitCast(req, to: CBATTRequest.self)],
[0;36m1114 |[0;0m                 sourceEpoch: responder.ble.currentTransportEpoch)

[#NoUsage]: <https://docs.swift.org/compiler/documentation/diagnostics/no-usage>
/private/tmp/board1-rc15-work-final/wt_IOS-R10-no-dispatch/ios/Packages/GodstoneFoundation/Sources/GodstoneMesh/AckDispatcher.swift:323:11: [1;33mwarning: [1;39m'catch' block is unreachable because no errors are thrown in 'do' block[0;0m
[0;36m321 |[0;0m         do {
[0;36m322 |[0;0m             result = admitForeign(encoded, receivedFrom)
[0;36m323 |[0;0m         } catch {
    [0;36m|[0;0m           `- [1;33mwarning: [1;39m'catch' block is unreachable because no errors are thrown in 'do' block[0;0m
[0;36m324 |[0;0m             return AckAdmission(result: .storageFailure, ackKey: nil, verificationClass: nil)
[0;36m325 |[0;0m         }

/private/tmp/board1-rc15-work-final/wt_IOS-R10-no-dispatch/ios/Packages/GodstoneFoundation/Sources/GodstoneMesh/AckDispatcher.swift:326:27: [1;33mwarning: [1;39mno calls to throwing functions occur within 'try' expression[0;0m [#]8;;https://docs.swift.org/compiler/documentation/diagnostics/unnecessary-effect-marker\UnnecessaryEffectMarker]8;;\]
[0;36m324 |[0;0m             return AckAdmission(result: .storageFailure, ackKey: nil, verificationClass: nil)
[0;36m325 |[0;0m         }
[0;36m326 |[0;0m         guard let frame = try? FrameV2.decode(encoded), frame.payload.count == ackPayloadLen else {
    [0;36m|[0;0m                           `- [1;33mwarning: [1;39mno calls to throwing functions occur within 'try' expression[0;0m [#]8;;https://docs.swift.org/compiler/documentation/diagnostics/unnecessary-effect-marker\UnnecessaryEffectMarker]8;;\]
[0;36m327 |[0;0m             return AckAdmission(result: result, ackKey: nil, verificationClass: nil)
[0;36m328 |[0;0m         }

/private/tmp/board1-rc15-work-final/wt_IOS-R10-no-dispatch/ios/Packages/GodstoneFoundation/Sources/GodstoneMesh/AckDispatcher.swift:407:31: [1;33mwarning: [1;39mno calls to throwing functions occur within 'try' expression[0;0m [#]8;;https://docs.swift.org/compiler/documentation/diagnostics/unnecessary-effect-marker\UnnecessaryEffectMarker]8;;\]
[0;36m405 |[0;0m                 continue
[0;36m406 |[0;0m             }
[0;36m407 |[0;0m             guard let frame = try? FrameV2.decode(record.encodedFrame) else {
    [0;36m|[0;0m                               `- [1;33mwarning: [1;39mno calls to throwing functions occur within 'try' expression[0;0m [#]8;;https://docs.swift.org/compiler/documentation/diagnostics/unnecessary-effect-marker\UnnecessaryEffectMarker]8;;\]
[0;36m408 |[0;0m                 refuse(.malformed)
[0;36m409 |[0;0m                 continue

[#UnnecessaryEffectMarker]: <https://docs.swift.org/compiler/documentation/diagnostics/unnecessary-effect-marker>
/private/tmp/board1-rc15-work-final/wt_IOS-R10-no-dispatch/ios/Packages/GodstoneFoundation/Sources/GodstoneMesh/BleTransport.swift:8:16: [1;33mwarning: [1;39mstored property 'peripheral' of 'Sendable'-conforming struct 'OutboundPhysicalLifetime' contains non-Sendable type 'CBPeripheral'; this is an error in the Swift 6 language mode[0;0m
   [0;36m6 |[0;0m     public let relationKey: RelationKey
   [0;36m7 |[0;0m     public let transportEpoch: UInt64
   [0;36m8 |[0;0m     public let peripheral: CBPeripheral?
     [0;36m|[0;0m                `- [1;33mwarning: [1;39mstored property 'peripheral' of 'Sendable'-conforming struct 'OutboundPhysicalLifetime' contains non-Sendable type 'CBPeripheral'; this is an error in the Swift 6 language mode[0;0m
   [0;36m9 |[0;0m 
  [0;36m10 |[0;0m     public init(relationKey: RelationKey, transportEpoch: UInt64, peripheral: CBPeripheral? = nil) {

/Applications/Xcode.app/Contents/Developer/Platforms/MacOSX.platform/Developer/SDKs/MacOSX27.0.sdk/System/Library/Frameworks/CoreBluetooth.framework/Headers/CBPeripheral.h:66:28: [1;39mnote: [1;39mclass 'CBPeripheral' does not conform to the 'Sendable' protocol[0;0m
 [0;36m64 |[0;0m  */
 [0;36m65 |[0;0m NS_CLASS_AVAILABLE(10_7, 5_0)
 [0;36m66 |[0;0m CB_EXTERN_CLASS @interface CBPeripheral : CBPeer
    [0;36m|[0;0m                            `- [1;39mnote: [1;39mclass 'CBPeripheral' does not conform to the 'Sendable' protocol[0;0m
 [0;36m67 |[0;0m 
 [0;36m68 |[0;0m /*!

/private/tmp/board1-rc15-work-final/wt_IOS-R10-no-dispatch/ios/Packages/GodstoneFoundation/Sources/GodstoneMesh/BleTransport.swift:2:1: [1;33mwarning: [1;39madd '@preconcurrency' to suppress 'Sendable'-related warnings from module 'CoreBluetooth'[0;0m [#]8;;https://docs.swift.org/compiler/documentation/diagnostics/add-preconcurrency-import\AddPreconcurrencyImport]8;;\]
   [0;36m1 |[0;0m import Foundation
   [0;36m2 |[0;0m import CoreBluetooth
     [0;36m|[0;0m `- [1;33mwarning: [1;39madd '@preconcurrency' to suppress 'Sendable'-related warnings from module 'CoreBluetooth'[0;0m [#]8;;https://docs.swift.org/compiler/documentation/diagnostics/add-preconcurrency-import\AddPreconcurrencyImport]8;;\]
   [0;36m3 |[0;0m import GodstoneCore
   [0;36m4 |[0;0m 

/private/tmp/board1-rc15-work-final/wt_IOS-R10-no-dispatch/ios/Packages/GodstoneFoundation/Sources/GodstoneMesh/BleTransport.swift:32:16: [1;33mwarning: [1;39mstored property 'characteristicUuid' of 'Sendable'-conforming struct 'InboxSubscription' has non-Sendable type 'CBUUID'; this is an error in the Swift 6 language mode[0;0m
  [0;36m30 |[0;0m /// subscription. Presented by the subscribe callback, held with the lease.
  [0;36m31 |[0;0m public struct InboxSubscription: Equatable, Sendable {
  [0;36m32 |[0;0m     public let characteristicUuid: CBUUID
     [0;36m|[0;0m                `- [1;33mwarning: [1;39mstored property 'characteristicUuid' of 'Sendable'-conforming struct 'InboxSubscription' has non-Sendable type 'CBUUID'; this is an error in the Swift 6 language mode[0;0m
  [0;36m33 |[0;0m     public let maxUpdateLength: Int
  [0;36m34 |[0;0m 

/Applications/Xcode.app/Contents/Developer/Platforms/MacOSX.platform/Developer/SDKs/MacOSX27.0.sdk/System/Library/Frameworks/CoreBluetooth.framework/Headers/CBUUID.h:85:28: [1;39mnote: [1;39mclass 'CBUUID' does not conform to the 'Sendable' protocol[0;0m
 [0;36m83 |[0;0m  */
 [0;36m84 |[0;0m NS_CLASS_AVAILABLE(10_7, 5_0)
 [0;36m85 |[0;0m CB_EXTERN_CLASS @interface CBUUID : NSObject <NSCopying>
    [0;36m|[0;0m                            `- [1;39mnote: [1;39mclass 'CBUUID' does not conform to the 'Sendable' protocol[0;0m
 [0;36m86 |[0;0m 
 [0;36m87 |[0;0m /*!

/private/tmp/board1-rc15-work-final/wt_IOS-R10-no-dispatch/ios/Packages/GodstoneFoundation/Sources/GodstoneMesh/BleTransport.swift:48:16: [1;33mwarning: [1;39mstored property 'retainedCentral' of 'Sendable'-conforming struct 'InboundSubscriptionLifetime' contains non-Sendable type 'CBCentral'; this is an error in the Swift 6 language mode[0;0m
  [0;36m46 |[0;0m     /// this handle - never through a fresh lookup of the subscriber list,
  [0;36m47 |[0;0m     /// which a reused identity could have renewed in the meantime.
  [0;36m48 |[0;0m     public let retainedCentral: CBCentral?
     [0;36m|[0;0m                `- [1;33mwarning: [1;39mstored property 'retainedCentral' of 'Sendable'-conforming struct 'InboundSubscriptionLifetime' contains non-Sendable type 'CBCentral'; this is an error in the Swift 6 language mode[0;0m
  [0;36m49 |[0;0m     /// The inbox subscription this lease stands for, as presented by the
  [0;36m50 |[0;0m     /// callback; nil while the subscription was not distinguishable.

/Applications/Xcode.app/Contents/Developer/Platforms/MacOSX.platform/Developer/SDKs/MacOSX27.0.sdk/System/Library/Frameworks/CoreBluetooth.framework/Headers/CBCentral.h:28:28: [1;39mnote: [1;39mclass 'CBCentral' does not conform to the 'Sendable' protocol[0;0m
[0;36m26 |[0;0m  */
[0;36m27 |[0;0m NS_CLASS_AVAILABLE(10_9, 6_0)
[0;36m28 |[0;0m CB_EXTERN_CLASS @interface CBCentral : CBPeer
   [0;36m|[0;0m                            `- [1;39mnote: [1;39mclass 'CBCentral' does not conform to the 'Sendable' protocol[0;0m
[0;36m29 |[0;0m 
[0;36m30 |[0;0m /*!

/private/tmp/board1-rc15-work-final/wt_IOS-R10-no-dispatch/ios/Packages/GodstoneFoundation/Sources/GodstoneMesh/BleTransport.swift:123:5: [1;33mwarning: [1;39m'public' modifier is redundant for property declared in a public extension[0;0m
 [0;36m121 |[0;0m 
 [0;36m122 |[0;0m public extension TransportManagerFactory {
 [0;36m123 |[0;0m     public var admissionBudgetOverride: Int? { return nil }
     [0;36m|[0;0m     `- [1;33mwarning: [1;39m'public' modifier is redundant for property declared in a public extension[0;0m
 [0;36m124 |[0;0m }
 [0;36m125 |[0;0m 

/private/tmp/board1-rc15-work-final/wt_IOS-R10-no-dispatch/ios/Packages/GodstoneFoundation/Sources/GodstoneMesh/BleTransport.swift:550:9: [1;33mwarning: [1;39mstored property 'timer' of 'Sendable'-conforming struct 'TimerLease' has non-Sendable type 'Timer'; this is an error in the Swift 6 language mode[0;0m
 [0;36m548 |[0;0m     public let deadlineUptimeMillis: UInt64
 [0;36m549 |[0;0m     public let handle: TimerKey
 [0;36m550 |[0;0m     let timer: Timer
     [0;36m|[0;0m         `- [1;33mwarning: [1;39mstored property 'timer' of 'Sendable'-conforming struct 'TimerLease' has non-Sendable type 'Timer'; this is an error in the Swift 6 language mode[0;0m
 [0;36m551 |[0;0m     let context: ManagerContext?
 [0;36m552 |[0;0m 

/Applications/Xcode.app/Contents/Developer/Platforms/MacOSX.platform/Developer/SDKs/MacOSX27.0.sdk/System/Library/Frameworks/Foundation.framework/Headers/NSTimer.h:45:12: [1;39mnote: [1;39mclass 'Timer' does not conform to the 'Sendable' protocol[0;0m
 [0;36m43 |[0;0m ///
 [0;36m44 |[0;0m /// Do not subclass ``Timer``.
 [0;36m45 |[0;0m @interface NSTimer : NSObject
    [0;36m|[0;0m            `- [1;39mnote: [1;39mclass 'Timer' does not conform to the 'Sendable' protocol[0;0m
 [0;36m46 |[0;0m 
 [0;36m47 |[0;0m /// Initializes a timer object with the specified invocation object.

/private/tmp/board1-rc15-work-final/wt_IOS-R10-no-dispatch/ios/Packages/GodstoneFoundation/Sources/GodstoneMesh/BleTransport.swift:2013:28: [1;33mwarning: [1;39mresult of call to 'rewindInFlight' is unused[0;0m [#]8;;https://docs.swift.org/compiler/documentation/diagnostics/no-usage\NoUsage]8;;\]
[0;36m2011 |[0;0m                       p.canSendWriteWithoutResponse,
[0;36m2012 |[0;0m                       let ch = inboxCharacteristics[peerId] else {
[0;36m2013 |[0;0m                     writer.rewindInFlight(operation)
     [0;36m|[0;0m                            `- [1;33mwarning: [1;39mresult of call to 'rewindInFlight' is unused[0;0m [#]8;;https://docs.swift.org/compiler/documentation/diagnostics/no-usage\NoUsage]8;;\]
[0;36m2014 |[0;0m                     return true
[0;36m2015 |[0;0m                 }

/private/tmp/board1-rc15-work-final/wt_IOS-R10-no-dispatch/ios/Packages/GodstoneFoundation/Sources/GodstoneMesh/BleTransport.swift:2033:24: [1;33mwarning: [1;39mresult of call to 'completed' is unused[0;0m [#]8;;https://docs.swift.org/compiler/documentation/diagnostics/no-usage\NoUsage]8;;\]
[0;36m2031 |[0;0m                 // claimed of the remote.
[0;36m2032 |[0;0m                 p.writeValue(bytes, for: ch, type: .withoutResponse)
[0;36m2033 |[0;0m                 writer.completed(operation)
     [0;36m|[0;0m                        `- [1;33mwarning: [1;39mresult of call to 'completed' is unused[0;0m [#]8;;https://docs.swift.org/compiler/documentation/diagnostics/no-usage\NoUsage]8;;\]
[0;36m2034 |[0;0m             } else {
[0;36m2035 |[0;0m                 if activeManagerContext?.isQuarantined(peerId) == true {

/private/tmp/board1-rc15-work-final/wt_IOS-R10-no-dispatch/ios/Packages/GodstoneFoundation/Sources/GodstoneMesh/BleTransport.swift:2039:28: [1;33mwarning: [1;39mresult of call to 'rewindInFlight' is unused[0;0m [#]8;;https://docs.swift.org/compiler/documentation/diagnostics/no-usage\NoUsage]8;;\]
[0;36m2037 |[0;0m                     // the value keeps its place until the drop comes by the
[0;36m2038 |[0;0m                     // paths that are entitled to make it.
[0;36m2039 |[0;0m                     writer.rewindInFlight(operation)
     [0;36m|[0;0m                            `- [1;33mwarning: [1;39mresult of call to 'rewindInFlight' is unused[0;0m [#]8;;https://docs.swift.org/compiler/documentation/diagnostics/no-usage\NoUsage]8;;\]
[0;36m2040 |[0;0m                     return true
[0;36m2041 |[0;0m                 }

/private/tmp/board1-rc15-work-final/wt_IOS-R10-no-dispatch/ios/Packages/GodstoneFoundation/Sources/GodstoneMesh/BleTransport.swift:2049:28: [1;33mwarning: [1;39mresult of call to 'rewindInFlight' is unused[0;0m [#]8;;https://docs.swift.org/compiler/documentation/diagnostics/no-usage\NoUsage]8;;\]
[0;36m2047 |[0;0m                       // property deliberately, and the object is THE SAME reference.
[0;36m2048 |[0;0m                       let peripheral = peripheral else {
[0;36m2049 |[0;0m                     writer.rewindInFlight(operation)
     [0;36m|[0;0m                            `- [1;33mwarning: [1;39mresult of call to 'rewindInFlight' is unused[0;0m [#]8;;https://docs.swift.org/compiler/documentation/diagnostics/no-usage\NoUsage]8;;\]
[0;36m2050 |[0;0m                     return true
[0;36m2051 |[0;0m                 }

/private/tmp/board1-rc15-work-final/wt_IOS-R10-no-dispatch/ios/Packages/GodstoneFoundation/Sources/GodstoneMesh/BleTransport.swift:2066:28: [1;33mwarning: [1;39mresult of call to 'completed' is unused[0;0m [#]8;;https://docs.swift.org/compiler/documentation/diagnostics/no-usage\NoUsage]8;;\]
[0;36m2064 |[0;0m                     via: ObjectIdentifier(centralObj), viaRetained: true))
[0;36m2065 |[0;0m                 if ok {
[0;36m2066 |[0;0m                     writer.completed(operation)
     [0;36m|[0;0m                            `- [1;33mwarning: [1;39mresult of call to 'completed' is unused[0;0m [#]8;;https://docs.swift.org/compiler/documentation/diagnostics/no-usage\NoUsage]8;;\]
[0;36m2067 |[0;0m                 } else {
[0;36m2068 |[0;0m                     // updateValue refused: the very same ciphertext fragment

/private/tmp/board1-rc15-work-final/wt_IOS-R10-no-dispatch/ios/Packages/GodstoneFoundation/Sources/GodstoneMesh/BleTransport.swift:2071:28: [1;33mwarning: [1;39mresult of call to 'rewindInFlight' is unused[0;0m [#]8;;https://docs.swift.org/compiler/documentation/diagnostics/no-usage\NoUsage]8;;\]
[0;36m2069 |[0;0m                     // keeps its place in the window, unaltered, for the next
[0;36m2070 |[0;0m                     // report of readiness. It is never resealed on the retry.
[0;36m2071 |[0;0m                     writer.rewindInFlight(operation)
     [0;36m|[0;0m                            `- [1;33mwarning: [1;39mresult of call to 'rewindInFlight' is unused[0;0m [#]8;;https://docs.swift.org/compiler/documentation/diagnostics/no-usage\NoUsage]8;;\]
[0;36m2072 |[0;0m                     return true
[0;36m2073 |[0;0m                 }

/private/tmp/board1-rc15-work-final/wt_IOS-R10-no-dispatch/ios/Packages/GodstoneFoundation/Sources/GodstoneMesh/BleTransport.swift:2283:19: [1;33mwarning: [1;39mvalue 'registry' was defined but never used; consider replacing with boolean test[0;0m [#]8;;https://docs.swift.org/compiler/documentation/diagnostics/no-usage\NoUsage]8;;\]
[0;36m2281 |[0;0m         let rememberedHint = inboundRemoteHints[centralId]
[0;36m2282 |[0;0m         unlockTransport()
[0;36m2283 |[0;0m         guard let registry else {
     [0;36m|[0;0m                   `- [1;33mwarning: [1;39mvalue 'registry' was defined but never used; consider replacing with boolean test[0;0m [#]8;;https://docs.swift.org/compiler/documentation/diagnostics/no-usage\NoUsage]8;;\]
[0;36m2284 |[0;0m             recordRejection(peerId: centralId, site: "hs.read.responder", reason: "no trusted session registry")
[0;36m2285 |[0;0m             return

/private/tmp/board1-rc15-work-final/wt_IOS-R10-no-dispatch/ios/Packages/GodstoneFoundation/Sources/GodstoneMesh/BleTransport.swift:2421:19: [1;33mwarning: [1;39mvalue 'registry' was defined but never used; consider replacing with boolean test[0;0m [#]8;;https://docs.swift.org/compiler/documentation/diagnostics/no-usage\NoUsage]8;;\]
[0;36m2419 |[0;0m         let conn = outboundCentralConnections[peerId]
[0;36m2420 |[0;0m         unlockTransport()
[0;36m2421 |[0;0m         guard let registry else {
     [0;36m|[0;0m                   `- [1;33mwarning: [1;39mvalue 'registry' was defined but never used; consider replacing with boolean test[0;0m [#]8;;https://docs.swift.org/compiler/documentation/diagnostics/no-usage\NoUsage]8;;\]
[0;36m2422 |[0;0m             recordRejection(peerId: peerId, site: "hs.read.initiator", reason: "no trusted session registry")
[0;36m2423 |[0;0m             return

/private/tmp/board1-rc15-work-final/wt_IOS-R10-no-dispatch/ios/Packages/GodstoneFoundation/Sources/GodstoneMesh/BleTransport.swift:2599:19: [1;33mwarning: [1;39mvalue 'registry' was defined but never used; consider replacing with boolean test[0;0m [#]8;;https://docs.swift.org/compiler/documentation/diagnostics/no-usage\NoUsage]8;;\]
[0;36m2597 |[0;0m         let conn = outboundCentralConnections[peerId]
[0;36m2598 |[0;0m         unlockTransport()
[0;36m2599 |[0;0m         guard let registry else {
     [0;36m|[0;0m                   `- [1;33mwarning: [1;39mvalue 'registry' was defined but never used; consider replacing with boolean test[0;0m [#]8;;https://docs.swift.org/compiler/documentation/diagnostics/no-usage\NoUsage]8;;\]
[0;36m2600 |[0;0m             recordRejection(peerId: peerId, site: "hs.begin", reason: "no trusted session registry")
[0;36m2601 |[0;0m             return .rejected("no trusted session registry")

/private/tmp/board1-rc15-work-final/wt_IOS-R10-no-dispatch/ios/Packages/GodstoneFoundation/Sources/GodstoneMesh/BleTransport.swift:3018:16: [1;33mwarning: [1;39m'init(bytes:)' is deprecated: use `init(_:)` instead[0;0m [#]8;;https://docs.swift.org/compiler/documentation/diagnostics/deprecated-declaration\DeprecatedDeclaration]8;;\]
[0;36m3016 |[0;0m     private static func peerOctets(_ peerId: UUID) -> Data {
[0;36m3017 |[0;0m         var uuid = peerId.uuid
[0;36m3018 |[0;0m         return Data(bytes: [
     [0;36m|[0;0m                `- [1;33mwarning: [1;39m'init(bytes:)' is deprecated: use `init(_:)` instead[0;0m [#]8;;https://docs.swift.org/compiler/documentation/diagnostics/deprecated-declaration\DeprecatedDeclaration]8;;\]
[0;36m3019 |[0;0m             UInt8(uuid.0), UInt8(uuid.1), UInt8(uuid.2), UInt8(uuid.3),
[0;36m3020 |[0;0m             UInt8(uuid.4), UInt8(uuid.5), UInt8(uuid.6), UInt8(uuid.7),

/private/tmp/board1-rc15-work-final/wt_IOS-R10-no-dispatch/ios/Packages/GodstoneFoundation/Sources/GodstoneMesh/BleTransport.swift:3017:13: [1;33mwarning: [1;39mvariable 'uuid' was never mutated; consider changing to 'let' constant[0;0m [#]8;;https://docs.swift.org/compiler/documentation/diagnostics/variable-never-mutated\VariableNeverMutated]8;;\]
[0;36m3015 |[0;0m     /// The octets of a relations peer, as a dispatch record keepeth them.
[0;36m3016 |[0;0m     private static func peerOctets(_ peerId: UUID) -> Data {
[0;36m3017 |[0;0m         var uuid = peerId.uuid
     [0;36m|[0;0m             `- [1;33mwarning: [1;39mvariable 'uuid' was never mutated; consider changing to 'let' constant[0;0m [#]8;;https://docs.swift.org/compiler/documentation/diagnostics/variable-never-mutated\VariableNeverMutated]8;;\]
[0;36m3018 |[0;0m         return Data(bytes: [
[0;36m3019 |[0;0m             UInt8(uuid.0), UInt8(uuid.1), UInt8(uuid.2), UInt8(uuid.3),

/private/tmp/board1-rc15-work-final/wt_IOS-R10-no-dispatch/ios/Packages/GodstoneFoundation/Sources/GodstoneMesh/BleTransport.swift:3855:17: [1;33mwarning: [1;39mresult of call to 'publishRelation' is unused[0;0m [#]8;;https://docs.swift.org/compiler/documentation/diagnostics/no-usage\NoUsage]8;;\]
[0;36m3853 |[0;0m                 let mayBegin = outboundCentralConnections[peerId]?.state == .roleBound
[0;36m3854 |[0;0m                 unlockTransport()
[0;36m3855 |[0;0m                 publishRelation(delegate.relationKey)
     [0;36m|[0;0m                 `- [1;33mwarning: [1;39mresult of call to 'publishRelation' is unused[0;0m [#]8;;https://docs.swift.org/compiler/documentation/diagnostics/no-usage\NoUsage]8;;\]
[0;36m3856 |[0;0m                 if mayBegin, let relationHint = relationHint {
[0;36m3857 |[0;0m                     _ = beginTrustedHandshake(peerId: peerId, remoteHint: relationHint)

/private/tmp/board1-rc15-work-final/wt_IOS-R10-no-dispatch/ios/Packages/GodstoneFoundation/Sources/GodstoneMesh/BleTransport.swift:4043:17: [1;33mwarning: [1;39mresult of call to 'publishRelation' is unused[0;0m [#]8;;https://docs.swift.org/compiler/documentation/diagnostics/no-usage\NoUsage]8;;\]
[0;36m4041 |[0;0m             unlockTransport()
[0;36m4042 |[0;0m             if case .acceptWriteAndDuplexReady = action {
[0;36m4043 |[0;0m                 publishRelation(key)
     [0;36m|[0;0m                 `- [1;33mwarning: [1;39mresult of call to 'publishRelation' is unused[0;0m [#]8;;https://docs.swift.org/compiler/documentation/diagnostics/no-usage\NoUsage]8;;\]
[0;36m4044 |[0;0m             }
[0;36m4045 |[0;0m         case .acceptDuplicateWrite:

/private/tmp/board1-rc15-work-final/wt_IOS-R10-no-dispatch/ios/Packages/GodstoneFoundation/Sources/GodstoneMesh/BleTransport.swift:4135:17: [1;33mwarning: [1;39mresult of call to 'publishRelation' is unused[0;0m [#]8;;https://docs.swift.org/compiler/documentation/diagnostics/no-usage\NoUsage]8;;\]
[0;36m4133 |[0;0m             unlockTransport()
[0;36m4134 |[0;0m             if case .acceptSubscriptionAndDuplexReady = action {
[0;36m4135 |[0;0m                 publishRelation(key)
     [0;36m|[0;0m                 `- [1;33mwarning: [1;39mresult of call to 'publishRelation' is unused[0;0m [#]8;;https://docs.swift.org/compiler/documentation/diagnostics/no-usage\NoUsage]8;;\]
[0;36m4136 |[0;0m             }
[0;36m4137 |[0;0m         default:

/private/tmp/board1-rc15-work-final/wt_IOS-R10-no-dispatch/ios/Packages/GodstoneFoundation/Sources/GodstoneMesh/BleTransport.swift:4927:19: [1;33mwarning: [1;39mvalue 'inboxChar' was defined but never used; consider replacing with boolean test[0;0m [#]8;;https://docs.swift.org/compiler/documentation/diagnostics/no-usage\NoUsage]8;;\]
[0;36m4925 |[0;0m             return
[0;36m4926 |[0;0m         }
[0;36m4927 |[0;0m         guard let inboxChar = mutableInboxCharacteristic else {
     [0;36m|[0;0m                   `- [1;33mwarning: [1;39mvalue 'inboxChar' was defined but never used; consider replacing with boolean test[0;0m [#]8;;https://docs.swift.org/compiler/documentation/diagnostics/no-usage\NoUsage]8;;\]
[0;36m4928 |[0;0m             unlockTransport()
[0;36m4929 |[0;0m             return

/private/tmp/board1-rc15-work-final/wt_IOS-R10-no-dispatch/ios/Packages/GodstoneFoundation/Sources/GodstoneMesh/BoundRecipientKeyResolver.swift:11:1: [1;33mwarning: [1;39mconformance to 'Sendable' must occur in the same source file as class 'PeerIdentityRepository'; use '@unchecked Sendable' for retroactive conformance; this is an error in the Swift 6 language mode[0;0m
 [0;36m9 |[0;0m }
[0;36m10 |[0;0m 
[0;36m11 |[0;0m extension PeerIdentityRepository: PeerIdentityLookupSource {}
   [0;36m|[0;0m `- [1;33mwarning: [1;39mconformance to 'Sendable' must occur in the same source file as class 'PeerIdentityRepository'; use '@unchecked Sendable' for retroactive conformance; this is an error in the Swift 6 language mode[0;0m
[0;36m12 |[0;0m 
[0;36m13 |[0;0m /// Read-only durable peer-identity -> ACK signing-key resolver (ADR-003, Phase C8.3).

/private/tmp/board1-rc15-work-final/wt_IOS-R10-no-dispatch/ios/Packages/GodstoneFoundation/Sources/GodstoneMesh/PeerIdentityRepository.swift:114:17: [1;33mwarning: [1;39mstored property 'store' of 'Sendable'-conforming class 'PeerIdentityRepository' has non-Sendable type 'any PeerIdentityStore'; this is an error in the Swift 6 language mode[0;0m
[0;36m112 |[0;0m /// and post-mutation readback verification (ADR-003, Phase C8.2B).
[0;36m113 |[0;0m internal final class PeerIdentityRepository {
[0;36m114 |[0;0m     private let store: PeerIdentityStore
    [0;36m|[0;0m                 `- [1;33mwarning: [1;39mstored property 'store' of 'Sendable'-conforming class 'PeerIdentityRepository' has non-Sendable type 'any PeerIdentityStore'; this is an error in the Swift 6 language mode[0;0m
[0;36m115 |[0;0m 
[0;36m116 |[0;0m     init(store: PeerIdentityStore) {

/private/tmp/board1-rc15-work-final/wt_IOS-R10-no-dispatch/ios/Packages/GodstoneFoundation/Sources/GodstoneMesh/PeerIdentityStore.swift:223:19: [1;39mnote: [1;39mprotocol 'PeerIdentityStore' does not conform to the 'Sendable' protocol[0;0m
 [0;36m221 |[0;0m 
 [0;36m222 |[0;0m /// Storage protocol for peer identity repository backend (ADR-003, Phase C8.2B).
 [0;36m223 |[0;0m internal protocol PeerIdentityStore: AnyObject {
     [0;36m|[0;0m                   `- [1;39mnote: [1;39mprotocol 'PeerIdentityStore' does not conform to the 'Sendable' protocol[0;0m
 [0;36m224 |[0;0m     func inImmediateTransaction<T>(_ block: (PeerIdentityStore) throws -> T) throws -> T
 [0;36m225 |[0;0m 

/private/tmp/board1-rc15-work-final/wt_IOS-R10-no-dispatch/ios/Packages/GodstoneFoundation/Sources/GodstoneMesh/ComposedRuntime.swift:460:28: [1;33mwarning: [1;39mno calls to throwing functions occur within 'try' expression[0;0m [#]8;;https://docs.swift.org/compiler/documentation/diagnostics/unnecessary-effect-marker\UnnecessaryEffectMarker]8;;\]
 [0;36m458 |[0;0m                     let durableFault: ((String, OpaquePointer?) throws -> Void)? =
 [0;36m459 |[0;0m                         (fault == nil) ? nil : { site, _ in try fault!(site) }
 [0;36m460 |[0;0m                     return try durableStore.commitInboundWithObligationAtWithFault(
     [0;36m|[0;0m                            `- [1;33mwarning: [1;39mno calls to throwing functions occur within 'try' expression[0;0m [#]8;;https://docs.swift.org/compiler/documentation/diagnostics/unnecessary-effect-marker\UnnecessaryEffectMarker]8;;\]
 [0;36m461 |[0;0m                         frame, receivedFrom: receivedFrom, localRecipientNodeId: localRecipient,
 [0;36m462 |[0;0m                         identityGeneration: generation, obligationLifetimeMs: lifetime,

/private/tmp/board1-rc15-work-final/wt_IOS-R10-no-dispatch/ios/Packages/GodstoneFoundation/Sources/GodstoneMesh/ComposedRuntime.swift:465:28: [1;33mwarning: [1;39mno calls to throwing functions occur within 'try' expression[0;0m [#]8;;https://docs.swift.org/compiler/documentation/diagnostics/unnecessary-effect-marker\UnnecessaryEffectMarker]8;;\]
 [0;36m463 |[0;0m                         receivedAt: receivedAt, fault: durableFault)
 [0;36m464 |[0;0m                 } else {
 [0;36m465 |[0;0m                     return try store.commitInboundWithObligationAtWithFault(
     [0;36m|[0;0m                            `- [1;33mwarning: [1;39mno calls to throwing functions occur within 'try' expression[0;0m [#]8;;https://docs.swift.org/compiler/documentation/diagnostics/unnecessary-effect-marker\UnnecessaryEffectMarker]8;;\]
 [0;36m466 |[0;0m                         frame, receivedFrom: receivedFrom, localRecipientNodeId: localRecipient,
 [0;36m467 |[0;0m                         identityGeneration: generation, obligationLifetimeMs: lifetime,

/private/tmp/board1-rc15-work-final/wt_IOS-R10-no-dispatch/ios/Packages/GodstoneFoundation/Sources/GodstoneMesh/CrashResumableWipe.swift:673:21: [1;33mwarning: [1;39mvariable 'inventory' was never mutated; consider changing to 'let' constant[0;0m [#]8;;https://docs.swift.org/compiler/documentation/diagnostics/variable-never-mutated\VariableNeverMutated]8;;\]
[0;36m671 |[0;0m                 // which is the honest reason a wipe stalls rather than a silent success against a file it never
[0;36m672 |[0;0m                 // addressed.*
[0;36m673 |[0;0m                 var inventory = estateArtifacts.isEmpty
    [0;36m|[0;0m                     `- [1;33mwarning: [1;39mvariable 'inventory' was never mutated; consider changing to 'let' constant[0;0m [#]8;;https://docs.swift.org/compiler/documentation/diagnostics/variable-never-mutated\VariableNeverMutated]8;;\]
[0;36m674 |[0;0m                     ? WipeScope.filterPrivatePaths(WipeScope.privateArtifacts)
[0;36m675 |[0;0m                     : estateArtifacts

[#AddPreconcurrencyImport]: <https://docs.swift.org/compiler/documentation/diagnostics/add-preconcurrency-import>
[#DeprecatedDeclaration]: <https://docs.swift.org/compiler/documentation/diagnostics/deprecated-declaration>
[#NoUsage]: <https://docs.swift.org/compiler/documentation/diagnostics/no-usage>
[#UnnecessaryEffectMarker]: <https://docs.swift.org/compiler/documentation/diagnostics/unnecessary-effect-marker>
[#VariableNeverMutated]: <https://docs.swift.org/compiler/documentation/diagnostics/variable-never-mutated>
/private/tmp/board1-rc15-work-final/wt_IOS-R10-no-dispatch/ios/Packages/GodstoneFoundation/Sources/GodstoneMesh/MessageStore.swift:66:10: [1;33mwarning: [1;39massociated value 'created' of 'Sendable'-conforming enum 'OutboundEnqueueResult' has non-Sendable type 'FrameV2'; this is an error in the Swift 6 language mode[0;0m
  [0;36m64 |[0;0m public enum OutboundEnqueueResult: Sendable, Equatable {
  [0;36m65 |[0;0m     /// A new DIRECT message was atomically persisted in held_frames and delivery_state (QUEUED_DURABLY).
  [0;36m66 |[0;0m     case created(FrameV2)
     [0;36m|[0;0m          `- [1;33mwarning: [1;39massociated value 'created' of 'Sendable'-conforming enum 'OutboundEnqueueResult' has non-Sendable type 'FrameV2'; this is an error in the Swift 6 language mode[0;0m
  [0;36m67 |[0;0m     /// An idempotent retry of the SAME logical message with matching SINGLE_RECIPIENT binding and exact canonical frame.
  [0;36m68 |[0;0m     case alreadyQueuedSameBinding(FrameV2)

/private/tmp/board1-rc15-work-final/wt_IOS-R10-no-dispatch/ios/Packages/GodstoneFoundation/Sources/GodstoneMesh/WireV2.swift:7:15: [1;39mnote: [1;39mconsider making struct 'FrameV2' conform to the 'Sendable' protocol[0;0m
  [0;36m5 |[0;0m 
  [0;36m6 |[0;0m /// GMP/2 frame. Header is 32 bytes, big-endian.
  [0;36m7 |[0;0m public struct FrameV2: Equatable {
    [0;36m|[0;0m               `- [1;39mnote: [1;39mconsider making struct 'FrameV2' conform to the 'Sendable' protocol[0;0m
  [0;36m8 |[0;0m     public static let magic: UInt16 = 0x4753
  [0;36m9 |[0;0m     public static let version: UInt8 = 0x02

/private/tmp/board1-rc15-work-final/wt_IOS-R10-no-dispatch/ios/Packages/GodstoneFoundation/Sources/GodstoneMesh/MessageStore.swift:68:10: [1;33mwarning: [1;39massociated value 'alreadyQueuedSameBinding' of 'Sendable'-conforming enum 'OutboundEnqueueResult' has non-Sendable type 'FrameV2'; this is an error in the Swift 6 language mode[0;0m
  [0;36m66 |[0;0m     case created(FrameV2)
  [0;36m67 |[0;0m     /// An idempotent retry of the SAME logical message with matching SINGLE_RECIPIENT binding and exact canonical frame.
  [0;36m68 |[0;0m     case alreadyQueuedSameBinding(FrameV2)
     [0;36m|[0;0m          `- [1;33mwarning: [1;39massociated value 'alreadyQueuedSameBinding' of 'Sendable'-conforming enum 'OutboundEnqueueResult' has non-Sendable type 'FrameV2'; this is an error in the Swift 6 language mode[0;0m
  [0;36m69 |[0;0m     /// A held frame exists with matching msg_id but its fields/content differ from requested frame.
  [0;36m70 |[0;0m     case canonicalFrameMismatch

/private/tmp/board1-rc15-work-final/wt_IOS-R10-no-dispatch/ios/Packages/GodstoneFoundation/Sources/GodstoneMesh/WireV2.swift:7:15: [1;39mnote: [1;39mconsider making struct 'FrameV2' conform to the 'Sendable' protocol[0;0m
  [0;36m5 |[0;0m 
  [0;36m6 |[0;0m /// GMP/2 frame. Header is 32 bytes, big-endian.
  [0;36m7 |[0;0m public struct FrameV2: Equatable {
    [0;36m|[0;0m               `- [1;39mnote: [1;39mconsider making struct 'FrameV2' conform to the 'Sendable' protocol[0;0m
  [0;36m8 |[0;0m     public static let magic: UInt16 = 0x4753
  [0;36m9 |[0;0m     public static let version: UInt8 = 0x02

/private/tmp/board1-rc15-work-final/wt_IOS-R10-no-dispatch/ios/Packages/GodstoneFoundation/Sources/GodstoneMesh/MessageStore.swift:633:69: [1;33mwarning: [1;39mstring interpolation produces a debug description for an optional value; did you mean to make this explicit?[0;0m
 [0;36m631 |[0;0m             if f.columns != o.columns { return "COLUMNS of \(f.name): frozen=\(f.columns) observed=\(o.columns)" }
 [0;36m632 |[0;0m             if f.immutableColumns != o.immutableColumns { return "IMMUTABLE DOMAIN of \(f.name)" }
 [0;36m633 |[0;0m             if f.ddl != o.ddl { return "DDL of \(f.name): frozen=[\([4;39mf.ddl[0;0m)] observed=[\(o.ddl)]" }
     [0;36m|[0;0m                                                                     | |- [1;39mnote: [1;39mprovide a default value to avoid this warning[0;0m
     [0;36m|[0;0m                                                                     | `- [1;39mnote: [1;39muse 'String(describing:)' to silence this warning[0;0m
     [0;36m|[0;0m                                                                     `- [1;33mwarning: [1;39mstring interpolation produces a debug description for an optional value; did you mean to make this explicit?[0;0m
 [0;36m634 |[0;0m         }
 [0;36m635 |[0;0m         return "no difference found by inspection (ordering?)"

/private/tmp/board1-rc15-work-final/wt_IOS-R10-no-dispatch/ios/Packages/GodstoneFoundation/Sources/GodstoneMesh/MessageStore.swift:633:89: [1;33mwarning: [1;39mstring interpolation produces a debug description for an optional value; did you mean to make this explicit?[0;0m
 [0;36m631 |[0;0m             if f.columns != o.columns { return "COLUMNS of \(f.name): frozen=\(f.columns) observed=\(o.columns)" }
 [0;36m632 |[0;0m             if f.immutableColumns != o.immutableColumns { return "IMMUTABLE DOMAIN of \(f.name)" }
 [0;36m633 |[0;0m             if f.ddl != o.ddl { return "DDL of \(f.name): frozen=[\(f.ddl)] observed=[\([4;39mo.ddl[0;0m)]" }
     [0;36m|[0;0m                                                                                         | |- [1;39mnote: [1;39mprovide a default value to avoid this warning[0;0m
     [0;36m|[0;0m                                                                                         | `- [1;39mnote: [1;39muse 'String(describing:)' to silence this warning[0;0m
     [0;36m|[0;0m                                                                                         `- [1;33mwarning: [1;39mstring interpolation produces a debug description for an optional value; did you mean to make this explicit?[0;0m
 [0;36m634 |[0;0m         }
 [0;36m635 |[0;0m         return "no difference found by inspection (ordering?)"

/private/tmp/board1-rc15-work-final/wt_IOS-R10-no-dispatch/ios/Packages/GodstoneFoundation/Sources/GodstoneMesh/MessageStore.swift:1154:16: [1;33mwarning: [1;39mresult of call to function returning 'Int32' is unused[0;0m [#]8;;https://docs.swift.org/compiler/documentation/diagnostics/no-usage\NoUsage]8;;\]
[0;36m1152 |[0;0m         let flags = SQLITE_OPEN_READWRITE | SQLITE_OPEN_CREATE | SQLITE_OPEN_FULLMUTEX
[0;36m1153 |[0;0m         guard fn.openV2(path, &db, flags, nil) == SQLITE_OK else {
[0;36m1154 |[0;0m             fn.closeV2(db)
     [0;36m|[0;0m                `- [1;33mwarning: [1;39mresult of call to function returning 'Int32' is unused[0;0m [#]8;;https://docs.swift.org/compiler/documentation/diagnostics/no-usage\NoUsage]8;;\]
[0;36m1155 |[0;0m             openOutcome = .failed(.cannotOpenDatabase)
[0;36m1156 |[0;0m             return

/private/tmp/board1-rc15-work-final/wt_IOS-R10-no-dispatch/ios/Packages/GodstoneFoundation/Sources/GodstoneMesh/MessageStore.swift:1181:16: [1;33mwarning: [1;39mresult of call to function returning 'Int32' is unused[0;0m [#]8;;https://docs.swift.org/compiler/documentation/diagnostics/no-usage\NoUsage]8;;\]
[0;36m1179 |[0;0m             try runMigrations(db)
[0;36m1180 |[0;0m         } catch {
[0;36m1181 |[0;0m             fn.closeV2(db)
     [0;36m|[0;0m                `- [1;33mwarning: [1;39mresult of call to function returning 'Int32' is unused[0;0m [#]8;;https://docs.swift.org/compiler/documentation/diagnostics/no-usage\NoUsage]8;;\]
[0;36m1182 |[0;0m             handle = nil
[0;36m1183 |[0;0m             openOutcome = .failed(.schemaMigrationFailed)

/private/tmp/board1-rc15-work-final/wt_IOS-R10-no-dispatch/ios/Packages/GodstoneFoundation/Sources/GodstoneMesh/MessageStore.swift:1211:49: [1;33mwarning: [1;39mresult of call to function returning 'Int32' is unused[0;0m [#]8;;https://docs.swift.org/compiler/documentation/diagnostics/no-usage\NoUsage]8;;\]
[0;36m1209 |[0;0m     // hold the last reference to the provider image (SQLITE-REVIEW-1).
[0;36m1210 |[0;0m     deinit {
[0;36m1211 |[0;0m         if ownsConnection, let db = handle { fn.closeV2(db) }
     [0;36m|[0;0m                                                 `- [1;33mwarning: [1;39mresult of call to function returning 'Int32' is unused[0;0m [#]8;;https://docs.swift.org/compiler/documentation/diagnostics/no-usage\NoUsage]8;;\]
[0;36m1212 |[0;0m         releaseAdoptedLease()
[0;36m1213 |[0;0m         owner = nil

/private/tmp/board1-rc15-work-final/wt_IOS-R10-no-dispatch/ios/Packages/GodstoneFoundation/Sources/GodstoneMesh/MessageStore.swift:1243:16: [1;33mwarning: [1;39mresult of call to function returning 'Int32' is unused[0;0m [#]8;;https://docs.swift.org/compiler/documentation/diagnostics/no-usage\NoUsage]8;;\]
[0;36m1241 |[0;0m         }
[0;36m1242 |[0;0m         if let db = handle {
[0;36m1243 |[0;0m             fn.closeV2(db)
     [0;36m|[0;0m                `- [1;33mwarning: [1;39mresult of call to function returning 'Int32' is unused[0;0m [#]8;;https://docs.swift.org/compiler/documentation/diagnostics/no-usage\NoUsage]8;;\]
[0;36m1244 |[0;0m             handle = nil
[0;36m1245 |[0;0m         }

/private/tmp/board1-rc15-work-final/wt_IOS-R10-no-dispatch/ios/Packages/GodstoneFoundation/Sources/GodstoneMesh/MessageStore.swift:1407:20: [1;33mwarning: [1;39mresult of call to function returning 'Int32' is unused[0;0m [#]8;;https://docs.swift.org/compiler/documentation/diagnostics/no-usage\NoUsage]8;;\]
[0;36m1405 |[0;0m             var stmt: OpaquePointer?
[0;36m1406 |[0;0m             guard fn.prepareV2(db, sql, -1, &stmt, nil) == SQLITE_OK else {
[0;36m1407 |[0;0m                 fn.finalize(stmt); return false
     [0;36m|[0;0m                    `- [1;33mwarning: [1;39mresult of call to function returning 'Int32' is unused[0;0m [#]8;;https://docs.swift.org/compiler/documentation/diagnostics/no-usage\NoUsage]8;;\]
[0;36m1408 |[0;0m             }
[0;36m1409 |[0;0m             defer { fn.finalize(stmt) }

/private/tmp/board1-rc15-work-final/wt_IOS-R10-no-dispatch/ios/Packages/GodstoneFoundation/Sources/GodstoneMesh/MessageStore.swift:1409:24: [1;33mwarning: [1;39mresult of call to function returning 'Int32' is unused[0;0m [#]8;;https://docs.swift.org/compiler/documentation/diagnostics/no-usage\NoUsage]8;;\]
[0;36m1407 |[0;0m                 fn.finalize(stmt); return false
[0;36m1408 |[0;0m             }
[0;36m1409 |[0;0m             defer { fn.finalize(stmt) }
     [0;36m|[0;0m                        `- [1;33mwarning: [1;39mresult of call to function returning 'Int32' is unused[0;0m [#]8;;https://docs.swift.org/compiler/documentation/diagnostics/no-usage\NoUsage]8;;\]
[0;36m1410 |[0;0m             let blob = msgId as NSData
[0;36m1411 |[0;0m             guard fn.bindBlob(stmt, 1, blob.bytes, Int32(blob.length), nil) == SQLITE_OK else { return false }

/private/tmp/board1-rc15-work-final/wt_IOS-R10-no-dispatch/ios/Packages/GodstoneFoundation/Sources/GodstoneMesh/MessageStore.swift:1456:16: [1;33mwarning: [1;39mresult of call to function returning 'Int32' is unused[0;0m [#]8;;https://docs.swift.org/compiler/documentation/diagnostics/no-usage\NoUsage]8;;\]
[0;36m1454 |[0;0m         var stmt: OpaquePointer?
[0;36m1455 |[0;0m         guard fn.prepareV2(db, sql, -1, &stmt, nil) == SQLITE_OK else {
[0;36m1456 |[0;0m             fn.finalize(stmt); return false
     [0;36m|[0;0m                `- [1;33mwarning: [1;39mresult of call to function returning 'Int32' is unused[0;0m [#]8;;https://docs.swift.org/compiler/documentation/diagnostics/no-usage\NoUsage]8;;\]
[0;36m1457 |[0;0m         }
[0;36m1458 |[0;0m         defer { fn.finalize(stmt) }

/private/tmp/board1-rc15-work-final/wt_IOS-R10-no-dispatch/ios/Packages/GodstoneFoundation/Sources/GodstoneMesh/MessageStore.swift:1458:20: [1;33mwarning: [1;39mresult of call to function returning 'Int32' is unused[0;0m [#]8;;https://docs.swift.org/compiler/documentation/diagnostics/no-usage\NoUsage]8;;\]
[0;36m1456 |[0;0m             fn.finalize(stmt); return false
[0;36m1457 |[0;0m         }
[0;36m1458 |[0;0m         defer { fn.finalize(stmt) }
     [0;36m|[0;0m                    `- [1;33mwarning: [1;39mresult of call to function returning 'Int32' is unused[0;0m [#]8;;https://docs.swift.org/compiler/documentation/diagnostics/no-usage\NoUsage]8;;\]
[0;36m1459 |[0;0m         fn.bindInt64(stmt, 1, Int64(next.remainingMs))
[0;36m1460 |[0;0m         fn.bindInt64(stmt, 2, Int64(next.checkpointMonotonicMs))

/private/tmp/board1-rc15-work-final/wt_IOS-R10-no-dispatch/ios/Packages/GodstoneFoundation/Sources/GodstoneMesh/MessageStore.swift:1459:12: [1;33mwarning: [1;39mresult of call to function returning 'Int32' is unused[0;0m [#]8;;https://docs.swift.org/compiler/documentation/diagnostics/no-usage\NoUsage]8;;\]
[0;36m1457 |[0;0m         }
[0;36m1458 |[0;0m         defer { fn.finalize(stmt) }
[0;36m1459 |[0;0m         fn.bindInt64(stmt, 1, Int64(next.remainingMs))
     [0;36m|[0;0m            `- [1;33mwarning: [1;39mresult of call to function returning 'Int32' is unused[0;0m [#]8;;https://docs.swift.org/compiler/documentation/diagnostics/no-usage\NoUsage]8;;\]
[0;36m1460 |[0;0m         fn.bindInt64(stmt, 2, Int64(next.checkpointMonotonicMs))
[0;36m1461 |[0;0m         fn.bindInt64(stmt, 3, Int64(next.discontinuityCount))

/private/tmp/board1-rc15-work-final/wt_IOS-R10-no-dispatch/ios/Packages/GodstoneFoundation/Sources/GodstoneMesh/MessageStore.swift:1460:12: [1;33mwarning: [1;39mresult of call to function returning 'Int32' is unused[0;0m [#]8;;https://docs.swift.org/compiler/documentation/diagnostics/no-usage\NoUsage]8;;\]
[0;36m1458 |[0;0m         defer { fn.finalize(stmt) }
[0;36m1459 |[0;0m         fn.bindInt64(stmt, 1, Int64(next.remainingMs))
[0;36m1460 |[0;0m         fn.bindInt64(stmt, 2, Int64(next.checkpointMonotonicMs))
     [0;36m|[0;0m            `- [1;33mwarning: [1;39mresult of call to function returning 'Int32' is unused[0;0m [#]8;;https://docs.swift.org/compiler/documentation/diagnostics/no-usage\NoUsage]8;;\]
[0;36m1461 |[0;0m         fn.bindInt64(stmt, 3, Int64(next.discontinuityCount))
[0;36m1462 |[0;0m         fn.bindText(stmt, 4, next.bootIdentity, -1, storeSqliteTransient)

/private/tmp/board1-rc15-work-final/wt_IOS-R10-no-dispatch/ios/Packages/GodstoneFoundation/Sources/GodstoneMesh/MessageStore.swift:1461:12: [1;33mwarning: [1;39mresult of call to function returning 'Int32' is unused[0;0m [#]8;;https://docs.swift.org/compiler/documentation/diagnostics/no-usage\NoUsage]8;;\]
[0;36m1459 |[0;0m         fn.bindInt64(stmt, 1, Int64(next.remainingMs))
[0;36m1460 |[0;0m         fn.bindInt64(stmt, 2, Int64(next.checkpointMonotonicMs))
[0;36m1461 |[0;0m         fn.bindInt64(stmt, 3, Int64(next.discontinuityCount))
     [0;36m|[0;0m            `- [1;33mwarning: [1;39mresult of call to function returning 'Int32' is unused[0;0m [#]8;;https://docs.swift.org/compiler/documentation/diagnostics/no-usage\NoUsage]8;;\]
[0;36m1462 |[0;0m         fn.bindText(stmt, 4, next.bootIdentity, -1, storeSqliteTransient)
[0;36m1463 |[0;0m         let blob = msgId as NSData

/private/tmp/board1-rc15-work-final/wt_IOS-R10-no-dispatch/ios/Packages/GodstoneFoundation/Sources/GodstoneMesh/MessageStore.swift:1462:12: [1;33mwarning: [1;39mresult of call to function returning 'Int32' is unused[0;0m [#]8;;https://docs.swift.org/compiler/documentation/diagnostics/no-usage\NoUsage]8;;\]
[0;36m1460 |[0;0m         fn.bindInt64(stmt, 2, Int64(next.checkpointMonotonicMs))
[0;36m1461 |[0;0m         fn.bindInt64(stmt, 3, Int64(next.discontinuityCount))
[0;36m1462 |[0;0m         fn.bindText(stmt, 4, next.bootIdentity, -1, storeSqliteTransient)
     [0;36m|[0;0m            `- [1;33mwarning: [1;39mresult of call to function returning 'Int32' is unused[0;0m [#]8;;https://docs.swift.org/compiler/documentation/diagnostics/no-usage\NoUsage]8;;\]
[0;36m1463 |[0;0m         let blob = msgId as NSData
[0;36m1464 |[0;0m         fn.bindBlob(stmt, 5, blob.bytes, Int32(blob.length), storeSqliteTransient)

/private/tmp/board1-rc15-work-final/wt_IOS-R10-no-dispatch/ios/Packages/GodstoneFoundation/Sources/GodstoneMesh/MessageStore.swift:1464:12: [1;33mwarning: [1;39mresult of call to function returning 'Int32' is unused[0;0m [#]8;;https://docs.swift.org/compiler/documentation/diagnostics/no-usage\NoUsage]8;;\]
[0;36m1462 |[0;0m         fn.bindText(stmt, 4, next.bootIdentity, -1, storeSqliteTransient)
[0;36m1463 |[0;0m         let blob = msgId as NSData
[0;36m1464 |[0;0m         fn.bindBlob(stmt, 5, blob.bytes, Int32(blob.length), storeSqliteTransient)
     [0;36m|[0;0m            `- [1;33mwarning: [1;39mresult of call to function returning 'Int32' is unused[0;0m [#]8;;https://docs.swift.org/compiler/documentation/diagnostics/no-usage\NoUsage]8;;\]
[0;36m1465 |[0;0m         return fn.step(stmt) == SQLITE_DONE
[0;36m1466 |[0;0m     }

/private/tmp/board1-rc15-work-final/wt_IOS-R10-no-dispatch/ios/Packages/GodstoneFoundation/Sources/GodstoneMesh/MessageStore.swift:1664:20: [1;33mwarning: [1;39mresult of call to function returning 'Int32' is unused[0;0m [#]8;;https://docs.swift.org/compiler/documentation/diagnostics/no-usage\NoUsage]8;;\]
[0;36m1662 |[0;0m             let prepareRC = fn.prepareV2(db, scan, -1, &stmt, nil)
[0;36m1663 |[0;0m             guard prepareRC == SQLITE_OK else {
[0;36m1664 |[0;0m                 fn.finalize(stmt)
     [0;36m|[0;0m                    `- [1;33mwarning: [1;39mresult of call to function returning 'Int32' is unused[0;0m [#]8;;https://docs.swift.org/compiler/documentation/diagnostics/no-usage\NoUsage]8;;\]
[0;36m1665 |[0;0m                 return sweepFault(.scanPrepareFailed(code: prepareRC), db: db, rolledBack: true)
[0;36m1666 |[0;0m             }

/private/tmp/board1-rc15-work-final/wt_IOS-R10-no-dispatch/ios/Packages/GodstoneFoundation/Sources/GodstoneMesh/MessageStore.swift:1667:24: [1;33mwarning: [1;39mresult of call to function returning 'Int32' is unused[0;0m [#]8;;https://docs.swift.org/compiler/documentation/diagnostics/no-usage\NoUsage]8;;\]
[0;36m1665 |[0;0m                 return sweepFault(.scanPrepareFailed(code: prepareRC), db: db, rolledBack: true)
[0;36m1666 |[0;0m             }
[0;36m1667 |[0;0m             defer { fn.finalize(stmt) }
     [0;36m|[0;0m                        `- [1;33mwarning: [1;39mresult of call to function returning 'Int32' is unused[0;0m [#]8;;https://docs.swift.org/compiler/documentation/diagnostics/no-usage\NoUsage]8;;\]
[0;36m1668 |[0;0m             let bindRC = fn.bindInt(stmt, 1, Int32(clamping: max(1, limit)))
[0;36m1669 |[0;0m             guard bindRC == SQLITE_OK else {

/private/tmp/board1-rc15-work-final/wt_IOS-R10-no-dispatch/ios/Packages/GodstoneFoundation/Sources/GodstoneMesh/MessageStore.swift:1723:35: [1;33mwarning: [1;39mresult of call to function returning 'Int32' is unused[0;0m [#]8;;https://docs.swift.org/compiler/documentation/diagnostics/no-usage\NoUsage]8;;\]
[0;36m1721 |[0;0m                 let prepDel = fn.prepareV2(db, del, -1, &d, nil)
[0;36m1722 |[0;0m                 guard prepDel == SQLITE_OK else {
[0;36m1723 |[0;0m                     if let d { fn.finalize(d) }
     [0;36m|[0;0m                                   `- [1;33mwarning: [1;39mresult of call to function returning 'Int32' is unused[0;0m [#]8;;https://docs.swift.org/compiler/documentation/diagnostics/no-usage\NoUsage]8;;\]
[0;36m1724 |[0;0m                     return sweepFault(.deletePrepareFailed(code: prepDel), db: db, rolledBack: true)
[0;36m1725 |[0;0m                 }

/private/tmp/board1-rc15-work-final/wt_IOS-R10-no-dispatch/ios/Packages/GodstoneFoundation/Sources/GodstoneMesh/MessageStore.swift:1728:24: [1;33mwarning: [1;39mresult of call to function returning 'Int32' is unused[0;0m [#]8;;https://docs.swift.org/compiler/documentation/diagnostics/no-usage\NoUsage]8;;\]
[0;36m1726 |[0;0m                 let bindDel = fn.bindBlob(d, 1, blob.bytes, Int32(id.count), storeSqliteTransient)
[0;36m1727 |[0;0m                 guard bindDel == SQLITE_OK else {
[0;36m1728 |[0;0m                     fn.finalize(d)
     [0;36m|[0;0m                        `- [1;33mwarning: [1;39mresult of call to function returning 'Int32' is unused[0;0m [#]8;;https://docs.swift.org/compiler/documentation/diagnostics/no-usage\NoUsage]8;;\]
[0;36m1729 |[0;0m                     return sweepFault(.deleteBindFailed(code: bindDel), db: db, rolledBack: true)
[0;36m1730 |[0;0m                 }

/private/tmp/board1-rc15-work-final/wt_IOS-R10-no-dispatch/ios/Packages/GodstoneFoundation/Sources/GodstoneMesh/MessageStore.swift:1732:20: [1;33mwarning: [1;39mresult of call to function returning 'Int32' is unused[0;0m [#]8;;https://docs.swift.org/compiler/documentation/diagnostics/no-usage\NoUsage]8;;\]
[0;36m1730 |[0;0m                 }
[0;36m1731 |[0;0m                 let stepDel = fn.step(d)
[0;36m1732 |[0;0m                 fn.finalize(d)                                     // <-- finalized on BOTH roads, before the verdict
     [0;36m|[0;0m                    `- [1;33mwarning: [1;39mresult of call to function returning 'Int32' is unused[0;0m [#]8;;https://docs.swift.org/compiler/documentation/diagnostics/no-usage\NoUsage]8;;\]
[0;36m1733 |[0;0m                 guard stepDel == SQLITE_DONE else {
[0;36m1734 |[0;0m                     return sweepFault(.deleteStepFailed(code: stepDel), db: db, rolledBack: true)

/private/tmp/board1-rc15-work-final/wt_IOS-R10-no-dispatch/ios/Packages/GodstoneFoundation/Sources/GodstoneMesh/MessageStore.swift:1746:36: [1;33mwarning: [1;39mresult of call to function returning 'Int32' is unused[0;0m [#]8;;https://docs.swift.org/compiler/documentation/diagnostics/no-usage\NoUsage]8;;\]
[0;36m1744 |[0;0m                 let prepTs = fn.prepareV2(db, ins, -1, &ts, nil)
[0;36m1745 |[0;0m                 guard prepTs == SQLITE_OK else {
[0;36m1746 |[0;0m                     if let ts { fn.finalize(ts) }
     [0;36m|[0;0m                                    `- [1;33mwarning: [1;39mresult of call to function returning 'Int32' is unused[0;0m [#]8;;https://docs.swift.org/compiler/documentation/diagnostics/no-usage\NoUsage]8;;\]
[0;36m1747 |[0;0m                     return sweepFault(.tombstonePrepareFailed(code: prepTs), db: db, rolledBack: true)
[0;36m1748 |[0;0m                 }

/private/tmp/board1-rc15-work-final/wt_IOS-R10-no-dispatch/ios/Packages/GodstoneFoundation/Sources/GodstoneMesh/MessageStore.swift:1753:24: [1;33mwarning: [1;39mresult of call to function returning 'Int32' is unused[0;0m [#]8;;https://docs.swift.org/compiler/documentation/diagnostics/no-usage\NoUsage]8;;\]
[0;36m1751 |[0;0m                 let bootBind = boot.withCString { fn.bindText(ts, 3, $0, -1, storeSqliteTransient) }
[0;36m1752 |[0;0m                 guard blobBind == SQLITE_OK, expiryBind == SQLITE_OK, bootBind == SQLITE_OK else {
[0;36m1753 |[0;0m                     fn.finalize(ts)
     [0;36m|[0;0m                        `- [1;33mwarning: [1;39mresult of call to function returning 'Int32' is unused[0;0m [#]8;;https://docs.swift.org/compiler/documentation/diagnostics/no-usage\NoUsage]8;;\]
[0;36m1754 |[0;0m                     let rc = blobBind != SQLITE_OK ? blobBind : (expiryBind != SQLITE_OK ? expiryBind : bootBind)
[0;36m1755 |[0;0m                     return sweepFault(.tombstoneStepFailed(code: rc), db: db, rolledBack: true)

/private/tmp/board1-rc15-work-final/wt_IOS-R10-no-dispatch/ios/Packages/GodstoneFoundation/Sources/GodstoneMesh/MessageStore.swift:1758:20: [1;33mwarning: [1;39mresult of call to function returning 'Int32' is unused[0;0m [#]8;;https://docs.swift.org/compiler/documentation/diagnostics/no-usage\NoUsage]8;;\]
[0;36m1756 |[0;0m                 }
[0;36m1757 |[0;0m                 let stepTs = fn.step(ts)
[0;36m1758 |[0;0m                 fn.finalize(ts)
     [0;36m|[0;0m                    `- [1;33mwarning: [1;39mresult of call to function returning 'Int32' is unused[0;0m [#]8;;https://docs.swift.org/compiler/documentation/diagnostics/no-usage\NoUsage]8;;\]
[0;36m1759 |[0;0m                 guard stepTs == SQLITE_DONE else {
[0;36m1760 |[0;0m                     // A tombstone that failed to be written would re-open the dedup window the retirement just

/private/tmp/board1-rc15-work-final/wt_IOS-R10-no-dispatch/ios/Packages/GodstoneFoundation/Sources/GodstoneMesh/MessageStore.swift:1770:35: [1;33mwarning: [1;39mresult of call to function returning 'Int32' is unused[0;0m [#]8;;https://docs.swift.org/compiler/documentation/diagnostics/no-usage\NoUsage]8;;\]
[0;36m1768 |[0;0m                 let prepUpd = fn.prepareV2(db, upd, -1, &u, nil)
[0;36m1769 |[0;0m                 guard prepUpd == SQLITE_OK else {
[0;36m1770 |[0;0m                     if let u { fn.finalize(u) }
     [0;36m|[0;0m                                   `- [1;33mwarning: [1;39mresult of call to function returning 'Int32' is unused[0;0m [#]8;;https://docs.swift.org/compiler/documentation/diagnostics/no-usage\NoUsage]8;;\]
[0;36m1771 |[0;0m                     return sweepFault(.deliveryPrepareFailed(code: prepUpd), db: db, rolledBack: true)
[0;36m1772 |[0;0m                 }

/private/tmp/board1-rc15-work-final/wt_IOS-R10-no-dispatch/ios/Packages/GodstoneFoundation/Sources/GodstoneMesh/MessageStore.swift:1776:24: [1;33mwarning: [1;39mresult of call to function returning 'Int32' is unused[0;0m [#]8;;https://docs.swift.org/compiler/documentation/diagnostics/no-usage\NoUsage]8;;\]
[0;36m1774 |[0;0m                 let idBind = fn.bindBlob(u, 2, blob.bytes, Int32(id.count), storeSqliteTransient)
[0;36m1775 |[0;0m                 guard stateBind == SQLITE_OK, idBind == SQLITE_OK else {
[0;36m1776 |[0;0m                     fn.finalize(u)
     [0;36m|[0;0m                        `- [1;33mwarning: [1;39mresult of call to function returning 'Int32' is unused[0;0m [#]8;;https://docs.swift.org/compiler/documentation/diagnostics/no-usage\NoUsage]8;;\]
[0;36m1777 |[0;0m                     return sweepFault(.deliveryStepFailed(code: stateBind != SQLITE_OK ? stateBind : idBind), db: db, rolledBack: true)
[0;36m1778 |[0;0m                 }

/private/tmp/board1-rc15-work-final/wt_IOS-R10-no-dispatch/ios/Packages/GodstoneFoundation/Sources/GodstoneMesh/MessageStore.swift:1780:20: [1;33mwarning: [1;39mresult of call to function returning 'Int32' is unused[0;0m [#]8;;https://docs.swift.org/compiler/documentation/diagnostics/no-usage\NoUsage]8;;\]
[0;36m1778 |[0;0m                 }
[0;36m1779 |[0;0m                 let stepUpd = fn.step(u)
[0;36m1780 |[0;0m                 fn.finalize(u)
     [0;36m|[0;0m                    `- [1;33mwarning: [1;39mresult of call to function returning 'Int32' is unused[0;0m [#]8;;https://docs.swift.org/compiler/documentation/diagnostics/no-usage\NoUsage]8;;\]
[0;36m1781 |[0;0m                 guard stepUpd == SQLITE_DONE else {
[0;36m1782 |[0;0m                     // The delivery row must move WITH the held row; a fault here rollbacketh the whole step rather

/private/tmp/board1-rc15-work-final/wt_IOS-R10-no-dispatch/ios/Packages/GodstoneFoundation/Sources/GodstoneMesh/MessageStore.swift:1868:16: [1;33mwarning: [1;39mresult of call to function returning 'Int32' is unused[0;0m [#]8;;https://docs.swift.org/compiler/documentation/diagnostics/no-usage\NoUsage]8;;\]
[0;36m1866 |[0;0m             _ = owner.close()          // exactly-once, deferred to THIS frame's exit (endUse -> finishClose)
[0;36m1867 |[0;0m         } else {
[0;36m1868 |[0;0m             fn.closeV2(db)             // the owned handle, freed in place at a safe phase (statements finalized)
     [0;36m|[0;0m                `- [1;33mwarning: [1;39mresult of call to function returning 'Int32' is unused[0;0m [#]8;;https://docs.swift.org/compiler/documentation/diagnostics/no-usage\NoUsage]8;;\]
[0;36m1869 |[0;0m             handle = nil
[0;36m1870 |[0;0m             adoptedConnectionIdentity = nil

/private/tmp/board1-rc15-work-final/wt_IOS-R10-no-dispatch/ios/Packages/GodstoneFoundation/Sources/GodstoneMesh/MessageStore.swift:1937:16: [1;33mwarning: [1;39mresult of call to function returning 'Int32' is unused[0;0m [#]8;;https://docs.swift.org/compiler/documentation/diagnostics/no-usage\NoUsage]8;;\]
[0;36m1935 |[0;0m         var stmt: OpaquePointer?
[0;36m1936 |[0;0m         guard fn.prepareV2(db, sql, -1, &stmt, nil) == SQLITE_OK else {
[0;36m1937 |[0;0m             fn.finalize(stmt); throw StoreSweepFault.reapPrepareFailed(code: -1)
     [0;36m|[0;0m                `- [1;33mwarning: [1;39mresult of call to function returning 'Int32' is unused[0;0m [#]8;;https://docs.swift.org/compiler/documentation/diagnostics/no-usage\NoUsage]8;;\]
[0;36m1938 |[0;0m         }
[0;36m1939 |[0;0m         defer { fn.finalize(stmt) }

/private/tmp/board1-rc15-work-final/wt_IOS-R10-no-dispatch/ios/Packages/GodstoneFoundation/Sources/GodstoneMesh/MessageStore.swift:1939:20: [1;33mwarning: [1;39mresult of call to function returning 'Int32' is unused[0;0m [#]8;;https://docs.swift.org/compiler/documentation/diagnostics/no-usage\NoUsage]8;;\]
[0;36m1937 |[0;0m             fn.finalize(stmt); throw StoreSweepFault.reapPrepareFailed(code: -1)
[0;36m1938 |[0;0m         }
[0;36m1939 |[0;0m         defer { fn.finalize(stmt) }
     [0;36m|[0;0m                    `- [1;33mwarning: [1;39mresult of call to function returning 'Int32' is unused[0;0m [#]8;;https://docs.swift.org/compiler/documentation/diagnostics/no-usage\NoUsage]8;;\]
[0;36m1940 |[0;0m         // *** THE BOOT-IDENTITY TEXT BIND IS CHECKED AND ITS **ACTUAL** CODE IS RAISED (SQLITE-LATEST-I4). *** *The old
[0;36m1941 |[0;0m         // body discarded it (`_ =`), so a REFUSED text bind (e.g. `SQLITE_NOMEM`) left parameter 1 as NULL; the

/private/tmp/board1-rc15-work-final/wt_IOS-R10-no-dispatch/ios/Packages/GodstoneFoundation/Sources/GodstoneMesh/MessageStore.swift:1964:16: [1;33mwarning: [1;39mresult of call to function returning 'Int32' is unused[0;0m [#]8;;https://docs.swift.org/compiler/documentation/diagnostics/no-usage\NoUsage]8;;\]
[0;36m1962 |[0;0m         var stmt: OpaquePointer?
[0;36m1963 |[0;0m         guard fn.prepareV2(db, sql, -1, &stmt, nil) == SQLITE_OK else {
[0;36m1964 |[0;0m             fn.finalize(stmt); return false
     [0;36m|[0;0m                `- [1;33mwarning: [1;39mresult of call to function returning 'Int32' is unused[0;0m [#]8;;https://docs.swift.org/compiler/documentation/diagnostics/no-usage\NoUsage]8;;\]
[0;36m1965 |[0;0m         }
[0;36m1966 |[0;0m         defer { fn.finalize(stmt) }

/private/tmp/board1-rc15-work-final/wt_IOS-R10-no-dispatch/ios/Packages/GodstoneFoundation/Sources/GodstoneMesh/MessageStore.swift:1966:20: [1;33mwarning: [1;39mresult of call to function returning 'Int32' is unused[0;0m [#]8;;https://docs.swift.org/compiler/documentation/diagnostics/no-usage\NoUsage]8;;\]
[0;36m1964 |[0;0m             fn.finalize(stmt); return false
[0;36m1965 |[0;0m         }
[0;36m1966 |[0;0m         defer { fn.finalize(stmt) }
     [0;36m|[0;0m                    `- [1;33mwarning: [1;39mresult of call to function returning 'Int32' is unused[0;0m [#]8;;https://docs.swift.org/compiler/documentation/diagnostics/no-usage\NoUsage]8;;\]
[0;36m1967 |[0;0m         let blob = msgId as NSData
[0;36m1968 |[0;0m         guard fn.bindBlob(stmt, 1, blob.bytes, Int32(blob.length), storeSqliteTransient) == SQLITE_OK,

/private/tmp/board1-rc15-work-final/wt_IOS-R10-no-dispatch/ios/Packages/GodstoneFoundation/Sources/GodstoneMesh/MessageStore.swift:1993:20: [1;33mwarning: [1;39mresult of call to function returning 'Int32' is unused[0;0m [#]8;;https://docs.swift.org/compiler/documentation/diagnostics/no-usage\NoUsage]8;;\]
[0;36m1991 |[0;0m             let sql = "SELECT COUNT(*) FROM \(StoreSchema.tombstoneTable)"
[0;36m1992 |[0;0m             guard fn.prepareV2(db, sql, -1, &stmt, nil) == SQLITE_OK else {
[0;36m1993 |[0;0m                 fn.finalize(stmt); return 0
     [0;36m|[0;0m                    `- [1;33mwarning: [1;39mresult of call to function returning 'Int32' is unused[0;0m [#]8;;https://docs.swift.org/compiler/documentation/diagnostics/no-usage\NoUsage]8;;\]
[0;36m1994 |[0;0m             }
[0;36m1995 |[0;0m             defer { fn.finalize(stmt) }

/private/tmp/board1-rc15-work-final/wt_IOS-R10-no-dispatch/ios/Packages/GodstoneFoundation/Sources/GodstoneMesh/MessageStore.swift:1995:24: [1;33mwarning: [1;39mresult of call to function returning 'Int32' is unused[0;0m [#]8;;https://docs.swift.org/compiler/documentation/diagnostics/no-usage\NoUsage]8;;\]
[0;36m1993 |[0;0m                 fn.finalize(stmt); return 0
[0;36m1994 |[0;0m             }
[0;36m1995 |[0;0m             defer { fn.finalize(stmt) }
     [0;36m|[0;0m                        `- [1;33mwarning: [1;39mresult of call to function returning 'Int32' is unused[0;0m [#]8;;https://docs.swift.org/compiler/documentation/diagnostics/no-usage\NoUsage]8;;\]
[0;36m1996 |[0;0m             guard fn.step(stmt) == SQLITE_ROW else { return 0 }
[0;36m1997 |[0;0m             return Int(fn.columnInt64(stmt, 0))

/private/tmp/board1-rc15-work-final/wt_IOS-R10-no-dispatch/ios/Packages/GodstoneFoundation/Sources/GodstoneMesh/MessageStore.swift:2008:20: [1;33mwarning: [1;39mresult of call to function returning 'Int32' is unused[0;0m [#]8;;https://docs.swift.org/compiler/documentation/diagnostics/no-usage\NoUsage]8;;\]
[0;36m2006 |[0;0m             var stmt: OpaquePointer?
[0;36m2007 |[0;0m             guard fn.prepareV2(db, sql, -1, &stmt, nil) == SQLITE_OK else {
[0;36m2008 |[0;0m                 fn.finalize(stmt); return false
     [0;36m|[0;0m                    `- [1;33mwarning: [1;39mresult of call to function returning 'Int32' is unused[0;0m [#]8;;https://docs.swift.org/compiler/documentation/diagnostics/no-usage\NoUsage]8;;\]
[0;36m2009 |[0;0m             }
[0;36m2010 |[0;0m             defer { fn.finalize(stmt) }

/private/tmp/board1-rc15-work-final/wt_IOS-R10-no-dispatch/ios/Packages/GodstoneFoundation/Sources/GodstoneMesh/MessageStore.swift:2010:24: [1;33mwarning: [1;39mresult of call to function returning 'Int32' is unused[0;0m [#]8;;https://docs.swift.org/compiler/documentation/diagnostics/no-usage\NoUsage]8;;\]
[0;36m2008 |[0;0m                 fn.finalize(stmt); return false
[0;36m2009 |[0;0m             }
[0;36m2010 |[0;0m             defer { fn.finalize(stmt) }
     [0;36m|[0;0m                        `- [1;33mwarning: [1;39mresult of call to function returning 'Int32' is unused[0;0m [#]8;;https://docs.swift.org/compiler/documentation/diagnostics/no-usage\NoUsage]8;;\]
[0;36m2011 |[0;0m             let blob = msgId as NSData
[0;36m2012 |[0;0m             guard fn.bindBlob(stmt, 1, blob.bytes, Int32(blob.length), nil) == SQLITE_OK,

/private/tmp/board1-rc15-work-final/wt_IOS-R10-no-dispatch/ios/Packages/GodstoneFoundation/Sources/GodstoneMesh/MessageStore.swift:2029:20: [1;33mwarning: [1;39mresult of call to function returning 'Int32' is unused[0;0m [#]8;;https://docs.swift.org/compiler/documentation/diagnostics/no-usage\NoUsage]8;;\]
[0;36m2027 |[0;0m             var stmt: OpaquePointer?
[0;36m2028 |[0;0m             guard fn.prepareV2(db, sql, -1, &stmt, nil) == SQLITE_OK else {
[0;36m2029 |[0;0m                 fn.finalize(stmt); return false
     [0;36m|[0;0m                    `- [1;33mwarning: [1;39mresult of call to function returning 'Int32' is unused[0;0m [#]8;;https://docs.swift.org/compiler/documentation/diagnostics/no-usage\NoUsage]8;;\]
[0;36m2030 |[0;0m             }
[0;36m2031 |[0;0m             defer { fn.finalize(stmt) }

/private/tmp/board1-rc15-work-final/wt_IOS-R10-no-dispatch/ios/Packages/GodstoneFoundation/Sources/GodstoneMesh/MessageStore.swift:2031:24: [1;33mwarning: [1;39mresult of call to function returning 'Int32' is unused[0;0m [#]8;;https://docs.swift.org/compiler/documentation/diagnostics/no-usage\NoUsage]8;;\]
[0;36m2029 |[0;0m                 fn.finalize(stmt); return false
[0;36m2030 |[0;0m             }
[0;36m2031 |[0;0m             defer { fn.finalize(stmt) }
     [0;36m|[0;0m                        `- [1;33mwarning: [1;39mresult of call to function returning 'Int32' is unused[0;0m [#]8;;https://docs.swift.org/compiler/documentation/diagnostics/no-usage\NoUsage]8;;\]
[0;36m2032 |[0;0m             let blob = msgId as NSData
[0;36m2033 |[0;0m             guard fn.bindBlob(stmt, 1, blob.bytes, Int32(blob.length), nil) == SQLITE_OK else { return false }

/private/tmp/board1-rc15-work-final/wt_IOS-R10-no-dispatch/ios/Packages/GodstoneFoundation/Sources/GodstoneMesh/MessageStore.swift:2068:20: [1;33mwarning: [1;39mresult of call to function returning 'Int32' is unused[0;0m [#]8;;https://docs.swift.org/compiler/documentation/diagnostics/no-usage\NoUsage]8;;\]
[0;36m2066 |[0;0m             var stmt: OpaquePointer?
[0;36m2067 |[0;0m             guard fn.prepareV2(db, sql, -1, &stmt, nil) == SQLITE_OK else {
[0;36m2068 |[0;0m                 fn.finalize(stmt); return
     [0;36m|[0;0m                    `- [1;33mwarning: [1;39mresult of call to function returning 'Int32' is unused[0;0m [#]8;;https://docs.swift.org/compiler/documentation/diagnostics/no-usage\NoUsage]8;;\]
[0;36m2069 |[0;0m             }
[0;36m2070 |[0;0m             defer { fn.finalize(stmt) }

/private/tmp/board1-rc15-work-final/wt_IOS-R10-no-dispatch/ios/Packages/GodstoneFoundation/Sources/GodstoneMesh/MessageStore.swift:2070:24: [1;33mwarning: [1;39mresult of call to function returning 'Int32' is unused[0;0m [#]8;;https://docs.swift.org/compiler/documentation/diagnostics/no-usage\NoUsage]8;;\]
[0;36m2068 |[0;0m                 fn.finalize(stmt); return
[0;36m2069 |[0;0m             }
[0;36m2070 |[0;0m             defer { fn.finalize(stmt) }
     [0;36m|[0;0m                        `- [1;33mwarning: [1;39mresult of call to function returning 'Int32' is unused[0;0m [#]8;;https://docs.swift.org/compiler/documentation/diagnostics/no-usage\NoUsage]8;;\]
[0;36m2071 |[0;0m             while fn.step(stmt) == SQLITE_ROW {
[0;36m2072 |[0;0m                 let row = StoreRow(

/private/tmp/board1-rc15-work-final/wt_IOS-R10-no-dispatch/ios/Packages/GodstoneFoundation/Sources/GodstoneMesh/MessageStore.swift:2108:20: [1;33mwarning: [1;39mresult of call to function returning 'Int32' is unused[0;0m [#]8;;https://docs.swift.org/compiler/documentation/diagnostics/no-usage\NoUsage]8;;\]
[0;36m2106 |[0;0m             var stmt: OpaquePointer?
[0;36m2107 |[0;0m             guard fn.prepareV2(db, sql, -1, &stmt, nil) == SQLITE_OK else {
[0;36m2108 |[0;0m                 fn.finalize(stmt); return
     [0;36m|[0;0m                    `- [1;33mwarning: [1;39mresult of call to function returning 'Int32' is unused[0;0m [#]8;;https://docs.swift.org/compiler/documentation/diagnostics/no-usage\NoUsage]8;;\]
[0;36m2109 |[0;0m             }
[0;36m2110 |[0;0m             defer { fn.finalize(stmt) }

/private/tmp/board1-rc15-work-final/wt_IOS-R10-no-dispatch/ios/Packages/GodstoneFoundation/Sources/GodstoneMesh/MessageStore.swift:2110:24: [1;33mwarning: [1;39mresult of call to function returning 'Int32' is unused[0;0m [#]8;;https://docs.swift.org/compiler/documentation/diagnostics/no-usage\NoUsage]8;;\]
[0;36m2108 |[0;0m                 fn.finalize(stmt); return
[0;36m2109 |[0;0m             }
[0;36m2110 |[0;0m             defer { fn.finalize(stmt) }
     [0;36m|[0;0m                        `- [1;33mwarning: [1;39mresult of call to function returning 'Int32' is unused[0;0m [#]8;;https://docs.swift.org/compiler/documentation/diagnostics/no-usage\NoUsage]8;;\]
[0;36m2111 |[0;0m             while fn.step(stmt) == SQLITE_ROW {
[0;36m2112 |[0;0m                 // GS-STORE-004: the id reader is a FORWARDING surface too, so it carrieth the same gate -- AND

/private/tmp/board1-rc15-work-final/wt_IOS-R10-no-dispatch/ios/Packages/GodstoneFoundation/Sources/GodstoneMesh/MessageStore.swift:2603:20: [1;33mwarning: [1;39mresult of call to function returning 'Int32' is unused[0;0m [#]8;;https://docs.swift.org/compiler/documentation/diagnostics/no-usage\NoUsage]8;;\]
[0;36m2601 |[0;0m             var stmt: OpaquePointer?
[0;36m2602 |[0;0m             guard fn.prepareV2(db, sql, -1, &stmt, nil) == SQLITE_OK else {
[0;36m2603 |[0;0m                 fn.finalize(stmt)
     [0;36m|[0;0m                    `- [1;33mwarning: [1;39mresult of call to function returning 'Int32' is unused[0;0m [#]8;;https://docs.swift.org/compiler/documentation/diagnostics/no-usage\NoUsage]8;;\]
[0;36m2604 |[0;0m                 return false
[0;36m2605 |[0;0m             }

/private/tmp/board1-rc15-work-final/wt_IOS-R10-no-dispatch/ios/Packages/GodstoneFoundation/Sources/GodstoneMesh/MessageStore.swift:2606:24: [1;33mwarning: [1;39mresult of call to function returning 'Int32' is unused[0;0m [#]8;;https://docs.swift.org/compiler/documentation/diagnostics/no-usage\NoUsage]8;;\]
[0;36m2604 |[0;0m                 return false
[0;36m2605 |[0;0m             }
[0;36m2606 |[0;0m             defer { fn.finalize(stmt) }
     [0;36m|[0;0m                        `- [1;33mwarning: [1;39mresult of call to function returning 'Int32' is unused[0;0m [#]8;;https://docs.swift.org/compiler/documentation/diagnostics/no-usage\NoUsage]8;;\]
[0;36m2607 |[0;0m             self.bindBlob(stmt, 1, msgId)
[0;36m2608 |[0;0m             let step = fn.step(stmt)

/private/tmp/board1-rc15-work-final/wt_IOS-R10-no-dispatch/ios/Packages/GodstoneFoundation/Sources/GodstoneMesh/MessageStore.swift:2728:16: [1;33mwarning: [1;39mresult of call to function returning 'Int32' is unused[0;0m [#]8;;https://docs.swift.org/compiler/documentation/diagnostics/no-usage\NoUsage]8;;\]
[0;36m2726 |[0;0m         var stmt: OpaquePointer?
[0;36m2727 |[0;0m         guard fn.prepareV2(db, sql, -1, &stmt, nil) == SQLITE_OK else {
[0;36m2728 |[0;0m             fn.finalize(stmt); throw StoreError.prepareFailed
     [0;36m|[0;0m                `- [1;33mwarning: [1;39mresult of call to function returning 'Int32' is unused[0;0m [#]8;;https://docs.swift.org/compiler/documentation/diagnostics/no-usage\NoUsage]8;;\]
[0;36m2729 |[0;0m         }
[0;36m2730 |[0;0m         defer { fn.finalize(stmt) }

/private/tmp/board1-rc15-work-final/wt_IOS-R10-no-dispatch/ios/Packages/GodstoneFoundation/Sources/GodstoneMesh/MessageStore.swift:2730:20: [1;33mwarning: [1;39mresult of call to function returning 'Int32' is unused[0;0m [#]8;;https://docs.swift.org/compiler/documentation/diagnostics/no-usage\NoUsage]8;;\]
[0;36m2728 |[0;0m             fn.finalize(stmt); throw StoreError.prepareFailed
[0;36m2729 |[0;0m         }
[0;36m2730 |[0;0m         defer { fn.finalize(stmt) }
     [0;36m|[0;0m                    `- [1;33mwarning: [1;39mresult of call to function returning 'Int32' is unused[0;0m [#]8;;https://docs.swift.org/compiler/documentation/diagnostics/no-usage\NoUsage]8;;\]
[0;36m2731 |[0;0m         bindBlob(stmt, 1, frame.msgId)
[0;36m2732 |[0;0m         fn.bindInt(stmt, 2, Int32(frame.type.rawValue))

/private/tmp/board1-rc15-work-final/wt_IOS-R10-no-dispatch/ios/Packages/GodstoneFoundation/Sources/GodstoneMesh/MessageStore.swift:2732:12: [1;33mwarning: [1;39mresult of call to function returning 'Int32' is unused[0;0m [#]8;;https://docs.swift.org/compiler/documentation/diagnostics/no-usage\NoUsage]8;;\]
[0;36m2730 |[0;0m         defer { fn.finalize(stmt) }
[0;36m2731 |[0;0m         bindBlob(stmt, 1, frame.msgId)
[0;36m2732 |[0;0m         fn.bindInt(stmt, 2, Int32(frame.type.rawValue))
     [0;36m|[0;0m            `- [1;33mwarning: [1;39mresult of call to function returning 'Int32' is unused[0;0m [#]8;;https://docs.swift.org/compiler/documentation/diagnostics/no-usage\NoUsage]8;;\]
[0;36m2733 |[0;0m         fn.bindInt(stmt, 3, Int32(frame.ttl))
[0;36m2734 |[0;0m         fn.bindInt(stmt, 4, Int32(frame.hopCount))

/private/tmp/board1-rc15-work-final/wt_IOS-R10-no-dispatch/ios/Packages/GodstoneFoundation/Sources/GodstoneMesh/MessageStore.swift:2733:12: [1;33mwarning: [1;39mresult of call to function returning 'Int32' is unused[0;0m [#]8;;https://docs.swift.org/compiler/documentation/diagnostics/no-usage\NoUsage]8;;\]
[0;36m2731 |[0;0m         bindBlob(stmt, 1, frame.msgId)
[0;36m2732 |[0;0m         fn.bindInt(stmt, 2, Int32(frame.type.rawValue))
[0;36m2733 |[0;0m         fn.bindInt(stmt, 3, Int32(frame.ttl))
     [0;36m|[0;0m            `- [1;33mwarning: [1;39mresult of call to function returning 'Int32' is unused[0;0m [#]8;;https://docs.swift.org/compiler/documentation/diagnostics/no-usage\NoUsage]8;;\]
[0;36m2734 |[0;0m         fn.bindInt(stmt, 4, Int32(frame.hopCount))
[0;36m2735 |[0;0m         fn.bindInt(stmt, 5, Int32(frame.flags))

/private/tmp/board1-rc15-work-final/wt_IOS-R10-no-dispatch/ios/Packages/GodstoneFoundation/Sources/GodstoneMesh/MessageStore.swift:2734:12: [1;33mwarning: [1;39mresult of call to function returning 'Int32' is unused[0;0m [#]8;;https://docs.swift.org/compiler/documentation/diagnostics/no-usage\NoUsage]8;;\]
[0;36m2732 |[0;0m         fn.bindInt(stmt, 2, Int32(frame.type.rawValue))
[0;36m2733 |[0;0m         fn.bindInt(stmt, 3, Int32(frame.ttl))
[0;36m2734 |[0;0m         fn.bindInt(stmt, 4, Int32(frame.hopCount))
     [0;36m|[0;0m            `- [1;33mwarning: [1;39mresult of call to function returning 'Int32' is unused[0;0m [#]8;;https://docs.swift.org/compiler/documentation/diagnostics/no-usage\NoUsage]8;;\]
[0;36m2735 |[0;0m         fn.bindInt(stmt, 5, Int32(frame.flags))
[0;36m2736 |[0;0m         fn.bindInt(stmt, 6, Int32(Priority.fromFlags(frame.flags).rawValue))

/private/tmp/board1-rc15-work-final/wt_IOS-R10-no-dispatch/ios/Packages/GodstoneFoundation/Sources/GodstoneMesh/MessageStore.swift:2735:12: [1;33mwarning: [1;39mresult of call to function returning 'Int32' is unused[0;0m [#]8;;https://docs.swift.org/compiler/documentation/diagnostics/no-usage\NoUsage]8;;\]
[0;36m2733 |[0;0m         fn.bindInt(stmt, 3, Int32(frame.ttl))
[0;36m2734 |[0;0m         fn.bindInt(stmt, 4, Int32(frame.hopCount))
[0;36m2735 |[0;0m         fn.bindInt(stmt, 5, Int32(frame.flags))
     [0;36m|[0;0m            `- [1;33mwarning: [1;39mresult of call to function returning 'Int32' is unused[0;0m [#]8;;https://docs.swift.org/compiler/documentation/diagnostics/no-usage\NoUsage]8;;\]
[0;36m2736 |[0;0m         fn.bindInt(stmt, 6, Int32(Priority.fromFlags(frame.flags).rawValue))
[0;36m2737 |[0;0m         bindBlob(stmt, 7, frame.routingTag)

/private/tmp/board1-rc15-work-final/wt_IOS-R10-no-dispatch/ios/Packages/GodstoneFoundation/Sources/GodstoneMesh/MessageStore.swift:2736:12: [1;33mwarning: [1;39mresult of call to function returning 'Int32' is unused[0;0m [#]8;;https://docs.swift.org/compiler/documentation/diagnostics/no-usage\NoUsage]8;;\]
[0;36m2734 |[0;0m         fn.bindInt(stmt, 4, Int32(frame.hopCount))
[0;36m2735 |[0;0m         fn.bindInt(stmt, 5, Int32(frame.flags))
[0;36m2736 |[0;0m         fn.bindInt(stmt, 6, Int32(Priority.fromFlags(frame.flags).rawValue))
     [0;36m|[0;0m            `- [1;33mwarning: [1;39mresult of call to function returning 'Int32' is unused[0;0m [#]8;;https://docs.swift.org/compiler/documentation/diagnostics/no-usage\NoUsage]8;;\]
[0;36m2737 |[0;0m         bindBlob(stmt, 7, frame.routingTag)
[0;36m2738 |[0;0m         bindBlob(stmt, 8, frame.payload)

/private/tmp/board1-rc15-work-final/wt_IOS-R10-no-dispatch/ios/Packages/GodstoneFoundation/Sources/GodstoneMesh/MessageStore.swift:2740:12: [1;33mwarning: [1;39mresult of call to function returning 'Int32' is unused[0;0m [#]8;;https://docs.swift.org/compiler/documentation/diagnostics/no-usage\NoUsage]8;;\]
[0;36m2738 |[0;0m         bindBlob(stmt, 8, frame.payload)
[0;36m2739 |[0;0m         bindBlob(stmt, 9, receivedFrom)
[0;36m2740 |[0;0m         fn.bindInt64(stmt, 10, receivedAt)
     [0;36m|[0;0m            `- [1;33mwarning: [1;39mresult of call to function returning 'Int32' is unused[0;0m [#]8;;https://docs.swift.org/compiler/documentation/diagnostics/no-usage\NoUsage]8;;\]
[0;36m2741 |[0;0m         // GS-STORE-004 STEP FIVE: THE LOCAL POLICY BUDGET, PERSISTED WITH THE ROW IN THE SAME STATEMENT. NULL
[0;36m2742 |[0;0m         // when no clock was injected: the historical behaviour is preserved for every path that owneth no

/private/tmp/board1-rc15-work-final/wt_IOS-R10-no-dispatch/ios/Packages/GodstoneFoundation/Sources/GodstoneMesh/MessageStore.swift:2746:16: [1;33mwarning: [1;39mresult of call to function returning 'Int32' is unused[0;0m [#]8;;https://docs.swift.org/compiler/documentation/diagnostics/no-usage\NoUsage]8;;\]
[0;36m2744 |[0;0m         // zero. A DUPLICATE never reacheth here (INSERT OR IGNORE), which is what maketh the budget un-replenishable.
[0;36m2745 |[0;0m         if let retention = retention {
[0;36m2746 |[0;0m             fn.bindInt64(stmt, 11, Int64(retention.remainingMs))
     [0;36m|[0;0m                `- [1;33mwarning: [1;39mresult of call to function returning 'Int32' is unused[0;0m [#]8;;https://docs.swift.org/compiler/documentation/diagnostics/no-usage\NoUsage]8;;\]
[0;36m2747 |[0;0m             fn.bindInt64(stmt, 12, Int64(retention.checkpointMonotonicMs))
[0;36m2748 |[0;0m             // THE CONTINUITY IDENTIFIER COMETH FROM THE INJECTED CLOCK, NOT FROM THE CHECKPOINT TYPE: read in

/private/tmp/board1-rc15-work-final/wt_IOS-R10-no-dispatch/ios/Packages/GodstoneFoundation/Sources/GodstoneMesh/MessageStore.swift:2747:16: [1;33mwarning: [1;39mresult of call to function returning 'Int32' is unused[0;0m [#]8;;https://docs.swift.org/compiler/documentation/diagnostics/no-usage\NoUsage]8;;\]
[0;36m2745 |[0;0m         if let retention = retention {
[0;36m2746 |[0;0m             fn.bindInt64(stmt, 11, Int64(retention.remainingMs))
[0;36m2747 |[0;0m             fn.bindInt64(stmt, 12, Int64(retention.checkpointMonotonicMs))
     [0;36m|[0;0m                `- [1;33mwarning: [1;39mresult of call to function returning 'Int32' is unused[0;0m [#]8;;https://docs.swift.org/compiler/documentation/diagnostics/no-usage\NoUsage]8;;\]
[0;36m2748 |[0;0m             // THE CONTINUITY IDENTIFIER COMETH FROM THE INJECTED CLOCK, NOT FROM THE CHECKPOINT TYPE: read in
[0;36m2749 |[0;0m             // the tree, `RetentionCheckpoint` carrieth `remainingMs`, `checkpointMonotonicMs`,

/private/tmp/board1-rc15-work-final/wt_IOS-R10-no-dispatch/ios/Packages/GodstoneFoundation/Sources/GodstoneMesh/MessageStore.swift:2757:22: [1;33mwarning: [1;39mresult of call to 'withCString' is unused[0;0m [#]8;;https://docs.swift.org/compiler/documentation/diagnostics/no-usage\NoUsage]8;;\]
[0;36m2755 |[0;0m             // exactly that ("" where "boot-A" was due).
[0;36m2756 |[0;0m             if let boot = bootIdentity {
[0;36m2757 |[0;0m                 boot.withCString [4;39m{ fn.bindText(stmt, 13, $0, -1, storeSqliteTransient) }[0;0m
     [0;36m|[0;0m                      `- [1;33mwarning: [1;39mresult of call to 'withCString' is unused[0;0m [#]8;;https://docs.swift.org/compiler/documentation/diagnostics/no-usage\NoUsage]8;;\]
[0;36m2758 |[0;0m             } else {
[0;36m2759 |[0;0m                 fn.bindNull(stmt, 13)

/private/tmp/board1-rc15-work-final/wt_IOS-R10-no-dispatch/ios/Packages/GodstoneFoundation/Sources/GodstoneMesh/MessageStore.swift:2759:20: [1;33mwarning: [1;39mresult of call to function returning 'Int32' is unused[0;0m [#]8;;https://docs.swift.org/compiler/documentation/diagnostics/no-usage\NoUsage]8;;\]
[0;36m2757 |[0;0m                 boot.withCString { fn.bindText(stmt, 13, $0, -1, storeSqliteTransient) }
[0;36m2758 |[0;0m             } else {
[0;36m2759 |[0;0m                 fn.bindNull(stmt, 13)
     [0;36m|[0;0m                    `- [1;33mwarning: [1;39mresult of call to function returning 'Int32' is unused[0;0m [#]8;;https://docs.swift.org/compiler/documentation/diagnostics/no-usage\NoUsage]8;;\]
[0;36m2760 |[0;0m             }
[0;36m2761 |[0;0m             fn.bindInt64(stmt, 14, Int64(retention.discontinuityCount))

/private/tmp/board1-rc15-work-final/wt_IOS-R10-no-dispatch/ios/Packages/GodstoneFoundation/Sources/GodstoneMesh/MessageStore.swift:2761:16: [1;33mwarning: [1;39mresult of call to function returning 'Int32' is unused[0;0m [#]8;;https://docs.swift.org/compiler/documentation/diagnostics/no-usage\NoUsage]8;;\]
[0;36m2759 |[0;0m                 fn.bindNull(stmt, 13)
[0;36m2760 |[0;0m             }
[0;36m2761 |[0;0m             fn.bindInt64(stmt, 14, Int64(retention.discontinuityCount))
     [0;36m|[0;0m                `- [1;33mwarning: [1;39mresult of call to function returning 'Int32' is unused[0;0m [#]8;;https://docs.swift.org/compiler/documentation/diagnostics/no-usage\NoUsage]8;;\]
[0;36m2762 |[0;0m         } else {
[0;36m2763 |[0;0m             fn.bindNull(stmt, 11); fn.bindNull(stmt, 12)

/private/tmp/board1-rc15-work-final/wt_IOS-R10-no-dispatch/ios/Packages/GodstoneFoundation/Sources/GodstoneMesh/MessageStore.swift:2763:16: [1;33mwarning: [1;39mresult of call to function returning 'Int32' is unused[0;0m [#]8;;https://docs.swift.org/compiler/documentation/diagnostics/no-usage\NoUsage]8;;\]
[0;36m2761 |[0;0m             fn.bindInt64(stmt, 14, Int64(retention.discontinuityCount))
[0;36m2762 |[0;0m         } else {
[0;36m2763 |[0;0m             fn.bindNull(stmt, 11); fn.bindNull(stmt, 12)
     [0;36m|[0;0m                `- [1;33mwarning: [1;39mresult of call to function returning 'Int32' is unused[0;0m [#]8;;https://docs.swift.org/compiler/documentation/diagnostics/no-usage\NoUsage]8;;\]
[0;36m2764 |[0;0m             fn.bindNull(stmt, 13); fn.bindNull(stmt, 14)
[0;36m2765 |[0;0m         }

/private/tmp/board1-rc15-work-final/wt_IOS-R10-no-dispatch/ios/Packages/GodstoneFoundation/Sources/GodstoneMesh/MessageStore.swift:2763:39: [1;33mwarning: [1;39mresult of call to function returning 'Int32' is unused[0;0m [#]8;;https://docs.swift.org/compiler/documentation/diagnostics/no-usage\NoUsage]8;;\]
[0;36m2761 |[0;0m             fn.bindInt64(stmt, 14, Int64(retention.discontinuityCount))
[0;36m2762 |[0;0m         } else {
[0;36m2763 |[0;0m             fn.bindNull(stmt, 11); fn.bindNull(stmt, 12)
     [0;36m|[0;0m                                       `- [1;33mwarning: [1;39mresult of call to function returning 'Int32' is unused[0;0m [#]8;;https://docs.swift.org/compiler/documentation/diagnostics/no-usage\NoUsage]8;;\]
[0;36m2764 |[0;0m             fn.bindNull(stmt, 13); fn.bindNull(stmt, 14)
[0;36m2765 |[0;0m         }

/private/tmp/board1-rc15-work-final/wt_IOS-R10-no-dispatch/ios/Packages/GodstoneFoundation/Sources/GodstoneMesh/MessageStore.swift:2764:16: [1;33mwarning: [1;39mresult of call to function returning 'Int32' is unused[0;0m [#]8;;https://docs.swift.org/compiler/documentation/diagnostics/no-usage\NoUsage]8;;\]
[0;36m2762 |[0;0m         } else {
[0;36m2763 |[0;0m             fn.bindNull(stmt, 11); fn.bindNull(stmt, 12)
[0;36m2764 |[0;0m             fn.bindNull(stmt, 13); fn.bindNull(stmt, 14)
     [0;36m|[0;0m                `- [1;33mwarning: [1;39mresult of call to function returning 'Int32' is unused[0;0m [#]8;;https://docs.swift.org/compiler/documentation/diagnostics/no-usage\NoUsage]8;;\]
[0;36m2765 |[0;0m         }
[0;36m2766 |[0;0m         guard fn.step(stmt) == SQLITE_DONE else { throw StoreError.stepFailed }

/private/tmp/board1-rc15-work-final/wt_IOS-R10-no-dispatch/ios/Packages/GodstoneFoundation/Sources/GodstoneMesh/MessageStore.swift:2764:39: [1;33mwarning: [1;39mresult of call to function returning 'Int32' is unused[0;0m [#]8;;https://docs.swift.org/compiler/documentation/diagnostics/no-usage\NoUsage]8;;\]
[0;36m2762 |[0;0m         } else {
[0;36m2763 |[0;0m             fn.bindNull(stmt, 11); fn.bindNull(stmt, 12)
[0;36m2764 |[0;0m             fn.bindNull(stmt, 13); fn.bindNull(stmt, 14)
     [0;36m|[0;0m                                       `- [1;33mwarning: [1;39mresult of call to function returning 'Int32' is unused[0;0m [#]8;;https://docs.swift.org/compiler/documentation/diagnostics/no-usage\NoUsage]8;;\]
[0;36m2765 |[0;0m         }
[0;36m2766 |[0;0m         guard fn.step(stmt) == SQLITE_DONE else { throw StoreError.stepFailed }

/private/tmp/board1-rc15-work-final/wt_IOS-R10-no-dispatch/ios/Packages/GodstoneFoundation/Sources/GodstoneMesh/MessageStore.swift:2779:16: [1;33mwarning: [1;39mresult of call to function returning 'Int32' is unused[0;0m [#]8;;https://docs.swift.org/compiler/documentation/diagnostics/no-usage\NoUsage]8;;\]
[0;36m2777 |[0;0m         var stmt: OpaquePointer?
[0;36m2778 |[0;0m         guard fn.prepareV2(db, StoreSchema.containsSql, -1, &stmt, nil) == SQLITE_OK else {
[0;36m2779 |[0;0m             fn.finalize(stmt); throw StoreError.prepareFailed
     [0;36m|[0;0m                `- [1;33mwarning: [1;39mresult of call to function returning 'Int32' is unused[0;0m [#]8;;https://docs.swift.org/compiler/documentation/diagnostics/no-usage\NoUsage]8;;\]
[0;36m2780 |[0;0m         }
[0;36m2781 |[0;0m         defer { fn.finalize(stmt) }

/private/tmp/board1-rc15-work-final/wt_IOS-R10-no-dispatch/ios/Packages/GodstoneFoundation/Sources/GodstoneMesh/MessageStore.swift:2781:20: [1;33mwarning: [1;39mresult of call to function returning 'Int32' is unused[0;0m [#]8;;https://docs.swift.org/compiler/documentation/diagnostics/no-usage\NoUsage]8;;\]
[0;36m2779 |[0;0m             fn.finalize(stmt); throw StoreError.prepareFailed
[0;36m2780 |[0;0m         }
[0;36m2781 |[0;0m         defer { fn.finalize(stmt) }
     [0;36m|[0;0m                    `- [1;33mwarning: [1;39mresult of call to function returning 'Int32' is unused[0;0m [#]8;;https://docs.swift.org/compiler/documentation/diagnostics/no-usage\NoUsage]8;;\]
[0;36m2782 |[0;0m         bindBlob(stmt, 1, msgId)
[0;36m2783 |[0;0m         let rc = fn.step(stmt)

/private/tmp/board1-rc15-work-final/wt_IOS-R10-no-dispatch/ios/Packages/GodstoneFoundation/Sources/GodstoneMesh/MessageStore.swift:2803:16: [1;33mwarning: [1;39mresult of call to function returning 'Int32' is unused[0;0m [#]8;;https://docs.swift.org/compiler/documentation/diagnostics/no-usage\NoUsage]8;;\]
[0;36m2801 |[0;0m         var stmt: OpaquePointer?
[0;36m2802 |[0;0m         guard fn.prepareV2(db, sql, -1, &stmt, nil) == SQLITE_OK else {
[0;36m2803 |[0;0m             fn.finalize(stmt); throw StoreError.prepareFailed
     [0;36m|[0;0m                `- [1;33mwarning: [1;39mresult of call to function returning 'Int32' is unused[0;0m [#]8;;https://docs.swift.org/compiler/documentation/diagnostics/no-usage\NoUsage]8;;\]
[0;36m2804 |[0;0m         }
[0;36m2805 |[0;0m         defer { fn.finalize(stmt) }

/private/tmp/board1-rc15-work-final/wt_IOS-R10-no-dispatch/ios/Packages/GodstoneFoundation/Sources/GodstoneMesh/MessageStore.swift:2805:20: [1;33mwarning: [1;39mresult of call to function returning 'Int32' is unused[0;0m [#]8;;https://docs.swift.org/compiler/documentation/diagnostics/no-usage\NoUsage]8;;\]
[0;36m2803 |[0;0m             fn.finalize(stmt); throw StoreError.prepareFailed
[0;36m2804 |[0;0m         }
[0;36m2805 |[0;0m         defer { fn.finalize(stmt) }
     [0;36m|[0;0m                    `- [1;33mwarning: [1;39mresult of call to function returning 'Int32' is unused[0;0m [#]8;;https://docs.swift.org/compiler/documentation/diagnostics/no-usage\NoUsage]8;;\]
[0;36m2806 |[0;0m         bindBlob(stmt, 1, msgId)
[0;36m2807 |[0;0m         let rc = fn.step(stmt)

/private/tmp/board1-rc15-work-final/wt_IOS-R10-no-dispatch/ios/Packages/GodstoneFoundation/Sources/GodstoneMesh/MessageStore.swift:2841:16: [1;33mwarning: [1;39mresult of call to function returning 'Int32' is unused[0;0m [#]8;;https://docs.swift.org/compiler/documentation/diagnostics/no-usage\NoUsage]8;;\]
[0;36m2839 |[0;0m         var stmt: OpaquePointer?
[0;36m2840 |[0;0m         guard fn.prepareV2(db, StoreSchema.heldBytesSql, -1, &stmt, nil) == SQLITE_OK else {
[0;36m2841 |[0;0m             fn.finalize(stmt); throw StoreError.prepareFailed
     [0;36m|[0;0m                `- [1;33mwarning: [1;39mresult of call to function returning 'Int32' is unused[0;0m [#]8;;https://docs.swift.org/compiler/documentation/diagnostics/no-usage\NoUsage]8;;\]
[0;36m2842 |[0;0m         }
[0;36m2843 |[0;0m         defer { fn.finalize(stmt) }

/private/tmp/board1-rc15-work-final/wt_IOS-R10-no-dispatch/ios/Packages/GodstoneFoundation/Sources/GodstoneMesh/MessageStore.swift:2843:20: [1;33mwarning: [1;39mresult of call to function returning 'Int32' is unused[0;0m [#]8;;https://docs.swift.org/compiler/documentation/diagnostics/no-usage\NoUsage]8;;\]
[0;36m2841 |[0;0m             fn.finalize(stmt); throw StoreError.prepareFailed
[0;36m2842 |[0;0m         }
[0;36m2843 |[0;0m         defer { fn.finalize(stmt) }
     [0;36m|[0;0m                    `- [1;33mwarning: [1;39mresult of call to function returning 'Int32' is unused[0;0m [#]8;;https://docs.swift.org/compiler/documentation/diagnostics/no-usage\NoUsage]8;;\]
[0;36m2844 |[0;0m         guard fn.step(stmt) == SQLITE_ROW else { throw StoreError.stepFailed }
[0;36m2845 |[0;0m         return fn.columnInt64(stmt, 0)

/private/tmp/board1-rc15-work-final/wt_IOS-R10-no-dispatch/ios/Packages/GodstoneFoundation/Sources/GodstoneMesh/MessageStore.swift:2858:16: [1;33mwarning: [1;39mresult of call to function returning 'Int32' is unused[0;0m [#]8;;https://docs.swift.org/compiler/documentation/diagnostics/no-usage\NoUsage]8;;\]
[0;36m2856 |[0;0m         var stmt: OpaquePointer?
[0;36m2857 |[0;0m         guard fn.prepareV2(db, StoreSchema.evictPrefixSql, -1, &stmt, nil) == SQLITE_OK else {
[0;36m2858 |[0;0m             fn.finalize(stmt); throw StoreError.prepareFailed
     [0;36m|[0;0m                `- [1;33mwarning: [1;39mresult of call to function returning 'Int32' is unused[0;0m [#]8;;https://docs.swift.org/compiler/documentation/diagnostics/no-usage\NoUsage]8;;\]
[0;36m2859 |[0;0m         }
[0;36m2860 |[0;0m         defer { fn.finalize(stmt) }

/private/tmp/board1-rc15-work-final/wt_IOS-R10-no-dispatch/ios/Packages/GodstoneFoundation/Sources/GodstoneMesh/MessageStore.swift:2860:20: [1;33mwarning: [1;39mresult of call to function returning 'Int32' is unused[0;0m [#]8;;https://docs.swift.org/compiler/documentation/diagnostics/no-usage\NoUsage]8;;\]
[0;36m2858 |[0;0m             fn.finalize(stmt); throw StoreError.prepareFailed
[0;36m2859 |[0;0m         }
[0;36m2860 |[0;0m         defer { fn.finalize(stmt) }
     [0;36m|[0;0m                    `- [1;33mwarning: [1;39mresult of call to function returning 'Int32' is unused[0;0m [#]8;;https://docs.swift.org/compiler/documentation/diagnostics/no-usage\NoUsage]8;;\]
[0;36m2861 |[0;0m         fn.bindInt64(stmt, 1, overshoot)
[0;36m2862 |[0;0m         guard fn.step(stmt) == SQLITE_DONE else { throw StoreError.stepFailed }

/private/tmp/board1-rc15-work-final/wt_IOS-R10-no-dispatch/ios/Packages/GodstoneFoundation/Sources/GodstoneMesh/MessageStore.swift:2861:12: [1;33mwarning: [1;39mresult of call to function returning 'Int32' is unused[0;0m [#]8;;https://docs.swift.org/compiler/documentation/diagnostics/no-usage\NoUsage]8;;\]
[0;36m2859 |[0;0m         }
[0;36m2860 |[0;0m         defer { fn.finalize(stmt) }
[0;36m2861 |[0;0m         fn.bindInt64(stmt, 1, overshoot)
     [0;36m|[0;0m            `- [1;33mwarning: [1;39mresult of call to function returning 'Int32' is unused[0;0m [#]8;;https://docs.swift.org/compiler/documentation/diagnostics/no-usage\NoUsage]8;;\]
[0;36m2862 |[0;0m         guard fn.step(stmt) == SQLITE_DONE else { throw StoreError.stepFailed }
[0;36m2863 |[0;0m     }

/private/tmp/board1-rc15-work-final/wt_IOS-R10-no-dispatch/ios/Packages/GodstoneFoundation/Sources/GodstoneMesh/MessageStore.swift:2873:16: [1;33mwarning: [1;39mresult of call to function returning 'Int32' is unused[0;0m [#]8;;https://docs.swift.org/compiler/documentation/diagnostics/no-usage\NoUsage]8;;\]
[0;36m2871 |[0;0m         var stmt: OpaquePointer?
[0;36m2872 |[0;0m         guard fn.prepareV2(db, StoreSchema.heldBytesSql, -1, &stmt, nil) == SQLITE_OK else {
[0;36m2873 |[0;0m             fn.finalize(stmt); return 0
     [0;36m|[0;0m                `- [1;33mwarning: [1;39mresult of call to function returning 'Int32' is unused[0;0m [#]8;;https://docs.swift.org/compiler/documentation/diagnostics/no-usage\NoUsage]8;;\]
[0;36m2874 |[0;0m         }
[0;36m2875 |[0;0m         defer { fn.finalize(stmt) }

/private/tmp/board1-rc15-work-final/wt_IOS-R10-no-dispatch/ios/Packages/GodstoneFoundation/Sources/GodstoneMesh/MessageStore.swift:2875:20: [1;33mwarning: [1;39mresult of call to function returning 'Int32' is unused[0;0m [#]8;;https://docs.swift.org/compiler/documentation/diagnostics/no-usage\NoUsage]8;;\]
[0;36m2873 |[0;0m             fn.finalize(stmt); return 0
[0;36m2874 |[0;0m         }
[0;36m2875 |[0;0m         defer { fn.finalize(stmt) }
     [0;36m|[0;0m                    `- [1;33mwarning: [1;39mresult of call to function returning 'Int32' is unused[0;0m [#]8;;https://docs.swift.org/compiler/documentation/diagnostics/no-usage\NoUsage]8;;\]
[0;36m2876 |[0;0m         return fn.step(stmt) == SQLITE_ROW ? fn.columnInt64(stmt, 0) : 0
[0;36m2877 |[0;0m     }

/private/tmp/board1-rc15-work-final/wt_IOS-R10-no-dispatch/ios/Packages/GodstoneFoundation/Sources/GodstoneMesh/MessageStore.swift:2887:16: [1;33mwarning: [1;39mresult of call to function returning 'Int32' is unused[0;0m [#]8;;https://docs.swift.org/compiler/documentation/diagnostics/no-usage\NoUsage]8;;\]
[0;36m2885 |[0;0m         var stmt: OpaquePointer?
[0;36m2886 |[0;0m         guard fn.prepareV2(db, StoreSchema.evictPrefixSql, -1, &stmt, nil) == SQLITE_OK else {
[0;36m2887 |[0;0m             fn.finalize(stmt); return
     [0;36m|[0;0m                `- [1;33mwarning: [1;39mresult of call to function returning 'Int32' is unused[0;0m [#]8;;https://docs.swift.org/compiler/documentation/diagnostics/no-usage\NoUsage]8;;\]
[0;36m2888 |[0;0m         }
[0;36m2889 |[0;0m         defer { fn.finalize(stmt) }

/private/tmp/board1-rc15-work-final/wt_IOS-R10-no-dispatch/ios/Packages/GodstoneFoundation/Sources/GodstoneMesh/MessageStore.swift:2889:20: [1;33mwarning: [1;39mresult of call to function returning 'Int32' is unused[0;0m [#]8;;https://docs.swift.org/compiler/documentation/diagnostics/no-usage\NoUsage]8;;\]
[0;36m2887 |[0;0m             fn.finalize(stmt); return
[0;36m2888 |[0;0m         }
[0;36m2889 |[0;0m         defer { fn.finalize(stmt) }
     [0;36m|[0;0m                    `- [1;33mwarning: [1;39mresult of call to function returning 'Int32' is unused[0;0m [#]8;;https://docs.swift.org/compiler/documentation/diagnostics/no-usage\NoUsage]8;;\]
[0;36m2890 |[0;0m         fn.bindInt64(stmt, 1, overshoot)
[0;36m2891 |[0;0m         fn.step(stmt)

/private/tmp/board1-rc15-work-final/wt_IOS-R10-no-dispatch/ios/Packages/GodstoneFoundation/Sources/GodstoneMesh/MessageStore.swift:2890:12: [1;33mwarning: [1;39mresult of call to function returning 'Int32' is unused[0;0m [#]8;;https://docs.swift.org/compiler/documentation/diagnostics/no-usage\NoUsage]8;;\]
[0;36m2888 |[0;0m         }
[0;36m2889 |[0;0m         defer { fn.finalize(stmt) }
[0;36m2890 |[0;0m         fn.bindInt64(stmt, 1, overshoot)
     [0;36m|[0;0m            `- [1;33mwarning: [1;39mresult of call to function returning 'Int32' is unused[0;0m [#]8;;https://docs.swift.org/compiler/documentation/diagnostics/no-usage\NoUsage]8;;\]
[0;36m2891 |[0;0m         fn.step(stmt)
[0;36m2892 |[0;0m     }

/private/tmp/board1-rc15-work-final/wt_IOS-R10-no-dispatch/ios/Packages/GodstoneFoundation/Sources/GodstoneMesh/MessageStore.swift:2891:12: [1;33mwarning: [1;39mresult of call to function returning 'Int32' is unused[0;0m [#]8;;https://docs.swift.org/compiler/documentation/diagnostics/no-usage\NoUsage]8;;\]
[0;36m2889 |[0;0m         defer { fn.finalize(stmt) }
[0;36m2890 |[0;0m         fn.bindInt64(stmt, 1, overshoot)
[0;36m2891 |[0;0m         fn.step(stmt)
     [0;36m|[0;0m            `- [1;33mwarning: [1;39mresult of call to function returning 'Int32' is unused[0;0m [#]8;;https://docs.swift.org/compiler/documentation/diagnostics/no-usage\NoUsage]8;;\]
[0;36m2892 |[0;0m     }
[0;36m2893 |[0;0m 

/private/tmp/board1-rc15-work-final/wt_IOS-R10-no-dispatch/ios/Packages/GodstoneFoundation/Sources/GodstoneMesh/MessageStore.swift:2921:16: [1;33mwarning: [1;39mresult of call to function returning 'Int32' is unused[0;0m [#]8;;https://docs.swift.org/compiler/documentation/diagnostics/no-usage\NoUsage]8;;\]
[0;36m2919 |[0;0m         var stmt: OpaquePointer?
[0;36m2920 |[0;0m         guard fn.prepareV2(db, "PRAGMA user_version", -1, &stmt, nil) == SQLITE_OK else {
[0;36m2921 |[0;0m             fn.finalize(stmt); throw StoreError.prepareFailed
     [0;36m|[0;0m                `- [1;33mwarning: [1;39mresult of call to function returning 'Int32' is unused[0;0m [#]8;;https://docs.swift.org/compiler/documentation/diagnostics/no-usage\NoUsage]8;;\]
[0;36m2922 |[0;0m         }
[0;36m2923 |[0;0m         defer { fn.finalize(stmt) }

/private/tmp/board1-rc15-work-final/wt_IOS-R10-no-dispatch/ios/Packages/GodstoneFoundation/Sources/GodstoneMesh/MessageStore.swift:2923:20: [1;33mwarning: [1;39mresult of call to function returning 'Int32' is unused[0;0m [#]8;;https://docs.swift.org/compiler/documentation/diagnostics/no-usage\NoUsage]8;;\]
[0;36m2921 |[0;0m             fn.finalize(stmt); throw StoreError.prepareFailed
[0;36m2922 |[0;0m         }
[0;36m2923 |[0;0m         defer { fn.finalize(stmt) }
     [0;36m|[0;0m                    `- [1;33mwarning: [1;39mresult of call to function returning 'Int32' is unused[0;0m [#]8;;https://docs.swift.org/compiler/documentation/diagnostics/no-usage\NoUsage]8;;\]
[0;36m2924 |[0;0m         guard fn.step(stmt) == SQLITE_ROW else { throw StoreError.stepFailed }
[0;36m2925 |[0;0m         return fn.columnInt(stmt, 0)

/private/tmp/board1-rc15-work-final/wt_IOS-R10-no-dispatch/ios/Packages/GodstoneFoundation/Sources/GodstoneMesh/MessageStore.swift:2962:16: [1;33mwarning: [1;39mresult of call to function returning 'Int32' is unused[0;0m [#]8;;https://docs.swift.org/compiler/documentation/diagnostics/no-usage\NoUsage]8;;\]
[0;36m2960 |[0;0m         var stmt: OpaquePointer?
[0;36m2961 |[0;0m         guard fn.prepareV2(db, sql, -1, &stmt, nil) == SQLITE_OK else {
[0;36m2962 |[0;0m             fn.finalize(stmt); throw StoreError.prepareFailed
     [0;36m|[0;0m                `- [1;33mwarning: [1;39mresult of call to function returning 'Int32' is unused[0;0m [#]8;;https://docs.swift.org/compiler/documentation/diagnostics/no-usage\NoUsage]8;;\]
[0;36m2963 |[0;0m         }
[0;36m2964 |[0;0m         defer { fn.finalize(stmt) }

/private/tmp/board1-rc15-work-final/wt_IOS-R10-no-dispatch/ios/Packages/GodstoneFoundation/Sources/GodstoneMesh/MessageStore.swift:2964:20: [1;33mwarning: [1;39mresult of call to function returning 'Int32' is unused[0;0m [#]8;;https://docs.swift.org/compiler/documentation/diagnostics/no-usage\NoUsage]8;;\]
[0;36m2962 |[0;0m             fn.finalize(stmt); throw StoreError.prepareFailed
[0;36m2963 |[0;0m         }
[0;36m2964 |[0;0m         defer { fn.finalize(stmt) }
     [0;36m|[0;0m                    `- [1;33mwarning: [1;39mresult of call to function returning 'Int32' is unused[0;0m [#]8;;https://docs.swift.org/compiler/documentation/diagnostics/no-usage\NoUsage]8;;\]
[0;36m2965 |[0;0m         guard fn.step(stmt) == SQLITE_ROW, let raw = fn.columnText(stmt, 0) else {
[0;36m2966 |[0;0m             throw StoreError.schemaMismatch

/private/tmp/board1-rc15-work-final/wt_IOS-R10-no-dispatch/ios/Packages/GodstoneFoundation/Sources/GodstoneMesh/MessageStore.swift:3166:26: [1;33mwarning: [1;39mresult of call to function returning 'Int32' is unused[0;0m [#]8;;https://docs.swift.org/compiler/documentation/diagnostics/no-usage\NoUsage]8;;\]
[0;36m3164 |[0;0m                 try store.execStrict(db, "COMMIT")
[0;36m3165 |[0;0m             } catch {
[0;36m3166 |[0;0m                 store.fn.exec(db, "ROLLBACK", nil, nil, nil)
     [0;36m|[0;0m                          `- [1;33mwarning: [1;39mresult of call to function returning 'Int32' is unused[0;0m [#]8;;https://docs.swift.org/compiler/documentation/diagnostics/no-usage\NoUsage]8;;\]
[0;36m3167 |[0;0m                 throw error
[0;36m3168 |[0;0m             }

/private/tmp/board1-rc15-work-final/wt_IOS-R10-no-dispatch/ios/Packages/GodstoneFoundation/Sources/GodstoneMesh/MessageStore.swift:3201:16: [1;33mwarning: [1;39mresult of call to function returning 'Int32' is unused[0;0m [#]8;;https://docs.swift.org/compiler/documentation/diagnostics/no-usage\NoUsage]8;;\]
[0;36m3199 |[0;0m         var stmt: OpaquePointer?
[0;36m3200 |[0;0m         guard fn.prepareV2(db, "PRAGMA table_info(\(table))", -1, &stmt, nil) == SQLITE_OK else {
[0;36m3201 |[0;0m             fn.finalize(stmt); return false
     [0;36m|[0;0m                `- [1;33mwarning: [1;39mresult of call to function returning 'Int32' is unused[0;0m [#]8;;https://docs.swift.org/compiler/documentation/diagnostics/no-usage\NoUsage]8;;\]
[0;36m3202 |[0;0m         }
[0;36m3203 |[0;0m         defer { fn.finalize(stmt) }

/private/tmp/board1-rc15-work-final/wt_IOS-R10-no-dispatch/ios/Packages/GodstoneFoundation/Sources/GodstoneMesh/MessageStore.swift:3203:20: [1;33mwarning: [1;39mresult of call to function returning 'Int32' is unused[0;0m [#]8;;https://docs.swift.org/compiler/documentation/diagnostics/no-usage\NoUsage]8;;\]
[0;36m3201 |[0;0m             fn.finalize(stmt); return false
[0;36m3202 |[0;0m         }
[0;36m3203 |[0;0m         defer { fn.finalize(stmt) }
     [0;36m|[0;0m                    `- [1;33mwarning: [1;39mresult of call to function returning 'Int32' is unused[0;0m [#]8;;https://docs.swift.org/compiler/documentation/diagnostics/no-usage\NoUsage]8;;\]
[0;36m3204 |[0;0m         while fn.step(stmt) == SQLITE_ROW {
[0;36m3205 |[0;0m             if let name = fn.columnText(stmt, 1), String(cString: name) == column { return true }

/private/tmp/board1-rc15-work-final/wt_IOS-R10-no-dispatch/ios/Packages/GodstoneFoundation/Sources/GodstoneMesh/MessageStore.swift:3237:16: [1;33mwarning: [1;39mresult of call to function returning 'Int32' is unused[0;0m [#]8;;https://docs.swift.org/compiler/documentation/diagnostics/no-usage\NoUsage]8;;\]
[0;36m3235 |[0;0m         var stmt: OpaquePointer?
[0;36m3236 |[0;0m         guard fn.prepareV2(db, sql, -1, &stmt, nil) == SQLITE_OK else {
[0;36m3237 |[0;0m             fn.finalize(stmt); throw StoreError.prepareFailed
     [0;36m|[0;0m                `- [1;33mwarning: [1;39mresult of call to function returning 'Int32' is unused[0;0m [#]8;;https://docs.swift.org/compiler/documentation/diagnostics/no-usage\NoUsage]8;;\]
[0;36m3238 |[0;0m         }
[0;36m3239 |[0;0m         defer { fn.finalize(stmt) }

/private/tmp/board1-rc15-work-final/wt_IOS-R10-no-dispatch/ios/Packages/GodstoneFoundation/Sources/GodstoneMesh/MessageStore.swift:3239:20: [1;33mwarning: [1;39mresult of call to function returning 'Int32' is unused[0;0m [#]8;;https://docs.swift.org/compiler/documentation/diagnostics/no-usage\NoUsage]8;;\]
[0;36m3237 |[0;0m             fn.finalize(stmt); throw StoreError.prepareFailed
[0;36m3238 |[0;0m         }
[0;36m3239 |[0;0m         defer { fn.finalize(stmt) }
     [0;36m|[0;0m                    `- [1;33mwarning: [1;39mresult of call to function returning 'Int32' is unused[0;0m [#]8;;https://docs.swift.org/compiler/documentation/diagnostics/no-usage\NoUsage]8;;\]
[0;36m3240 |[0;0m         guard fn.step(stmt) == SQLITE_ROW, let raw = fn.columnText(stmt, 0) else { return nil }
[0;36m3241 |[0;0m         return String(cString: raw)

/private/tmp/board1-rc15-work-final/wt_IOS-R10-no-dispatch/ios/Packages/GodstoneFoundation/Sources/GodstoneMesh/MessageStore.swift:3248:16: [1;33mwarning: [1;39mresult of call to function returning 'Int32' is unused[0;0m [#]8;;https://docs.swift.org/compiler/documentation/diagnostics/no-usage\NoUsage]8;;\]
[0;36m3246 |[0;0m         var stmt: OpaquePointer?
[0;36m3247 |[0;0m         guard fn.prepareV2(db, "PRAGMA table_info(\(name))", -1, &stmt, nil) == SQLITE_OK else {
[0;36m3248 |[0;0m             fn.finalize(stmt); throw StoreError.prepareFailed
     [0;36m|[0;0m                `- [1;33mwarning: [1;39mresult of call to function returning 'Int32' is unused[0;0m [#]8;;https://docs.swift.org/compiler/documentation/diagnostics/no-usage\NoUsage]8;;\]
[0;36m3249 |[0;0m         }
[0;36m3250 |[0;0m         defer { fn.finalize(stmt) }

/private/tmp/board1-rc15-work-final/wt_IOS-R10-no-dispatch/ios/Packages/GodstoneFoundation/Sources/GodstoneMesh/MessageStore.swift:3250:20: [1;33mwarning: [1;39mresult of call to function returning 'Int32' is unused[0;0m [#]8;;https://docs.swift.org/compiler/documentation/diagnostics/no-usage\NoUsage]8;;\]
[0;36m3248 |[0;0m             fn.finalize(stmt); throw StoreError.prepareFailed
[0;36m3249 |[0;0m         }
[0;36m3250 |[0;0m         defer { fn.finalize(stmt) }
     [0;36m|[0;0m                    `- [1;33mwarning: [1;39mresult of call to function returning 'Int32' is unused[0;0m [#]8;;https://docs.swift.org/compiler/documentation/diagnostics/no-usage\NoUsage]8;;\]
[0;36m3251 |[0;0m         var columns: [String] = []
[0;36m3252 |[0;0m         while fn.step(stmt) == SQLITE_ROW {

/private/tmp/board1-rc15-work-final/wt_IOS-R10-no-dispatch/ios/Packages/GodstoneFoundation/Sources/GodstoneMesh/MessageStore.swift:3306:16: [1;33mwarning: [1;39mresult of call to function returning 'Int32' is unused[0;0m [#]8;;https://docs.swift.org/compiler/documentation/diagnostics/no-usage\NoUsage]8;;\]
[0;36m3304 |[0;0m         var stmt: OpaquePointer?
[0;36m3305 |[0;0m         guard fn.prepareV2(db, select, -1, &stmt, nil) == SQLITE_OK else {
[0;36m3306 |[0;0m             fn.finalize(stmt); return []
     [0;36m|[0;0m                `- [1;33mwarning: [1;39mresult of call to function returning 'Int32' is unused[0;0m [#]8;;https://docs.swift.org/compiler/documentation/diagnostics/no-usage\NoUsage]8;;\]
[0;36m3307 |[0;0m         }
[0;36m3308 |[0;0m         defer { fn.finalize(stmt) }

/private/tmp/board1-rc15-work-final/wt_IOS-R10-no-dispatch/ios/Packages/GodstoneFoundation/Sources/GodstoneMesh/MessageStore.swift:3308:20: [1;33mwarning: [1;39mresult of call to function returning 'Int32' is unused[0;0m [#]8;;https://docs.swift.org/compiler/documentation/diagnostics/no-usage\NoUsage]8;;\]
[0;36m3306 |[0;0m             fn.finalize(stmt); return []
[0;36m3307 |[0;0m         }
[0;36m3308 |[0;0m         defer { fn.finalize(stmt) }
     [0;36m|[0;0m                    `- [1;33mwarning: [1;39mresult of call to function returning 'Int32' is unused[0;0m [#]8;;https://docs.swift.org/compiler/documentation/diagnostics/no-usage\NoUsage]8;;\]
[0;36m3309 |[0;0m         var rows: [[[UInt8]?]] = []
[0;36m3310 |[0;0m         while fn.step(stmt) == SQLITE_ROW {

/private/tmp/board1-rc15-work-final/wt_IOS-R10-no-dispatch/ios/Packages/GodstoneFoundation/Sources/GodstoneMesh/MessageStore.swift:3382:16: [1;33mwarning: [1;39mresult of call to function returning 'Int32' is unused[0;0m [#]8;;https://docs.swift.org/compiler/documentation/diagnostics/no-usage\NoUsage]8;;\]
[0;36m3380 |[0;0m         var stmt: OpaquePointer?
[0;36m3381 |[0;0m         guard fn.prepareV2(db, StoreSchema.readDeliverySql, -1, &stmt, nil) == SQLITE_OK else {
[0;36m3382 |[0;0m             fn.finalize(stmt); throw StoreError.prepareFailed
     [0;36m|[0;0m                `- [1;33mwarning: [1;39mresult of call to function returning 'Int32' is unused[0;0m [#]8;;https://docs.swift.org/compiler/documentation/diagnostics/no-usage\NoUsage]8;;\]
[0;36m3383 |[0;0m         }
[0;36m3384 |[0;0m         defer { fn.finalize(stmt) }

/private/tmp/board1-rc15-work-final/wt_IOS-R10-no-dispatch/ios/Packages/GodstoneFoundation/Sources/GodstoneMesh/MessageStore.swift:3384:20: [1;33mwarning: [1;39mresult of call to function returning 'Int32' is unused[0;0m [#]8;;https://docs.swift.org/compiler/documentation/diagnostics/no-usage\NoUsage]8;;\]
[0;36m3382 |[0;0m             fn.finalize(stmt); throw StoreError.prepareFailed
[0;36m3383 |[0;0m         }
[0;36m3384 |[0;0m         defer { fn.finalize(stmt) }
     [0;36m|[0;0m                    `- [1;33mwarning: [1;39mresult of call to function returning 'Int32' is unused[0;0m [#]8;;https://docs.swift.org/compiler/documentation/diagnostics/no-usage\NoUsage]8;;\]
[0;36m3385 |[0;0m         bindBlob(stmt, 1, msgId)
[0;36m3386 |[0;0m         let rc = fn.step(stmt)

/private/tmp/board1-rc15-work-final/wt_IOS-R10-no-dispatch/ios/Packages/GodstoneFoundation/Sources/GodstoneMesh/MessageStore.swift:3406:16: [1;33mwarning: [1;39mresult of call to function returning 'Int32' is unused[0;0m [#]8;;https://docs.swift.org/compiler/documentation/diagnostics/no-usage\NoUsage]8;;\]
[0;36m3404 |[0;0m         var stmt: OpaquePointer?
[0;36m3405 |[0;0m         guard fn.prepareV2(db, StoreSchema.insertDeliverySql, -1, &stmt, nil) == SQLITE_OK else {
[0;36m3406 |[0;0m             fn.finalize(stmt); throw StoreError.prepareFailed
     [0;36m|[0;0m                `- [1;33mwarning: [1;39mresult of call to function returning 'Int32' is unused[0;0m [#]8;;https://docs.swift.org/compiler/documentation/diagnostics/no-usage\NoUsage]8;;\]
[0;36m3407 |[0;0m         }
[0;36m3408 |[0;0m         defer { fn.finalize(stmt) }

/private/tmp/board1-rc15-work-final/wt_IOS-R10-no-dispatch/ios/Packages/GodstoneFoundation/Sources/GodstoneMesh/MessageStore.swift:3408:20: [1;33mwarning: [1;39mresult of call to function returning 'Int32' is unused[0;0m [#]8;;https://docs.swift.org/compiler/documentation/diagnostics/no-usage\NoUsage]8;;\]
[0;36m3406 |[0;0m             fn.finalize(stmt); throw StoreError.prepareFailed
[0;36m3407 |[0;0m         }
[0;36m3408 |[0;0m         defer { fn.finalize(stmt) }
     [0;36m|[0;0m                    `- [1;33mwarning: [1;39mresult of call to function returning 'Int32' is unused[0;0m [#]8;;https://docs.swift.org/compiler/documentation/diagnostics/no-usage\NoUsage]8;;\]
[0;36m3409 |[0;0m         bindBlob(stmt, 1, msgId)
[0;36m3410 |[0;0m         fn.bindInt(stmt, 2, stateOrdinal)

/private/tmp/board1-rc15-work-final/wt_IOS-R10-no-dispatch/ios/Packages/GodstoneFoundation/Sources/GodstoneMesh/MessageStore.swift:3410:12: [1;33mwarning: [1;39mresult of call to function returning 'Int32' is unused[0;0m [#]8;;https://docs.swift.org/compiler/documentation/diagnostics/no-usage\NoUsage]8;;\]
[0;36m3408 |[0;0m         defer { fn.finalize(stmt) }
[0;36m3409 |[0;0m         bindBlob(stmt, 1, msgId)
[0;36m3410 |[0;0m         fn.bindInt(stmt, 2, stateOrdinal)
     [0;36m|[0;0m            `- [1;33mwarning: [1;39mresult of call to function returning 'Int32' is unused[0;0m [#]8;;https://docs.swift.org/compiler/documentation/diagnostics/no-usage\NoUsage]8;;\]
[0;36m3411 |[0;0m         fn.bindInt(stmt, 3, ackModeOrdinal)
[0;36m3412 |[0;0m         if let r = expectedRecipient { bindBlob(stmt, 4, r) } else { fn.bindNull(stmt, 4) }

/private/tmp/board1-rc15-work-final/wt_IOS-R10-no-dispatch/ios/Packages/GodstoneFoundation/Sources/GodstoneMesh/MessageStore.swift:3411:12: [1;33mwarning: [1;39mresult of call to function returning 'Int32' is unused[0;0m [#]8;;https://docs.swift.org/compiler/documentation/diagnostics/no-usage\NoUsage]8;;\]
[0;36m3409 |[0;0m         bindBlob(stmt, 1, msgId)
[0;36m3410 |[0;0m         fn.bindInt(stmt, 2, stateOrdinal)
[0;36m3411 |[0;0m         fn.bindInt(stmt, 3, ackModeOrdinal)
     [0;36m|[0;0m            `- [1;33mwarning: [1;39mresult of call to function returning 'Int32' is unused[0;0m [#]8;;https://docs.swift.org/compiler/documentation/diagnostics/no-usage\NoUsage]8;;\]
[0;36m3412 |[0;0m         if let r = expectedRecipient { bindBlob(stmt, 4, r) } else { fn.bindNull(stmt, 4) }
[0;36m3413 |[0;0m         guard fn.step(stmt) == SQLITE_DONE else { throw StoreError.stepFailed }

/private/tmp/board1-rc15-work-final/wt_IOS-R10-no-dispatch/ios/Packages/GodstoneFoundation/Sources/GodstoneMesh/MessageStore.swift:3412:73: [1;33mwarning: [1;39mresult of call to function returning 'Int32' is unused[0;0m [#]8;;https://docs.swift.org/compiler/documentation/diagnostics/no-usage\NoUsage]8;;\]
[0;36m3410 |[0;0m         fn.bindInt(stmt, 2, stateOrdinal)
[0;36m3411 |[0;0m         fn.bindInt(stmt, 3, ackModeOrdinal)
[0;36m3412 |[0;0m         if let r = expectedRecipient { bindBlob(stmt, 4, r) } else { fn.bindNull(stmt, 4) }
     [0;36m|[0;0m                                                                         `- [1;33mwarning: [1;39mresult of call to function returning 'Int32' is unused[0;0m [#]8;;https://docs.swift.org/compiler/documentation/diagnostics/no-usage\NoUsage]8;;\]
[0;36m3413 |[0;0m         guard fn.step(stmt) == SQLITE_DONE else { throw StoreError.stepFailed }
[0;36m3414 |[0;0m         return fn.changes(db) > 0   // 1 inserted, 0 on conflict (DO NOTHING)

/private/tmp/board1-rc15-work-final/wt_IOS-R10-no-dispatch/ios/Packages/GodstoneFoundation/Sources/GodstoneMesh/MessageStore.swift:3459:16: [1;33mwarning: [1;39mresult of call to function returning 'Int32' is unused[0;0m [#]8;;https://docs.swift.org/compiler/documentation/diagnostics/no-usage\NoUsage]8;;\]
[0;36m3457 |[0;0m         var stmt: OpaquePointer?
[0;36m3458 |[0;0m         guard fn.prepareV2(db, Self.intentInsertIfAbsentSql, -1, &stmt, nil) == SQLITE_OK else {
[0;36m3459 |[0;0m             fn.finalize(stmt); throw StoreError.stepFailed
     [0;36m|[0;0m                `- [1;33mwarning: [1;39mresult of call to function returning 'Int32' is unused[0;0m [#]8;;https://docs.swift.org/compiler/documentation/diagnostics/no-usage\NoUsage]8;;\]
[0;36m3460 |[0;0m         }
[0;36m3461 |[0;0m         defer { fn.finalize(stmt) }

/private/tmp/board1-rc15-work-final/wt_IOS-R10-no-dispatch/ios/Packages/GodstoneFoundation/Sources/GodstoneMesh/MessageStore.swift:3461:20: [1;33mwarning: [1;39mresult of call to function returning 'Int32' is unused[0;0m [#]8;;https://docs.swift.org/compiler/documentation/diagnostics/no-usage\NoUsage]8;;\]
[0;36m3459 |[0;0m             fn.finalize(stmt); throw StoreError.stepFailed
[0;36m3460 |[0;0m         }
[0;36m3461 |[0;0m         defer { fn.finalize(stmt) }
     [0;36m|[0;0m                    `- [1;33mwarning: [1;39mresult of call to function returning 'Int32' is unused[0;0m [#]8;;https://docs.swift.org/compiler/documentation/diagnostics/no-usage\NoUsage]8;;\]
[0;36m3462 |[0;0m         // *** CRYPTO-005 (round 489): THE TWO LISTS ARE READ TOGETHER, WHICH IS THE LAW THIS SPAN LEARNED FOR THE SCHEMA AT ROUND 432
[0;36m3463 |[0;0m         // ("a list that describeth a shape existeth in more than one place"), APPLIED HERE TO A **BIND SEQUENCE**. The first version

/private/tmp/board1-rc15-work-final/wt_IOS-R10-no-dispatch/ios/Packages/GodstoneFoundation/Sources/GodstoneMesh/MessageStore.swift:3505:16: [1;33mwarning: [1;39mresult of call to function returning 'Int32' is unused[0;0m [#]8;;https://docs.swift.org/compiler/documentation/diagnostics/no-usage\NoUsage]8;;\]
[0;36m3503 |[0;0m         var stmt: OpaquePointer?
[0;36m3504 |[0;0m         guard fn.prepareV2(db, Self.intentAdvanceSql, -1, &stmt, nil) == SQLITE_OK else {
[0;36m3505 |[0;0m             fn.finalize(stmt); throw StoreError.stepFailed
     [0;36m|[0;0m                `- [1;33mwarning: [1;39mresult of call to function returning 'Int32' is unused[0;0m [#]8;;https://docs.swift.org/compiler/documentation/diagnostics/no-usage\NoUsage]8;;\]
[0;36m3506 |[0;0m         }
[0;36m3507 |[0;0m         defer { fn.finalize(stmt) }

/private/tmp/board1-rc15-work-final/wt_IOS-R10-no-dispatch/ios/Packages/GodstoneFoundation/Sources/GodstoneMesh/MessageStore.swift:3507:20: [1;33mwarning: [1;39mresult of call to function returning 'Int32' is unused[0;0m [#]8;;https://docs.swift.org/compiler/documentation/diagnostics/no-usage\NoUsage]8;;\]
[0;36m3505 |[0;0m             fn.finalize(stmt); throw StoreError.stepFailed
[0;36m3506 |[0;0m         }
[0;36m3507 |[0;0m         defer { fn.finalize(stmt) }
     [0;36m|[0;0m                    `- [1;33mwarning: [1;39mresult of call to function returning 'Int32' is unused[0;0m [#]8;;https://docs.swift.org/compiler/documentation/diagnostics/no-usage\NoUsage]8;;\]
[0;36m3508 |[0;0m         guard fn.bindInt64(stmt, 1, Int64(to.rawValue)) == SQLITE_OK,
[0;36m3509 |[0;0m               fn.bindBlob(stmt, 2, (intentId as NSData).bytes, Int32(intentId.count), nil) == SQLITE_OK,

/private/tmp/board1-rc15-work-final/wt_IOS-R10-no-dispatch/ios/Packages/GodstoneFoundation/Sources/GodstoneMesh/MessageStore.swift:3542:16: [1;33mwarning: [1;39mresult of call to function returning 'Int32' is unused[0;0m [#]8;;https://docs.swift.org/compiler/documentation/diagnostics/no-usage\NoUsage]8;;\]
[0;36m3540 |[0;0m         var stmt: OpaquePointer?
[0;36m3541 |[0;0m         guard fn.prepareV2(db, Self.intentSelectSql, -1, &stmt, nil) == SQLITE_OK else {
[0;36m3542 |[0;0m             fn.finalize(stmt)
     [0;36m|[0;0m                `- [1;33mwarning: [1;39mresult of call to function returning 'Int32' is unused[0;0m [#]8;;https://docs.swift.org/compiler/documentation/diagnostics/no-usage\NoUsage]8;;\]
[0;36m3543 |[0;0m             throw StoreError.stepFailed
[0;36m3544 |[0;0m         }

/private/tmp/board1-rc15-work-final/wt_IOS-R10-no-dispatch/ios/Packages/GodstoneFoundation/Sources/GodstoneMesh/MessageStore.swift:3545:20: [1;33mwarning: [1;39mresult of call to function returning 'Int32' is unused[0;0m [#]8;;https://docs.swift.org/compiler/documentation/diagnostics/no-usage\NoUsage]8;;\]
[0;36m3543 |[0;0m             throw StoreError.stepFailed
[0;36m3544 |[0;0m         }
[0;36m3545 |[0;0m         defer { fn.finalize(stmt) }
     [0;36m|[0;0m                    `- [1;33mwarning: [1;39mresult of call to function returning 'Int32' is unused[0;0m [#]8;;https://docs.swift.org/compiler/documentation/diagnostics/no-usage\NoUsage]8;;\]
[0;36m3546 |[0;0m         guard fn.bindBlob(stmt, 1, (intentId as NSData).bytes, Int32(intentId.count), nil) == SQLITE_OK else {
[0;36m3547 |[0;0m             throw StoreError.stepFailed

/private/tmp/board1-rc15-work-final/wt_IOS-R10-no-dispatch/ios/Packages/GodstoneFoundation/Sources/GodstoneMesh/MessageStore.swift:3599:20: [1;33mwarning: [1;39mresult of call to function returning 'Int32' is unused[0;0m [#]8;;https://docs.swift.org/compiler/documentation/diagnostics/no-usage\NoUsage]8;;\]
[0;36m3597 |[0;0m             let sql = "SELECT \(StoreSchema.colDMsgId) FROM \(StoreSchema.deliveryTable)"
[0;36m3598 |[0;0m             guard fn.prepareV2(db, sql, -1, &stmt, nil) == SQLITE_OK else {
[0;36m3599 |[0;0m                 fn.finalize(stmt)
     [0;36m|[0;0m                    `- [1;33mwarning: [1;39mresult of call to function returning 'Int32' is unused[0;0m [#]8;;https://docs.swift.org/compiler/documentation/diagnostics/no-usage\NoUsage]8;;\]
[0;36m3600 |[0;0m                 throw StoreError.prepareFailed
[0;36m3601 |[0;0m             }

/private/tmp/board1-rc15-work-final/wt_IOS-R10-no-dispatch/ios/Packages/GodstoneFoundation/Sources/GodstoneMesh/MessageStore.swift:3602:24: [1;33mwarning: [1;39mresult of call to function returning 'Int32' is unused[0;0m [#]8;;https://docs.swift.org/compiler/documentation/diagnostics/no-usage\NoUsage]8;;\]
[0;36m3600 |[0;0m                 throw StoreError.prepareFailed
[0;36m3601 |[0;0m             }
[0;36m3602 |[0;0m             defer { fn.finalize(stmt) }
     [0;36m|[0;0m                        `- [1;33mwarning: [1;39mresult of call to function returning 'Int32' is unused[0;0m [#]8;;https://docs.swift.org/compiler/documentation/diagnostics/no-usage\NoUsage]8;;\]
[0;36m3603 |[0;0m             var out: [Data] = []
[0;36m3604 |[0;0m             while fn.step(stmt) == SQLITE_ROW {

/private/tmp/board1-rc15-work-final/wt_IOS-R10-no-dispatch/ios/Packages/GodstoneFoundation/Sources/GodstoneMesh/MessageStore.swift:3642:20: [1;33mwarning: [1;39mresult of call to function returning 'Int32' is unused[0;0m [#]8;;https://docs.swift.org/compiler/documentation/diagnostics/no-usage\NoUsage]8;;\]
[0;36m3640 |[0;0m             var stmt: OpaquePointer?
[0;36m3641 |[0;0m             guard fn.prepareV2(db, sql, -1, &stmt, nil) == SQLITE_OK else {
[0;36m3642 |[0;0m                 fn.finalize(stmt); throw StoreError.prepareFailed
     [0;36m|[0;0m                    `- [1;33mwarning: [1;39mresult of call to function returning 'Int32' is unused[0;0m [#]8;;https://docs.swift.org/compiler/documentation/diagnostics/no-usage\NoUsage]8;;\]
[0;36m3643 |[0;0m             }
[0;36m3644 |[0;0m             defer { fn.finalize(stmt) }

/private/tmp/board1-rc15-work-final/wt_IOS-R10-no-dispatch/ios/Packages/GodstoneFoundation/Sources/GodstoneMesh/MessageStore.swift:3646:78: [1;33mwarning: [1;39mresult of call to function returning 'Int32' is unused[0;0m [#]8;;https://docs.swift.org/compiler/documentation/diagnostics/no-usage\NoUsage]8;;\]
[0;36m3644 |[0;0m             defer { fn.finalize(stmt) }
[0;36m3645 |[0;0m             for (i, arg) in bytesArgs.enumerated() {
[0;36m3646 |[0;0m                 if let d = arg { bindBlob(stmt, Int32(i + 1), d) } else { fn.bindNull(stmt, Int32(i + 1)) }
     [0;36m|[0;0m                                                                              `- [1;33mwarning: [1;39mresult of call to function returning 'Int32' is unused[0;0m [#]8;;https://docs.swift.org/compiler/documentation/diagnostics/no-usage\NoUsage]8;;\]
[0;36m3647 |[0;0m             }
[0;36m3648 |[0;0m             guard fn.step(stmt) == SQLITE_DONE else { throw StoreError.stepFailed }

/private/tmp/board1-rc15-work-final/wt_IOS-R10-no-dispatch/ios/Packages/GodstoneFoundation/Sources/GodstoneMesh/MessageStore.swift:3644:24: [1;33mwarning: [1;39mresult of call to function returning 'Int32' is unused[0;0m [#]8;;https://docs.swift.org/compiler/documentation/diagnostics/no-usage\NoUsage]8;;\]
[0;36m3642 |[0;0m                 fn.finalize(stmt); throw StoreError.prepareFailed
[0;36m3643 |[0;0m             }
[0;36m3644 |[0;0m             defer { fn.finalize(stmt) }
     [0;36m|[0;0m                        `- [1;33mwarning: [1;39mresult of call to function returning 'Int32' is unused[0;0m [#]8;;https://docs.swift.org/compiler/documentation/diagnostics/no-usage\NoUsage]8;;\]
[0;36m3645 |[0;0m             for (i, arg) in bytesArgs.enumerated() {
[0;36m3646 |[0;0m                 if let d = arg { bindBlob(stmt, Int32(i + 1), d) } else { fn.bindNull(stmt, Int32(i + 1)) }

/private/tmp/board1-rc15-work-final/wt_IOS-R10-no-dispatch/ios/Packages/GodstoneFoundation/Sources/GodstoneMesh/MessageStore.swift:3683:24: [1;33mwarning: [1;39mresult of call to function returning 'Int32' is unused[0;0m [#]8;;https://docs.swift.org/compiler/documentation/diagnostics/no-usage\NoUsage]8;;\]
[0;36m3681 |[0;0m                 var stmt: OpaquePointer?
[0;36m3682 |[0;0m                 guard fn.prepareV2(db, guardedAckSql, -1, &stmt, nil) == SQLITE_OK else {
[0;36m3683 |[0;0m                     fn.finalize(stmt); throw StoreError.prepareFailed
     [0;36m|[0;0m                        `- [1;33mwarning: [1;39mresult of call to function returning 'Int32' is unused[0;0m [#]8;;https://docs.swift.org/compiler/documentation/diagnostics/no-usage\NoUsage]8;;\]
[0;36m3684 |[0;0m                 }
[0;36m3685 |[0;0m                 defer { fn.finalize(stmt) }

/private/tmp/board1-rc15-work-final/wt_IOS-R10-no-dispatch/ios/Packages/GodstoneFoundation/Sources/GodstoneMesh/MessageStore.swift:3702:24: [1;33mwarning: [1;39mresult of call to function returning 'Int32' is unused[0;0m [#]8;;https://docs.swift.org/compiler/documentation/diagnostics/no-usage\NoUsage]8;;\]
[0;36m3700 |[0;0m                 var delStmt: OpaquePointer?
[0;36m3701 |[0;0m                 guard fn.prepareV2(db, deleteHeldSql, -1, &delStmt, nil) == SQLITE_OK else {
[0;36m3702 |[0;0m                     fn.finalize(delStmt); throw StoreError.prepareFailed
     [0;36m|[0;0m                        `- [1;33mwarning: [1;39mresult of call to function returning 'Int32' is unused[0;0m [#]8;;https://docs.swift.org/compiler/documentation/diagnostics/no-usage\NoUsage]8;;\]
[0;36m3703 |[0;0m                 }
[0;36m3704 |[0;0m                 defer { fn.finalize(delStmt) }

/private/tmp/board1-rc15-work-final/wt_IOS-R10-no-dispatch/ios/Packages/GodstoneFoundation/Sources/GodstoneMesh/MessageStore.swift:3685:28: [1;33mwarning: [1;39mresult of call to function returning 'Int32' is unused[0;0m [#]8;;https://docs.swift.org/compiler/documentation/diagnostics/no-usage\NoUsage]8;;\]
[0;36m3683 |[0;0m                     fn.finalize(stmt); throw StoreError.prepareFailed
[0;36m3684 |[0;0m                 }
[0;36m3685 |[0;0m                 defer { fn.finalize(stmt) }
     [0;36m|[0;0m                            `- [1;33mwarning: [1;39mresult of call to function returning 'Int32' is unused[0;0m [#]8;;https://docs.swift.org/compiler/documentation/diagnostics/no-usage\NoUsage]8;;\]
[0;36m3686 |[0;0m                 bindBlob(stmt, 1, msgId)
[0;36m3687 |[0;0m                 bindBlob(stmt, 2, expectedRecipient)

/private/tmp/board1-rc15-work-final/wt_IOS-R10-no-dispatch/ios/Packages/GodstoneFoundation/Sources/GodstoneMesh/MessageStore.swift:3704:28: [1;33mwarning: [1;39mresult of call to function returning 'Int32' is unused[0;0m [#]8;;https://docs.swift.org/compiler/documentation/diagnostics/no-usage\NoUsage]8;;\]
[0;36m3702 |[0;0m                     fn.finalize(delStmt); throw StoreError.prepareFailed
[0;36m3703 |[0;0m                 }
[0;36m3704 |[0;0m                 defer { fn.finalize(delStmt) }
     [0;36m|[0;0m                            `- [1;33mwarning: [1;39mresult of call to function returning 'Int32' is unused[0;0m [#]8;;https://docs.swift.org/compiler/documentation/diagnostics/no-usage\NoUsage]8;;\]
[0;36m3705 |[0;0m                 bindBlob(delStmt, 1, msgId)
[0;36m3706 |[0;0m                 guard fn.step(delStmt) == SQLITE_DONE else { throw StoreError.stepFailed }

/private/tmp/board1-rc15-work-final/wt_IOS-R10-no-dispatch/ios/Packages/GodstoneFoundation/Sources/GodstoneMesh/MessageStore.swift:3754:24: [1;33mwarning: [1;39mresult of call to function returning 'Int32' is unused[0;0m [#]8;;https://docs.swift.org/compiler/documentation/diagnostics/no-usage\NoUsage]8;;\]
[0;36m3752 |[0;0m                 var stmt: OpaquePointer?
[0;36m3753 |[0;0m                 guard fn.prepareV2(db, guardedTransitionSql, -1, &stmt, nil) == SQLITE_OK else {
[0;36m3754 |[0;0m                     fn.finalize(stmt); throw StoreError.prepareFailed
     [0;36m|[0;0m                        `- [1;33mwarning: [1;39mresult of call to function returning 'Int32' is unused[0;0m [#]8;;https://docs.swift.org/compiler/documentation/diagnostics/no-usage\NoUsage]8;;\]
[0;36m3755 |[0;0m                 }
[0;36m3756 |[0;0m                 defer { fn.finalize(stmt) }

/private/tmp/board1-rc15-work-final/wt_IOS-R10-no-dispatch/ios/Packages/GodstoneFoundation/Sources/GodstoneMesh/MessageStore.swift:3772:24: [1;33mwarning: [1;39mresult of call to function returning 'Int32' is unused[0;0m [#]8;;https://docs.swift.org/compiler/documentation/diagnostics/no-usage\NoUsage]8;;\]
[0;36m3770 |[0;0m                 var delStmt: OpaquePointer?
[0;36m3771 |[0;0m                 guard fn.prepareV2(db, deleteHeldSql, -1, &delStmt, nil) == SQLITE_OK else {
[0;36m3772 |[0;0m                     fn.finalize(delStmt); throw StoreError.prepareFailed
     [0;36m|[0;0m                        `- [1;33mwarning: [1;39mresult of call to function returning 'Int32' is unused[0;0m [#]8;;https://docs.swift.org/compiler/documentation/diagnostics/no-usage\NoUsage]8;;\]
[0;36m3773 |[0;0m                 }
[0;36m3774 |[0;0m                 defer { fn.finalize(delStmt) }

/private/tmp/board1-rc15-work-final/wt_IOS-R10-no-dispatch/ios/Packages/GodstoneFoundation/Sources/GodstoneMesh/MessageStore.swift:3756:28: [1;33mwarning: [1;39mresult of call to function returning 'Int32' is unused[0;0m [#]8;;https://docs.swift.org/compiler/documentation/diagnostics/no-usage\NoUsage]8;;\]
[0;36m3754 |[0;0m                     fn.finalize(stmt); throw StoreError.prepareFailed
[0;36m3755 |[0;0m                 }
[0;36m3756 |[0;0m                 defer { fn.finalize(stmt) }
     [0;36m|[0;0m                            `- [1;33mwarning: [1;39mresult of call to function returning 'Int32' is unused[0;0m [#]8;;https://docs.swift.org/compiler/documentation/diagnostics/no-usage\NoUsage]8;;\]
[0;36m3757 |[0;0m                 bindBlob(stmt, 1, msgId)
[0;36m3758 |[0;0m                 guard fn.step(stmt) == SQLITE_DONE else { throw StoreError.stepFailed }

/private/tmp/board1-rc15-work-final/wt_IOS-R10-no-dispatch/ios/Packages/GodstoneFoundation/Sources/GodstoneMesh/MessageStore.swift:3774:28: [1;33mwarning: [1;39mresult of call to function returning 'Int32' is unused[0;0m [#]8;;https://docs.swift.org/compiler/documentation/diagnostics/no-usage\NoUsage]8;;\]
[0;36m3772 |[0;0m                     fn.finalize(delStmt); throw StoreError.prepareFailed
[0;36m3773 |[0;0m                 }
[0;36m3774 |[0;0m                 defer { fn.finalize(delStmt) }
     [0;36m|[0;0m                            `- [1;33mwarning: [1;39mresult of call to function returning 'Int32' is unused[0;0m [#]8;;https://docs.swift.org/compiler/documentation/diagnostics/no-usage\NoUsage]8;;\]
[0;36m3775 |[0;0m                 bindBlob(delStmt, 1, msgId)
[0;36m3776 |[0;0m                 guard fn.step(delStmt) == SQLITE_DONE else { throw StoreError.stepFailed }

/private/tmp/board1-rc15-work-final/wt_IOS-R10-no-dispatch/ios/Packages/GodstoneFoundation/Sources/GodstoneMesh/MessageStore.swift:3824:20: [1;33mwarning: [1;39mresult of call to function returning 'Int32' is unused[0;0m [#]8;;https://docs.swift.org/compiler/documentation/diagnostics/no-usage\NoUsage]8;;\]
[0;36m3822 |[0;0m             var stmt: OpaquePointer?
[0;36m3823 |[0;0m             guard fn.prepareV2(db, sql, -1, &stmt, nil) == SQLITE_OK else {
[0;36m3824 |[0;0m                 fn.finalize(stmt); return 0
     [0;36m|[0;0m                    `- [1;33mwarning: [1;39mresult of call to function returning 'Int32' is unused[0;0m [#]8;;https://docs.swift.org/compiler/documentation/diagnostics/no-usage\NoUsage]8;;\]
[0;36m3825 |[0;0m             }
[0;36m3826 |[0;0m             defer { fn.finalize(stmt) }

/private/tmp/board1-rc15-work-final/wt_IOS-R10-no-dispatch/ios/Packages/GodstoneFoundation/Sources/GodstoneMesh/MessageStore.swift:3830:16: [1;33mwarning: [1;39mresult of call to function returning 'Int32' is unused[0;0m [#]8;;https://docs.swift.org/compiler/documentation/diagnostics/no-usage\NoUsage]8;;\]
[0;36m3828 |[0;0m                 bindBlob(stmt, Int32(i + 1), arg)
[0;36m3829 |[0;0m             }
[0;36m3830 |[0;0m             fn.step(stmt)
     [0;36m|[0;0m                `- [1;33mwarning: [1;39mresult of call to function returning 'Int32' is unused[0;0m [#]8;;https://docs.swift.org/compiler/documentation/diagnostics/no-usage\NoUsage]8;;\]
[0;36m3831 |[0;0m             return Int(fn.changes(db))
[0;36m3832 |[0;0m         } ?? 0

/private/tmp/board1-rc15-work-final/wt_IOS-R10-no-dispatch/ios/Packages/GodstoneFoundation/Sources/GodstoneMesh/MessageStore.swift:3826:24: [1;33mwarning: [1;39mresult of call to function returning 'Int32' is unused[0;0m [#]8;;https://docs.swift.org/compiler/documentation/diagnostics/no-usage\NoUsage]8;;\]
[0;36m3824 |[0;0m                 fn.finalize(stmt); return 0
[0;36m3825 |[0;0m             }
[0;36m3826 |[0;0m             defer { fn.finalize(stmt) }
     [0;36m|[0;0m                        `- [1;33mwarning: [1;39mresult of call to function returning 'Int32' is unused[0;0m [#]8;;https://docs.swift.org/compiler/documentation/diagnostics/no-usage\NoUsage]8;;\]
[0;36m3827 |[0;0m             for (i, arg) in bytesArgs.enumerated() {
[0;36m3828 |[0;0m                 bindBlob(stmt, Int32(i + 1), arg)

/private/tmp/board1-rc15-work-final/wt_IOS-R10-no-dispatch/ios/Packages/GodstoneFoundation/Sources/GodstoneMesh/MessageStore.swift:3906:16: [1;33mwarning: [1;39mresult of call to function returning 'Int32' is unused[0;0m [#]8;;https://docs.swift.org/compiler/documentation/diagnostics/no-usage\NoUsage]8;;\]
[0;36m3904 |[0;0m     private func bindBlob(_ stmt: OpaquePointer?, _ index: Int32, _ data: Data) {
[0;36m3905 |[0;0m         data.withUnsafeBytes { (raw: UnsafeRawBufferPointer) -> Void in
[0;36m3906 |[0;0m             fn.bindBlob(stmt, index, raw.baseAddress, Int32(data.count), storeSqliteTransient)
     [0;36m|[0;0m                `- [1;33mwarning: [1;39mresult of call to function returning 'Int32' is unused[0;0m [#]8;;https://docs.swift.org/compiler/documentation/diagnostics/no-usage\NoUsage]8;;\]
[0;36m3907 |[0;0m         }
[0;36m3908 |[0;0m     }

/private/tmp/board1-rc15-work-final/wt_IOS-R10-no-dispatch/ios/Packages/GodstoneFoundation/Sources/GodstoneMesh/MessageStore.swift:4407:16: [1;33mwarning: [1;39mresult of call to function returning 'Int32' is unused[0;0m [#]8;;https://docs.swift.org/compiler/documentation/diagnostics/no-usage\NoUsage]8;;\]
[0;36m4405 |[0;0m         var stmt: OpaquePointer?
[0;36m4406 |[0;0m         guard fn.prepareV2(db, StoreSchema.insertObligationSql, -1, &stmt, nil) == SQLITE_OK else {
[0;36m4407 |[0;0m             fn.finalize(stmt); throw StoreError.prepareFailed
     [0;36m|[0;0m                `- [1;33mwarning: [1;39mresult of call to function returning 'Int32' is unused[0;0m [#]8;;https://docs.swift.org/compiler/documentation/diagnostics/no-usage\NoUsage]8;;\]
[0;36m4408 |[0;0m         }
[0;36m4409 |[0;0m         defer { fn.finalize(stmt) }

/private/tmp/board1-rc15-work-final/wt_IOS-R10-no-dispatch/ios/Packages/GodstoneFoundation/Sources/GodstoneMesh/MessageStore.swift:4409:20: [1;33mwarning: [1;39mresult of call to function returning 'Int32' is unused[0;0m [#]8;;https://docs.swift.org/compiler/documentation/diagnostics/no-usage\NoUsage]8;;\]
[0;36m4407 |[0;0m             fn.finalize(stmt); throw StoreError.prepareFailed
[0;36m4408 |[0;0m         }
[0;36m4409 |[0;0m         defer { fn.finalize(stmt) }
     [0;36m|[0;0m                    `- [1;33mwarning: [1;39mresult of call to function returning 'Int32' is unused[0;0m [#]8;;https://docs.swift.org/compiler/documentation/diagnostics/no-usage\NoUsage]8;;\]
[0;36m4410 |[0;0m         bindBlob(stmt, 1, msgId)
[0;36m4411 |[0;0m         bindBlob(stmt, 2, recipientNodeId)

/private/tmp/board1-rc15-work-final/wt_IOS-R10-no-dispatch/ios/Packages/GodstoneFoundation/Sources/GodstoneMesh/MessageStore.swift:4412:12: [1;33mwarning: [1;39mresult of call to function returning 'Int32' is unused[0;0m [#]8;;https://docs.swift.org/compiler/documentation/diagnostics/no-usage\NoUsage]8;;\]
[0;36m4410 |[0;0m         bindBlob(stmt, 1, msgId)
[0;36m4411 |[0;0m         bindBlob(stmt, 2, recipientNodeId)
[0;36m4412 |[0;0m         fn.bindInt64(stmt, 3, identityGeneration)
     [0;36m|[0;0m            `- [1;33mwarning: [1;39mresult of call to function returning 'Int32' is unused[0;0m [#]8;;https://docs.swift.org/compiler/documentation/diagnostics/no-usage\NoUsage]8;;\]
[0;36m4413 |[0;0m         fn.bindInt64(stmt, 4, remainingLifetimeMs)
[0;36m4414 |[0;0m         fn.bindInt(stmt, 5, stateCode)

/private/tmp/board1-rc15-work-final/wt_IOS-R10-no-dispatch/ios/Packages/GodstoneFoundation/Sources/GodstoneMesh/MessageStore.swift:4413:12: [1;33mwarning: [1;39mresult of call to function returning 'Int32' is unused[0;0m [#]8;;https://docs.swift.org/compiler/documentation/diagnostics/no-usage\NoUsage]8;;\]
[0;36m4411 |[0;0m         bindBlob(stmt, 2, recipientNodeId)
[0;36m4412 |[0;0m         fn.bindInt64(stmt, 3, identityGeneration)
[0;36m4413 |[0;0m         fn.bindInt64(stmt, 4, remainingLifetimeMs)
     [0;36m|[0;0m            `- [1;33mwarning: [1;39mresult of call to function returning 'Int32' is unused[0;0m [#]8;;https://docs.swift.org/compiler/documentation/diagnostics/no-usage\NoUsage]8;;\]
[0;36m4414 |[0;0m         fn.bindInt(stmt, 5, stateCode)
[0;36m4415 |[0;0m         guard fn.step(stmt) == SQLITE_DONE else { throw StoreError.stepFailed }

/private/tmp/board1-rc15-work-final/wt_IOS-R10-no-dispatch/ios/Packages/GodstoneFoundation/Sources/GodstoneMesh/MessageStore.swift:4414:12: [1;33mwarning: [1;39mresult of call to function returning 'Int32' is unused[0;0m [#]8;;https://docs.swift.org/compiler/documentation/diagnostics/no-usage\NoUsage]8;;\]
[0;36m4412 |[0;0m         fn.bindInt64(stmt, 3, identityGeneration)
[0;36m4413 |[0;0m         fn.bindInt64(stmt, 4, remainingLifetimeMs)
[0;36m4414 |[0;0m         fn.bindInt(stmt, 5, stateCode)
     [0;36m|[0;0m            `- [1;33mwarning: [1;39mresult of call to function returning 'Int32' is unused[0;0m [#]8;;https://docs.swift.org/compiler/documentation/diagnostics/no-usage\NoUsage]8;;\]
[0;36m4415 |[0;0m         guard fn.step(stmt) == SQLITE_DONE else { throw StoreError.stepFailed }
[0;36m4416 |[0;0m         return fn.changes(db) > 0   // 1 inserted, 0 on pair-key conflict (DO NOTHING)

/private/tmp/board1-rc15-work-final/wt_IOS-R10-no-dispatch/ios/Packages/GodstoneFoundation/Sources/GodstoneMesh/MessageStore.swift:4429:16: [1;33mwarning: [1;39mresult of call to function returning 'Int32' is unused[0;0m [#]8;;https://docs.swift.org/compiler/documentation/diagnostics/no-usage\NoUsage]8;;\]
[0;36m4427 |[0;0m         var stmt: OpaquePointer?
[0;36m4428 |[0;0m         guard fn.prepareV2(db, StoreSchema.readObligationSql, -1, &stmt, nil) == SQLITE_OK else {
[0;36m4429 |[0;0m             fn.finalize(stmt); throw StoreError.prepareFailed
     [0;36m|[0;0m                `- [1;33mwarning: [1;39mresult of call to function returning 'Int32' is unused[0;0m [#]8;;https://docs.swift.org/compiler/documentation/diagnostics/no-usage\NoUsage]8;;\]
[0;36m4430 |[0;0m         }
[0;36m4431 |[0;0m         defer { fn.finalize(stmt) }

/private/tmp/board1-rc15-work-final/wt_IOS-R10-no-dispatch/ios/Packages/GodstoneFoundation/Sources/GodstoneMesh/MessageStore.swift:4431:20: [1;33mwarning: [1;39mresult of call to function returning 'Int32' is unused[0;0m [#]8;;https://docs.swift.org/compiler/documentation/diagnostics/no-usage\NoUsage]8;;\]
[0;36m4429 |[0;0m             fn.finalize(stmt); throw StoreError.prepareFailed
[0;36m4430 |[0;0m         }
[0;36m4431 |[0;0m         defer { fn.finalize(stmt) }
     [0;36m|[0;0m                    `- [1;33mwarning: [1;39mresult of call to function returning 'Int32' is unused[0;0m [#]8;;https://docs.swift.org/compiler/documentation/diagnostics/no-usage\NoUsage]8;;\]
[0;36m4432 |[0;0m         bindBlob(stmt, 1, msgId)
[0;36m4433 |[0;0m         bindBlob(stmt, 2, recipientNodeId)

/private/tmp/board1-rc15-work-final/wt_IOS-R10-no-dispatch/ios/Packages/GodstoneFoundation/Sources/GodstoneMesh/MessageStore.swift:4449:20: [1;33mwarning: [1;39mresult of call to function returning 'Int32' is unused[0;0m [#]8;;https://docs.swift.org/compiler/documentation/diagnostics/no-usage\NoUsage]8;;\]
[0;36m4447 |[0;0m             var stmt: OpaquePointer?
[0;36m4448 |[0;0m             guard fn.prepareV2(db, StoreSchema.listPendingObligationSql, -1, &stmt, nil) == SQLITE_OK else {
[0;36m4449 |[0;0m                 fn.finalize(stmt); throw StoreError.prepareFailed
     [0;36m|[0;0m                    `- [1;33mwarning: [1;39mresult of call to function returning 'Int32' is unused[0;0m [#]8;;https://docs.swift.org/compiler/documentation/diagnostics/no-usage\NoUsage]8;;\]
[0;36m4450 |[0;0m             }
[0;36m4451 |[0;0m             defer { fn.finalize(stmt) }

/private/tmp/board1-rc15-work-final/wt_IOS-R10-no-dispatch/ios/Packages/GodstoneFoundation/Sources/GodstoneMesh/MessageStore.swift:4452:16: [1;33mwarning: [1;39mresult of call to function returning 'Int32' is unused[0;0m [#]8;;https://docs.swift.org/compiler/documentation/diagnostics/no-usage\NoUsage]8;;\]
[0;36m4450 |[0;0m             }
[0;36m4451 |[0;0m             defer { fn.finalize(stmt) }
[0;36m4452 |[0;0m             fn.bindInt64(stmt, 1, Int64(bound))
     [0;36m|[0;0m                `- [1;33mwarning: [1;39mresult of call to function returning 'Int32' is unused[0;0m [#]8;;https://docs.swift.org/compiler/documentation/diagnostics/no-usage\NoUsage]8;;\]
[0;36m4453 |[0;0m             var out: [ObligationEntryRow] = []
[0;36m4454 |[0;0m             while fn.step(stmt) == SQLITE_ROW {

/private/tmp/board1-rc15-work-final/wt_IOS-R10-no-dispatch/ios/Packages/GodstoneFoundation/Sources/GodstoneMesh/MessageStore.swift:4451:24: [1;33mwarning: [1;39mresult of call to function returning 'Int32' is unused[0;0m [#]8;;https://docs.swift.org/compiler/documentation/diagnostics/no-usage\NoUsage]8;;\]
[0;36m4449 |[0;0m                 fn.finalize(stmt); throw StoreError.prepareFailed
[0;36m4450 |[0;0m             }
[0;36m4451 |[0;0m             defer { fn.finalize(stmt) }
     [0;36m|[0;0m                        `- [1;33mwarning: [1;39mresult of call to function returning 'Int32' is unused[0;0m [#]8;;https://docs.swift.org/compiler/documentation/diagnostics/no-usage\NoUsage]8;;\]
[0;36m4452 |[0;0m             fn.bindInt64(stmt, 1, Int64(bound))
[0;36m4453 |[0;0m             var out: [ObligationEntryRow] = []

/private/tmp/board1-rc15-work-final/wt_IOS-R10-no-dispatch/ios/Packages/GodstoneFoundation/Sources/GodstoneMesh/MessageStore.swift:4470:20: [1;33mwarning: [1;39mresult of call to function returning 'Int32' is unused[0;0m [#]8;;https://docs.swift.org/compiler/documentation/diagnostics/no-usage\NoUsage]8;;\]
[0;36m4468 |[0;0m             var stmt: OpaquePointer?
[0;36m4469 |[0;0m             guard fn.prepareV2(db, StoreSchema.countObligationSql, -1, &stmt, nil) == SQLITE_OK else {
[0;36m4470 |[0;0m                 fn.finalize(stmt); throw StoreError.prepareFailed
     [0;36m|[0;0m                    `- [1;33mwarning: [1;39mresult of call to function returning 'Int32' is unused[0;0m [#]8;;https://docs.swift.org/compiler/documentation/diagnostics/no-usage\NoUsage]8;;\]
[0;36m4471 |[0;0m             }
[0;36m4472 |[0;0m             defer { fn.finalize(stmt) }

/private/tmp/board1-rc15-work-final/wt_IOS-R10-no-dispatch/ios/Packages/GodstoneFoundation/Sources/GodstoneMesh/MessageStore.swift:4472:24: [1;33mwarning: [1;39mresult of call to function returning 'Int32' is unused[0;0m [#]8;;https://docs.swift.org/compiler/documentation/diagnostics/no-usage\NoUsage]8;;\]
[0;36m4470 |[0;0m                 fn.finalize(stmt); throw StoreError.prepareFailed
[0;36m4471 |[0;0m             }
[0;36m4472 |[0;0m             defer { fn.finalize(stmt) }
     [0;36m|[0;0m                        `- [1;33mwarning: [1;39mresult of call to function returning 'Int32' is unused[0;0m [#]8;;https://docs.swift.org/compiler/documentation/diagnostics/no-usage\NoUsage]8;;\]
[0;36m4473 |[0;0m             guard fn.step(stmt) == SQLITE_ROW else { return 0 }
[0;36m4474 |[0;0m             return Int(fn.columnInt(stmt, 0))

/private/tmp/board1-rc15-work-final/wt_IOS-R10-no-dispatch/ios/Packages/GodstoneFoundation/Sources/GodstoneMesh/MessageStore.swift:4495:16: [1;33mwarning: [1;39mresult of call to function returning 'Int32' is unused[0;0m [#]8;;https://docs.swift.org/compiler/documentation/diagnostics/no-usage\NoUsage]8;;\]
[0;36m4493 |[0;0m         var stmt: OpaquePointer?
[0;36m4494 |[0;0m         guard fn.prepareV2(db, sql, -1, &stmt, nil) == SQLITE_OK else {
[0;36m4495 |[0;0m             fn.finalize(stmt); throw StoreError.prepareFailed
     [0;36m|[0;0m                `- [1;33mwarning: [1;39mresult of call to function returning 'Int32' is unused[0;0m [#]8;;https://docs.swift.org/compiler/documentation/diagnostics/no-usage\NoUsage]8;;\]
[0;36m4496 |[0;0m         }
[0;36m4497 |[0;0m         defer { fn.finalize(stmt) }

/private/tmp/board1-rc15-work-final/wt_IOS-R10-no-dispatch/ios/Packages/GodstoneFoundation/Sources/GodstoneMesh/MessageStore.swift:4497:20: [1;33mwarning: [1;39mresult of call to function returning 'Int32' is unused[0;0m [#]8;;https://docs.swift.org/compiler/documentation/diagnostics/no-usage\NoUsage]8;;\]
[0;36m4495 |[0;0m             fn.finalize(stmt); throw StoreError.prepareFailed
[0;36m4496 |[0;0m         }
[0;36m4497 |[0;0m         defer { fn.finalize(stmt) }
     [0;36m|[0;0m                    `- [1;33mwarning: [1;39mresult of call to function returning 'Int32' is unused[0;0m [#]8;;https://docs.swift.org/compiler/documentation/diagnostics/no-usage\NoUsage]8;;\]
[0;36m4498 |[0;0m         for (i, arg) in binds.enumerated() { bindBlob(stmt, Int32(i + 1), arg) }
[0;36m4499 |[0;0m         guard fn.step(stmt) == SQLITE_DONE else { throw StoreError.stepFailed }

/private/tmp/board1-rc15-work-final/wt_IOS-R10-no-dispatch/ios/Packages/GodstoneFoundation/Sources/GodstoneMesh/MessageStore.swift:4512:16: [1;33mwarning: [1;39mresult of call to function returning 'Int32' is unused[0;0m [#]8;;https://docs.swift.org/compiler/documentation/diagnostics/no-usage\NoUsage]8;;\]
[0;36m4510 |[0;0m         var stmt: OpaquePointer?
[0;36m4511 |[0;0m         guard fn.prepareV2(db, StoreSchema.insertAckFrameSql, -1, &stmt, nil) == SQLITE_OK else {
[0;36m4512 |[0;0m             fn.finalize(stmt); throw StoreError.prepareFailed
     [0;36m|[0;0m                `- [1;33mwarning: [1;39mresult of call to function returning 'Int32' is unused[0;0m [#]8;;https://docs.swift.org/compiler/documentation/diagnostics/no-usage\NoUsage]8;;\]
[0;36m4513 |[0;0m         }
[0;36m4514 |[0;0m         defer { fn.finalize(stmt) }

/private/tmp/board1-rc15-work-final/wt_IOS-R10-no-dispatch/ios/Packages/GodstoneFoundation/Sources/GodstoneMesh/MessageStore.swift:4514:20: [1;33mwarning: [1;39mresult of call to function returning 'Int32' is unused[0;0m [#]8;;https://docs.swift.org/compiler/documentation/diagnostics/no-usage\NoUsage]8;;\]
[0;36m4512 |[0;0m             fn.finalize(stmt); throw StoreError.prepareFailed
[0;36m4513 |[0;0m         }
[0;36m4514 |[0;0m         defer { fn.finalize(stmt) }
     [0;36m|[0;0m                    `- [1;33mwarning: [1;39mresult of call to function returning 'Int32' is unused[0;0m [#]8;;https://docs.swift.org/compiler/documentation/diagnostics/no-usage\NoUsage]8;;\]
[0;36m4515 |[0;0m         bindBlob(stmt, 1, row.ackKey)
[0;36m4516 |[0;0m         bindBlob(stmt, 2, row.msgId)

/private/tmp/board1-rc15-work-final/wt_IOS-R10-no-dispatch/ios/Packages/GodstoneFoundation/Sources/GodstoneMesh/MessageStore.swift:4520:78: [1;33mwarning: [1;39mresult of call to function returning 'Int32' is unused[0;0m [#]8;;https://docs.swift.org/compiler/documentation/diagnostics/no-usage\NoUsage]8;;\]
[0;36m4518 |[0;0m         bindBlob(stmt, 4, row.signature)
[0;36m4519 |[0;0m         bindBlob(stmt, 5, row.encodedFrame)
[0;36m4520 |[0;0m         if let from = row.receivedFrom { bindBlob(stmt, 6, from) } else { fn.bindNull(stmt, 6) }
     [0;36m|[0;0m                                                                              `- [1;33mwarning: [1;39mresult of call to function returning 'Int32' is unused[0;0m [#]8;;https://docs.swift.org/compiler/documentation/diagnostics/no-usage\NoUsage]8;;\]
[0;36m4521 |[0;0m         fn.bindInt64(stmt, 7, row.remainingLifetimeMs)
[0;36m4522 |[0;0m         fn.bindInt(stmt, 8, row.verificationClassCode)

/private/tmp/board1-rc15-work-final/wt_IOS-R10-no-dispatch/ios/Packages/GodstoneFoundation/Sources/GodstoneMesh/MessageStore.swift:4521:12: [1;33mwarning: [1;39mresult of call to function returning 'Int32' is unused[0;0m [#]8;;https://docs.swift.org/compiler/documentation/diagnostics/no-usage\NoUsage]8;;\]
[0;36m4519 |[0;0m         bindBlob(stmt, 5, row.encodedFrame)
[0;36m4520 |[0;0m         if let from = row.receivedFrom { bindBlob(stmt, 6, from) } else { fn.bindNull(stmt, 6) }
[0;36m4521 |[0;0m         fn.bindInt64(stmt, 7, row.remainingLifetimeMs)
     [0;36m|[0;0m            `- [1;33mwarning: [1;39mresult of call to function returning 'Int32' is unused[0;0m [#]8;;https://docs.swift.org/compiler/documentation/diagnostics/no-usage\NoUsage]8;;\]
[0;36m4522 |[0;0m         fn.bindInt(stmt, 8, row.verificationClassCode)
[0;36m4523 |[0;0m         guard fn.step(stmt) == SQLITE_DONE else { throw StoreError.stepFailed }

/private/tmp/board1-rc15-work-final/wt_IOS-R10-no-dispatch/ios/Packages/GodstoneFoundation/Sources/GodstoneMesh/MessageStore.swift:4522:12: [1;33mwarning: [1;39mresult of call to function returning 'Int32' is unused[0;0m [#]8;;https://docs.swift.org/compiler/documentation/diagnostics/no-usage\NoUsage]8;;\]
[0;36m4520 |[0;0m         if let from = row.receivedFrom { bindBlob(stmt, 6, from) } else { fn.bindNull(stmt, 6) }
[0;36m4521 |[0;0m         fn.bindInt64(stmt, 7, row.remainingLifetimeMs)
[0;36m4522 |[0;0m         fn.bindInt(stmt, 8, row.verificationClassCode)
     [0;36m|[0;0m            `- [1;33mwarning: [1;39mresult of call to function returning 'Int32' is unused[0;0m [#]8;;https://docs.swift.org/compiler/documentation/diagnostics/no-usage\NoUsage]8;;\]
[0;36m4523 |[0;0m         guard fn.step(stmt) == SQLITE_DONE else { throw StoreError.stepFailed }
[0;36m4524 |[0;0m         return fn.changes(db) > 0   // 1 inserted, 0 on ack_key conflict (DO NOTHING)

/private/tmp/board1-rc15-work-final/wt_IOS-R10-no-dispatch/ios/Packages/GodstoneFoundation/Sources/GodstoneMesh/MessageStore.swift:4531:20: [1;33mwarning: [1;39mresult of call to function returning 'Int32' is unused[0;0m [#]8;;https://docs.swift.org/compiler/documentation/diagnostics/no-usage\NoUsage]8;;\]
[0;36m4529 |[0;0m             var stmt: OpaquePointer?
[0;36m4530 |[0;0m             guard fn.prepareV2(db, StoreSchema.readAckFrameSql, -1, &stmt, nil) == SQLITE_OK else {
[0;36m4531 |[0;0m                 fn.finalize(stmt); throw StoreError.prepareFailed
     [0;36m|[0;0m                    `- [1;33mwarning: [1;39mresult of call to function returning 'Int32' is unused[0;0m [#]8;;https://docs.swift.org/compiler/documentation/diagnostics/no-usage\NoUsage]8;;\]
[0;36m4532 |[0;0m             }
[0;36m4533 |[0;0m             defer { fn.finalize(stmt) }

/private/tmp/board1-rc15-work-final/wt_IOS-R10-no-dispatch/ios/Packages/GodstoneFoundation/Sources/GodstoneMesh/MessageStore.swift:4533:24: [1;33mwarning: [1;39mresult of call to function returning 'Int32' is unused[0;0m [#]8;;https://docs.swift.org/compiler/documentation/diagnostics/no-usage\NoUsage]8;;\]
[0;36m4531 |[0;0m                 fn.finalize(stmt); throw StoreError.prepareFailed
[0;36m4532 |[0;0m             }
[0;36m4533 |[0;0m             defer { fn.finalize(stmt) }
     [0;36m|[0;0m                        `- [1;33mwarning: [1;39mresult of call to function returning 'Int32' is unused[0;0m [#]8;;https://docs.swift.org/compiler/documentation/diagnostics/no-usage\NoUsage]8;;\]
[0;36m4534 |[0;0m             bindBlob(stmt, 1, ackKey)
[0;36m4535 |[0;0m             let rc = fn.step(stmt)

/private/tmp/board1-rc15-work-final/wt_IOS-R10-no-dispatch/ios/Packages/GodstoneFoundation/Sources/GodstoneMesh/MessageStore.swift:4553:20: [1;33mwarning: [1;39mresult of call to function returning 'Int32' is unused[0;0m [#]8;;https://docs.swift.org/compiler/documentation/diagnostics/no-usage\NoUsage]8;;\]
[0;36m4551 |[0;0m             var stmt: OpaquePointer?
[0;36m4552 |[0;0m             guard fn.prepareV2(db, StoreSchema.listAckFrameForPairSql, -1, &stmt, nil) == SQLITE_OK else {
[0;36m4553 |[0;0m                 fn.finalize(stmt); throw StoreError.prepareFailed
     [0;36m|[0;0m                    `- [1;33mwarning: [1;39mresult of call to function returning 'Int32' is unused[0;0m [#]8;;https://docs.swift.org/compiler/documentation/diagnostics/no-usage\NoUsage]8;;\]
[0;36m4554 |[0;0m             }
[0;36m4555 |[0;0m             defer { fn.finalize(stmt) }

/private/tmp/board1-rc15-work-final/wt_IOS-R10-no-dispatch/ios/Packages/GodstoneFoundation/Sources/GodstoneMesh/MessageStore.swift:4558:16: [1;33mwarning: [1;39mresult of call to function returning 'Int32' is unused[0;0m [#]8;;https://docs.swift.org/compiler/documentation/diagnostics/no-usage\NoUsage]8;;\]
[0;36m4556 |[0;0m             bindBlob(stmt, 1, msgId)
[0;36m4557 |[0;0m             bindBlob(stmt, 2, recipientNodeId)
[0;36m4558 |[0;0m             fn.bindInt64(stmt, 3, Int64(bound))
     [0;36m|[0;0m                `- [1;33mwarning: [1;39mresult of call to function returning 'Int32' is unused[0;0m [#]8;;https://docs.swift.org/compiler/documentation/diagnostics/no-usage\NoUsage]8;;\]
[0;36m4559 |[0;0m             var out: [AckFrameRowView] = []
[0;36m4560 |[0;0m             while fn.step(stmt) == SQLITE_ROW {

/private/tmp/board1-rc15-work-final/wt_IOS-R10-no-dispatch/ios/Packages/GodstoneFoundation/Sources/GodstoneMesh/MessageStore.swift:4555:24: [1;33mwarning: [1;39mresult of call to function returning 'Int32' is unused[0;0m [#]8;;https://docs.swift.org/compiler/documentation/diagnostics/no-usage\NoUsage]8;;\]
[0;36m4553 |[0;0m                 fn.finalize(stmt); throw StoreError.prepareFailed
[0;36m4554 |[0;0m             }
[0;36m4555 |[0;0m             defer { fn.finalize(stmt) }
     [0;36m|[0;0m                        `- [1;33mwarning: [1;39mresult of call to function returning 'Int32' is unused[0;0m [#]8;;https://docs.swift.org/compiler/documentation/diagnostics/no-usage\NoUsage]8;;\]
[0;36m4556 |[0;0m             bindBlob(stmt, 1, msgId)
[0;36m4557 |[0;0m             bindBlob(stmt, 2, recipientNodeId)

/private/tmp/board1-rc15-work-final/wt_IOS-R10-no-dispatch/ios/Packages/GodstoneFoundation/Sources/GodstoneMesh/MessageStore.swift:4578:20: [1;33mwarning: [1;39mresult of call to function returning 'Int32' is unused[0;0m [#]8;;https://docs.swift.org/compiler/documentation/diagnostics/no-usage\NoUsage]8;;\]
[0;36m4576 |[0;0m             var stmt: OpaquePointer?
[0;36m4577 |[0;0m             guard fn.prepareV2(db, StoreSchema.countAckFrameForPairSql, -1, &stmt, nil) == SQLITE_OK else {
[0;36m4578 |[0;0m                 fn.finalize(stmt); throw StoreError.prepareFailed
     [0;36m|[0;0m                    `- [1;33mwarning: [1;39mresult of call to function returning 'Int32' is unused[0;0m [#]8;;https://docs.swift.org/compiler/documentation/diagnostics/no-usage\NoUsage]8;;\]
[0;36m4579 |[0;0m             }
[0;36m4580 |[0;0m             defer { fn.finalize(stmt) }

/private/tmp/board1-rc15-work-final/wt_IOS-R10-no-dispatch/ios/Packages/GodstoneFoundation/Sources/GodstoneMesh/MessageStore.swift:4580:24: [1;33mwarning: [1;39mresult of call to function returning 'Int32' is unused[0;0m [#]8;;https://docs.swift.org/compiler/documentation/diagnostics/no-usage\NoUsage]8;;\]
[0;36m4578 |[0;0m                 fn.finalize(stmt); throw StoreError.prepareFailed
[0;36m4579 |[0;0m             }
[0;36m4580 |[0;0m             defer { fn.finalize(stmt) }
     [0;36m|[0;0m                        `- [1;33mwarning: [1;39mresult of call to function returning 'Int32' is unused[0;0m [#]8;;https://docs.swift.org/compiler/documentation/diagnostics/no-usage\NoUsage]8;;\]
[0;36m4581 |[0;0m             bindBlob(stmt, 1, msgId)
[0;36m4582 |[0;0m             bindBlob(stmt, 2, recipientNodeId)

/private/tmp/board1-rc15-work-final/wt_IOS-R10-no-dispatch/ios/Packages/GodstoneFoundation/Sources/GodstoneMesh/MessageStore.swift:4592:20: [1;33mwarning: [1;39mresult of call to function returning 'Int32' is unused[0;0m [#]8;;https://docs.swift.org/compiler/documentation/diagnostics/no-usage\NoUsage]8;;\]
[0;36m4590 |[0;0m             var stmt: OpaquePointer?
[0;36m4591 |[0;0m             guard fn.prepareV2(db, StoreSchema.countAckFrameTotalSql, -1, &stmt, nil) == SQLITE_OK else {
[0;36m4592 |[0;0m                 fn.finalize(stmt); throw StoreError.prepareFailed
     [0;36m|[0;0m                    `- [1;33mwarning: [1;39mresult of call to function returning 'Int32' is unused[0;0m [#]8;;https://docs.swift.org/compiler/documentation/diagnostics/no-usage\NoUsage]8;;\]
[0;36m4593 |[0;0m             }
[0;36m4594 |[0;0m             defer { fn.finalize(stmt) }

/private/tmp/board1-rc15-work-final/wt_IOS-R10-no-dispatch/ios/Packages/GodstoneFoundation/Sources/GodstoneMesh/MessageStore.swift:4594:24: [1;33mwarning: [1;39mresult of call to function returning 'Int32' is unused[0;0m [#]8;;https://docs.swift.org/compiler/documentation/diagnostics/no-usage\NoUsage]8;;\]
[0;36m4592 |[0;0m                 fn.finalize(stmt); throw StoreError.prepareFailed
[0;36m4593 |[0;0m             }
[0;36m4594 |[0;0m             defer { fn.finalize(stmt) }
     [0;36m|[0;0m                        `- [1;33mwarning: [1;39mresult of call to function returning 'Int32' is unused[0;0m [#]8;;https://docs.swift.org/compiler/documentation/diagnostics/no-usage\NoUsage]8;;\]
[0;36m4595 |[0;0m             guard fn.step(stmt) == SQLITE_ROW else { return 0 }
[0;36m4596 |[0;0m             return Int(fn.columnInt(stmt, 0))

/private/tmp/board1-rc15-work-final/wt_IOS-R10-no-dispatch/ios/Packages/GodstoneFoundation/Sources/GodstoneMesh/MessageStore.swift:4612:20: [1;33mwarning: [1;39mresult of call to function returning 'Int32' is unused[0;0m [#]8;;https://docs.swift.org/compiler/documentation/diagnostics/no-usage\NoUsage]8;;\]
[0;36m4610 |[0;0m             var stmt: OpaquePointer?
[0;36m4611 |[0;0m             guard fn.prepareV2(db, StoreSchema.listAckFrameSql, -1, &stmt, nil) == SQLITE_OK else {
[0;36m4612 |[0;0m                 fn.finalize(stmt); throw StoreError.prepareFailed
     [0;36m|[0;0m                    `- [1;33mwarning: [1;39mresult of call to function returning 'Int32' is unused[0;0m [#]8;;https://docs.swift.org/compiler/documentation/diagnostics/no-usage\NoUsage]8;;\]
[0;36m4613 |[0;0m             }
[0;36m4614 |[0;0m             defer { fn.finalize(stmt) }

/private/tmp/board1-rc15-work-final/wt_IOS-R10-no-dispatch/ios/Packages/GodstoneFoundation/Sources/GodstoneMesh/MessageStore.swift:4615:16: [1;33mwarning: [1;39mresult of call to function returning 'Int32' is unused[0;0m [#]8;;https://docs.swift.org/compiler/documentation/diagnostics/no-usage\NoUsage]8;;\]
[0;36m4613 |[0;0m             }
[0;36m4614 |[0;0m             defer { fn.finalize(stmt) }
[0;36m4615 |[0;0m             fn.bindInt(stmt, 1, bound)
     [0;36m|[0;0m                `- [1;33mwarning: [1;39mresult of call to function returning 'Int32' is unused[0;0m [#]8;;https://docs.swift.org/compiler/documentation/diagnostics/no-usage\NoUsage]8;;\]
[0;36m4616 |[0;0m             var out: [AckFrameRowView] = []
[0;36m4617 |[0;0m             while fn.step(stmt) == SQLITE_ROW {

/private/tmp/board1-rc15-work-final/wt_IOS-R10-no-dispatch/ios/Packages/GodstoneFoundation/Sources/GodstoneMesh/MessageStore.swift:4614:24: [1;33mwarning: [1;39mresult of call to function returning 'Int32' is unused[0;0m [#]8;;https://docs.swift.org/compiler/documentation/diagnostics/no-usage\NoUsage]8;;\]
[0;36m4612 |[0;0m                 fn.finalize(stmt); throw StoreError.prepareFailed
[0;36m4613 |[0;0m             }
[0;36m4614 |[0;0m             defer { fn.finalize(stmt) }
     [0;36m|[0;0m                        `- [1;33mwarning: [1;39mresult of call to function returning 'Int32' is unused[0;0m [#]8;;https://docs.swift.org/compiler/documentation/diagnostics/no-usage\NoUsage]8;;\]
[0;36m4615 |[0;0m             fn.bindInt(stmt, 1, bound)
[0;36m4616 |[0;0m             var out: [AckFrameRowView] = []

/private/tmp/board1-rc15-work-final/wt_IOS-R10-no-dispatch/ios/Packages/GodstoneFoundation/Sources/GodstoneMesh/MessageStore.swift:4637:20: [1;33mwarning: [1;39mresult of call to function returning 'Int32' is unused[0;0m [#]8;;https://docs.swift.org/compiler/documentation/diagnostics/no-usage\NoUsage]8;;\]
[0;36m4635 |[0;0m             var stmt: OpaquePointer?
[0;36m4636 |[0;0m             guard fn.prepareV2(db, StoreSchema.debitAckFrameSql, -1, &stmt, nil) == SQLITE_OK else {
[0;36m4637 |[0;0m                 fn.finalize(stmt); throw StoreError.prepareFailed
     [0;36m|[0;0m                    `- [1;33mwarning: [1;39mresult of call to function returning 'Int32' is unused[0;0m [#]8;;https://docs.swift.org/compiler/documentation/diagnostics/no-usage\NoUsage]8;;\]
[0;36m4638 |[0;0m             }
[0;36m4639 |[0;0m             defer { fn.finalize(stmt) }

/private/tmp/board1-rc15-work-final/wt_IOS-R10-no-dispatch/ios/Packages/GodstoneFoundation/Sources/GodstoneMesh/MessageStore.swift:4640:16: [1;33mwarning: [1;39mresult of call to function returning 'Int32' is unused[0;0m [#]8;;https://docs.swift.org/compiler/documentation/diagnostics/no-usage\NoUsage]8;;\]
[0;36m4638 |[0;0m             }
[0;36m4639 |[0;0m             defer { fn.finalize(stmt) }
[0;36m4640 |[0;0m             fn.bindInt64(stmt, 1, remainingLifetimeMs)
     [0;36m|[0;0m                `- [1;33mwarning: [1;39mresult of call to function returning 'Int32' is unused[0;0m [#]8;;https://docs.swift.org/compiler/documentation/diagnostics/no-usage\NoUsage]8;;\]
[0;36m4641 |[0;0m             bindBlob(stmt, 2, ackKey)
[0;36m4642 |[0;0m             fn.bindInt64(stmt, 3, remainingLifetimeMs)

/private/tmp/board1-rc15-work-final/wt_IOS-R10-no-dispatch/ios/Packages/GodstoneFoundation/Sources/GodstoneMesh/MessageStore.swift:4642:16: [1;33mwarning: [1;39mresult of call to function returning 'Int32' is unused[0;0m [#]8;;https://docs.swift.org/compiler/documentation/diagnostics/no-usage\NoUsage]8;;\]
[0;36m4640 |[0;0m             fn.bindInt64(stmt, 1, remainingLifetimeMs)
[0;36m4641 |[0;0m             bindBlob(stmt, 2, ackKey)
[0;36m4642 |[0;0m             fn.bindInt64(stmt, 3, remainingLifetimeMs)
     [0;36m|[0;0m                `- [1;33mwarning: [1;39mresult of call to function returning 'Int32' is unused[0;0m [#]8;;https://docs.swift.org/compiler/documentation/diagnostics/no-usage\NoUsage]8;;\]
[0;36m4643 |[0;0m             guard fn.step(stmt) == SQLITE_DONE else { throw StoreError.stepFailed }
[0;36m4644 |[0;0m             return fn.changes(db) > 0

/private/tmp/board1-rc15-work-final/wt_IOS-R10-no-dispatch/ios/Packages/GodstoneFoundation/Sources/GodstoneMesh/MessageStore.swift:4639:24: [1;33mwarning: [1;39mresult of call to function returning 'Int32' is unused[0;0m [#]8;;https://docs.swift.org/compiler/documentation/diagnostics/no-usage\NoUsage]8;;\]
[0;36m4637 |[0;0m                 fn.finalize(stmt); throw StoreError.prepareFailed
[0;36m4638 |[0;0m             }
[0;36m4639 |[0;0m             defer { fn.finalize(stmt) }
     [0;36m|[0;0m                        `- [1;33mwarning: [1;39mresult of call to function returning 'Int32' is unused[0;0m [#]8;;https://docs.swift.org/compiler/documentation/diagnostics/no-usage\NoUsage]8;;\]
[0;36m4640 |[0;0m             fn.bindInt64(stmt, 1, remainingLifetimeMs)
[0;36m4641 |[0;0m             bindBlob(stmt, 2, ackKey)

/private/tmp/board1-rc15-work-final/wt_IOS-R10-no-dispatch/ios/Packages/GodstoneFoundation/Sources/GodstoneMesh/MessageStore.swift:4652:20: [1;33mwarning: [1;39mresult of call to function returning 'Int32' is unused[0;0m [#]8;;https://docs.swift.org/compiler/documentation/diagnostics/no-usage\NoUsage]8;;\]
[0;36m4650 |[0;0m             var stmt: OpaquePointer?
[0;36m4651 |[0;0m             guard fn.prepareV2(db, StoreSchema.deleteAckFrameSql, -1, &stmt, nil) == SQLITE_OK else {
[0;36m4652 |[0;0m                 fn.finalize(stmt); throw StoreError.prepareFailed
     [0;36m|[0;0m                    `- [1;33mwarning: [1;39mresult of call to function returning 'Int32' is unused[0;0m [#]8;;https://docs.swift.org/compiler/documentation/diagnostics/no-usage\NoUsage]8;;\]
[0;36m4653 |[0;0m             }
[0;36m4654 |[0;0m             defer { fn.finalize(stmt) }

/private/tmp/board1-rc15-work-final/wt_IOS-R10-no-dispatch/ios/Packages/GodstoneFoundation/Sources/GodstoneMesh/MessageStore.swift:4654:24: [1;33mwarning: [1;39mresult of call to function returning 'Int32' is unused[0;0m [#]8;;https://docs.swift.org/compiler/documentation/diagnostics/no-usage\NoUsage]8;;\]
[0;36m4652 |[0;0m                 fn.finalize(stmt); throw StoreError.prepareFailed
[0;36m4653 |[0;0m             }
[0;36m4654 |[0;0m             defer { fn.finalize(stmt) }
     [0;36m|[0;0m                        `- [1;33mwarning: [1;39mresult of call to function returning 'Int32' is unused[0;0m [#]8;;https://docs.swift.org/compiler/documentation/diagnostics/no-usage\NoUsage]8;;\]
[0;36m4655 |[0;0m             bindBlob(stmt, 1, ackKey)
[0;36m4656 |[0;0m             guard fn.step(stmt) == SQLITE_DONE else { throw StoreError.stepFailed }

/private/tmp/board1-rc15-work-final/wt_IOS-R10-no-dispatch/ios/Packages/GodstoneFoundation/Sources/GodstoneMesh/MessageStore.swift:4665:20: [1;33mwarning: [1;39mresult of call to function returning 'Int32' is unused[0;0m [#]8;;https://docs.swift.org/compiler/documentation/diagnostics/no-usage\NoUsage]8;;\]
[0;36m4663 |[0;0m             var stmt: OpaquePointer?
[0;36m4664 |[0;0m             guard fn.prepareV2(db, StoreSchema.countAckFrameFromPeerSql, -1, &stmt, nil) == SQLITE_OK else {
[0;36m4665 |[0;0m                 fn.finalize(stmt); throw StoreError.prepareFailed
     [0;36m|[0;0m                    `- [1;33mwarning: [1;39mresult of call to function returning 'Int32' is unused[0;0m [#]8;;https://docs.swift.org/compiler/documentation/diagnostics/no-usage\NoUsage]8;;\]
[0;36m4666 |[0;0m             }
[0;36m4667 |[0;0m             defer { fn.finalize(stmt) }

/private/tmp/board1-rc15-work-final/wt_IOS-R10-no-dispatch/ios/Packages/GodstoneFoundation/Sources/GodstoneMesh/MessageStore.swift:4667:24: [1;33mwarning: [1;39mresult of call to function returning 'Int32' is unused[0;0m [#]8;;https://docs.swift.org/compiler/documentation/diagnostics/no-usage\NoUsage]8;;\]
[0;36m4665 |[0;0m                 fn.finalize(stmt); throw StoreError.prepareFailed
[0;36m4666 |[0;0m             }
[0;36m4667 |[0;0m             defer { fn.finalize(stmt) }
     [0;36m|[0;0m                        `- [1;33mwarning: [1;39mresult of call to function returning 'Int32' is unused[0;0m [#]8;;https://docs.swift.org/compiler/documentation/diagnostics/no-usage\NoUsage]8;;\]
[0;36m4668 |[0;0m             bindBlob(stmt, 1, peer)
[0;36m4669 |[0;0m             guard fn.step(stmt) == SQLITE_ROW else { return 0 }

/private/tmp/board1-rc15-work-final/wt_IOS-R10-no-dispatch/ios/Packages/GodstoneFoundation/Sources/GodstoneMesh/MessageStore.swift:4681:20: [1;33mwarning: [1;39mresult of call to function returning 'Int32' is unused[0;0m [#]8;;https://docs.swift.org/compiler/documentation/diagnostics/no-usage\NoUsage]8;;\]
[0;36m4679 |[0;0m             var presentStmt: OpaquePointer?
[0;36m4680 |[0;0m             guard fn.prepareV2(db, StoreSchema.readAckFrameSql, -1, &presentStmt, nil) == SQLITE_OK else {
[0;36m4681 |[0;0m                 fn.finalize(presentStmt); throw StoreError.prepareFailed
     [0;36m|[0;0m                    `- [1;33mwarning: [1;39mresult of call to function returning 'Int32' is unused[0;0m [#]8;;https://docs.swift.org/compiler/documentation/diagnostics/no-usage\NoUsage]8;;\]
[0;36m4682 |[0;0m             }
[0;36m4683 |[0;0m             defer { fn.finalize(presentStmt) }

/private/tmp/board1-rc15-work-final/wt_IOS-R10-no-dispatch/ios/Packages/GodstoneFoundation/Sources/GodstoneMesh/MessageStore.swift:4689:24: [1;33mwarning: [1;39mresult of call to function returning 'Int32' is unused[0;0m [#]8;;https://docs.swift.org/compiler/documentation/diagnostics/no-usage\NoUsage]8;;\]
[0;36m4687 |[0;0m                 var pairStmt: OpaquePointer?
[0;36m4688 |[0;0m                 guard fn.prepareV2(db, StoreSchema.countAckFrameForPairSql, -1, &pairStmt, nil) == SQLITE_OK else {
[0;36m4689 |[0;0m                     fn.finalize(pairStmt); throw StoreError.prepareFailed
     [0;36m|[0;0m                        `- [1;33mwarning: [1;39mresult of call to function returning 'Int32' is unused[0;0m [#]8;;https://docs.swift.org/compiler/documentation/diagnostics/no-usage\NoUsage]8;;\]
[0;36m4690 |[0;0m                 }
[0;36m4691 |[0;0m                 defer { fn.finalize(pairStmt) }

/private/tmp/board1-rc15-work-final/wt_IOS-R10-no-dispatch/ios/Packages/GodstoneFoundation/Sources/GodstoneMesh/MessageStore.swift:4698:24: [1;33mwarning: [1;39mresult of call to function returning 'Int32' is unused[0;0m [#]8;;https://docs.swift.org/compiler/documentation/diagnostics/no-usage\NoUsage]8;;\]
[0;36m4696 |[0;0m                 var totalStmt: OpaquePointer?
[0;36m4697 |[0;0m                 guard fn.prepareV2(db, StoreSchema.countAckFrameTotalSql, -1, &totalStmt, nil) == SQLITE_OK else {
[0;36m4698 |[0;0m                     fn.finalize(totalStmt); throw StoreError.prepareFailed
     [0;36m|[0;0m                        `- [1;33mwarning: [1;39mresult of call to function returning 'Int32' is unused[0;0m [#]8;;https://docs.swift.org/compiler/documentation/diagnostics/no-usage\NoUsage]8;;\]
[0;36m4699 |[0;0m                 }
[0;36m4700 |[0;0m                 defer { fn.finalize(totalStmt) }

/private/tmp/board1-rc15-work-final/wt_IOS-R10-no-dispatch/ios/Packages/GodstoneFoundation/Sources/GodstoneMesh/MessageStore.swift:4683:24: [1;33mwarning: [1;39mresult of call to function returning 'Int32' is unused[0;0m [#]8;;https://docs.swift.org/compiler/documentation/diagnostics/no-usage\NoUsage]8;;\]
[0;36m4681 |[0;0m                 fn.finalize(presentStmt); throw StoreError.prepareFailed
[0;36m4682 |[0;0m             }
[0;36m4683 |[0;0m             defer { fn.finalize(presentStmt) }
     [0;36m|[0;0m                        `- [1;33mwarning: [1;39mresult of call to function returning 'Int32' is unused[0;0m [#]8;;https://docs.swift.org/compiler/documentation/diagnostics/no-usage\NoUsage]8;;\]
[0;36m4684 |[0;0m             bindBlob(presentStmt, 1, row.ackKey)
[0;36m4685 |[0;0m             let present = fn.step(presentStmt) == SQLITE_ROW

/private/tmp/board1-rc15-work-final/wt_IOS-R10-no-dispatch/ios/Packages/GodstoneFoundation/Sources/GodstoneMesh/MessageStore.swift:4691:28: [1;33mwarning: [1;39mresult of call to function returning 'Int32' is unused[0;0m [#]8;;https://docs.swift.org/compiler/documentation/diagnostics/no-usage\NoUsage]8;;\]
[0;36m4689 |[0;0m                     fn.finalize(pairStmt); throw StoreError.prepareFailed
[0;36m4690 |[0;0m                 }
[0;36m4691 |[0;0m                 defer { fn.finalize(pairStmt) }
     [0;36m|[0;0m                            `- [1;33mwarning: [1;39mresult of call to function returning 'Int32' is unused[0;0m [#]8;;https://docs.swift.org/compiler/documentation/diagnostics/no-usage\NoUsage]8;;\]
[0;36m4692 |[0;0m                 bindBlob(pairStmt, 1, row.msgId)
[0;36m4693 |[0;0m                 bindBlob(pairStmt, 2, row.recipientNodeId)

/private/tmp/board1-rc15-work-final/wt_IOS-R10-no-dispatch/ios/Packages/GodstoneFoundation/Sources/GodstoneMesh/MessageStore.swift:4700:28: [1;33mwarning: [1;39mresult of call to function returning 'Int32' is unused[0;0m [#]8;;https://docs.swift.org/compiler/documentation/diagnostics/no-usage\NoUsage]8;;\]
[0;36m4698 |[0;0m                     fn.finalize(totalStmt); throw StoreError.prepareFailed
[0;36m4699 |[0;0m                 }
[0;36m4700 |[0;0m                 defer { fn.finalize(totalStmt) }
     [0;36m|[0;0m                            `- [1;33mwarning: [1;39mresult of call to function returning 'Int32' is unused[0;0m [#]8;;https://docs.swift.org/compiler/documentation/diagnostics/no-usage\NoUsage]8;;\]
[0;36m4701 |[0;0m                 let total = fn.step(totalStmt) == SQLITE_ROW ? Int(fn.columnInt(totalStmt, 0)) : 0
[0;36m4702 |[0;0m                 if total >= ackCandidatesTotalLimit { return .refusedQuotaGlobal }

/private/tmp/board1-rc15-work-final/wt_IOS-R10-no-dispatch/ios/Packages/GodstoneFoundation/Sources/GodstoneMesh/NoiseSession.swift:350:16: [1;33mwarning: [1;39mvalue 'reason' was defined but never used; consider replacing with boolean test[0;0m [#]8;;https://docs.swift.org/compiler/documentation/diagnostics/no-usage\NoUsage]8;;\]
[0;36m348 |[0;0m     public func openWithResult(_ ciphertext: Data) throws -> CryptoOpenResult {
[0;36m349 |[0;0m         guard let key = receiveKey else { throw MeshError.handshakeFailed }
[0;36m350 |[0;0m         if let reason = enforceReceiveBudget() {
    [0;36m|[0;0m                `- [1;33mwarning: [1;39mvalue 'reason' was defined but never used; consider replacing with boolean test[0;0m [#]8;;https://docs.swift.org/compiler/documentation/diagnostics/no-usage\NoUsage]8;;\]
[0;36m351 |[0;0m             return .expired
[0;36m352 |[0;0m         }

[#NoUsage]: <https://docs.swift.org/compiler/documentation/diagnostics/no-usage>
/private/tmp/board1-rc15-work-final/wt_IOS-R10-no-dispatch/ios/Packages/GodstoneFoundation/Tests/GodstoneMeshTests/ReadinessT25Tests.swift:122:13: [1;33mwarning: [1;39mvariable 'b' was never mutated; consider changing to 'let' constant[0;0m [#]8;;https://docs.swift.org/compiler/documentation/diagnostics/variable-never-mutated\VariableNeverMutated]8;;\]
[0;36m120 |[0;0m 
[0;36m121 |[0;0m     private func bloomDigest(_ ids: [Data]) -> Data {
[0;36m122 |[0;0m         var b = BloomDigest()
    [0;36m|[0;0m             `- [1;33mwarning: [1;39mvariable 'b' was never mutated; consider changing to 'let' constant[0;0m [#]8;;https://docs.swift.org/compiler/documentation/diagnostics/variable-never-mutated\VariableNeverMutated]8;;\]
[0;36m123 |[0;0m         for id in ids { b.add(id) }
[0;36m124 |[0;0m         return Data(b.toBytes().prefix(BleLinkInfoConstants.shortDigestBytes))

/private/tmp/board1-rc15-work-final/wt_IOS-R10-no-dispatch/ios/Packages/GodstoneFoundation/Tests/GodstoneMeshTests/ReadinessT27Tests.swift:89:47: [1;33mwarning: [1;39mconverting non-Sendable function value to '@Sendable () -> Int64' may introduce data races[0;0m
 [0;36m87 |[0;0m                 let maxStr = maxToken.split(separator: "=", omittingEmptySubsequences: true).map { String($0) }
 [0;36m88 |[0;0m                 let mx = Int(maxStr[1]) ?? 4096
 [0;36m89 |[0;0m                 gov = PeerGovernor(nowMillis: clock(), maxTrackedPeers: mx)
    [0;36m|[0;0m                                               `- [1;33mwarning: [1;39mconverting non-Sendable function value to '@Sendable () -> Int64' may introduce data races[0;0m
 [0;36m90 |[0;0m                 step = 0
 [0;36m91 |[0;0m                 continue

/private/tmp/board1-rc15-work-final/wt_IOS-R10-no-dispatch/ios/Packages/GodstoneFoundation/Tests/GodstoneMeshTests/ReadinessT27Tests.swift:114:41: [1;33mwarning: [1;39mconverting non-Sendable function value to '@Sendable () -> Int64' may introduce data races[0;0m
[0;36m112 |[0;0m     // (2) bounded cache under Sybil churn: tracked set is capped; a known peer is served
[0;36m113 |[0;0m     func testBoundedCacheHoldsUnderSybilChurn() {
[0;36m114 |[0;0m         let g = PeerGovernor(nowMillis: clock(), maxTrackedPeers: 8)
    [0;36m|[0;0m                                         `- [1;33mwarning: [1;39mconverting non-Sendable function value to '@Sendable () -> Int64' may introduce data races[0;0m
[0;36m115 |[0;0m         var served = 0
[0;36m116 |[0;0m         for k in 0..<12 {

/private/tmp/board1-rc15-work-final/wt_IOS-R10-no-dispatch/ios/Packages/GodstoneFoundation/Tests/GodstoneMeshTests/ReadinessT27Tests.swift:128:41: [1;33mwarning: [1;39mconverting non-Sendable function value to '@Sendable () -> Int64' may introduce data races[0;0m
[0;36m126 |[0;0m     // (3) denial leaves EXISTING trusted peers intact (per-identity isolation)
[0;36m127 |[0;0m     func testDenialLeavesExistingTrustedPeersIntact() {
[0;36m128 |[0;0m         let g = PeerGovernor(nowMillis: clock(), maxTrackedPeers: 64)
    [0;36m|[0;0m                                         `- [1;33mwarning: [1;39mconverting non-Sendable function value to '@Sendable () -> Int64' may introduce data races[0;0m
[0;36m129 |[0;0m         let attacker = node(0xE3)
[0;36m130 |[0;0m         let bystander = node(0xE1)

/private/tmp/board1-rc15-work-final/wt_IOS-R10-no-dispatch/ios/Packages/GodstoneFoundation/Tests/GodstoneMeshTests/ReadinessT27Tests.swift:148:41: [1;33mwarning: [1;39mconverting non-Sendable function value to '@Sendable () -> Int64' may introduce data races[0;0m
[0;36m146 |[0;0m     //     peer's calls would begin to drop -- this witness is the T27-SM1 killer.
[0;36m147 |[0;0m     func testAdvertisedHintIsNeverTheAuthenticatedIdentity() {
[0;36m148 |[0;0m         let g = PeerGovernor(nowMillis: clock(), maxTrackedPeers: 64)
    [0;36m|[0;0m                                         `- [1;33mwarning: [1;39mconverting non-Sendable function value to '@Sendable () -> Int64' may introduce data races[0;0m
[0;36m149 |[0;0m         let sharedHint = Data([0x0B, 0xAD, 0xF0, 0x0D])
[0;36m150 |[0;0m         let a = node(0xF1)

/private/tmp/board1-rc15-work-final/wt_IOS-R10-no-dispatch/ios/Packages/GodstoneFoundation/Tests/GodstoneMeshTests/ReadinessT27Tests.swift:163:41: [1;33mwarning: [1;39mconverting non-Sendable function value to '@Sendable () -> Int64' may introduce data races[0;0m
[0;36m161 |[0;0m     // (5) a malformed/short advertised hint cannot collapse distinct identities
[0;36m162 |[0;0m     func testMalformedHintDoesNotCollapseDistinctIdentities() {
[0;36m163 |[0;0m         let g = PeerGovernor(nowMillis: clock(), maxTrackedPeers: 64)
    [0;36m|[0;0m                                         `- [1;33mwarning: [1;39mconverting non-Sendable function value to '@Sendable () -> Int64' may introduce data races[0;0m
[0;36m164 |[0;0m         let x = node(0x34)
[0;36m165 |[0;0m         let y = node(0x78)

/private/tmp/board1-rc15-work-final/wt_IOS-R10-no-dispatch/ios/Packages/GodstoneFoundation/Tests/GodstoneMeshTests/ReadinessT27Tests.swift:184:41: [1;33mwarning: [1;39mconverting non-Sendable function value to '@Sendable () -> Int64' may introduce data races[0;0m
[0;36m182 |[0;0m     func testGSSerialisedTrustMutationsGiveADeterministicScore() {
[0;36m183 |[0;0m         let clock: () -> Int64 = { 1_700_000_000_000 }
[0;36m184 |[0;0m         let g = PeerGovernor(nowMillis: clock, maxTrackedPeers: 8)
    [0;36m|[0;0m                                         `- [1;33mwarning: [1;39mconverting non-Sendable function value to '@Sendable () -> Int64' may introduce data races[0;0m
[0;36m185 |[0;0m         let id = Data(repeating: 0x5A, count: 16)
[0;36m186 |[0;0m 

[#VariableNeverMutated]: <https://docs.swift.org/compiler/documentation/diagnostics/variable-never-mutated>
/private/tmp/board1-rc15-work-final/wt_IOS-R10-no-dispatch/ios/Packages/GodstoneFoundation/Tests/GodstoneMeshTests/PeerIdentityRepositoryTests.swift:34:23: [1;33mwarning: [1;39mno calls to throwing functions occur within 'try' expression[0;0m [#]8;;https://docs.swift.org/compiler/documentation/diagnostics/unnecessary-effect-marker\UnnecessaryEffectMarker]8;;\]
  [0;36m32 |[0;0m         )
  [0;36m33 |[0;0m         let sig = try! signingKey.signature(for: preimage)
  [0;36m34 |[0;0m         let binding = try! IdentityBindingV1(
     [0;36m|[0;0m                       `- [1;33mwarning: [1;39mno calls to throwing functions occur within 'try' expression[0;0m [#]8;;https://docs.swift.org/compiler/documentation/diagnostics/unnecessary-effect-marker\UnnecessaryEffectMarker]8;;\]
  [0;36m35 |[0;0m             generation: generation,
  [0;36m36 |[0;0m             signingPublicKey: signingKey.publicKey.rawRepresentation,

/private/tmp/board1-rc15-work-final/wt_IOS-R10-no-dispatch/ios/Packages/GodstoneFoundation/Tests/GodstoneMeshTests/PeerTrustEngineTests.swift:27:23: [1;33mwarning: [1;39mno calls to throwing functions occur within 'try' expression[0;0m [#]8;;https://docs.swift.org/compiler/documentation/diagnostics/unnecessary-effect-marker\UnnecessaryEffectMarker]8;;\]
 [0;36m25 |[0;0m         )
 [0;36m26 |[0;0m         let sig = try signingKey.signature(for: preimage)
 [0;36m27 |[0;0m         let binding = try IdentityBindingV1(
    [0;36m|[0;0m                       `- [1;33mwarning: [1;39mno calls to throwing functions occur within 'try' expression[0;0m [#]8;;https://docs.swift.org/compiler/documentation/diagnostics/unnecessary-effect-marker\UnnecessaryEffectMarker]8;;\]
 [0;36m28 |[0;0m             generation: generation,
 [0;36m29 |[0;0m             signingPublicKey: signingKey.publicKey.rawRepresentation,

[#UnnecessaryEffectMarker]: <https://docs.swift.org/compiler/documentation/diagnostics/unnecessary-effect-marker>
/private/tmp/board1-rc15-work-final/wt_IOS-R10-no-dispatch/ios/Packages/GodstoneFoundation/Tests/GodstoneMeshTests/ReadinessT14Tests.swift:307:13: [1;33mwarning: [1;39minitialization of immutable value 'driverIdentityBefore' was never used; consider replacing with assignment to '_' or removing it[0;0m [#]8;;https://docs.swift.org/compiler/documentation/diagnostics/no-usage\NoUsage]8;;\]
[0;36m305 |[0;0m         )
[0;36m306 |[0;0m         let driverBefore = try XCTUnwrap(transport.centralDriver)
[0;36m307 |[0;0m         let driverIdentityBefore = ObjectIdentifier(driverBefore)
    [0;36m|[0;0m             `- [1;33mwarning: [1;39minitialization of immutable value 'driverIdentityBefore' was never used; consider replacing with assignment to '_' or removing it[0;0m [#]8;;https://docs.swift.org/compiler/documentation/diagnostics/no-usage\NoUsage]8;;\]
[0;36m308 |[0;0m 
[0;36m309 |[0;0m         let order = OrderLog()

/private/tmp/board1-rc15-work-final/wt_IOS-R10-no-dispatch/ios/Packages/GodstoneFoundation/Tests/GodstoneMeshTests/ReadinessT14Tests.swift:478:13: [1;33mwarning: [1;39musing '_' to ignore the result of a Void-returning function is redundant[0;0m
[0;36m476 |[0;0m         let innerTrace = Box<BleTransport.ReductionTrace>()
[0;36m477 |[0;0m         transport.failpointAfterValidationForTest = { _ in
[0;36m478 |[0;0m             _ = transport.processCentralDidUpdateState(ctx.central, sourceEpoch: ctx.epoch)
    [0;36m|[0;0m             `- [1;33mwarning: [1;39musing '_' to ignore the result of a Void-returning function is redundant[0;0m
[0;36m479 |[0;0m             if let inner = transport.lastReductionTraceForTest {
[0;36m480 |[0;0m                 innerTrace.set(inner)

[#NoUsage]: <https://docs.swift.org/compiler/documentation/diagnostics/no-usage>
/private/tmp/board1-rc15-work-final/wt_IOS-R10-no-dispatch/ios/Packages/GodstoneFoundation/Tests/GodstoneMeshTests/GsUx001TrustSurfaceTests.swift:46:23: [1;33mwarning: [1;39mno calls to throwing functions occur within 'try' expression[0;0m [#]8;;https://docs.swift.org/compiler/documentation/diagnostics/unnecessary-effect-marker\UnnecessaryEffectMarker]8;;\]
 [0;36m44 |[0;0m         )
 [0;36m45 |[0;0m         let sig = try! signingKey.signature(for: preimage)
 [0;36m46 |[0;0m         let binding = try! IdentityBindingV1(
    [0;36m|[0;0m                       `- [1;33mwarning: [1;39mno calls to throwing functions occur within 'try' expression[0;0m [#]8;;https://docs.swift.org/compiler/documentation/diagnostics/unnecessary-effect-marker\UnnecessaryEffectMarker]8;;\]
 [0;36m47 |[0;0m             generation: generation,
 [0;36m48 |[0;0m             signingPublicKey: signingKey.publicKey.rawRepresentation,

/private/tmp/board1-rc15-work-final/wt_IOS-R10-no-dispatch/ios/Packages/GodstoneFoundation/Tests/GodstoneMeshTests/MeshNodeDeliveryIntegrationTests.swift:503:14: [1;33mwarning: [1;39mimmutable value 'pubA' was never used; consider replacing with '_' or removing it[0;0m [#]8;;https://docs.swift.org/compiler/documentation/diagnostics/no-usage\NoUsage]8;;\]
[0;36m501 |[0;0m 
[0;36m502 |[0;0m     func testC661DispatchDirectTransmitsStoreReturnedCanonicalFrameAndNotCallerModifiedFrame() async throws {
[0;36m503 |[0;0m         let (pubA, _) = realDhKeypair()
    [0;36m|[0;0m              `- [1;33mwarning: [1;39mimmutable value 'pubA' was never used; consider replacing with '_' or removing it[0;0m [#]8;;https://docs.swift.org/compiler/documentation/diagnostics/no-usage\NoUsage]8;;\]
[0;36m504 |[0;0m         let a = nodeA()
[0;36m505 |[0;0m         let flags = UInt16(Priority.direct.rawValue << 8) | UInt16(FrameV2.Flags.sealed)

/private/tmp/board1-rc15-work-final/wt_IOS-R10-no-dispatch/ios/Packages/GodstoneFoundation/Tests/GodstoneMeshTests/NativeConnectionRepairTests.swift:151:11: [1;33mwarning: [1;39mresult of call to 'withUnsafeBytes' is unused[0;0m [#]8;;https://docs.swift.org/compiler/documentation/diagnostics/no-usage\NoUsage]8;;\]
 [0;36m149 |[0;0m     guard sqlite3_prepare_v2(tdb, sql, -1, &stmt, nil) == SQLITE_OK, let stmt else { return }
 [0;36m150 |[0;0m     defer { sqlite3_finalize(stmt) }
 [0;36m151 |[0;0m     msgId.withUnsafeBytes [4;39m{ sqlite3_bind_blob(stmt, 1, $0.baseAddress, Int32(msgId.count),[0;0m
     [0;36m|[0;0m           `- [1;33mwarning: [1;39mresult of call to 'withUnsafeBytes' is unused[0;0m [#]8;;https://docs.swift.org/compiler/documentation/diagnostics/no-usage\NoUsage]8;;\]
 [0;36m152 |[0;0m                                               unsafeBitCast(-1, to: sqlite3_destructor_type.self)) }
 [0;36m153 |[0;0m     sqlite3_bind_int64(stmt, 2, expiresAtMono)

/private/tmp/board1-rc15-work-final/wt_IOS-R10-no-dispatch/ios/Packages/GodstoneFoundation/Tests/GodstoneMeshTests/NativeConnectionRepairTests.swift:154:10: [1;33mwarning: [1;39mresult of call to 'withCString' is unused[0;0m [#]8;;https://docs.swift.org/compiler/documentation/diagnostics/no-usage\NoUsage]8;;\]
 [0;36m152 |[0;0m                                               unsafeBitCast(-1, to: sqlite3_destructor_type.self)) }
 [0;36m153 |[0;0m     sqlite3_bind_int64(stmt, 2, expiresAtMono)
 [0;36m154 |[0;0m     boot.withCString [4;39m{ sqlite3_bind_text(stmt, 3, $0, -1, unsafeBitCast(-1, to: sqlite3_destructor_type.self)) }[0;0m
     [0;36m|[0;0m          `- [1;33mwarning: [1;39mresult of call to 'withCString' is unused[0;0m [#]8;;https://docs.swift.org/compiler/documentation/diagnostics/no-usage\NoUsage]8;;\]
 [0;36m155 |[0;0m     _ = sqlite3_step(stmt)
 [0;36m156 |[0;0m }

/private/tmp/board1-rc15-work-final/wt_IOS-R10-no-dispatch/ios/Packages/GodstoneFoundation/Tests/GodstoneMeshTests/NativeConnectionRepairTests.swift:195:11: [1;33mwarning: [1;39mresult of call to 'withUnsafeBytes' is unused[0;0m [#]8;;https://docs.swift.org/compiler/documentation/diagnostics/no-usage\NoUsage]8;;\]
 [0;36m193 |[0;0m     guard sqlite3_prepare_v2(db, sql, -1, &stmt, nil) == SQLITE_OK, let stmt else { return false }
 [0;36m194 |[0;0m     defer { sqlite3_finalize(stmt) }
 [0;36m195 |[0;0m     msgId.withUnsafeBytes [4;39m{ sqlite3_bind_blob(stmt, 1, $0.baseAddress, Int32(msgId.count),[0;0m
     [0;36m|[0;0m           `- [1;33mwarning: [1;39mresult of call to 'withUnsafeBytes' is unused[0;0m [#]8;;https://docs.swift.org/compiler/documentation/diagnostics/no-usage\NoUsage]8;;\]
 [0;36m196 |[0;0m                                               unsafeBitCast(-1, to: sqlite3_destructor_type.self)) }
 [0;36m197 |[0;0m     return sqlite3_step(stmt) == SQLITE_ROW

/private/tmp/board1-rc15-work-final/wt_IOS-R10-no-dispatch/ios/Packages/GodstoneFoundation/Tests/GodstoneMeshTests/NativeConnectionRepairTests.swift:224:11: [1;33mwarning: [1;39mresult of call to 'withUnsafeBytes' is unused[0;0m [#]8;;https://docs.swift.org/compiler/documentation/diagnostics/no-usage\NoUsage]8;;\]
 [0;36m222 |[0;0m     }
 [0;36m223 |[0;0m     let probe = Data(repeating: 0xE1, count: 16)
 [0;36m224 |[0;0m     probe.withUnsafeBytes [4;39m{ sqlite3_bind_blob(stmt, 1, $0.baseAddress, Int32(probe.count),[0;0m
     [0;36m|[0;0m           `- [1;33mwarning: [1;39mresult of call to 'withUnsafeBytes' is unused[0;0m [#]8;;https://docs.swift.org/compiler/documentation/diagnostics/no-usage\NoUsage]8;;\]
 [0;36m225 |[0;0m                                               unsafeBitCast(-1, to: sqlite3_destructor_type.self)) }
 [0;36m226 |[0;0m     sqlite3_bind_int64(stmt, 2, 0)

/private/tmp/board1-rc15-work-final/wt_IOS-R10-no-dispatch/ios/Packages/GodstoneFoundation/Tests/GodstoneMeshTests/NativeConnectionRepairTests.swift:227:18: [1;33mwarning: [1;39mresult of call to 'withCString' is unused[0;0m [#]8;;https://docs.swift.org/compiler/documentation/diagnostics/no-usage\NoUsage]8;;\]
 [0;36m225 |[0;0m                                               unsafeBitCast(-1, to: sqlite3_destructor_type.self)) }
 [0;36m226 |[0;0m     sqlite3_bind_int64(stmt, 2, 0)
 [0;36m227 |[0;0m     "ncr-second".withCString [4;39m{ sqlite3_bind_text(stmt, 3, $0, -1, unsafeBitCast(-1, to: sqlite3_destructor_type.self)) }[0;0m
     [0;36m|[0;0m                  `- [1;33mwarning: [1;39mresult of call to 'withCString' is unused[0;0m [#]8;;https://docs.swift.org/compiler/documentation/diagnostics/no-usage\NoUsage]8;;\]
 [0;36m228 |[0;0m     let stepRC = sqlite3_step(stmt)
 [0;36m229 |[0;0m     sqlite3_finalize(stmt)

/private/tmp/board1-rc15-work-final/wt_IOS-R10-no-dispatch/ios/Packages/GodstoneFoundation/Tests/GodstoneMeshTests/NativeConnectionRepairTests.swift:547:25: [1;33mwarning: [1;39mresult of call to 'withUnsafeBytes' is unused[0;0m [#]8;;https://docs.swift.org/compiler/documentation/diagnostics/no-usage\NoUsage]8;;\]
 [0;36m545 |[0;0m             var ts: OpaquePointer?
 [0;36m546 |[0;0m             if sqlite3_prepare_v2(tdb, tsql, -1, &ts, nil) == SQLITE_OK, let ts {
 [0;36m547 |[0;0m                 ghostId.withUnsafeBytes [4;39m{ sqlite3_bind_blob(ts, 1, $0.baseAddress, Int32(ghostId.count),[0;0m
     [0;36m|[0;0m                         `- [1;33mwarning: [1;39mresult of call to 'withUnsafeBytes' is unused[0;0m [#]8;;https://docs.swift.org/compiler/documentation/diagnostics/no-usage\NoUsage]8;;\]
 [0;36m548 |[0;0m                                                             unsafeBitCast(-1, to: sqlite3_destructor_type.self)) }
 [0;36m549 |[0;0m                 sqlite3_bind_int64(ts, 2, 0)                       // spent at the sweep's clock (now == 0)

/private/tmp/board1-rc15-work-final/wt_IOS-R10-no-dispatch/ios/Packages/GodstoneFoundation/Tests/GodstoneMeshTests/NativeConnectionRepairTests.swift:550:28: [1;33mwarning: [1;39mresult of call to 'withCString' is unused[0;0m [#]8;;https://docs.swift.org/compiler/documentation/diagnostics/no-usage\NoUsage]8;;\]
 [0;36m548 |[0;0m                                                             unsafeBitCast(-1, to: sqlite3_destructor_type.self)) }
 [0;36m549 |[0;0m                 sqlite3_bind_int64(ts, 2, 0)                       // spent at the sweep's clock (now == 0)
 [0;36m550 |[0;0m                 "ncr-boot".withCString [4;39m{ sqlite3_bind_text(ts, 3, $0, -1,[0;0m
     [0;36m|[0;0m                            `- [1;33mwarning: [1;39mresult of call to 'withCString' is unused[0;0m [#]8;;https://docs.swift.org/compiler/documentation/diagnostics/no-usage\NoUsage]8;;\]
 [0;36m551 |[0;0m                                                             unsafeBitCast(-1, to: sqlite3_destructor_type.self)) }
 [0;36m552 |[0;0m                 _ = sqlite3_step(ts); sqlite3_finalize(ts)

/private/tmp/board1-rc15-work-final/wt_IOS-R10-no-dispatch/ios/Packages/GodstoneFoundation/Tests/GodstoneMeshTests/NativeConnectionRepairTests.swift:866:58: [1;33mwarning: [1;39mresult of call to 'withUnsafeBytes' is unused[0;0m [#]8;;https://docs.swift.org/compiler/documentation/diagnostics/no-usage\NoUsage]8;;\]
 [0;36m864 |[0;0m             if sqlite3_prepare_v2(db, sql, -1, &st, nil) == SQLITE_OK, let st {
 [0;36m865 |[0;0m                 let short = Data(repeating: 1, count: 4)
 [0;36m866 |[0;0m                 func bindBlob(_ i: Int32, _ d: Data) { d.withUnsafeBytes [4;39m{ sqlite3_bind_blob(st, i, $0.baseAddress, Int32(d.count), unsafeBitCast(-1, to: sqlite3_destructor_type.self)) }[0;0m }
     [0;36m|[0;0m                                                          `- [1;33mwarning: [1;39mresult of call to 'withUnsafeBytes' is unused[0;0m [#]8;;https://docs.swift.org/compiler/documentation/diagnostics/no-usage\NoUsage]8;;\]
 [0;36m867 |[0;0m                 bindBlob(1, intentId); bindBlob(2, ncrMsgId(0x51)); bindBlob(3, Data(repeating: 2, count: 8))
 [0;36m868 |[0;0m                 bindBlob(4, Data(repeating: 3, count: 8)); bindBlob(5, ncrMsgId(0x52)); bindBlob(6, Data(repeating: 4, count: 32))

[#NoUsage]: <https://docs.swift.org/compiler/documentation/diagnostics/no-usage>
[#UnnecessaryEffectMarker]: <https://docs.swift.org/compiler/documentation/diagnostics/unnecessary-effect-marker>
/private/tmp/board1-rc15-work-final/wt_IOS-R10-no-dispatch/ios/Packages/GodstoneFoundation/Tests/GodstoneMeshTests/GsFinal003AdmissionPointTests.swift:40:13: [1;33mwarning: [1;39mstored property 'allows' of 'Sendable'-conforming class 'SwitchableWipeGate' is mutable; this is an error in the Swift 6 language mode[0;0m
 [0;36m38 |[0;0m     /// the coordinator (which GS-FINAL-002 already proved).
 [0;36m39 |[0;0m     private final class SwitchableWipeGate: WipeSensitiveUseGate {
 [0;36m40 |[0;0m         var allows: Bool
    [0;36m|[0;0m             `- [1;33mwarning: [1;39mstored property 'allows' of 'Sendable'-conforming class 'SwitchableWipeGate' is mutable; this is an error in the Swift 6 language mode[0;0m
 [0;36m41 |[0;0m         init(allows: Bool) { self.allows = allows }
 [0;36m42 |[0;0m         func allowsSensitiveUse() -> Bool { allows }

/private/tmp/board1-rc15-work-final/wt_IOS-R10-no-dispatch/ios/Packages/GodstoneFoundation/Tests/GodstoneMeshTests/GsFinal003RecoveryTopologyTests.swift:1347:13: [1;33mwarning: [1;39mstored property 'dekProvider' of 'Sendable'-conforming struct 'OwnedArtifactEstate' contains non-Sendable type 'any PrivateStoreKeyProvider'; this is an error in the Swift 6 language mode[0;0m
[0;36m1345 |[0;0m         let artifactPaths: [String: URL]
[0;36m1346 |[0;0m         var keychain: any LocalIdentityKeychain = RecoveryKeychain()
[0;36m1347 |[0;0m         var dekProvider: (any PrivateStoreKeyProvider)? = nil
     [0;36m|[0;0m             `- [1;33mwarning: [1;39mstored property 'dekProvider' of 'Sendable'-conforming struct 'OwnedArtifactEstate' contains non-Sendable type 'any PrivateStoreKeyProvider'; this is an error in the Swift 6 language mode[0;0m
[0;36m1348 |[0;0m         var liveTransport: TransportRuntimeSeam? { nil }
[0;36m1349 |[0;0m         var drain: () -> OwnerDrainResult = { .cold(reason: "the focused arm positively owns no live owner") }

GodstoneMesh.PrivateStoreKeyProvider:1:17: [1;39mnote: [1;39mprotocol 'PrivateStoreKeyProvider' does not conform to the 'Sendable' protocol[0;0m
[0;36m1 |[0;0m public protocol PrivateStoreKeyProvider : AnyObject {
  [0;36m|[0;0m                 `- [1;39mnote: [1;39mprotocol 'PrivateStoreKeyProvider' does not conform to the 'Sendable' protocol[0;0m
[0;36m2 |[0;0m     var dekByteCount: Int { get }
[0;36m3 |[0;0m     func fetchDEK(tag: String) throws -> GodstoneMesh.StoreDEK

/private/tmp/board1-rc15-work-final/wt_IOS-R10-no-dispatch/ios/Packages/GodstoneFoundation/Tests/GodstoneMeshTests/GsFinal003RecoveryTopologyTests.swift:4:11: [1;33mwarning: [1;39madd '@preconcurrency' to suppress 'Sendable'-related warnings from module 'GodstoneMesh'[0;0m [#]8;;https://docs.swift.org/compiler/documentation/diagnostics/add-preconcurrency-import\AddPreconcurrencyImport]8;;\]
   [0;36m2 |[0;0m import Foundation
   [0;36m3 |[0;0m import SQLite3
   [0;36m4 |[0;0m @testable import GodstoneMesh
     [0;36m|[0;0m           `- [1;33mwarning: [1;39madd '@preconcurrency' to suppress 'Sendable'-related warnings from module 'GodstoneMesh'[0;0m [#]8;;https://docs.swift.org/compiler/documentation/diagnostics/add-preconcurrency-import\AddPreconcurrencyImport]8;;\]
   [0;36m5 |[0;0m 
   [0;36m6 |[0;0m //  GS-FINAL-003 `true-recovery-topology`: THE TRUE PRE-PRIVATE RECOVERY, MEASURED AT ITS OWN SEAMS.

/private/tmp/board1-rc15-work-final/wt_IOS-R10-no-dispatch/ios/Packages/GodstoneFoundation/Tests/GodstoneMeshTests/GsFinal003RecoveryTopologyTests.swift:1349:13: [1;33mwarning: [1;39mstored property 'drain' of 'Sendable'-conforming struct 'OwnedArtifactEstate' has non-Sendable type '() -> OwnerDrainResult'; this is an error in the Swift 6 language mode[0;0m
[0;36m1347 |[0;0m         var dekProvider: (any PrivateStoreKeyProvider)? = nil
[0;36m1348 |[0;0m         var liveTransport: TransportRuntimeSeam? { nil }
[0;36m1349 |[0;0m         var drain: () -> OwnerDrainResult = { .cold(reason: "the focused arm positively owns no live owner") }
     [0;36m|[0;0m             |- [1;33mwarning: [1;39mstored property 'drain' of 'Sendable'-conforming struct 'OwnedArtifactEstate' has non-Sendable type '() -> OwnerDrainResult'; this is an error in the Swift 6 language mode[0;0m
     [0;36m|[0;0m             `- [1;39mnote: [1;39ma function type must be marked '@Sendable' to conform to 'Sendable'[0;0m
[0;36m1350 |[0;0m         func drainOwners() -> OwnerDrainResult { drain() }
[0;36m1351 |[0;0m     }

/private/tmp/board1-rc15-work-final/wt_IOS-R10-no-dispatch/ios/Packages/GodstoneFoundation/Tests/GodstoneMeshTests/GsFinal003RecoveryTopologyTests.swift:1379:17: [1;33mwarning: [1;39mstored property 'dekProvider' of 'Sendable'-conforming struct 'LiveOwnerEstate' contains non-Sendable type 'any PrivateStoreKeyProvider'; this is an error in the Swift 6 language mode[0;0m
[0;36m1377 |[0;0m             let artifactPaths: [String: URL]
[0;36m1378 |[0;0m             let keychain: any LocalIdentityKeychain = RecoveryKeychain()
[0;36m1379 |[0;0m             let dekProvider: (any PrivateStoreKeyProvider)? = nil
     [0;36m|[0;0m                 `- [1;33mwarning: [1;39mstored property 'dekProvider' of 'Sendable'-conforming struct 'LiveOwnerEstate' contains non-Sendable type 'any PrivateStoreKeyProvider'; this is an error in the Swift 6 language mode[0;0m
[0;36m1380 |[0;0m             var liveTransport: TransportRuntimeSeam? { nil }
[0;36m1381 |[0;0m             func drainOwners() -> OwnerDrainResult {

GodstoneMesh.PrivateStoreKeyProvider:1:17: [1;39mnote: [1;39mprotocol 'PrivateStoreKeyProvider' does not conform to the 'Sendable' protocol[0;0m
[0;36m1 |[0;0m public protocol PrivateStoreKeyProvider : AnyObject {
  [0;36m|[0;0m                 `- [1;39mnote: [1;39mprotocol 'PrivateStoreKeyProvider' does not conform to the 'Sendable' protocol[0;0m
[0;36m2 |[0;0m     var dekByteCount: Int { get }
[0;36m3 |[0;0m     func fetchDEK(tag: String) throws -> GodstoneMesh.StoreDEK

/private/tmp/board1-rc15-work-final/wt_IOS-R10-no-dispatch/ios/Packages/GodstoneFoundation/Tests/GodstoneMeshTests/GsFinal003RecoveryTopologyTests.swift:1583:17: [1;33mwarning: [1;39mstored property 'dekProvider' of 'Sendable'-conforming class 'UndrainableEstate' contains non-Sendable type 'any PrivateStoreKeyProvider'; this is an error in the Swift 6 language mode[0;0m
[0;36m1581 |[0;0m             let artifactPaths: [String: URL]
[0;36m1582 |[0;0m             let keychain: any LocalIdentityKeychain
[0;36m1583 |[0;0m             let dekProvider: (any PrivateStoreKeyProvider)?
     [0;36m|[0;0m                 `- [1;33mwarning: [1;39mstored property 'dekProvider' of 'Sendable'-conforming class 'UndrainableEstate' contains non-Sendable type 'any PrivateStoreKeyProvider'; this is an error in the Swift 6 language mode[0;0m
[0;36m1584 |[0;0m             var liveTransport: TransportRuntimeSeam? { nil }
[0;36m1585 |[0;0m             init(artifactPaths: [String: URL], keychain: any LocalIdentityKeychain,

GodstoneMesh.PrivateStoreKeyProvider:1:17: [1;39mnote: [1;39mprotocol 'PrivateStoreKeyProvider' does not conform to the 'Sendable' protocol[0;0m
[0;36m1 |[0;0m public protocol PrivateStoreKeyProvider : AnyObject {
  [0;36m|[0;0m                 `- [1;39mnote: [1;39mprotocol 'PrivateStoreKeyProvider' does not conform to the 'Sendable' protocol[0;0m
[0;36m2 |[0;0m     var dekByteCount: Int { get }
[0;36m3 |[0;0m     func fetchDEK(tag: String) throws -> GodstoneMesh.StoreDEK

/private/tmp/board1-rc15-work-final/wt_IOS-R10-no-dispatch/ios/Packages/GodstoneFoundation/Tests/GodstoneMeshTests/MeshNodeDeliveryIntegrationTests.swift:503:14: [1;33mwarning: [1;39mimmutable value 'pubA' was never used; consider replacing with '_' or removing it[0;0m [#]8;;https://docs.swift.org/compiler/documentation/diagnostics/no-usage\NoUsage]8;;\]
[0;36m501 |[0;0m 
[0;36m502 |[0;0m     func testC661DispatchDirectTransmitsStoreReturnedCanonicalFrameAndNotCallerModifiedFrame() async throws {
[0;36m503 |[0;0m         let (pubA, _) = realDhKeypair()
    [0;36m|[0;0m              `- [1;33mwarning: [1;39mimmutable value 'pubA' was never used; consider replacing with '_' or removing it[0;0m [#]8;;https://docs.swift.org/compiler/documentation/diagnostics/no-usage\NoUsage]8;;\]
[0;36m504 |[0;0m         let a = nodeA()
[0;36m505 |[0;0m         let flags = UInt16(Priority.direct.rawValue << 8) | UInt16(FrameV2.Flags.sealed)

/private/tmp/board1-rc15-work-final/wt_IOS-R10-no-dispatch/ios/Packages/GodstoneFoundation/Tests/GodstoneMeshTests/ReadinessTrustedPairing.swift:164:5: [1;33mwarning: [1;39m'@discardableResult' declared on a function returning 'Void' is unnecessary[0;0m
[0;36m162 |[0;0m     /// CRYPTO-001: the entries are addressed by the relation's ADMISSION -- by default the one a
[0;36m163 |[0;0m     /// freshly started transport minteth for the first relation of that handle.
[0;36m164 |[0;0m     @discardableResult
    [0;36m|[0;0m     `- [1;33mwarning: [1;39m'@discardableResult' declared on a function returning 'Void' is unnecessary[0;0m
[0;36m165 |[0;0m     static func pairUp(_ pair: Pair, viaBob: UUID, viaAlice: UUID,
[0;36m166 |[0;0m                        aliceHint: Data, bobHint: Data,

[#AddPreconcurrencyImport]: <https://docs.swift.org/compiler/documentation/diagnostics/add-preconcurrency-import>
[#NoUsage]: <https://docs.swift.org/compiler/documentation/diagnostics/no-usage>
/private/tmp/board1-rc15-work-final/wt_IOS-R10-no-dispatch/ios/Packages/GodstoneFoundation/Tests/GodstoneMeshTests/GsFinal004OwnedConnectionTests.swift:364:26: [1;33mwarning: [1;39mno calls to throwing functions occur within 'try' expression[0;0m [#]8;;https://docs.swift.org/compiler/documentation/diagnostics/unnecessary-effect-marker\UnnecessaryEffectMarker]8;;\]
 [0;36m362 |[0;0m         // *** ADOPT IT, RUN REAL WORK, AND REQUIRE THE WORK TO HAVE LANDED ON THAT TABLE. ***
 [0;36m363 |[0;0m         let store = SqliteMessageStore(verifiedConnection: owned, maxBytes: 64 * 1024 * 1024)
 [0;36m364 |[0;0m         XCTAssertNoThrow(try store.allHeldMsgIds(),
     [0;36m|[0;0m                          `- [1;33mwarning: [1;39mno calls to throwing functions occur within 'try' expression[0;0m [#]8;;https://docs.swift.org/compiler/documentation/diagnostics/unnecessary-effect-marker\UnnecessaryEffectMarker]8;;\]
 [0;36m365 |[0;0m                          "the store's own query must succeed through the provider table")
 [0;36m366 |[0;0m         XCTAssertGreaterThan(

/private/tmp/board1-rc15-work-final/wt_IOS-R10-no-dispatch/ios/Packages/GodstoneFoundation/Tests/GodstoneMeshTests/GsFinal004OwnedConnectionTests.swift:386:26: [1;33mwarning: [1;39mno calls to throwing functions occur within 'try' expression[0;0m [#]8;;https://docs.swift.org/compiler/documentation/diagnostics/unnecessary-effect-marker\UnnecessaryEffectMarker]8;;\]
 [0;36m384 |[0;0m         defer { try? FileManager.default.removeItem(at: plainURL) }
 [0;36m385 |[0;0m         let plain = SqliteMessageStore(url: plainURL, maxBytes: 64 * 1024 * 1024)
 [0;36m386 |[0;0m         XCTAssertNoThrow(try plain.allHeldMsgIds(), "the plain store must still work on its own table")
     [0;36m|[0;0m                          `- [1;33mwarning: [1;39mno calls to throwing functions occur within 'try' expression[0;0m [#]8;;https://docs.swift.org/compiler/documentation/diagnostics/unnecessary-effect-marker\UnnecessaryEffectMarker]8;;\]
 [0;36m387 |[0;0m         XCTAssertEqual(
 [0;36m388 |[0;0m             gf004Counts().prepare, before,

/private/tmp/board1-rc15-work-final/wt_IOS-R10-no-dispatch/ios/Packages/GodstoneFoundation/Tests/GodstoneMeshTests/GsFinal004OwnedConnectionTests.swift:605:26: [1;33mwarning: [1;39mno calls to throwing functions occur within 'try' expression[0;0m [#]8;;https://docs.swift.org/compiler/documentation/diagnostics/unnecessary-effect-marker\UnnecessaryEffectMarker]8;;\]
 [0;36m603 |[0;0m 
 [0;36m604 |[0;0m         // *** AND THE MIGRATIONS REALLY RAN, ON THAT SAME CONNECTION: the repository verbs answer against it. ***
 [0;36m605 |[0;0m         XCTAssertNoThrow(try store.allHeldMsgIds(),
     [0;36m|[0;0m                          `- [1;33mwarning: [1;39mno calls to throwing functions occur within 'try' expression[0;0m [#]8;;https://docs.swift.org/compiler/documentation/diagnostics/unnecessary-effect-marker\UnnecessaryEffectMarker]8;;\]
 [0;36m606 |[0;0m                          "the repository's own query must succeed on the adopted connection, which is what proves "
 [0;36m607 |[0;0m                          + "migrations ran there rather than somewhere else")

/private/tmp/board1-rc15-work-final/wt_IOS-R10-no-dispatch/ios/Packages/GodstoneFoundation/Tests/GodstoneMeshTests/GsFinal004OwnedConnectionTests.swift:810:26: [1;33mwarning: [1;39mno calls to throwing functions occur within 'try' expression[0;0m [#]8;;https://docs.swift.org/compiler/documentation/diagnostics/unnecessary-effect-marker\UnnecessaryEffectMarker]8;;\]
 [0;36m808 |[0;0m         // AND BOTH STORES REALLY WORK ON THEIR ADOPTED CONNECTIONS -- an identity match with a store that cannot
 [0;36m809 |[0;0m         // query would prove nothing.
 [0;36m810 |[0;0m         XCTAssertNoThrow(try runtime.messageStore.allHeldMsgIds(),
     [0;36m|[0;0m                          `- [1;33mwarning: [1;39mno calls to throwing functions occur within 'try' expression[0;0m [#]8;;https://docs.swift.org/compiler/documentation/diagnostics/unnecessary-effect-marker\UnnecessaryEffectMarker]8;;\]
 [0;36m811 |[0;0m                          "the repository must answer on the adopted connection")
 [0;36m812 |[0;0m         // *** NONEMPTY DURABLE WORK THROUGH THE COMPOSITION, NOT MERELY A QUERYABLE HANDLE. ***

/private/tmp/board1-rc15-work-final/wt_IOS-R10-no-dispatch/ios/Packages/GodstoneFoundation/Tests/GodstoneMeshTests/GsFinal005MandatoryClockTests.swift:149:21: [1;33mwarning: [1;39mno calls to throwing functions occur within 'try' expression[0;0m [#]8;;https://docs.swift.org/compiler/documentation/diagnostics/unnecessary-effect-marker\UnnecessaryEffectMarker]8;;\]
[0;36m147 |[0;0m     func testGSFINAL005_theControlClockIsMonotonicAndNotWallTime() throws {
[0;36m148 |[0;0m         let url = tempUrl("controlclock")
[0;36m149 |[0;0m         let store = try SqliteMessageStore(url: url, maxBytes: 8 * 1024 * 1024)
    [0;36m|[0;0m                     `- [1;33mwarning: [1;39mno calls to throwing functions occur within 'try' expression[0;0m [#]8;;https://docs.swift.org/compiler/documentation/diagnostics/unnecessary-effect-marker\UnnecessaryEffectMarker]8;;\]
[0;36m150 |[0;0m         let identity = try MeshIdentity.generateAndStore(keychain: InMemoryKeychain())
[0;36m151 |[0;0m         let tracker = DeliveryTracker(

/private/tmp/board1-rc15-work-final/wt_IOS-R10-no-dispatch/ios/Packages/GodstoneFoundation/Tests/GodstoneMeshTests/GsIntegration001CrossPlatformWorkerTests.swift:868:17: [1;33mwarning: [1;39musing '_' to ignore the result of a Void-returning function is redundant[0;0m
 [0;36m866 |[0;0m                 let request = RealTransportHostRig.HostRequest(
 [0;36m867 |[0;0m                     pinnedCentral: rig.centralPresent(handle), uuid: uuid, value: rec.payload)
 [0;36m868 |[0;0m                 _ = node.ble.processPeripheralReceiveWrite(
     [0;36m|[0;0m                 `- [1;33mwarning: [1;39musing '_' to ignore the result of a Void-returning function is redundant[0;0m
 [0;36m869 |[0;0m                     manager, requests: [unsafeBitCast(request, to: CBATTRequest.self)],
 [0;36m870 |[0;0m                     sourceEpoch: node.ble.currentTransportEpoch)

/private/tmp/board1-rc15-work-final/wt_IOS-R10-no-dispatch/ios/Packages/GodstoneFoundation/Tests/GodstoneMeshTests/GsIntegration001RealTransportTests.swift:1631:17: [1;33mwarning: [1;39mcapture of 'r' with non-Sendable type 'RealTransportHostRig' in a '@Sendable' closure[0;0m [#]8;;https://docs.swift.org/compiler/documentation/diagnostics/sendable-closure-captures\SendableClosureCaptures]8;;\]
[0;36m1629 |[0;0m             let tornDown = DispatchSemaphore(value: 0)
[0;36m1630 |[0;0m             DispatchQueue.global().async {
[0;36m1631 |[0;0m                 r.tearDown()
     [0;36m|[0;0m                 `- [1;33mwarning: [1;39mcapture of 'r' with non-Sendable type 'RealTransportHostRig' in a '@Sendable' closure[0;0m [#]8;;https://docs.swift.org/compiler/documentation/diagnostics/sendable-closure-captures\SendableClosureCaptures]8;;\]
[0;36m1632 |[0;0m                 tornDown.signal()
[0;36m1633 |[0;0m             }

GodstoneMesh.RealTransportHostRig:1:20: [1;39mnote: [1;39mclass 'RealTransportHostRig' does not conform to the 'Sendable' protocol[0;0m
 [0;36m1 |[0;0m final public class RealTransportHostRig {
   [0;36m|[0;0m                    `- [1;39mnote: [1;39mclass 'RealTransportHostRig' does not conform to the 'Sendable' protocol[0;0m
 [0;36m2 |[0;0m     public struct WireWrite : Sendable, Equatable {
 [0;36m3 |[0;0m         public let from: String

/private/tmp/board1-rc15-work-final/wt_IOS-R10-no-dispatch/ios/Packages/GodstoneFoundation/Tests/GodstoneMeshTests/GsIntegration001RealTransportTests.swift:6:11: [1;33mwarning: [1;39madd '@preconcurrency' to suppress 'Sendable'-related warnings from module 'GodstoneMesh'[0;0m [#]8;;https://docs.swift.org/compiler/documentation/diagnostics/add-preconcurrency-import\AddPreconcurrencyImport]8;;\]
   [0;36m4 |[0;0m import ObjectiveC
   [0;36m5 |[0;0m @testable import GodstoneCore
   [0;36m6 |[0;0m @testable import GodstoneMesh
     [0;36m|[0;0m           `- [1;33mwarning: [1;39madd '@preconcurrency' to suppress 'Sendable'-related warnings from module 'GodstoneMesh'[0;0m [#]8;;https://docs.swift.org/compiler/documentation/diagnostics/add-preconcurrency-import\AddPreconcurrencyImport]8;;\]
   [0;36m7 |[0;0m 
   [0;36m8 |[0;0m /// GS-INTEGRATION-001: The harness court standing on the real transport.

/private/tmp/board1-rc15-work-final/wt_IOS-R10-no-dispatch/ios/Packages/GodstoneFoundation/Tests/GodstoneMeshTests/GsIntegration001ScenarioTests.swift:172:25: [1;33mwarning: [1;39mno calls to throwing functions occur within 'try' expression[0;0m [#]8;;https://docs.swift.org/compiler/documentation/diagnostics/unnecessary-effect-marker\UnnecessaryEffectMarker]8;;\]
[0;36m170 |[0;0m             return XCTFail("the stranger-bound initiator must still form its first counsel")
[0;36m171 |[0;0m         }
[0;36m172 |[0;0m         guard let hs2 = try? responder.responderProcessMessage1AndWriteMessage2(hs1: hs1) else {
    [0;36m|[0;0m                         `- [1;33mwarning: [1;39mno calls to throwing functions occur within 'try' expression[0;0m [#]8;;https://docs.swift.org/compiler/documentation/diagnostics/unnecessary-effect-marker\UnnecessaryEffectMarker]8;;\]
[0;36m173 |[0;0m             return XCTFail("the production responder must answer the honest HS1 -- its gates are not the subject here")
[0;36m174 |[0;0m         }

/private/tmp/board1-rc15-work-final/wt_IOS-R10-no-dispatch/ios/Packages/GodstoneFoundation/Tests/GodstoneMeshTests/GsIntegration001ScenarioTests.swift:405:13: [1;33mwarning: [1;39minitialization of immutable value 'initiator' was never used; consider replacing with assignment to '_' or removing it[0;0m [#]8;;https://docs.swift.org/compiler/documentation/diagnostics/no-usage\NoUsage]8;;\]
[0;36m403 |[0;0m         let link = try r.link("alice", "bob")
[0;36m404 |[0;0m 
[0;36m405 |[0;0m         let initiator = try XCTUnwrap(r.opener(of: "alice", "bob"), "the initiator of the alice--bob exchange")
    [0;36m|[0;0m             `- [1;33mwarning: [1;39minitialization of immutable value 'initiator' was never used; consider replacing with assignment to '_' or removing it[0;0m [#]8;;https://docs.swift.org/compiler/documentation/diagnostics/no-usage\NoUsage]8;;\]
[0;36m406 |[0;0m         XCTAssertTrue(
[0;36m407 |[0;0m             r.waitUntil { r.isLinkReady(link) },

/private/tmp/board1-rc15-work-final/wt_IOS-R10-no-dispatch/ios/Packages/GodstoneFoundation/Tests/GodstoneMeshTests/GsStress001RealRuntimeDriverTests.swift:423:22: [1;33mwarning: [1;39mmutation of captured var 'result' in concurrently-executing code; this is an error in the Swift 6 language mode[0;0m [#]8;;https://docs.swift.org/compiler/documentation/diagnostics/sendable-closure-captures\SendableClosureCaptures]8;;\]
 [0;36m421 |[0;0m         let worker = Thread {
 [0;36m422 |[0;0m             Task {
 [0;36m423 |[0;0m                 do { result = .success(try await body()) } catch { result = .failure(error) }
     [0;36m|[0;0m                      `- [1;33mwarning: [1;39mmutation of captured var 'result' in concurrently-executing code; this is an error in the Swift 6 language mode[0;0m [#]8;;https://docs.swift.org/compiler/documentation/diagnostics/sendable-closure-captures\SendableClosureCaptures]8;;\]
 [0;36m424 |[0;0m                 sem.signal()
 [0;36m425 |[0;0m             }

/private/tmp/board1-rc15-work-final/wt_IOS-R10-no-dispatch/ios/Packages/GodstoneFoundation/Tests/GodstoneMeshTests/GsStress001RealRuntimeDriverTests.swift:423:68: [1;33mwarning: [1;39mmutation of captured var 'result' in concurrently-executing code; this is an error in the Swift 6 language mode[0;0m [#]8;;https://docs.swift.org/compiler/documentation/diagnostics/sendable-closure-captures\SendableClosureCaptures]8;;\]
 [0;36m421 |[0;0m         let worker = Thread {
 [0;36m422 |[0;0m             Task {
 [0;36m423 |[0;0m                 do { result = .success(try await body()) } catch { result = .failure(error) }
     [0;36m|[0;0m                                                                    `- [1;33mwarning: [1;39mmutation of captured var 'result' in concurrently-executing code; this is an error in the Swift 6 language mode[0;0m [#]8;;https://docs.swift.org/compiler/documentation/diagnostics/sendable-closure-captures\SendableClosureCaptures]8;;\]
 [0;36m424 |[0;0m                 sem.signal()
 [0;36m425 |[0;0m             }

/private/tmp/board1-rc15-work-final/wt_IOS-R10-no-dispatch/ios/Packages/GodstoneFoundation/Tests/GodstoneMeshTests/GsStress001RealRuntimeTests.swift:596:13: [1;33mwarning: [1;39minitialization of variable 'maxHeld' was never used; consider replacing with assignment to '_' or removing it[0;0m [#]8;;https://docs.swift.org/compiler/documentation/diagnostics/no-usage\NoUsage]8;;\]
[0;36m594 |[0;0m         /// **THE FIX IS A COUNTER THE LOOP ITSELF INCREMENTS, asserted against `cycles`.** An early break now fails.
[0;36m595 |[0;0m         var stepsRun = 0
[0;36m596 |[0;0m         var maxHeld = 0
    [0;36m|[0;0m             `- [1;33mwarning: [1;39minitialization of variable 'maxHeld' was never used; consider replacing with assignment to '_' or removing it[0;0m [#]8;;https://docs.swift.org/compiler/documentation/diagnostics/no-usage\NoUsage]8;;\]
[0;36m597 |[0;0m         var maxDepthSeen = 0
[0;36m598 |[0;0m 

[#AddPreconcurrencyImport]: <https://docs.swift.org/compiler/documentation/diagnostics/add-preconcurrency-import>
[#NoUsage]: <https://docs.swift.org/compiler/documentation/diagnostics/no-usage>
[#SendableClosureCaptures]: <https://docs.swift.org/compiler/documentation/diagnostics/sendable-closure-captures>
[#UnnecessaryEffectMarker]: <https://docs.swift.org/compiler/documentation/diagnostics/unnecessary-effect-marker>
/private/tmp/board1-rc15-work-final/wt_IOS-R10-no-dispatch/ios/Packages/GodstoneFoundation/Tests/GodstoneMeshTests/BoundRecipientKeyResolverTests.swift:31:23: [1;33mwarning: [1;39mno calls to throwing functions occur within 'try' expression[0;0m [#]8;;https://docs.swift.org/compiler/documentation/diagnostics/unnecessary-effect-marker\UnnecessaryEffectMarker]8;;\]
 [0;36m29 |[0;0m         )
 [0;36m30 |[0;0m         let sig = try! signingKey.signature(for: preimage)
 [0;36m31 |[0;0m         let binding = try! IdentityBindingV1(
    [0;36m|[0;0m                       `- [1;33mwarning: [1;39mno calls to throwing functions occur within 'try' expression[0;0m [#]8;;https://docs.swift.org/compiler/documentation/diagnostics/unnecessary-effect-marker\UnnecessaryEffectMarker]8;;\]
 [0;36m32 |[0;0m             generation: generation,
 [0;36m33 |[0;0m             signingPublicKey: signingKey.publicKey.rawRepresentation,

/private/tmp/board1-rc15-work-final/wt_IOS-R10-no-dispatch/ios/Packages/GodstoneFoundation/Tests/GodstoneMeshTests/CrashStartupResumeTests.swift:767:13: [1;33mwarning: [1;39minitialization of immutable value 'outcome' was never used; consider replacing with assignment to '_' or removing it[0;0m [#]8;;https://docs.swift.org/compiler/documentation/diagnostics/no-usage\NoUsage]8;;\]
 [0;36m765 |[0;0m         // DELETE. So the arm drives that rung, over the estate whose own init BINDETH the durable inventory, and then
 [0;36m766 |[0;0m         // opens the stores -- WHICH IS THE ORDER ITS NAME CLAIMS.**
 [0;36m767 |[0;0m         let outcome = driveSanctionedRecoveryRoad(
     [0;36m|[0;0m             `- [1;33mwarning: [1;39minitialization of immutable value 'outcome' was never used; consider replacing with assignment to '_' or removing it[0;0m [#]8;;https://docs.swift.org/compiler/documentation/diagnostics/no-usage\NoUsage]8;;\]
 [0;36m768 |[0;0m             journal: journal, msgUrl: msgUrl, peerUrl: peerUrl,
 [0;36m769 |[0;0m             keychain: keychain, requestFresh: false)

/private/tmp/board1-rc15-work-final/wt_IOS-R10-no-dispatch/ios/Packages/GodstoneFoundation/Tests/GodstoneMeshTests/GsFinal003AdmissionPointTests.swift:40:13: [1;33mwarning: [1;39mstored property 'allows' of 'Sendable'-conforming class 'SwitchableWipeGate' is mutable; this is an error in the Swift 6 language mode[0;0m
 [0;36m38 |[0;0m     /// the coordinator (which GS-FINAL-002 already proved).
 [0;36m39 |[0;0m     private final class SwitchableWipeGate: WipeSensitiveUseGate {
 [0;36m40 |[0;0m         var allows: Bool
    [0;36m|[0;0m             `- [1;33mwarning: [1;39mstored property 'allows' of 'Sendable'-conforming class 'SwitchableWipeGate' is mutable; this is an error in the Swift 6 language mode[0;0m
 [0;36m41 |[0;0m         init(allows: Bool) { self.allows = allows }
 [0;36m42 |[0;0m         func allowsSensitiveUse() -> Bool { allows }

/private/tmp/board1-rc15-work-final/wt_IOS-R10-no-dispatch/ios/Packages/GodstoneFoundation/Tests/GodstoneMeshTests/GsFinal003RecoveryTopologyTests.swift:1347:13: [1;33mwarning: [1;39mstored property 'dekProvider' of 'Sendable'-conforming struct 'OwnedArtifactEstate' contains non-Sendable type 'any PrivateStoreKeyProvider'; this is an error in the Swift 6 language mode[0;0m
[0;36m1345 |[0;0m         let artifactPaths: [String: URL]
[0;36m1346 |[0;0m         var keychain: any LocalIdentityKeychain = RecoveryKeychain()
[0;36m1347 |[0;0m         var dekProvider: (any PrivateStoreKeyProvider)? = nil
     [0;36m|[0;0m             `- [1;33mwarning: [1;39mstored property 'dekProvider' of 'Sendable'-conforming struct 'OwnedArtifactEstate' contains non-Sendable type 'any PrivateStoreKeyProvider'; this is an error in the Swift 6 language mode[0;0m
[0;36m1348 |[0;0m         var liveTransport: TransportRuntimeSeam? { nil }
[0;36m1349 |[0;0m         var drain: () -> OwnerDrainResult = { .cold(reason: "the focused arm positively owns no live owner") }

GodstoneMesh.PrivateStoreKeyProvider:1:17: [1;39mnote: [1;39mprotocol 'PrivateStoreKeyProvider' does not conform to the 'Sendable' protocol[0;0m
[0;36m1 |[0;0m public protocol PrivateStoreKeyProvider : AnyObject {
  [0;36m|[0;0m                 `- [1;39mnote: [1;39mprotocol 'PrivateStoreKeyProvider' does not conform to the 'Sendable' protocol[0;0m
[0;36m2 |[0;0m     var dekByteCount: Int { get }
[0;36m3 |[0;0m     func fetchDEK(tag: String) throws -> GodstoneMesh.StoreDEK

/private/tmp/board1-rc15-work-final/wt_IOS-R10-no-dispatch/ios/Packages/GodstoneFoundation/Tests/GodstoneMeshTests/GsFinal003RecoveryTopologyTests.swift:4:11: [1;33mwarning: [1;39madd '@preconcurrency' to suppress 'Sendable'-related warnings from module 'GodstoneMesh'[0;0m [#]8;;https://docs.swift.org/compiler/documentation/diagnostics/add-preconcurrency-import\AddPreconcurrencyImport]8;;\]
   [0;36m2 |[0;0m import Foundation
   [0;36m3 |[0;0m import SQLite3
   [0;36m4 |[0;0m @testable import GodstoneMesh
     [0;36m|[0;0m           `- [1;33mwarning: [1;39madd '@preconcurrency' to suppress 'Sendable'-related warnings from module 'GodstoneMesh'[0;0m [#]8;;https://docs.swift.org/compiler/documentation/diagnostics/add-preconcurrency-import\AddPreconcurrencyImport]8;;\]
   [0;36m5 |[0;0m 
   [0;36m6 |[0;0m //  GS-FINAL-003 `true-recovery-topology`: THE TRUE PRE-PRIVATE RECOVERY, MEASURED AT ITS OWN SEAMS.

/private/tmp/board1-rc15-work-final/wt_IOS-R10-no-dispatch/ios/Packages/GodstoneFoundation/Tests/GodstoneMeshTests/GsFinal003RecoveryTopologyTests.swift:1349:13: [1;33mwarning: [1;39mstored property 'drain' of 'Sendable'-conforming struct 'OwnedArtifactEstate' has non-Sendable type '() -> OwnerDrainResult'; this is an error in the Swift 6 language mode[0;0m
[0;36m1347 |[0;0m         var dekProvider: (any PrivateStoreKeyProvider)? = nil
[0;36m1348 |[0;0m         var liveTransport: TransportRuntimeSeam? { nil }
[0;36m1349 |[0;0m         var drain: () -> OwnerDrainResult = { .cold(reason: "the focused arm positively owns no live owner") }
     [0;36m|[0;0m             |- [1;33mwarning: [1;39mstored property 'drain' of 'Sendable'-conforming struct 'OwnedArtifactEstate' has non-Sendable type '() -> OwnerDrainResult'; this is an error in the Swift 6 language mode[0;0m
     [0;36m|[0;0m             `- [1;39mnote: [1;39ma function type must be marked '@Sendable' to conform to 'Sendable'[0;0m
[0;36m1350 |[0;0m         func drainOwners() -> OwnerDrainResult { drain() }
[0;36m1351 |[0;0m     }

/private/tmp/board1-rc15-work-final/wt_IOS-R10-no-dispatch/ios/Packages/GodstoneFoundation/Tests/GodstoneMeshTests/GsFinal003RecoveryTopologyTests.swift:1379:17: [1;33mwarning: [1;39mstored property 'dekProvider' of 'Sendable'-conforming struct 'LiveOwnerEstate' contains non-Sendable type 'any PrivateStoreKeyProvider'; this is an error in the Swift 6 language mode[0;0m
[0;36m1377 |[0;0m             let artifactPaths: [String: URL]
[0;36m1378 |[0;0m             let keychain: any LocalIdentityKeychain = RecoveryKeychain()
[0;36m1379 |[0;0m             let dekProvider: (any PrivateStoreKeyProvider)? = nil
     [0;36m|[0;0m                 `- [1;33mwarning: [1;39mstored property 'dekProvider' of 'Sendable'-conforming struct 'LiveOwnerEstate' contains non-Sendable type 'any PrivateStoreKeyProvider'; this is an error in the Swift 6 language mode[0;0m
[0;36m1380 |[0;0m             var liveTransport: TransportRuntimeSeam? { nil }
[0;36m1381 |[0;0m             func drainOwners() -> OwnerDrainResult {

GodstoneMesh.PrivateStoreKeyProvider:1:17: [1;39mnote: [1;39mprotocol 'PrivateStoreKeyProvider' does not conform to the 'Sendable' protocol[0;0m
[0;36m1 |[0;0m public protocol PrivateStoreKeyProvider : AnyObject {
  [0;36m|[0;0m                 `- [1;39mnote: [1;39mprotocol 'PrivateStoreKeyProvider' does not conform to the 'Sendable' protocol[0;0m
[0;36m2 |[0;0m     var dekByteCount: Int { get }
[0;36m3 |[0;0m     func fetchDEK(tag: String) throws -> GodstoneMesh.StoreDEK

/private/tmp/board1-rc15-work-final/wt_IOS-R10-no-dispatch/ios/Packages/GodstoneFoundation/Tests/GodstoneMeshTests/GsFinal003RecoveryTopologyTests.swift:1583:17: [1;33mwarning: [1;39mstored property 'dekProvider' of 'Sendable'-conforming class 'UndrainableEstate' contains non-Sendable type 'any PrivateStoreKeyProvider'; this is an error in the Swift 6 language mode[0;0m
[0;36m1581 |[0;0m             let artifactPaths: [String: URL]
[0;36m1582 |[0;0m             let keychain: any LocalIdentityKeychain
[0;36m1583 |[0;0m             let dekProvider: (any PrivateStoreKeyProvider)?
     [0;36m|[0;0m                 `- [1;33mwarning: [1;39mstored property 'dekProvider' of 'Sendable'-conforming class 'UndrainableEstate' contains non-Sendable type 'any PrivateStoreKeyProvider'; this is an error in the Swift 6 language mode[0;0m
[0;36m1584 |[0;0m             var liveTransport: TransportRuntimeSeam? { nil }
[0;36m1585 |[0;0m             init(artifactPaths: [String: URL], keychain: any LocalIdentityKeychain,

GodstoneMesh.PrivateStoreKeyProvider:1:17: [1;39mnote: [1;39mprotocol 'PrivateStoreKeyProvider' does not conform to the 'Sendable' protocol[0;0m
[0;36m1 |[0;0m public protocol PrivateStoreKeyProvider : AnyObject {
  [0;36m|[0;0m                 `- [1;39mnote: [1;39mprotocol 'PrivateStoreKeyProvider' does not conform to the 'Sendable' protocol[0;0m
[0;36m2 |[0;0m     var dekByteCount: Int { get }
[0;36m3 |[0;0m     func fetchDEK(tag: String) throws -> GodstoneMesh.StoreDEK

[#AddPreconcurrencyImport]: <https://docs.swift.org/compiler/documentation/diagnostics/add-preconcurrency-import>
[#NoUsage]: <https://docs.swift.org/compiler/documentation/diagnostics/no-usage>
[#UnnecessaryEffectMarker]: <https://docs.swift.org/compiler/documentation/diagnostics/unnecessary-effect-marker>
/private/tmp/board1-rc15-work-final/wt_IOS-R10-no-dispatch/ios/Packages/GodstoneFoundation/Tests/GodstoneMeshTests/ReadinessT36Tests.swift:538:13: [1;33mwarning: [1;39mvariable 'f' was never mutated; consider changing to 'let' constant[0;0m [#]8;;https://docs.swift.org/compiler/documentation/diagnostics/variable-never-mutated\VariableNeverMutated]8;;\]
 [0;36m536 |[0;0m     /// rejections -- failure distinguished from empty/no-op success, nothing mutated.
 [0;36m537 |[0;0m     func testUnapprovedRecipientYieldsTypedDistinctRejections() async throws {
 [0;36m538 |[0;0m         var f = try fixture()
     [0;36m|[0;0m             `- [1;33mwarning: [1;39mvariable 'f' was never mutated; consider changing to 'let' constant[0;0m [#]8;;https://docs.swift.org/compiler/documentation/diagnostics/variable-never-mutated\VariableNeverMutated]8;;\]
 [0;36m539 |[0;0m         let absent = bytesOf(61, 16)                       // never entered in the table
 [0;36m540 |[0;0m         let quarantineKey = bytesOf(62, 16)

/private/tmp/board1-rc15-work-final/wt_IOS-R10-no-dispatch/ios/Packages/GodstoneFoundation/Tests/GodstoneMeshTests/ReadinessT36Tests.swift:596:13: [1;33mwarning: [1;39mvariable 'f' was never mutated; consider changing to 'let' constant[0;0m [#]8;;https://docs.swift.org/compiler/documentation/diagnostics/variable-never-mutated\VariableNeverMutated]8;;\]
 [0;36m594 |[0;0m     /// effect CAPTURED; the refused variant of the same path captured as ABSENCE end to end.
 [0;36m595 |[0;0m     func testFullCallPathCommandToSignedAck() async throws {
 [0;36m596 |[0;0m         var f = try fixture()
     [0;36m|[0;0m             `- [1;33mwarning: [1;39mvariable 'f' was never mutated; consider changing to 'let' constant[0;0m [#]8;;https://docs.swift.org/compiler/documentation/diagnostics/variable-never-mutated\VariableNeverMutated]8;;\]
 [0;36m597 |[0;0m         let (bob, bobSeed, bobXPriv) = try identityWithMaterial(0x31, 0x41)
 [0;36m598 |[0;0m         try f.trust.approve(nodeId: bob.nodeId, signingPub: bob.signingPublicKey,

/private/tmp/board1-rc15-work-final/wt_IOS-R10-no-dispatch/ios/Packages/GodstoneFoundation/Tests/GodstoneMeshTests/ReadinessT36Tests.swift:654:13: [1;33mwarning: [1;39mvariable 'f2' was never mutated; consider changing to 'let' constant[0;0m [#]8;;https://docs.swift.org/compiler/documentation/diagnostics/variable-never-mutated\VariableNeverMutated]8;;\]
 [0;36m652 |[0;0m                        "the row advanced to ACKNOWLEDGED_BY_RECIPIENT")
 [0;36m653 |[0;0m         // the refused variant of the same path: an unapproved recipient captures pure absence
 [0;36m654 |[0;0m         var f2 = try fixture(seedByte: 0x1A, xByte: 0x2B)
     [0;36m|[0;0m             `- [1;33mwarning: [1;39mvariable 'f2' was never mutated; consider changing to 'let' constant[0;0m [#]8;;https://docs.swift.org/compiler/documentation/diagnostics/variable-never-mutated\VariableNeverMutated]8;;\]
 [0;36m655 |[0;0m         let stranger = bytesOf(99, 16)                     // never approved anywhere
 [0;36m656 |[0;0m         let refused2 = await f2.authority.sendDirect(try cmd(bytesOf(98, 16), stranger, ascii("nowhere")))

/private/tmp/board1-rc15-work-final/wt_IOS-R10-no-dispatch/ios/Packages/GodstoneFoundation/Tests/GodstoneMeshTests/ReadinessT36Tests.swift:872:21: [1;33mwarning: [1;39mno calls to throwing functions occur within 'try' expression[0;0m [#]8;;https://docs.swift.org/compiler/documentation/diagnostics/unnecessary-effect-marker\UnnecessaryEffectMarker]8;;\]
 [0;36m870 |[0;0m         defer { try? FileManager.default.removeItem(at: url) }
 [0;36m871 |[0;0m 
 [0;36m872 |[0;0m         let store = try SqliteMessageStore(url: url, maxBytes: 64 * 1024 * 1024)
     [0;36m|[0;0m                     `- [1;33mwarning: [1;39mno calls to throwing functions occur within 'try' expression[0;0m [#]8;;https://docs.swift.org/compiler/documentation/diagnostics/unnecessary-effect-marker\UnnecessaryEffectMarker]8;;\]
 [0;36m873 |[0;0m         defer { store.close() }
 [0;36m874 |[0;0m         let journal = SqliteOutboundIntentJournal(store: store)

/private/tmp/board1-rc15-work-final/wt_IOS-R10-no-dispatch/ios/Packages/GodstoneFoundation/Tests/GodstoneMeshTests/ReadinessT36Tests.swift:1029:21: [1;33mwarning: [1;39mno calls to throwing functions occur within 'try' expression[0;0m [#]8;;https://docs.swift.org/compiler/documentation/diagnostics/unnecessary-effect-marker\UnnecessaryEffectMarker]8;;\]
[0;36m1027 |[0;0m 
[0;36m1028 |[0;0m         // WRITE THROUGH THE REAL MEDIUM.
[0;36m1029 |[0;0m         let first = try SqliteMessageStore(url: url, maxBytes: 64 * 1024 * 1024)
     [0;36m|[0;0m                     `- [1;33mwarning: [1;39mno calls to throwing functions occur within 'try' expression[0;0m [#]8;;https://docs.swift.org/compiler/documentation/diagnostics/unnecessary-effect-marker\UnnecessaryEffectMarker]8;;\]
[0;36m1030 |[0;0m         let firstJournal = SqliteOutboundIntentJournal(store: first)
[0;36m1031 |[0;0m         XCTAssertEqual(firstJournal.insertIfAbsent(entry), .stored, "the first insert must take the token's row")

/private/tmp/board1-rc15-work-final/wt_IOS-R10-no-dispatch/ios/Packages/GodstoneFoundation/Tests/GodstoneMeshTests/ReadinessT36Tests.swift:1040:24: [1;33mwarning: [1;39mno calls to throwing functions occur within 'try' expression[0;0m [#]8;;https://docs.swift.org/compiler/documentation/diagnostics/unnecessary-effect-marker\UnnecessaryEffectMarker]8;;\]
[0;36m1038 |[0;0m         // *** DISCARD THE STORE ENTIRELY AND REOPEN IT FROM THE SAME PATH. ***
[0;36m1039 |[0;0m         first.close()
[0;36m1040 |[0;0m         let reopened = try SqliteMessageStore(url: url, maxBytes: 64 * 1024 * 1024)
     [0;36m|[0;0m                        `- [1;33mwarning: [1;39mno calls to throwing functions occur within 'try' expression[0;0m [#]8;;https://docs.swift.org/compiler/documentation/diagnostics/unnecessary-effect-marker\UnnecessaryEffectMarker]8;;\]
[0;36m1041 |[0;0m         let secondJournal = SqliteOutboundIntentJournal(store: reopened)
[0;36m1042 |[0;0m 

/private/tmp/board1-rc15-work-final/wt_IOS-R10-no-dispatch/ios/Packages/GodstoneFoundation/Tests/GodstoneMeshTests/ReadinessT36Tests.swift:1308:13: [1;33mwarning: [1;39minitialization of immutable value 'result' was never used; consider replacing with assignment to '_' or removing it[0;0m [#]8;;https://docs.swift.org/compiler/documentation/diagnostics/no-usage\NoUsage]8;;\]
[0;36m1306 |[0;0m 
[0;36m1307 |[0;0m         let token = bytesOf(41, 16)
[0;36m1308 |[0;0m         let result = await authority.sendDirect(try cmd(token, peer.nodeId, ascii("advance boundary")))
     [0;36m|[0;0m             `- [1;33mwarning: [1;39minitialization of immutable value 'result' was never used; consider replacing with assignment to '_' or removing it[0;0m [#]8;;https://docs.swift.org/compiler/documentation/diagnostics/no-usage\NoUsage]8;;\]
[0;36m1309 |[0;0m 
[0;36m1310 |[0;0m         XCTAssertTrue(

/private/tmp/board1-rc15-work-final/wt_IOS-R10-no-dispatch/ios/Packages/GodstoneFoundation/Tests/GodstoneMeshTests/ReadinessT36Tests.swift:1403:26: [1;33mwarning: [1;39mno calls to throwing functions occur within 'try' expression[0;0m [#]8;;https://docs.swift.org/compiler/documentation/diagnostics/unnecessary-effect-marker\UnnecessaryEffectMarker]8;;\]
[0;36m1401 |[0;0m         defer { try? FileManager.default.removeItem(at: root) }
[0;36m1402 |[0;0m         // *** IOS-R10: THE NODES OWN REAL DURABLE STORES, SO THE INTENT LIVES WHERE THE NODE WRITETH IT. ***
[0;36m1403 |[0;0m         let aliceStore = try SqliteMessageStore(url: root.appendingPathComponent("alice.db"), maxBytes: 64 * 1024 * 1024)
     [0;36m|[0;0m                          `- [1;33mwarning: [1;39mno calls to throwing functions occur within 'try' expression[0;0m [#]8;;https://docs.swift.org/compiler/documentation/diagnostics/unnecessary-effect-marker\UnnecessaryEffectMarker]8;;\]
[0;36m1404 |[0;0m         let harness = ComposedRuntimeHarness()
[0;36m1405 |[0;0m         _ = try harness.addNode("alice", seedByte: 0x11, durableStore: aliceStore)

/private/tmp/board1-rc15-work-final/wt_IOS-R10-no-dispatch/ios/Packages/GodstoneFoundation/Tests/GodstoneMeshTests/ReadinessT36Tests.swift:1423:24: [1;33mwarning: [1;39mno calls to throwing functions occur within 'try' expression[0;0m [#]8;;https://docs.swift.org/compiler/documentation/diagnostics/unnecessary-effect-marker\UnnecessaryEffectMarker]8;;\]
[0;36m1421 |[0;0m 
[0;36m1422 |[0;0m         // *** AND NOW THE CLAUSE'S OWN SECOND HALF: REOPEN THE STORE FROM THE SAME PATH AND FIND THE INTENT. ***
[0;36m1423 |[0;0m         let reopened = try SqliteMessageStore(url: storeURL, maxBytes: 64 * 1024 * 1024)
     [0;36m|[0;0m                        `- [1;33mwarning: [1;39mno calls to throwing functions occur within 'try' expression[0;0m [#]8;;https://docs.swift.org/compiler/documentation/diagnostics/unnecessary-effect-marker\UnnecessaryEffectMarker]8;;\]
[0;36m1424 |[0;0m         let journal = SqliteOutboundIntentJournal(store: reopened)
[0;36m1425 |[0;0m         guard case let .found(back) = journal.load(intentId) else {

/private/tmp/board1-rc15-work-final/wt_IOS-R10-no-dispatch/ios/Packages/GodstoneFoundation/Tests/GodstoneMeshTests/ReadinessT36Tests.swift:1452:26: [1;33mwarning: [1;39mno calls to throwing functions occur within 'try' expression[0;0m [#]8;;https://docs.swift.org/compiler/documentation/diagnostics/unnecessary-effect-marker\UnnecessaryEffectMarker]8;;\]
[0;36m1450 |[0;0m         try FileManager.default.createDirectory(at: root, withIntermediateDirectories: true)
[0;36m1451 |[0;0m         defer { try? FileManager.default.removeItem(at: root) }
[0;36m1452 |[0;0m         let aliceStore = try SqliteMessageStore(url: root.appendingPathComponent("alice.db"), maxBytes: 64 * 1024 * 1024)
     [0;36m|[0;0m                          `- [1;33mwarning: [1;39mno calls to throwing functions occur within 'try' expression[0;0m [#]8;;https://docs.swift.org/compiler/documentation/diagnostics/unnecessary-effect-marker\UnnecessaryEffectMarker]8;;\]
[0;36m1453 |[0;0m         let harness = ComposedRuntimeHarness()
[0;36m1454 |[0;0m         _ = try harness.addNode("alice", seedByte: 0x51, durableStore: aliceStore)

/private/tmp/board1-rc15-work-final/wt_IOS-R10-no-dispatch/ios/Packages/GodstoneFoundation/Tests/GodstoneMeshTests/ReadinessT36Tests.swift:1489:24: [1;33mwarning: [1;39mno calls to throwing functions occur within 'try' expression[0;0m [#]8;;https://docs.swift.org/compiler/documentation/diagnostics/unnecessary-effect-marker\UnnecessaryEffectMarker]8;;\]
[0;36m1487 |[0;0m 
[0;36m1488 |[0;0m         // *** AND NOW A NEW PROCESS: NOTHING BUT THE PATH SURVIVES. ***
[0;36m1489 |[0;0m         let reopened = try SqliteMessageStore(url: storeURL, maxBytes: 64 * 1024 * 1024)
     [0;36m|[0;0m                        `- [1;33mwarning: [1;39mno calls to throwing functions occur within 'try' expression[0;0m [#]8;;https://docs.swift.org/compiler/documentation/diagnostics/unnecessary-effect-marker\UnnecessaryEffectMarker]8;;\]
[0;36m1490 |[0;0m         let journal = SqliteOutboundIntentJournal(store: reopened)
[0;36m1491 |[0;0m         guard case let .found(back) = journal.load(intentId) else {

/private/tmp/board1-rc15-work-final/wt_IOS-R10-no-dispatch/ios/Packages/GodstoneFoundation/Tests/GodstoneMeshTests/ReadinessT36Tests.swift:1540:26: [1;33mwarning: [1;39mno calls to throwing functions occur within 'try' expression[0;0m [#]8;;https://docs.swift.org/compiler/documentation/diagnostics/unnecessary-effect-marker\UnnecessaryEffectMarker]8;;\]
[0;36m1538 |[0;0m         try FileManager.default.createDirectory(at: root, withIntermediateDirectories: true)
[0;36m1539 |[0;0m         defer { try? FileManager.default.removeItem(at: root) }
[0;36m1540 |[0;0m         let aliceStore = try SqliteMessageStore(url: root.appendingPathComponent("alice.db"), maxBytes: 64 * 1024 * 1024)
     [0;36m|[0;0m                          `- [1;33mwarning: [1;39mno calls to throwing functions occur within 'try' expression[0;0m [#]8;;https://docs.swift.org/compiler/documentation/diagnostics/unnecessary-effect-marker\UnnecessaryEffectMarker]8;;\]
[0;36m1541 |[0;0m         let harness = ComposedRuntimeHarness()
[0;36m1542 |[0;0m         _ = try harness.addNode("alice", seedByte: 0x31, durableStore: aliceStore)

/private/tmp/board1-rc15-work-final/wt_IOS-R10-no-dispatch/ios/Packages/GodstoneFoundation/Tests/GodstoneMeshTests/ReadinessT36Tests.swift:1558:61: [1;33mwarning: [1;39mno calls to throwing functions occur within 'try' expression[0;0m [#]8;;https://docs.swift.org/compiler/documentation/diagnostics/unnecessary-effect-marker\UnnecessaryEffectMarker]8;;\]
[0;36m1556 |[0;0m         // THE ROW MUST STAND **BEFORE** THE WIPE, OR THE ARM PROVES NOTHING (round 460's law: establish the subject was present).
[0;36m1557 |[0;0m         do {
[0;36m1558 |[0;0m             let before = SqliteOutboundIntentJournal(store: try SqliteMessageStore(url: storeURL, maxBytes: 64 * 1024 * 1024))
     [0;36m|[0;0m                                                             `- [1;33mwarning: [1;39mno calls to throwing functions occur within 'try' expression[0;0m [#]8;;https://docs.swift.org/compiler/documentation/diagnostics/unnecessary-effect-marker\UnnecessaryEffectMarker]8;;\]
[0;36m1559 |[0;0m             guard case .found = before.load(intentId) else {
[0;36m1560 |[0;0m                 XCTFail("the pinned intent must stand BEFORE the wipe, or this arm measures nothing"); return

/private/tmp/board1-rc15-work-final/wt_IOS-R10-no-dispatch/ios/Packages/GodstoneFoundation/Tests/GodstoneMeshTests/ReadinessT36Tests.swift:1569:59: [1;33mwarning: [1;39mno calls to throwing functions occur within 'try' expression[0;0m [#]8;;https://docs.swift.org/compiler/documentation/diagnostics/unnecessary-effect-marker\UnnecessaryEffectMarker]8;;\]
[0;36m1567 |[0;0m 
[0;36m1568 |[0;0m         // *** AND THE CLAUSE: THE INTENT MUST BE GONE. ***
[0;36m1569 |[0;0m         let reopened = SqliteOutboundIntentJournal(store: try SqliteMessageStore(url: storeURL, maxBytes: 64 * 1024 * 1024))
     [0;36m|[0;0m                                                           `- [1;33mwarning: [1;39mno calls to throwing functions occur within 'try' expression[0;0m [#]8;;https://docs.swift.org/compiler/documentation/diagnostics/unnecessary-effect-marker\UnnecessaryEffectMarker]8;;\]
[0;36m1570 |[0;0m         if case .found = reopened.load(intentId) {
[0;36m1571 |[0;0m             XCTFail("*** GS-INTEGRATION-001: THE WIPE MUST REACH THE REAL OWNER -- THE DURABLE INTENT STILL STANDS AFTER beginWipe() ***")

/private/tmp/board1-rc15-work-final/wt_IOS-R10-no-dispatch/ios/Packages/GodstoneFoundation/Tests/GodstoneMeshTests/ReadinessT39Tests.swift:49:42: [1;33mwarning: [1;39mno calls to throwing functions occur within 'try' expression[0;0m [#]8;;https://docs.swift.org/compiler/documentation/diagnostics/unnecessary-effect-marker\UnnecessaryEffectMarker]8;;\]
 [0;36m47 |[0;0m             x25519PrivateKey: Data(repeating: xByte, count: 32))
 [0;36m48 |[0;0m         let kc = InMemoryKeychain()
 [0;36m49 |[0;0m         kc.storage[MeshIdentity.v1Tag] = try state.encode()
    [0;36m|[0;0m                                          `- [1;33mwarning: [1;39mno calls to throwing functions occur within 'try' expression[0;0m [#]8;;https://docs.swift.org/compiler/documentation/diagnostics/unnecessary-effect-marker\UnnecessaryEffectMarker]8;;\]
 [0;36m50 |[0;0m         return try MeshIdentity.loadFromKeychain(keychain: kc)
 [0;36m51 |[0;0m     }

/private/tmp/board1-rc15-work-final/wt_IOS-R10-no-dispatch/ios/Packages/GodstoneFoundation/Tests/GodstoneMeshTests/ReadinessT39Tests.swift:66:9: [1;33mwarning: [1;39mno calls to throwing functions occur within 'try' expression[0;0m [#]8;;https://docs.swift.org/compiler/documentation/diagnostics/unnecessary-effect-marker\UnnecessaryEffectMarker]8;;\]
 [0;36m64 |[0;0m         payload: Data = Data((0..<200).map { UInt8(truncatingIfNeeded: $0 % 251) })
 [0;36m65 |[0;0m     ) throws -> FrameV2 {
 [0;36m66 |[0;0m         try FrameV2(type: type, msgId: msgId, routingTag: tag,
    [0;36m|[0;0m         `- [1;33mwarning: [1;39mno calls to throwing functions occur within 'try' expression[0;0m [#]8;;https://docs.swift.org/compiler/documentation/diagnostics/unnecessary-effect-marker\UnnecessaryEffectMarker]8;;\]
 [0;36m67 |[0;0m                     ttl: 4, hopCount: 0, flags: flags, payload: payload)
 [0;36m68 |[0;0m     }

/private/tmp/board1-rc15-work-final/wt_IOS-R10-no-dispatch/ios/Packages/GodstoneFoundation/Tests/GodstoneMeshTests/ReadinessT39Tests.swift:758:65: [1;33mwarning: [1;39mtrailing closure in this context is confusable with the body of the statement; pass as a parenthesized argument to silence this warning[0;0m
[0;36m756 |[0;0m         XCTAssertNotNil(node.activeSosSnapshot(), "the open gate must really admit the projection")
[0;36m757 |[0;0m         let mid = try XCTUnwrap(store.allHeldMsgIds().first)
[0;36m758 |[0;0m         if case .failed(let reason) = node.retrySos(msgId: mid) { _, _ in true } {
    [0;36m|[0;0m                                                                 `- [1;33mwarning: [1;39mtrailing closure in this context is confusable with the body of the statement; pass as a parenthesized argument to silence this warning[0;0m
[0;36m759 |[0;0m             XCTAssertFalse(reason.contains("wipe"), "an OPEN gate must not produce a wipe refusal: \(reason)")
[0;36m760 |[0;0m         }

/private/tmp/board1-rc15-work-final/wt_IOS-R10-no-dispatch/ios/Packages/GodstoneFoundation/Tests/GodstoneMeshTests/ReadinessT40Tests.swift:240:42: [1;33mwarning: [1;39mno calls to throwing functions occur within 'try' expression[0;0m [#]8;;https://docs.swift.org/compiler/documentation/diagnostics/unnecessary-effect-marker\UnnecessaryEffectMarker]8;;\]
 [0;36m238 |[0;0m             x25519PrivateKey: Data(repeating: xByte, count: 32))
 [0;36m239 |[0;0m         let kc = InMemoryKeychain()
 [0;36m240 |[0;0m         kc.storage[MeshIdentity.v1Tag] = try state.encode()
     [0;36m|[0;0m                                          `- [1;33mwarning: [1;39mno calls to throwing functions occur within 'try' expression[0;0m [#]8;;https://docs.swift.org/compiler/documentation/diagnostics/unnecessary-effect-marker\UnnecessaryEffectMarker]8;;\]
 [0;36m241 |[0;0m         return try MeshIdentity.loadFromKeychain(keychain: kc)
 [0;36m242 |[0;0m     }

/private/tmp/board1-rc15-work-final/wt_IOS-R10-no-dispatch/ios/Packages/GodstoneFoundation/Tests/GodstoneMeshTests/ReadinessT40Tests.swift:599:13: [1;33mwarning: [1;39mvariable 'tnow' was never mutated; consider changing to 'let' constant[0;0m [#]8;;https://docs.swift.org/compiler/documentation/diagnostics/variable-never-mutated\VariableNeverMutated]8;;\]
 [0;36m597 |[0;0m         let t = table()
 [0;36m598 |[0;0m         let store = InMemoryMessageStore()
 [0;36m599 |[0;0m         var tnow: Int64 = 1_000
     [0;36m|[0;0m             `- [1;33mwarning: [1;39mvariable 'tnow' was never mutated; consider changing to 'let' constant[0;0m [#]8;;https://docs.swift.org/compiler/documentation/diagnostics/variable-never-mutated\VariableNeverMutated]8;;\]
 [0;36m600 |[0;0m         let authority = InventorySnapshotAuthority(store: store, monotonicNowMillis: { tnow })
 [0;36m601 |[0;0m         let owner = SyncControlOwner(store: store, authority: authority, monotonicNowMillis: { tnow }, localNodeId: peer(9))

/private/tmp/board1-rc15-work-final/wt_IOS-R10-no-dispatch/ios/Packages/GodstoneFoundation/Tests/GodstoneMeshTests/ReadinessT40Tests.swift:1057:13: [1;33mwarning: [1;39mvariable 'tnow' was never mutated; consider changing to 'let' constant[0;0m [#]8;;https://docs.swift.org/compiler/documentation/diagnostics/variable-never-mutated\VariableNeverMutated]8;;\]
[0;36m1055 |[0;0m         let store = InMemoryMessageStore(maxBytes: 1_000)
[0;36m1056 |[0;0m         var ever = [Data]()
[0;36m1057 |[0;0m         var tnow: Int64 = 1_000
     [0;36m|[0;0m             `- [1;33mwarning: [1;39mvariable 'tnow' was never mutated; consider changing to 'let' constant[0;0m [#]8;;https://docs.swift.org/compiler/documentation/diagnostics/variable-never-mutated\VariableNeverMutated]8;;\]
[0;36m1058 |[0;0m         let authority = InventorySnapshotAuthority(store: store, monotonicNowMillis: { tnow })
[0;36m1059 |[0;0m         for k in 0..<total {

/private/tmp/board1-rc15-work-final/wt_IOS-R10-no-dispatch/ios/Packages/GodstoneFoundation/Tests/GodstoneMeshTests/ReadinessT43Tests.swift:133:13: [1;33mwarning: [1;39mimmutable value 'i' was never used; consider replacing with '_' or removing it[0;0m [#]8;;https://docs.swift.org/compiler/documentation/diagnostics/no-usage\NoUsage]8;;\]
[0;36m131 |[0;0m     private func authorAndOffer(_ r: Rig, _ recipient: Local, peers: Int = 1,
[0;36m132 |[0;0m                                 admitted: Bool = true) throws -> Data {
[0;36m133 |[0;0m         for i in 0..<peers { bringPeerUp(r.node, UUID()) }
    [0;36m|[0;0m             `- [1;33mwarning: [1;39mimmutable value 'i' was never used; consider replacing with '_' or removing it[0;0m [#]8;;https://docs.swift.org/compiler/documentation/diagnostics/no-usage\NoUsage]8;;\]
[0;36m134 |[0;0m         let frame = directedFrame(r.nextSeed())
[0;36m135 |[0;0m         _ = r.node.dispatchDirect(frame, expectedRecipient: recipient.id.nodeId) { _, _ in admitted }

[#NoUsage]: <https://docs.swift.org/compiler/documentation/diagnostics/no-usage>
[#UnnecessaryEffectMarker]: <https://docs.swift.org/compiler/documentation/diagnostics/unnecessary-effect-marker>
[#VariableNeverMutated]: <https://docs.swift.org/compiler/documentation/diagnostics/variable-never-mutated>
/private/tmp/board1-rc15-work-final/wt_IOS-R10-no-dispatch/ios/Packages/GodstoneFoundation/Tests/GodstoneMeshTests/ReadinessT17Tests.swift:349:9: [1;33mwarning: [1;39musing '_' to ignore the result of a Void-returning function is redundant[0;0m
[0;36m347 |[0;0m         let req = CaptureRequest(centralId: centralId, pinnedCentral: pinned, value: bytes)
[0;36m348 |[0;0m         pins.append(req)
[0;36m349 |[0;0m         _ = bob.processPeripheralReceiveWrite(pm, requests: [unsafeBitCast(req, to: CBATTRequest.self)],
    [0;36m|[0;0m         `- [1;33mwarning: [1;39musing '_' to ignore the result of a Void-returning function is redundant[0;0m
[0;36m350 |[0;0m                                              sourceEpoch: bob.currentTransportEpoch)
[0;36m351 |[0;0m     }

/private/tmp/board1-rc15-work-final/wt_IOS-R10-no-dispatch/ios/Packages/GodstoneFoundation/Tests/GodstoneMeshTests/ReadinessT17Tests.swift:373:9: [1;33mwarning: [1;39musing '_' to ignore the result of a Void-returning function is redundant[0;0m
[0;36m371 |[0;0m                 ReadinessT17Tests.remoteLinkInfoStatic(hint: serviceDataHint)]
[0;36m372 |[0;0m         ]
[0;36m373 |[0;0m         _ = alice.processCentralDidDiscover(
    [0;36m|[0;0m         `- [1;33mwarning: [1;39musing '_' to ignore the result of a Void-returning function is redundant[0;0m
[0;36m374 |[0;0m             cm, peripheral: unsafeBitCast(capturePeer, to: CBPeripheral.self),
[0;36m375 |[0;0m             advertisementData: advRecord, rssi: NSNumber(value: -60),

/private/tmp/board1-rc15-work-final/wt_IOS-R10-no-dispatch/ios/Packages/GodstoneFoundation/Tests/GodstoneMeshTests/ReadinessT17Tests.swift:868:13: [1;33mwarning: [1;39minitialization of variable 'bytesQueued' was never used; consider replacing with assignment to '_' or removing it[0;0m [#]8;;https://docs.swift.org/compiler/documentation/diagnostics/no-usage\NoUsage]8;;\]
[0;36m866 |[0;0m 
[0;36m867 |[0;0m         var verdicts: [TransportResult] = []
[0;36m868 |[0;0m         var bytesQueued = 0
    [0;36m|[0;0m             `- [1;33mwarning: [1;39minitialization of variable 'bytesQueued' was never used; consider replacing with assignment to '_' or removing it[0;0m [#]8;;https://docs.swift.org/compiler/documentation/diagnostics/no-usage\NoUsage]8;;\]
[0;36m869 |[0;0m         for i in 0..<260 {
[0;36m870 |[0;0m             let verdict = alice.send(makeFrame([UInt8(i % 251) + 4]), to: peerId)

/private/tmp/board1-rc15-work-final/wt_IOS-R10-no-dispatch/ios/Packages/GodstoneFoundation/Tests/GodstoneMeshTests/ReadinessT19Tests.swift:349:9: [1;33mwarning: [1;39musing '_' to ignore the result of a Void-returning function is redundant[0;0m
 [0;36m347 |[0;0m         let req = CaptureRequest(centralId: centralId, pinnedCentral: pinned, value: bytes)
 [0;36m348 |[0;0m         pins.append(req)
 [0;36m349 |[0;0m         _ = bob.processPeripheralReceiveWrite(pm, requests: [unsafeBitCast(req, to: CBATTRequest.self)],
     [0;36m|[0;0m         `- [1;33mwarning: [1;39musing '_' to ignore the result of a Void-returning function is redundant[0;0m
 [0;36m350 |[0;0m                                              sourceEpoch: bob.currentTransportEpoch)
 [0;36m351 |[0;0m     }

/private/tmp/board1-rc15-work-final/wt_IOS-R10-no-dispatch/ios/Packages/GodstoneFoundation/Tests/GodstoneMeshTests/ReadinessT19Tests.swift:374:9: [1;33mwarning: [1;39musing '_' to ignore the result of a Void-returning function is redundant[0;0m
 [0;36m372 |[0;0m                 ReadinessT19Tests.remoteLinkInfoStatic(hint: serviceDataHint)]
 [0;36m373 |[0;0m         ]
 [0;36m374 |[0;0m         _ = alice.processCentralDidDiscover(
     [0;36m|[0;0m         `- [1;33mwarning: [1;39musing '_' to ignore the result of a Void-returning function is redundant[0;0m
 [0;36m375 |[0;0m             cm, peripheral: unsafeBitCast(capturePeer, to: CBPeripheral.self),
 [0;36m376 |[0;0m             advertisementData: advRecord, rssi: NSNumber(value: -60),

/private/tmp/board1-rc15-work-final/wt_IOS-R10-no-dispatch/ios/Packages/GodstoneFoundation/Tests/GodstoneMeshTests/ReadinessT19Tests.swift:946:13: [1;33mwarning: [1;39mvariable 'accepts' was never mutated; consider changing to 'let' constant[0;0m [#]8;;https://docs.swift.org/compiler/documentation/diagnostics/variable-never-mutated\VariableNeverMutated]8;;\]
 [0;36m944 |[0;0m                                               remoteHint: pair.aliceIdentity.nodeHint)
 [0;36m945 |[0;0m         guard let pm = pmOpt else { XCTFail(why); return }
 [0;36m946 |[0;0m         var accepts = false
     [0;36m|[0;0m             `- [1;33mwarning: [1;39mvariable 'accepts' was never mutated; consider changing to 'let' constant[0;0m [#]8;;https://docs.swift.org/compiler/documentation/diagnostics/variable-never-mutated\VariableNeverMutated]8;;\]
 [0;36m947 |[0;0m         pm.updateAnswer = { _ in accepts }
 [0;36m948 |[0;0m         let f = makeFrame([9, 8, 7, 6, 5, 4])

/private/tmp/board1-rc15-work-final/wt_IOS-R10-no-dispatch/ios/Packages/GodstoneFoundation/Tests/GodstoneMeshTests/ReadinessT19Tests.swift:1134:34: [1;33mwarning: [1;39mimmutable value 'res' was never used; consider replacing with '_' or removing it[0;0m [#]8;;https://docs.swift.org/compiler/documentation/diagnostics/no-usage\NoUsage]8;;\]
[0;36m1132 |[0;0m         let writer = RecordWriter(connection: conn, relationKey: rk)
[0;36m1133 |[0;0m         let answer = writer.reserve(recordType: .data, clearLength: 120, capacity: 512)
[0;36m1134 |[0;0m         guard case .admitted(let res) = answer else {
     [0;36m|[0;0m                                  `- [1;33mwarning: [1;39mimmutable value 'res' was never used; consider replacing with '_' or removing it[0;0m [#]8;;https://docs.swift.org/compiler/documentation/diagnostics/no-usage\NoUsage]8;;\]
[0;36m1135 |[0;0m             return XCTFail("the reservation must be admitted: \(answer)")
[0;36m1136 |[0;0m         }

/private/tmp/board1-rc15-work-final/wt_IOS-R10-no-dispatch/ios/Packages/GodstoneFoundation/Tests/GodstoneMeshTests/ReadinessT20Tests.swift:349:9: [1;33mwarning: [1;39musing '_' to ignore the result of a Void-returning function is redundant[0;0m
 [0;36m347 |[0;0m         let req = CaptureRequest(centralId: centralId, pinnedCentral: pinned, value: bytes)
 [0;36m348 |[0;0m         pins.append(req)
 [0;36m349 |[0;0m         _ = bob.processPeripheralReceiveWrite(pm, requests: [unsafeBitCast(req, to: CBATTRequest.self)],
     [0;36m|[0;0m         `- [1;33mwarning: [1;39musing '_' to ignore the result of a Void-returning function is redundant[0;0m
 [0;36m350 |[0;0m                                              sourceEpoch: bob.currentTransportEpoch)
 [0;36m351 |[0;0m     }

/private/tmp/board1-rc15-work-final/wt_IOS-R10-no-dispatch/ios/Packages/GodstoneFoundation/Tests/GodstoneMeshTests/ReadinessT20Tests.swift:373:9: [1;33mwarning: [1;39musing '_' to ignore the result of a Void-returning function is redundant[0;0m
 [0;36m371 |[0;0m                 ReadinessT20Tests.remoteLinkInfoStatic(hint: serviceDataHint)]
 [0;36m372 |[0;0m         ]
 [0;36m373 |[0;0m         _ = alice.processCentralDidDiscover(
     [0;36m|[0;0m         `- [1;33mwarning: [1;39musing '_' to ignore the result of a Void-returning function is redundant[0;0m
 [0;36m374 |[0;0m             cm, peripheral: unsafeBitCast(capturePeer, to: CBPeripheral.self),
 [0;36m375 |[0;0m             advertisementData: advRecord, rssi: NSNumber(value: -60),

/private/tmp/board1-rc15-work-final/wt_IOS-R10-no-dispatch/ios/Packages/GodstoneFoundation/Tests/GodstoneMeshTests/ReadinessT20Tests.swift:697:13: [1;33mwarning: [1;39mresult of call to 'publishRelation' is unused[0;0m [#]8;;https://docs.swift.org/compiler/documentation/diagnostics/no-usage\NoUsage]8;;\]
 [0;36m695 |[0;0m         }
 [0;36m696 |[0;0m         let gen = bob.peripheralDriver?.getCentralGeneration(centralId) ?? 0
 [0;36m697 |[0;0m         bob.publishRelation(RelationKey(direction: .inboundPeripheral, peerId: centralId,
     [0;36m|[0;0m             `- [1;33mwarning: [1;39mresult of call to 'publishRelation' is unused[0;0m [#]8;;https://docs.swift.org/compiler/documentation/diagnostics/no-usage\NoUsage]8;;\]
 [0;36m698 |[0;0m                                         generation: gen))
 [0;36m699 |[0;0m         XCTAssertTrue(bob.isRelationPublished(direction: .inboundPeripheral, peerId: centralId,

/private/tmp/board1-rc15-work-final/wt_IOS-R10-no-dispatch/ios/Packages/GodstoneFoundation/Tests/GodstoneMeshTests/ReadinessT20Tests.swift:777:13: [1;33mwarning: [1;39mvariable 'now' was never mutated; consider changing to 'let' constant[0;0m [#]8;;https://docs.swift.org/compiler/documentation/diagnostics/variable-never-mutated\VariableNeverMutated]8;;\]
 [0;36m775 |[0;0m         defer { ReadinessTrustedPairing.tearDown(pair) }
 [0;36m776 |[0;0m         let centralId = pair.viaAlice
 [0;36m777 |[0;0m         var now = TimeInterval(1_700_000_000)
     [0;36m|[0;0m             `- [1;33mwarning: [1;39mvariable 'now' was never mutated; consider changing to 'let' constant[0;0m [#]8;;https://docs.swift.org/compiler/documentation/diagnostics/variable-never-mutated\VariableNeverMutated]8;;\]
 [0;36m778 |[0;0m         let bob = BleTransport(identity: pair.bobIdentity, store: T17MessageStore(),
 [0;36m779 |[0;0m                                sessions: pair.bobManager, managerFactory: CaptureFactory(),

/private/tmp/board1-rc15-work-final/wt_IOS-R10-no-dispatch/ios/Packages/GodstoneFoundation/Tests/GodstoneMeshTests/ReadinessT20Tests.swift:808:13: [1;33mwarning: [1;39mvariable 'now' was never mutated; consider changing to 'let' constant[0;0m [#]8;;https://docs.swift.org/compiler/documentation/diagnostics/variable-never-mutated\VariableNeverMutated]8;;\]
 [0;36m806 |[0;0m         defer { ReadinessTrustedPairing.tearDown(pair) }
 [0;36m807 |[0;0m         let centralId = pair.viaAlice
 [0;36m808 |[0;0m         var now = TimeInterval(1_700_000_000)
     [0;36m|[0;0m             `- [1;33mwarning: [1;39mvariable 'now' was never mutated; consider changing to 'let' constant[0;0m [#]8;;https://docs.swift.org/compiler/documentation/diagnostics/variable-never-mutated\VariableNeverMutated]8;;\]
 [0;36m809 |[0;0m         let recorder = T17DelegateSpy()
 [0;36m810 |[0;0m         let bob = BleTransport(identity: pair.bobIdentity, store: T17MessageStore(),

/private/tmp/board1-rc15-work-final/wt_IOS-R10-no-dispatch/ios/Packages/GodstoneFoundation/Tests/GodstoneMeshTests/ReadinessT20Tests.swift:856:13: [1;33mwarning: [1;39mvariable 'now' was never mutated; consider changing to 'let' constant[0;0m [#]8;;https://docs.swift.org/compiler/documentation/diagnostics/variable-never-mutated\VariableNeverMutated]8;;\]
 [0;36m854 |[0;0m         defer { ReadinessTrustedPairing.tearDown(pair) }
 [0;36m855 |[0;0m         let centralId = pair.viaAlice
 [0;36m856 |[0;0m         var now = TimeInterval(1_700_000_000)
     [0;36m|[0;0m             `- [1;33mwarning: [1;39mvariable 'now' was never mutated; consider changing to 'let' constant[0;0m [#]8;;https://docs.swift.org/compiler/documentation/diagnostics/variable-never-mutated\VariableNeverMutated]8;;\]
 [0;36m857 |[0;0m         let recorder = T17DelegateSpy()
 [0;36m858 |[0;0m         let bob = BleTransport(identity: pair.bobIdentity, store: T17MessageStore(),

/private/tmp/board1-rc15-work-final/wt_IOS-R10-no-dispatch/ios/Packages/GodstoneFoundation/Tests/GodstoneMeshTests/ReadinessT20Tests.swift:906:13: [1;33mwarning: [1;39mvariable 'now' was never mutated; consider changing to 'let' constant[0;0m [#]8;;https://docs.swift.org/compiler/documentation/diagnostics/variable-never-mutated\VariableNeverMutated]8;;\]
 [0;36m904 |[0;0m         defer { ReadinessTrustedPairing.tearDown(pair) }
 [0;36m905 |[0;0m         let centralId = pair.viaAlice
 [0;36m906 |[0;0m         var now = TimeInterval(1_700_000_000)
     [0;36m|[0;0m             `- [1;33mwarning: [1;39mvariable 'now' was never mutated; consider changing to 'let' constant[0;0m [#]8;;https://docs.swift.org/compiler/documentation/diagnostics/variable-never-mutated\VariableNeverMutated]8;;\]
 [0;36m907 |[0;0m         let recorder = T17DelegateSpy()
 [0;36m908 |[0;0m         let bob = BleTransport(identity: pair.bobIdentity, store: T17MessageStore(),

/private/tmp/board1-rc15-work-final/wt_IOS-R10-no-dispatch/ios/Packages/GodstoneFoundation/Tests/GodstoneMeshTests/ReadinessT20Tests.swift:942:13: [1;33mwarning: [1;39mvariable 'now' was never mutated; consider changing to 'let' constant[0;0m [#]8;;https://docs.swift.org/compiler/documentation/diagnostics/variable-never-mutated\VariableNeverMutated]8;;\]
 [0;36m940 |[0;0m         defer { ReadinessTrustedPairing.tearDown(pair) }
 [0;36m941 |[0;0m         let centralId = pair.viaAlice
 [0;36m942 |[0;0m         var now = TimeInterval(1_700_000_000)
     [0;36m|[0;0m             `- [1;33mwarning: [1;39mvariable 'now' was never mutated; consider changing to 'let' constant[0;0m [#]8;;https://docs.swift.org/compiler/documentation/diagnostics/variable-never-mutated\VariableNeverMutated]8;;\]
 [0;36m943 |[0;0m         let bob = BleTransport(identity: pair.bobIdentity, store: T17MessageStore(),
 [0;36m944 |[0;0m                                sessions: pair.bobManager, managerFactory: CaptureFactory(),

/private/tmp/board1-rc15-work-final/wt_IOS-R10-no-dispatch/ios/Packages/GodstoneFoundation/Tests/GodstoneMeshTests/ReadinessT20Tests.swift:949:19: [1;33mwarning: [1;39mvalue 'pm' was defined but never used; consider replacing with boolean test[0;0m [#]8;;https://docs.swift.org/compiler/documentation/diagnostics/no-usage\NoUsage]8;;\]
 [0;36m947 |[0;0m                                        remoteHint: pair.aliceIdentity.nodeHint,
 [0;36m948 |[0;0m                                        leaseClock: { now })
 [0;36m949 |[0;0m         guard let pm = pm else { XCTFail("the responder never stood ready: " + why); return }
     [0;36m|[0;0m                   `- [1;33mwarning: [1;39mvalue 'pm' was defined but never used; consider replacing with boolean test[0;0m [#]8;;https://docs.swift.org/compiler/documentation/diagnostics/no-usage\NoUsage]8;;\]
 [0;36m950 |[0;0m         guard let conn = bob.connection(for: centralId) else {
 [0;36m951 |[0;0m             XCTFail("the responder has no connection"); return

/private/tmp/board1-rc15-work-final/wt_IOS-R10-no-dispatch/ios/Packages/GodstoneFoundation/Tests/GodstoneMeshTests/ReadinessT20Tests.swift:950:19: [1;33mwarning: [1;39mvalue 'conn' was defined but never used; consider replacing with boolean test[0;0m [#]8;;https://docs.swift.org/compiler/documentation/diagnostics/no-usage\NoUsage]8;;\]
 [0;36m948 |[0;0m                                        leaseClock: { now })
 [0;36m949 |[0;0m         guard let pm = pm else { XCTFail("the responder never stood ready: " + why); return }
 [0;36m950 |[0;0m         guard let conn = bob.connection(for: centralId) else {
     [0;36m|[0;0m                   `- [1;33mwarning: [1;39mvalue 'conn' was defined but never used; consider replacing with boolean test[0;0m [#]8;;https://docs.swift.org/compiler/documentation/diagnostics/no-usage\NoUsage]8;;\]
 [0;36m951 |[0;0m             XCTFail("the responder has no connection"); return
 [0;36m952 |[0;0m         }

/private/tmp/board1-rc15-work-final/wt_IOS-R10-no-dispatch/ios/Packages/GodstoneFoundation/Tests/GodstoneMeshTests/ReadinessT20Tests.swift:1016:13: [1;33mwarning: [1;39mresult of call to 'publishRelation' is unused[0;0m [#]8;;https://docs.swift.org/compiler/documentation/diagnostics/no-usage\NoUsage]8;;\]
[0;36m1014 |[0;0m         guard let pm = pm else { XCTFail("the responder never stood ready: " + why); return }
[0;36m1015 |[0;0m         let gen = bob.peripheralDriver?.getCentralGeneration(centralId) ?? 0
[0;36m1016 |[0;0m         bob.publishRelation(RelationKey(direction: .inboundPeripheral, peerId: centralId,
     [0;36m|[0;0m             `- [1;33mwarning: [1;39mresult of call to 'publishRelation' is unused[0;0m [#]8;;https://docs.swift.org/compiler/documentation/diagnostics/no-usage\NoUsage]8;;\]
[0;36m1017 |[0;0m                                         generation: gen))
[0;36m1018 |[0;0m         XCTAssertTrue(bob.isRelationPublished(direction: .inboundPeripheral, peerId: centralId,

/private/tmp/board1-rc15-work-final/wt_IOS-R10-no-dispatch/ios/Packages/GodstoneFoundation/Tests/GodstoneMeshTests/ReadinessT20Tests.swift:1007:13: [1;33mwarning: [1;39mvariable 'now' was never mutated; consider changing to 'let' constant[0;0m [#]8;;https://docs.swift.org/compiler/documentation/diagnostics/variable-never-mutated\VariableNeverMutated]8;;\]
[0;36m1005 |[0;0m         defer { ReadinessTrustedPairing.tearDown(pair) }
[0;36m1006 |[0;0m         let centralId = pair.viaAlice
[0;36m1007 |[0;0m         var now = TimeInterval(1_700_000_000)
     [0;36m|[0;0m             `- [1;33mwarning: [1;39mvariable 'now' was never mutated; consider changing to 'let' constant[0;0m [#]8;;https://docs.swift.org/compiler/documentation/diagnostics/variable-never-mutated\VariableNeverMutated]8;;\]
[0;36m1008 |[0;0m         let bob = BleTransport(identity: pair.bobIdentity, store: T17MessageStore(),
[0;36m1009 |[0;0m                                sessions: pair.bobManager, managerFactory: CaptureFactory(),

/private/tmp/board1-rc15-work-final/wt_IOS-R10-no-dispatch/ios/Packages/GodstoneFoundation/Tests/GodstoneMeshTests/ReadinessT20Tests.swift:1014:19: [1;33mwarning: [1;39mvalue 'pm' was defined but never used; consider replacing with boolean test[0;0m [#]8;;https://docs.swift.org/compiler/documentation/diagnostics/no-usage\NoUsage]8;;\]
[0;36m1012 |[0;0m                                        remoteHint: pair.aliceIdentity.nodeHint,
[0;36m1013 |[0;0m                                        leaseClock: { now })
[0;36m1014 |[0;0m         guard let pm = pm else { XCTFail("the responder never stood ready: " + why); return }
     [0;36m|[0;0m                   `- [1;33mwarning: [1;39mvalue 'pm' was defined but never used; consider replacing with boolean test[0;0m [#]8;;https://docs.swift.org/compiler/documentation/diagnostics/no-usage\NoUsage]8;;\]
[0;36m1015 |[0;0m         let gen = bob.peripheralDriver?.getCentralGeneration(centralId) ?? 0
[0;36m1016 |[0;0m         bob.publishRelation(RelationKey(direction: .inboundPeripheral, peerId: centralId,

/private/tmp/board1-rc15-work-final/wt_IOS-R10-no-dispatch/ios/Packages/GodstoneFoundation/Tests/GodstoneMeshTests/ReadinessT20Tests.swift:1053:13: [1;33mwarning: [1;39mresult of call to 'publishRelation' is unused[0;0m [#]8;;https://docs.swift.org/compiler/documentation/diagnostics/no-usage\NoUsage]8;;\]
[0;36m1051 |[0;0m         }
[0;36m1052 |[0;0m         let gen = bob.peripheralDriver?.getCentralGeneration(centralId) ?? 0
[0;36m1053 |[0;0m         bob.publishRelation(RelationKey(direction: .inboundPeripheral, peerId: centralId,
     [0;36m|[0;0m             `- [1;33mwarning: [1;39mresult of call to 'publishRelation' is unused[0;0m [#]8;;https://docs.swift.org/compiler/documentation/diagnostics/no-usage\NoUsage]8;;\]
[0;36m1054 |[0;0m                                         generation: gen))
[0;36m1055 |[0;0m         XCTAssertTrue(bob.isRelationPublished(direction: .inboundPeripheral, peerId: centralId,

/private/tmp/board1-rc15-work-final/wt_IOS-R10-no-dispatch/ios/Packages/GodstoneFoundation/Tests/GodstoneMeshTests/ReadinessT20Tests.swift:1085:13: [1;33mwarning: [1;39mvariable 'now' was never mutated; consider changing to 'let' constant[0;0m [#]8;;https://docs.swift.org/compiler/documentation/diagnostics/variable-never-mutated\VariableNeverMutated]8;;\]
[0;36m1083 |[0;0m         defer { ReadinessTrustedPairing.tearDown(pair) }
[0;36m1084 |[0;0m         let centralId = pair.viaAlice
[0;36m1085 |[0;0m         var now = TimeInterval(1_700_000_000)
     [0;36m|[0;0m             `- [1;33mwarning: [1;39mvariable 'now' was never mutated; consider changing to 'let' constant[0;0m [#]8;;https://docs.swift.org/compiler/documentation/diagnostics/variable-never-mutated\VariableNeverMutated]8;;\]
[0;36m1086 |[0;0m         let recorder = T17DelegateSpy()
[0;36m1087 |[0;0m         let bob = BleTransport(identity: pair.bobIdentity, store: T17MessageStore(),

/private/tmp/board1-rc15-work-final/wt_IOS-R10-no-dispatch/ios/Packages/GodstoneFoundation/Tests/GodstoneMeshTests/ReadinessT20Tests.swift:1150:14: [1;33mwarning: [1;39mresult of call to 'publishRelation' is unused[0;0m [#]8;;https://docs.swift.org/compiler/documentation/diagnostics/no-usage\NoUsage]8;;\]
[0;36m1148 |[0;0m         }
[0;36m1149 |[0;0m         let genA = bobA.peripheralDriver?.getCentralGeneration(pairA.viaAlice) ?? 0
[0;36m1150 |[0;0m         bobA.publishRelation(RelationKey(direction: .inboundPeripheral, peerId: pairA.viaAlice,
     [0;36m|[0;0m              `- [1;33mwarning: [1;39mresult of call to 'publishRelation' is unused[0;0m [#]8;;https://docs.swift.org/compiler/documentation/diagnostics/no-usage\NoUsage]8;;\]
[0;36m1151 |[0;0m                                          generation: genA))
[0;36m1152 |[0;0m         XCTAssertTrue(bobA.isRelationPublished(direction: .inboundPeripheral,

/private/tmp/board1-rc15-work-final/wt_IOS-R10-no-dispatch/ios/Packages/GodstoneFoundation/Tests/GodstoneMeshTests/ReadinessT20Tests.swift:1262:13: [1;33mwarning: [1;39mvariable 'now' was never mutated; consider changing to 'let' constant[0;0m [#]8;;https://docs.swift.org/compiler/documentation/diagnostics/variable-never-mutated\VariableNeverMutated]8;;\]
[0;36m1260 |[0;0m         defer { ReadinessTrustedPairing.tearDown(pair) }
[0;36m1261 |[0;0m         let centralId = pair.viaAlice
[0;36m1262 |[0;0m         var now = TimeInterval(1_700_000_000)
     [0;36m|[0;0m             `- [1;33mwarning: [1;39mvariable 'now' was never mutated; consider changing to 'let' constant[0;0m [#]8;;https://docs.swift.org/compiler/documentation/diagnostics/variable-never-mutated\VariableNeverMutated]8;;\]
[0;36m1263 |[0;0m         let bob = BleTransport(identity: pair.bobIdentity, store: T17MessageStore(),
[0;36m1264 |[0;0m                                sessions: pair.bobManager, managerFactory: CaptureFactory(),

/private/tmp/board1-rc15-work-final/wt_IOS-R10-no-dispatch/ios/Packages/GodstoneFoundation/Tests/GodstoneMeshTests/ReadinessT21Tests.swift:349:9: [1;33mwarning: [1;39musing '_' to ignore the result of a Void-returning function is redundant[0;0m
 [0;36m347 |[0;0m         let req = CaptureRequest(centralId: centralId, pinnedCentral: pinned, value: bytes)
 [0;36m348 |[0;0m         pins.append(req)
 [0;36m349 |[0;0m         _ = bob.processPeripheralReceiveWrite(pm, requests: [unsafeBitCast(req, to: CBATTRequest.self)],
     [0;36m|[0;0m         `- [1;33mwarning: [1;39musing '_' to ignore the result of a Void-returning function is redundant[0;0m
 [0;36m350 |[0;0m                                              sourceEpoch: bob.currentTransportEpoch)
 [0;36m351 |[0;0m     }

/private/tmp/board1-rc15-work-final/wt_IOS-R10-no-dispatch/ios/Packages/GodstoneFoundation/Tests/GodstoneMeshTests/ReadinessT21Tests.swift:374:9: [1;33mwarning: [1;39musing '_' to ignore the result of a Void-returning function is redundant[0;0m
 [0;36m372 |[0;0m                 ReadinessT21Tests.remoteLinkInfoStatic(hint: serviceDataHint)]
 [0;36m373 |[0;0m         ]
 [0;36m374 |[0;0m         _ = alice.processCentralDidDiscover(
     [0;36m|[0;0m         `- [1;33mwarning: [1;39musing '_' to ignore the result of a Void-returning function is redundant[0;0m
 [0;36m375 |[0;0m             cm, peripheral: unsafeBitCast(capturePeer, to: CBPeripheral.self),
 [0;36m376 |[0;0m             advertisementData: advRecord, rssi: NSNumber(value: -60),

/private/tmp/board1-rc15-work-final/wt_IOS-R10-no-dispatch/ios/Packages/GodstoneFoundation/Tests/GodstoneMeshTests/ReadinessT21Tests.swift:945:19: [1;33mwarning: [1;39mvalue '_chain' was defined but never used; consider replacing with boolean test[0;0m [#]8;;https://docs.swift.org/compiler/documentation/diagnostics/no-usage\NoUsage]8;;\]
 [0;36m943 |[0;0m         let r = try rigT21()
 [0;36m944 |[0;0m         defer { cleanup(r) }
 [0;36m945 |[0;0m         guard let _chain = try driveToReady(r) else { return }
     [0;36m|[0;0m                   `- [1;33mwarning: [1;39mvalue '_chain' was defined but never used; consider replacing with boolean test[0;0m [#]8;;https://docs.swift.org/compiler/documentation/diagnostics/no-usage\NoUsage]8;;\]
 [0;36m946 |[0;0m         let beforeData = r.capturePeer.writes
 [0;36m947 |[0;0m         let kindsBefore = beforeData.map { typeOfByte($0) }

/private/tmp/board1-rc15-work-final/wt_IOS-R10-no-dispatch/ios/Packages/GodstoneFoundation/Tests/GodstoneMeshTests/ReadinessT21Tests.swift:999:19: [1;33mwarning: [1;39mvalue '_chain' was defined but never used; consider replacing with boolean test[0;0m [#]8;;https://docs.swift.org/compiler/documentation/diagnostics/no-usage\NoUsage]8;;\]
 [0;36m997 |[0;0m         let censusA0 = r.alice.publishedRelationsForTest().count
 [0;36m998 |[0;0m         let censusB0 = r.bob.publishedRelationsForTest().count
 [0;36m999 |[0;0m         guard let _chain = try driveToReady(r) else { return }
     [0;36m|[0;0m                   `- [1;33mwarning: [1;39mvalue '_chain' was defined but never used; consider replacing with boolean test[0;0m [#]8;;https://docs.swift.org/compiler/documentation/diagnostics/no-usage\NoUsage]8;;\]
[0;36m1000 |[0;0m         XCTAssertTrue(waitUntil2 { !r.bobSpy.handshakeReadyPeers.isEmpty },
[0;36m1001 |[0;0m                       "the completion hook must note the trusted passage")

/private/tmp/board1-rc15-work-final/wt_IOS-R10-no-dispatch/ios/Packages/GodstoneFoundation/Tests/GodstoneMeshTests/ReadinessT22Tests.swift:347:9: [1;33mwarning: [1;39musing '_' to ignore the result of a Void-returning function is redundant[0;0m
 [0;36m345 |[0;0m         let req = CaptureRequest(centralId: centralId, pinnedCentral: pinned, value: bytes)
 [0;36m346 |[0;0m         pins.append(req)
 [0;36m347 |[0;0m         _ = bob.processPeripheralReceiveWrite(pm, requests: [unsafeBitCast(req, to: CBATTRequest.self)],
     [0;36m|[0;0m         `- [1;33mwarning: [1;39musing '_' to ignore the result of a Void-returning function is redundant[0;0m
 [0;36m348 |[0;0m                                              sourceEpoch: bob.currentTransportEpoch)
 [0;36m349 |[0;0m     }

/private/tmp/board1-rc15-work-final/wt_IOS-R10-no-dispatch/ios/Packages/GodstoneFoundation/Tests/GodstoneMeshTests/ReadinessT22Tests.swift:371:9: [1;33mwarning: [1;39musing '_' to ignore the result of a Void-returning function is redundant[0;0m
 [0;36m369 |[0;0m                 ReadinessT22Tests.remoteLinkInfoStatic(hint: serviceDataHint)]
 [0;36m370 |[0;0m         ]
 [0;36m371 |[0;0m         _ = alice.processCentralDidDiscover(
     [0;36m|[0;0m         `- [1;33mwarning: [1;39musing '_' to ignore the result of a Void-returning function is redundant[0;0m
 [0;36m372 |[0;0m             cm, peripheral: unsafeBitCast(capturePeer, to: CBPeripheral.self),
 [0;36m373 |[0;0m             advertisementData: advRecord, rssi: NSNumber(value: -60),

/private/tmp/board1-rc15-work-final/wt_IOS-R10-no-dispatch/ios/Packages/GodstoneFoundation/Tests/GodstoneMeshTests/ReadinessT22Tests.swift:748:23: [1;33mwarning: [1;39mimmutable value 'hs2' was never used; consider replacing with '_' or removing it[0;0m [#]8;;https://docs.swift.org/compiler/documentation/diagnostics/no-usage\NoUsage]8;;\]
 [0;36m746 |[0;0m     func testTheResponderIsNotTrustedByTheFirstNorTheSecondAloneAndNoDATARidesTheStream() throws {
 [0;36m747 |[0;0m         let r = try rigT22()
 [0;36m748 |[0;0m         guard let (_, hs2) = try driveToAnswered(r) else { return }
     [0;36m|[0;0m                       `- [1;33mwarning: [1;39mimmutable value 'hs2' was never used; consider replacing with '_' or removing it[0;0m [#]8;;https://docs.swift.org/compiler/documentation/diagnostics/no-usage\NoUsage]8;;\]
 [0;36m749 |[0;0m         XCTAssertEqual(r.bob.connection(for: r.handleA)?.state, .handshakeInProgress)
 [0;36m750 |[0;0m         XCTAssertFalse(r.pair.bobManager.isReady(r.handleA), "the first and second alone make no trust")

/private/tmp/board1-rc15-work-final/wt_IOS-R10-no-dispatch/ios/Packages/GodstoneFoundation/Tests/GodstoneMeshTests/ReadinessT22Tests.swift:988:13: [1;33mwarning: [1;39mvariable 'bobIdentity' was never mutated; consider changing to 'let' constant[0;0m [#]8;;https://docs.swift.org/compiler/documentation/diagnostics/variable-never-mutated\VariableNeverMutated]8;;\]
 [0;36m986 |[0;0m         // right way: alice below bob. Search forward from the requested seed.
 [0;36m987 |[0;0m         var aliceIdentity = try ReadinessTrustedPairing.makeIdentity(seedByte: seedA, staticPrivByte: privA)
 [0;36m988 |[0;0m         var bobIdentity = try ReadinessTrustedPairing.makeIdentity(seedByte: seedB, staticPrivByte: privB)
     [0;36m|[0;0m             `- [1;33mwarning: [1;39mvariable 'bobIdentity' was never mutated; consider changing to 'let' constant[0;0m [#]8;;https://docs.swift.org/compiler/documentation/diagnostics/variable-never-mutated\VariableNeverMutated]8;;\]
 [0;36m989 |[0;0m         var candidate = seedA
 [0;36m990 |[0;0m         while ReadinessTrustedPairing.hintOrder(aliceIdentity.nodeHint, bobIdentity.nodeHint) != .orderedAscending {

/private/tmp/board1-rc15-work-final/wt_IOS-R10-no-dispatch/ios/Packages/GodstoneFoundation/Tests/GodstoneMeshTests/ReadinessT22Tests.swift:1184:9: [1;33mwarning: [1;39musing '_' to ignore the result of a Void-returning function is redundant[0;0m
[0;36m1182 |[0;0m         let adv: [String: Any] = [CBAdvertisementDataServiceDataKey:
[0;36m1183 |[0;0m             [BleTransport.serviceUuid: ReadinessT22Tests.remoteLinkInfoStatic(hint: other)]]
[0;36m1184 |[0;0m         _ = r.alice.processCentralDidDiscover(
     [0;36m|[0;0m         `- [1;33mwarning: [1;39musing '_' to ignore the result of a Void-returning function is redundant[0;0m
[0;36m1185 |[0;0m             cm,
[0;36m1186 |[0;0m             peripheral: unsafeBitCast(r.capturePeer, to: CBPeripheral.self),

/private/tmp/board1-rc15-work-final/wt_IOS-R10-no-dispatch/ios/Packages/GodstoneFoundation/Tests/GodstoneMeshTests/ReadinessT23Tests.swift:291:9: [1;33mwarning: [1;39musing '_' to ignore the result of a Void-returning function is redundant[0;0m
 [0;36m289 |[0;0m         let req = CaptureRequest(centralId: centralId, pinnedCentral: pinned, value: bytes)
 [0;36m290 |[0;0m         pins.append(req)
 [0;36m291 |[0;0m         _ = bob.processPeripheralReceiveWrite(pm, requests: [unsafeBitCast(req, to: CBATTRequest.self)],
     [0;36m|[0;0m         `- [1;33mwarning: [1;39musing '_' to ignore the result of a Void-returning function is redundant[0;0m
 [0;36m292 |[0;0m                                             sourceEpoch: bob.currentTransportEpoch)
 [0;36m293 |[0;0m     }

/private/tmp/board1-rc15-work-final/wt_IOS-R10-no-dispatch/ios/Packages/GodstoneFoundation/Tests/GodstoneMeshTests/ReadinessT23Tests.swift:330:9: [1;33mwarning: [1;39musing '_' to ignore the result of a Void-returning function is redundant[0;0m
 [0;36m328 |[0;0m                 ReadinessT23Tests.remoteLinkInfoStatic(hint: serviceDataHint)]
 [0;36m329 |[0;0m         ]
 [0;36m330 |[0;0m         _ = alice.processCentralDidDiscover(
     [0;36m|[0;0m         `- [1;33mwarning: [1;39musing '_' to ignore the result of a Void-returning function is redundant[0;0m
 [0;36m331 |[0;0m             cm, peripheral: unsafeBitCast(capturePeer, to: CBPeripheral.self),
 [0;36m332 |[0;0m             advertisementData: advRecord, rssi: NSNumber(value: -60),

/private/tmp/board1-rc15-work-final/wt_IOS-R10-no-dispatch/ios/Packages/GodstoneFoundation/Tests/GodstoneMeshTests/ReadinessT23Tests.swift:545:62: [1;33mwarning: [1;39mconditional downcast from 'ReadinessT23Tests.CapturePeripheralManager?' to 'ReadinessT23Tests.CapturePeripheralManager' does nothing[0;0m
 [0;36m543 |[0;0m     /// The captures of the responders outlet towards the initiator.
 [0;36m544 |[0;0m     private func responderCaptures(_ r: T23Rig) -> [Data] {
 [0;36m545 |[0;0m         guard let mgr = [4;39mr.bobFactory.peripheralManagers.last[0;0m as? [4;39mCapturePeripheralManager[0;0m else { return [] }
     [0;36m|[0;0m                                                              `- [1;33mwarning: [1;39mconditional downcast from 'ReadinessT23Tests.CapturePeripheralManager?' to 'ReadinessT23Tests.CapturePeripheralManager' does nothing[0;0m
 [0;36m546 |[0;0m         return mgr.capturedUpdates.filter { $0.central == r.handleA }.map { $0.bytes }
 [0;36m547 |[0;0m     }

/private/tmp/board1-rc15-work-final/wt_IOS-R10-no-dispatch/ios/Packages/GodstoneFoundation/Tests/GodstoneMeshTests/ReadinessT23Tests.swift:554:47: [1;33mwarning: [1;39mconditional downcast from 'ReadinessT23Tests.CapturePeripheralManager?' to 'ReadinessT23Tests.CapturePeripheralManager' does nothing[0;0m
 [0;36m552 |[0;0m     }
 [0;36m553 |[0;0m     private func clearResponderCaptures(_ r: T23Rig) {
 [0;36m554 |[0;0m         ([4;39mr.bobFactory.peripheralManagers.last[0;0m as? [4;39mCapturePeripheralManager[0;0m)?.clearCaptured()
     [0;36m|[0;0m                                               `- [1;33mwarning: [1;39mconditional downcast from 'ReadinessT23Tests.CapturePeripheralManager?' to 'ReadinessT23Tests.CapturePeripheralManager' does nothing[0;0m
 [0;36m555 |[0;0m     }
 [0;36m556 |[0;0m 

/private/tmp/board1-rc15-work-final/wt_IOS-R10-no-dispatch/ios/Packages/GodstoneFoundation/Tests/GodstoneMeshTests/ReadinessT23Tests.swift:827:19: [1;33mwarning: [1;39mvalue 'challenge' was defined but never used; consider replacing with boolean test[0;0m [#]8;;https://docs.swift.org/compiler/documentation/diagnostics/no-usage\NoUsage]8;;\]
 [0;36m825 |[0;0m         // this rig no longer issueth one: it READETH the challenge the product put on the wire, and
 [0;36m826 |[0;0m         // every echo it thereafter crafteth is an answer to THAT challenge.
 [0;36m827 |[0;0m         guard let challenge = initiatorConnection(r)?.keyConfirmation.outstanding() else {
     [0;36m|[0;0m                   `- [1;33mwarning: [1;39mvalue 'challenge' was defined but never used; consider replacing with boolean test[0;0m [#]8;;https://docs.swift.org/compiler/documentation/diagnostics/no-usage\NoUsage]8;;\]
 [0;36m828 |[0;0m             XCTFail("the trusted-ready transition issued no challenge; ring: " + ringOf(r.alice)); return
 [0;36m829 |[0;0m         }

/private/tmp/board1-rc15-work-final/wt_IOS-R10-no-dispatch/ios/Packages/GodstoneFoundation/Tests/GodstoneMeshTests/ReadinessT23Tests.swift:904:19: [1;33mwarning: [1;39mvalue 'challenge' was defined but never used; consider replacing with boolean test[0;0m [#]8;;https://docs.swift.org/compiler/documentation/diagnostics/no-usage\NoUsage]8;;\]
 [0;36m902 |[0;0m         // this rig no longer issueth one: it READETH the challenge the product put on the wire, and
 [0;36m903 |[0;0m         // every echo it thereafter crafteth is an answer to THAT challenge.
 [0;36m904 |[0;0m         guard let challenge = initiatorConnection(r)?.keyConfirmation.outstanding() else {
     [0;36m|[0;0m                   `- [1;33mwarning: [1;39mvalue 'challenge' was defined but never used; consider replacing with boolean test[0;0m [#]8;;https://docs.swift.org/compiler/documentation/diagnostics/no-usage\NoUsage]8;;\]
 [0;36m905 |[0;0m             XCTFail("the trusted-ready transition issued no challenge; ring: " + ringOf(r.alice)); return
 [0;36m906 |[0;0m         }

/private/tmp/board1-rc15-work-final/wt_IOS-R10-no-dispatch/ios/Packages/GodstoneFoundation/Tests/GodstoneMeshTests/ReadinessT23Tests.swift:949:19: [1;33mwarning: [1;39mvalue 'challenge' was defined but never used; consider replacing with boolean test[0;0m [#]8;;https://docs.swift.org/compiler/documentation/diagnostics/no-usage\NoUsage]8;;\]
 [0;36m947 |[0;0m         // this rig no longer issueth one: it READETH the challenge the product put on the wire, and
 [0;36m948 |[0;0m         // every echo it thereafter crafteth is an answer to THAT challenge.
 [0;36m949 |[0;0m         guard let challenge = initiatorConnection(r)?.keyConfirmation.outstanding() else {
     [0;36m|[0;0m                   `- [1;33mwarning: [1;39mvalue 'challenge' was defined but never used; consider replacing with boolean test[0;0m [#]8;;https://docs.swift.org/compiler/documentation/diagnostics/no-usage\NoUsage]8;;\]
 [0;36m950 |[0;0m             XCTFail("the trusted-ready transition issued no challenge; ring: " + ringOf(r.alice)); return
 [0;36m951 |[0;0m         }

/private/tmp/board1-rc15-work-final/wt_IOS-R10-no-dispatch/ios/Packages/GodstoneFoundation/Tests/GodstoneMeshTests/ReadinessT23Tests.swift:988:19: [1;33mwarning: [1;39mvalue 'challenge' was defined but never used; consider replacing with boolean test[0;0m [#]8;;https://docs.swift.org/compiler/documentation/diagnostics/no-usage\NoUsage]8;;\]
 [0;36m986 |[0;0m         // this rig no longer issueth one: it READETH the challenge the product put on the wire, and
 [0;36m987 |[0;0m         // every echo it thereafter crafteth is an answer to THAT challenge.
 [0;36m988 |[0;0m         guard let challenge = initiatorConnection(r)?.keyConfirmation.outstanding() else {
     [0;36m|[0;0m                   `- [1;33mwarning: [1;39mvalue 'challenge' was defined but never used; consider replacing with boolean test[0;0m [#]8;;https://docs.swift.org/compiler/documentation/diagnostics/no-usage\NoUsage]8;;\]
 [0;36m989 |[0;0m             XCTFail("the trusted-ready transition issued no challenge; ring: " + ringOf(r.alice)); return
 [0;36m990 |[0;0m         }

/private/tmp/board1-rc15-work-final/wt_IOS-R10-no-dispatch/ios/Packages/GodstoneFoundation/Tests/GodstoneMeshTests/ReadinessT23Tests.swift:1107:19: [1;33mwarning: [1;39mvalue 'challenge' was defined but never used; consider replacing with boolean test[0;0m [#]8;;https://docs.swift.org/compiler/documentation/diagnostics/no-usage\NoUsage]8;;\]
[0;36m1105 |[0;0m         // this rig no longer issueth one: it READETH the challenge the product put on the wire, and
[0;36m1106 |[0;0m         // every echo it thereafter crafteth is an answer to THAT challenge.
[0;36m1107 |[0;0m         guard let challenge = initiatorConnection(r)?.keyConfirmation.outstanding() else {
     [0;36m|[0;0m                   `- [1;33mwarning: [1;39mvalue 'challenge' was defined but never used; consider replacing with boolean test[0;0m [#]8;;https://docs.swift.org/compiler/documentation/diagnostics/no-usage\NoUsage]8;;\]
[0;36m1108 |[0;0m             XCTFail("the trusted-ready transition issued no challenge; ring: " + ringOf(r.alice)); return
[0;36m1109 |[0;0m         }

[#NoUsage]: <https://docs.swift.org/compiler/documentation/diagnostics/no-usage>
[#VariableNeverMutated]: <https://docs.swift.org/compiler/documentation/diagnostics/variable-never-mutated>
/private/tmp/board1-rc15-work-final/wt_IOS-R10-no-dispatch/ios/Packages/GodstoneFoundation/Tests/GodstoneMeshTests/ReadinessT83Tests.swift:152:23: [1;33mwarning: [1;39mresult of call to 'runPendingOnce(_:fault:)' is unused[0;0m [#]8;;https://docs.swift.org/compiler/documentation/diagnostics/no-usage\NoUsage]8;;\]
[0;36m150 |[0;0m         var raised = false
[0;36m151 |[0;0m         do {
[0;36m152 |[0;0m             try dying.runPendingOnce(8) { point in
    [0;36m|[0;0m                       `- [1;33mwarning: [1;39mresult of call to 'runPendingOnce(_:fault:)' is unused[0;0m [#]8;;https://docs.swift.org/compiler/documentation/diagnostics/no-usage\NoUsage]8;;\]
[0;36m153 |[0;0m                 if point == "signing" { throw NSError(domain: "ReadinessT83", code: 1) }
[0;36m154 |[0;0m             }

/private/tmp/board1-rc15-work-final/wt_IOS-R10-no-dispatch/ios/Packages/GodstoneFoundation/Tests/GodstoneMeshTests/ReadinessT84Tests.swift:240:54: [1;33mwarning: [1;39mno calls to throwing functions occur within 'try' expression[0;0m [#]8;;https://docs.swift.org/compiler/documentation/diagnostics/unnecessary-effect-marker\UnnecessaryEffectMarker]8;;\]
[0;36m238 |[0;0m             let batch = r.pump.nextBatch(Data(to.local.id.nodeId), now: now)
[0;36m239 |[0;0m             return batch.copies.map { copy in
[0;36m240 |[0;0m                 let verdict = to.dispatcher.dispatch(try! FrameV2.decode(copy.encodedFrame)!,
    [0;36m|[0;0m                                                      `- [1;33mwarning: [1;39mno calls to throwing functions occur within 'try' expression[0;0m [#]8;;https://docs.swift.org/compiler/documentation/diagnostics/unnecessary-effect-marker\UnnecessaryEffectMarker]8;;\]
[0;36m241 |[0;0m                                                      receivedFrom: Data(r.local.id.nodeId))
[0;36m242 |[0;0m                 r.pump.onForwardOutcome(copy, peer: Data(to.local.id.nodeId), accepted: true, now: now)

/private/tmp/board1-rc15-work-final/wt_IOS-R10-no-dispatch/ios/Packages/GodstoneFoundation/Tests/GodstoneMeshTests/ReadinessT84Tests.swift:272:10: [1;33mwarning: [1;39mno calls to throwing functions occur within 'try' expression[0;0m [#]8;;https://docs.swift.org/compiler/documentation/diagnostics/unnecessary-effect-marker\UnnecessaryEffectMarker]8;;\]
[0;36m270 |[0;0m 
[0;36m271 |[0;0m     private func heldFrames(_ store: InMemoryMessageStore) -> Int {
[0;36m272 |[0;0m         (try? store.allHeldMsgIds().count) ?? -1
    [0;36m|[0;0m          `- [1;33mwarning: [1;39mno calls to throwing functions occur within 'try' expression[0;0m [#]8;;https://docs.swift.org/compiler/documentation/diagnostics/unnecessary-effect-marker\UnnecessaryEffectMarker]8;;\]
[0;36m273 |[0;0m     }
[0;36m274 |[0;0m 

/private/tmp/board1-rc15-work-final/wt_IOS-R10-no-dispatch/ios/Packages/GodstoneFoundation/Tests/GodstoneMeshTests/ReadinessT84Tests.swift:438:23: [1;33mwarning: [1;39mno calls to throwing functions occur within 'try' expression[0;0m [#]8;;https://docs.swift.org/compiler/documentation/diagnostics/unnecessary-effect-marker\UnnecessaryEffectMarker]8;;\]
[0;36m436 |[0;0m         XCTAssertEqual(copy.ttl, ackRelayInitialTtl - 1)
[0;36m437 |[0;0m         XCTAssertEqual(copy.hopCount, 1)
[0;36m438 |[0;0m         let decoded = try FrameV2.decode(copy.encodedFrame)!
    [0;36m|[0;0m                       `- [1;33mwarning: [1;39mno calls to throwing functions occur within 'try' expression[0;0m [#]8;;https://docs.swift.org/compiler/documentation/diagnostics/unnecessary-effect-marker\UnnecessaryEffectMarker]8;;\]
[0;36m439 |[0;0m         XCTAssertEqual(decoded.flags, 0)
[0;36m440 |[0;0m         XCTAssertEqual(decoded.payload.count, 80, "the 80-byte payload travelleth whole")

/private/tmp/board1-rc15-work-final/wt_IOS-R10-no-dispatch/ios/Packages/GodstoneFoundation/Tests/GodstoneMeshTests/ReadinessT84Tests.swift:601:47: [1;33mwarning: [1;39mno calls to throwing functions occur within 'try' expression[0;0m [#]8;;https://docs.swift.org/compiler/documentation/diagnostics/unnecessary-effect-marker\UnnecessaryEffectMarker]8;;\]
[0;36m599 |[0;0m         XCTAssertEqual(batch.copies.count, 1)
[0;36m600 |[0;0m         guard let rebornCopy = firstCopy(batch, "the reborn copy") else { return }
[0;36m601 |[0;0m         let verdict = w.a.dispatcher.dispatch(try FrameV2.decode(rebornCopy.encodedFrame)!,
    [0;36m|[0;0m                                               `- [1;33mwarning: [1;39mno calls to throwing functions occur within 'try' expression[0;0m [#]8;;https://docs.swift.org/compiler/documentation/diagnostics/unnecessary-effect-marker\UnnecessaryEffectMarker]8;;\]
[0;36m602 |[0;0m                                              receivedFrom: Data(w.r.local.id.nodeId))
[0;36m603 |[0;0m         XCTAssertTrue(verdict.accepted)

/private/tmp/board1-rc15-work-final/wt_IOS-R10-no-dispatch/ios/Packages/GodstoneFoundation/Tests/GodstoneMeshTests/ReadinessTrustedPairing.swift:164:5: [1;33mwarning: [1;39m'@discardableResult' declared on a function returning 'Void' is unnecessary[0;0m
[0;36m162 |[0;0m     /// CRYPTO-001: the entries are addressed by the relation's ADMISSION -- by default the one a
[0;36m163 |[0;0m     /// freshly started transport minteth for the first relation of that handle.
[0;36m164 |[0;0m     @discardableResult
    [0;36m|[0;0m     `- [1;33mwarning: [1;39m'@discardableResult' declared on a function returning 'Void' is unnecessary[0;0m
[0;36m165 |[0;0m     static func pairUp(_ pair: Pair, viaBob: UUID, viaAlice: UUID,
[0;36m166 |[0;0m                        aliceHint: Data, bobHint: Data,

/private/tmp/board1-rc15-work-final/wt_IOS-R10-no-dispatch/ios/Packages/GodstoneFoundation/Tests/GodstoneMeshTests/ReadinessTrustedPairing.swift:94:13: [1;33mwarning: [1;39mvariable 'bobIdentity' was never mutated; consider changing to 'let' constant[0;0m [#]8;;https://docs.swift.org/compiler/documentation/diagnostics/variable-never-mutated\VariableNeverMutated]8;;\]
 [0;36m92 |[0;0m         // right way: alice below bob. Search forward from the requested seed.
 [0;36m93 |[0;0m         var aliceIdentity = try makeIdentity(seedByte: seedA, staticPrivByte: privA)
 [0;36m94 |[0;0m         var bobIdentity = try makeIdentity(seedByte: seedB, staticPrivByte: privB)
    [0;36m|[0;0m             `- [1;33mwarning: [1;39mvariable 'bobIdentity' was never mutated; consider changing to 'let' constant[0;0m [#]8;;https://docs.swift.org/compiler/documentation/diagnostics/variable-never-mutated\VariableNeverMutated]8;;\]
 [0;36m95 |[0;0m         var candidate = seedA
 [0;36m96 |[0;0m         while ReadinessTrustedPairing.hintOrder(aliceIdentity.nodeHint, bobIdentity.nodeHint) != .orderedAscending {

[#NoUsage]: <https://docs.swift.org/compiler/documentation/diagnostics/no-usage>
[#UnnecessaryEffectMarker]: <https://docs.swift.org/compiler/documentation/diagnostics/unnecessary-effect-marker>
[#VariableNeverMutated]: <https://docs.swift.org/compiler/documentation/diagnostics/variable-never-mutated>
/private/tmp/board1-rc15-work-final/wt_IOS-R10-no-dispatch/ios/Packages/GodstoneFoundation/Tests/GodstoneMeshTests/SessionManagerConcurrencyTests.swift:181:13: [1;33mwarning: [1;39mvariable 'hs3Result' was written to, but never read[0;0m
[0;36m179 |[0;0m         let hsThreadFinished = expectation(description: "HS thread finished")
[0;36m180 |[0;0m         let invalidationFinished = expectation(description: "Invalidation finished")
[0;36m181 |[0;0m         var hs3Result: Data?
    [0;36m|[0;0m             `- [1;33mwarning: [1;39mvariable 'hs3Result' was written to, but never read[0;0m
[0;36m182 |[0;0m 
[0;36m183 |[0;0m         var invalidationReturned = false

/private/tmp/board1-rc15-work-final/wt_IOS-R10-no-dispatch/ios/Packages/GodstoneFoundation/Tests/GodstoneMeshTests/SessionManagerTests.swift:314:24: [1;33mwarning: [1;39mno calls to throwing functions occur within 'try' expression[0;0m [#]8;;https://docs.swift.org/compiler/documentation/diagnostics/unnecessary-effect-marker\UnnecessaryEffectMarker]8;;\]
[0;36m312 |[0;0m         XCTAssertTrue(smA.isReady(a.outbound))
[0;36m313 |[0;0m         let aToB = try XCTUnwrap(smA.seal(a.outbound, Data("incarnation A".utf8)))
[0;36m314 |[0;0m         XCTAssertEqual(try smB.open(a.inbound, aToB), Data("incarnation A".utf8))
    [0;36m|[0;0m                        `- [1;33mwarning: [1;39mno calls to throwing functions occur within 'try' expression[0;0m [#]8;;https://docs.swift.org/compiler/documentation/diagnostics/unnecessary-effect-marker\UnnecessaryEffectMarker]8;;\]
[0;36m315 |[0;0m         let backFromB = try XCTUnwrap(smB.seal(a.inbound, Data("and back".utf8)))
[0;36m316 |[0;0m         XCTAssertEqual(try smA.open(a.outbound, backFromB), Data("and back".utf8))

/private/tmp/board1-rc15-work-final/wt_IOS-R10-no-dispatch/ios/Packages/GodstoneFoundation/Tests/GodstoneMeshTests/SessionManagerTests.swift:316:24: [1;33mwarning: [1;39mno calls to throwing functions occur within 'try' expression[0;0m [#]8;;https://docs.swift.org/compiler/documentation/diagnostics/unnecessary-effect-marker\UnnecessaryEffectMarker]8;;\]
[0;36m314 |[0;0m         XCTAssertEqual(try smB.open(a.inbound, aToB), Data("incarnation A".utf8))
[0;36m315 |[0;0m         let backFromB = try XCTUnwrap(smB.seal(a.inbound, Data("and back".utf8)))
[0;36m316 |[0;0m         XCTAssertEqual(try smA.open(a.outbound, backFromB), Data("and back".utf8))
    [0;36m|[0;0m                        `- [1;33mwarning: [1;39mno calls to throwing functions occur within 'try' expression[0;0m [#]8;;https://docs.swift.org/compiler/documentation/diagnostics/unnecessary-effect-marker\UnnecessaryEffectMarker]8;;\]
[0;36m317 |[0;0m         XCTAssertEqual(smA.drop(a.outbound), .retired)
[0;36m318 |[0;0m         XCTAssertEqual(smB.drop(a.inbound), .retired)

/private/tmp/board1-rc15-work-final/wt_IOS-R10-no-dispatch/ios/Packages/GodstoneFoundation/Tests/GodstoneMeshTests/SessionManagerTests.swift:338:24: [1;33mwarning: [1;39mno calls to throwing functions occur within 'try' expression[0;0m [#]8;;https://docs.swift.org/compiler/documentation/diagnostics/unnecessary-effect-marker\UnnecessaryEffectMarker]8;;\]
[0;36m336 |[0;0m                       "the responder side of the replacement was slain by stale work")
[0;36m337 |[0;0m         let live = try XCTUnwrap(smA.seal(b.outbound, Data("replacement lives".utf8)))
[0;36m338 |[0;0m         XCTAssertEqual(try smB.open(b.inbound, live), Data("replacement lives".utf8))
    [0;36m|[0;0m                        `- [1;33mwarning: [1;39mno calls to throwing functions occur within 'try' expression[0;0m [#]8;;https://docs.swift.org/compiler/documentation/diagnostics/unnecessary-effect-marker\UnnecessaryEffectMarker]8;;\]
[0;36m339 |[0;0m         // The replacement's own teardown still worketh, and only it.
[0;36m340 |[0;0m         XCTAssertEqual(smA.drop(b.outbound), .retired)

/private/tmp/board1-rc15-work-final/wt_IOS-R10-no-dispatch/ios/Packages/GodstoneFoundation/Tests/GodstoneMeshTests/SessionManagerTests.swift:381:24: [1;33mwarning: [1;39mno calls to throwing functions occur within 'try' expression[0;0m [#]8;;https://docs.swift.org/compiler/documentation/diagnostics/unnecessary-effect-marker\UnnecessaryEffectMarker]8;;\]
[0;36m379 |[0;0m         XCTAssertTrue(smB.isReady(b.inbound), "stale work disturbed the responder's replacement")
[0;36m380 |[0;0m         let genuine = try XCTUnwrap(smA.seal(b.outbound, Data("genuine".utf8)))
[0;36m381 |[0;0m         XCTAssertEqual(try smB.open(b.inbound, genuine), Data("genuine".utf8))
    [0;36m|[0;0m                        `- [1;33mwarning: [1;39mno calls to throwing functions occur within 'try' expression[0;0m [#]8;;https://docs.swift.org/compiler/documentation/diagnostics/unnecessary-effect-marker\UnnecessaryEffectMarker]8;;\]
[0;36m382 |[0;0m     }
[0;36m383 |[0;0m 

/private/tmp/board1-rc15-work-final/wt_IOS-R10-no-dispatch/ios/Packages/GodstoneFoundation/Tests/GodstoneMeshTests/SqliteDeliveryRepositoryTests.swift:1304:20: [1;33mwarning: [1;39mimmutable value 'privB' was never used; consider replacing with '_' or removing it[0;0m [#]8;;https://docs.swift.org/compiler/documentation/diagnostics/no-usage\NoUsage]8;;\]
[0;36m1302 |[0;0m 
[0;36m1303 |[0;0m         let (pubA, privA) = realKeypair()
[0;36m1304 |[0;0m         let (pubB, privB) = realKeypair()
     [0;36m|[0;0m                    `- [1;33mwarning: [1;39mimmutable value 'privB' was never used; consider replacing with '_' or removing it[0;0m [#]8;;https://docs.swift.org/compiler/documentation/diagnostics/no-usage\NoUsage]8;;\]
[0;36m1305 |[0;0m         let resolver = TwoRecipientResolver(nodeA(), pubA, nodeB(), pubB)
[0;36m1306 |[0;0m         let tracker = DeliveryTracker(repo: repo, authenticator: Ed25519AckAuthenticator(resolver: resolver))

/private/tmp/board1-rc15-work-final/wt_IOS-R10-no-dispatch/ios/Packages/GodstoneFoundation/Tests/GodstoneMeshTests/SqliteDeliveryRepositoryTests.swift:1553:14: [1;33mwarning: [1;39mimmutable value 'pub' was never used; consider replacing with '_' or removing it[0;0m [#]8;;https://docs.swift.org/compiler/documentation/diagnostics/no-usage\NoUsage]8;;\]
[0;36m1551 |[0;0m         let faulting = FaultingDeliveryStore(store)
[0;36m1552 |[0;0m         let repo = SqliteDeliveryRepository(faulting)
[0;36m1553 |[0;0m         let (pub, priv) = realKeypair()
     [0;36m|[0;0m              `- [1;33mwarning: [1;39mimmutable value 'pub' was never used; consider replacing with '_' or removing it[0;0m [#]8;;https://docs.swift.org/compiler/documentation/diagnostics/no-usage\NoUsage]8;;\]
[0;36m1554 |[0;0m         let recipient = nodeA()
[0;36m1555 |[0;0m         let auth = DualAckAuthenticator()

/private/tmp/board1-rc15-work-final/wt_IOS-R10-no-dispatch/ios/Packages/GodstoneFoundation/Tests/GodstoneMeshTests/SqliteDeliveryRepositoryTests.swift:1988:14: [1;33mwarning: [1;39mimmutable value 'pubA' was never used; consider replacing with '_' or removing it[0;0m [#]8;;https://docs.swift.org/compiler/documentation/diagnostics/no-usage\NoUsage]8;;\]
[0;36m1986 |[0;0m         let store = SqliteMessageStore(url: url, maxBytes: 4096, fileProtection: .complete)
[0;36m1987 |[0;0m         let repo = SqliteDeliveryRepository(store)
[0;36m1988 |[0;0m         let (pubA, privA) = realKeypair()
     [0;36m|[0;0m              `- [1;33mwarning: [1;39mimmutable value 'pubA' was never used; consider replacing with '_' or removing it[0;0m [#]8;;https://docs.swift.org/compiler/documentation/diagnostics/no-usage\NoUsage]8;;\]
[0;36m1989 |[0;0m         let auth = BlockingAckAuthenticator(result: true)
[0;36m1990 |[0;0m         let tracker = DeliveryTracker(repo: repo, authenticator: auth)

/private/tmp/board1-rc15-work-final/wt_IOS-R10-no-dispatch/ios/Packages/GodstoneFoundation/Tests/GodstoneMeshTests/SqliteDeliveryRepositoryTests.swift:2025:14: [1;33mwarning: [1;39mimmutable value 'pubA' was never used; consider replacing with '_' or removing it[0;0m [#]8;;https://docs.swift.org/compiler/documentation/diagnostics/no-usage\NoUsage]8;;\]
[0;36m2023 |[0;0m         let store = SqliteMessageStore(url: url, maxBytes: 4096, fileProtection: .complete)
[0;36m2024 |[0;0m         let repo = SqliteDeliveryRepository(store)
[0;36m2025 |[0;0m         let (pubA, privA) = realKeypair()
     [0;36m|[0;0m              `- [1;33mwarning: [1;39mimmutable value 'pubA' was never used; consider replacing with '_' or removing it[0;0m [#]8;;https://docs.swift.org/compiler/documentation/diagnostics/no-usage\NoUsage]8;;\]
[0;36m2026 |[0;0m         let auth = BlockingAckAuthenticator(result: true)
[0;36m2027 |[0;0m         let tracker = DeliveryTracker(repo: repo, authenticator: auth)

/private/tmp/board1-rc15-work-final/wt_IOS-R10-no-dispatch/ios/Packages/GodstoneFoundation/Tests/GodstoneMeshTests/SqliteMessageStoreTests.swift:74:15: [1;33mwarning: [1;39mresult of call to 'persist(_:receivedFrom:)' is unused[0;0m [#]8;;https://docs.swift.org/compiler/documentation/diagnostics/no-usage\NoUsage]8;;\]
  [0;36m72 |[0;0m         _ = open(maxBytes: Int64.max)
  [0;36m73 |[0;0m         let f = frame(7, .direct, 64, type: .sos)
  [0;36m74 |[0;0m         store.persist(f, receivedFrom: Data([0, 1, 2, 3, 4, 5]))
     [0;36m|[0;0m               `- [1;33mwarning: [1;39mresult of call to 'persist(_:receivedFrom:)' is unused[0;0m [#]8;;https://docs.swift.org/compiler/documentation/diagnostics/no-usage\NoUsage]8;;\]
  [0;36m75 |[0;0m         let out = store.allHeldOrderedByPriority()
  [0;36m76 |[0;0m         XCTAssertEqual(out.count, 1)

/private/tmp/board1-rc15-work-final/wt_IOS-R10-no-dispatch/ios/Packages/GodstoneFoundation/Tests/GodstoneMeshTests/SqliteMessageStoreTests.swift:92:15: [1;33mwarning: [1;39mresult of call to 'persist(_:receivedFrom:)' is unused[0;0m [#]8;;https://docs.swift.org/compiler/documentation/diagnostics/no-usage\NoUsage]8;;\]
  [0;36m90 |[0;0m         _ = open(maxBytes: Int64.max)
  [0;36m91 |[0;0m         let f = frame(1, .group, 32)
  [0;36m92 |[0;0m         store.persist(f, receivedFrom: Data())
     [0;36m|[0;0m               `- [1;33mwarning: [1;39mresult of call to 'persist(_:receivedFrom:)' is unused[0;0m [#]8;;https://docs.swift.org/compiler/documentation/diagnostics/no-usage\NoUsage]8;;\]
  [0;36m93 |[0;0m         store.persist(f, receivedFrom: Data())
  [0;36m94 |[0;0m         XCTAssertEqual(heldIds().count, 1)

/private/tmp/board1-rc15-work-final/wt_IOS-R10-no-dispatch/ios/Packages/GodstoneFoundation/Tests/GodstoneMeshTests/SqliteMessageStoreTests.swift:93:15: [1;33mwarning: [1;39mresult of call to 'persist(_:receivedFrom:)' is unused[0;0m [#]8;;https://docs.swift.org/compiler/documentation/diagnostics/no-usage\NoUsage]8;;\]
  [0;36m91 |[0;0m         let f = frame(1, .group, 32)
  [0;36m92 |[0;0m         store.persist(f, receivedFrom: Data())
  [0;36m93 |[0;0m         store.persist(f, receivedFrom: Data())
     [0;36m|[0;0m               `- [1;33mwarning: [1;39mresult of call to 'persist(_:receivedFrom:)' is unused[0;0m [#]8;;https://docs.swift.org/compiler/documentation/diagnostics/no-usage\NoUsage]8;;\]
  [0;36m94 |[0;0m         XCTAssertEqual(heldIds().count, 1)
  [0;36m95 |[0;0m     }

/private/tmp/board1-rc15-work-final/wt_IOS-R10-no-dispatch/ios/Packages/GodstoneFoundation/Tests/GodstoneMeshTests/SqliteMessageStoreTests.swift:864:9: [1;33mwarning: [1;39mresult of 'try?' is unused[0;0m [#]8;;https://docs.swift.org/compiler/documentation/diagnostics/no-usage\NoUsage]8;;\]
 [0;36m862 |[0;0m         // Seed held frame with foreignNode provenance
 [0;36m863 |[0;0m         XCTAssertEqual(store.persist(f, receivedFrom: foreignNode), .heldNew)
 [0;36m864 |[0;0m         [4;39mtry? store.insertDelivery(f.msgId, stateOrdinal: DeliveryState.queuedDurably.code, ackModeOrdinal: AckMode.singleRecipient.rawValue, expectedRecipient: rec)[0;0m
     [0;36m|[0;0m         `- [1;33mwarning: [1;39mresult of 'try?' is unused[0;0m [#]8;;https://docs.swift.org/compiler/documentation/diagnostics/no-usage\NoUsage]8;;\]
 [0;36m865 |[0;0m 
 [0;36m866 |[0;0m         // Retry from local node A

/private/tmp/board1-rc15-work-final/wt_IOS-R10-no-dispatch/ios/Packages/GodstoneFoundation/Tests/GodstoneMeshTests/SqliteMessageStoreTests.swift:925:9: [1;33mwarning: [1;39mresult of 'try?' is unused[0;0m [#]8;;https://docs.swift.org/compiler/documentation/diagnostics/no-usage\NoUsage]8;;\]
 [0;36m923 |[0;0m         let origin = localNode(1)
 [0;36m924 |[0;0m 
 [0;36m925 |[0;0m         [4;39mtry? store.insertDelivery(f.msgId, stateOrdinal: DeliveryState.queuedDurably.code, ackModeOrdinal: AckMode.singleRecipient.rawValue, expectedRecipient: rec)[0;0m
     [0;36m|[0;0m         `- [1;33mwarning: [1;39mresult of 'try?' is unused[0;0m [#]8;;https://docs.swift.org/compiler/documentation/diagnostics/no-usage\NoUsage]8;;\]
 [0;36m926 |[0;0m         XCTAssertFalse(containsId(heldIds(), f.msgId))
 [0;36m927 |[0;0m 

/private/tmp/board1-rc15-work-final/wt_IOS-R10-no-dispatch/ios/Packages/GodstoneFoundation/Tests/GodstoneMeshTests/SqliteMessageStoreTests.swift:1014:15: [1;33mwarning: [1;39mresult of call to 'withUnsafeBytes' is unused[0;0m [#]8;;https://docs.swift.org/compiler/documentation/diagnostics/no-usage\NoUsage]8;;\]
[0;36m1012 |[0;0m         defer { sqlite3_finalize(stmt) }
[0;36m1013 |[0;0m         let transient = unsafeBitCast(-1, to: sqlite3_destructor_type.self)
[0;36m1014 |[0;0m         msgId.withUnsafeBytes [4;39m{ r in[0;0m
     [0;36m|[0;0m               `- [1;33mwarning: [1;39mresult of call to 'withUnsafeBytes' is unused[0;0m [#]8;;https://docs.swift.org/compiler/documentation/diagnostics/no-usage\NoUsage]8;;\]
[0;36m1015 |[0;0m             sqlite3_bind_blob(stmt, 1, r.baseAddress, Int32(msgId.count), transient)
[0;36m1016 |[0;0m         }

/private/tmp/board1-rc15-work-final/wt_IOS-R10-no-dispatch/ios/Packages/GodstoneFoundation/Tests/GodstoneMeshTests/SqliteMessageStoreTests.swift:1157:13: [1;33mwarning: [1;39mresult of 'try?' is unused[0;0m [#]8;;https://docs.swift.org/compiler/documentation/diagnostics/no-usage\NoUsage]8;;\]
[0;36m1155 |[0;0m             let f = directFrame(UInt8(idx + 10), payloadSize: 100)
[0;36m1156 |[0;0m             // Plant delivery row directly with terminal state and NO held frame
[0;36m1157 |[0;0m             [4;39mtry? store.insertDelivery([0;0m
     [0;36m|[0;0m             `- [1;33mwarning: [1;39mresult of 'try?' is unused[0;0m [#]8;;https://docs.swift.org/compiler/documentation/diagnostics/no-usage\NoUsage]8;;\]
[0;36m1158 |[0;0m                 f.msgId,
[0;36m1159 |[0;0m                 stateOrdinal: termState.code,

/private/tmp/board1-rc15-work-final/wt_IOS-R10-no-dispatch/ios/Packages/GodstoneFoundation/Tests/GodstoneMeshTests/SqliteMessageStoreTests.swift:1343:12: [1;33mwarning: [1;39mresult of call to 'withUnsafeBytes' is unused[0;0m [#]8;;https://docs.swift.org/compiler/documentation/diagnostics/no-usage\NoUsage]8;;\]
[0;36m1341 |[0;0m         }
[0;36m1342 |[0;0m         let transient = unsafeBitCast(-1, to: sqlite3_destructor_type.self)
[0;36m1343 |[0;0m         id.withUnsafeBytes [4;39m{ r in[0;0m
     [0;36m|[0;0m            `- [1;33mwarning: [1;39mresult of call to 'withUnsafeBytes' is unused[0;0m [#]8;;https://docs.swift.org/compiler/documentation/diagnostics/no-usage\NoUsage]8;;\]
[0;36m1344 |[0;0m             sqlite3_bind_blob(stmt, 1, r.baseAddress, Int32(id.count), transient)
[0;36m1345 |[0;0m         }

/private/tmp/board1-rc15-work-final/wt_IOS-R10-no-dispatch/ios/Packages/GodstoneFoundation/Tests/GodstoneMeshTests/SqliteMessageStoreTests.swift:1396:15: [1;33mwarning: [1;39mresult of call to 'withUnsafeBytes' is unused[0;0m [#]8;;https://docs.swift.org/compiler/documentation/diagnostics/no-usage\NoUsage]8;;\]
[0;36m1394 |[0;0m         }
[0;36m1395 |[0;0m         let transient = unsafeBitCast(-1, to: sqlite3_destructor_type.self)
[0;36m1396 |[0;0m         msgId.withUnsafeBytes [4;39m{ r in[0;0m
     [0;36m|[0;0m               `- [1;33mwarning: [1;39mresult of call to 'withUnsafeBytes' is unused[0;0m [#]8;;https://docs.swift.org/compiler/documentation/diagnostics/no-usage\NoUsage]8;;\]
[0;36m1397 |[0;0m             sqlite3_bind_blob(stmt, 1, r.baseAddress, Int32(msgId.count), transient)
[0;36m1398 |[0;0m         }

/private/tmp/board1-rc15-work-final/wt_IOS-R10-no-dispatch/ios/Packages/GodstoneFoundation/Tests/GodstoneMeshTests/SqliteMessageStoreTests.swift:1404:20: [1;33mwarning: [1;39mresult of call to 'withUnsafeBytes' is unused[0;0m [#]8;;https://docs.swift.org/compiler/documentation/diagnostics/no-usage\NoUsage]8;;\]
[0;36m1402 |[0;0m         sqlite3_bind_int(stmt, 5, Int32(Priority.toFlags(.group)))
[0;36m1403 |[0;0m         sqlite3_bind_int(stmt, 6, Int32(Priority.group.rawValue))
[0;36m1404 |[0;0m         routingTag.withUnsafeBytes [4;39m{ r in[0;0m
     [0;36m|[0;0m                    `- [1;33mwarning: [1;39mresult of call to 'withUnsafeBytes' is unused[0;0m [#]8;;https://docs.swift.org/compiler/documentation/diagnostics/no-usage\NoUsage]8;;\]
[0;36m1405 |[0;0m             sqlite3_bind_blob(stmt, 7, r.baseAddress, Int32(routingTag.count), transient)
[0;36m1406 |[0;0m         }

/private/tmp/board1-rc15-work-final/wt_IOS-R10-no-dispatch/ios/Packages/GodstoneFoundation/Tests/GodstoneMeshTests/SqliteMessageStoreTests.swift:1408:17: [1;33mwarning: [1;39mresult of call to 'withUnsafeBytes' is unused[0;0m [#]8;;https://docs.swift.org/compiler/documentation/diagnostics/no-usage\NoUsage]8;;\]
[0;36m1406 |[0;0m         }
[0;36m1407 |[0;0m         let payload = Data(repeating: 0, count: 8)
[0;36m1408 |[0;0m         payload.withUnsafeBytes [4;39m{ r in[0;0m
     [0;36m|[0;0m                 `- [1;33mwarning: [1;39mresult of call to 'withUnsafeBytes' is unused[0;0m [#]8;;https://docs.swift.org/compiler/documentation/diagnostics/no-usage\NoUsage]8;;\]
[0;36m1409 |[0;0m             sqlite3_bind_blob(stmt, 8, r.baseAddress, Int32(payload.count), transient)
[0;36m1410 |[0;0m         }

/private/tmp/board1-rc15-work-final/wt_IOS-R10-no-dispatch/ios/Packages/GodstoneFoundation/Tests/GodstoneMeshTests/SqliteMessageStoreTests.swift:1450:22: [1;33mwarning: [1;39mweak variable 'weakW' was never mutated; consider changing to 'let' constant[0;0m [#]8;;https://docs.swift.org/compiler/documentation/diagnostics/variable-never-mutated\VariableNeverMutated]8;;\::]8;;https://docs.swift.org/compiler/documentation/diagnostics/weak-mutability\WeakMutability]8;;\]
[0;36m1448 |[0;0m             let w = LifetimeWitness()
[0;36m1449 |[0;0m             witnesses.append(w)
[0;36m1450 |[0;0m             weak var weakW = w
     [0;36m|[0;0m                      `- [1;33mwarning: [1;39mweak variable 'weakW' was never mutated; consider changing to 'let' constant[0;0m [#]8;;https://docs.swift.org/compiler/documentation/diagnostics/variable-never-mutated\VariableNeverMutated]8;;\::]8;;https://docs.swift.org/compiler/documentation/diagnostics/weak-mutability\WeakMutability]8;;\]
[0;36m1451 |[0;0m             weakBoxes.append { weakW }
[0;36m1452 |[0;0m             // EVERY LIFETIME RELEASETH ITS OWN REGISTRATION, as a runtime's teardown must: the law is that a

/private/tmp/board1-rc15-work-final/wt_IOS-R10-no-dispatch/ios/Packages/GodstoneFoundation/Tests/GodstoneMeshTests/SqliteMessageStoreTests.swift:1468:63: [1;33mwarning: [1;39mmutation of captured var 'fired' in concurrently-executing code; this is an error in the Swift 6 language mode[0;0m [#]8;;https://docs.swift.org/compiler/documentation/diagnostics/sendable-closure-captures\SendableClosureCaptures]8;;\]
[0;36m1466 |[0;0m         let baseline = s.observerCensusForTest()
[0;36m1467 |[0;0m         var fired = 0
[0;36m1468 |[0;0m         let lease = try XCTUnwrap(s.registerHeldSetObserver { fired += 1 },
     [0;36m|[0;0m                                                               `- [1;33mwarning: [1;39mmutation of captured var 'fired' in concurrently-executing code; this is an error in the Swift 6 language mode[0;0m [#]8;;https://docs.swift.org/compiler/documentation/diagnostics/sendable-closure-captures\SendableClosureCaptures]8;;\]
[0;36m1469 |[0;0m                                   "the real store must answer a RELEASABLE lease, not nil")
[0;36m1470 |[0;0m         XCTAssertEqual(s.observerCensusForTest(), baseline + 1)

/private/tmp/board1-rc15-work-final/wt_IOS-R10-no-dispatch/ios/Packages/GodstoneFoundation/Tests/GodstoneMeshTests/SqliteMessageStoreTests.swift:2004:13: [1;33mwarning: [1;39mvariable 'now' was never mutated; consider changing to 'let' constant[0;0m [#]8;;https://docs.swift.org/compiler/documentation/diagnostics/variable-never-mutated\VariableNeverMutated]8;;\]
[0;36m2002 |[0;0m     func testGSSTORE004_retirementLeavethADurableTombstone() throws {
[0;36m2003 |[0;0m         let s = open(maxBytes: 8 * 1024 * 1024)
[0;36m2004 |[0;0m         var now: Int64 = 6_000_000
     [0;36m|[0;0m             `- [1;33mwarning: [1;39mvariable 'now' was never mutated; consider changing to 'let' constant[0;0m [#]8;;https://docs.swift.org/compiler/documentation/diagnostics/variable-never-mutated\VariableNeverMutated]8;;\]
[0;36m2005 |[0;0m         s.receiptTimeProvider = { (monoMs: now, bootIdentity: "boot-A") }
[0;36m2006 |[0;0m         let f = frame(13, .direct, 48)

/private/tmp/board1-rc15-work-final/wt_IOS-R10-no-dispatch/ios/Packages/GodstoneFoundation/Tests/GodstoneMeshTests/TrustedHandshakeControllerTests.swift:44:16: [1;33mwarning: [1;39mno calls to throwing functions occur within 'try' expression[0;0m [#]8;;https://docs.swift.org/compiler/documentation/diagnostics/unnecessary-effect-marker\UnnecessaryEffectMarker]8;;\]
  [0;36m42 |[0;0m         )
  [0;36m43 |[0;0m         let sig = try signingKey.signature(for: preimage)
  [0;36m44 |[0;0m         return try IdentityBindingV1(
     [0;36m|[0;0m                `- [1;33mwarning: [1;39mno calls to throwing functions occur within 'try' expression[0;0m [#]8;;https://docs.swift.org/compiler/documentation/diagnostics/unnecessary-effect-marker\UnnecessaryEffectMarker]8;;\]
  [0;36m45 |[0;0m             generation: generation,
  [0;36m46 |[0;0m             signingPublicKey: signingKey.publicKey.rawRepresentation,

[#NoUsage]: <https://docs.swift.org/compiler/documentation/diagnostics/no-usage>
[#SendableClosureCaptures]: <https://docs.swift.org/compiler/documentation/diagnostics/sendable-closure-captures>
[#UnnecessaryEffectMarker]: <https://docs.swift.org/compiler/documentation/diagnostics/unnecessary-effect-marker>
[#VariableNeverMutated]: <https://docs.swift.org/compiler/documentation/diagnostics/variable-never-mutated>
[#WeakMutability]: <https://docs.swift.org/compiler/documentation/diagnostics/weak-mutability>

CRYPTO-005 fresh-file step: revision=0 from=0 creatingTables=true statements=6
CRYPTO-005 fresh-file step: revision=0 from=0 creatingTables=true statements=6
CRYPTO-005 fresh-file step: revision=0 from=0 creatingTables=true statements=6
CRYPTO-005 fresh-file step: revision=0 from=0 creatingTables=true statements=6
CRYPTO-005 fresh-file step: revision=0 from=0 creatingTables=true statements=6
CRYPTO-005 fresh-file step: revision=0 from=0 creatingTables=true statements=6
Test Suite 'Selected tests' started at 2026-10-03 22:33:35.252.
Test Suite 'GodstoneMeshTests.xctest' started at 2026-10-03 22:33:35.259.
Test Suite 'ReadinessT36Tests' started at 2026-10-03 22:33:35.259.
Test Case '-[GodstoneMeshTests.ReadinessT36Tests testBodyProfileGateBeforeAnyAuthoring]' started.
Test Case '-[GodstoneMeshTests.ReadinessT36Tests testBodyProfileGateBeforeAnyAuthoring]' passed (0.003 seconds).
Test Case '-[GodstoneMeshTests.ReadinessT36Tests testChangedRecipientOrBodyOrPriorityCreatesNewLogicalSend]' started.
Test Case '-[GodstoneMeshTests.ReadinessT36Tests testChangedRecipientOrBodyOrPriorityCreatesNewLogicalSend]' passed (0.003 seconds).
Test Case '-[GodstoneMeshTests.ReadinessT36Tests testCRYPTO005_aFaultAtEachJournalOperationIsTypedAndNeverFoldedIntoAbsence]' started.
Test Case '-[GodstoneMeshTests.ReadinessT36Tests testCRYPTO005_aFaultAtEachJournalOperationIsTypedAndNeverFoldedIntoAbsence]' passed (0.000 seconds).
Test Case '-[GodstoneMeshTests.ReadinessT36Tests testCRYPTO005_aFaultedAdvanceLeavesTheRankUnadvancedWhileTheCommitStands]' started.
Test Case '-[GodstoneMeshTests.ReadinessT36Tests testCRYPTO005_aFaultedAdvanceLeavesTheRankUnadvancedWhileTheCommitStands]' passed (0.002 seconds).
Test Case '-[GodstoneMeshTests.ReadinessT36Tests testCRYPTO005_aFaultedInsertInsideTheAuthorityRefusesAndHoldsNothing]' started.
Test Case '-[GodstoneMeshTests.ReadinessT36Tests testCRYPTO005_aFaultedInsertInsideTheAuthorityRefusesAndHoldsNothing]' passed (0.001 seconds).
Test Case '-[GodstoneMeshTests.ReadinessT36Tests testCRYPTO005_aFaultedLoadInsideTheAuthorityRefusesRatherThanReAuthoring]' started.
Test Case '-[GodstoneMeshTests.ReadinessT36Tests testCRYPTO005_aFaultedLoadInsideTheAuthorityRefusesRatherThanReAuthoring]' passed (0.001 seconds).
Test Case '-[GodstoneMeshTests.ReadinessT36Tests testCRYPTO005_theCompositionPinsTheIntentBeforeTheRadioAndSurvivesAReopen]' started.
Test Case '-[GodstoneMeshTests.ReadinessT36Tests testCRYPTO005_theCompositionPinsTheIntentBeforeTheRadioAndSurvivesAReopen]' passed (0.018 seconds).
Test Case '-[GodstoneMeshTests.ReadinessT36Tests testCRYPTO005_theIntentSurvivesAReopenOfTheDurableStore]' started.
Test Case '-[GodstoneMeshTests.ReadinessT36Tests testCRYPTO005_theIntentSurvivesAReopenOfTheDurableStore]' passed (0.004 seconds).
Test Case '-[GodstoneMeshTests.ReadinessT36Tests testCRYPTO005_theSameAuthorityWithAnUnfaultedJournalReallySends]' started.
Test Case '-[GodstoneMeshTests.ReadinessT36Tests testCRYPTO005_theSameAuthorityWithAnUnfaultedJournalReallySends]' passed (0.001 seconds).
Test Case '-[GodstoneMeshTests.ReadinessT36Tests testCRYPTO005_theSameDecoratorUnfaultedForwardsEveryOperation]' started.
Test Case '-[GodstoneMeshTests.ReadinessT36Tests testCRYPTO005_theSameDecoratorUnfaultedForwardsEveryOperation]' passed (0.000 seconds).
Test Case '-[GodstoneMeshTests.ReadinessT36Tests testCRYPTO005_theSendBoundaryAfterTheDurableEnqueueIsRestartableFromDisk]' started.
Test Case '-[GodstoneMeshTests.ReadinessT36Tests testCRYPTO005_theSendBoundaryAfterTheDurableEnqueueIsRestartableFromDisk]' passed (0.011 seconds).
Test Case '-[GodstoneMeshTests.ReadinessT36Tests testCRYPTO006_aChangedRevisionTakesTheRowRatherThanResolvingToTheWinner]' started.
Test Case '-[GodstoneMeshTests.ReadinessT36Tests testCRYPTO006_aChangedRevisionTakesTheRowRatherThanResolvingToTheWinner]' passed (0.000 seconds).
Test Case '-[GodstoneMeshTests.ReadinessT36Tests testCRYPTO006_aDuplicateAdmissionOfTheSameRevisionAcknowledgesTheWinnersBytes]' started.
Test Case '-[GodstoneMeshTests.ReadinessT36Tests testCRYPTO006_aDuplicateAdmissionOfTheSameRevisionAcknowledgesTheWinnersBytes]' passed (0.000 seconds).
Test Case '-[GodstoneMeshTests.ReadinessT36Tests testCRYPTO006_theSameTokenWithTheSameBytesResolvesAsARetry]' started.
Test Case '-[GodstoneMeshTests.ReadinessT36Tests testCRYPTO006_theSameTokenWithTheSameBytesResolvesAsARetry]' passed (0.001 seconds).
Test Case '-[GodstoneMeshTests.ReadinessT36Tests testCRYPTO006_theSqliteMediumObeysTheSameCompositeLawAsTheTwin]' started.
Test Case '-[GodstoneMeshTests.ReadinessT36Tests testCRYPTO006_theSqliteMediumObeysTheSameCompositeLawAsTheTwin]' passed (0.004 seconds).
Test Case '-[GodstoneMeshTests.ReadinessT36Tests testDiskFullRefusesSendDistinguishingFailureFromEmpty]' started.
Test Case '-[GodstoneMeshTests.ReadinessT36Tests testDiskFullRefusesSendDistinguishingFailureFromEmpty]' passed (0.001 seconds).
Test Case '-[GodstoneMeshTests.ReadinessT36Tests testDoubleTapYieldsTwoExplicitIntentsTwoLogicalSends]' started.
Test Case '-[GodstoneMeshTests.ReadinessT36Tests testDoubleTapYieldsTwoExplicitIntentsTwoLogicalSends]' passed (0.002 seconds).
Test Case '-[GodstoneMeshTests.ReadinessT36Tests testFullCallPathCommandToSignedAck]' started.
Test Case '-[GodstoneMeshTests.ReadinessT36Tests testFullCallPathCommandToSignedAck]' passed (0.002 seconds).
Test Case '-[GodstoneMeshTests.ReadinessT36Tests testGSINTEGRATION001_afterAWipeTheDurableIntentMustBeGone]' started.
Test Case '-[GodstoneMeshTests.ReadinessT36Tests testGSINTEGRATION001_afterAWipeTheDurableIntentMustBeGone]' passed (0.011 seconds).
Test Case '-[GodstoneMeshTests.ReadinessT36Tests testIdentityOnlyAfterDurableEnqueue]' started.
Test Case '-[GodstoneMeshTests.ReadinessT36Tests testIdentityOnlyAfterDurableEnqueue]' passed (0.002 seconds).
Test Case '-[GodstoneMeshTests.ReadinessT36Tests testKeyRotationRacePinsTheAcceptedGeneration]' started.
Test Case '-[GodstoneMeshTests.ReadinessT36Tests testKeyRotationRacePinsTheAcceptedGeneration]' passed (0.002 seconds).
Test Case '-[GodstoneMeshTests.ReadinessT36Tests testMultiRecipientDistinctIds]' started.
Test Case '-[GodstoneMeshTests.ReadinessT36Tests testMultiRecipientDistinctIds]' passed (0.002 seconds).
Test Case '-[GodstoneMeshTests.ReadinessT36Tests testRestartRetryIdenticalBytes]' started.
Test Case '-[GodstoneMeshTests.ReadinessT36Tests testRestartRetryIdenticalBytes]' passed (0.001 seconds).
Test Case '-[GodstoneMeshTests.ReadinessT36Tests testRetryOfSameIntentTokenLoadsIdenticalPersistedBytes]' started.
Test Case '-[GodstoneMeshTests.ReadinessT36Tests testRetryOfSameIntentTokenLoadsIdenticalPersistedBytes]' passed (0.001 seconds).
Test Case '-[GodstoneMeshTests.ReadinessT36Tests testUnapprovedRecipientYieldsTypedDistinctRejections]' started.
Test Case '-[GodstoneMeshTests.ReadinessT36Tests testUnapprovedRecipientYieldsTypedDistinctRejections]' passed (0.001 seconds).
Test Case '-[GodstoneMeshTests.ReadinessT36Tests testW20RacedAcceptorReusethTheWinningRowAndDiscardethTheLosingFrame]' started.
Test Case '-[GodstoneMeshTests.ReadinessT36Tests testW20RacedAcceptorReusethTheWinningRowAndDiscardethTheLosingFrame]' passed (0.002 seconds).
Test Case '-[GodstoneMeshTests.ReadinessT36Tests testW21SequentialRepeatOfTheSameRevisionResolvesToOneLogicalMessage]' started.
Test Case '-[GodstoneMeshTests.ReadinessT36Tests testW21SequentialRepeatOfTheSameRevisionResolvesToOneLogicalMessage]' passed (0.001 seconds).
Test Suite 'ReadinessT36Tests' passed at 2026-10-03 22:33:35.336.
	 Executed 27 tests, with 0 failures (0 unexpected) in 0.075 (0.077) seconds
Test Suite 'GodstoneMeshTests.xctest' passed at 2026-10-03 22:33:35.336.
	 Executed 27 tests, with 0 failures (0 unexpected) in 0.075 (0.077) seconds
Test Suite 'Selected tests' passed at 2026-10-03 22:33:35.336.
	 Executed 27 tests, with 0 failures (0 unexpected) in 0.075 (0.084) seconds
