⚙️  Generating plists...
⚙️  Generating project...
⚙️  Writing project...
Created project at /tmp/board1-rc15-work-final/wt_IOS-SOS-RETRY-001/ios/Godstone.xcodeproj
iOS UI lane: attempted=2 launched=2 raw-rc=1 log=ios-ui-lane.log digest=08b264c7c3e49f2f…
  (*the raw xcodebuild status is EVIDENCE; the verdict comes from `ci/check_lane_results.py`*)

sqlcipher_stage=/var/folders/bg/pd6rztd92f73y6f73sbxdkdc0000gn/T//board1-sqlcipher-ios-simulator
=== scheme LabMeshUI ===
Command line invocation:
    /Applications/Xcode.app/Contents/Developer/usr/bin/xcodebuild -project ios/Godstone.xcodeproj -scheme LabMeshUI -configuration LightDebug -destination "platform=iOS Simulator,name=iPhone 17 Pro Max" CODE_SIGNING_ALLOWED=NO test

Build settings from command line:
    CODE_SIGNING_ALLOWED = NO

Resolve Package Graph


Resolved source packages:
  GodstonePackages: /tmp/board1-rc15-work-final/wt_IOS-SOS-RETRY-001/ios/Godstone

ComputePackagePrebuildTargetDependencyGraph

Prepare packages

CreateBuildRequest

SendProjectDescription

CreateBuildOperation

ComputeTargetDependencyGraph
note: Building targets in dependency order
note: Target dependency graph (6 targets)
    Target 'LabMeshUITests' in project 'Godstone'
        ➜ Explicit dependency on target 'LabMesh' in project 'Godstone'
    Target 'LabMesh' in project 'Godstone'
        ➜ Explicit dependency on target 'GodstoneMesh-product' in project 'GodstonePackages'
        ➜ Explicit dependency on target 'GodstoneCore-product' in project 'GodstonePackages'
    Target 'GodstoneCore-product' in project 'GodstonePackages'
        ➜ Explicit dependency on target 'GodstoneCore' in project 'GodstonePackages'
    Target 'GodstoneMesh-product' in project 'GodstonePackages'
        ➜ Explicit dependency on target 'GodstoneMesh' in project 'GodstonePackages'
        ➜ Explicit dependency on target 'GodstoneCore' in project 'GodstonePackages'
    Target 'GodstoneMesh' in project 'GodstonePackages'
        ➜ Explicit dependency on target 'GodstoneCore' in project 'GodstonePackages'
    Target 'GodstoneCore' in project 'GodstonePackages' (no dependencies)

GatherProvisioningInputs

CreateBuildDescription

ClangStatCache /Applications/Xcode.app/Contents/Developer/Toolchains/XcodeDefault.xctoolchain/usr/bin/clang-stat-cache /Applications/Xcode.app/Contents/Developer/Platforms/iPhoneSimulator.platform/Developer/SDKs/iPhoneSimulator27.0.sdk /Users/oculus/Library/Developer/Xcode/DerivedData/SDKStatCaches.noindex/iphonesimulator27.0-24A430-8dc58220667be655e1bcc261a7455254.sdkstatcache
    cd /tmp/board1-rc15-work-final/wt_IOS-SOS-RETRY-001/ios/Godstone.xcodeproj
    /Applications/Xcode.app/Contents/Developer/Toolchains/XcodeDefault.xctoolchain/usr/bin/clang-stat-cache /Applications/Xcode.app/Contents/Developer/Platforms/iPhoneSimulator.platform/Developer/SDKs/iPhoneSimulator27.0.sdk -o /Users/oculus/Library/Developer/Xcode/DerivedData/SDKStatCaches.noindex/iphonesimulator27.0-24A430-8dc58220667be655e1bcc261a7455254.sdkstatcache

SwiftDriver GodstoneMesh normal arm64 com.apple.xcode.tools.swift.compiler (in target 'GodstoneMesh' from project 'GodstonePackages')
    cd /tmp/board1-rc15-work-final/wt_IOS-SOS-RETRY-001/ios/Godstone.xcodeproj
    builtin-SwiftDriver -- /Applications/Xcode.app/Contents/Developer/Toolchains/XcodeDefault.xctoolchain/usr/bin/swiftc -parse-as-library -module-name GodstoneMesh -Onone @/Users/oculus/Library/Developer/Xcode/DerivedData/Godstone-dcsmxtfyjnmhzrerxihrahaqtdkr/Build/Intermediates.noindex/GodstonePackages.build/LightDebug-iphonesimulator/GodstoneMesh-t.build/Objects-normal/arm64/GodstoneMesh.SwiftFileList -DSWIFT_PACKAGE -DDEBUG -DSWIFT_MODULE_RESOURCE_BUNDLE_UNAVAILABLE -DXcode -plugin-path /Applications/Xcode.app/Contents/Developer/Toolchains/XcodeDefault.xctoolchain/usr/lib/swift/host/plugins/testing -enable-experimental-feature DebugDescriptionMacro -sdk /Applications/Xcode.app/Contents/Developer/Platforms/iPhoneSimulator.platform/Developer/SDKs/iPhoneSimulator27.0.sdk -target arm64-apple-ios16.0-simulator -g -module-cache-path /Users/oculus/Library/Developer/Xcode/DerivedData/ModuleCache.noindex -Xfrontend -serialize-debugging-options -enable-testing -index-store-path /Users/oculus/Library/Developer/Xcode/DerivedData/Godstone-dcsmxtfyjnmhzrerxihrahaqtdkr/Index.noindex/DataStore -Xcc -D_LIBCPP_HARDENING_MODE\=_LIBCPP_HARDENING_MODE_DEBUG -swift-version 5 -I /Users/oculus/Library/Developer/Xcode/DerivedData/Godstone-dcsmxtfyjnmhzrerxihrahaqtdkr/Build/Products/LightDebug-iphonesimulator -Isystem /Applications/Xcode.app/Contents/Developer/Platforms/iPhoneSimulator.platform/Developer/usr/lib -F /Users/oculus/Library/Developer/Xcode/DerivedData/Godstone-dcsmxtfyjnmhzrerxihrahaqtdkr/Build/Products/LightDebug-iphonesimulator/PackageFrameworks -F /Users/oculus/Library/Developer/Xcode/DerivedData/Godstone-dcsmxtfyjnmhzrerxihrahaqtdkr/Build/Products/LightDebug-iphonesimulator -F /Applications/Xcode.app/Contents/Developer/Platforms/iPhoneSimulator.platform/Developer/Library/Frameworks -F /Applications/Xcode.app/Contents/Developer/Platforms/iPhoneSimulator.platform/Developer/SDKs/iPhoneSimulator27.0.sdk/Developer/Library/Frameworks -c -j10 -enable-batch-mode -incremental -Xcc -ivfsstatcache -Xcc /Users/oculus/Library/Developer/Xcode/DerivedData/SDKStatCaches.noindex/iphonesimulator27.0-24A430-8dc58220667be655e1bcc261a7455254.sdkstatcache -output-file-map /Users/oculus/Library/Developer/Xcode/DerivedData/Godstone-dcsmxtfyjnmhzrerxihrahaqtdkr/Build/Intermediates.noindex/GodstonePackages.build/LightDebug-iphonesimulator/GodstoneMesh-t.build/Objects-normal/arm64/GodstoneMesh-OutputFileMap.json -save-temps -no-color-diagnostics -explicit-module-build -module-cache-path /Users/oculus/Library/Developer/Xcode/DerivedData/Godstone-dcsmxtfyjnmhzrerxihrahaqtdkr/Build/Intermediates.noindex/SwiftExplicitPrecompiledModules -clang-scanner-module-cache-path /Users/oculus/Library/Developer/Xcode/DerivedData/ModuleCache.noindex -sdk-module-cache-path /Users/oculus/Library/Developer/Xcode/DerivedData/SDKExplicitPrecompiledModules -emit-dependencies -emit-module -emit-module-path /Users/oculus/Library/Developer/Xcode/DerivedData/Godstone-dcsmxtfyjnmhzrerxihrahaqtdkr/Build/Intermediates.noindex/GodstonePackages.build/LightDebug-iphonesimulator/GodstoneMesh-t.build/Objects-normal/arm64/GodstoneMesh.swiftmodule -serialize-diagnostics -dependency-scan-serialize-diagnostics-path /Users/oculus/Library/Developer/Xcode/DerivedData/Godstone-dcsmxtfyjnmhzrerxihrahaqtdkr/Build/Intermediates.noindex/GodstonePackages.build/LightDebug-iphonesimulator/GodstoneMesh-t.build/Objects-normal/arm64/GodstoneMesh-dependency-scan.dia -validate-clang-modules-once -clang-build-session-file /Users/oculus/Library/Developer/Xcode/DerivedData/ModuleCache.noindex/Session.modulevalidation -Xcc -fmodules-prune-interval\=86400 -Xcc -fmodules-prune-after\=345600 -package-name godstone -emit-const-values -const-gather-protocols-list /Users/oculus/Library/Developer/Xcode/DerivedData/Godstone-dcsmxtfyjnmhzrerxihrahaqtdkr/Build/Intermediates.noindex/GodstonePackages.build/LightDebug-iphonesimulator/GodstoneMesh-t.build/Objects-normal/arm64/GodstoneMesh_const_extract_protocols.json -Xcc -I/Users/oculus/Library/Developer/Xcode/DerivedData/Godstone-dcsmxtfyjnmhzrerxihrahaqtdkr/Build/Products/LightDebug-iphonesimulator/include -Xcc -I/Users/oculus/Library/Developer/Xcode/DerivedData/Godstone-dcsmxtfyjnmhzrerxihrahaqtdkr/Build/Intermediates.noindex/GodstonePackages.build/LightDebug-iphonesimulator/GodstoneMesh-t.build/DerivedSources-normal/arm64 -Xcc -I/Users/oculus/Library/Developer/Xcode/DerivedData/Godstone-dcsmxtfyjnmhzrerxihrahaqtdkr/Build/Intermediates.noindex/GodstonePackages.build/LightDebug-iphonesimulator/GodstoneMesh-t.build/DerivedSources/arm64 -Xcc -I/Users/oculus/Library/Developer/Xcode/DerivedData/Godstone-dcsmxtfyjnmhzrerxihrahaqtdkr/Build/Intermediates.noindex/GodstonePackages.build/LightDebug-iphonesimulator/GodstoneMesh-t.build/DerivedSources -Xcc -DSWIFT_PACKAGE -Xcc -DDEBUG\=1 -emit-objc-header -emit-objc-header-path /Users/oculus/Library/Developer/Xcode/DerivedData/Godstone-dcsmxtfyjnmhzrerxihrahaqtdkr/Build/Intermediates.noindex/GodstonePackages.build/LightDebug-iphonesimulator/GodstoneMesh-t.build/Objects-normal/arm64/GodstoneMesh-Swift.h -working-directory /tmp/board1-rc15-work-final/wt_IOS-SOS-RETRY-001/ios/Godstone.xcodeproj -experimental-emit-module-separately -disable-cmo

SwiftEmitModule normal arm64 Emitting\ module\ for\ GodstoneMesh (in target 'GodstoneMesh' from project 'GodstonePackages')
/private/tmp/board1-rc15-work-final/wt_IOS-SOS-RETRY-001/ios/Godstone/Sources/GodstoneMesh/BleTransport.swift:8:16: warning: stored property 'peripheral' of 'Sendable'-conforming struct 'OutboundPhysicalLifetime' contains non-Sendable type 'CBPeripheral'; this is an error in the Swift 6 language mode
   6 |     public let relationKey: RelationKey
   7 |     public let transportEpoch: UInt64
   8 |     public let peripheral: CBPeripheral?
     |                `- warning: stored property 'peripheral' of 'Sendable'-conforming struct 'OutboundPhysicalLifetime' contains non-Sendable type 'CBPeripheral'; this is an error in the Swift 6 language mode
   9 | 
  10 |     public init(relationKey: RelationKey, transportEpoch: UInt64, peripheral: CBPeripheral? = nil) {

/Applications/Xcode.app/Contents/Developer/Platforms/iPhoneSimulator.platform/Developer/SDKs/iPhoneSimulator27.0.sdk/System/Library/Frameworks/CoreBluetooth.framework/Headers/CBPeripheral.h:66:28: note: class 'CBPeripheral' does not conform to the 'Sendable' protocol
 64 |  */
 65 | NS_CLASS_AVAILABLE(10_7, 5_0)
 66 | CB_EXTERN_CLASS @interface CBPeripheral : CBPeer
    |                            `- note: class 'CBPeripheral' does not conform to the 'Sendable' protocol
 67 | 
 68 | /*!

/private/tmp/board1-rc15-work-final/wt_IOS-SOS-RETRY-001/ios/Godstone/Sources/GodstoneMesh/BleTransport.swift:2:1: warning: add '@preconcurrency' to suppress 'Sendable'-related warnings from module 'CoreBluetooth' [#AddPreconcurrencyImport]
   1 | import Foundation
   2 | import CoreBluetooth
     | `- warning: add '@preconcurrency' to suppress 'Sendable'-related warnings from module 'CoreBluetooth' [#AddPreconcurrencyImport]
   3 | import GodstoneCore
   4 | 

/private/tmp/board1-rc15-work-final/wt_IOS-SOS-RETRY-001/ios/Godstone/Sources/GodstoneMesh/BleTransport.swift:32:16: warning: stored property 'characteristicUuid' of 'Sendable'-conforming struct 'InboxSubscription' has non-Sendable type 'CBUUID'; this is an error in the Swift 6 language mode
  30 | /// subscription. Presented by the subscribe callback, held with the lease.
  31 | public struct InboxSubscription: Equatable, Sendable {
  32 |     public let characteristicUuid: CBUUID
     |                `- warning: stored property 'characteristicUuid' of 'Sendable'-conforming struct 'InboxSubscription' has non-Sendable type 'CBUUID'; this is an error in the Swift 6 language mode
  33 |     public let maxUpdateLength: Int
  34 | 

/Applications/Xcode.app/Contents/Developer/Platforms/iPhoneSimulator.platform/Developer/SDKs/iPhoneSimulator27.0.sdk/System/Library/Frameworks/CoreBluetooth.framework/Headers/CBUUID.h:85:28: note: class 'CBUUID' does not conform to the 'Sendable' protocol
 83 |  */
 84 | NS_CLASS_AVAILABLE(10_7, 5_0)
 85 | CB_EXTERN_CLASS @interface CBUUID : NSObject <NSCopying>
    |                            `- note: class 'CBUUID' does not conform to the 'Sendable' protocol
 86 | 
 87 | /*!

/private/tmp/board1-rc15-work-final/wt_IOS-SOS-RETRY-001/ios/Godstone/Sources/GodstoneMesh/BleTransport.swift:48:16: warning: stored property 'retainedCentral' of 'Sendable'-conforming struct 'InboundSubscriptionLifetime' contains non-Sendable type 'CBCentral'; this is an error in the Swift 6 language mode
  46 |     /// this handle - never through a fresh lookup of the subscriber list,
  47 |     /// which a reused identity could have renewed in the meantime.
  48 |     public let retainedCentral: CBCentral?
     |                `- warning: stored property 'retainedCentral' of 'Sendable'-conforming struct 'InboundSubscriptionLifetime' contains non-Sendable type 'CBCentral'; this is an error in the Swift 6 language mode
  49 |     /// The inbox subscription this lease stands for, as presented by the
  50 |     /// callback; nil while the subscription was not distinguishable.

/Applications/Xcode.app/Contents/Developer/Platforms/iPhoneSimulator.platform/Developer/SDKs/iPhoneSimulator27.0.sdk/System/Library/Frameworks/CoreBluetooth.framework/Headers/CBCentral.h:28:28: note: class 'CBCentral' does not conform to the 'Sendable' protocol
26 |  */
27 | NS_CLASS_AVAILABLE(10_9, 6_0)
28 | CB_EXTERN_CLASS @interface CBCentral : CBPeer
   |                            `- note: class 'CBCentral' does not conform to the 'Sendable' protocol
29 | 
30 | /*!

/private/tmp/board1-rc15-work-final/wt_IOS-SOS-RETRY-001/ios/Godstone/Sources/GodstoneMesh/BleTransport.swift:123:5: warning: 'public' modifier is redundant for property declared in a public extension
 121 | 
 122 | public extension TransportManagerFactory {
 123 |     public var admissionBudgetOverride: Int? { return nil }
     |     `- warning: 'public' modifier is redundant for property declared in a public extension
 124 | }
 125 | 

/private/tmp/board1-rc15-work-final/wt_IOS-SOS-RETRY-001/ios/Godstone/Sources/GodstoneMesh/BleTransport.swift:550:9: warning: stored property 'timer' of 'Sendable'-conforming struct 'TimerLease' has non-Sendable type 'Timer'; this is an error in the Swift 6 language mode
 548 |     public let deadlineUptimeMillis: UInt64
 549 |     public let handle: TimerKey
 550 |     let timer: Timer
     |         `- warning: stored property 'timer' of 'Sendable'-conforming struct 'TimerLease' has non-Sendable type 'Timer'; this is an error in the Swift 6 language mode
 551 |     let context: ManagerContext?
 552 | 

/Applications/Xcode.app/Contents/Developer/Platforms/iPhoneSimulator.platform/Developer/SDKs/iPhoneSimulator27.0.sdk/System/Library/Frameworks/Foundation.framework/Headers/NSTimer.h:45:12: note: class 'Timer' does not conform to the 'Sendable' protocol
 43 | ///
 44 | /// Do not subclass ``Timer``.
 45 | @interface NSTimer : NSObject
    |            `- note: class 'Timer' does not conform to the 'Sendable' protocol
 46 | 
 47 | /// Initializes a timer object with the specified invocation object.

/private/tmp/board1-rc15-work-final/wt_IOS-SOS-RETRY-001/ios/Godstone/Sources/GodstoneMesh/BoundRecipientKeyResolver.swift:11:1: warning: conformance to 'Sendable' must occur in the same source file as class 'PeerIdentityRepository'; use '@unchecked Sendable' for retroactive conformance; this is an error in the Swift 6 language mode
 9 | }
10 | 
11 | extension PeerIdentityRepository: PeerIdentityLookupSource {}
   | `- warning: conformance to 'Sendable' must occur in the same source file as class 'PeerIdentityRepository'; use '@unchecked Sendable' for retroactive conformance; this is an error in the Swift 6 language mode
12 | 
13 | /// Read-only durable peer-identity -> ACK signing-key resolver (ADR-003, Phase C8.3).

/private/tmp/board1-rc15-work-final/wt_IOS-SOS-RETRY-001/ios/Godstone/Sources/GodstoneMesh/PeerIdentityRepository.swift:114:17: warning: stored property 'store' of 'Sendable'-conforming class 'PeerIdentityRepository' has non-Sendable type 'any PeerIdentityStore'; this is an error in the Swift 6 language mode
112 | /// and post-mutation readback verification (ADR-003, Phase C8.2B).
113 | internal final class PeerIdentityRepository {
114 |     private let store: PeerIdentityStore
    |                 `- warning: stored property 'store' of 'Sendable'-conforming class 'PeerIdentityRepository' has non-Sendable type 'any PeerIdentityStore'; this is an error in the Swift 6 language mode
115 | 
116 |     init(store: PeerIdentityStore) {

/private/tmp/board1-rc15-work-final/wt_IOS-SOS-RETRY-001/ios/Godstone/Sources/GodstoneMesh/PeerIdentityStore.swift:223:19: note: protocol 'PeerIdentityStore' does not conform to the 'Sendable' protocol
 221 | 
 222 | /// Storage protocol for peer identity repository backend (ADR-003, Phase C8.2B).
 223 | internal protocol PeerIdentityStore: AnyObject {
     |                   `- note: protocol 'PeerIdentityStore' does not conform to the 'Sendable' protocol
 224 |     func inImmediateTransaction<T>(_ block: (PeerIdentityStore) throws -> T) throws -> T
 225 | 

/private/tmp/board1-rc15-work-final/wt_IOS-SOS-RETRY-001/ios/Godstone/Sources/GodstoneMesh/LabRuntime.swift:1918:17: warning: stored property 'trustStore' of 'Sendable'-conforming struct 'LabEstateSeam' contains non-Sendable type 'SqlitePeerIdentityStore'; this is an error in the Swift 6 language mode
1916 |     private let paths: [String: URL]
1917 |     private let drain: LabEstateDrainSeam?
1918 |     private let trustStore: SqlitePeerIdentityStore?
     |                 `- warning: stored property 'trustStore' of 'Sendable'-conforming struct 'LabEstateSeam' contains non-Sendable type 'SqlitePeerIdentityStore'; this is an error in the Swift 6 language mode
1919 |     internal let keychain: any LocalIdentityKeychain = HarnessIdentityKeychain()
1920 |     /// The lab carries no encrypted private store (its stores are plaintext files under Application Support), so

/private/tmp/board1-rc15-work-final/wt_IOS-SOS-RETRY-001/ios/Godstone/Sources/GodstoneMesh/PeerIdentityStore.swift:288:22: note: class 'SqlitePeerIdentityStore' does not conform to the 'Sendable' protocol
 286 | 
 287 | /// Production SQLite-backed peer identity store with fixed FileProtectionType.complete (ADR-003, Phase C8.2B).
 288 | internal final class SqlitePeerIdentityStore: PeerIdentityStore {
     |                      `- note: class 'SqlitePeerIdentityStore' does not conform to the 'Sendable' protocol
 289 |     private var handle: OpaquePointer?
 290 | 

/private/tmp/board1-rc15-work-final/wt_IOS-SOS-RETRY-001/ios/Godstone/Sources/GodstoneMesh/LabRuntime.swift:1922:18: warning: stored property 'dekProvider' of 'Sendable'-conforming struct 'LabEstateSeam' contains non-Sendable type 'any PrivateStoreKeyProvider'; this is an error in the Swift 6 language mode
1920 |     /// The lab carries no encrypted private store (its stores are plaintext files under Application Support), so
1921 |     /// there is no DEK to erase and the vault answereth `.absent` -- the tri-state doctrine's own honest word.
1922 |     internal let dekProvider: (any PrivateStoreKeyProvider)? = nil
     |                  `- warning: stored property 'dekProvider' of 'Sendable'-conforming struct 'LabEstateSeam' contains non-Sendable type 'any PrivateStoreKeyProvider'; this is an error in the Swift 6 language mode
1923 | 
1924 |     /// - Parameters:

/private/tmp/board1-rc15-work-final/wt_IOS-SOS-RETRY-001/ios/Godstone/Sources/GodstoneMesh/PrivateStoreKeyProvider.swift:66:17: note: protocol 'PrivateStoreKeyProvider' does not conform to the 'Sendable' protocol
 64 | /// `DefaultPrivateStoreKeyProvider`; the court injects a fake to drive wrong-DEK,
 65 | /// Keychain-unavailable, locked-device and protection-failure decisions on the host.
 66 | public protocol PrivateStoreKeyProvider: AnyObject {
    |                 `- note: protocol 'PrivateStoreKeyProvider' does not conform to the 'Sendable' protocol
 67 |     /// The pinned DEK length in bytes (AES-256).
 68 |     var dekByteCount: Int { get }

/private/tmp/board1-rc15-work-final/wt_IOS-SOS-RETRY-001/ios/Godstone/Sources/GodstoneMesh/MeshRuntime.swift:1269:17: warning: no calls to throwing functions occur within 'try' expression [#UnnecessaryEffectMarker]
1267 |             invalidateRuntime: { [invalidator, messageStore, peerIdentityStore,
1268 |                                  adoptedMessageConnection, adoptedPeerConnection] in
1269 |                 try invalidator.invalidateForWipe()
     |                 `- warning: no calls to throwing functions occur within 'try' expression [#UnnecessaryEffectMarker]
1270 |                 messageStore.close()
1271 |                 peerIdentityStore.close()

/private/tmp/board1-rc15-work-final/wt_IOS-SOS-RETRY-001/ios/Godstone/Sources/GodstoneMesh/MeshRuntime.swift:1488:13: warning: stored property 'dekProvider' of 'Sendable'-conforming struct 'DefaultRecoveryEstate' contains non-Sendable type 'any PrivateStoreKeyProvider'; this is an error in the Swift 6 language mode
1486 |         let peerStoreUrl: URL
1487 |         let keychain: any LocalIdentityKeychain
1488 |         let dekProvider: (any PrivateStoreKeyProvider)?
     |             `- warning: stored property 'dekProvider' of 'Sendable'-conforming struct 'DefaultRecoveryEstate' contains non-Sendable type 'any PrivateStoreKeyProvider'; this is an error in the Swift 6 language mode
1489 |         /// The composition's ONE owner registry; the production recovery road drains and closes through IT.
1490 |         let registry: EstateOwnerRegistry

/private/tmp/board1-rc15-work-final/wt_IOS-SOS-RETRY-001/ios/Godstone/Sources/GodstoneMesh/PrivateStoreKeyProvider.swift:66:17: note: protocol 'PrivateStoreKeyProvider' does not conform to the 'Sendable' protocol
 64 | /// `DefaultPrivateStoreKeyProvider`; the court injects a fake to drive wrong-DEK,
 65 | /// Keychain-unavailable, locked-device and protection-failure decisions on the host.
 66 | public protocol PrivateStoreKeyProvider: AnyObject {
    |                 `- note: protocol 'PrivateStoreKeyProvider' does not conform to the 'Sendable' protocol
 67 |     /// The pinned DEK length in bytes (AES-256).
 68 |     var dekByteCount: Int { get }

/private/tmp/board1-rc15-work-final/wt_IOS-SOS-RETRY-001/ios/Godstone/Sources/GodstoneMesh/MeshRuntime.swift:1493:13: warning: stored property 'liveTransportSeam' of 'Sendable'-conforming struct 'DefaultRecoveryEstate' contains non-Sendable type 'any TransportRuntimeSeam'; this is an error in the Swift 6 language mode
1491 |         /// The runtime's live transport seam, when one is running; `nil` at create time, where the registry's own
1492 |         /// positive cold proof is what the drain rung stands on.
1493 |         let liveTransportSeam: TransportRuntimeSeam?
     |             `- warning: stored property 'liveTransportSeam' of 'Sendable'-conforming struct 'DefaultRecoveryEstate' contains non-Sendable type 'any TransportRuntimeSeam'; this is an error in the Swift 6 language mode
1494 |         /// The runtime's owner invalidation/close hook, carried across rather than dropped.
1495 |         let invalidateLiveOwners: () -> Void

/private/tmp/board1-rc15-work-final/wt_IOS-SOS-RETRY-001/ios/Godstone/Sources/GodstoneMesh/CrashResumableWipe.swift:203:17: note: protocol 'TransportRuntimeSeam' does not conform to the 'Sendable' protocol
201 | }
202 | 
203 | public protocol TransportRuntimeSeam: AnyObject {
    |                 `- note: protocol 'TransportRuntimeSeam' does not conform to the 'Sendable' protocol
204 |     func drainTransport() -> RuntimeDrainReceipt
205 |     /// Whether THIS process lifetime has drained the transport; a reboot starts un-quiesced.

/private/tmp/board1-rc15-work-final/wt_IOS-SOS-RETRY-001/ios/Godstone/Sources/GodstoneMesh/MeshRuntime.swift:1495:13: warning: stored property 'invalidateLiveOwners' of 'Sendable'-conforming struct 'DefaultRecoveryEstate' has non-Sendable type '() -> ()'; this is an error in the Swift 6 language mode
1493 |         let liveTransportSeam: TransportRuntimeSeam?
1494 |         /// The runtime's owner invalidation/close hook, carried across rather than dropped.
1495 |         let invalidateLiveOwners: () -> Void
     |             |- warning: stored property 'invalidateLiveOwners' of 'Sendable'-conforming struct 'DefaultRecoveryEstate' has non-Sendable type '() -> ()'; this is an error in the Swift 6 language mode
     |             `- note: a function type must be marked '@Sendable' to conform to 'Sendable'
1496 |         internal init(messageStoreUrl: URL, peerStoreUrl: URL,
1497 |                       keychain: any LocalIdentityKeychain,

/private/tmp/board1-rc15-work-final/wt_IOS-SOS-RETRY-001/ios/Godstone/Sources/GodstoneMesh/MessageStore.swift:66:10: warning: associated value 'created' of 'Sendable'-conforming enum 'OutboundEnqueueResult' has non-Sendable type 'FrameV2'; this is an error in the Swift 6 language mode
  64 | public enum OutboundEnqueueResult: Sendable, Equatable {
  65 |     /// A new DIRECT message was atomically persisted in held_frames and delivery_state (QUEUED_DURABLY).
  66 |     case created(FrameV2)
     |          `- warning: associated value 'created' of 'Sendable'-conforming enum 'OutboundEnqueueResult' has non-Sendable type 'FrameV2'; this is an error in the Swift 6 language mode
  67 |     /// An idempotent retry of the SAME logical message with matching SINGLE_RECIPIENT binding and exact canonical frame.
  68 |     case alreadyQueuedSameBinding(FrameV2)

/private/tmp/board1-rc15-work-final/wt_IOS-SOS-RETRY-001/ios/Godstone/Sources/GodstoneMesh/WireV2.swift:7:15: note: consider making struct 'FrameV2' conform to the 'Sendable' protocol
  5 | 
  6 | /// GMP/2 frame. Header is 32 bytes, big-endian.
  7 | public struct FrameV2: Equatable {
    |               `- note: consider making struct 'FrameV2' conform to the 'Sendable' protocol
  8 |     public static let magic: UInt16 = 0x4753
  9 |     public static let version: UInt8 = 0x02

/private/tmp/board1-rc15-work-final/wt_IOS-SOS-RETRY-001/ios/Godstone/Sources/GodstoneMesh/MessageStore.swift:68:10: warning: associated value 'alreadyQueuedSameBinding' of 'Sendable'-conforming enum 'OutboundEnqueueResult' has non-Sendable type 'FrameV2'; this is an error in the Swift 6 language mode
  66 |     case created(FrameV2)
  67 |     /// An idempotent retry of the SAME logical message with matching SINGLE_RECIPIENT binding and exact canonical frame.
  68 |     case alreadyQueuedSameBinding(FrameV2)
     |          `- warning: associated value 'alreadyQueuedSameBinding' of 'Sendable'-conforming enum 'OutboundEnqueueResult' has non-Sendable type 'FrameV2'; this is an error in the Swift 6 language mode
  69 |     /// A held frame exists with matching msg_id but its fields/content differ from requested frame.
  70 |     case canonicalFrameMismatch

/private/tmp/board1-rc15-work-final/wt_IOS-SOS-RETRY-001/ios/Godstone/Sources/GodstoneMesh/WireV2.swift:7:15: note: consider making struct 'FrameV2' conform to the 'Sendable' protocol
  5 | 
  6 | /// GMP/2 frame. Header is 32 bytes, big-endian.
  7 | public struct FrameV2: Equatable {
    |               `- note: consider making struct 'FrameV2' conform to the 'Sendable' protocol
  8 |     public static let magic: UInt16 = 0x4753
  9 |     public static let version: UInt8 = 0x02

/private/tmp/board1-rc15-work-final/wt_IOS-SOS-RETRY-001/ios/Godstone/Sources/GodstoneMesh/SchemaMigration.swift:78:16: warning: stored property 'apply' of 'Sendable'-conforming struct 'MigrationStep' contains non-Sendable type '(any MigrationExecutor) -> ()'; this is an error in the Swift 6 language mode
 76 |     public let to: Int
 77 |     public let statements: [String]
 78 |     public let apply: MigrationApply?
    |                |- warning: stored property 'apply' of 'Sendable'-conforming struct 'MigrationStep' contains non-Sendable type '(any MigrationExecutor) -> ()'; this is an error in the Swift 6 language mode
    |                `- note: a function type must be marked '@Sendable' to conform to 'Sendable'
 79 |     public init(from: Int, to: Int, statements: [String], apply: MigrationApply? = nil) { self.from = from; self.to = to; self.statements = statements; self.apply = apply }
 80 | }


SwiftCompile normal arm64 (in target 'GodstoneMesh' from project 'GodstonePackages')
    cd /tmp/board1-rc15-work-final/wt_IOS-SOS-RETRY-001/ios/Godstone.xcodeproj
    

/private/tmp/board1-rc15-work-final/wt_IOS-SOS-RETRY-001/ios/Godstone/Sources/GodstoneMesh/SosCommand.swift:44:16: warning: stored property 'frame' of 'Sendable'-conforming struct 'ActiveSos' has non-Sendable type 'FrameV2'; this is an error in the Swift 6 language mode
 42 |     public let msgId: Data
 43 |     public let state: DeliveryState
 44 |     public let frame: FrameV2
    |                `- warning: stored property 'frame' of 'Sendable'-conforming struct 'ActiveSos' has non-Sendable type 'FrameV2'; this is an error in the Swift 6 language mode
 45 |     /// When this node committed the pair, when it remembers; nil when the
 46 |     /// tables cannot name the instant (honest silence over a fabricated clock).

/private/tmp/board1-rc15-work-final/wt_IOS-SOS-RETRY-001/ios/Godstone/Sources/GodstoneMesh/WireV2.swift:7:15: note: consider making struct 'FrameV2' conform to the 'Sendable' protocol
  5 | 
  6 | /// GMP/2 frame. Header is 32 bytes, big-endian.
  7 | public struct FrameV2: Equatable {
    |               `- note: consider making struct 'FrameV2' conform to the 'Sendable' protocol
  8 |     public static let magic: UInt16 = 0x4753
  9 |     public static let version: UInt8 = 0x02

/private/tmp/board1-rc15-work-final/wt_IOS-SOS-RETRY-001/ios/Godstone/Sources/GodstoneMesh/SyncControlOwner.swift:42:14: warning: associated value 'answered(frame:)' of 'Sendable'-conforming enum 'OwnerDecision' contains non-Sendable type 'FrameV2'; this is an error in the Swift 6 language mode
 40 |         case ignored(reason: String)
 41 |         case refused(reason: String)
 42 |         case answered(frame: FrameV2)
    |              `- warning: associated value 'answered(frame:)' of 'Sendable'-conforming enum 'OwnerDecision' contains non-Sendable type 'FrameV2'; this is an error in the Swift 6 language mode
 43 |         case delivered(frames: [FrameV2])
 44 |     }

/private/tmp/board1-rc15-work-final/wt_IOS-SOS-RETRY-001/ios/Godstone/Sources/GodstoneMesh/WireV2.swift:7:15: note: consider making struct 'FrameV2' conform to the 'Sendable' protocol
  5 | 
  6 | /// GMP/2 frame. Header is 32 bytes, big-endian.
  7 | public struct FrameV2: Equatable {
    |               `- note: consider making struct 'FrameV2' conform to the 'Sendable' protocol
  8 |     public static let magic: UInt16 = 0x4753
  9 |     public static let version: UInt8 = 0x02

/private/tmp/board1-rc15-work-final/wt_IOS-SOS-RETRY-001/ios/Godstone/Sources/GodstoneMesh/SyncControlOwner.swift:43:14: warning: associated value 'delivered(frames:)' of 'Sendable'-conforming enum 'OwnerDecision' contains non-Sendable type 'FrameV2'; this is an error in the Swift 6 language mode
 41 |         case refused(reason: String)
 42 |         case answered(frame: FrameV2)
 43 |         case delivered(frames: [FrameV2])
    |              `- warning: associated value 'delivered(frames:)' of 'Sendable'-conforming enum 'OwnerDecision' contains non-Sendable type 'FrameV2'; this is an error in the Swift 6 language mode
 44 |     }
 45 | 

/private/tmp/board1-rc15-work-final/wt_IOS-SOS-RETRY-001/ios/Godstone/Sources/GodstoneMesh/WireV2.swift:7:15: note: consider making struct 'FrameV2' conform to the 'Sendable' protocol
  5 | 
  6 | /// GMP/2 frame. Header is 32 bytes, big-endian.
  7 | public struct FrameV2: Equatable {
    |               `- note: consider making struct 'FrameV2' conform to the 'Sendable' protocol
  8 |     public static let magic: UInt16 = 0x4753
  9 |     public static let version: UInt8 = 0x02

/private/tmp/board1-rc15-work-final/wt_IOS-SOS-RETRY-001/ios/Godstone/Sources/GodstoneMesh/SyncPump.swift:46:16: warning: stored property 'frame' of 'Sendable'-conforming struct 'ForwardCopy' has non-Sendable type 'FrameV2'; this is an error in the Swift 6 language mode
 44 | /// exactly once -- and every retry re-emiteth these exact bytes.
 45 | public struct ForwardCopy: Equatable, Sendable {
 46 |     public let frame: FrameV2
    |                `- warning: stored property 'frame' of 'Sendable'-conforming struct 'ForwardCopy' has non-Sendable type 'FrameV2'; this is an error in the Swift 6 language mode
 47 |     /// The immediate hop it arrived from, which is never offered it back.
 48 |     public let fromPeer: Data?

/private/tmp/board1-rc15-work-final/wt_IOS-SOS-RETRY-001/ios/Godstone/Sources/GodstoneMesh/WireV2.swift:7:15: note: consider making struct 'FrameV2' conform to the 'Sendable' protocol
  5 | 
  6 | /// GMP/2 frame. Header is 32 bytes, big-endian.
  7 | public struct FrameV2: Equatable {
    |               `- note: consider making struct 'FrameV2' conform to the 'Sendable' protocol
  8 |     public static let magic: UInt16 = 0x4753
  9 |     public static let version: UInt8 = 0x02

/private/tmp/board1-rc15-work-final/wt_IOS-SOS-RETRY-001/ios/Godstone/Sources/GodstoneMesh/TrustedHandshakeController.swift:39:9: warning: stored property 'noiseSession' of 'Sendable'-conforming struct 'DefaultHs3Writer' has non-Sendable type 'NoiseSession'; this is an error in the Swift 6 language mode
 37 | 
 38 | internal struct DefaultHs3Writer: Hs3Writer {
 39 |     let noiseSession: NoiseSession
    |         `- warning: stored property 'noiseSession' of 'Sendable'-conforming struct 'DefaultHs3Writer' has non-Sendable type 'NoiseSession'; this is an error in the Swift 6 language mode
 40 |     func writeHs3(payload: Data) throws -> Data {
 41 |         try noiseSession.writeMessage3(payload: payload)

/private/tmp/board1-rc15-work-final/wt_IOS-SOS-RETRY-001/ios/Godstone/Sources/GodstoneMesh/NoiseSession.swift:48:20: note: class 'NoiseSession' does not conform to the 'Sendable' protocol
 46 | }
 47 | 
 48 | public final class NoiseSession {
    |                    `- note: class 'NoiseSession' does not conform to the 'Sendable' protocol
 49 | 
 50 |     public enum Role { case initiator, responder }

[#AddPreconcurrencyImport]: <https://docs.swift.org/compiler/documentation/diagnostics/add-preconcurrency-import>
[#UnnecessaryEffectMarker]: <https://docs.swift.org/compiler/documentation/diagnostics/unnecessary-effect-marker>
SwiftCompile normal arm64 Compiling\ SQLCipherTrustedExpectation.swift /private/tmp/board1-rc15-work-final/wt_IOS-SOS-RETRY-001/ios/Godstone/Sources/GodstoneMesh/SQLCipherTrustedExpectation.swift (in target 'GodstoneMesh' from project 'GodstonePackages')

SwiftCompile normal arm64 /private/tmp/board1-rc15-work-final/wt_IOS-SOS-RETRY-001/ios/Godstone/Sources/GodstoneMesh/SQLCipherTrustedExpectation.swift (in target 'GodstoneMesh' from project 'GodstonePackages')
    cd /tmp/board1-rc15-work-final/wt_IOS-SOS-RETRY-001/ios/Godstone.xcodeproj
    builtin-SwiftPerFileCompile SQLCipherTrustedExpectation.swift

SwiftDriverJobDiscovery normal arm64 Compiling SQLCipherTrustedExpectation.swift (in target 'GodstoneMesh' from project 'GodstonePackages')

SwiftDriverJobDiscovery normal arm64 Emitting module for GodstoneMesh (in target 'GodstoneMesh' from project 'GodstonePackages')

SwiftDriver\ Compilation\ Requirements GodstoneMesh normal arm64 com.apple.xcode.tools.swift.compiler (in target 'GodstoneMesh' from project 'GodstonePackages')
    cd /tmp/board1-rc15-work-final/wt_IOS-SOS-RETRY-001/ios/Godstone.xcodeproj
    builtin-Swift-Compilation-Requirements -- /Applications/Xcode.app/Contents/Developer/Toolchains/XcodeDefault.xctoolchain/usr/bin/swiftc -parse-as-library -module-name GodstoneMesh -Onone @/Users/oculus/Library/Developer/Xcode/DerivedData/Godstone-dcsmxtfyjnmhzrerxihrahaqtdkr/Build/Intermediates.noindex/GodstonePackages.build/LightDebug-iphonesimulator/GodstoneMesh-t.build/Objects-normal/arm64/GodstoneMesh.SwiftFileList -DSWIFT_PACKAGE -DDEBUG -DSWIFT_MODULE_RESOURCE_BUNDLE_UNAVAILABLE -DXcode -plugin-path /Applications/Xcode.app/Contents/Developer/Toolchains/XcodeDefault.xctoolchain/usr/lib/swift/host/plugins/testing -enable-experimental-feature DebugDescriptionMacro -sdk /Applications/Xcode.app/Contents/Developer/Platforms/iPhoneSimulator.platform/Developer/SDKs/iPhoneSimulator27.0.sdk -target arm64-apple-ios16.0-simulator -g -module-cache-path /Users/oculus/Library/Developer/Xcode/DerivedData/ModuleCache.noindex -Xfrontend -serialize-debugging-options -enable-testing -index-store-path /Users/oculus/Library/Developer/Xcode/DerivedData/Godstone-dcsmxtfyjnmhzrerxihrahaqtdkr/Index.noindex/DataStore -Xcc -D_LIBCPP_HARDENING_MODE\=_LIBCPP_HARDENING_MODE_DEBUG -swift-version 5 -I /Users/oculus/Library/Developer/Xcode/DerivedData/Godstone-dcsmxtfyjnmhzrerxihrahaqtdkr/Build/Products/LightDebug-iphonesimulator -Isystem /Applications/Xcode.app/Contents/Developer/Platforms/iPhoneSimulator.platform/Developer/usr/lib -F /Users/oculus/Library/Developer/Xcode/DerivedData/Godstone-dcsmxtfyjnmhzrerxihrahaqtdkr/Build/Products/LightDebug-iphonesimulator/PackageFrameworks -F /Users/oculus/Library/Developer/Xcode/DerivedData/Godstone-dcsmxtfyjnmhzrerxihrahaqtdkr/Build/Products/LightDebug-iphonesimulator -F /Applications/Xcode.app/Contents/Developer/Platforms/iPhoneSimulator.platform/Developer/Library/Frameworks -F /Applications/Xcode.app/Contents/Developer/Platforms/iPhoneSimulator.platform/Developer/SDKs/iPhoneSimulator27.0.sdk/Developer/Library/Frameworks -c -j10 -enable-batch-mode -incremental -Xcc -ivfsstatcache -Xcc /Users/oculus/Library/Developer/Xcode/DerivedData/SDKStatCaches.noindex/iphonesimulator27.0-24A430-8dc58220667be655e1bcc261a7455254.sdkstatcache -output-file-map /Users/oculus/Library/Developer/Xcode/DerivedData/Godstone-dcsmxtfyjnmhzrerxihrahaqtdkr/Build/Intermediates.noindex/GodstonePackages.build/LightDebug-iphonesimulator/GodstoneMesh-t.build/Objects-normal/arm64/GodstoneMesh-OutputFileMap.json -save-temps -no-color-diagnostics -explicit-module-build -module-cache-path /Users/oculus/Library/Developer/Xcode/DerivedData/Godstone-dcsmxtfyjnmhzrerxihrahaqtdkr/Build/Intermediates.noindex/SwiftExplicitPrecompiledModules -clang-scanner-module-cache-path /Users/oculus/Library/Developer/Xcode/DerivedData/ModuleCache.noindex -sdk-module-cache-path /Users/oculus/Library/Developer/Xcode/DerivedData/SDKExplicitPrecompiledModules -emit-dependencies -emit-module -emit-module-path /Users/oculus/Library/Developer/Xcode/DerivedData/Godstone-dcsmxtfyjnmhzrerxihrahaqtdkr/Build/Intermediates.noindex/GodstonePackages.build/LightDebug-iphonesimulator/GodstoneMesh-t.build/Objects-normal/arm64/GodstoneMesh.swiftmodule -serialize-diagnostics -dependency-scan-serialize-diagnostics-path /Users/oculus/Library/Developer/Xcode/DerivedData/Godstone-dcsmxtfyjnmhzrerxihrahaqtdkr/Build/Intermediates.noindex/GodstonePackages.build/LightDebug-iphonesimulator/GodstoneMesh-t.build/Objects-normal/arm64/GodstoneMesh-dependency-scan.dia -validate-clang-modules-once -clang-build-session-file /Users/oculus/Library/Developer/Xcode/DerivedData/ModuleCache.noindex/Session.modulevalidation -Xcc -fmodules-prune-interval\=86400 -Xcc -fmodules-prune-after\=345600 -package-name godstone -emit-const-values -const-gather-protocols-list /Users/oculus/Library/Developer/Xcode/DerivedData/Godstone-dcsmxtfyjnmhzrerxihrahaqtdkr/Build/Intermediates.noindex/GodstonePackages.build/LightDebug-iphonesimulator/GodstoneMesh-t.build/Objects-normal/arm64/GodstoneMesh_const_extract_protocols.json -Xcc -I/Users/oculus/Library/Developer/Xcode/DerivedData/Godstone-dcsmxtfyjnmhzrerxihrahaqtdkr/Build/Products/LightDebug-iphonesimulator/include -Xcc -I/Users/oculus/Library/Developer/Xcode/DerivedData/Godstone-dcsmxtfyjnmhzrerxihrahaqtdkr/Build/Intermediates.noindex/GodstonePackages.build/LightDebug-iphonesimulator/GodstoneMesh-t.build/DerivedSources-normal/arm64 -Xcc -I/Users/oculus/Library/Developer/Xcode/DerivedData/Godstone-dcsmxtfyjnmhzrerxihrahaqtdkr/Build/Intermediates.noindex/GodstonePackages.build/LightDebug-iphonesimulator/GodstoneMesh-t.build/DerivedSources/arm64 -Xcc -I/Users/oculus/Library/Developer/Xcode/DerivedData/Godstone-dcsmxtfyjnmhzrerxihrahaqtdkr/Build/Intermediates.noindex/GodstonePackages.build/LightDebug-iphonesimulator/GodstoneMesh-t.build/DerivedSources -Xcc -DSWIFT_PACKAGE -Xcc -DDEBUG\=1 -emit-objc-header -emit-objc-header-path /Users/oculus/Library/Developer/Xcode/DerivedData/Godstone-dcsmxtfyjnmhzrerxihrahaqtdkr/Build/Intermediates.noindex/GodstonePackages.build/LightDebug-iphonesimulator/GodstoneMesh-t.build/Objects-normal/arm64/GodstoneMesh-Swift.h -working-directory /tmp/board1-rc15-work-final/wt_IOS-SOS-RETRY-001/ios/Godstone.xcodeproj -experimental-emit-module-separately -disable-cmo

SwiftDriver\ Compilation GodstoneMesh normal arm64 com.apple.xcode.tools.swift.compiler (in target 'GodstoneMesh' from project 'GodstonePackages')
    cd /tmp/board1-rc15-work-final/wt_IOS-SOS-RETRY-001/ios/Godstone.xcodeproj
    builtin-Swift-Compilation -- /Applications/Xcode.app/Contents/Developer/Toolchains/XcodeDefault.xctoolchain/usr/bin/swiftc -parse-as-library -module-name GodstoneMesh -Onone @/Users/oculus/Library/Developer/Xcode/DerivedData/Godstone-dcsmxtfyjnmhzrerxihrahaqtdkr/Build/Intermediates.noindex/GodstonePackages.build/LightDebug-iphonesimulator/GodstoneMesh-t.build/Objects-normal/arm64/GodstoneMesh.SwiftFileList -DSWIFT_PACKAGE -DDEBUG -DSWIFT_MODULE_RESOURCE_BUNDLE_UNAVAILABLE -DXcode -plugin-path /Applications/Xcode.app/Contents/Developer/Toolchains/XcodeDefault.xctoolchain/usr/lib/swift/host/plugins/testing -enable-experimental-feature DebugDescriptionMacro -sdk /Applications/Xcode.app/Contents/Developer/Platforms/iPhoneSimulator.platform/Developer/SDKs/iPhoneSimulator27.0.sdk -target arm64-apple-ios16.0-simulator -g -module-cache-path /Users/oculus/Library/Developer/Xcode/DerivedData/ModuleCache.noindex -Xfrontend -serialize-debugging-options -enable-testing -index-store-path /Users/oculus/Library/Developer/Xcode/DerivedData/Godstone-dcsmxtfyjnmhzrerxihrahaqtdkr/Index.noindex/DataStore -Xcc -D_LIBCPP_HARDENING_MODE\=_LIBCPP_HARDENING_MODE_DEBUG -swift-version 5 -I /Users/oculus/Library/Developer/Xcode/DerivedData/Godstone-dcsmxtfyjnmhzrerxihrahaqtdkr/Build/Products/LightDebug-iphonesimulator -Isystem /Applications/Xcode.app/Contents/Developer/Platforms/iPhoneSimulator.platform/Developer/usr/lib -F /Users/oculus/Library/Developer/Xcode/DerivedData/Godstone-dcsmxtfyjnmhzrerxihrahaqtdkr/Build/Products/LightDebug-iphonesimulator/PackageFrameworks -F /Users/oculus/Library/Developer/Xcode/DerivedData/Godstone-dcsmxtfyjnmhzrerxihrahaqtdkr/Build/Products/LightDebug-iphonesimulator -F /Applications/Xcode.app/Contents/Developer/Platforms/iPhoneSimulator.platform/Developer/Library/Frameworks -F /Applications/Xcode.app/Contents/Developer/Platforms/iPhoneSimulator.platform/Developer/SDKs/iPhoneSimulator27.0.sdk/Developer/Library/Frameworks -c -j10 -enable-batch-mode -incremental -Xcc -ivfsstatcache -Xcc /Users/oculus/Library/Developer/Xcode/DerivedData/SDKStatCaches.noindex/iphonesimulator27.0-24A430-8dc58220667be655e1bcc261a7455254.sdkstatcache -output-file-map /Users/oculus/Library/Developer/Xcode/DerivedData/Godstone-dcsmxtfyjnmhzrerxihrahaqtdkr/Build/Intermediates.noindex/GodstonePackages.build/LightDebug-iphonesimulator/GodstoneMesh-t.build/Objects-normal/arm64/GodstoneMesh-OutputFileMap.json -save-temps -no-color-diagnostics -explicit-module-build -module-cache-path /Users/oculus/Library/Developer/Xcode/DerivedData/Godstone-dcsmxtfyjnmhzrerxihrahaqtdkr/Build/Intermediates.noindex/SwiftExplicitPrecompiledModules -clang-scanner-module-cache-path /Users/oculus/Library/Developer/Xcode/DerivedData/ModuleCache.noindex -sdk-module-cache-path /Users/oculus/Library/Developer/Xcode/DerivedData/SDKExplicitPrecompiledModules -emit-dependencies -emit-module -emit-module-path /Users/oculus/Library/Developer/Xcode/DerivedData/Godstone-dcsmxtfyjnmhzrerxihrahaqtdkr/Build/Intermediates.noindex/GodstonePackages.build/LightDebug-iphonesimulator/GodstoneMesh-t.build/Objects-normal/arm64/GodstoneMesh.swiftmodule -serialize-diagnostics -dependency-scan-serialize-diagnostics-path /Users/oculus/Library/Developer/Xcode/DerivedData/Godstone-dcsmxtfyjnmhzrerxihrahaqtdkr/Build/Intermediates.noindex/GodstonePackages.build/LightDebug-iphonesimulator/GodstoneMesh-t.build/Objects-normal/arm64/GodstoneMesh-dependency-scan.dia -validate-clang-modules-once -clang-build-session-file /Users/oculus/Library/Developer/Xcode/DerivedData/ModuleCache.noindex/Session.modulevalidation -Xcc -fmodules-prune-interval\=86400 -Xcc -fmodules-prune-after\=345600 -package-name godstone -emit-const-values -const-gather-protocols-list /Users/oculus/Library/Developer/Xcode/DerivedData/Godstone-dcsmxtfyjnmhzrerxihrahaqtdkr/Build/Intermediates.noindex/GodstonePackages.build/LightDebug-iphonesimulator/GodstoneMesh-t.build/Objects-normal/arm64/GodstoneMesh_const_extract_protocols.json -Xcc -I/Users/oculus/Library/Developer/Xcode/DerivedData/Godstone-dcsmxtfyjnmhzrerxihrahaqtdkr/Build/Products/LightDebug-iphonesimulator/include -Xcc -I/Users/oculus/Library/Developer/Xcode/DerivedData/Godstone-dcsmxtfyjnmhzrerxihrahaqtdkr/Build/Intermediates.noindex/GodstonePackages.build/LightDebug-iphonesimulator/GodstoneMesh-t.build/DerivedSources-normal/arm64 -Xcc -I/Users/oculus/Library/Developer/Xcode/DerivedData/Godstone-dcsmxtfyjnmhzrerxihrahaqtdkr/Build/Intermediates.noindex/GodstonePackages.build/LightDebug-iphonesimulator/GodstoneMesh-t.build/DerivedSources/arm64 -Xcc -I/Users/oculus/Library/Developer/Xcode/DerivedData/Godstone-dcsmxtfyjnmhzrerxihrahaqtdkr/Build/Intermediates.noindex/GodstonePackages.build/LightDebug-iphonesimulator/GodstoneMesh-t.build/DerivedSources -Xcc -DSWIFT_PACKAGE -Xcc -DDEBUG\=1 -emit-objc-header -emit-objc-header-path /Users/oculus/Library/Developer/Xcode/DerivedData/Godstone-dcsmxtfyjnmhzrerxihrahaqtdkr/Build/Intermediates.noindex/GodstonePackages.build/LightDebug-iphonesimulator/GodstoneMesh-t.build/Objects-normal/arm64/GodstoneMesh-Swift.h -working-directory /tmp/board1-rc15-work-final/wt_IOS-SOS-RETRY-001/ios/Godstone.xcodeproj -experimental-emit-module-separately -disable-cmo

Copy /Users/oculus/Library/Developer/Xcode/DerivedData/Godstone-dcsmxtfyjnmhzrerxihrahaqtdkr/Build/Products/LightDebug-iphonesimulator/GodstoneMesh.swiftmodule/Project/arm64-apple-ios-simulator.swiftsourceinfo /Users/oculus/Library/Developer/Xcode/DerivedData/Godstone-dcsmxtfyjnmhzrerxihrahaqtdkr/Build/Intermediates.noindex/GodstonePackages.build/LightDebug-iphonesimulator/GodstoneMesh-t.build/Objects-normal/arm64/GodstoneMesh.swiftsourceinfo (in target 'GodstoneMesh' from project 'GodstonePackages')
    cd /tmp/board1-rc15-work-final/wt_IOS-SOS-RETRY-001/ios/Godstone
    builtin-copy -exclude .DS_Store -exclude CVS -exclude .svn -exclude .git -exclude .hg -resolve-src-symlinks -rename /Users/oculus/Library/Developer/Xcode/DerivedData/Godstone-dcsmxtfyjnmhzrerxihrahaqtdkr/Build/Intermediates.noindex/GodstonePackages.build/LightDebug-iphonesimulator/GodstoneMesh-t.build/Objects-normal/arm64/GodstoneMesh.swiftsourceinfo /Users/oculus/Library/Developer/Xcode/DerivedData/Godstone-dcsmxtfyjnmhzrerxihrahaqtdkr/Build/Products/LightDebug-iphonesimulator/GodstoneMesh.swiftmodule/Project/arm64-apple-ios-simulator.swiftsourceinfo

Copy /Users/oculus/Library/Developer/Xcode/DerivedData/Godstone-dcsmxtfyjnmhzrerxihrahaqtdkr/Build/Products/LightDebug-iphonesimulator/GodstoneMesh.swiftmodule/arm64-apple-ios-simulator.abi.json /Users/oculus/Library/Developer/Xcode/DerivedData/Godstone-dcsmxtfyjnmhzrerxihrahaqtdkr/Build/Intermediates.noindex/GodstonePackages.build/LightDebug-iphonesimulator/GodstoneMesh-t.build/Objects-normal/arm64/GodstoneMesh.abi.json (in target 'GodstoneMesh' from project 'GodstonePackages')
    cd /tmp/board1-rc15-work-final/wt_IOS-SOS-RETRY-001/ios/Godstone
    builtin-copy -exclude .DS_Store -exclude CVS -exclude .svn -exclude .git -exclude .hg -resolve-src-symlinks -rename /Users/oculus/Library/Developer/Xcode/DerivedData/Godstone-dcsmxtfyjnmhzrerxihrahaqtdkr/Build/Intermediates.noindex/GodstonePackages.build/LightDebug-iphonesimulator/GodstoneMesh-t.build/Objects-normal/arm64/GodstoneMesh.abi.json /Users/oculus/Library/Developer/Xcode/DerivedData/Godstone-dcsmxtfyjnmhzrerxihrahaqtdkr/Build/Products/LightDebug-iphonesimulator/GodstoneMesh.swiftmodule/arm64-apple-ios-simulator.abi.json

SwiftDriver LabMesh normal arm64 com.apple.xcode.tools.swift.compiler (in target 'LabMesh' from project 'Godstone')
    cd /tmp/board1-rc15-work-final/wt_IOS-SOS-RETRY-001/ios
    builtin-SwiftDriver -- /Applications/Xcode.app/Contents/Developer/Toolchains/XcodeDefault.xctoolchain/usr/bin/swiftc -module-name GodstoneLabMesh -Onone @/Users/oculus/Library/Developer/Xcode/DerivedData/Godstone-dcsmxtfyjnmhzrerxihrahaqtdkr/Build/Intermediates.noindex/Godstone.build/LightDebug-iphonesimulator/LabMesh.build/Objects-normal/arm64/GodstoneLabMesh.SwiftFileList -DDEBUG -DLABMESH -enable-bare-slash-regex -enable-experimental-feature DebugDescriptionMacro -sdk /Applications/Xcode.app/Contents/Developer/Platforms/iPhoneSimulator.platform/Developer/SDKs/iPhoneSimulator27.0.sdk -target arm64-apple-ios16.0-simulator -g -module-cache-path /Users/oculus/Library/Developer/Xcode/DerivedData/ModuleCache.noindex -Xfrontend -serialize-debugging-options -enable-testing -index-store-path /Users/oculus/Library/Developer/Xcode/DerivedData/Godstone-dcsmxtfyjnmhzrerxihrahaqtdkr/Index.noindex/DataStore -Xcc -D_LIBCPP_HARDENING_MODE\=_LIBCPP_HARDENING_MODE_DEBUG -swift-version 5 -I /Users/oculus/Library/Developer/Xcode/DerivedData/Godstone-dcsmxtfyjnmhzrerxihrahaqtdkr/Build/Products/LightDebug-iphonesimulator -F /Users/oculus/Library/Developer/Xcode/DerivedData/Godstone-dcsmxtfyjnmhzrerxihrahaqtdkr/Build/Products/LightDebug-iphonesimulator/PackageFrameworks -F /Users/oculus/Library/Developer/Xcode/DerivedData/Godstone-dcsmxtfyjnmhzrerxihrahaqtdkr/Build/Products/LightDebug-iphonesimulator -c -j10 -enable-batch-mode -incremental -Xcc -ivfsstatcache -Xcc /Users/oculus/Library/Developer/Xcode/DerivedData/SDKStatCaches.noindex/iphonesimulator27.0-24A430-8dc58220667be655e1bcc261a7455254.sdkstatcache -output-file-map /Users/oculus/Library/Developer/Xcode/DerivedData/Godstone-dcsmxtfyjnmhzrerxihrahaqtdkr/Build/Intermediates.noindex/Godstone.build/LightDebug-iphonesimulator/LabMesh.build/Objects-normal/arm64/LabMesh-OutputFileMap.json -save-temps -no-color-diagnostics -explicit-module-build -module-cache-path /Users/oculus/Library/Developer/Xcode/DerivedData/Godstone-dcsmxtfyjnmhzrerxihrahaqtdkr/Build/Intermediates.noindex/SwiftExplicitPrecompiledModules -clang-scanner-module-cache-path /Users/oculus/Library/Developer/Xcode/DerivedData/ModuleCache.noindex -sdk-module-cache-path /Users/oculus/Library/Developer/Xcode/DerivedData/SDKExplicitPrecompiledModules -emit-dependencies -emit-module -emit-module-path /Users/oculus/Library/Developer/Xcode/DerivedData/Godstone-dcsmxtfyjnmhzrerxihrahaqtdkr/Build/Intermediates.noindex/Godstone.build/LightDebug-iphonesimulator/LabMesh.build/Objects-normal/arm64/GodstoneLabMesh.swiftmodule -serialize-diagnostics -dependency-scan-serialize-diagnostics-path /Users/oculus/Library/Developer/Xcode/DerivedData/Godstone-dcsmxtfyjnmhzrerxihrahaqtdkr/Build/Intermediates.noindex/Godstone.build/LightDebug-iphonesimulator/LabMesh.build/Objects-normal/arm64/GodstoneLabMesh-dependency-scan.dia -validate-clang-modules-once -clang-build-session-file /Users/oculus/Library/Developer/Xcode/DerivedData/ModuleCache.noindex/Session.modulevalidation -Xcc -fmodules-prune-interval\=86400 -Xcc -fmodules-prune-after\=345600 -emit-const-values -const-gather-protocols-list /Users/oculus/Library/Developer/Xcode/DerivedData/Godstone-dcsmxtfyjnmhzrerxihrahaqtdkr/Build/Intermediates.noindex/Godstone.build/LightDebug-iphonesimulator/LabMesh.build/Objects-normal/arm64/LabMesh_const_extract_protocols.json -Xcc -iquote -Xcc /Users/oculus/Library/Developer/Xcode/DerivedData/Godstone-dcsmxtfyjnmhzrerxihrahaqtdkr/Build/Intermediates.noindex/Godstone.build/LightDebug-iphonesimulator/LabMesh.build/GodstoneLabMesh-generated-files.hmap -Xcc -I/Users/oculus/Library/Developer/Xcode/DerivedData/Godstone-dcsmxtfyjnmhzrerxihrahaqtdkr/Build/Intermediates.noindex/Godstone.build/LightDebug-iphonesimulator/LabMesh.build/GodstoneLabMesh-own-target-headers.hmap -Xcc -I/Users/oculus/Library/Developer/Xcode/DerivedData/Godstone-dcsmxtfyjnmhzrerxihrahaqtdkr/Build/Intermediates.noindex/Godstone.build/LightDebug-iphonesimulator/LabMesh.build/GodstoneLabMesh-all-non-framework-target-headers.hmap -Xcc -ivfsoverlay -Xcc /Users/oculus/Library/Developer/Xcode/DerivedData/Godstone-dcsmxtfyjnmhzrerxihrahaqtdkr/Build/Intermediates.noindex/Godstone.build/LightDebug-iphonesimulator/Godstone-4fea8a13e8e9aefd7e747d7a3bbbcde9-VFS-iphonesimulator/all-product-headers.yaml -Xcc -iquote -Xcc /Users/oculus/Library/Developer/Xcode/DerivedData/Godstone-dcsmxtfyjnmhzrerxihrahaqtdkr/Build/Intermediates.noindex/Godstone.build/LightDebug-iphonesimulator/LabMesh.build/GodstoneLabMesh-project-headers.hmap -Xcc -I/Users/oculus/Library/Developer/Xcode/DerivedData/Godstone-dcsmxtfyjnmhzrerxihrahaqtdkr/Build/Products/LightDebug-iphonesimulator/include -Xcc -I/Users/oculus/Library/Developer/Xcode/DerivedData/Godstone-dcsmxtfyjnmhzrerxihrahaqtdkr/Build/Intermediates.noindex/Godstone.build/LightDebug-iphonesimulator/LabMesh.build/DerivedSources-normal/arm64 -Xcc -I/Users/oculus/Library/Developer/Xcode/DerivedData/Godstone-dcsmxtfyjnmhzrerxihrahaqtdkr/Build/Intermediates.noindex/Godstone.build/LightDebug-iphonesimulator/LabMesh.build/DerivedSources/arm64 -Xcc -I/Users/oculus/Library/Developer/Xcode/DerivedData/Godstone-dcsmxtfyjnmhzrerxihrahaqtdkr/Build/Intermediates.noindex/Godstone.build/LightDebug-iphonesimulator/LabMesh.build/DerivedSources -Xcc -DDEBUG\=1 -emit-objc-header -emit-objc-header-path /Users/oculus/Library/Developer/Xcode/DerivedData/Godstone-dcsmxtfyjnmhzrerxihrahaqtdkr/Build/Intermediates.noindex/Godstone.build/LightDebug-iphonesimulator/LabMesh.build/Objects-normal/arm64/GodstoneLabMesh-Swift.h -working-directory /tmp/board1-rc15-work-final/wt_IOS-SOS-RETRY-001/ios -experimental-emit-module-separately -disable-cmo

ExtractAppIntentsMetadata (in target 'GodstoneMesh' from project 'GodstonePackages')
    cd /tmp/board1-rc15-work-final/wt_IOS-SOS-RETRY-001/ios/Godstone
    /Applications/Xcode.app/Contents/Developer/Toolchains/XcodeDefault.xctoolchain/usr/bin/appintentsmetadataprocessor --toolchain-dir /Applications/Xcode.app/Contents/Developer/Toolchains/XcodeDefault.xctoolchain --module-name GodstoneMesh --sdk-root /Applications/Xcode.app/Contents/Developer/Platforms/iPhoneSimulator.platform/Developer/SDKs/iPhoneSimulator27.0.sdk --xcode-version 27A266a --platform-family iOS --deployment-target 16.0 --bundle-identifier godstone.GodstoneMesh --output /Users/oculus/Library/Developer/Xcode/DerivedData/Godstone-dcsmxtfyjnmhzrerxihrahaqtdkr/Build/Products/LightDebug-iphonesimulator/GodstoneMesh.appintents --target-triple arm64-apple-ios16.0-simulator --binary-file /Users/oculus/Library/Developer/Xcode/DerivedData/Godstone-dcsmxtfyjnmhzrerxihrahaqtdkr/Build/Products/LightDebug-iphonesimulator/GodstoneMesh.o --dependency-file /Users/oculus/Library/Developer/Xcode/DerivedData/Godstone-dcsmxtfyjnmhzrerxihrahaqtdkr/Build/Intermediates.noindex/GodstonePackages.build/LightDebug-iphonesimulator/GodstoneMesh-t.build/Objects-normal/arm64/GodstoneMesh_dependency_info.dat --stringsdata-file /Users/oculus/Library/Developer/Xcode/DerivedData/Godstone-dcsmxtfyjnmhzrerxihrahaqtdkr/Build/Intermediates.noindex/GodstonePackages.build/LightDebug-iphonesimulator/GodstoneMesh-t.build/Objects-normal/arm64/ExtractedAppShortcutsMetadata.stringsdata --source-file-list /Users/oculus/Library/Developer/Xcode/DerivedData/Godstone-dcsmxtfyjnmhzrerxihrahaqtdkr/Build/Intermediates.noindex/GodstonePackages.build/LightDebug-iphonesimulator/GodstoneMesh-t.build/Objects-normal/arm64/GodstoneMesh.SwiftFileList --metadata-file-list /Users/oculus/Library/Developer/Xcode/DerivedData/Godstone-dcsmxtfyjnmhzrerxihrahaqtdkr/Build/Intermediates.noindex/GodstonePackages.build/LightDebug-iphonesimulator/GodstoneMesh-t.build/GodstoneMesh.DependencyMetadataFileList --static-metadata-file-list /Users/oculus/Library/Developer/Xcode/DerivedData/Godstone-dcsmxtfyjnmhzrerxihrahaqtdkr/Build/Intermediates.noindex/GodstonePackages.build/LightDebug-iphonesimulator/GodstoneMesh-t.build/GodstoneMesh.DependencyStaticMetadataFileList --swift-const-vals-list /Users/oculus/Library/Developer/Xcode/DerivedData/Godstone-dcsmxtfyjnmhzrerxihrahaqtdkr/Build/Intermediates.noindex/GodstonePackages.build/LightDebug-iphonesimulator/GodstoneMesh-t.build/Objects-normal/arm64/GodstoneMesh.SwiftConstValuesFileList --force --compile-time-extraction --deployment-aware-processing --no-app-shortcuts-localization
2026-10-03 19:43:31.882 appintentsmetadataprocessor[26889:44999090] Starting appintentsmetadataprocessor export
2026-10-03 19:43:31.978 appintentsmetadataprocessor[26889:44999090] Extracted no relevant App Intents symbols, skipping writing output

SwiftCompile normal arm64 Compiling\ LabMeshRootApp.swift /tmp/board1-rc15-work-final/wt_IOS-SOS-RETRY-001/ios/Godstone/Sources/LabMesh/LabMeshRootApp.swift (in target 'LabMesh' from project 'Godstone')

SwiftCompile normal arm64 /tmp/board1-rc15-work-final/wt_IOS-SOS-RETRY-001/ios/Godstone/Sources/LabMesh/LabMeshRootApp.swift (in target 'LabMesh' from project 'Godstone')
    cd /tmp/board1-rc15-work-final/wt_IOS-SOS-RETRY-001/ios
    builtin-SwiftPerFileCompile LabMeshRootApp.swift

SwiftEmitModule normal arm64 Emitting\ module\ for\ GodstoneLabMesh (in target 'LabMesh' from project 'Godstone')

SwiftCompile normal arm64 (in target 'LabMesh' from project 'Godstone')
    cd /tmp/board1-rc15-work-final/wt_IOS-SOS-RETRY-001/ios
    

SwiftDriverJobDiscovery normal arm64 Emitting module for GodstoneLabMesh (in target 'LabMesh' from project 'Godstone')

SwiftDriver\ Compilation\ Requirements LabMesh normal arm64 com.apple.xcode.tools.swift.compiler (in target 'LabMesh' from project 'Godstone')
    cd /tmp/board1-rc15-work-final/wt_IOS-SOS-RETRY-001/ios
    builtin-Swift-Compilation-Requirements -- /Applications/Xcode.app/Contents/Developer/Toolchains/XcodeDefault.xctoolchain/usr/bin/swiftc -module-name GodstoneLabMesh -Onone @/Users/oculus/Library/Developer/Xcode/DerivedData/Godstone-dcsmxtfyjnmhzrerxihrahaqtdkr/Build/Intermediates.noindex/Godstone.build/LightDebug-iphonesimulator/LabMesh.build/Objects-normal/arm64/GodstoneLabMesh.SwiftFileList -DDEBUG -DLABMESH -enable-bare-slash-regex -enable-experimental-feature DebugDescriptionMacro -sdk /Applications/Xcode.app/Contents/Developer/Platforms/iPhoneSimulator.platform/Developer/SDKs/iPhoneSimulator27.0.sdk -target arm64-apple-ios16.0-simulator -g -module-cache-path /Users/oculus/Library/Developer/Xcode/DerivedData/ModuleCache.noindex -Xfrontend -serialize-debugging-options -enable-testing -index-store-path /Users/oculus/Library/Developer/Xcode/DerivedData/Godstone-dcsmxtfyjnmhzrerxihrahaqtdkr/Index.noindex/DataStore -Xcc -D_LIBCPP_HARDENING_MODE\=_LIBCPP_HARDENING_MODE_DEBUG -swift-version 5 -I /Users/oculus/Library/Developer/Xcode/DerivedData/Godstone-dcsmxtfyjnmhzrerxihrahaqtdkr/Build/Products/LightDebug-iphonesimulator -F /Users/oculus/Library/Developer/Xcode/DerivedData/Godstone-dcsmxtfyjnmhzrerxihrahaqtdkr/Build/Products/LightDebug-iphonesimulator/PackageFrameworks -F /Users/oculus/Library/Developer/Xcode/DerivedData/Godstone-dcsmxtfyjnmhzrerxihrahaqtdkr/Build/Products/LightDebug-iphonesimulator -c -j10 -enable-batch-mode -incremental -Xcc -ivfsstatcache -Xcc /Users/oculus/Library/Developer/Xcode/DerivedData/SDKStatCaches.noindex/iphonesimulator27.0-24A430-8dc58220667be655e1bcc261a7455254.sdkstatcache -output-file-map /Users/oculus/Library/Developer/Xcode/DerivedData/Godstone-dcsmxtfyjnmhzrerxihrahaqtdkr/Build/Intermediates.noindex/Godstone.build/LightDebug-iphonesimulator/LabMesh.build/Objects-normal/arm64/LabMesh-OutputFileMap.json -save-temps -no-color-diagnostics -explicit-module-build -module-cache-path /Users/oculus/Library/Developer/Xcode/DerivedData/Godstone-dcsmxtfyjnmhzrerxihrahaqtdkr/Build/Intermediates.noindex/SwiftExplicitPrecompiledModules -clang-scanner-module-cache-path /Users/oculus/Library/Developer/Xcode/DerivedData/ModuleCache.noindex -sdk-module-cache-path /Users/oculus/Library/Developer/Xcode/DerivedData/SDKExplicitPrecompiledModules -emit-dependencies -emit-module -emit-module-path /Users/oculus/Library/Developer/Xcode/DerivedData/Godstone-dcsmxtfyjnmhzrerxihrahaqtdkr/Build/Intermediates.noindex/Godstone.build/LightDebug-iphonesimulator/LabMesh.build/Objects-normal/arm64/GodstoneLabMesh.swiftmodule -serialize-diagnostics -dependency-scan-serialize-diagnostics-path /Users/oculus/Library/Developer/Xcode/DerivedData/Godstone-dcsmxtfyjnmhzrerxihrahaqtdkr/Build/Intermediates.noindex/Godstone.build/LightDebug-iphonesimulator/LabMesh.build/Objects-normal/arm64/GodstoneLabMesh-dependency-scan.dia -validate-clang-modules-once -clang-build-session-file /Users/oculus/Library/Developer/Xcode/DerivedData/ModuleCache.noindex/Session.modulevalidation -Xcc -fmodules-prune-interval\=86400 -Xcc -fmodules-prune-after\=345600 -emit-const-values -const-gather-protocols-list /Users/oculus/Library/Developer/Xcode/DerivedData/Godstone-dcsmxtfyjnmhzrerxihrahaqtdkr/Build/Intermediates.noindex/Godstone.build/LightDebug-iphonesimulator/LabMesh.build/Objects-normal/arm64/LabMesh_const_extract_protocols.json -Xcc -iquote -Xcc /Users/oculus/Library/Developer/Xcode/DerivedData/Godstone-dcsmxtfyjnmhzrerxihrahaqtdkr/Build/Intermediates.noindex/Godstone.build/LightDebug-iphonesimulator/LabMesh.build/GodstoneLabMesh-generated-files.hmap -Xcc -I/Users/oculus/Library/Developer/Xcode/DerivedData/Godstone-dcsmxtfyjnmhzrerxihrahaqtdkr/Build/Intermediates.noindex/Godstone.build/LightDebug-iphonesimulator/LabMesh.build/GodstoneLabMesh-own-target-headers.hmap -Xcc -I/Users/oculus/Library/Developer/Xcode/DerivedData/Godstone-dcsmxtfyjnmhzrerxihrahaqtdkr/Build/Intermediates.noindex/Godstone.build/LightDebug-iphonesimulator/LabMesh.build/GodstoneLabMesh-all-non-framework-target-headers.hmap -Xcc -ivfsoverlay -Xcc /Users/oculus/Library/Developer/Xcode/DerivedData/Godstone-dcsmxtfyjnmhzrerxihrahaqtdkr/Build/Intermediates.noindex/Godstone.build/LightDebug-iphonesimulator/Godstone-4fea8a13e8e9aefd7e747d7a3bbbcde9-VFS-iphonesimulator/all-product-headers.yaml -Xcc -iquote -Xcc /Users/oculus/Library/Developer/Xcode/DerivedData/Godstone-dcsmxtfyjnmhzrerxihrahaqtdkr/Build/Intermediates.noindex/Godstone.build/LightDebug-iphonesimulator/LabMesh.build/GodstoneLabMesh-project-headers.hmap -Xcc -I/Users/oculus/Library/Developer/Xcode/DerivedData/Godstone-dcsmxtfyjnmhzrerxihrahaqtdkr/Build/Products/LightDebug-iphonesimulator/include -Xcc -I/Users/oculus/Library/Developer/Xcode/DerivedData/Godstone-dcsmxtfyjnmhzrerxihrahaqtdkr/Build/Intermediates.noindex/Godstone.build/LightDebug-iphonesimulator/LabMesh.build/DerivedSources-normal/arm64 -Xcc -I/Users/oculus/Library/Developer/Xcode/DerivedData/Godstone-dcsmxtfyjnmhzrerxihrahaqtdkr/Build/Intermediates.noindex/Godstone.build/LightDebug-iphonesimulator/LabMesh.build/DerivedSources/arm64 -Xcc -I/Users/oculus/Library/Developer/Xcode/DerivedData/Godstone-dcsmxtfyjnmhzrerxihrahaqtdkr/Build/Intermediates.noindex/Godstone.build/LightDebug-iphonesimulator/LabMesh.build/DerivedSources -Xcc -DDEBUG\=1 -emit-objc-header -emit-objc-header-path /Users/oculus/Library/Developer/Xcode/DerivedData/Godstone-dcsmxtfyjnmhzrerxihrahaqtdkr/Build/Intermediates.noindex/Godstone.build/LightDebug-iphonesimulator/LabMesh.build/Objects-normal/arm64/GodstoneLabMesh-Swift.h -working-directory /tmp/board1-rc15-work-final/wt_IOS-SOS-RETRY-001/ios -experimental-emit-module-separately -disable-cmo

Copy /Users/oculus/Library/Developer/Xcode/DerivedData/Godstone-dcsmxtfyjnmhzrerxihrahaqtdkr/Build/Products/LightDebug-iphonesimulator/GodstoneLabMesh.swiftmodule/Project/arm64-apple-ios-simulator.swiftsourceinfo /Users/oculus/Library/Developer/Xcode/DerivedData/Godstone-dcsmxtfyjnmhzrerxihrahaqtdkr/Build/Intermediates.noindex/Godstone.build/LightDebug-iphonesimulator/LabMesh.build/Objects-normal/arm64/GodstoneLabMesh.swiftsourceinfo (in target 'LabMesh' from project 'Godstone')
    cd /tmp/board1-rc15-work-final/wt_IOS-SOS-RETRY-001/ios
    builtin-copy -exclude .DS_Store -exclude CVS -exclude .svn -exclude .git -exclude .hg -resolve-src-symlinks -rename /Users/oculus/Library/Developer/Xcode/DerivedData/Godstone-dcsmxtfyjnmhzrerxihrahaqtdkr/Build/Intermediates.noindex/Godstone.build/LightDebug-iphonesimulator/LabMesh.build/Objects-normal/arm64/GodstoneLabMesh.swiftsourceinfo /Users/oculus/Library/Developer/Xcode/DerivedData/Godstone-dcsmxtfyjnmhzrerxihrahaqtdkr/Build/Products/LightDebug-iphonesimulator/GodstoneLabMesh.swiftmodule/Project/arm64-apple-ios-simulator.swiftsourceinfo

Copy /Users/oculus/Library/Developer/Xcode/DerivedData/Godstone-dcsmxtfyjnmhzrerxihrahaqtdkr/Build/Products/LightDebug-iphonesimulator/GodstoneLabMesh.swiftmodule/arm64-apple-ios-simulator.abi.json /Users/oculus/Library/Developer/Xcode/DerivedData/Godstone-dcsmxtfyjnmhzrerxihrahaqtdkr/Build/Intermediates.noindex/Godstone.build/LightDebug-iphonesimulator/LabMesh.build/Objects-normal/arm64/GodstoneLabMesh.abi.json (in target 'LabMesh' from project 'Godstone')
    cd /tmp/board1-rc15-work-final/wt_IOS-SOS-RETRY-001/ios
    builtin-copy -exclude .DS_Store -exclude CVS -exclude .svn -exclude .git -exclude .hg -resolve-src-symlinks -rename /Users/oculus/Library/Developer/Xcode/DerivedData/Godstone-dcsmxtfyjnmhzrerxihrahaqtdkr/Build/Intermediates.noindex/Godstone.build/LightDebug-iphonesimulator/LabMesh.build/Objects-normal/arm64/GodstoneLabMesh.abi.json /Users/oculus/Library/Developer/Xcode/DerivedData/Godstone-dcsmxtfyjnmhzrerxihrahaqtdkr/Build/Products/LightDebug-iphonesimulator/GodstoneLabMesh.swiftmodule/arm64-apple-ios-simulator.abi.json

SwiftDriverJobDiscovery normal arm64 Compiling LabMeshRootApp.swift (in target 'LabMesh' from project 'Godstone')

SwiftDriver\ Compilation LabMesh normal arm64 com.apple.xcode.tools.swift.compiler (in target 'LabMesh' from project 'Godstone')
    cd /tmp/board1-rc15-work-final/wt_IOS-SOS-RETRY-001/ios
    builtin-Swift-Compilation -- /Applications/Xcode.app/Contents/Developer/Toolchains/XcodeDefault.xctoolchain/usr/bin/swiftc -module-name GodstoneLabMesh -Onone @/Users/oculus/Library/Developer/Xcode/DerivedData/Godstone-dcsmxtfyjnmhzrerxihrahaqtdkr/Build/Intermediates.noindex/Godstone.build/LightDebug-iphonesimulator/LabMesh.build/Objects-normal/arm64/GodstoneLabMesh.SwiftFileList -DDEBUG -DLABMESH -enable-bare-slash-regex -enable-experimental-feature DebugDescriptionMacro -sdk /Applications/Xcode.app/Contents/Developer/Platforms/iPhoneSimulator.platform/Developer/SDKs/iPhoneSimulator27.0.sdk -target arm64-apple-ios16.0-simulator -g -module-cache-path /Users/oculus/Library/Developer/Xcode/DerivedData/ModuleCache.noindex -Xfrontend -serialize-debugging-options -enable-testing -index-store-path /Users/oculus/Library/Developer/Xcode/DerivedData/Godstone-dcsmxtfyjnmhzrerxihrahaqtdkr/Index.noindex/DataStore -Xcc -D_LIBCPP_HARDENING_MODE\=_LIBCPP_HARDENING_MODE_DEBUG -swift-version 5 -I /Users/oculus/Library/Developer/Xcode/DerivedData/Godstone-dcsmxtfyjnmhzrerxihrahaqtdkr/Build/Products/LightDebug-iphonesimulator -F /Users/oculus/Library/Developer/Xcode/DerivedData/Godstone-dcsmxtfyjnmhzrerxihrahaqtdkr/Build/Products/LightDebug-iphonesimulator/PackageFrameworks -F /Users/oculus/Library/Developer/Xcode/DerivedData/Godstone-dcsmxtfyjnmhzrerxihrahaqtdkr/Build/Products/LightDebug-iphonesimulator -c -j10 -enable-batch-mode -incremental -Xcc -ivfsstatcache -Xcc /Users/oculus/Library/Developer/Xcode/DerivedData/SDKStatCaches.noindex/iphonesimulator27.0-24A430-8dc58220667be655e1bcc261a7455254.sdkstatcache -output-file-map /Users/oculus/Library/Developer/Xcode/DerivedData/Godstone-dcsmxtfyjnmhzrerxihrahaqtdkr/Build/Intermediates.noindex/Godstone.build/LightDebug-iphonesimulator/LabMesh.build/Objects-normal/arm64/LabMesh-OutputFileMap.json -save-temps -no-color-diagnostics -explicit-module-build -module-cache-path /Users/oculus/Library/Developer/Xcode/DerivedData/Godstone-dcsmxtfyjnmhzrerxihrahaqtdkr/Build/Intermediates.noindex/SwiftExplicitPrecompiledModules -clang-scanner-module-cache-path /Users/oculus/Library/Developer/Xcode/DerivedData/ModuleCache.noindex -sdk-module-cache-path /Users/oculus/Library/Developer/Xcode/DerivedData/SDKExplicitPrecompiledModules -emit-dependencies -emit-module -emit-module-path /Users/oculus/Library/Developer/Xcode/DerivedData/Godstone-dcsmxtfyjnmhzrerxihrahaqtdkr/Build/Intermediates.noindex/Godstone.build/LightDebug-iphonesimulator/LabMesh.build/Objects-normal/arm64/GodstoneLabMesh.swiftmodule -serialize-diagnostics -dependency-scan-serialize-diagnostics-path /Users/oculus/Library/Developer/Xcode/DerivedData/Godstone-dcsmxtfyjnmhzrerxihrahaqtdkr/Build/Intermediates.noindex/Godstone.build/LightDebug-iphonesimulator/LabMesh.build/Objects-normal/arm64/GodstoneLabMesh-dependency-scan.dia -validate-clang-modules-once -clang-build-session-file /Users/oculus/Library/Developer/Xcode/DerivedData/ModuleCache.noindex/Session.modulevalidation -Xcc -fmodules-prune-interval\=86400 -Xcc -fmodules-prune-after\=345600 -emit-const-values -const-gather-protocols-list /Users/oculus/Library/Developer/Xcode/DerivedData/Godstone-dcsmxtfyjnmhzrerxihrahaqtdkr/Build/Intermediates.noindex/Godstone.build/LightDebug-iphonesimulator/LabMesh.build/Objects-normal/arm64/LabMesh_const_extract_protocols.json -Xcc -iquote -Xcc /Users/oculus/Library/Developer/Xcode/DerivedData/Godstone-dcsmxtfyjnmhzrerxihrahaqtdkr/Build/Intermediates.noindex/Godstone.build/LightDebug-iphonesimulator/LabMesh.build/GodstoneLabMesh-generated-files.hmap -Xcc -I/Users/oculus/Library/Developer/Xcode/DerivedData/Godstone-dcsmxtfyjnmhzrerxihrahaqtdkr/Build/Intermediates.noindex/Godstone.build/LightDebug-iphonesimulator/LabMesh.build/GodstoneLabMesh-own-target-headers.hmap -Xcc -I/Users/oculus/Library/Developer/Xcode/DerivedData/Godstone-dcsmxtfyjnmhzrerxihrahaqtdkr/Build/Intermediates.noindex/Godstone.build/LightDebug-iphonesimulator/LabMesh.build/GodstoneLabMesh-all-non-framework-target-headers.hmap -Xcc -ivfsoverlay -Xcc /Users/oculus/Library/Developer/Xcode/DerivedData/Godstone-dcsmxtfyjnmhzrerxihrahaqtdkr/Build/Intermediates.noindex/Godstone.build/LightDebug-iphonesimulator/Godstone-4fea8a13e8e9aefd7e747d7a3bbbcde9-VFS-iphonesimulator/all-product-headers.yaml -Xcc -iquote -Xcc /Users/oculus/Library/Developer/Xcode/DerivedData/Godstone-dcsmxtfyjnmhzrerxihrahaqtdkr/Build/Intermediates.noindex/Godstone.build/LightDebug-iphonesimulator/LabMesh.build/GodstoneLabMesh-project-headers.hmap -Xcc -I/Users/oculus/Library/Developer/Xcode/DerivedData/Godstone-dcsmxtfyjnmhzrerxihrahaqtdkr/Build/Products/LightDebug-iphonesimulator/include -Xcc -I/Users/oculus/Library/Developer/Xcode/DerivedData/Godstone-dcsmxtfyjnmhzrerxihrahaqtdkr/Build/Intermediates.noindex/Godstone.build/LightDebug-iphonesimulator/LabMesh.build/DerivedSources-normal/arm64 -Xcc -I/Users/oculus/Library/Developer/Xcode/DerivedData/Godstone-dcsmxtfyjnmhzrerxihrahaqtdkr/Build/Intermediates.noindex/Godstone.build/LightDebug-iphonesimulator/LabMesh.build/DerivedSources/arm64 -Xcc -I/Users/oculus/Library/Developer/Xcode/DerivedData/Godstone-dcsmxtfyjnmhzrerxihrahaqtdkr/Build/Intermediates.noindex/Godstone.build/LightDebug-iphonesimulator/LabMesh.build/DerivedSources -Xcc -DDEBUG\=1 -emit-objc-header -emit-objc-header-path /Users/oculus/Library/Developer/Xcode/DerivedData/Godstone-dcsmxtfyjnmhzrerxihrahaqtdkr/Build/Intermediates.noindex/Godstone.build/LightDebug-iphonesimulator/LabMesh.build/Objects-normal/arm64/GodstoneLabMesh-Swift.h -working-directory /tmp/board1-rc15-work-final/wt_IOS-SOS-RETRY-001/ios -experimental-emit-module-separately -disable-cmo

Ld /Users/oculus/Library/Developer/Xcode/DerivedData/Godstone-dcsmxtfyjnmhzrerxihrahaqtdkr/Build/Products/LightDebug-iphonesimulator/GodstoneLabMesh.app/GodstoneLabMesh.debug.dylib normal (in target 'LabMesh' from project 'Godstone')
    cd /tmp/board1-rc15-work-final/wt_IOS-SOS-RETRY-001/ios
    /Applications/Xcode.app/Contents/Developer/Toolchains/XcodeDefault.xctoolchain/usr/bin/clang -Xlinker -reproducible -target arm64-apple-ios16.0-simulator -dynamiclib -isysroot /Applications/Xcode.app/Contents/Developer/Platforms/iPhoneSimulator.platform/Developer/SDKs/iPhoneSimulator27.0.sdk -O0 -Xlinker -no_warn_duplicate_libraries -L/Users/oculus/Library/Developer/Xcode/DerivedData/Godstone-dcsmxtfyjnmhzrerxihrahaqtdkr/Build/Intermediates.noindex/EagerLinkingTBDs/LightDebug-iphonesimulator -L/Users/oculus/Library/Developer/Xcode/DerivedData/Godstone-dcsmxtfyjnmhzrerxihrahaqtdkr/Build/Products/LightDebug-iphonesimulator -F/Users/oculus/Library/Developer/Xcode/DerivedData/Godstone-dcsmxtfyjnmhzrerxihrahaqtdkr/Build/Intermediates.noindex/EagerLinkingTBDs/LightDebug-iphonesimulator -F/Users/oculus/Library/Developer/Xcode/DerivedData/Godstone-dcsmxtfyjnmhzrerxihrahaqtdkr/Build/Products/LightDebug-iphonesimulator/PackageFrameworks -F/Users/oculus/Library/Developer/Xcode/DerivedData/Godstone-dcsmxtfyjnmhzrerxihrahaqtdkr/Build/Products/LightDebug-iphonesimulator -filelist /Users/oculus/Library/Developer/Xcode/DerivedData/Godstone-dcsmxtfyjnmhzrerxihrahaqtdkr/Build/Intermediates.noindex/Godstone.build/LightDebug-iphonesimulator/LabMesh.build/Objects-normal/arm64/GodstoneLabMesh.LinkFileList -install_name @rpath/GodstoneLabMesh.debug.dylib -Xlinker -rpath -Xlinker /usr/lib/swift -Xlinker -rpath -Xlinker @executable_path/Frameworks -Xlinker -dead_strip -Xlinker -object_path_lto -Xlinker /Users/oculus/Library/Developer/Xcode/DerivedData/Godstone-dcsmxtfyjnmhzrerxihrahaqtdkr/Build/Intermediates.noindex/Godstone.build/LightDebug-iphonesimulator/LabMesh.build/Objects-normal/arm64/GodstoneLabMesh_lto.o -rdynamic -Xlinker -no_deduplicate -Xlinker -objc_abi_version -Xlinker 2 -Xlinker -dependency_info -Xlinker /Users/oculus/Library/Developer/Xcode/DerivedData/Godstone-dcsmxtfyjnmhzrerxihrahaqtdkr/Build/Intermediates.noindex/Godstone.build/LightDebug-iphonesimulator/LabMesh.build/Objects-normal/arm64/GodstoneLabMesh_dependency_info.dat -fobjc-link-runtime -L/Applications/Xcode.app/Contents/Developer/Toolchains/XcodeDefault.xctoolchain/usr/lib/swift/iphonesimulator -L/usr/lib/swift -Xlinker -add_ast_path -Xlinker /Users/oculus/Library/Developer/Xcode/DerivedData/Godstone-dcsmxtfyjnmhzrerxihrahaqtdkr/Build/Intermediates.noindex/Godstone.build/LightDebug-iphonesimulator/LabMesh.build/Objects-normal/arm64/GodstoneLabMesh.swiftmodule -Xlinker -alias -Xlinker _main -Xlinker ___debug_main_executable_dylib_entry_point -o /Users/oculus/Library/Developer/Xcode/DerivedData/Godstone-dcsmxtfyjnmhzrerxihrahaqtdkr/Build/Products/LightDebug-iphonesimulator/GodstoneLabMesh.app/GodstoneLabMesh.debug.dylib

ConstructStubExecutorLinkFileList /Users/oculus/Library/Developer/Xcode/DerivedData/Godstone-dcsmxtfyjnmhzrerxihrahaqtdkr/Build/Intermediates.noindex/Godstone.build/LightDebug-iphonesimulator/LabMesh.build/GodstoneLabMesh-ExecutorLinkFileList-normal-arm64.txt (in target 'LabMesh' from project 'Godstone')
    cd /tmp/board1-rc15-work-final/wt_IOS-SOS-RETRY-001/ios
    construct-stub-executor-link-file-list /Users/oculus/Library/Developer/Xcode/DerivedData/Godstone-dcsmxtfyjnmhzrerxihrahaqtdkr/Build/Products/LightDebug-iphonesimulator/GodstoneLabMesh.app/GodstoneLabMesh.debug.dylib /Applications/Xcode.app/Contents/Developer/Platforms/iPhoneSimulator.platform/Developer/usr/lib/libPreviewsJITStubExecutor_no_swift_entry_point.a /Applications/Xcode.app/Contents/Developer/Platforms/iPhoneSimulator.platform/Developer/usr/lib/libPreviewsJITStubExecutor.a --output /Users/oculus/Library/Developer/Xcode/DerivedData/Godstone-dcsmxtfyjnmhzrerxihrahaqtdkr/Build/Intermediates.noindex/Godstone.build/LightDebug-iphonesimulator/LabMesh.build/GodstoneLabMesh-ExecutorLinkFileList-normal-arm64.txt
note: Using stub executor library with Swift entry point. (in target 'LabMesh' from project 'Godstone')

Ld /Users/oculus/Library/Developer/Xcode/DerivedData/Godstone-dcsmxtfyjnmhzrerxihrahaqtdkr/Build/Products/LightDebug-iphonesimulator/GodstoneLabMesh.app/GodstoneLabMesh normal (in target 'LabMesh' from project 'Godstone')
    cd /tmp/board1-rc15-work-final/wt_IOS-SOS-RETRY-001/ios
    /Applications/Xcode.app/Contents/Developer/Toolchains/XcodeDefault.xctoolchain/usr/bin/clang -Xlinker -reproducible -target arm64-apple-ios16.0-simulator -isysroot /Applications/Xcode.app/Contents/Developer/Platforms/iPhoneSimulator.platform/Developer/SDKs/iPhoneSimulator27.0.sdk -O0 -Xlinker -no_warn_duplicate_libraries -L/Users/oculus/Library/Developer/Xcode/DerivedData/Godstone-dcsmxtfyjnmhzrerxihrahaqtdkr/Build/Products/LightDebug-iphonesimulator -F/Users/oculus/Library/Developer/Xcode/DerivedData/Godstone-dcsmxtfyjnmhzrerxihrahaqtdkr/Build/Products/LightDebug-iphonesimulator/PackageFrameworks -F/Users/oculus/Library/Developer/Xcode/DerivedData/Godstone-dcsmxtfyjnmhzrerxihrahaqtdkr/Build/Products/LightDebug-iphonesimulator -Xlinker -rpath -Xlinker @executable_path -Xlinker -rpath -Xlinker @executable_path/Frameworks -rdynamic -Xlinker -no_deduplicate -Xlinker -objc_abi_version -Xlinker 2 -e ___debug_blank_executor_main -Xlinker -sectcreate -Xlinker __TEXT -Xlinker __debug_dylib -Xlinker /Users/oculus/Library/Developer/Xcode/DerivedData/Godstone-dcsmxtfyjnmhzrerxihrahaqtdkr/Build/Intermediates.noindex/Godstone.build/LightDebug-iphonesimulator/LabMesh.build/GodstoneLabMesh-DebugDylibPath-normal-arm64.txt -Xlinker -sectcreate -Xlinker __TEXT -Xlinker __debug_instlnm -Xlinker /Users/oculus/Library/Developer/Xcode/DerivedData/Godstone-dcsmxtfyjnmhzrerxihrahaqtdkr/Build/Intermediates.noindex/Godstone.build/LightDebug-iphonesimulator/LabMesh.build/GodstoneLabMesh-DebugDylibInstallName-normal-arm64.txt -Xlinker -filelist -Xlinker /Users/oculus/Library/Developer/Xcode/DerivedData/Godstone-dcsmxtfyjnmhzrerxihrahaqtdkr/Build/Intermediates.noindex/Godstone.build/LightDebug-iphonesimulator/LabMesh.build/GodstoneLabMesh-ExecutorLinkFileList-normal-arm64.txt /Users/oculus/Library/Developer/Xcode/DerivedData/Godstone-dcsmxtfyjnmhzrerxihrahaqtdkr/Build/Products/LightDebug-iphonesimulator/GodstoneLabMesh.app/GodstoneLabMesh.debug.dylib -o /Users/oculus/Library/Developer/Xcode/DerivedData/Godstone-dcsmxtfyjnmhzrerxihrahaqtdkr/Build/Products/LightDebug-iphonesimulator/GodstoneLabMesh.app/GodstoneLabMesh

ExtractAppIntentsMetadata (in target 'LabMesh' from project 'Godstone')
    cd /tmp/board1-rc15-work-final/wt_IOS-SOS-RETRY-001/ios
    /Applications/Xcode.app/Contents/Developer/Toolchains/XcodeDefault.xctoolchain/usr/bin/appintentsmetadataprocessor --toolchain-dir /Applications/Xcode.app/Contents/Developer/Toolchains/XcodeDefault.xctoolchain --module-name GodstoneLabMesh --sdk-root /Applications/Xcode.app/Contents/Developer/Platforms/iPhoneSimulator.platform/Developer/SDKs/iPhoneSimulator27.0.sdk --xcode-version 27A266a --platform-family iOS --deployment-target 16.0 --bundle-identifier io.godstone.labmesh --output /Users/oculus/Library/Developer/Xcode/DerivedData/Godstone-dcsmxtfyjnmhzrerxihrahaqtdkr/Build/Products/LightDebug-iphonesimulator/GodstoneLabMesh.app --target-triple arm64-apple-ios16.0-simulator --binary-file /Users/oculus/Library/Developer/Xcode/DerivedData/Godstone-dcsmxtfyjnmhzrerxihrahaqtdkr/Build/Products/LightDebug-iphonesimulator/GodstoneLabMesh.app/GodstoneLabMesh --dependency-file /Users/oculus/Library/Developer/Xcode/DerivedData/Godstone-dcsmxtfyjnmhzrerxihrahaqtdkr/Build/Intermediates.noindex/Godstone.build/LightDebug-iphonesimulator/LabMesh.build/Objects-normal/arm64/GodstoneLabMesh_dependency_info.dat --stringsdata-file /Users/oculus/Library/Developer/Xcode/DerivedData/Godstone-dcsmxtfyjnmhzrerxihrahaqtdkr/Build/Intermediates.noindex/Godstone.build/LightDebug-iphonesimulator/LabMesh.build/Objects-normal/arm64/ExtractedAppShortcutsMetadata.stringsdata --source-file-list /Users/oculus/Library/Developer/Xcode/DerivedData/Godstone-dcsmxtfyjnmhzrerxihrahaqtdkr/Build/Intermediates.noindex/Godstone.build/LightDebug-iphonesimulator/LabMesh.build/Objects-normal/arm64/GodstoneLabMesh.SwiftFileList --metadata-file-list /Users/oculus/Library/Developer/Xcode/DerivedData/Godstone-dcsmxtfyjnmhzrerxihrahaqtdkr/Build/Intermediates.noindex/Godstone.build/LightDebug-iphonesimulator/LabMesh.build/GodstoneLabMesh.DependencyMetadataFileList --static-metadata-file-list /Users/oculus/Library/Developer/Xcode/DerivedData/Godstone-dcsmxtfyjnmhzrerxihrahaqtdkr/Build/Intermediates.noindex/Godstone.build/LightDebug-iphonesimulator/LabMesh.build/GodstoneLabMesh.DependencyStaticMetadataFileList --swift-const-vals-list /Users/oculus/Library/Developer/Xcode/DerivedData/Godstone-dcsmxtfyjnmhzrerxihrahaqtdkr/Build/Intermediates.noindex/Godstone.build/LightDebug-iphonesimulator/LabMesh.build/Objects-normal/arm64/GodstoneLabMesh.SwiftConstValuesFileList --compile-time-extraction --deployment-aware-processing --no-app-shortcuts-localization
2026-10-03 19:43:33.442 appintentsmetadataprocessor[26899:44999159] Starting appintentsmetadataprocessor export
2026-10-03 19:43:33.443 appintentsmetadataprocessor[26899:44999159] warning: Metadata extraction skipped, no AppIntents.framework dependency found

CopySwiftLibs /Users/oculus/Library/Developer/Xcode/DerivedData/Godstone-dcsmxtfyjnmhzrerxihrahaqtdkr/Build/Products/LightDebug-iphonesimulator/GodstoneLabMesh.app (in target 'LabMesh' from project 'Godstone')
    cd /tmp/board1-rc15-work-final/wt_IOS-SOS-RETRY-001/ios
    builtin-swiftStdLibTool --copy --verbose --scan-executable /Users/oculus/Library/Developer/Xcode/DerivedData/Godstone-dcsmxtfyjnmhzrerxihrahaqtdkr/Build/Products/LightDebug-iphonesimulator/GodstoneLabMesh.app/GodstoneLabMesh.debug.dylib --scan-folder /Users/oculus/Library/Developer/Xcode/DerivedData/Godstone-dcsmxtfyjnmhzrerxihrahaqtdkr/Build/Products/LightDebug-iphonesimulator/GodstoneLabMesh.app/Frameworks --scan-folder /Users/oculus/Library/Developer/Xcode/DerivedData/Godstone-dcsmxtfyjnmhzrerxihrahaqtdkr/Build/Products/LightDebug-iphonesimulator/GodstoneLabMesh.app/PlugIns --scan-folder /Users/oculus/Library/Developer/Xcode/DerivedData/Godstone-dcsmxtfyjnmhzrerxihrahaqtdkr/Build/Products/LightDebug-iphonesimulator/GodstoneLabMesh.app/SystemExtensions --scan-folder /Users/oculus/Library/Developer/Xcode/DerivedData/Godstone-dcsmxtfyjnmhzrerxihrahaqtdkr/Build/Products/LightDebug-iphonesimulator/GodstoneLabMesh.app/Extensions --platform iphonesimulator --toolchain /Applications/Xcode.app/Contents/Developer/Toolchains/XcodeDefault.xctoolchain --destination /Users/oculus/Library/Developer/Xcode/DerivedData/Godstone-dcsmxtfyjnmhzrerxihrahaqtdkr/Build/Products/LightDebug-iphonesimulator/GodstoneLabMesh.app/Frameworks --strip-bitcode --strip-bitcode-tool /Applications/Xcode.app/Contents/Developer/Toolchains/XcodeDefault.xctoolchain/usr/bin/bitcode_strip --emit-dependency-info /Users/oculus/Library/Developer/Xcode/DerivedData/Godstone-dcsmxtfyjnmhzrerxihrahaqtdkr/Build/Intermediates.noindex/Godstone.build/LightDebug-iphonesimulator/LabMesh.build/SwiftStdLibToolInputDependencies.dep --filter-for-swift-os
Ignoring --strip-bitcode because --sign was not passed

PruneExplicitPrecompiledModules /Users/oculus/Library/Developer/Xcode/DerivedData/Godstone-dcsmxtfyjnmhzrerxihrahaqtdkr/Build/Intermediates.noindex/SwiftExplicitPrecompiledModules

PruneExplicitPrecompiledModules /Users/oculus/Library/Developer/Xcode/DerivedData/SDKExplicitPrecompiledModules

PruneExplicitPrecompiledModules /Users/oculus/Library/Developer/Xcode/DerivedData/Godstone-dcsmxtfyjnmhzrerxihrahaqtdkr/Build/Intermediates.noindex/ExplicitPrecompiledModules

2026-10-03 19:43:34.308044+0530 LabMeshUITests-Runner[26906:44999325] [Default] Running tests...
    t =      nans Interface orientation changed to Portrait
Test Suite 'All tests' started at 2026-10-03 19:43:34.886.
Test Suite 'LabMeshUITests.xctest' started at 2026-10-03 19:43:34.887.
Test Suite 'LabMeshAccessibilityUITests' started at 2026-10-03 19:43:34.887.
Test Case '-[LabMeshUITests.LabMeshAccessibilityUITests testGSINT001EveryEssentialControlIsReachableLabelledEnabledAndBigEnough]' started.
    t =     0.00s Start Test at 2026-10-03 19:43:34.887
    t =     0.02s Set Up
    t =     0.03s Open io.godstone.labmesh
    t =     0.03s     Launch io.godstone.labmesh
2026-10-03 19:43:34.986 xcodebuild[26874:44998821] [MT] IDELaunchParametersSnapshot: debugger version lookup failed for path '<nil>': noURL
2026-10-03 19:43:34.986 xcodebuild[26874:44998821] [MT] IDELaunchParametersSnapshot: no debugger version
    t =     0.50s         Setting up automation session
objc[26906]: Class UIAccessibilityLoaderWebShared is implemented in both /Library/Developer/CoreSimulator/Volumes/iOS_23F77/Library/Developer/CoreSimulator/Profiles/Runtimes/iOS 26.5.simruntime/Contents/Resources/RuntimeRoot/System/Library/AccessibilityBundles/WebCore.axbundle/WebCore (0x107100310) and /Library/Developer/CoreSimulator/Volumes/iOS_23F77/Library/Developer/CoreSimulator/Profiles/Runtimes/iOS 26.5.simruntime/Contents/Resources/RuntimeRoot/System/Library/AccessibilityBundles/WebKit.axbundle/WebKit (0x106510398). This may cause spurious casting failures and mysterious crashes. One of the duplicates must be removed or renamed.
    t =     1.11s         Wait for io.godstone.labmesh to idle
    t =     2.46s Checking existence of `"lab.tab.conversation" Button`
    t =     2.55s Checking existence of `"lab.tab.conversation" Button`
    t =     2.72s Checking existence of `"lab.tab.conversation" Button`
    t =     2.75s Waiting 20.0s for "lab.tab.conversation" Button to exist
    t =     3.82s     Checking `Expect predicate `existsNoRetry == 1` for object "lab.tab.conversation" Button`
    t =     3.82s         Checking existence of `"lab.tab.conversation" Button`
    t =     3.86s Tap "lab.tab.conversation" Button
    t =     3.86s     Wait for io.godstone.labmesh to idle
    t =     3.86s     Find the "lab.tab.conversation" Button
    t =     3.88s     Check for interrupting elements affecting "lab.tab.conversation" Button
    t =     3.89s     Synthesize event
    t =     4.19s     Wait for io.godstone.labmesh to idle
    t =     4.94s Waiting 20.0s for "lab.conversation.recipient" Any to exist
    t =     6.02s     Checking `Expect predicate `existsNoRetry == 1` for object "lab.conversation.recipient" Any`
    t =     6.02s         Checking existence of `"lab.conversation.recipient" Any`
    t =     6.08s Checking existence of `"lab.conversation.recipient" Any`
    t =     6.11s Find the "lab.conversation.recipient" Any
    t =     6.14s Find the "lab.conversation.recipient" Button
    t =     6.18s Find the "lab.conversation.recipient" Button
    t =     6.21s Find the "lab.conversation.recipient" Button
    t =     6.23s Find the "lab.conversation.recipient" Button
    t =     6.26s Find the "lab.conversation.recipient" Button
    t =     6.29s Find the "lab.conversation.recipient" Button
    t =     6.32s Waiting 20.0s for "lab.conversation.send" Any to exist
    t =     7.39s     Checking `Expect predicate `existsNoRetry == 1` for object "lab.conversation.send" Any`
    t =     7.39s         Checking existence of `"lab.conversation.send" Any`
    t =     7.45s Checking existence of `"lab.conversation.send" Any`
    t =     7.48s Find the "lab.conversation.send" Any
    t =     7.52s Find the "lab.conversation.send" Button
    t =     7.56s Checking existence of `ScrollView (First Match)`
    t =     7.57s Swipe up ScrollView (First Match)
    t =     7.57s     Wait for io.godstone.labmesh to idle
    t =     7.57s     Find the ScrollView (First Match)
    t =     7.58s     Check for interrupting elements affecting ScrollView
    t =     7.60s     Synthesize event
    t =     8.03s     Wait for io.godstone.labmesh to idle
    t =     8.57s Checking existence of `"lab.conversation.send" Button`
    t =     8.63s Find the "lab.conversation.send" Button
    t =     8.66s Find the "lab.conversation.send" Button
    t =     8.70s Find the "lab.conversation.send" Button
    t =     8.74s Find the "lab.conversation.send" Button
    t =     8.77s Find the "lab.conversation.send" Button
    t =     8.80s Find the "lab.conversation.send" Button
    t =     8.84s Checking existence of `"lab.tab.sos" Button`
    t =     8.85s Waiting 20.0s for "lab.tab.sos" Button to exist
    t =     9.93s     Checking `Expect predicate `existsNoRetry == 1` for object "lab.tab.sos" Button`
    t =     9.93s         Checking existence of `"lab.tab.sos" Button`
    t =     9.96s Tap "lab.tab.sos" Button
    t =     9.96s     Wait for io.godstone.labmesh to idle
    t =     9.97s     Find the "lab.tab.sos" Button
    t =     9.98s     Check for interrupting elements affecting "lab.tab.sos" Button
    t =    10.00s     Synthesize event
    t =    10.28s     Wait for io.godstone.labmesh to idle
    t =    11.69s Waiting 20.0s for "lab.sos.hold" Any to exist
    t =    12.77s     Checking `Expect predicate `existsNoRetry == 1` for object "lab.sos.hold" Any`
    t =    12.77s         Checking existence of `"lab.sos.hold" Any`
    t =    12.81s Checking existence of `"lab.sos.hold" Any`
    t =    12.84s Find the "lab.sos.hold" Any
    t =    12.88s Find the "lab.sos.hold" StaticText
    t =    12.91s Find the "lab.sos.hold" StaticText
    t =    12.94s Find the "lab.sos.hold" StaticText
    t =    12.98s Waiting 20.0s for "lab.sos.cancel" Any to exist
    t =    14.04s     Checking `Expect predicate `existsNoRetry == 1` for object "lab.sos.cancel" Any`
    t =    14.04s         Checking existence of `"lab.sos.cancel" Any`
    t =    14.10s Checking existence of `"lab.sos.cancel" Any`
    t =    14.13s Find the "lab.sos.cancel" Any
    t =    14.17s Find the "lab.sos.cancel" Button
    t =    14.20s Find the "lab.sos.cancel" Button
    t =    14.23s Find the "lab.sos.cancel" Button
    t =    14.27s Waiting 20.0s for "lab.sos.retry" Any to exist
    t =    15.34s     Checking `Expect predicate `existsNoRetry == 1` for object "lab.sos.retry" Any`
    t =    15.34s         Checking existence of `"lab.sos.retry" Any`
    t =    15.39s         Capturing element debug description
    t =    16.35s     Checking `Expect predicate `existsNoRetry == 1` for object "lab.sos.retry" Any`
    t =    16.35s         Checking existence of `"lab.sos.retry" Any`
    t =    16.42s         Capturing element debug description
    t =    17.28s     Checking `Expect predicate `existsNoRetry == 1` for object "lab.sos.retry" Any`
    t =    17.28s         Checking existence of `"lab.sos.retry" Any`
    t =    17.36s         Capturing element debug description
    t =    18.33s     Checking `Expect predicate `existsNoRetry == 1` for object "lab.sos.retry" Any`
    t =    18.33s         Checking existence of `"lab.sos.retry" Any`
    t =    18.41s         Capturing element debug description
    t =    19.27s     Checking `Expect predicate `existsNoRetry == 1` for object "lab.sos.retry" Any`
    t =    19.28s         Checking existence of `"lab.sos.retry" Any`
    t =    19.35s         Capturing element debug description
    t =    20.31s     Checking `Expect predicate `existsNoRetry == 1` for object "lab.sos.retry" Any`
    t =    20.31s         Checking existence of `"lab.sos.retry" Any`
    t =    20.39s         Capturing element debug description
    t =    21.36s     Checking `Expect predicate `existsNoRetry == 1` for object "lab.sos.retry" Any`
    t =    21.36s         Checking existence of `"lab.sos.retry" Any`
    t =    21.41s         Capturing element debug description
    t =    22.37s     Checking `Expect predicate `existsNoRetry == 1` for object "lab.sos.retry" Any`
    t =    22.37s         Checking existence of `"lab.sos.retry" Any`
    t =    22.44s         Capturing element debug description
    t =    23.29s     Checking `Expect predicate `existsNoRetry == 1` for object "lab.sos.retry" Any`
    t =    23.29s         Checking existence of `"lab.sos.retry" Any`
    t =    23.37s         Capturing element debug description
    t =    24.33s     Checking `Expect predicate `existsNoRetry == 1` for object "lab.sos.retry" Any`
    t =    24.33s         Checking existence of `"lab.sos.retry" Any`
    t =    24.41s         Capturing element debug description
    t =    25.37s     Checking `Expect predicate `existsNoRetry == 1` for object "lab.sos.retry" Any`
    t =    25.37s         Checking existence of `"lab.sos.retry" Any`
    t =    25.42s         Capturing element debug description
    t =    26.28s     Checking `Expect predicate `existsNoRetry == 1` for object "lab.sos.retry" Any`
    t =    26.28s         Checking existence of `"lab.sos.retry" Any`
    t =    26.36s         Capturing element debug description
    t =    27.32s     Checking `Expect predicate `existsNoRetry == 1` for object "lab.sos.retry" Any`
    t =    27.33s         Checking existence of `"lab.sos.retry" Any`
    t =    27.42s         Capturing element debug description
    t =    28.28s     Checking `Expect predicate `existsNoRetry == 1` for object "lab.sos.retry" Any`
    t =    28.28s         Checking existence of `"lab.sos.retry" Any`
    t =    28.35s         Capturing element debug description
    t =    29.32s     Checking `Expect predicate `existsNoRetry == 1` for object "lab.sos.retry" Any`
    t =    29.32s         Checking existence of `"lab.sos.retry" Any`
    t =    29.39s         Capturing element debug description
    t =    30.35s     Checking `Expect predicate `existsNoRetry == 1` for object "lab.sos.retry" Any`
    t =    30.35s         Checking existence of `"lab.sos.retry" Any`
    t =    30.44s         Capturing element debug description
    t =    31.30s     Checking `Expect predicate `existsNoRetry == 1` for object "lab.sos.retry" Any`
    t =    31.30s         Checking existence of `"lab.sos.retry" Any`
    t =    31.37s         Capturing element debug description
    t =    32.33s     Checking `Expect predicate `existsNoRetry == 1` for object "lab.sos.retry" Any`
    t =    32.33s         Checking existence of `"lab.sos.retry" Any`
    t =    32.40s         Capturing element debug description
    t =    33.34s     Checking `Expect predicate `existsNoRetry == 1` for object "lab.sos.retry" Any`
    t =    33.34s         Checking existence of `"lab.sos.retry" Any`
    t =    33.41s         Capturing element debug description
    t =    34.27s     Checking `Expect predicate `existsNoRetry == 1` for object "lab.sos.retry" Any`
    t =    34.28s         Checking existence of `"lab.sos.retry" Any`
    t =    34.35s         Capturing element debug description
    t =    34.35s     Checking existence of `"lab.sos.retry" Any`
    t =    34.40s Collecting debug information to assist test failure triage
    t =    34.40s     Requesting snapshot of accessibility hierarchy for app with pid 26911
/tmp/board1-rc15-work-final/wt_IOS-SOS-RETRY-001/ios/Godstone/Tests/LabMeshUITests/LabMeshAccessibilityUITests.swift:240: error: -[LabMeshUITests.LabMeshAccessibilityUITests testGSINT001EveryEssentialControlIsReachableLabelledEnabledAndBigEnough] : XCTAssertTrue failed - *** THE ESSENTIAL CONTROL 'lab.sos.retry' ('Retry') MUST BE REACHABLE ON THE SOS SURFACE. ***
    t =    34.60s Tear Down
Test Case '-[LabMeshUITests.LabMeshAccessibilityUITests testGSINT001EveryEssentialControlIsReachableLabelledEnabledAndBigEnough]' failed (34.856 seconds).
Test Case '-[LabMeshUITests.LabMeshAccessibilityUITests testGSINT001TheDistressStateSurvivesRelaunchInTheSharedVocabulary]' started.
    t =     0.00s Start Test at 2026-10-03 19:44:09.745
    t =     0.03s Set Up
    t =     0.03s Open io.godstone.labmesh
    t =     0.03s     Launch io.godstone.labmesh
    t =     0.03s         Terminate io.godstone.labmesh:26911
2026-10-03 19:44:10.824 xcodebuild[26874:44998821] [MT] IDELaunchParametersSnapshot: debugger version lookup failed for path '<nil>': noURL
2026-10-03 19:44:10.824 xcodebuild[26874:44998821] [MT] IDELaunchParametersSnapshot: no debugger version
    t =     1.29s         Setting up automation session
    t =     1.94s         Wait for io.godstone.labmesh to idle
    t =     3.23s Checking existence of `"lab.tab.sos" Button`
    t =     3.33s Checking existence of `"lab.tab.sos" Button`
    t =     3.50s Checking existence of `"lab.tab.sos" Button`
    t =     3.52s Checking existence of `"lab.tab.sos" Button`
    t =     3.70s Checking existence of `"lab.tab.sos" Button`
    t =     3.73s Waiting 20.0s for "lab.tab.sos" Button to exist
    t =     4.78s     Checking `Expect predicate `existsNoRetry == 1` for object "lab.tab.sos" Button`
    t =     4.78s         Checking existence of `"lab.tab.sos" Button`
    t =     4.82s Tap "lab.tab.sos" Button
    t =     4.82s     Wait for io.godstone.labmesh to idle
    t =     4.82s     Find the "lab.tab.sos" Button
    t =     4.84s     Check for interrupting elements affecting "lab.tab.sos" Button
    t =     4.85s     Synthesize event
    t =     5.15s     Wait for io.godstone.labmesh to idle
    t =     6.55s Waiting 20.0s for "lab.sos.send" Button to exist
    t =     7.63s     Checking `Expect predicate `existsNoRetry == 1` for object "lab.sos.send" Button`
    t =     7.63s         Checking existence of `"lab.sos.send" Button`
    t =     7.67s Tap "lab.sos.send" Button
    t =     7.67s     Wait for io.godstone.labmesh to idle
    t =     7.67s     Find the "lab.sos.send" Button
    t =     7.69s     Check for interrupting elements affecting "lab.sos.send" Button
    t =     7.71s     Synthesize event
    t =     8.00s     Wait for io.godstone.labmesh to idle
    t =     9.05s Checking `Expect predicate `value BEGINSWITH "active: "` for object "lab.sos.state" Any`
    t =     9.05s     Find the "lab.sos.state" Any
    t =     9.11s Find the "lab.sos.state" Other
    t =     9.15s Terminate io.godstone.labmesh:27061
    t =    10.21s Open io.godstone.labmesh
    t =    10.21s     Launch io.godstone.labmesh
2026-10-03 19:44:19.960 xcodebuild[26874:44998821] [MT] IDELaunchParametersSnapshot: debugger version lookup failed for path '<nil>': noURL
2026-10-03 19:44:19.960 xcodebuild[26874:44998821] [MT] IDELaunchParametersSnapshot: no debugger version
    t =    10.43s         Setting up automation session
    t =    11.03s         Wait for io.godstone.labmesh to idle
    t =    12.31s Checking existence of `"lab.tab.sos" Button`
    t =    12.40s Checking existence of `"lab.tab.sos" Button`
    t =    12.58s Checking existence of `"lab.tab.sos" Button`
    t =    12.61s Checking existence of `"lab.tab.sos" Button`
    t =    12.79s Checking existence of `"lab.tab.sos" Button`
    t =    12.82s Waiting 20.0s for "lab.tab.sos" Button to exist
    t =    13.88s     Checking `Expect predicate `existsNoRetry == 1` for object "lab.tab.sos" Button`
    t =    13.88s         Checking existence of `"lab.tab.sos" Button`
    t =    13.92s Tap "lab.tab.sos" Button
    t =    13.92s     Wait for io.godstone.labmesh to idle
    t =    13.93s     Find the "lab.tab.sos" Button
    t =    13.95s     Check for interrupting elements affecting "lab.tab.sos" Button
    t =    13.96s     Synthesize event
    t =    14.25s     Wait for io.godstone.labmesh to idle
    t =    15.65s Waiting 20.0s for "lab.sos.state" Any to exist
    t =    16.72s     Checking `Expect predicate `existsNoRetry == 1` for object "lab.sos.state" Any`
    t =    16.72s         Checking existence of `"lab.sos.state" Any`
    t =    16.78s Find the "lab.sos.state" Any
    t =    16.82s Tear Down
Test Case '-[LabMeshUITests.LabMeshAccessibilityUITests testGSINT001TheDistressStateSurvivesRelaunchInTheSharedVocabulary]' passed (17.064 seconds).
Test Case '-[LabMeshUITests.LabMeshAccessibilityUITests testGSINT001TheLargestTextScaleReallyEnlargesTheLaidOutLayout]' started.
    t =     0.00s Start Test at 2026-10-03 19:44:26.809
    t =     0.03s Set Up
    t =     0.03s Open io.godstone.labmesh
    t =     0.03s     Launch io.godstone.labmesh
    t =     0.03s         Terminate io.godstone.labmesh:27104
2026-10-03 19:44:27.914 xcodebuild[26874:44998821] [MT] IDELaunchParametersSnapshot: debugger version lookup failed for path '<nil>': noURL
2026-10-03 19:44:27.914 xcodebuild[26874:44998821] [MT] IDELaunchParametersSnapshot: no debugger version
    t =     1.32s         Setting up automation session
    t =     1.96s         Wait for io.godstone.labmesh to idle
    t =     3.24s Checking existence of `"lab.tab.conversation" Button`
    t =     3.32s Checking existence of `"lab.tab.conversation" Button`
    t =     3.49s Checking existence of `"lab.tab.conversation" Button`
    t =     3.51s Checking existence of `"lab.tab.conversation" Button`
    t =     3.68s Checking existence of `"lab.tab.conversation" Button`
    t =     3.70s Waiting 40.0s for "lab.tab.conversation" Button to exist
    t =     4.76s     Checking `Expect predicate `existsNoRetry == 1` for object "lab.tab.conversation" Button`
    t =     4.76s         Checking existence of `"lab.tab.conversation" Button`
    t =     4.80s Tap "lab.tab.conversation" Button
    t =     4.80s     Wait for io.godstone.labmesh to idle
    t =     4.80s     Find the "lab.tab.conversation" Button
    t =     4.82s     Check for interrupting elements affecting "lab.tab.conversation" Button
    t =     4.84s     Synthesize event
    t =     5.12s     Wait for io.godstone.labmesh to idle
    t =     5.89s Waiting 30.0s for "lab.conversation.field" TextField to exist
    t =     6.95s     Checking `Expect predicate `existsNoRetry == 1` for object "lab.conversation.field" TextField`
    t =     6.95s         Checking existence of `"lab.conversation.field" TextField`
    t =     6.98s Find the "lab.conversation.field" TextField
    t =     7.01s Open io.godstone.labmesh
    t =     7.01s     Launch io.godstone.labmesh
    t =     7.01s         Terminate io.godstone.labmesh:27154
2026-10-03 19:44:34.892 xcodebuild[26874:44998821] [MT] IDELaunchParametersSnapshot: debugger version lookup failed for path '<nil>': noURL
2026-10-03 19:44:34.892 xcodebuild[26874:44998821] [MT] IDELaunchParametersSnapshot: no debugger version
    t =     8.30s         Setting up automation session
    t =     8.94s         Wait for io.godstone.labmesh to idle
    t =    10.22s Checking existence of `"lab.tab.conversation" Button`
    t =    10.28s Checking existence of `"lab.tab.conversation" Button`
    t =    10.45s Checking existence of `"lab.tab.conversation" Button`
    t =    10.47s Checking existence of `"lab.tab.conversation" Button`
    t =    10.65s Checking existence of `"lab.tab.conversation" Button`
    t =    10.69s Waiting 40.0s for "lab.tab.conversation" Button to exist
    t =    11.75s     Checking `Expect predicate `existsNoRetry == 1` for object "lab.tab.conversation" Button`
    t =    11.75s         Checking existence of `"lab.tab.conversation" Button`
    t =    11.78s Tap "lab.tab.conversation" Button
    t =    11.78s     Wait for io.godstone.labmesh to idle
    t =    11.79s     Find the "lab.tab.conversation" Button
    t =    11.81s     Check for interrupting elements affecting "lab.tab.conversation" Button
    t =    11.83s     Synthesize event
    t =    12.14s     Wait for io.godstone.labmesh to idle
    t =    12.89s Waiting 30.0s for "lab.conversation.field" TextField to exist
    t =    13.94s     Checking `Expect predicate `existsNoRetry == 1` for object "lab.conversation.field" TextField`
    t =    13.94s         Checking existence of `"lab.conversation.field" TextField`
    t =    13.98s Find the "lab.conversation.field" TextField
    t =    14.00s Tear Down
Test Case '-[LabMeshUITests.LabMeshAccessibilityUITests testGSINT001TheLargestTextScaleReallyEnlargesTheLaidOutLayout]' passed (14.246 seconds).
Test Case '-[LabMeshUITests.LabMeshAccessibilityUITests testGSINT001TheOutcomeChangeReachesTheAnnouncementDoor]' started.
    t =     0.00s Start Test at 2026-10-03 19:44:41.054
    t =     0.02s Set Up
    t =     0.02s Open io.godstone.labmesh
    t =     0.02s     Launch io.godstone.labmesh
    t =     0.02s         Terminate io.godstone.labmesh:27168
2026-10-03 19:44:42.157 xcodebuild[26874:44998821] [MT] IDELaunchParametersSnapshot: debugger version lookup failed for path '<nil>': noURL
2026-10-03 19:44:42.157 xcodebuild[26874:44998821] [MT] IDELaunchParametersSnapshot: no debugger version
    t =     1.32s         Setting up automation session
    t =     1.95s         Wait for io.godstone.labmesh to idle
    t =     3.23s Checking existence of `"lab.tab.conversation" Button`
    t =     3.31s Checking existence of `"lab.tab.conversation" Button`
    t =     3.49s Checking existence of `"lab.tab.conversation" Button`
    t =     3.51s Checking existence of `"lab.tab.conversation" Button`
    t =     3.69s Checking existence of `"lab.tab.conversation" Button`
    t =     3.72s Waiting 20.0s for "lab.tab.conversation" Button to exist
    t =     4.75s     Checking `Expect predicate `existsNoRetry == 1` for object "lab.tab.conversation" Button`
    t =     4.75s         Checking existence of `"lab.tab.conversation" Button`
    t =     4.79s Tap "lab.tab.conversation" Button
    t =     4.79s     Wait for io.godstone.labmesh to idle
    t =     4.80s     Find the "lab.tab.conversation" Button
    t =     4.81s     Check for interrupting elements affecting "lab.tab.conversation" Button
    t =     4.83s     Synthesize event
    t =     5.12s     Wait for io.godstone.labmesh to idle
    t =     5.89s Waiting 20.0s for "lab.a11y.announced" Any to exist
    t =     6.95s     Checking `Expect predicate `existsNoRetry == 1` for object "lab.a11y.announced" Any`
    t =     6.95s         Checking existence of `"lab.a11y.announced" Any`
    t =     7.01s Waiting 20.0s for "lab.conversation.octets" Any to exist
    t =     8.07s     Checking `Expect predicate `existsNoRetry == 1` for object "lab.conversation.octets" Any`
    t =     8.07s         Checking existence of `"lab.conversation.octets" Any`
    t =     8.13s Waiting 20.0s for "lab.conversation.linkstate" StaticText to exist
    t =     9.18s     Checking `Expect predicate `existsNoRetry == 1` for object "lab.conversation.linkstate" StaticText`
    t =     9.19s         Checking existence of `"lab.conversation.linkstate" StaticText`
    t =     9.22s Find the "lab.conversation.octets" Any
    t =     9.26s Find the "lab.conversation.octets" Other
    t =     9.29s Waiting 20.0s for "lab.conversation.field" TextField to exist
    t =    10.35s     Checking `Expect predicate `existsNoRetry == 1` for object "lab.conversation.field" TextField`
    t =    10.35s         Checking existence of `"lab.conversation.field" TextField`
    t =    10.38s Tap "lab.conversation.field" TextField
    t =    10.38s     Wait for io.godstone.labmesh to idle
    t =    10.38s     Find the "lab.conversation.field" TextField
    t =    10.40s     Check for interrupting elements affecting "lab.conversation.field" TextField
    t =    10.41s     Synthesize event
    t =    10.70s     Wait for io.godstone.labmesh to idle
    t =    10.78s Type '⛵️ الطريق مسدود' into "lab.conversation.field" TextField
    t =    10.78s     Wait for io.godstone.labmesh to idle
    t =    11.17s     Find the "lab.conversation.field" TextField
    t =    11.21s     Check for interrupting elements affecting "lab.conversation.field" TextField
    t =    11.24s     Synthesize event
    t =    11.68s     Wait for io.godstone.labmesh to idle
    t =    12.73s Checking `Expect predicate `value != "32/400 octets"` for object "lab.conversation.octets" Other`
    t =    12.73s     Find the "lab.conversation.octets" Other
    t =    12.83s Find the "lab.conversation.octets" Other
    t =    12.91s Get number of matches for: Descendants matching type Keyboard
    t =    12.93s Type '
' into Target Application 'io.godstone.labmesh'
    t =    12.93s     Wait for io.godstone.labmesh to idle
    t =    12.93s     Find the Target Application 'io.godstone.labmesh'
    t =    12.94s     Check for interrupting elements affecting "GodstoneLabMesh" Application
    t =    12.96s     Synthesize event
    t =    12.96s         Get number of matches for: Elements containing elements matching predicate 'hasKeyboardFocus == 1'
    t =    13.19s     Wait for io.godstone.labmesh to idle
    t =    14.03s Waiting 10.0s for "lab.conversation.recipient" Any to exist
    t =    15.10s     Checking `Expect predicate `existsNoRetry == 1` for object "lab.conversation.recipient" Any`
    t =    15.10s         Checking existence of `"lab.conversation.recipient" Any`
    t =    15.14s Tap "lab.conversation.recipient" Any
    t =    15.14s     Wait for io.godstone.labmesh to idle
    t =    15.15s     Find the "lab.conversation.recipient" Any
    t =    15.18s     Check for interrupting elements affecting "lab.conversation.recipient" Button
    t =    15.20s     Synthesize event
    t =    15.49s     Wait for io.godstone.labmesh to idle
    t =    16.61s Waiting 3.0s for "B" Button to exist
    t =    17.67s     Checking `Expect predicate `existsNoRetry == 1` for object "B" Button`
    t =    17.67s         Checking existence of `"B" Button`
    t =    17.72s Tap "B" Button
    t =    17.72s     Wait for io.godstone.labmesh to idle
    t =    17.72s     Find the "B" Button
    t =    17.74s     Check for interrupting elements affecting "B" Button
    t =    17.76s     Synthesize event
    t =    18.05s     Wait for io.godstone.labmesh to idle
    t =    19.46s Find the "lab.conversation.linkstate" StaticText
    t =    19.50s Find the "lab.conversation.linkstate" StaticText
    t =    19.52s Waiting 20.0s for "lab.conversation.send" Button to exist
    t =    20.57s     Checking `Expect predicate `existsNoRetry == 1` for object "lab.conversation.send" Button`
    t =    20.57s         Checking existence of `"lab.conversation.send" Button`
    t =    20.60s Checking existence of `"lab.conversation.send" Button`
    t =    20.62s Find the "lab.conversation.send" Button
    t =    20.64s Find the "lab.conversation.send" Button
    t =    20.66s Waiting 20.0s for "lab.conversation.outcome" Any to exist
    t =    21.71s     Checking `Expect predicate `existsNoRetry == 1` for object "lab.conversation.outcome" Any`
    t =    21.71s         Checking existence of `"lab.conversation.outcome" Any`
    t =    21.77s Tap "lab.conversation.send" Button
    t =    21.78s     Wait for io.godstone.labmesh to idle
    t =    21.78s     Find the "lab.conversation.send" Button
    t =    21.79s     Check for interrupting elements affecting "lab.conversation.send" Button
    t =    21.81s     Synthesize event
    t =    22.10s     Wait for io.godstone.labmesh to idle
    t =    23.17s Checking `Expect predicate `label != "nothing sent yet"` for object "lab.conversation.outcome" Any`
    t =    23.17s     Find the "lab.conversation.outcome" Any
    t =    23.23s Find the "lab.conversation.outcome" StaticText
    t =    23.26s Find the "lab.a11y.announced" Any
    t =    23.30s Find the "lab.a11y.announced" Other
    t =    23.33s Tear Down
Test Case '-[LabMeshUITests.LabMeshAccessibilityUITests testGSINT001TheOutcomeChangeReachesTheAnnouncementDoor]' passed (23.601 seconds).
Test Case '-[LabMeshUITests.LabMeshAccessibilityUITests testGSINT001TheRecipientSelectionMovesTheRenderedState]' started.
    t =     0.00s Start Test at 2026-10-03 19:45:04.657
    t =     0.03s Set Up
    t =     0.03s Open io.godstone.labmesh
    t =     0.03s     Launch io.godstone.labmesh
    t =     0.03s         Terminate io.godstone.labmesh:27203
2026-10-03 19:45:05.782 xcodebuild[26874:44998821] [MT] IDELaunchParametersSnapshot: debugger version lookup failed for path '<nil>': noURL
2026-10-03 19:45:05.783 xcodebuild[26874:44998821] [MT] IDELaunchParametersSnapshot: no debugger version
    t =     1.34s         Setting up automation session
    t =     1.99s         Wait for io.godstone.labmesh to idle
    t =     3.26s Checking existence of `"lab.tab.conversation" Button`
    t =     3.34s Checking existence of `"lab.tab.conversation" Button`
    t =     3.51s Checking existence of `"lab.tab.conversation" Button`
    t =     3.54s Checking existence of `"lab.tab.conversation" Button`
    t =     3.71s Checking existence of `"lab.tab.conversation" Button`
    t =     3.74s Waiting 20.0s for "lab.tab.conversation" Button to exist
    t =     4.78s     Checking `Expect predicate `existsNoRetry == 1` for object "lab.tab.conversation" Button`
    t =     4.78s         Checking existence of `"lab.tab.conversation" Button`
    t =     4.81s Tap "lab.tab.conversation" Button
    t =     4.81s     Wait for io.godstone.labmesh to idle
    t =     4.81s     Find the "lab.tab.conversation" Button
    t =     4.83s     Check for interrupting elements affecting "lab.tab.conversation" Button
    t =     4.85s     Synthesize event
    t =     5.13s     Wait for io.godstone.labmesh to idle
    t =     5.89s Waiting 20.0s for "lab.conversation.linkstate" StaticText to exist
    t =     6.93s     Checking `Expect predicate `existsNoRetry == 1` for object "lab.conversation.linkstate" StaticText`
    t =     6.93s         Checking existence of `"lab.conversation.linkstate" StaticText`
    t =     6.95s Waiting 20.0s for "lab.conversation.recipient" Any to exist
    t =     8.01s     Checking `Expect predicate `existsNoRetry == 1` for object "lab.conversation.recipient" Any`
    t =     8.02s         Checking existence of `"lab.conversation.recipient" Any`
    t =     8.07s Find the "lab.conversation.linkstate" StaticText
    t =     8.09s Tap "lab.conversation.recipient" Any
    t =     8.09s     Wait for io.godstone.labmesh to idle
    t =     8.09s     Find the "lab.conversation.recipient" Any
    t =     8.12s     Check for interrupting elements affecting "lab.conversation.recipient" Button
    t =     8.14s     Synthesize event
    t =     8.43s     Wait for io.godstone.labmesh to idle
    t =     9.56s Waiting 5.0s for "R" Button to exist
    t =    10.60s     Checking `Expect predicate `existsNoRetry == 1` for object "R" Button`
    t =    10.60s         Checking existence of `"R" Button`
    t =    10.65s Tap "R" Button
    t =    10.65s     Wait for io.godstone.labmesh to idle
    t =    10.65s     Find the "R" Button
    t =    10.67s     Check for interrupting elements affecting "R" Button
    t =    10.69s     Synthesize event
    t =    10.97s     Wait for io.godstone.labmesh to idle
    t =    12.41s Find the "lab.conversation.linkstate" StaticText
    t =    12.43s Tear Down
Test Case '-[LabMeshUITests.LabMeshAccessibilityUITests testGSINT001TheRecipientSelectionMovesTheRenderedState]' passed (12.718 seconds).
Test Case '-[LabMeshUITests.LabMeshAccessibilityUITests testGSINT001TheRosterSurvivesDefaultScaleLTR]' started.
    t =     0.00s Start Test at 2026-10-03 19:45:17.375
    t =     0.03s Set Up
    t =     0.03s Open io.godstone.labmesh
    t =     0.03s     Launch io.godstone.labmesh
    t =     0.03s         Terminate io.godstone.labmesh:27267
2026-10-03 19:45:18.475 xcodebuild[26874:44998821] [MT] IDELaunchParametersSnapshot: debugger version lookup failed for path '<nil>': noURL
2026-10-03 19:45:18.475 xcodebuild[26874:44998821] [MT] IDELaunchParametersSnapshot: no debugger version
    t =     1.31s         Setting up automation session
    t =     2.01s         Wait for io.godstone.labmesh to idle
    t =     3.28s Checking existence of `"lab.tab.conversation" Button`
    t =     3.36s Checking existence of `"lab.tab.conversation" Button`
    t =     3.54s Checking existence of `"lab.tab.conversation" Button`
    t =     3.56s Checking existence of `"lab.tab.conversation" Button`
    t =     3.73s Checking existence of `"lab.tab.conversation" Button`
    t =     3.75s Waiting 40.0s for "lab.tab.conversation" Button to exist
    t =     4.80s     Checking `Expect predicate `existsNoRetry == 1` for object "lab.tab.conversation" Button`
    t =     4.80s         Checking existence of `"lab.tab.conversation" Button`
    t =     4.83s Tap "lab.tab.conversation" Button
    t =     4.83s     Wait for io.godstone.labmesh to idle
    t =     4.84s     Find the "lab.tab.conversation" Button
    t =     4.86s     Check for interrupting elements affecting "lab.tab.conversation" Button
    t =     4.87s     Synthesize event
    t =     5.16s     Wait for io.godstone.labmesh to idle
    t =     5.91s Waiting 30.0s for "lab.conversation.field" Any to exist
    t =     6.95s     Checking `Expect predicate `existsNoRetry == 1` for object "lab.conversation.field" Any`
    t =     6.95s         Checking existence of `"lab.conversation.field" Any`
    t =     7.01s Checking existence of `"lab.conversation.field" Any`
    t =     7.04s Find the "lab.conversation.field" Any
    t =     7.07s Waiting 30.0s for "lab.conversation.send" Any to exist
    t =     8.13s     Checking `Expect predicate `existsNoRetry == 1` for object "lab.conversation.send" Any`
    t =     8.13s         Checking existence of `"lab.conversation.send" Any`
    t =     8.19s Checking existence of `"lab.conversation.send" Any`
    t =     8.22s Find the "lab.conversation.send" Any
    t =     8.26s Waiting 30.0s for "lab.conversation.octets" Any to exist
    t =     9.31s     Checking `Expect predicate `existsNoRetry == 1` for object "lab.conversation.octets" Any`
    t =     9.31s         Checking existence of `"lab.conversation.octets" Any`
    t =     9.37s Checking existence of `"lab.conversation.octets" Any`
    t =     9.40s Find the "lab.conversation.octets" Any
    t =     9.44s Waiting 30.0s for "lab.conversation.linkstate" Any to exist
    t =    10.50s     Checking `Expect predicate `existsNoRetry == 1` for object "lab.conversation.linkstate" Any`
    t =    10.50s         Checking existence of `"lab.conversation.linkstate" Any`
    t =    10.53s Checking existence of `"lab.conversation.linkstate" Any`
    t =    10.56s Find the "lab.conversation.linkstate" Any
    t =    10.59s Waiting 30.0s for "lab.conversation.outcome" Any to exist
    t =    11.64s     Checking `Expect predicate `existsNoRetry == 1` for object "lab.conversation.outcome" Any`
    t =    11.64s         Checking existence of `"lab.conversation.outcome" Any`
    t =    11.70s Find the "lab.conversation.outcome" Any
    t =    11.73s Waiting 30.0s for "lab.conversation.recipient" Any to exist
    t =    12.79s     Checking `Expect predicate `existsNoRetry == 1` for object "lab.conversation.recipient" Any`
    t =    12.79s         Checking existence of `"lab.conversation.recipient" Any`
    t =    12.84s Find the "lab.conversation.recipient" Any
    t =    12.87s Find the "lab.conversation.recipient" Button
    t =    12.90s Checking existence of `"lab.conversation.recipient" Button`
    t =    12.93s Find the "lab.conversation.recipient" Button
    t =    12.96s Waiting 30.0s for "lab.conversation.send" Any to exist
    t =    14.03s     Checking `Expect predicate `existsNoRetry == 1` for object "lab.conversation.send" Any`
    t =    14.03s         Checking existence of `"lab.conversation.send" Any`
    t =    14.08s Find the "lab.conversation.send" Any
    t =    14.11s Find the "lab.conversation.send" Button
    t =    14.14s Checking existence of `"lab.conversation.send" Button`
    t =    14.17s Find the "lab.conversation.send" Button
    t =    14.21s Checking existence of `"lab.conversation.send" Button`
    t =    14.22s Find the "lab.conversation.send" Button
    t =    14.24s Find the "lab.conversation.send" Button
    t =    14.26s Checking existence of `ScrollView (First Match)`
    t =    14.27s Swipe up ScrollView (First Match)
    t =    14.27s     Wait for io.godstone.labmesh to idle
    t =    14.27s     Find the ScrollView (First Match)
    t =    14.28s     Check for interrupting elements affecting ScrollView
    t =    14.29s     Synthesize event
    t =    14.73s     Wait for io.godstone.labmesh to idle
    t =    15.32s Checking existence of `"lab.conversation.send" Button`
    t =    15.34s Find the "lab.conversation.send" Button
    t =    15.36s Find the "lab.conversation.send" Button
    t =    15.38s Tap "lab.conversation.send" Button
    t =    15.38s     Wait for io.godstone.labmesh to idle
    t =    15.38s     Find the "lab.conversation.send" Button
    t =    15.40s     Check for interrupting elements affecting "lab.conversation.send" Button
    t =    15.41s     Synthesize event
    t =    15.70s     Wait for io.godstone.labmesh to idle
    t =    15.70s Checking existence of `"lab.tab.sos" Button`
    t =    15.72s Waiting 40.0s for "lab.tab.sos" Button to exist
    t =    16.79s     Checking `Expect predicate `existsNoRetry == 1` for object "lab.tab.sos" Button`
    t =    16.79s         Checking existence of `"lab.tab.sos" Button`
    t =    16.82s Tap "lab.tab.sos" Button
    t =    16.82s     Wait for io.godstone.labmesh to idle
    t =    16.82s     Find the "lab.tab.sos" Button
    t =    16.84s     Check for interrupting elements affecting "lab.tab.sos" Button
    t =    16.86s     Synthesize event
    t =    17.15s     Wait for io.godstone.labmesh to idle
    t =    18.56s Waiting 30.0s for "lab.sos.hold" Any to exist
    t =    19.62s     Checking `Expect predicate `existsNoRetry == 1` for object "lab.sos.hold" Any`
    t =    19.62s         Checking existence of `"lab.sos.hold" Any`
    t =    19.67s Find the "lab.sos.hold" Any
    t =    19.70s Checking existence of `"lab.sos.hold" StaticText`
    t =    19.73s Find the "lab.sos.hold" StaticText
    t =    19.76s Waiting 30.0s for "lab.sos.cancel" Any to exist
    t =    20.84s     Checking `Expect predicate `existsNoRetry == 1` for object "lab.sos.cancel" Any`
    t =    20.84s         Checking existence of `"lab.sos.cancel" Any`
    t =    20.90s Find the "lab.sos.cancel" Any
    t =    20.94s Checking existence of `"lab.sos.cancel" Button`
    t =    20.97s Find the "lab.sos.cancel" Button
    t =    21.01s Waiting 30.0s for "lab.sos.retry" Any to exist
    t =    22.05s     Checking `Expect predicate `existsNoRetry == 1` for object "lab.sos.retry" Any`
    t =    22.05s         Checking existence of `"lab.sos.retry" Any`
    t =    22.12s         Capturing element debug description
    t =    23.05s     Checking `Expect predicate `existsNoRetry == 1` for object "lab.sos.retry" Any`
    t =    23.05s         Checking existence of `"lab.sos.retry" Any`
    t =    23.13s         Capturing element debug description
    t =    24.09s     Checking `Expect predicate `existsNoRetry == 1` for object "lab.sos.retry" Any`
    t =    24.09s         Checking existence of `"lab.sos.retry" Any`
    t =    24.16s         Capturing element debug description
    t =    25.02s     Checking `Expect predicate `existsNoRetry == 1` for object "lab.sos.retry" Any`
    t =    25.02s         Checking existence of `"lab.sos.retry" Any`
    t =    25.08s         Capturing element debug description
    t =    26.01s     Checking `Expect predicate `existsNoRetry == 1` for object "lab.sos.retry" Any`
    t =    26.01s         Checking existence of `"lab.sos.retry" Any`
    t =    26.07s         Capturing element debug description
    t =    27.03s     Checking `Expect predicate `existsNoRetry == 1` for object "lab.sos.retry" Any`
    t =    27.03s         Checking existence of `"lab.sos.retry" Any`
    t =    27.10s         Capturing element debug description
    t =    28.07s     Checking `Expect predicate `existsNoRetry == 1` for object "lab.sos.retry" Any`
    t =    28.07s         Checking existence of `"lab.sos.retry" Any`
    t =    28.13s         Capturing element debug description
    t =    29.05s     Checking `Expect predicate `existsNoRetry == 1` for object "lab.sos.retry" Any`
    t =    29.05s         Checking existence of `"lab.sos.retry" Any`
    t =    29.13s         Capturing element debug description
    t =    30.09s     Checking `Expect predicate `existsNoRetry == 1` for object "lab.sos.retry" Any`
    t =    30.09s         Checking existence of `"lab.sos.retry" Any`
    t =    30.16s         Capturing element debug description
    t =    31.01s     Checking `Expect predicate `existsNoRetry == 1` for object "lab.sos.retry" Any`
    t =    31.01s         Checking existence of `"lab.sos.retry" Any`
    t =    31.08s         Capturing element debug description
    t =    32.05s     Checking `Expect predicate `existsNoRetry == 1` for object "lab.sos.retry" Any`
    t =    32.05s         Checking existence of `"lab.sos.retry" Any`
    t =    32.12s         Capturing element debug description
    t =    33.08s     Checking `Expect predicate `existsNoRetry == 1` for object "lab.sos.retry" Any`
    t =    33.08s         Checking existence of `"lab.sos.retry" Any`
    t =    33.15s         Capturing element debug description
    t =    34.09s     Checking `Expect predicate `existsNoRetry == 1` for object "lab.sos.retry" Any`
    t =    34.09s         Checking existence of `"lab.sos.retry" Any`
    t =    34.16s         Capturing element debug description
    t =    35.10s     Checking `Expect predicate `existsNoRetry == 1` for object "lab.sos.retry" Any`
    t =    35.11s         Checking existence of `"lab.sos.retry" Any`
    t =    35.17s         Capturing element debug description
    t =    36.01s     Checking `Expect predicate `existsNoRetry == 1` for object "lab.sos.retry" Any`
    t =    36.01s         Checking existence of `"lab.sos.retry" Any`
    t =    36.07s         Capturing element debug description
    t =    37.02s     Checking `Expect predicate `existsNoRetry == 1` for object "lab.sos.retry" Any`
    t =    37.03s         Checking existence of `"lab.sos.retry" Any`
    t =    37.10s         Capturing element debug description
    t =    38.04s     Checking `Expect predicate `existsNoRetry == 1` for object "lab.sos.retry" Any`
    t =    38.04s         Checking existence of `"lab.sos.retry" Any`
    t =    38.11s         Capturing element debug description
    t =    39.06s     Checking `Expect predicate `existsNoRetry == 1` for object "lab.sos.retry" Any`
    t =    39.06s         Checking existence of `"lab.sos.retry" Any`
    t =    39.14s         Capturing element debug description
    t =    40.07s     Checking `Expect predicate `existsNoRetry == 1` for object "lab.sos.retry" Any`
    t =    40.07s         Checking existence of `"lab.sos.retry" Any`
    t =    40.14s         Capturing element debug description
    t =    41.08s     Checking `Expect predicate `existsNoRetry == 1` for object "lab.sos.retry" Any`
    t =    41.08s         Checking existence of `"lab.sos.retry" Any`
    t =    41.13s         Capturing element debug description
    t =    42.08s     Checking `Expect predicate `existsNoRetry == 1` for object "lab.sos.retry" Any`
    t =    42.08s         Checking existence of `"lab.sos.retry" Any`
    t =    42.15s         Capturing element debug description
    t =    43.01s     Checking `Expect predicate `existsNoRetry == 1` for object "lab.sos.retry" Any`
    t =    43.01s         Checking existence of `"lab.sos.retry" Any`
    t =    43.08s         Capturing element debug description
    t =    44.03s     Checking `Expect predicate `existsNoRetry == 1` for object "lab.sos.retry" Any`
    t =    44.03s         Checking existence of `"lab.sos.retry" Any`
    t =    44.10s         Capturing element debug description
    t =    45.03s     Checking `Expect predicate `existsNoRetry == 1` for object "lab.sos.retry" Any`
    t =    45.03s         Checking existence of `"lab.sos.retry" Any`
    t =    45.07s         Capturing element debug description
    t =    46.01s     Checking `Expect predicate `existsNoRetry == 1` for object "lab.sos.retry" Any`
    t =    46.01s         Checking existence of `"lab.sos.retry" Any`
    t =    46.09s         Capturing element debug description
    t =    47.05s     Checking `Expect predicate `existsNoRetry == 1` for object "lab.sos.retry" Any`
    t =    47.05s         Checking existence of `"lab.sos.retry" Any`
    t =    47.12s         Capturing element debug description
    t =    48.07s     Checking `Expect predicate `existsNoRetry == 1` for object "lab.sos.retry" Any`
    t =    48.07s         Checking existence of `"lab.sos.retry" Any`
    t =    48.15s         Capturing element debug description
    t =    49.10s     Checking `Expect predicate `existsNoRetry == 1` for object "lab.sos.retry" Any`
    t =    49.10s         Checking existence of `"lab.sos.retry" Any`
    t =    49.17s         Capturing element debug description
    t =    50.01s     Checking `Expect predicate `existsNoRetry == 1` for object "lab.sos.retry" Any`
    t =    50.01s         Checking existence of `"lab.sos.retry" Any`
    t =    50.09s         Capturing element debug description
    t =    51.02s     Checking `Expect predicate `existsNoRetry == 1` for object "lab.sos.retry" Any`
    t =    51.02s         Checking existence of `"lab.sos.retry" Any`
    t =    51.09s         Capturing element debug description
    t =    51.09s     Checking existence of `"lab.sos.retry" Any`
    t =    51.14s Collecting debug information to assist test failure triage
    t =    51.14s     Requesting snapshot of accessibility hierarchy for app with pid 27319
/tmp/board1-rc15-work-final/wt_IOS-SOS-RETRY-001/ios/Godstone/Tests/LabMeshUITests/LabMeshAccessibilityUITests.swift:518: error: -[LabMeshUITests.LabMeshAccessibilityUITests testGSINT001TheRosterSurvivesDefaultScaleLTR] : XCTAssertTrue failed - *** [$label] THE ESSENTIAL 'lab.sos.retry' ('Retry') MUST STAND ON THE SOS SURFACE IN THIS COMBINATION. ***
    t =    51.16s Tear Down
Test Case '-[LabMeshUITests.LabMeshAccessibilityUITests testGSINT001TheRosterSurvivesDefaultScaleLTR]' failed (51.407 seconds).
Test Case '-[LabMeshUITests.LabMeshAccessibilityUITests testGSINT001TheRosterSurvivesDefaultScaleRTL]' started.
    t =     0.00s Start Test at 2026-10-03 19:46:08.782
    t =     0.02s Set Up
    t =     0.03s Open io.godstone.labmesh
    t =     0.03s     Launch io.godstone.labmesh
    t =     0.03s         Terminate io.godstone.labmesh:27319
2026-10-03 19:46:09.882 xcodebuild[26874:44998821] [MT] IDELaunchParametersSnapshot: debugger version lookup failed for path '<nil>': noURL
2026-10-03 19:46:09.882 xcodebuild[26874:44998821] [MT] IDELaunchParametersSnapshot: no debugger version
    t =     1.31s         Setting up automation session
    t =     1.99s         Wait for io.godstone.labmesh to idle
    t =     3.28s Checking existence of `"lab.tab.conversation" Button`
    t =     3.33s Checking existence of `"lab.tab.conversation" Button`
    t =     3.51s Checking existence of `"lab.tab.conversation" Button`
    t =     3.53s Checking existence of `"lab.tab.conversation" Button`
    t =     3.70s Checking existence of `"lab.tab.conversation" Button`
    t =     3.73s Waiting 40.0s for "lab.tab.conversation" Button to exist
    t =     4.79s     Checking `Expect predicate `existsNoRetry == 1` for object "lab.tab.conversation" Button`
    t =     4.79s         Checking existence of `"lab.tab.conversation" Button`
    t =     4.83s Tap "lab.tab.conversation" Button
    t =     4.83s     Wait for io.godstone.labmesh to idle
    t =     4.83s     Find the "lab.tab.conversation" Button
    t =     4.85s     Check for interrupting elements affecting "lab.tab.conversation" Button
    t =     4.87s     Synthesize event
    t =     5.16s     Wait for io.godstone.labmesh to idle
    t =     5.94s Waiting 30.0s for "lab.conversation.field" Any to exist
    t =     6.99s     Checking `Expect predicate `existsNoRetry == 1` for object "lab.conversation.field" Any`
    t =     6.99s         Checking existence of `"lab.conversation.field" Any`
    t =     7.05s Checking existence of `"lab.conversation.field" Any`
    t =     7.08s Find the "lab.conversation.field" Any
    t =     7.11s Waiting 30.0s for "lab.conversation.send" Any to exist
    t =     8.17s     Checking `Expect predicate `existsNoRetry == 1` for object "lab.conversation.send" Any`
    t =     8.18s         Checking existence of `"lab.conversation.send" Any`
    t =     8.25s Checking existence of `"lab.conversation.send" Any`
    t =     8.28s Find the "lab.conversation.send" Any
    t =     8.31s Waiting 30.0s for "lab.conversation.octets" Any to exist
    t =     9.36s     Checking `Expect predicate `existsNoRetry == 1` for object "lab.conversation.octets" Any`
    t =     9.36s         Checking existence of `"lab.conversation.octets" Any`
    t =     9.42s Checking existence of `"lab.conversation.octets" Any`
    t =     9.45s Find the "lab.conversation.octets" Any
    t =     9.48s Waiting 30.0s for "lab.conversation.linkstate" Any to exist
    t =    10.53s     Checking `Expect predicate `existsNoRetry == 1` for object "lab.conversation.linkstate" Any`
    t =    10.53s         Checking existence of `"lab.conversation.linkstate" Any`
    t =    10.59s Checking existence of `"lab.conversation.linkstate" Any`
    t =    10.62s Find the "lab.conversation.linkstate" Any
    t =    10.65s Waiting 30.0s for "lab.conversation.outcome" Any to exist
    t =    11.70s     Checking `Expect predicate `existsNoRetry == 1` for object "lab.conversation.outcome" Any`
    t =    11.70s         Checking existence of `"lab.conversation.outcome" Any`
    t =    11.76s Find the "lab.conversation.outcome" Any
    t =    11.79s Waiting 30.0s for "lab.conversation.recipient" Any to exist
    t =    12.85s     Checking `Expect predicate `existsNoRetry == 1` for object "lab.conversation.recipient" Any`
    t =    12.85s         Checking existence of `"lab.conversation.recipient" Any`
    t =    12.91s Find the "lab.conversation.recipient" Any
    t =    12.94s Find the "lab.conversation.recipient" Button
    t =    12.97s Checking existence of `"lab.conversation.recipient" Button`
    t =    13.00s Find the "lab.conversation.recipient" Button
    t =    13.03s Waiting 30.0s for "lab.conversation.send" Any to exist
    t =    14.08s     Checking `Expect predicate `existsNoRetry == 1` for object "lab.conversation.send" Any`
    t =    14.08s         Checking existence of `"lab.conversation.send" Any`
    t =    14.12s Find the "lab.conversation.send" Any
    t =    14.15s Find the "lab.conversation.send" Button
    t =    14.18s Checking existence of `"lab.conversation.send" Button`
    t =    14.21s Find the "lab.conversation.send" Button
    t =    14.25s Checking existence of `"lab.conversation.send" Button`
    t =    14.26s Find the "lab.conversation.send" Button
    t =    14.27s Find the "lab.conversation.send" Button
    t =    14.30s Checking existence of `ScrollView (First Match)`
    t =    14.30s Swipe up ScrollView (First Match)
    t =    14.30s     Wait for io.godstone.labmesh to idle
    t =    14.31s     Find the ScrollView (First Match)
    t =    14.32s     Check for interrupting elements affecting ScrollView
    t =    14.33s     Synthesize event
    t =    14.76s     Wait for io.godstone.labmesh to idle
    t =    15.33s Checking existence of `"lab.conversation.send" Button`
    t =    15.36s Find the "lab.conversation.send" Button
    t =    15.38s Find the "lab.conversation.send" Button
    t =    15.40s Tap "lab.conversation.send" Button
    t =    15.40s     Wait for io.godstone.labmesh to idle
    t =    15.41s     Find the "lab.conversation.send" Button
    t =    15.42s     Check for interrupting elements affecting "lab.conversation.send" Button
    t =    15.43s     Synthesize event
    t =    15.72s     Wait for io.godstone.labmesh to idle
    t =    15.73s Checking existence of `"lab.tab.sos" Button`
    t =    15.74s Waiting 40.0s for "lab.tab.sos" Button to exist
    t =    16.81s     Checking `Expect predicate `existsNoRetry == 1` for object "lab.tab.sos" Button`
    t =    16.81s         Checking existence of `"lab.tab.sos" Button`
    t =    16.84s Tap "lab.tab.sos" Button
    t =    16.84s     Wait for io.godstone.labmesh to idle
    t =    16.84s     Find the "lab.tab.sos" Button
    t =    16.86s     Check for interrupting elements affecting "lab.tab.sos" Button
    t =    16.88s     Synthesize event
    t =    17.16s     Wait for io.godstone.labmesh to idle
    t =    18.38s Waiting 30.0s for "lab.sos.hold" Any to exist
    t =    19.44s     Checking `Expect predicate `existsNoRetry == 1` for object "lab.sos.hold" Any`
    t =    19.44s         Checking existence of `"lab.sos.hold" Any`
    t =    19.48s Find the "lab.sos.hold" Any
    t =    19.51s Checking existence of `"lab.sos.hold" StaticText`
    t =    19.54s Find the "lab.sos.hold" StaticText
    t =    19.56s Waiting 30.0s for "lab.sos.cancel" Any to exist
    t =    20.63s     Checking `Expect predicate `existsNoRetry == 1` for object "lab.sos.cancel" Any`
    t =    20.63s         Checking existence of `"lab.sos.cancel" Any`
    t =    20.67s Find the "lab.sos.cancel" Any
    t =    20.70s Checking existence of `"lab.sos.cancel" Button`
    t =    20.73s Find the "lab.sos.cancel" Button
    t =    20.76s Waiting 30.0s for "lab.sos.retry" Any to exist
    t =    21.83s     Checking `Expect predicate `existsNoRetry == 1` for object "lab.sos.retry" Any`
    t =    21.83s         Checking existence of `"lab.sos.retry" Any`
    t =    21.89s         Capturing element debug description
    t =    22.86s     Checking `Expect predicate `existsNoRetry == 1` for object "lab.sos.retry" Any`
    t =    22.86s         Checking existence of `"lab.sos.retry" Any`
    t =    22.91s         Capturing element debug description
    t =    23.77s     Checking `Expect predicate `existsNoRetry == 1` for object "lab.sos.retry" Any`
    t =    23.77s         Checking existence of `"lab.sos.retry" Any`
    t =    23.81s         Capturing element debug description
    t =    24.77s     Checking `Expect predicate `existsNoRetry == 1` for object "lab.sos.retry" Any`
    t =    24.77s         Checking existence of `"lab.sos.retry" Any`
    t =    24.83s         Capturing element debug description
    t =    25.78s     Checking `Expect predicate `existsNoRetry == 1` for object "lab.sos.retry" Any`
    t =    25.78s         Checking existence of `"lab.sos.retry" Any`
    t =    25.85s         Capturing element debug description
    t =    26.80s     Checking `Expect predicate `existsNoRetry == 1` for object "lab.sos.retry" Any`
    t =    26.80s         Checking existence of `"lab.sos.retry" Any`
    t =    26.87s         Capturing element debug description
    t =    27.83s     Checking `Expect predicate `existsNoRetry == 1` for object "lab.sos.retry" Any`
    t =    27.83s         Checking existence of `"lab.sos.retry" Any`
    t =    27.91s         Capturing element debug description
    t =    28.85s     Checking `Expect predicate `existsNoRetry == 1` for object "lab.sos.retry" Any`
    t =    28.85s         Checking existence of `"lab.sos.retry" Any`
    t =    28.92s         Capturing element debug description
    t =    29.77s     Checking `Expect predicate `existsNoRetry == 1` for object "lab.sos.retry" Any`
    t =    29.77s         Checking existence of `"lab.sos.retry" Any`
    t =    29.84s         Capturing element debug description
    t =    30.78s     Checking `Expect predicate `existsNoRetry == 1` for object "lab.sos.retry" Any`
    t =    30.78s         Checking existence of `"lab.sos.retry" Any`
    t =    30.86s         Capturing element debug description
    t =    31.82s     Checking `Expect predicate `existsNoRetry == 1` for object "lab.sos.retry" Any`
    t =    31.82s         Checking existence of `"lab.sos.retry" Any`
    t =    31.90s         Capturing element debug description
    t =    32.86s     Checking `Expect predicate `existsNoRetry == 1` for object "lab.sos.retry" Any`
    t =    32.86s         Checking existence of `"lab.sos.retry" Any`
    t =    32.93s         Capturing element debug description
    t =    33.77s     Checking `Expect predicate `existsNoRetry == 1` for object "lab.sos.retry" Any`
    t =    33.77s         Checking existence of `"lab.sos.retry" Any`
    t =    33.83s         Capturing element debug description
    t =    34.78s     Checking `Expect predicate `existsNoRetry == 1` for object "lab.sos.retry" Any`
    t =    34.78s         Checking existence of `"lab.sos.retry" Any`
    t =    34.84s         Capturing element debug description
    t =    35.78s     Checking `Expect predicate `existsNoRetry == 1` for object "lab.sos.retry" Any`
    t =    35.78s         Checking existence of `"lab.sos.retry" Any`
    t =    35.85s         Capturing element debug description
    t =    36.81s     Checking `Expect predicate `existsNoRetry == 1` for object "lab.sos.retry" Any`
    t =    36.82s         Checking existence of `"lab.sos.retry" Any`
    t =    36.89s         Capturing element debug description
    t =    37.84s     Checking `Expect predicate `existsNoRetry == 1` for object "lab.sos.retry" Any`
    t =    37.84s         Checking existence of `"lab.sos.retry" Any`
    t =    37.91s         Capturing element debug description
    t =    38.85s     Checking `Expect predicate `existsNoRetry == 1` for object "lab.sos.retry" Any`
    t =    38.85s         Checking existence of `"lab.sos.retry" Any`
    t =    38.92s         Capturing element debug description
    t =    39.77s     Checking `Expect predicate `existsNoRetry == 1` for object "lab.sos.retry" Any`
    t =    39.77s         Checking existence of `"lab.sos.retry" Any`
    t =    39.85s         Capturing element debug description
    t =    40.81s     Checking `Expect predicate `existsNoRetry == 1` for object "lab.sos.retry" Any`
    t =    40.81s         Checking existence of `"lab.sos.retry" Any`
    t =    40.89s         Capturing element debug description
    t =    41.84s     Checking `Expect predicate `existsNoRetry == 1` for object "lab.sos.retry" Any`
    t =    41.84s         Checking existence of `"lab.sos.retry" Any`
    t =    41.91s         Capturing element debug description
    t =    42.76s     Checking `Expect predicate `existsNoRetry == 1` for object "lab.sos.retry" Any`
    t =    42.76s         Checking existence of `"lab.sos.retry" Any`
    t =    42.84s         Capturing element debug description
    t =    43.78s     Checking `Expect predicate `existsNoRetry == 1` for object "lab.sos.retry" Any`
    t =    43.78s         Checking existence of `"lab.sos.retry" Any`
    t =    43.85s         Capturing element debug description
    t =    44.78s     Checking `Expect predicate `existsNoRetry == 1` for object "lab.sos.retry" Any`
    t =    44.78s         Checking existence of `"lab.sos.retry" Any`
    t =    44.85s         Capturing element debug description
    t =    45.80s     Checking `Expect predicate `existsNoRetry == 1` for object "lab.sos.retry" Any`
    t =    45.80s         Checking existence of `"lab.sos.retry" Any`
    t =    45.87s         Capturing element debug description
    t =    46.84s     Checking `Expect predicate `existsNoRetry == 1` for object "lab.sos.retry" Any`
    t =    46.84s         Checking existence of `"lab.sos.retry" Any`
    t =    46.91s         Capturing element debug description
    t =    47.86s     Checking `Expect predicate `existsNoRetry == 1` for object "lab.sos.retry" Any`
    t =    47.86s         Checking existence of `"lab.sos.retry" Any`
    t =    47.93s         Capturing element debug description
    t =    48.78s     Checking `Expect predicate `existsNoRetry == 1` for object "lab.sos.retry" Any`
    t =    48.78s         Checking existence of `"lab.sos.retry" Any`
    t =    48.85s         Capturing element debug description
    t =    49.82s     Checking `Expect predicate `existsNoRetry == 1` for object "lab.sos.retry" Any`
    t =    49.82s         Checking existence of `"lab.sos.retry" Any`
    t =    49.89s         Capturing element debug description
    t =    50.77s     Checking `Expect predicate `existsNoRetry == 1` for object "lab.sos.retry" Any`
    t =    50.77s         Checking existence of `"lab.sos.retry" Any`
    t =    50.81s         Capturing element debug description
    t =    50.81s     Checking existence of `"lab.sos.retry" Any`
    t =    50.86s Collecting debug information to assist test failure triage
    t =    50.86s     Requesting snapshot of accessibility hierarchy for app with pid 27482
/tmp/board1-rc15-work-final/wt_IOS-SOS-RETRY-001/ios/Godstone/Tests/LabMeshUITests/LabMeshAccessibilityUITests.swift:518: error: -[LabMeshUITests.LabMeshAccessibilityUITests testGSINT001TheRosterSurvivesDefaultScaleRTL] : XCTAssertTrue failed - *** [$label] THE ESSENTIAL 'lab.sos.retry' ('Retry') MUST STAND ON THE SOS SURFACE IN THIS COMBINATION. ***
    t =    50.88s Tear Down
Test Case '-[LabMeshUITests.LabMeshAccessibilityUITests testGSINT001TheRosterSurvivesDefaultScaleRTL]' failed (51.114 seconds).
Test Case '-[LabMeshUITests.LabMeshAccessibilityUITests testGSINT001TheRosterSurvivesLargestScaleLTR]' started.
    t =     0.00s Start Test at 2026-10-03 19:46:59.897
    t =     0.03s Set Up
    t =     0.03s Open io.godstone.labmesh
    t =     0.03s     Launch io.godstone.labmesh
    t =     0.03s         Terminate io.godstone.labmesh:27482
2026-10-03 19:47:01.008 xcodebuild[26874:44998821] [MT] IDELaunchParametersSnapshot: debugger version lookup failed for path '<nil>': noURL
2026-10-03 19:47:01.008 xcodebuild[26874:44998821] [MT] IDELaunchParametersSnapshot: no debugger version
    t =     1.33s         Setting up automation session
    t =     2.03s         Wait for io.godstone.labmesh to idle
    t =     3.32s Checking existence of `"lab.tab.conversation" Button`
    t =     3.39s Checking existence of `"lab.tab.conversation" Button`
    t =     3.56s Checking existence of `"lab.tab.conversation" Button`
    t =     3.58s Checking existence of `"lab.tab.conversation" Button`
    t =     3.75s Checking existence of `"lab.tab.conversation" Button`
    t =     3.77s Waiting 40.0s for "lab.tab.conversation" Button to exist
    t =     4.83s     Checking `Expect predicate `existsNoRetry == 1` for object "lab.tab.conversation" Button`
    t =     4.83s         Checking existence of `"lab.tab.conversation" Button`
    t =     4.87s Tap "lab.tab.conversation" Button
    t =     4.87s     Wait for io.godstone.labmesh to idle
    t =     4.87s     Find the "lab.tab.conversation" Button
    t =     4.89s     Check for interrupting elements affecting "lab.tab.conversation" Button
    t =     4.91s     Synthesize event
    t =     5.20s     Wait for io.godstone.labmesh to idle
    t =     5.97s Waiting 30.0s for "lab.conversation.field" Any to exist
    t =     7.04s     Checking `Expect predicate `existsNoRetry == 1` for object "lab.conversation.field" Any`
    t =     7.04s         Checking existence of `"lab.conversation.field" Any`
    t =     7.10s Checking existence of `"lab.conversation.field" Any`
    t =     7.13s Find the "lab.conversation.field" Any
    t =     7.17s Waiting 30.0s for "lab.conversation.send" Any to exist
    t =     8.23s     Checking `Expect predicate `existsNoRetry == 1` for object "lab.conversation.send" Any`
    t =     8.23s         Checking existence of `"lab.conversation.send" Any`
    t =     8.29s Checking existence of `"lab.conversation.send" Any`
    t =     8.33s Find the "lab.conversation.send" Any
    t =     8.36s Waiting 30.0s for "lab.conversation.octets" Any to exist
    t =     9.41s     Checking `Expect predicate `existsNoRetry == 1` for object "lab.conversation.octets" Any`
    t =     9.41s         Checking existence of `"lab.conversation.octets" Any`
    t =     9.47s Checking existence of `"lab.conversation.octets" Any`
    t =     9.50s Find the "lab.conversation.octets" Any
    t =     9.53s Waiting 30.0s for "lab.conversation.linkstate" Any to exist
    t =    10.59s     Checking `Expect predicate `existsNoRetry == 1` for object "lab.conversation.linkstate" Any`
    t =    10.59s         Checking existence of `"lab.conversation.linkstate" Any`
    t =    10.64s Checking existence of `"lab.conversation.linkstate" Any`
    t =    10.67s Find the "lab.conversation.linkstate" Any
    t =    10.71s Waiting 30.0s for "lab.conversation.outcome" Any to exist
    t =    11.76s     Checking `Expect predicate `existsNoRetry == 1` for object "lab.conversation.outcome" Any`
    t =    11.76s         Checking existence of `"lab.conversation.outcome" Any`
    t =    11.81s Find the "lab.conversation.outcome" Any
    t =    11.84s Waiting 30.0s for "lab.conversation.recipient" Any to exist
    t =    12.91s     Checking `Expect predicate `existsNoRetry == 1` for object "lab.conversation.recipient" Any`
    t =    12.91s         Checking existence of `"lab.conversation.recipient" Any`
    t =    12.97s Find the "lab.conversation.recipient" Any
    t =    12.99s Checking existence of `"lab.conversation.recipient" Button`
    t =    13.03s Find the "lab.conversation.recipient" Button
    t =    13.06s Waiting 30.0s for "lab.conversation.send" Any to exist
    t =    14.12s     Checking `Expect predicate `existsNoRetry == 1` for object "lab.conversation.send" Any`
    t =    14.12s         Checking existence of `"lab.conversation.send" Any`
    t =    14.17s Find the "lab.conversation.send" Any
    t =    14.20s Checking existence of `"lab.conversation.send" Button`
    t =    14.24s Find the "lab.conversation.send" Button
    t =    14.27s Checking existence of `"lab.tab.sos" Button`
    t =    14.29s Waiting 40.0s for "lab.tab.sos" Button to exist
    t =    15.35s     Checking `Expect predicate `existsNoRetry == 1` for object "lab.tab.sos" Button`
    t =    15.35s         Checking existence of `"lab.tab.sos" Button`
    t =    15.38s Tap "lab.tab.sos" Button
    t =    15.38s     Wait for io.godstone.labmesh to idle
    t =    15.39s     Find the "lab.tab.sos" Button
    t =    15.40s     Check for interrupting elements affecting "lab.tab.sos" Button
    t =    15.42s     Synthesize event
    t =    15.71s     Wait for io.godstone.labmesh to idle
    t =    16.94s Waiting 30.0s for "lab.sos.hold" Any to exist
    t =    18.01s     Checking `Expect predicate `existsNoRetry == 1` for object "lab.sos.hold" Any`
    t =    18.01s         Checking existence of `"lab.sos.hold" Any`
    t =    18.07s Find the "lab.sos.hold" Any
    t =    18.10s Checking existence of `"lab.sos.hold" StaticText`
    t =    18.12s Find the "lab.sos.hold" StaticText
    t =    18.16s Waiting 30.0s for "lab.sos.cancel" Any to exist
    t =    19.22s     Checking `Expect predicate `existsNoRetry == 1` for object "lab.sos.cancel" Any`
    t =    19.23s         Checking existence of `"lab.sos.cancel" Any`
    t =    19.28s Find the "lab.sos.cancel" Any
    t =    19.31s Checking existence of `"lab.sos.cancel" Button`
    t =    19.34s Find the "lab.sos.cancel" Button
    t =    19.38s Waiting 30.0s for "lab.sos.retry" Any to exist
    t =    20.44s     Checking `Expect predicate `existsNoRetry == 1` for object "lab.sos.retry" Any`
    t =    20.44s         Checking existence of `"lab.sos.retry" Any`
    t =    20.52s         Capturing element debug description
    t =    21.47s     Checking `Expect predicate `existsNoRetry == 1` for object "lab.sos.retry" Any`
    t =    21.48s         Checking existence of `"lab.sos.retry" Any`
    t =    21.55s         Capturing element debug description
    t =    22.39s     Checking `Expect predicate `existsNoRetry == 1` for object "lab.sos.retry" Any`
    t =    22.39s         Checking existence of `"lab.sos.retry" Any`
    t =    22.47s         Capturing element debug description
    t =    23.43s     Checking `Expect predicate `existsNoRetry == 1` for object "lab.sos.retry" Any`
    t =    23.43s         Checking existence of `"lab.sos.retry" Any`
    t =    23.48s         Capturing element debug description
    t =    24.43s     Checking `Expect predicate `existsNoRetry == 1` for object "lab.sos.retry" Any`
    t =    24.43s         Checking existence of `"lab.sos.retry" Any`
    t =    24.50s         Capturing element debug description
    t =    25.44s     Checking `Expect predicate `existsNoRetry == 1` for object "lab.sos.retry" Any`
    t =    25.44s         Checking existence of `"lab.sos.retry" Any`
    t =    25.52s         Capturing element debug description
    t =    26.47s     Checking `Expect predicate `existsNoRetry == 1` for object "lab.sos.retry" Any`
    t =    26.47s         Checking existence of `"lab.sos.retry" Any`
    t =    26.54s         Capturing element debug description
    t =    27.38s     Checking `Expect predicate `existsNoRetry == 1` for object "lab.sos.retry" Any`
    t =    27.38s         Checking existence of `"lab.sos.retry" Any`
    t =    27.46s         Capturing element debug description
    t =    28.42s     Checking `Expect predicate `existsNoRetry == 1` for object "lab.sos.retry" Any`
    t =    28.42s         Checking existence of `"lab.sos.retry" Any`
    t =    28.49s         Capturing element debug description
    t =    29.44s     Checking `Expect predicate `existsNoRetry == 1` for object "lab.sos.retry" Any`
    t =    29.44s         Checking existence of `"lab.sos.retry" Any`
    t =    29.52s         Capturing element debug description
    t =    30.45s     Checking `Expect predicate `existsNoRetry == 1` for object "lab.sos.retry" Any`
    t =    30.45s         Checking existence of `"lab.sos.retry" Any`
    t =    30.52s         Capturing element debug description
    t =    31.39s     Checking `Expect predicate `existsNoRetry == 1` for object "lab.sos.retry" Any`
    t =    31.39s         Checking existence of `"lab.sos.retry" Any`
    t =    31.46s         Capturing element debug description
    t =    32.42s     Checking `Expect predicate `existsNoRetry == 1` for object "lab.sos.retry" Any`
    t =    32.42s         Checking existence of `"lab.sos.retry" Any`
    t =    32.50s         Capturing element debug description
    t =    33.46s     Checking `Expect predicate `existsNoRetry == 1` for object "lab.sos.retry" Any`
    t =    33.46s         Checking existence of `"lab.sos.retry" Any`
    t =    33.54s         Capturing element debug description
    t =    34.47s     Checking `Expect predicate `existsNoRetry == 1` for object "lab.sos.retry" Any`
    t =    34.48s         Checking existence of `"lab.sos.retry" Any`
    t =    34.54s         Capturing element debug description
    t =    35.38s     Checking `Expect predicate `existsNoRetry == 1` for object "lab.sos.retry" Any`
    t =    35.39s         Checking existence of `"lab.sos.retry" Any`
    t =    35.46s         Capturing element debug description
    t =    36.42s     Checking `Expect predicate `existsNoRetry == 1` for object "lab.sos.retry" Any`
    t =    36.42s         Checking existence of `"lab.sos.retry" Any`
    t =    36.50s         Capturing element debug description
    t =    37.46s     Checking `Expect predicate `existsNoRetry == 1` for object "lab.sos.retry" Any`
    t =    37.46s         Checking existence of `"lab.sos.retry" Any`
    t =    37.53s         Capturing element debug description
    t =    38.39s     Checking `Expect predicate `existsNoRetry == 1` for object "lab.sos.retry" Any`
    t =    38.39s         Checking existence of `"lab.sos.retry" Any`
    t =    38.47s         Capturing element debug description
    t =    39.42s     Checking `Expect predicate `existsNoRetry == 1` for object "lab.sos.retry" Any`
    t =    39.42s         Checking existence of `"lab.sos.retry" Any`
    t =    39.49s         Capturing element debug description
    t =    40.44s     Checking `Expect predicate `existsNoRetry == 1` for object "lab.sos.retry" Any`
    t =    40.44s         Checking existence of `"lab.sos.retry" Any`
    t =    40.49s         Capturing element debug description
    t =    41.44s     Checking `Expect predicate `existsNoRetry == 1` for object "lab.sos.retry" Any`
    t =    41.45s         Checking existence of `"lab.sos.retry" Any`
    t =    41.51s         Capturing element debug description
    t =    42.47s     Checking `Expect predicate `existsNoRetry == 1` for object "lab.sos.retry" Any`
    t =    42.47s         Checking existence of `"lab.sos.retry" Any`
    t =    42.54s         Capturing element debug description
    t =    43.38s     Checking `Expect predicate `existsNoRetry == 1` for object "lab.sos.retry" Any`
    t =    43.38s         Checking existence of `"lab.sos.retry" Any`
    t =    43.45s         Capturing element debug description
    t =    44.41s     Checking `Expect predicate `existsNoRetry == 1` for object "lab.sos.retry" Any`
    t =    44.41s         Checking existence of `"lab.sos.retry" Any`
    t =    44.46s         Capturing element debug description
    t =    45.42s     Checking `Expect predicate `existsNoRetry == 1` for object "lab.sos.retry" Any`
    t =    45.42s         Checking existence of `"lab.sos.retry" Any`
    t =    45.49s         Capturing element debug description
    t =    46.43s     Checking `Expect predicate `existsNoRetry == 1` for object "lab.sos.retry" Any`
    t =    46.43s         Checking existence of `"lab.sos.retry" Any`
    t =    46.51s         Capturing element debug description
    t =    47.46s     Checking `Expect predicate `existsNoRetry == 1` for object "lab.sos.retry" Any`
    t =    47.46s         Checking existence of `"lab.sos.retry" Any`
    t =    47.53s         Capturing element debug description
    t =    48.38s     Checking `Expect predicate `existsNoRetry == 1` for object "lab.sos.retry" Any`
    t =    48.38s         Checking existence of `"lab.sos.retry" Any`
    t =    48.46s         Capturing element debug description
    t =    49.39s     Checking `Expect predicate `existsNoRetry == 1` for object "lab.sos.retry" Any`
    t =    49.39s         Checking existence of `"lab.sos.retry" Any`
    t =    49.46s         Capturing element debug description
    t =    49.46s     Checking existence of `"lab.sos.retry" Any`
    t =    49.51s Collecting debug information to assist test failure triage
    t =    49.51s     Requesting snapshot of accessibility hierarchy for app with pid 27648
/tmp/board1-rc15-work-final/wt_IOS-SOS-RETRY-001/ios/Godstone/Tests/LabMeshUITests/LabMeshAccessibilityUITests.swift:518: error: -[LabMeshUITests.LabMeshAccessibilityUITests testGSINT001TheRosterSurvivesLargestScaleLTR] : XCTAssertTrue failed - *** [$label] THE ESSENTIAL 'lab.sos.retry' ('Retry') MUST STAND ON THE SOS SURFACE IN THIS COMBINATION. ***
    t =    49.53s Tear Down
Test Case '-[LabMeshUITests.LabMeshAccessibilityUITests testGSINT001TheRosterSurvivesLargestScaleLTR]' failed (49.795 seconds).
Test Case '-[LabMeshUITests.LabMeshAccessibilityUITests testGSINT001TheRosterSurvivesLargestScaleRTL]' started.
    t =     0.00s Start Test at 2026-10-03 19:47:49.693
    t =     0.03s Set Up
    t =     0.03s Open io.godstone.labmesh
    t =     0.03s     Launch io.godstone.labmesh
    t =     0.03s         Terminate io.godstone.labmesh:27648
2026-10-03 19:47:50.809 xcodebuild[26874:44998821] [MT] IDELaunchParametersSnapshot: debugger version lookup failed for path '<nil>': noURL
2026-10-03 19:47:50.809 xcodebuild[26874:44998821] [MT] IDELaunchParametersSnapshot: no debugger version
    t =     1.33s         Setting up automation session
    t =     2.02s         Wait for io.godstone.labmesh to idle
    t =     3.34s Checking existence of `"lab.tab.conversation" Button`
    t =     3.41s Checking existence of `"lab.tab.conversation" Button`
    t =     3.58s Checking existence of `"lab.tab.conversation" Button`
    t =     3.61s Checking existence of `"lab.tab.conversation" Button`
    t =     3.78s Checking existence of `"lab.tab.conversation" Button`
    t =     3.82s Checking existence of `"lab.tab.conversation" Button`
    t =     3.83s Waiting 40.0s for "lab.tab.conversation" Button to exist
    t =     4.90s     Checking `Expect predicate `existsNoRetry == 1` for object "lab.tab.conversation" Button`
    t =     4.90s         Checking existence of `"lab.tab.conversation" Button`
    t =     4.92s Tap "lab.tab.conversation" Button
    t =     4.92s     Wait for io.godstone.labmesh to idle
    t =     4.92s     Find the "lab.tab.conversation" Button
    t =     4.94s     Check for interrupting elements affecting "lab.tab.conversation" Button
    t =     4.95s     Synthesize event
    t =     5.24s     Wait for io.godstone.labmesh to idle
    t =     5.99s Waiting 30.0s for "lab.conversation.field" Any to exist
    t =     7.05s     Checking `Expect predicate `existsNoRetry == 1` for object "lab.conversation.field" Any`
    t =     7.05s         Checking existence of `"lab.conversation.field" Any`
    t =     7.11s Checking existence of `"lab.conversation.field" Any`
    t =     7.14s Find the "lab.conversation.field" Any
    t =     7.18s Waiting 30.0s for "lab.conversation.send" Any to exist
    t =     8.25s     Checking `Expect predicate `existsNoRetry == 1` for object "lab.conversation.send" Any`
    t =     8.25s         Checking existence of `"lab.conversation.send" Any`
    t =     8.31s Checking existence of `"lab.conversation.send" Any`
    t =     8.34s Find the "lab.conversation.send" Any
    t =     8.37s Waiting 30.0s for "lab.conversation.octets" Any to exist
    t =     9.44s     Checking `Expect predicate `existsNoRetry == 1` for object "lab.conversation.octets" Any`
    t =     9.44s         Checking existence of `"lab.conversation.octets" Any`
    t =     9.48s Checking existence of `"lab.conversation.octets" Any`
    t =     9.52s Find the "lab.conversation.octets" Any
    t =     9.55s Waiting 30.0s for "lab.conversation.linkstate" Any to exist
    t =    10.61s     Checking `Expect predicate `existsNoRetry == 1` for object "lab.conversation.linkstate" Any`
    t =    10.62s         Checking existence of `"lab.conversation.linkstate" Any`
    t =    10.67s Checking existence of `"lab.conversation.linkstate" Any`
    t =    10.70s Find the "lab.conversation.linkstate" Any
    t =    10.73s Waiting 30.0s for "lab.conversation.outcome" Any to exist
    t =    11.80s     Checking `Expect predicate `existsNoRetry == 1` for object "lab.conversation.outcome" Any`
    t =    11.80s         Checking existence of `"lab.conversation.outcome" Any`
    t =    11.86s Find the "lab.conversation.outcome" Any
    t =    11.89s Waiting 30.0s for "lab.conversation.recipient" Any to exist
    t =    12.95s     Checking `Expect predicate `existsNoRetry == 1` for object "lab.conversation.recipient" Any`
    t =    12.95s         Checking existence of `"lab.conversation.recipient" Any`
    t =    13.01s Find the "lab.conversation.recipient" Any
    t =    13.04s Checking existence of `"lab.conversation.recipient" Button`
    t =    13.07s Find the "lab.conversation.recipient" Button
    t =    13.10s Waiting 30.0s for "lab.conversation.send" Any to exist
    t =    14.17s     Checking `Expect predicate `existsNoRetry == 1` for object "lab.conversation.send" Any`
    t =    14.17s         Checking existence of `"lab.conversation.send" Any`
    t =    14.23s Find the "lab.conversation.send" Any
    t =    14.26s Checking existence of `"lab.conversation.send" Button`
    t =    14.30s Find the "lab.conversation.send" Button
    t =    14.33s Checking existence of `"lab.tab.sos" Button`
    t =    14.35s Waiting 40.0s for "lab.tab.sos" Button to exist
    t =    15.41s     Checking `Expect predicate `existsNoRetry == 1` for object "lab.tab.sos" Button`
    t =    15.41s         Checking existence of `"lab.tab.sos" Button`
    t =    15.45s Tap "lab.tab.sos" Button
    t =    15.45s     Wait for io.godstone.labmesh to idle
    t =    15.45s     Find the "lab.tab.sos" Button
    t =    15.47s     Check for interrupting elements affecting "lab.tab.sos" Button
    t =    15.49s     Synthesize event
    t =    15.77s     Wait for io.godstone.labmesh to idle
    t =    17.26s Waiting 30.0s for "lab.sos.hold" Any to exist
    t =    18.32s     Checking `Expect predicate `existsNoRetry == 1` for object "lab.sos.hold" Any`
    t =    18.32s         Checking existence of `"lab.sos.hold" Any`
    t =    18.38s Find the "lab.sos.hold" Any
    t =    18.41s Checking existence of `"lab.sos.hold" StaticText`
    t =    18.44s Find the "lab.sos.hold" StaticText
    t =    18.47s Waiting 30.0s for "lab.sos.cancel" Any to exist
    t =    19.54s     Checking `Expect predicate `existsNoRetry == 1` for object "lab.sos.cancel" Any`
    t =    19.54s         Checking existence of `"lab.sos.cancel" Any`
    t =    19.59s Find the "lab.sos.cancel" Any
    t =    19.62s Checking existence of `"lab.sos.cancel" Button`
    t =    19.65s Find the "lab.sos.cancel" Button
    t =    19.68s Waiting 30.0s for "lab.sos.retry" Any to exist
    t =    20.74s     Checking `Expect predicate `existsNoRetry == 1` for object "lab.sos.retry" Any`
    t =    20.74s         Checking existence of `"lab.sos.retry" Any`
    t =    20.81s         Capturing element debug description
    t =    21.77s     Checking `Expect predicate `existsNoRetry == 1` for object "lab.sos.retry" Any`
    t =    21.77s         Checking existence of `"lab.sos.retry" Any`
    t =    21.84s         Capturing element debug description
    t =    22.69s     Checking `Expect predicate `existsNoRetry == 1` for object "lab.sos.retry" Any`
    t =    22.69s         Checking existence of `"lab.sos.retry" Any`
    t =    22.76s         Capturing element debug description
    t =    23.71s     Checking `Expect predicate `existsNoRetry == 1` for object "lab.sos.retry" Any`
    t =    23.71s         Checking existence of `"lab.sos.retry" Any`
    t =    23.78s         Capturing element debug description
    t =    24.74s     Checking `Expect predicate `existsNoRetry == 1` for object "lab.sos.retry" Any`
    t =    24.74s         Checking existence of `"lab.sos.retry" Any`
    t =    24.80s         Capturing element debug description
    t =    25.75s     Checking `Expect predicate `existsNoRetry == 1` for object "lab.sos.retry" Any`
    t =    25.75s         Checking existence of `"lab.sos.retry" Any`
    t =    25.80s         Capturing element debug description
    t =    26.75s     Checking `Expect predicate `existsNoRetry == 1` for object "lab.sos.retry" Any`
    t =    26.75s         Checking existence of `"lab.sos.retry" Any`
    t =    26.82s         Capturing element debug description
    t =    27.78s     Checking `Expect predicate `existsNoRetry == 1` for object "lab.sos.retry" Any`
    t =    27.78s         Checking existence of `"lab.sos.retry" Any`
    t =    27.85s         Capturing element debug description
    t =    28.70s     Checking `Expect predicate `existsNoRetry == 1` for object "lab.sos.retry" Any`
    t =    28.70s         Checking existence of `"lab.sos.retry" Any`
    t =    28.78s         Capturing element debug description
    t =    29.73s     Checking `Expect predicate `existsNoRetry == 1` for object "lab.sos.retry" Any`
    t =    29.73s         Checking existence of `"lab.sos.retry" Any`
    t =    29.80s         Capturing element debug description
    t =    30.73s     Checking `Expect predicate `existsNoRetry == 1` for object "lab.sos.retry" Any`
    t =    30.73s         Checking existence of `"lab.sos.retry" Any`
    t =    30.80s         Capturing element debug description
    t =    31.76s     Checking `Expect predicate `existsNoRetry == 1` for object "lab.sos.retry" Any`
    t =    31.76s         Checking existence of `"lab.sos.retry" Any`
    t =    31.84s         Capturing element debug description
    t =    32.69s     Checking `Expect predicate `existsNoRetry == 1` for object "lab.sos.retry" Any`
    t =    32.69s         Checking existence of `"lab.sos.retry" Any`
    t =    32.76s         Capturing element debug description
    t =    33.72s     Checking `Expect predicate `existsNoRetry == 1` for object "lab.sos.retry" Any`
    t =    33.72s         Checking existence of `"lab.sos.retry" Any`
    t =    33.80s         Capturing element debug description
    t =    34.75s     Checking `Expect predicate `existsNoRetry == 1` for object "lab.sos.retry" Any`
    t =    34.75s         Checking existence of `"lab.sos.retry" Any`
    t =    34.79s         Capturing element debug description
    t =    35.73s     Checking `Expect predicate `existsNoRetry == 1` for object "lab.sos.retry" Any`
    t =    35.73s         Checking existence of `"lab.sos.retry" Any`
    t =    35.80s         Capturing element debug description
    t =    36.77s     Checking `Expect predicate `existsNoRetry == 1` for object "lab.sos.retry" Any`
    t =    36.77s         Checking existence of `"lab.sos.retry" Any`
    t =    36.84s         Capturing element debug description
    t =    37.69s     Checking `Expect predicate `existsNoRetry == 1` for object "lab.sos.retry" Any`
    t =    37.69s         Checking existence of `"lab.sos.retry" Any`
    t =    37.76s         Capturing element debug description
    t =    38.71s     Checking `Expect predicate `existsNoRetry == 1` for object "lab.sos.retry" Any`
    t =    38.71s         Checking existence of `"lab.sos.retry" Any`
    t =    38.78s         Capturing element debug description
    t =    39.73s     Checking `Expect predicate `existsNoRetry == 1` for object "lab.sos.retry" Any`
    t =    39.73s         Checking existence of `"lab.sos.retry" Any`
    t =    39.79s         Capturing element debug description
    t =    40.75s     Checking `Expect predicate `existsNoRetry == 1` for object "lab.sos.retry" Any`
    t =    40.75s         Checking existence of `"lab.sos.retry" Any`
    t =    40.82s         Capturing element debug description
    t =    41.77s     Checking `Expect predicate `existsNoRetry == 1` for object "lab.sos.retry" Any`
    t =    41.78s         Checking existence of `"lab.sos.retry" Any`
    t =    41.85s         Capturing element debug description
    t =    42.68s     Checking `Expect predicate `existsNoRetry == 1` for object "lab.sos.retry" Any`
    t =    42.69s         Checking existence of `"lab.sos.retry" Any`
    t =    42.76s         Capturing element debug description
    t =    43.71s     Checking `Expect predicate `existsNoRetry == 1` for object "lab.sos.retry" Any`
    t =    43.71s         Checking existence of `"lab.sos.retry" Any`
    t =    43.78s         Capturing element debug description
    t =    44.72s     Checking `Expect predicate `existsNoRetry == 1` for object "lab.sos.retry" Any`
    t =    44.72s         Checking existence of `"lab.sos.retry" Any`
    t =    44.79s         Capturing element debug description
    t =    45.76s     Checking `Expect predicate `existsNoRetry == 1` for object "lab.sos.retry" Any`
    t =    45.76s         Checking existence of `"lab.sos.retry" Any`
    t =    45.83s         Capturing element debug description
    t =    46.68s     Checking `Expect predicate `existsNoRetry == 1` for object "lab.sos.retry" Any`
    t =    46.69s         Checking existence of `"lab.sos.retry" Any`
    t =    46.76s         Capturing element debug description
    t =    47.72s     Checking `Expect predicate `existsNoRetry == 1` for object "lab.sos.retry" Any`
    t =    47.72s         Checking existence of `"lab.sos.retry" Any`
    t =    47.79s         Capturing element debug description
    t =    48.74s     Checking `Expect predicate `existsNoRetry == 1` for object "lab.sos.retry" Any`
    t =    48.74s         Checking existence of `"lab.sos.retry" Any`
    t =    48.81s         Capturing element debug description
    t =    49.68s     Checking `Expect predicate `existsNoRetry == 1` for object "lab.sos.retry" Any`
    t =    49.68s         Checking existence of `"lab.sos.retry" Any`
    t =    49.74s         Capturing element debug description
    t =    49.74s     Checking existence of `"lab.sos.retry" Any`
    t =    49.79s Collecting debug information to assist test failure triage
    t =    49.79s     Requesting snapshot of accessibility hierarchy for app with pid 27815
/tmp/board1-rc15-work-final/wt_IOS-SOS-RETRY-001/ios/Godstone/Tests/LabMeshUITests/LabMeshAccessibilityUITests.swift:518: error: -[LabMeshUITests.LabMeshAccessibilityUITests testGSINT001TheRosterSurvivesLargestScaleRTL] : XCTAssertTrue failed - *** [$label] THE ESSENTIAL 'lab.sos.retry' ('Retry') MUST STAND ON THE SOS SURFACE IN THIS COMBINATION. ***
    t =    49.81s Tear Down
Test Case '-[LabMeshUITests.LabMeshAccessibilityUITests testGSINT001TheRosterSurvivesLargestScaleRTL]' failed (50.089 seconds).
Test Case '-[LabMeshUITests.LabMeshAccessibilityUITests testGSINT001TheSosStateSpeaksTheSharedVocabularyAndItsChangeReachesTheAnnouncementDoor]' started.
    t =     0.00s Start Test at 2026-10-03 19:48:39.783
    t =     0.03s Set Up
    t =     0.03s Open io.godstone.labmesh
    t =     0.03s     Launch io.godstone.labmesh
    t =     0.03s         Terminate io.godstone.labmesh:27815
2026-10-03 19:48:40.899 xcodebuild[26874:44998821] [MT] IDELaunchParametersSnapshot: debugger version lookup failed for path '<nil>': noURL
2026-10-03 19:48:40.899 xcodebuild[26874:44998821] [MT] IDELaunchParametersSnapshot: no debugger version
    t =     1.33s         Setting up automation session
    t =     2.02s         Wait for io.godstone.labmesh to idle
    t =     3.30s Checking existence of `"lab.tab.sos" Button`
    t =     3.37s Checking existence of `"lab.tab.sos" Button`
    t =     3.55s Checking existence of `"lab.tab.sos" Button`
    t =     3.57s Checking existence of `"lab.tab.sos" Button`
    t =     3.74s Checking existence of `"lab.tab.sos" Button`
    t =     3.77s Checking existence of `"lab.tab.sos" Button`
    t =     3.78s Waiting 20.0s for "lab.tab.sos" Button to exist
    t =     4.84s     Checking `Expect predicate `existsNoRetry == 1` for object "lab.tab.sos" Button`
    t =     4.84s         Checking existence of `"lab.tab.sos" Button`
    t =     4.88s Tap "lab.tab.sos" Button
    t =     4.88s     Wait for io.godstone.labmesh to idle
    t =     4.88s     Find the "lab.tab.sos" Button
    t =     4.90s     Check for interrupting elements affecting "lab.tab.sos" Button
    t =     4.91s     Synthesize event
    t =     5.21s     Wait for io.godstone.labmesh to idle
    t =     6.61s Waiting 20.0s for "lab.sos.state" Any to exist
    t =     7.67s     Checking `Expect predicate `existsNoRetry == 1` for object "lab.sos.state" Any`
    t =     7.68s         Checking existence of `"lab.sos.state" Any`
    t =     7.74s Waiting 20.0s for "lab.sos.announced" Any to exist
    t =     8.80s     Checking `Expect predicate `existsNoRetry == 1` for object "lab.sos.announced" Any`
    t =     8.80s         Checking existence of `"lab.sos.announced" Any`
    t =     8.86s Waiting 20.0s for "lab.sos.send" Button to exist
    t =     9.93s     Checking `Expect predicate `existsNoRetry == 1` for object "lab.sos.send" Button`
    t =     9.93s         Checking existence of `"lab.sos.send" Button`
    t =     9.96s Checking existence of `"lab.sos.send" Button`
    t =     9.98s Find the "lab.sos.send" Button
    t =     9.99s Find the "lab.sos.send" Button
    t =    10.01s Tap "lab.sos.send" Button
    t =    10.01s     Wait for io.godstone.labmesh to idle
    t =    10.01s     Find the "lab.sos.send" Button
    t =    10.03s     Check for interrupting elements affecting "lab.sos.send" Button
    t =    10.04s     Synthesize event
    t =    10.33s     Wait for io.godstone.labmesh to idle
    t =    11.39s Checking `Expect predicate `value BEGINSWITH "active: "` for object "lab.sos.state" Any`
    t =    11.39s     Find the "lab.sos.state" Any
    t =    11.45s Find the "lab.sos.state" Other
    t =    11.48s Find the "lab.sos.announced" Any
    t =    11.51s Find the "lab.sos.announced" Other
    t =    11.55s Tear Down
Test Case '-[LabMeshUITests.LabMeshAccessibilityUITests testGSINT001TheSosStateSpeaksTheSharedVocabularyAndItsChangeReachesTheAnnouncementDoor]' passed (11.772 seconds).
Test Case '-[LabMeshUITests.LabMeshAccessibilityUITests testGSINT001TheTrustSurfacesAreOperableNotMerelyLabelled]' started.
    t =     0.00s Start Test at 2026-10-03 19:48:51.555
    t =     0.02s Set Up
    t =     0.03s Open io.godstone.labmesh
    t =     0.03s     Launch io.godstone.labmesh
    t =     0.03s         Terminate io.godstone.labmesh:27981
2026-10-03 19:48:52.653 xcodebuild[26874:44998821] [MT] IDELaunchParametersSnapshot: debugger version lookup failed for path '<nil>': noURL
2026-10-03 19:48:52.653 xcodebuild[26874:44998821] [MT] IDELaunchParametersSnapshot: no debugger version
    t =     1.31s         Setting up automation session
    t =     1.91s         Wait for io.godstone.labmesh to idle
    t =     3.19s Checking existence of `"lab.tab.contacts" Button`
    t =     3.27s Checking existence of `"lab.tab.contacts" Button`
    t =     3.45s Checking existence of `"lab.tab.contacts" Button`
    t =     3.46s Checking existence of `"lab.tab.contacts" Button`
    t =     3.63s Checking existence of `"lab.tab.contacts" Button`
    t =     3.66s Waiting 20.0s for "lab.tab.contacts" Button to exist
    t =     4.72s     Checking `Expect predicate `existsNoRetry == 1` for object "lab.tab.contacts" Button`
    t =     4.72s         Checking existence of `"lab.tab.contacts" Button`
    t =     4.76s Tap "lab.tab.contacts" Button
    t =     4.76s     Wait for io.godstone.labmesh to idle
    t =     4.76s     Find the "lab.tab.contacts" Button
    t =     4.78s     Check for interrupting elements affecting "lab.tab.contacts" Button
    t =     4.80s     Synthesize event
    t =     5.08s     Wait for io.godstone.labmesh to idle
    t =     6.28s Waiting 20.0s for "lab.trust.fingerprint" Any to exist
    t =     7.35s     Checking `Expect predicate `existsNoRetry == 1` for object "lab.trust.fingerprint" Any`
    t =     7.35s         Checking existence of `"lab.trust.fingerprint" Any`
    t =     7.42s Find the "lab.trust.fingerprint" Any
    t =     7.45s Find the "lab.trust.fingerprint" Other
    t =     7.48s Waiting 20.0s for "lab.trust.status" Any to exist
    t =     8.53s     Checking `Expect predicate `existsNoRetry == 1` for object "lab.trust.status" Any`
    t =     8.53s         Checking existence of `"lab.trust.status" Any`
    t =     8.58s Find the "lab.trust.status" Any
    t =     8.62s Find the "lab.trust.status" Other
    t =     8.65s Waiting 20.0s for "lab.trust.confirm" Button to exist
    t =     9.72s     Checking `Expect predicate `existsNoRetry == 1` for object "lab.trust.confirm" Button`
    t =     9.72s         Checking existence of `"lab.trust.confirm" Button`
    t =     9.75s Find the "lab.trust.confirm" Button
    t =     9.77s Find the "lab.trust.confirm" Button
    t =     9.79s Checking existence of `"lab.trust.confirm" Button`
    t =     9.80s Find the "lab.trust.confirm" Button
    t =     9.82s Find the "lab.trust.confirm" Button
    t =     9.84s Checking existence of `ScrollView (First Match)`
    t =     9.84s Swipe up ScrollView (First Match)
    t =     9.84s     Wait for io.godstone.labmesh to idle
    t =     9.85s     Find the ScrollView (First Match)
    t =     9.86s     Check for interrupting elements affecting ScrollView
    t =     9.87s     Synthesize event
    t =    10.31s     Wait for io.godstone.labmesh to idle
    t =    10.83s Checking existence of `"lab.trust.confirm" Button`
    t =    10.86s Find the "lab.trust.confirm" Button
    t =    10.88s Find the "lab.trust.confirm" Button
    t =    10.90s Find the "lab.trust.confirm" Button
    t =    10.91s Waiting 20.0s for "lab.trust.approve" Button to exist
    t =    11.97s     Checking `Expect predicate `existsNoRetry == 1` for object "lab.trust.approve" Button`
    t =    11.97s         Checking existence of `"lab.trust.approve" Button`
    t =    12.00s Find the "lab.trust.approve" Button
    t =    12.02s Find the "lab.trust.approve" Button
    t =    12.04s Checking existence of `"lab.trust.approve" Button`
    t =    12.05s Find the "lab.trust.approve" Button
    t =    12.07s Find the "lab.trust.approve" Button
    t =    12.09s Find the "lab.trust.approve" Button
    t =    12.10s Waiting 20.0s for "lab.trust.revoke" Button to exist
    t =    13.16s     Checking `Expect predicate `existsNoRetry == 1` for object "lab.trust.revoke" Button`
    t =    13.16s         Checking existence of `"lab.trust.revoke" Button`
    t =    13.19s Find the "lab.trust.revoke" Button
    t =    13.21s Find the "lab.trust.revoke" Button
    t =    13.23s Checking existence of `"lab.trust.revoke" Button`
    t =    13.24s Find the "lab.trust.revoke" Button
    t =    13.25s Find the "lab.trust.revoke" Button
    t =    13.27s Find the "lab.trust.revoke" Button
    t =    13.28s Tear Down
Test Case '-[LabMeshUITests.LabMeshAccessibilityUITests testGSINT001TheTrustSurfacesAreOperableNotMerelyLabelled]' passed (13.506 seconds).
Test Suite 'LabMeshAccessibilityUITests' failed at 2026-10-03 19:49:05.061.
	 Executed 11 tests, with 5 failures (0 unexpected) in 330.167 (330.174) seconds
Test Suite 'LabMeshUITests' started at 2026-10-03 19:49:05.062.
Test Case '-[LabMeshUITests.LabMeshUITests testG1ANormalBootReallyOpensPrivateStores]' started.
    t =     0.00s Start Test at 2026-10-03 19:49:05.062
    t =     0.02s Set Up
    t =     0.02s Open io.godstone.labmesh
    t =     0.02s     Launch io.godstone.labmesh
    t =     0.02s         Terminate io.godstone.labmesh:28010
2026-10-03 19:49:06.153 xcodebuild[26874:44998821] [MT] IDELaunchParametersSnapshot: debugger version lookup failed for path '<nil>': noURL
2026-10-03 19:49:06.153 xcodebuild[26874:44998821] [MT] IDELaunchParametersSnapshot: no debugger version
    t =     1.30s         Setting up automation session
    t =     1.96s         Wait for io.godstone.labmesh to idle
    t =     3.22s Checking existence of `"lab.tab.diagnostics" Button`
    t =     3.31s Checking existence of `"lab.tab.diagnostics" Button`
    t =     3.48s Checking existence of `"lab.tab.diagnostics" Button`
    t =     3.51s Checking existence of `"lab.tab.diagnostics" Button`
    t =     3.69s Checking existence of `"lab.tab.diagnostics" Button`
    t =     3.72s Waiting 25.0s for "lab.tab.diagnostics" Button to exist
    t =     4.76s     Checking `Expect predicate `existsNoRetry == 1` for object "lab.tab.diagnostics" Button`
    t =     4.76s         Checking existence of `"lab.tab.diagnostics" Button`
    t =     4.80s Checking existence of `"lab.tab.diagnostics" Button`
    t =     4.82s Tap "lab.tab.diagnostics" Button
    t =     4.82s     Wait for io.godstone.labmesh to idle
    t =     4.82s     Find the "lab.tab.diagnostics" Button
    t =     4.84s     Check for interrupting elements affecting "lab.tab.diagnostics" Button
    t =     4.85s     Synthesize event
    t =     5.14s     Wait for io.godstone.labmesh to idle
    t =     6.57s Waiting 20.0s for "lab.diagnostics.privateopens" StaticText to exist
    t =     7.65s     Checking `Expect predicate `existsNoRetry == 1` for object "lab.diagnostics.privateopens" StaticText`
    t =     7.65s         Checking existence of `"lab.diagnostics.privateopens" StaticText`
    t =     7.68s Find the "lab.diagnostics.privateopens" StaticText
    t =     7.70s Tear Down
Test Case '-[LabMeshUITests.LabMeshUITests testG1ANormalBootReallyOpensPrivateStores]' passed (7.940 seconds).
Test Case '-[LabMeshUITests.LabMeshUITests testG1TheCorruptRecordDeniesRetryAndTheOperatorWipeEarnsTheGraphBack]' started.
    t =     0.00s Start Test at 2026-10-03 19:49:13.003
    t =     0.03s Set Up
    t =     0.03s Open io.godstone.labmesh
    t =     0.03s     Launch io.godstone.labmesh
    t =     0.03s         Terminate io.godstone.labmesh:28057
2026-10-03 19:49:14.094 xcodebuild[26874:44998821] [MT] IDELaunchParametersSnapshot: debugger version lookup failed for path '<nil>': noURL
2026-10-03 19:49:14.094 xcodebuild[26874:44998821] [MT] IDELaunchParametersSnapshot: no debugger version
    t =     1.30s         Setting up automation session
    t =     1.90s         Wait for io.godstone.labmesh to idle
    t =     3.17s Checking existence of `"lab.tab.diagnostics" Button`
    t =     3.25s Checking existence of `"lab.tab.diagnostics" Button`
    t =     3.43s Checking existence of `"lab.tab.diagnostics" Button`
    t =     3.45s Checking existence of `"lab.tab.diagnostics" Button`
    t =     3.63s Checking existence of `"lab.tab.diagnostics" Button`
    t =     3.66s Waiting 25.0s for "lab.tab.diagnostics" Button to exist
    t =     4.73s     Checking `Expect predicate `existsNoRetry == 1` for object "lab.tab.diagnostics" Button`
    t =     4.73s         Checking existence of `"lab.tab.diagnostics" Button`
    t =     4.77s Terminate io.godstone.labmesh:28087
    t =     5.85s Open io.godstone.labmesh
    t =     5.85s     Launch io.godstone.labmesh
2026-10-03 19:49:18.856 xcodebuild[26874:44998821] [MT] IDELaunchParametersSnapshot: debugger version lookup failed for path '<nil>': noURL
2026-10-03 19:49:18.856 xcodebuild[26874:44998821] [MT] IDELaunchParametersSnapshot: no debugger version
    t =     6.07s         Setting up automation session
    t =     6.66s         Wait for io.godstone.labmesh to idle
    t =     7.82s Waiting 25.0s for "lab.recovery.decision" StaticText to exist
    t =     8.87s     Checking `Expect predicate `existsNoRetry == 1` for object "lab.recovery.decision" StaticText`
    t =     8.87s         Checking existence of `"lab.recovery.decision" StaticText`
    t =     8.89s Find the "lab.recovery.decision" StaticText
    t =     8.90s Find the "lab.recovery.bootstrap" StaticText
    t =     8.91s Find the "lab.recovery.gate" StaticText
    t =     8.91s Find the "lab.recovery.gate" StaticText
    t =     8.92s Checking existence of `"lab.recovery.retry" Button`
    t =     8.92s Waiting 20.0s for "lab.recovery.resolve" Button to exist
    t =     9.99s     Checking `Expect predicate `existsNoRetry == 1` for object "lab.recovery.resolve" Button`
    t =     9.99s         Checking existence of `"lab.recovery.resolve" Button`
    t =    10.01s Find the "lab.recovery.resolve" Button
    t =    10.02s Tap "lab.recovery.resolve" Button
    t =    10.02s     Wait for io.godstone.labmesh to idle
    t =    10.03s     Find the "lab.recovery.resolve" Button
    t =    10.04s     Check for interrupting elements affecting "lab.recovery.resolve" Button
    t =    10.05s     Synthesize event
    t =    10.34s     Wait for io.godstone.labmesh to idle
    t =    10.34s Waiting 30.0s for "lab.recovery.operatorwipe" StaticText to exist
    t =    11.40s     Checking `Expect predicate `existsNoRetry == 1` for object "lab.recovery.operatorwipe" StaticText`
    t =    11.40s         Checking existence of `"lab.recovery.operatorwipe" StaticText`
    t =    11.45s Find the "lab.recovery.operatorwipe" StaticText
    t =    11.47s Checking existence of `"lab.tab.diagnostics" Button`
    t =    11.48s Waiting 30.0s for "lab.tab.diagnostics" Button to exist
    t =    12.52s     Checking `Expect predicate `existsNoRetry == 1` for object "lab.tab.diagnostics" Button`
    t =    12.52s         Checking existence of `"lab.tab.diagnostics" Button`
    t =    12.54s Checking existence of `"lab.tab.diagnostics" Button`
    t =    12.55s Tap "lab.tab.diagnostics" Button
    t =    12.55s     Wait for io.godstone.labmesh to idle
    t =    12.55s     Find the "lab.tab.diagnostics" Button
    t =    12.57s     Check for interrupting elements affecting "lab.tab.diagnostics" Button
    t =    12.58s     Synthesize event
    t =    12.87s     Wait for io.godstone.labmesh to idle
    t =    14.27s Waiting 20.0s for "lab.diagnostics.privateopens" StaticText to exist
    t =    15.34s     Checking `Expect predicate `existsNoRetry == 1` for object "lab.diagnostics.privateopens" StaticText`
    t =    15.34s         Checking existence of `"lab.diagnostics.privateopens" StaticText`
    t =    15.37s Find the "lab.diagnostics.privateopens" StaticText
    t =    15.39s Tear Down
Test Case '-[LabMeshUITests.LabMeshUITests testG1TheCorruptRecordDeniesRetryAndTheOperatorWipeEarnsTheGraphBack]' passed (15.626 seconds).
Test Case '-[LabMeshUITests.LabMeshUITests testG1TheIntermediateRungBootsRecoveryOnlyAndResumesFromIt]' started.
    t =     0.00s Start Test at 2026-10-03 19:49:28.629
    t =     0.03s Set Up
    t =     0.03s Open io.godstone.labmesh
    t =     0.03s     Launch io.godstone.labmesh
    t =     0.03s         Terminate io.godstone.labmesh:28107
2026-10-03 19:49:29.729 xcodebuild[26874:44998821] [MT] IDELaunchParametersSnapshot: debugger version lookup failed for path '<nil>': noURL
2026-10-03 19:49:29.729 xcodebuild[26874:44998821] [MT] IDELaunchParametersSnapshot: no debugger version
    t =     1.31s         Setting up automation session
    t =     1.98s         Wait for io.godstone.labmesh to idle
    t =     3.25s Checking existence of `"lab.tab.diagnostics" Button`
    t =     3.33s Checking existence of `"lab.tab.diagnostics" Button`
    t =     3.51s Checking existence of `"lab.tab.diagnostics" Button`
    t =     3.52s Checking existence of `"lab.tab.diagnostics" Button`
    t =     3.69s Checking existence of `"lab.tab.diagnostics" Button`
    t =     3.72s Waiting 25.0s for "lab.tab.diagnostics" Button to exist
    t =     4.77s     Checking `Expect predicate `existsNoRetry == 1` for object "lab.tab.diagnostics" Button`
    t =     4.77s         Checking existence of `"lab.tab.diagnostics" Button`
    t =     4.81s Terminate io.godstone.labmesh:28144
    t =     5.88s Open io.godstone.labmesh
    t =     5.88s     Launch io.godstone.labmesh
2026-10-03 19:49:34.509 xcodebuild[26874:44998821] [MT] IDELaunchParametersSnapshot: debugger version lookup failed for path '<nil>': noURL
2026-10-03 19:49:34.509 xcodebuild[26874:44998821] [MT] IDELaunchParametersSnapshot: no debugger version
    t =     6.09s         Setting up automation session
    t =     6.69s         Wait for io.godstone.labmesh to idle
    t =     7.85s Waiting 25.0s for "lab.recovery.decision" StaticText to exist
    t =     8.91s     Checking `Expect predicate `existsNoRetry == 1` for object "lab.recovery.decision" StaticText`
    t =     8.91s         Checking existence of `"lab.recovery.decision" StaticText`
    t =     8.96s Find the "lab.recovery.rung" StaticText
    t =     8.97s Find the "lab.recovery.decision" StaticText
    t =     8.98s Find the "lab.recovery.decision" StaticText
    t =     8.98s Find the "lab.recovery.gate" StaticText
    t =     8.99s Find the "lab.recovery.privateopens" StaticText
    t =     8.99s Waiting 20.0s for "lab.recovery.retry" Button to exist
    t =    10.06s     Checking `Expect predicate `existsNoRetry == 1` for object "lab.recovery.retry" Button`
    t =    10.07s         Checking existence of `"lab.recovery.retry" Button`
    t =    10.08s Checking existence of `"lab.recovery.resolve" Button`
    t =    10.10s Tap "lab.recovery.retry" Button
    t =    10.10s     Wait for io.godstone.labmesh to idle
    t =    10.10s     Find the "lab.recovery.retry" Button
    t =    10.11s     Check for interrupting elements affecting "lab.recovery.retry" Button
    t =    10.12s     Synthesize event
    t =    10.41s     Wait for io.godstone.labmesh to idle
    t =    10.41s Checking existence of `"lab.tab.diagnostics" Button`
    t =    10.44s Waiting 30.0s for "lab.tab.diagnostics" Button to exist
    t =    11.51s     Checking `Expect predicate `existsNoRetry == 1` for object "lab.tab.diagnostics" Button`
    t =    11.51s         Checking existence of `"lab.tab.diagnostics" Button`
    t =    11.55s Tap "lab.tab.diagnostics" Button
    t =    11.55s     Wait for io.godstone.labmesh to idle
    t =    11.55s     Find the "lab.tab.diagnostics" Button
    t =    11.57s     Check for interrupting elements affecting "lab.tab.diagnostics" Button
    t =    11.58s     Synthesize event
    t =    11.87s     Wait for io.godstone.labmesh to idle
    t =    13.31s Waiting 20.0s for "lab.diagnostics.privateopens" StaticText to exist
    t =    14.36s     Checking `Expect predicate `existsNoRetry == 1` for object "lab.diagnostics.privateopens" StaticText`
    t =    14.37s         Checking existence of `"lab.diagnostics.privateopens" StaticText`
    t =    14.40s Find the "lab.diagnostics.privateopens" StaticText
    t =    14.42s Tear Down
Test Case '-[LabMeshUITests.LabMeshUITests testG1TheIntermediateRungBootsRecoveryOnlyAndResumesFromIt]' passed (14.722 seconds).
Test Case '-[LabMeshUITests.LabMeshUITests testG1ThePendingRecoveryBootsRecoveryOnlyAndRetriesAResume]' started.
    t =     0.00s Start Test at 2026-10-03 19:49:43.352
    t =     0.03s Set Up
    t =     0.04s Open io.godstone.labmesh
    t =     0.04s     Launch io.godstone.labmesh
    t =     0.04s         Terminate io.godstone.labmesh:28151
2026-10-03 19:49:44.476 xcodebuild[26874:44998821] [MT] IDELaunchParametersSnapshot: debugger version lookup failed for path '<nil>': noURL
2026-10-03 19:49:44.476 xcodebuild[26874:44998821] [MT] IDELaunchParametersSnapshot: no debugger version
    t =     1.34s         Setting up automation session
    t =     1.99s         Wait for io.godstone.labmesh to idle
    t =     3.27s Checking existence of `"lab.tab.diagnostics" Button`
    t =     3.35s Checking existence of `"lab.tab.diagnostics" Button`
    t =     3.51s Checking existence of `"lab.tab.diagnostics" Button`
    t =     3.54s Checking existence of `"lab.tab.diagnostics" Button`
    t =     3.71s Checking existence of `"lab.tab.diagnostics" Button`
    t =     3.75s Waiting 25.0s for "lab.tab.diagnostics" Button to exist
    t =     4.81s     Checking `Expect predicate `existsNoRetry == 1` for object "lab.tab.diagnostics" Button`
    t =     4.81s         Checking existence of `"lab.tab.diagnostics" Button`
    t =     4.85s Terminate io.godstone.labmesh:28199
    t =     5.93s Open io.godstone.labmesh
    t =     5.93s     Launch io.godstone.labmesh
2026-10-03 19:49:49.281 xcodebuild[26874:44998821] [MT] IDELaunchParametersSnapshot: debugger version lookup failed for path '<nil>': noURL
2026-10-03 19:49:49.281 xcodebuild[26874:44998821] [MT] IDELaunchParametersSnapshot: no debugger version
    t =     6.14s         Setting up automation session
    t =     6.73s         Wait for io.godstone.labmesh to idle
    t =     7.89s Waiting 25.0s for "lab.recovery.decision" StaticText to exist
    t =     8.94s     Checking `Expect predicate `existsNoRetry == 1` for object "lab.recovery.decision" StaticText`
    t =     8.94s         Checking existence of `"lab.recovery.decision" StaticText`
    t =     8.99s Find the "lab.recovery.decision" StaticText
    t =     9.00s Find the "lab.recovery.rung" StaticText
    t =     9.00s Find the "lab.recovery.privateopens" StaticText
    t =     9.01s Checking existence of `"lab.tab.identity" Button`
    t =     9.01s Checking existence of `"lab.tab.identity" Button`
    t =     9.02s Checking existence of `"lab.tab.contacts" Button`
    t =     9.02s Checking existence of `"lab.tab.contacts" Button`
    t =     9.03s Checking existence of `"lab.tab.conversation" Button`
    t =     9.03s Checking existence of `"lab.tab.conversation" Button`
    t =     9.04s Checking existence of `"lab.tab.sos" Button`
    t =     9.04s Checking existence of `"lab.tab.sos" Button`
    t =     9.05s Checking existence of `"lab.tab.diagnostics" Button`
    t =     9.05s Checking existence of `"lab.tab.diagnostics" Button`
    t =     9.06s Find the "lab.recovery.gate" StaticText
    t =     9.06s Find the "lab.recovery.gate" StaticText
    t =     9.07s Waiting 20.0s for "lab.recovery.retry" Button to exist
    t =    10.11s     Checking `Expect predicate `existsNoRetry == 1` for object "lab.recovery.retry" Button`
    t =    10.11s         Checking existence of `"lab.recovery.retry" Button`
    t =    10.13s Checking existence of `"lab.recovery.resolve" Button`
    t =    10.14s Tap "lab.recovery.retry" Button
    t =    10.14s     Wait for io.godstone.labmesh to idle
    t =    10.14s     Find the "lab.recovery.retry" Button
    t =    10.15s     Check for interrupting elements affecting "lab.recovery.retry" Button
    t =    10.17s     Synthesize event
    t =    10.46s     Wait for io.godstone.labmesh to idle
    t =    10.46s Checking existence of `"lab.tab.diagnostics" Button`
    t =    10.48s Waiting 30.0s for "lab.tab.diagnostics" Button to exist
    t =    11.54s     Checking `Expect predicate `existsNoRetry == 1` for object "lab.tab.diagnostics" Button`
    t =    11.54s         Checking existence of `"lab.tab.diagnostics" Button`
    t =    11.57s Tap "lab.tab.diagnostics" Button
    t =    11.57s     Wait for io.godstone.labmesh to idle
    t =    11.58s     Find the "lab.tab.diagnostics" Button
    t =    11.60s     Check for interrupting elements affecting "lab.tab.diagnostics" Button
    t =    11.61s     Synthesize event
    t =    11.90s     Wait for io.godstone.labmesh to idle
    t =    13.33s Waiting 20.0s for "lab.diagnostics.privateopens" StaticText to exist
    t =    14.39s     Checking `Expect predicate `existsNoRetry == 1` for object "lab.diagnostics.privateopens" StaticText`
    t =    14.39s         Checking existence of `"lab.diagnostics.privateopens" StaticText`
    t =    14.42s Find the "lab.diagnostics.privateopens" StaticText
    t =    14.44s Terminate io.godstone.labmesh:28220
    t =    15.51s Open io.godstone.labmesh
    t =    15.51s     Launch io.godstone.labmesh
2026-10-03 19:49:58.865 xcodebuild[26874:44998821] [MT] IDELaunchParametersSnapshot: debugger version lookup failed for path '<nil>': noURL
2026-10-03 19:49:58.865 xcodebuild[26874:44998821] [MT] IDELaunchParametersSnapshot: no debugger version
    t =    15.73s         Setting up automation session
    t =    16.32s         Wait for io.godstone.labmesh to idle
    t =    17.58s Checking existence of `"lab.tab.diagnostics" Button`
    t =    17.67s Checking existence of `"lab.tab.diagnostics" Button`
    t =    17.85s Checking existence of `"lab.tab.diagnostics" Button`
    t =    17.87s Checking existence of `"lab.tab.diagnostics" Button`
    t =    18.05s Checking existence of `"lab.tab.diagnostics" Button`
    t =    18.08s Waiting 30.0s for "lab.tab.diagnostics" Button to exist
    t =    19.12s     Checking `Expect predicate `existsNoRetry == 1` for object "lab.tab.diagnostics" Button`
    t =    19.12s         Checking existence of `"lab.tab.diagnostics" Button`
    t =    19.16s Checking existence of `"lab.recovery.decision" StaticText`
    t =    19.18s Tear Down
Test Case '-[LabMeshUITests.LabMeshUITests testG1ThePendingRecoveryBootsRecoveryOnlyAndRetriesAResume]' passed (19.423 seconds).
Test Case '-[LabMeshUITests.LabMeshUITests testGSINT001ACancelledSosHoldDoesNotReachTheRuntime]' started.
    t =     0.00s Start Test at 2026-10-03 19:50:02.776
    t =     0.03s Set Up
    t =     0.03s Open io.godstone.labmesh
    t =     0.03s     Launch io.godstone.labmesh
    t =     0.03s         Terminate io.godstone.labmesh:28254
2026-10-03 19:50:03.868 xcodebuild[26874:44998821] [MT] IDELaunchParametersSnapshot: debugger version lookup failed for path '<nil>': noURL
2026-10-03 19:50:03.868 xcodebuild[26874:44998821] [MT] IDELaunchParametersSnapshot: no debugger version
    t =     1.30s         Setting up automation session
    t =     1.99s         Wait for io.godstone.labmesh to idle
    t =     3.26s Checking existence of `"lab.tab.sos" Button`
    t =     3.34s Checking existence of `"lab.tab.sos" Button`
    t =     3.52s Checking existence of `"lab.tab.sos" Button`
    t =     3.53s Checking existence of `"lab.tab.sos" Button`
    t =     3.71s Checking existence of `"lab.tab.sos" Button`
    t =     3.74s Waiting 20.0s for "lab.tab.sos" Button to exist
    t =     4.79s     Checking `Expect predicate `existsNoRetry == 1` for object "lab.tab.sos" Button`
    t =     4.79s         Checking existence of `"lab.tab.sos" Button`
    t =     4.83s Tap "lab.tab.sos" Button
    t =     4.83s     Wait for io.godstone.labmesh to idle
    t =     4.83s     Find the "lab.tab.sos" Button
    t =     4.85s     Check for interrupting elements affecting "lab.tab.sos" Button
    t =     4.87s     Synthesize event
    t =     5.15s     Wait for io.godstone.labmesh to idle
    t =     6.56s Waiting 20.0s for "lab.sos.hold" StaticText to exist
    t =     7.62s     Checking `Expect predicate `existsNoRetry == 1` for object "lab.sos.hold" StaticText`
    t =     7.62s         Checking existence of `"lab.sos.hold" StaticText`
    t =     7.65s Checking existence of `"lab.sos.hold" StaticText`
    t =     7.67s Waiting 20.0s for "lab.sos.admitted" StaticText to exist
    t =     8.73s     Checking `Expect predicate `existsNoRetry == 1` for object "lab.sos.admitted" StaticText`
    t =     8.73s         Checking existence of `"lab.sos.admitted" StaticText`
    t =     8.76s Find the "lab.sos.admitted" StaticText
    t =     8.78s Press "lab.sos.hold" StaticText for 0.2 seconds
    t =     8.78s     Wait for io.godstone.labmesh to idle
    t =     8.78s     Find the "lab.sos.hold" StaticText
    t =     8.80s     Check for interrupting elements affecting "lab.sos.hold" StaticText
    t =     8.81s     Synthesize event
    t =     9.25s     Wait for io.godstone.labmesh to idle
    t =     9.25s Waiting 10.0s for StaticText (First Match) to exist
    t =    10.32s     Checking `Expect predicate `existsNoRetry == 1` for object StaticText (First Match)`
    t =    10.32s         Checking existence of `StaticText (First Match)`
    t =    10.37s Find the "lab.sos.admitted" StaticText
    t =    10.38s Tear Down
Test Case '-[LabMeshUITests.LabMeshUITests testGSINT001ACancelledSosHoldDoesNotReachTheRuntime]' passed (10.596 seconds).
Test Case '-[LabMeshUITests.LabMeshUITests testGSINT001AStaleRotationCandidateIsRefusedWithTheExactString]' started.
    t =     0.00s Start Test at 2026-10-03 19:50:13.373
    t =     0.03s Set Up
    t =     0.03s Open io.godstone.labmesh
    t =     0.03s     Launch io.godstone.labmesh
    t =     0.03s         Terminate io.godstone.labmesh:28268
2026-10-03 19:50:14.477 xcodebuild[26874:44998821] [MT] IDELaunchParametersSnapshot: debugger version lookup failed for path '<nil>': noURL
2026-10-03 19:50:14.477 xcodebuild[26874:44998821] [MT] IDELaunchParametersSnapshot: no debugger version
    t =     1.32s         Setting up automation session
    t =     1.92s         Wait for io.godstone.labmesh to idle
    t =     3.17s Checking existence of `"lab.tab.contacts" Button`
    t =     3.23s Checking existence of `"lab.tab.contacts" Button`
    t =     3.40s Checking existence of `"lab.tab.contacts" Button`
    t =     3.42s Checking existence of `"lab.tab.contacts" Button`
    t =     3.59s Checking existence of `"lab.tab.contacts" Button`
    t =     3.61s Waiting 20.0s for "lab.tab.contacts" Button to exist
    t =     4.67s     Checking `Expect predicate `existsNoRetry == 1` for object "lab.tab.contacts" Button`
    t =     4.67s         Checking existence of `"lab.tab.contacts" Button`
    t =     4.71s Tap "lab.tab.contacts" Button
    t =     4.71s     Wait for io.godstone.labmesh to idle
    t =     4.71s     Find the "lab.tab.contacts" Button
    t =     4.73s     Check for interrupting elements affecting "lab.tab.contacts" Button
    t =     4.74s     Synthesize event
    t =     5.03s     Wait for io.godstone.labmesh to idle
    t =     6.38s Waiting 20.0s for "lab.trust.outcome" StaticText to exist
    t =     7.44s     Checking `Expect predicate `existsNoRetry == 1` for object "lab.trust.outcome" StaticText`
    t =     7.44s         Checking existence of `"lab.trust.outcome" StaticText`
    t =     7.47s Waiting 20.0s for "lab.trust.approve" Button to exist
    t =     8.54s     Checking `Expect predicate `existsNoRetry == 1` for object "lab.trust.approve" Button`
    t =     8.54s         Checking existence of `"lab.trust.approve" Button`
    t =     8.58s Waiting 20.0s for "lab.trust.seedrotation" Button to exist
    t =     9.62s     Checking `Expect predicate `existsNoRetry == 1` for object "lab.trust.seedrotation" Button`
    t =     9.62s         Checking existence of `"lab.trust.seedrotation" Button`
    t =     9.63s Find the "lab.trust.seedrotation" Button
    t =     9.65s Checking existence of `ScrollView (First Match)`
    t =     9.66s Swipe up ScrollView (First Match)
    t =     9.66s     Wait for io.godstone.labmesh to idle
    t =     9.66s     Find the ScrollView (First Match)
    t =     9.67s     Check for interrupting elements affecting ScrollView
    t =     9.68s     Synthesize event
    t =    10.12s     Wait for io.godstone.labmesh to idle
    t =    10.65s Find the "lab.trust.seedrotation" Button
    t =    10.68s Tap "lab.trust.seedrotation" Button
    t =    10.69s     Wait for io.godstone.labmesh to idle
    t =    10.69s     Find the "lab.trust.seedrotation" Button
    t =    10.70s     Check for interrupting elements affecting "lab.trust.seedrotation" Button
    t =    10.72s     Synthesize event
    t =    11.00s     Wait for io.godstone.labmesh to idle
    t =    11.01s Waiting 20.0s for "lab.trust.status" Any to exist
    t =    12.06s     Checking `Expect predicate `existsNoRetry == 1` for object "lab.trust.status" Any`
    t =    12.06s         Checking existence of `"lab.trust.status" Any`
    t =    13.14s Checking `Expect predicate `value CONTAINS "ROTATION_PENDING"` for object "lab.trust.status" Any`
    t =    13.14s     Find the "lab.trust.status" Any
    t =    13.16s Find the "lab.trust.seedrotation" Button
    t =    13.18s Tap "lab.trust.seedrotation" Button
    t =    13.18s     Wait for io.godstone.labmesh to idle
    t =    13.18s     Find the "lab.trust.seedrotation" Button
    t =    13.20s     Check for interrupting elements affecting "lab.trust.seedrotation" Button
    t =    13.21s     Synthesize event
    t =    13.50s     Wait for io.godstone.labmesh to idle
    t =    13.50s Find the "lab.trust.approve" Button
    t =    13.52s Tap "lab.trust.approve" Button
    t =    13.52s     Wait for io.godstone.labmesh to idle
    t =    13.53s     Find the "lab.trust.approve" Button
    t =    13.54s     Check for interrupting elements affecting "lab.trust.approve" Button
    t =    13.55s     Synthesize event
    t =    13.85s     Wait for io.godstone.labmesh to idle
    t =    14.92s Checking `Expect predicate `label == "refused: that rotation is no longer pending: nothing was approved"` for object "lab.trust.outcome" StaticText`
    t =    14.92s     Find the "lab.trust.outcome" StaticText
    t =    14.96s Find the "lab.trust.outcome" StaticText
    t =    14.97s Tear Down
Test Case '-[LabMeshUITests.LabMeshUITests testGSINT001AStaleRotationCandidateIsRefusedWithTheExactString]' passed (15.250 seconds).
Test Case '-[LabMeshUITests.LabMeshUITests testGSINT001ControlsRemainAddressableUnderRTLAndLargeText]' started.
    t =     0.00s Start Test at 2026-10-03 19:50:28.623
    t =     0.03s Set Up
    t =     0.03s Open io.godstone.labmesh
    t =     0.04s     Launch io.godstone.labmesh
    t =     0.04s         Terminate io.godstone.labmesh:28304
2026-10-03 19:50:29.735 xcodebuild[26874:44998821] [MT] IDELaunchParametersSnapshot: debugger version lookup failed for path '<nil>': noURL
2026-10-03 19:50:29.735 xcodebuild[26874:44998821] [MT] IDELaunchParametersSnapshot: no debugger version
    t =     1.32s         Setting up automation session
    t =     1.92s         Wait for io.godstone.labmesh to idle
    t =     3.18s Checking existence of `"lab.tab.conversation" Button`
    t =     3.26s Checking existence of `"lab.tab.conversation" Button`
    t =     3.43s Checking existence of `"lab.tab.conversation" Button`
    t =     3.46s Checking existence of `"lab.tab.conversation" Button`
    t =     3.64s Checking existence of `"lab.tab.conversation" Button`
    t =     3.67s Waiting 20.0s for "lab.tab.conversation" Button to exist
    t =     4.72s     Checking `Expect predicate `existsNoRetry == 1` for object "lab.tab.conversation" Button`
    t =     4.72s         Checking existence of `"lab.tab.conversation" Button`
    t =     4.74s Tap "lab.tab.conversation" Button
    t =     4.74s     Wait for io.godstone.labmesh to idle
    t =     4.74s     Find the "lab.tab.conversation" Button
    t =     4.76s     Check for interrupting elements affecting "lab.tab.conversation" Button
    t =     4.77s     Synthesize event
    t =     5.05s     Wait for io.godstone.labmesh to idle
    t =     5.81s Waiting 20.0s for "lab.conversation.field" TextField to exist
    t =     6.88s     Checking `Expect predicate `existsNoRetry == 1` for object "lab.conversation.field" TextField`
    t =     6.88s         Checking existence of `"lab.conversation.field" TextField`
    t =     6.91s Checking existence of `"lab.conversation.send" Button`
    t =     6.93s Tap "lab.conversation.field" TextField
    t =     6.93s     Wait for io.godstone.labmesh to idle
    t =     6.93s     Find the "lab.conversation.field" TextField
    t =     6.95s     Check for interrupting elements affecting "lab.conversation.field" TextField
    t =     6.96s     Synthesize event
    t =     6.96s         Scroll element to visible
    t =     6.97s         Find the "lab.conversation.field" TextField
    t =     6.99s         Computed hit point {220, 456.91666666666669} after scrolling to visible
    t =     7.27s     Wait for io.godstone.labmesh to idle
    t =     8.93s Type 'الطريق مسدود' into "lab.conversation.field" TextField
    t =     8.93s     Wait for io.godstone.labmesh to idle
    t =     8.94s     Find the "lab.conversation.field" TextField
    t =     8.99s     Check for interrupting elements affecting "lab.conversation.field" TextField
    t =     9.01s     Synthesize event
    t =     9.41s     Wait for io.godstone.labmesh to idle
    t =     9.42s Get number of matches for: Descendants matching type Keyboard
    t =     9.44s Checking existence of `"Return" Button`
    t =     9.47s Tap "Return" Button
    t =     9.47s     Wait for io.godstone.labmesh to idle
    t =     9.47s     Find the "Return" Button
    t =     9.50s     Check for interrupting elements affecting "Return" Button
    t =     9.52s     Synthesize event
    t =     9.80s     Wait for io.godstone.labmesh to idle
    t =    11.74s Get number of matches for: Descendants matching type Keyboard
    t =    11.77s Checking existence of `"lab.tab.contacts" Button`
    t =    11.78s Checking existence of `"lab.tab.contacts" Button`
    t =    11.80s Tap "lab.tab.contacts" Button
    t =    11.80s     Wait for io.godstone.labmesh to idle
    t =    11.80s     Find the "lab.tab.contacts" Button
    t =    11.82s     Check for interrupting elements affecting "lab.tab.contacts" Button
    t =    11.83s     Synthesize event
    t =    12.12s     Wait for io.godstone.labmesh to idle
    t =    13.50s Waiting 20.0s for "lab.trust.confirm" Button to exist
    t =    14.55s     Checking `Expect predicate `existsNoRetry == 1` for object "lab.trust.confirm" Button`
    t =    14.55s         Checking existence of `"lab.trust.confirm" Button`
    t =    14.59s Get all elements bound by index for: Descendants matching type Button
    t =    14.61s Checking existence of `Button (Element at index 0)`
    t =    14.62s Find the Button (Element at index 0)
    t =    14.63s Checking existence of `Button (Element at index 1)`
    t =    14.64s Find the Button (Element at index 1)
    t =    14.65s Checking existence of `Button (Element at index 2)`
    t =    14.66s Find the Button (Element at index 2)
    t =    14.67s Checking existence of `Button (Element at index 3)`
    t =    14.68s Find the Button (Element at index 3)
    t =    14.69s Checking existence of `Button (Element at index 4)`
    t =    14.70s Find the Button (Element at index 4)
    t =    14.72s Checking existence of `Button (Element at index 5)`
    t =    14.73s Find the Button (Element at index 5)
    t =    14.74s Checking existence of `Button (Element at index 6)`
    t =    14.75s Find the Button (Element at index 6)
    t =    14.76s Checking existence of `Button (Element at index 7)`
    t =    14.77s Find the Button (Element at index 7)
    t =    14.78s Checking existence of `Button (Element at index 8)`
    t =    14.79s Find the Button (Element at index 8)
    t =    14.80s Checking existence of `Button (Element at index 9)`
    t =    14.81s Find the Button (Element at index 9)
    t =    14.82s Tear Down
Test Case '-[LabMeshUITests.LabMeshUITests testGSINT001ControlsRemainAddressableUnderRTLAndLargeText]' passed (15.066 seconds).
Test Case '-[LabMeshUITests.LabMeshUITests testGSINT001TheBoundedComposeCountsOctetsAndUpdatesItsReadout]' started.
    t =     0.00s Start Test at 2026-10-03 19:50:43.689
    t =     0.03s Set Up
    t =     0.03s Open io.godstone.labmesh
    t =     0.03s     Launch io.godstone.labmesh
    t =     0.03s         Terminate io.godstone.labmesh:28363
2026-10-03 19:50:44.795 xcodebuild[26874:44998821] [MT] IDELaunchParametersSnapshot: debugger version lookup failed for path '<nil>': noURL
2026-10-03 19:50:44.795 xcodebuild[26874:44998821] [MT] IDELaunchParametersSnapshot: no debugger version
    t =     1.31s         Setting up automation session
    t =     2.00s         Wait for io.godstone.labmesh to idle
    t =     3.28s Checking existence of `"lab.tab.conversation" Button`
    t =     3.33s Checking existence of `"lab.tab.conversation" Button`
    t =     3.51s Checking existence of `"lab.tab.conversation" Button`
    t =     3.53s Checking existence of `"lab.tab.conversation" Button`
    t =     3.71s Checking existence of `"lab.tab.conversation" Button`
    t =     3.72s Waiting 20.0s for "lab.tab.conversation" Button to exist
    t =     4.79s     Checking `Expect predicate `existsNoRetry == 1` for object "lab.tab.conversation" Button`
    t =     4.79s         Checking existence of `"lab.tab.conversation" Button`
    t =     4.82s Tap "lab.tab.conversation" Button
    t =     4.82s     Wait for io.godstone.labmesh to idle
    t =     4.83s     Find the "lab.tab.conversation" Button
    t =     4.84s     Check for interrupting elements affecting "lab.tab.conversation" Button
    t =     4.86s     Synthesize event
    t =     5.15s     Wait for io.godstone.labmesh to idle
    t =     5.90s Waiting 20.0s for "lab.conversation.field" TextField to exist
    t =     6.96s     Checking `Expect predicate `existsNoRetry == 1` for object "lab.conversation.field" TextField`
    t =     6.96s         Checking existence of `"lab.conversation.field" TextField`
    t =     7.00s Waiting 20.0s for "lab.conversation.octets" Any to exist
    t =     8.06s     Checking `Expect predicate `existsNoRetry == 1` for object "lab.conversation.octets" Any`
    t =     8.06s         Checking existence of `"lab.conversation.octets" Any`
    t =     8.10s Find the "lab.conversation.octets" Any
    t =     8.12s Tap "lab.conversation.field" TextField
    t =     8.12s     Wait for io.godstone.labmesh to idle
    t =     8.12s     Find the "lab.conversation.field" TextField
    t =     8.13s     Check for interrupting elements affecting "lab.conversation.field" TextField
    t =     8.15s     Synthesize event
    t =     8.43s     Wait for io.godstone.labmesh to idle
    t =     8.81s Type '⛵️ الطريق مسدود' into "lab.conversation.field" TextField
    t =     8.81s     Wait for io.godstone.labmesh to idle
    t =     8.82s     Find the "lab.conversation.field" TextField
    t =     8.87s     Check for interrupting elements affecting "lab.conversation.field" TextField
    t =     8.89s     Synthesize event
    t =     9.32s     Wait for io.godstone.labmesh to idle
    t =    10.77s Checking `Expect predicate `value != "32/400 octets"` for object "lab.conversation.octets" Other`
    t =    10.77s     Find the "lab.conversation.octets" Other
    t =    10.82s Find the "lab.conversation.octets" Other
    t =    10.85s Tear Down
Test Case '-[LabMeshUITests.LabMeshUITests testGSINT001TheBoundedComposeCountsOctetsAndUpdatesItsReadout]' passed (11.115 seconds).
Test Case '-[LabMeshUITests.LabMeshUITests testGSINT001TheDistressStateSurvivesARelaunchAndACancelDoesNotUnAuthor]' started.
    t =     0.00s Start Test at 2026-10-03 19:50:54.804
    t =     0.03s Set Up
    t =     0.03s Open io.godstone.labmesh
    t =     0.03s     Launch io.godstone.labmesh
    t =     0.03s         Terminate io.godstone.labmesh:28401
2026-10-03 19:50:55.910 xcodebuild[26874:44998821] [MT] IDELaunchParametersSnapshot: debugger version lookup failed for path '<nil>': noURL
2026-10-03 19:50:55.910 xcodebuild[26874:44998821] [MT] IDELaunchParametersSnapshot: no debugger version
    t =     1.32s         Setting up automation session
    t =     1.91s         Wait for io.godstone.labmesh to idle
    t =     3.16s Checking existence of `"lab.tab.sos" Button`
    t =     3.24s Checking existence of `"lab.tab.sos" Button`
    t =     3.42s Checking existence of `"lab.tab.sos" Button`
    t =     3.44s Checking existence of `"lab.tab.sos" Button`
    t =     3.62s Checking existence of `"lab.tab.sos" Button`
    t =     3.65s Waiting 20.0s for "lab.tab.sos" Button to exist
    t =     4.68s     Checking `Expect predicate `existsNoRetry == 1` for object "lab.tab.sos" Button`
    t =     4.68s         Checking existence of `"lab.tab.sos" Button`
    t =     4.72s Tap "lab.tab.sos" Button
    t =     4.72s     Wait for io.godstone.labmesh to idle
    t =     4.72s     Find the "lab.tab.sos" Button
    t =     4.74s     Check for interrupting elements affecting "lab.tab.sos" Button
    t =     4.75s     Synthesize event
    t =     5.04s     Wait for io.godstone.labmesh to idle
    t =     6.45s Waiting 20.0s for "lab.sos.state" Any to exist
    t =     7.51s     Checking `Expect predicate `existsNoRetry == 1` for object "lab.sos.state" Any`
    t =     7.51s         Checking existence of `"lab.sos.state" Any`
    t =     7.54s Waiting 20.0s for "lab.sos.send" Button to exist
    t =     8.59s     Checking `Expect predicate `existsNoRetry == 1` for object "lab.sos.send" Button`
    t =     8.59s         Checking existence of `"lab.sos.send" Button`
    t =     8.62s Tap "lab.sos.send" Button
    t =     8.62s     Wait for io.godstone.labmesh to idle
    t =     8.62s     Find the "lab.sos.send" Button
    t =     8.64s     Check for interrupting elements affecting "lab.sos.send" Button
    t =     8.66s     Synthesize event
    t =     8.94s     Wait for io.godstone.labmesh to idle
    t =     9.99s Checking `Expect predicate `value BEGINSWITH "active: "` for object "lab.sos.state" Any`
    t =     9.99s     Find the "lab.sos.state" Any
    t =    10.02s Find the "lab.sos.state" Other
    t =    10.04s Terminate io.godstone.labmesh:28440
    t =    11.11s Open io.godstone.labmesh
    t =    11.11s     Launch io.godstone.labmesh
2026-10-03 19:51:05.920 xcodebuild[26874:44998821] [MT] IDELaunchParametersSnapshot: debugger version lookup failed for path '<nil>': noURL
2026-10-03 19:51:05.920 xcodebuild[26874:44998821] [MT] IDELaunchParametersSnapshot: no debugger version
    t =    11.33s         Setting up automation session
    t =    11.94s         Wait for io.godstone.labmesh to idle
    t =    13.18s Checking existence of `"lab.tab.sos" Button`
    t =    13.26s Checking existence of `"lab.tab.sos" Button`
    t =    13.44s Checking existence of `"lab.tab.sos" Button`
    t =    13.47s Checking existence of `"lab.tab.sos" Button`
    t =    13.64s Checking existence of `"lab.tab.sos" Button`
    t =    13.68s Waiting 20.0s for "lab.tab.sos" Button to exist
    t =    14.73s     Checking `Expect predicate `existsNoRetry == 1` for object "lab.tab.sos" Button`
    t =    14.73s         Checking existence of `"lab.tab.sos" Button`
    t =    14.77s Tap "lab.tab.sos" Button
    t =    14.77s     Wait for io.godstone.labmesh to idle
    t =    14.77s     Find the "lab.tab.sos" Button
    t =    14.79s     Check for interrupting elements affecting "lab.tab.sos" Button
    t =    14.80s     Synthesize event
    t =    15.09s     Wait for io.godstone.labmesh to idle
    t =    16.50s Waiting 20.0s for "lab.sos.state" Any to exist
    t =    17.56s     Checking `Expect predicate `existsNoRetry == 1` for object "lab.sos.state" Any`
    t =    17.57s         Checking existence of `"lab.sos.state" Any`
    t =    18.67s Checking `Expect predicate `value BEGINSWITH "active: "` for object "lab.sos.state" Any`
    t =    18.67s     Find the "lab.sos.state" Any
    t =    18.70s Find the "lab.sos.state" Other
    t =    18.71s Waiting 20.0s for "lab.sos.cancel" Button to exist
    t =    19.76s     Checking `Expect predicate `existsNoRetry == 1` for object "lab.sos.cancel" Button`
    t =    19.76s         Checking existence of `"lab.sos.cancel" Button`
    t =    19.79s Tap "lab.sos.cancel" Button
    t =    19.79s     Wait for io.godstone.labmesh to idle
    t =    19.80s     Find the "lab.sos.cancel" Button
    t =    19.82s     Check for interrupting elements affecting "lab.sos.cancel" Button
    t =    19.83s     Synthesize event
    t =    20.12s     Wait for io.godstone.labmesh to idle
    t =    21.19s Checking `Expect predicate `value BEGINSWITH "terminal: "` for object "lab.sos.state" Other`
    t =    21.19s     Find the "lab.sos.state" Other
    t =    21.22s Find the "lab.sos.state" Other
    t =    21.24s Terminate io.godstone.labmesh:28469
    t =    22.32s Open io.godstone.labmesh
    t =    22.33s     Launch io.godstone.labmesh
2026-10-03 19:51:17.132 xcodebuild[26874:44998821] [MT] IDELaunchParametersSnapshot: debugger version lookup failed for path '<nil>': noURL
2026-10-03 19:51:17.132 xcodebuild[26874:44998821] [MT] IDELaunchParametersSnapshot: no debugger version
    t =    22.53s         Setting up automation session
    t =    23.16s         Wait for io.godstone.labmesh to idle
    t =    24.42s Checking existence of `"lab.tab.sos" Button`
    t =    24.50s Checking existence of `"lab.tab.sos" Button`
    t =    24.68s Checking existence of `"lab.tab.sos" Button`
    t =    24.70s Checking existence of `"lab.tab.sos" Button`
    t =    24.88s Checking existence of `"lab.tab.sos" Button`
    t =    24.91s Waiting 20.0s for "lab.tab.sos" Button to exist
    t =    25.99s     Checking `Expect predicate `existsNoRetry == 1` for object "lab.tab.sos" Button`
    t =    25.99s         Checking existence of `"lab.tab.sos" Button`
    t =    26.03s Tap "lab.tab.sos" Button
    t =    26.03s     Wait for io.godstone.labmesh to idle
    t =    26.03s     Find the "lab.tab.sos" Button
    t =    26.05s     Check for interrupting elements affecting "lab.tab.sos" Button
    t =    26.06s     Synthesize event
    t =    26.35s     Wait for io.godstone.labmesh to idle
    t =    27.75s Waiting 20.0s for "lab.sos.state" Any to exist
    t =    28.79s     Checking `Expect predicate `existsNoRetry == 1` for object "lab.sos.state" Any`
    t =    28.79s         Checking existence of `"lab.sos.state" Any`
    t =    28.81s Find the "lab.sos.state" Any
    t =    28.82s Tear Down
Test Case '-[LabMeshUITests.LabMeshUITests testGSINT001TheDistressStateSurvivesARelaunchAndACancelDoesNotUnAuthor]' passed (29.100 seconds).
Test Case '-[LabMeshUITests.LabMeshUITests testGSINT001TheDurableSendVerdictSurvivesARelaunch]' started.
    t =     0.00s Start Test at 2026-10-03 19:51:23.905
    t =     0.03s Set Up
    t =     0.03s Open io.godstone.labmesh
    t =     0.03s     Launch io.godstone.labmesh
    t =     0.03s         Terminate io.godstone.labmesh:28506
2026-10-03 19:51:24.990 xcodebuild[26874:44998821] [MT] IDELaunchParametersSnapshot: debugger version lookup failed for path '<nil>': noURL
2026-10-03 19:51:24.990 xcodebuild[26874:44998821] [MT] IDELaunchParametersSnapshot: no debugger version
    t =     1.30s         Setting up automation session
    t =     1.89s         Wait for io.godstone.labmesh to idle
    t =     3.15s Checking existence of `"lab.tab.conversation" Button`
    t =     3.23s Checking existence of `"lab.tab.conversation" Button`
    t =     3.41s Checking existence of `"lab.tab.conversation" Button`
    t =     3.44s Checking existence of `"lab.tab.conversation" Button`
    t =     3.61s Checking existence of `"lab.tab.conversation" Button`
    t =     3.63s Waiting 20.0s for "lab.tab.conversation" Button to exist
    t =     4.68s     Checking `Expect predicate `existsNoRetry == 1` for object "lab.tab.conversation" Button`
    t =     4.68s         Checking existence of `"lab.tab.conversation" Button`
    t =     4.72s Tap "lab.tab.conversation" Button
    t =     4.72s     Wait for io.godstone.labmesh to idle
    t =     4.72s     Find the "lab.tab.conversation" Button
    t =     4.74s     Check for interrupting elements affecting "lab.tab.conversation" Button
    t =     4.75s     Synthesize event
    t =     5.04s     Wait for io.godstone.labmesh to idle
    t =     5.80s Waiting 20.0s for "lab.conversation.send" Button to exist
    t =     6.84s     Checking `Expect predicate `existsNoRetry == 1` for object "lab.conversation.send" Button`
    t =     6.84s         Checking existence of `"lab.conversation.send" Button`
    t =     6.87s Waiting 20.0s for "lab.conversation.durable" Any to exist
    t =     7.93s     Checking `Expect predicate `existsNoRetry == 1` for object "lab.conversation.durable" Any`
    t =     7.93s         Checking existence of `"lab.conversation.durable" Any`
    t =     7.96s Tap "lab.conversation.send" Button
    t =     7.96s     Wait for io.godstone.labmesh to idle
    t =     7.97s     Find the "lab.conversation.send" Button
    t =     7.98s     Check for interrupting elements affecting "lab.conversation.send" Button
    t =     8.00s     Synthesize event
    t =     8.01s         Scroll element to visible
    t =     8.01s         Find the "lab.conversation.send" Button
    t =     8.03s         Computed hit point {52.25, 480.75} after scrolling to visible
    t =     8.31s     Wait for io.godstone.labmesh to idle
    t =    10.12s Checking `Expect predicate `value BEGINSWITH "found:"` for object "lab.conversation.durable" Any`
    t =    10.12s     Find the "lab.conversation.durable" Any
    t =    10.16s Find the "lab.conversation.durable" Other
    t =    10.18s Terminate io.godstone.labmesh:28530
    t =    11.26s Open io.godstone.labmesh
    t =    11.26s     Launch io.godstone.labmesh
2026-10-03 19:51:35.163 xcodebuild[26874:44998821] [MT] IDELaunchParametersSnapshot: debugger version lookup failed for path '<nil>': noURL
2026-10-03 19:51:35.163 xcodebuild[26874:44998821] [MT] IDELaunchParametersSnapshot: no debugger version
    t =    11.47s         Setting up automation session
    t =    12.10s         Wait for io.godstone.labmesh to idle
    t =    13.36s Checking existence of `"lab.tab.conversation" Button`
    t =    13.43s Checking existence of `"lab.tab.conversation" Button`
    t =    13.61s Checking existence of `"lab.tab.conversation" Button`
    t =    13.64s Checking existence of `"lab.tab.conversation" Button`
    t =    13.82s Checking existence of `"lab.tab.conversation" Button`
    t =    13.83s Waiting 20.0s for "lab.tab.conversation" Button to exist
    t =    14.86s     Checking `Expect predicate `existsNoRetry == 1` for object "lab.tab.conversation" Button`
    t =    14.86s         Checking existence of `"lab.tab.conversation" Button`
    t =    14.89s Tap "lab.tab.conversation" Button
    t =    14.89s     Wait for io.godstone.labmesh to idle
    t =    14.90s     Find the "lab.tab.conversation" Button
    t =    14.91s     Check for interrupting elements affecting "lab.tab.conversation" Button
    t =    14.93s     Synthesize event
    t =    15.22s     Wait for io.godstone.labmesh to idle
    t =    15.98s Waiting 20.0s for "lab.conversation.durable" Any to exist
    t =    17.03s     Checking `Expect predicate `existsNoRetry == 1` for object "lab.conversation.durable" Any`
    t =    17.03s         Checking existence of `"lab.conversation.durable" Any`
    t =    17.06s Find the "lab.conversation.durable" Any
    t =    17.08s Tear Down
Test Case '-[LabMeshUITests.LabMeshUITests testGSINT001TheDurableSendVerdictSurvivesARelaunch]' passed (17.324 seconds).
Test Case '-[LabMeshUITests.LabMeshUITests testGSINT001TheEssentialRetryControlStandsAndActs]' started.
    t =     0.00s Start Test at 2026-10-03 19:51:41.230
    t =     0.03s Set Up
    t =     0.03s Open io.godstone.labmesh
    t =     0.04s     Launch io.godstone.labmesh
    t =     0.04s         Terminate io.godstone.labmesh:28566
2026-10-03 19:51:42.360 xcodebuild[26874:44998821] [MT] IDELaunchParametersSnapshot: debugger version lookup failed for path '<nil>': noURL
2026-10-03 19:51:42.361 xcodebuild[26874:44998821] [MT] IDELaunchParametersSnapshot: no debugger version
    t =     1.34s         Setting up automation session
    t =     1.93s         Wait for io.godstone.labmesh to idle
    t =     3.19s Checking existence of `"lab.tab.sos" Button`
    t =     3.25s Checking existence of `"lab.tab.sos" Button`
    t =     3.42s Checking existence of `"lab.tab.sos" Button`
    t =     3.44s Checking existence of `"lab.tab.sos" Button`
    t =     3.62s Checking existence of `"lab.tab.sos" Button`
    t =     3.65s Waiting 20.0s for "lab.tab.sos" Button to exist
    t =     4.68s     Checking `Expect predicate `existsNoRetry == 1` for object "lab.tab.sos" Button`
    t =     4.68s         Checking existence of `"lab.tab.sos" Button`
    t =     4.72s Tap "lab.tab.sos" Button
    t =     4.72s     Wait for io.godstone.labmesh to idle
    t =     4.72s     Find the "lab.tab.sos" Button
    t =     4.74s     Check for interrupting elements affecting "lab.tab.sos" Button
    t =     4.75s     Synthesize event
    t =     5.04s     Wait for io.godstone.labmesh to idle
    t =     6.52s Waiting 25.0s for "lab.sos.retry" Button to exist
    t =     7.58s     Checking `Expect predicate `existsNoRetry == 1` for object "lab.sos.retry" Button`
    t =     7.58s         Checking existence of `"lab.sos.retry" Button`
    t =     7.61s         Capturing element debug description
    t =     8.55s     Checking `Expect predicate `existsNoRetry == 1` for object "lab.sos.retry" Button`
    t =     8.56s         Checking existence of `"lab.sos.retry" Button`
    t =     8.58s         Capturing element debug description
    t =     9.55s     Checking `Expect predicate `existsNoRetry == 1` for object "lab.sos.retry" Button`
    t =     9.55s         Checking existence of `"lab.sos.retry" Button`
    t =     9.58s         Capturing element debug description
    t =    10.53s     Checking `Expect predicate `existsNoRetry == 1` for object "lab.sos.retry" Button`
    t =    10.53s         Checking existence of `"lab.sos.retry" Button`
    t =    10.56s         Capturing element debug description
    t =    11.62s     Checking `Expect predicate `existsNoRetry == 1` for object "lab.sos.retry" Button`
    t =    11.62s         Checking existence of `"lab.sos.retry" Button`
    t =    11.65s         Capturing element debug description
    t =    12.60s     Checking `Expect predicate `existsNoRetry == 1` for object "lab.sos.retry" Button`
    t =    12.60s         Checking existence of `"lab.sos.retry" Button`
    t =    12.63s         Capturing element debug description
    t =    13.57s     Checking `Expect predicate `existsNoRetry == 1` for object "lab.sos.retry" Button`
    t =    13.57s         Checking existence of `"lab.sos.retry" Button`
    t =    13.59s         Capturing element debug description
    t =    14.55s     Checking `Expect predicate `existsNoRetry == 1` for object "lab.sos.retry" Button`
    t =    14.55s         Checking existence of `"lab.sos.retry" Button`
    t =    14.57s         Capturing element debug description
    t =    15.53s     Checking `Expect predicate `existsNoRetry == 1` for object "lab.sos.retry" Button`
    t =    15.53s         Checking existence of `"lab.sos.retry" Button`
    t =    15.56s         Capturing element debug description
    t =    16.60s     Checking `Expect predicate `existsNoRetry == 1` for object "lab.sos.retry" Button`
    t =    16.60s         Checking existence of `"lab.sos.retry" Button`
    t =    16.63s         Capturing element debug description
    t =    17.59s     Checking `Expect predicate `existsNoRetry == 1` for object "lab.sos.retry" Button`
    t =    17.59s         Checking existence of `"lab.sos.retry" Button`
    t =    17.62s         Capturing element debug description
    t =    18.55s     Checking `Expect predicate `existsNoRetry == 1` for object "lab.sos.retry" Button`
    t =    18.55s         Checking existence of `"lab.sos.retry" Button`
    t =    18.58s         Capturing element debug description
    t =    19.53s     Checking `Expect predicate `existsNoRetry == 1` for object "lab.sos.retry" Button`
    t =    19.53s         Checking existence of `"lab.sos.retry" Button`
    t =    19.56s         Capturing element debug description
    t =    20.53s     Checking `Expect predicate `existsNoRetry == 1` for object "lab.sos.retry" Button`
    t =    20.53s         Checking existence of `"lab.sos.retry" Button`
    t =    20.56s         Capturing element debug description
    t =    21.60s     Checking `Expect predicate `existsNoRetry == 1` for object "lab.sos.retry" Button`
    t =    21.60s         Checking existence of `"lab.sos.retry" Button`
    t =    21.62s         Capturing element debug description
    t =    22.56s     Checking `Expect predicate `existsNoRetry == 1` for object "lab.sos.retry" Button`
    t =    22.57s         Checking existence of `"lab.sos.retry" Button`
    t =    22.59s         Capturing element debug description
    t =    23.54s     Checking `Expect predicate `existsNoRetry == 1` for object "lab.sos.retry" Button`
    t =    23.54s         Checking existence of `"lab.sos.retry" Button`
    t =    23.55s         Capturing element debug description
    t =    24.60s     Checking `Expect predicate `existsNoRetry == 1` for object "lab.sos.retry" Button`
    t =    24.60s         Checking existence of `"lab.sos.retry" Button`
    t =    24.63s         Capturing element debug description
    t =    25.58s     Checking `Expect predicate `existsNoRetry == 1` for object "lab.sos.retry" Button`
    t =    25.58s         Checking existence of `"lab.sos.retry" Button`
    t =    25.61s         Capturing element debug description
    t =    26.55s     Checking `Expect predicate `existsNoRetry == 1` for object "lab.sos.retry" Button`
    t =    26.55s         Checking existence of `"lab.sos.retry" Button`
    t =    26.58s         Capturing element debug description
    t =    27.55s     Checking `Expect predicate `existsNoRetry == 1` for object "lab.sos.retry" Button`
    t =    27.55s         Checking existence of `"lab.sos.retry" Button`
    t =    27.56s         Capturing element debug description
    t =    28.61s     Checking `Expect predicate `existsNoRetry == 1` for object "lab.sos.retry" Button`
    t =    28.61s         Checking existence of `"lab.sos.retry" Button`
    t =    28.64s         Capturing element debug description
    t =    29.60s     Checking `Expect predicate `existsNoRetry == 1` for object "lab.sos.retry" Button`
    t =    29.60s         Checking existence of `"lab.sos.retry" Button`
    t =    29.62s         Capturing element debug description
    t =    30.56s     Checking `Expect predicate `existsNoRetry == 1` for object "lab.sos.retry" Button`
    t =    30.56s         Checking existence of `"lab.sos.retry" Button`
    t =    30.59s         Capturing element debug description
    t =    31.53s     Checking `Expect predicate `existsNoRetry == 1` for object "lab.sos.retry" Button`
    t =    31.54s         Checking existence of `"lab.sos.retry" Button`
    t =    31.56s         Capturing element debug description
    t =    31.57s     Checking existence of `"lab.sos.retry" Button`
    t =    31.58s Collecting debug information to assist test failure triage
    t =    31.58s     Requesting snapshot of accessibility hierarchy for app with pid 28600
/tmp/board1-rc15-work-final/wt_IOS-SOS-RETRY-001/ios/Godstone/Tests/LabMeshUITests/LabMeshUITests.swift:372: error: -[LabMeshUITests.LabMeshUITests testGSINT001TheEssentialRetryControlStandsAndActs] : XCTAssertTrue failed - *** THE CONTRACT'S OWN ESSENTIAL `retry` CONTROL MUST STAND ON THE SOS SURFACE -- it is in `AccessibilityContract.essentialControls` and the shared Android lab renders it. ***
    t =    31.61s Tear Down
Test Case '-[LabMeshUITests.LabMeshUITests testGSINT001TheEssentialRetryControlStandsAndActs]' failed (31.832 seconds).
Test Case '-[LabMeshUITests.LabMeshUITests testGSINT001TheLiveTreeCarriesTheRenderedSemantics]' started.
    t =     0.00s Start Test at 2026-10-03 19:52:13.062
    t =     0.03s Set Up
    t =     0.03s Open io.godstone.labmesh
    t =     0.03s     Launch io.godstone.labmesh
    t =     0.03s         Terminate io.godstone.labmesh:28600
2026-10-03 19:52:14.170 xcodebuild[26874:44998821] [MT] IDELaunchParametersSnapshot: debugger version lookup failed for path '<nil>': noURL
2026-10-03 19:52:14.171 xcodebuild[26874:44998821] [MT] IDELaunchParametersSnapshot: no debugger version
    t =     1.32s         Setting up automation session
    t =     1.97s         Wait for io.godstone.labmesh to idle
    t =     3.27s Checking existence of `"lab.tab.conversation" Button`
    t =     3.35s Checking existence of `"lab.tab.conversation" Button`
    t =     3.53s Checking existence of `"lab.tab.conversation" Button`
    t =     3.56s Checking existence of `"lab.tab.conversation" Button`
    t =     3.73s Checking existence of `"lab.tab.conversation" Button`
    t =     3.77s Waiting 20.0s for "lab.tab.conversation" Button to exist
    t =     4.82s     Checking `Expect predicate `existsNoRetry == 1` for object "lab.tab.conversation" Button`
    t =     4.82s         Checking existence of `"lab.tab.conversation" Button`
    t =     4.86s Tap "lab.tab.conversation" Button
    t =     4.86s     Wait for io.godstone.labmesh to idle
    t =     4.86s     Find the "lab.tab.conversation" Button
    t =     4.88s     Check for interrupting elements affecting "lab.tab.conversation" Button
    t =     4.90s     Synthesize event
    t =     5.18s     Wait for io.godstone.labmesh to idle
    t =     5.96s Waiting 20.0s for "lab.conversation.octets" Any to exist
    t =     7.01s     Checking `Expect predicate `existsNoRetry == 1` for object "lab.conversation.octets" Any`
    t =     7.01s         Checking existence of `"lab.conversation.octets" Any`
    t =     7.05s Find the "lab.conversation.octets" Any
    t =     7.07s Find the "lab.conversation.octets" Other
    t =     7.08s Get all elements bound by index for: Descendants matching type Button
    t =     7.10s Checking existence of `Button (Element at index 0)`
    t =     7.11s Find the Button (Element at index 0)
    t =     7.12s Checking existence of `Button (Element at index 1)`
    t =     7.13s Find the Button (Element at index 1)
    t =     7.14s Checking existence of `Button (Element at index 2)`
    t =     7.15s Find the Button (Element at index 2)
    t =     7.16s Checking existence of `Button (Element at index 3)`
    t =     7.17s Find the Button (Element at index 3)
    t =     7.18s Checking existence of `Button (Element at index 4)`
    t =     7.19s Find the Button (Element at index 4)
    t =     7.20s Checking existence of `Button (Element at index 5)`
    t =     7.21s Find the Button (Element at index 5)
    t =     7.23s Checking existence of `Button (Element at index 6)`
    t =     7.24s Find the Button (Element at index 6)
    t =     7.25s Checking existence of `Button (Element at index 7)`
    t =     7.26s Find the Button (Element at index 7)
    t =     7.27s Checking existence of `"lab.tab.contacts" Button`
    t =     7.28s Checking existence of `"lab.tab.contacts" Button`
    t =     7.29s Tap "lab.tab.contacts" Button
    t =     7.29s     Wait for io.godstone.labmesh to idle
    t =     7.30s     Find the "lab.tab.contacts" Button
    t =     7.31s     Check for interrupting elements affecting "lab.tab.contacts" Button
    t =     7.32s     Synthesize event
    t =     7.62s     Wait for io.godstone.labmesh to idle
    t =     9.09s Waiting 20.0s for "lab.trust.status" Any to exist
    t =    10.16s     Checking `Expect predicate `existsNoRetry == 1` for object "lab.trust.status" Any`
    t =    10.16s         Checking existence of `"lab.trust.status" Any`
    t =    10.20s Checking existence of `"lab.tab.sos" Button`
    t =    10.21s Checking existence of `"lab.tab.sos" Button`
    t =    10.23s Tap "lab.tab.sos" Button
    t =    10.23s     Wait for io.godstone.labmesh to idle
    t =    10.23s     Find the "lab.tab.sos" Button
    t =    10.24s     Check for interrupting elements affecting "lab.tab.sos" Button
    t =    10.25s     Synthesize event
    t =    10.54s     Wait for io.godstone.labmesh to idle
    t =    11.92s Waiting 20.0s for "lab.sos.state" Any to exist
    t =    12.97s     Checking `Expect predicate `existsNoRetry == 1` for object "lab.sos.state" Any`
    t =    12.97s         Checking existence of `"lab.sos.state" Any`
    t =    13.01s Find the "lab.sos.state" Any
    t =    13.03s Tear Down
Test Case '-[LabMeshUITests.LabMeshUITests testGSINT001TheLiveTreeCarriesTheRenderedSemantics]' passed (13.292 seconds).
Test Case '-[LabMeshUITests.LabMeshUITests testGSINT001TheSosJourneyRendersAControlRatherThanALabel]' started.
    t =     0.00s Start Test at 2026-10-03 19:52:26.354
    t =     0.02s Set Up
    t =     0.03s Open io.godstone.labmesh
    t =     0.03s     Launch io.godstone.labmesh
    t =     0.03s         Terminate io.godstone.labmesh:28700
2026-10-03 19:52:27.462 xcodebuild[26874:44998821] [MT] IDELaunchParametersSnapshot: debugger version lookup failed for path '<nil>': noURL
2026-10-03 19:52:27.462 xcodebuild[26874:44998821] [MT] IDELaunchParametersSnapshot: no debugger version
    t =     1.31s         Setting up automation session
    t =     1.93s         Wait for io.godstone.labmesh to idle
    t =     3.20s Checking existence of `"lab.tab.sos" Button`
    t =     3.28s Checking existence of `"lab.tab.sos" Button`
    t =     3.46s Checking existence of `"lab.tab.sos" Button`
    t =     3.48s Checking existence of `"lab.tab.sos" Button`
    t =     3.66s Checking existence of `"lab.tab.sos" Button`
    t =     3.69s Waiting 20.0s for "lab.tab.sos" Button to exist
    t =     4.76s     Checking `Expect predicate `existsNoRetry == 1` for object "lab.tab.sos" Button`
    t =     4.76s         Checking existence of `"lab.tab.sos" Button`
    t =     4.80s Tap "lab.tab.sos" Button
    t =     4.80s     Wait for io.godstone.labmesh to idle
    t =     4.80s     Find the "lab.tab.sos" Button
    t =     4.82s     Check for interrupting elements affecting "lab.tab.sos" Button
    t =     4.84s     Synthesize event
    t =     5.13s     Wait for io.godstone.labmesh to idle
    t =     6.53s Waiting 20.0s for "lab.sos.hold" StaticText to exist
    t =     7.61s     Checking `Expect predicate `existsNoRetry == 1` for object "lab.sos.hold" StaticText`
    t =     7.61s         Checking existence of `"lab.sos.hold" StaticText`
    t =     7.64s Checking existence of `"lab.sos.send" Button`
    t =     7.66s Waiting 20.0s for "lab.sos.admitted" StaticText to exist
    t =     8.71s     Checking `Expect predicate `existsNoRetry == 1` for object "lab.sos.admitted" StaticText`
    t =     8.71s         Checking existence of `"lab.sos.admitted" StaticText`
    t =     8.74s Find the "lab.sos.admitted" StaticText
    t =     8.76s Checking existence of `"lab.sos.send" Button`
    t =     8.77s Tap "lab.sos.send" Button
    t =     8.77s     Wait for io.godstone.labmesh to idle
    t =     8.77s     Find the "lab.sos.send" Button
    t =     8.79s     Check for interrupting elements affecting "lab.sos.send" Button
    t =     8.80s     Synthesize event
    t =     9.09s     Wait for io.godstone.labmesh to idle
    t =     9.09s Find the "lab.sos.admitted" StaticText
    t =     9.11s Tear Down
Test Case '-[LabMeshUITests.LabMeshUITests testGSINT001TheSosJourneyRendersAControlRatherThanALabel]' passed (9.369 seconds).
Test Case '-[LabMeshUITests.LabMeshUITests testGSINT001TheTrustControlsCarryTheirExactAccessibilityLabels]' started.
    t =     0.00s Start Test at 2026-10-03 19:52:35.723
    t =     0.03s Set Up
    t =     0.03s Open io.godstone.labmesh
    t =     0.03s     Launch io.godstone.labmesh
    t =     0.03s         Terminate io.godstone.labmesh:28742
2026-10-03 19:52:36.835 xcodebuild[26874:44998821] [MT] IDELaunchParametersSnapshot: debugger version lookup failed for path '<nil>': noURL
2026-10-03 19:52:36.835 xcodebuild[26874:44998821] [MT] IDELaunchParametersSnapshot: no debugger version
    t =     1.32s         Setting up automation session
    t =     1.94s         Wait for io.godstone.labmesh to idle
    t =     3.20s Checking existence of `"lab.tab.contacts" Button`
    t =     3.26s Checking existence of `"lab.tab.contacts" Button`
    t =     3.43s Checking existence of `"lab.tab.contacts" Button`
    t =     3.44s Checking existence of `"lab.tab.contacts" Button`
    t =     3.62s Checking existence of `"lab.tab.contacts" Button`
    t =     3.64s Waiting 20.0s for "lab.tab.contacts" Button to exist
    t =     4.69s     Checking `Expect predicate `existsNoRetry == 1` for object "lab.tab.contacts" Button`
    t =     4.69s         Checking existence of `"lab.tab.contacts" Button`
    t =     4.72s Tap "lab.tab.contacts" Button
    t =     4.72s     Wait for io.godstone.labmesh to idle
    t =     4.72s     Find the "lab.tab.contacts" Button
    t =     4.74s     Check for interrupting elements affecting "lab.tab.contacts" Button
    t =     4.75s     Synthesize event
    t =     5.04s     Wait for io.godstone.labmesh to idle
    t =     6.45s Waiting 20.0s for "lab.trust.confirm" Button to exist
    t =     7.49s     Checking `Expect predicate `existsNoRetry == 1` for object "lab.trust.confirm" Button`
    t =     7.49s         Checking existence of `"lab.trust.confirm" Button`
    t =     7.53s Checking existence of `"lab.trust.approve" Button`
    t =     7.54s Checking existence of `"lab.trust.revoke" Button`
    t =     7.56s Find the "lab.trust.confirm" Button
    t =     7.57s Find the "lab.trust.approve" Button
    t =     7.58s Find the "lab.trust.revoke" Button
    t =     7.59s Waiting 20.0s for "lab.trust.fingerprint" Any to exist
    t =     8.64s     Checking `Expect predicate `existsNoRetry == 1` for object "lab.trust.fingerprint" Any`
    t =     8.64s         Checking existence of `"lab.trust.fingerprint" Any`
    t =     8.68s Find the "lab.trust.fingerprint" Any
    t =     8.70s Tear Down
Test Case '-[LabMeshUITests.LabMeshUITests testGSINT001TheTrustControlsCarryTheirExactAccessibilityLabels]' passed (8.931 seconds).
Test Case '-[LabMeshUITests.LabMeshUITests testGSINT001TheTrustJourneyIsPerformedRatherThanMerelyLabelled]' started.
    t =     0.00s Start Test at 2026-10-03 19:52:44.655
    t =     0.03s Set Up
    t =     0.03s Open io.godstone.labmesh
    t =     0.03s     Launch io.godstone.labmesh
    t =     0.03s         Terminate io.godstone.labmesh:28764
2026-10-03 19:52:45.778 xcodebuild[26874:44998821] [MT] IDELaunchParametersSnapshot: debugger version lookup failed for path '<nil>': noURL
2026-10-03 19:52:45.778 xcodebuild[26874:44998821] [MT] IDELaunchParametersSnapshot: no debugger version
    t =     1.33s         Setting up automation session
    t =     1.95s         Wait for io.godstone.labmesh to idle
    t =     3.20s Checking existence of `"lab.tab.contacts" Button`
    t =     3.27s Checking existence of `"lab.tab.contacts" Button`
    t =     3.45s Checking existence of `"lab.tab.contacts" Button`
    t =     3.46s Checking existence of `"lab.tab.contacts" Button`
    t =     3.64s Checking existence of `"lab.tab.contacts" Button`
    t =     3.67s Waiting 20.0s for "lab.tab.contacts" Button to exist
    t =     4.74s     Checking `Expect predicate `existsNoRetry == 1` for object "lab.tab.contacts" Button`
    t =     4.74s         Checking existence of `"lab.tab.contacts" Button`
    t =     4.75s Tap "lab.tab.contacts" Button
    t =     4.75s     Wait for io.godstone.labmesh to idle
    t =     4.76s     Find the "lab.tab.contacts" Button
    t =     4.77s     Check for interrupting elements affecting "lab.tab.contacts" Button
    t =     4.78s     Synthesize event
    t =     5.07s     Wait for io.godstone.labmesh to idle
    t =     6.45s Waiting 20.0s for "lab.trust.recipient" Button to exist
    t =     7.51s     Checking `Expect predicate `existsNoRetry == 1` for object "lab.trust.recipient" Button`
    t =     7.52s         Checking existence of `"lab.trust.recipient" Button`
    t =     7.55s Waiting 20.0s for "lab.trust.fingerprint" Any to exist
    t =     8.62s     Checking `Expect predicate `existsNoRetry == 1` for object "lab.trust.fingerprint" Any`
    t =     8.62s         Checking existence of `"lab.trust.fingerprint" Any`
    t =     8.68s Find the "lab.trust.fingerprint" Any
    t =     8.71s Waiting 20.0s for "lab.trust.outcome" StaticText to exist
    t =     9.75s     Checking `Expect predicate `existsNoRetry == 1` for object "lab.trust.outcome" StaticText`
    t =     9.76s         Checking existence of `"lab.trust.outcome" StaticText`
    t =     9.79s Waiting 20.0s for "lab.trust.confirm" Button to exist
    t =    10.86s     Checking `Expect predicate `existsNoRetry == 1` for object "lab.trust.confirm" Button`
    t =    10.86s         Checking existence of `"lab.trust.confirm" Button`
    t =    10.89s Find the "lab.trust.confirm" Button
    t =    10.93s Checking existence of `ScrollView (First Match)`
    t =    10.94s Swipe up ScrollView (First Match)
    t =    10.94s     Wait for io.godstone.labmesh to idle
    t =    10.94s     Find the ScrollView (First Match)
    t =    10.95s     Check for interrupting elements affecting ScrollView
    t =    10.96s     Synthesize event
    t =    11.40s     Wait for io.godstone.labmesh to idle
    t =    11.93s Find the "lab.trust.confirm" Button
    t =    11.97s Find the "lab.trust.outcome" StaticText
    t =    11.99s Tap "lab.trust.confirm" Button
    t =    11.99s     Wait for io.godstone.labmesh to idle
    t =    11.99s     Find the "lab.trust.confirm" Button
    t =    12.01s     Check for interrupting elements affecting "lab.trust.confirm" Button
    t =    12.02s     Synthesize event
    t =    12.31s     Wait for io.godstone.labmesh to idle
    t =    13.39s Checking `Expect predicate `label != "idle"` for object "lab.trust.outcome" StaticText`
    t =    13.39s     Find the "lab.trust.outcome" StaticText
    t =    13.42s Waiting 20.0s for "lab.trust.approve" Button to exist
    t =    14.48s     Checking `Expect predicate `existsNoRetry == 1` for object "lab.trust.approve" Button`
    t =    14.48s         Checking existence of `"lab.trust.approve" Button`
    t =    14.50s Find the "lab.trust.approve" Button
    t =    14.52s Find the "lab.trust.outcome" StaticText
    t =    14.53s Tap "lab.trust.approve" Button
    t =    14.53s     Wait for io.godstone.labmesh to idle
    t =    14.53s     Find the "lab.trust.approve" Button
    t =    14.55s     Check for interrupting elements affecting "lab.trust.approve" Button
    t =    14.56s     Synthesize event
    t =    14.85s     Wait for io.godstone.labmesh to idle
    t =    15.90s Checking `Expect predicate `label != "applied: fingerprint confirmed for contact-b087 at generation 0"` for object "lab.trust.outcome" StaticText`
    t =    15.90s     Find the "lab.trust.outcome" StaticText
    t =    15.94s Waiting 20.0s for "lab.trust.revoke" Button to exist
    t =    17.00s     Checking `Expect predicate `existsNoRetry == 1` for object "lab.trust.revoke" Button`
    t =    17.00s         Checking existence of `"lab.trust.revoke" Button`
    t =    17.03s Find the "lab.trust.revoke" Button
    t =    17.06s Find the "lab.trust.outcome" StaticText
    t =    17.07s Tap "lab.trust.revoke" Button
    t =    17.07s     Wait for io.godstone.labmesh to idle
    t =    17.08s     Find the "lab.trust.revoke" Button
    t =    17.09s     Check for interrupting elements affecting "lab.trust.revoke" Button
    t =    17.10s     Synthesize event
    t =    17.39s     Wait for io.godstone.labmesh to idle
    t =    18.47s Checking `Expect predicate `label != "refused: no rotation candidate was displayed for 'A'"` for object "lab.trust.outcome" StaticText`
    t =    18.47s     Find the "lab.trust.outcome" StaticText
    t =    18.50s Tear Down
Test Case '-[LabMeshUITests.LabMeshUITests testGSINT001TheTrustJourneyIsPerformedRatherThanMerelyLabelled]' passed (18.756 seconds).
Test Case '-[LabMeshUITests.LabMeshUITests testGSINT001TheWipeControlReportsTheRuntimesOwnState]' started.
    t =     0.00s Start Test at 2026-10-03 19:53:03.411
    t =     0.02s Set Up
    t =     0.02s Open io.godstone.labmesh
    t =     0.03s     Launch io.godstone.labmesh
    t =     0.03s         Terminate io.godstone.labmesh:28810
2026-10-03 19:53:04.519 xcodebuild[26874:44998821] [MT] IDELaunchParametersSnapshot: debugger version lookup failed for path '<nil>': noURL
2026-10-03 19:53:04.519 xcodebuild[26874:44998821] [MT] IDELaunchParametersSnapshot: no debugger version
    t =     1.32s         Setting up automation session
    t =     1.95s         Wait for io.godstone.labmesh to idle
    t =     3.26s Checking existence of `"lab.tab.diagnostics" Button`
    t =     3.35s Checking existence of `"lab.tab.diagnostics" Button`
    t =     3.52s Checking existence of `"lab.tab.diagnostics" Button`
    t =     3.55s Checking existence of `"lab.tab.diagnostics" Button`
    t =     3.72s Checking existence of `"lab.tab.diagnostics" Button`
    t =     3.76s Waiting 20.0s for "lab.tab.diagnostics" Button to exist
    t =     4.82s     Checking `Expect predicate `existsNoRetry == 1` for object "lab.tab.diagnostics" Button`
    t =     4.82s         Checking existence of `"lab.tab.diagnostics" Button`
    t =     4.84s Tap "lab.tab.diagnostics" Button
    t =     4.84s     Wait for io.godstone.labmesh to idle
    t =     4.84s     Find the "lab.tab.diagnostics" Button
    t =     4.86s     Check for interrupting elements affecting "lab.tab.diagnostics" Button
    t =     4.87s     Synthesize event
    t =     5.16s     Wait for io.godstone.labmesh to idle
    t =     6.59s Waiting 20.0s for "lab.diagnostics.wipestate" StaticText to exist
    t =     7.65s     Checking `Expect predicate `existsNoRetry == 1` for object "lab.diagnostics.wipestate" StaticText`
    t =     7.65s         Checking existence of `"lab.diagnostics.wipestate" StaticText`
    t =     7.69s Find the "lab.diagnostics.wipestate" StaticText
    t =     7.70s Waiting 20.0s for "lab.diagnostics.wiperung" StaticText to exist
    t =     8.77s     Checking `Expect predicate `existsNoRetry == 1` for object "lab.diagnostics.wiperung" StaticText`
    t =     8.77s         Checking existence of `"lab.diagnostics.wiperung" StaticText`
    t =     8.80s Waiting 20.0s for "lab.diagnostics.wipeartifacts" StaticText to exist
    t =     9.87s     Checking `Expect predicate `existsNoRetry == 1` for object "lab.diagnostics.wipeartifacts" StaticText`
    t =     9.87s         Checking existence of `"lab.diagnostics.wipeartifacts" StaticText`
    t =     9.90s Waiting 20.0s for "lab.diagnostics.startuprecovery" StaticText to exist
    t =    10.94s     Checking `Expect predicate `existsNoRetry == 1` for object "lab.diagnostics.startuprecovery" StaticText`
    t =    10.94s         Checking existence of `"lab.diagnostics.startuprecovery" StaticText`
    t =    10.97s Checking existence of `"lab.diagnostics.beginwipe" Button`
    t =    10.99s Find the "lab.diagnostics.beginwipe" Button
    t =    11.00s Waiting 20.0s for "lab.diagnostics.wiperesult" StaticText to exist
    t =    12.04s     Checking `Expect predicate `existsNoRetry == 1` for object "lab.diagnostics.wiperesult" StaticText`
    t =    12.04s         Checking existence of `"lab.diagnostics.wiperesult" StaticText`
    t =    12.07s Tap "lab.diagnostics.beginwipe" Button
    t =    12.07s     Wait for io.godstone.labmesh to idle
    t =    12.08s     Find the "lab.diagnostics.beginwipe" Button
    t =    12.09s     Check for interrupting elements affecting "lab.diagnostics.beginwipe" Button
    t =    12.11s     Synthesize event
    t =    12.40s     Wait for io.godstone.labmesh to idle
    t =    12.40s Find the "lab.diagnostics.wiperesult" StaticText
    t =    12.42s Find the "lab.diagnostics.wiperesult" StaticText
    t =    12.43s Checking existence of `"lab.diagnostics.resumewipe" Button`
    t =    12.44s Find the "lab.diagnostics.resumewipe" Button
    t =    12.46s Checking existence of `ScrollView (First Match)`
    t =    12.47s Swipe up ScrollView (First Match)
    t =    12.47s     Wait for io.godstone.labmesh to idle
    t =    12.47s     Find the ScrollView (First Match)
    t =    12.48s     Check for interrupting elements affecting ScrollView
    t =    12.49s     Synthesize event
    t =    12.93s     Wait for io.godstone.labmesh to idle
    t =    13.38s Find the "lab.diagnostics.resumewipe" Button
    t =    13.41s Tap "lab.diagnostics.resumewipe" Button
    t =    13.41s     Wait for io.godstone.labmesh to idle
    t =    13.42s     Find the "lab.diagnostics.resumewipe" Button
    t =    13.43s     Check for interrupting elements affecting "lab.diagnostics.resumewipe" Button
    t =    13.44s     Synthesize event
    t =    13.74s     Wait for io.godstone.labmesh to idle
    t =    13.74s Waiting 20.0s for "lab.diagnostics.wipeartifacts" StaticText to exist
    t =    14.81s     Checking `Expect predicate `existsNoRetry == 1` for object "lab.diagnostics.wipeartifacts" StaticText`
    t =    14.81s         Checking existence of `"lab.diagnostics.wipeartifacts" StaticText`
    t =    14.84s Find the "lab.diagnostics.wipeartifacts" StaticText
    t =    14.86s Find the "lab.diagnostics.wipeartifacts" StaticText
    t =    14.87s Terminate io.godstone.labmesh:28869
    t =    15.94s Open io.godstone.labmesh
    t =    15.94s     Launch io.godstone.labmesh
2026-10-03 19:53:19.357 xcodebuild[26874:44998821] [MT] IDELaunchParametersSnapshot: debugger version lookup failed for path '<nil>': noURL
2026-10-03 19:53:19.357 xcodebuild[26874:44998821] [MT] IDELaunchParametersSnapshot: no debugger version
    t =    16.16s         Setting up automation session
    t =    16.77s         Wait for io.godstone.labmesh to idle
    t =    18.05s Checking existence of `"lab.tab.diagnostics" Button`
    t =    18.14s Checking existence of `"lab.tab.diagnostics" Button`
    t =    18.32s Checking existence of `"lab.tab.diagnostics" Button`
    t =    18.34s Checking existence of `"lab.tab.diagnostics" Button`
    t =    18.51s Checking existence of `"lab.tab.diagnostics" Button`
    t =    18.55s Waiting 30.0s for "lab.tab.diagnostics" Button to exist
    t =    19.62s     Checking `Expect predicate `existsNoRetry == 1` for object "lab.tab.diagnostics" Button`
    t =    19.62s         Checking existence of `"lab.tab.diagnostics" Button`
    t =    19.65s Tap "lab.tab.diagnostics" Button
    t =    19.65s     Wait for io.godstone.labmesh to idle
    t =    19.66s     Find the "lab.tab.diagnostics" Button
    t =    19.67s     Check for interrupting elements affecting "lab.tab.diagnostics" Button
    t =    19.69s     Synthesize event
    t =    19.98s     Wait for io.godstone.labmesh to idle
    t =    21.41s Waiting 30.0s for "lab.diagnostics.wipestate" StaticText to exist
    t =    22.47s     Checking `Expect predicate `existsNoRetry == 1` for object "lab.diagnostics.wipestate" StaticText`
    t =    22.47s         Checking existence of `"lab.diagnostics.wipestate" StaticText`
    t =    22.50s Find the "lab.diagnostics.wipestate" StaticText
    t =    22.52s Tear Down
Test Case '-[LabMeshUITests.LabMeshUITests testGSINT001TheWipeControlReportsTheRuntimesOwnState]' passed (22.794 seconds).
Test Case '-[LabMeshUITests.LabMeshUITests testGSINT001TypeSelectRecipientAndSendReachesARenderedOutcome]' started.
    t =     0.00s Start Test at 2026-10-03 19:53:26.206
    t =     0.02s Set Up
    t =     0.02s Open io.godstone.labmesh
    t =     0.02s     Launch io.godstone.labmesh
    t =     0.02s         Terminate io.godstone.labmesh:28915
2026-10-03 19:53:27.279 xcodebuild[26874:44998821] [MT] IDELaunchParametersSnapshot: debugger version lookup failed for path '<nil>': noURL
2026-10-03 19:53:27.279 xcodebuild[26874:44998821] [MT] IDELaunchParametersSnapshot: no debugger version
    t =     1.28s         Setting up automation session
    t =     1.87s         Wait for io.godstone.labmesh to idle
    t =     3.12s Checking existence of `"lab.tab.conversation" Button`
    t =     3.21s Checking existence of `"lab.tab.conversation" Button`
    t =     3.38s Checking existence of `"lab.tab.conversation" Button`
    t =     3.41s Checking existence of `"lab.tab.conversation" Button`
    t =     3.59s Checking existence of `"lab.tab.conversation" Button`
    t =     3.60s Waiting 20.0s for "lab.tab.conversation" Button to exist
    t =     4.66s     Checking `Expect predicate `existsNoRetry == 1` for object "lab.tab.conversation" Button`
    t =     4.66s         Checking existence of `"lab.tab.conversation" Button`
    t =     4.70s Tap "lab.tab.conversation" Button
    t =     4.70s     Wait for io.godstone.labmesh to idle
    t =     4.70s     Find the "lab.tab.conversation" Button
    t =     4.72s     Check for interrupting elements affecting "lab.tab.conversation" Button
    t =     4.74s     Synthesize event
    t =     5.03s     Wait for io.godstone.labmesh to idle
    t =     5.80s Waiting 20.0s for "lab.conversation.linkstate" StaticText to exist
    t =     6.85s     Checking `Expect predicate `existsNoRetry == 1` for object "lab.conversation.linkstate" StaticText`
    t =     6.85s         Checking existence of `"lab.conversation.linkstate" StaticText`
    t =     6.89s Checking existence of `"lab.conversation.recipient" Button`
    t =     6.91s Find the "lab.conversation.linkstate" StaticText
    t =     6.92s Tap "lab.conversation.recipient" Button
    t =     6.92s     Wait for io.godstone.labmesh to idle
    t =     6.92s     Find the "lab.conversation.recipient" Button
    t =     6.94s     Check for interrupting elements affecting "lab.conversation.recipient" Button
    t =     6.95s     Synthesize event
    t =     7.24s     Wait for io.godstone.labmesh to idle
    t =     8.37s Waiting 5.0s for "R" Button to exist
    t =     9.42s     Checking `Expect predicate `existsNoRetry == 1` for object "R" Button`
    t =     9.42s         Checking existence of `"R" Button`
    t =     9.47s Tap "R" Button
    t =     9.47s     Wait for io.godstone.labmesh to idle
    t =     9.47s     Find the "R" Button
    t =     9.49s     Check for interrupting elements affecting "R" Button
    t =     9.51s     Synthesize event
    t =     9.80s     Wait for io.godstone.labmesh to idle
    t =    11.23s Find the "lab.conversation.linkstate" StaticText
    t =    11.26s Waiting 20.0s for "lab.conversation.field" TextField to exist
    t =    12.31s     Checking `Expect predicate `existsNoRetry == 1` for object "lab.conversation.field" TextField`
    t =    12.31s         Checking existence of `"lab.conversation.field" TextField`
    t =    12.35s Tap "lab.conversation.field" TextField
    t =    12.35s     Wait for io.godstone.labmesh to idle
    t =    12.35s     Find the "lab.conversation.field" TextField
    t =    12.37s     Check for interrupting elements affecting "lab.conversation.field" TextField
    t =    12.38s     Synthesize event
    t =    12.67s     Wait for io.godstone.labmesh to idle
    t =    12.70s Type 'the mill road is c...' into "lab.conversation.field" TextField
    t =    12.70s     Wait for io.godstone.labmesh to idle
    t =    13.09s     Find the "lab.conversation.field" TextField
    t =    13.13s     Check for interrupting elements affecting "lab.conversation.field" TextField
    t =    13.15s     Synthesize event
    t =    14.12s     Wait for io.godstone.labmesh to idle
    t =    14.13s Checking existence of `"lab.conversation.send" Button`
    t =    14.15s Find the "lab.conversation.send" Button
    t =    14.17s Tap "lab.conversation.send" Button
    t =    14.17s     Wait for io.godstone.labmesh to idle
    t =    14.17s     Find the "lab.conversation.send" Button
    t =    14.20s     Check for interrupting elements affecting "lab.conversation.send" Button
    t =    14.22s     Synthesize event
    t =    14.23s         Scroll element to visible
    t =    14.23s         Find the "lab.conversation.send" Button
    t =    14.25s         Computed hit point {52.25, 318.5} after scrolling to visible
    t =    14.54s     Wait for io.godstone.labmesh to idle
    t =    15.33s Waiting 20.0s for "lab.conversation.outcome" StaticText to exist
    t =    16.39s     Checking `Expect predicate `existsNoRetry == 1` for object "lab.conversation.outcome" StaticText`
    t =    16.39s         Checking existence of `"lab.conversation.outcome" StaticText`
    t =    16.44s Waiting 20.0s for "lab.conversation.admitted" StaticText to exist
    t =    17.50s     Checking `Expect predicate `existsNoRetry == 1` for object "lab.conversation.admitted" StaticText`
    t =    17.50s         Checking existence of `"lab.conversation.admitted" StaticText`
    t =    17.55s Find the "lab.conversation.admitted" StaticText
    t =    17.58s Tap "lab.conversation.send" Button
    t =    17.58s     Wait for io.godstone.labmesh to idle
    t =    17.58s     Find the "lab.conversation.send" Button
    t =    17.60s     Check for interrupting elements affecting "lab.conversation.send" Button
    t =    17.62s     Synthesize event
    t =    17.91s     Wait for io.godstone.labmesh to idle
    t =    17.93s Find the "lab.conversation.admitted" StaticText
    t =    17.97s Checking existence of `"lab.conversation.admitted" StaticText`
    t =    17.99s Waiting 20.0s for "lab.conversation.durable" Any to exist
    t =    19.06s     Checking `Expect predicate `existsNoRetry == 1` for object "lab.conversation.durable" Any`
    t =    19.06s         Checking existence of `"lab.conversation.durable" Any`
    t =    19.10s Waiting 20.0s for "lab.conversation.intent" Any to exist
    t =    20.12s     Checking `Expect predicate `existsNoRetry == 1` for object "lab.conversation.intent" Any`
    t =    20.12s         Checking existence of `"lab.conversation.intent" Any`
    t =    20.17s Find the "lab.conversation.durable" Any
    t =    20.20s Find the "lab.conversation.durable" Other
    t =    20.22s Find the "lab.conversation.outcome" StaticText
    t =    20.24s Tear Down
Test Case '-[LabMeshUITests.LabMeshUITests testGSINT001TypeSelectRecipientAndSendReachesARenderedOutcome]' passed (20.467 seconds).
Test Suite 'LabMeshUITests' failed at 2026-10-03 19:53:46.672.
	 Executed 17 tests, with 1 failure (0 unexpected) in 281.601 (281.611) seconds
Test Suite 'LabMeshUITests.xctest' failed at 2026-10-03 19:53:46.672.
	 Executed 28 tests, with 6 failures (0 unexpected) in 611.769 (611.786) seconds
Test Suite 'All tests' failed at 2026-10-03 19:53:46.673.
	 Executed 28 tests, with 6 failures (0 unexpected) in 611.769 (611.786) seconds
2026-10-03 19:54:03.615 xcodebuild[26874:44998821] [MT] IDETestOperationsObserverDebug: 630.122 elapsed -- Testing started completed.
2026-10-03 19:54:03.615 xcodebuild[26874:44998821] [MT] IDETestOperationsObserverDebug: 0.000 sec, +0.000 sec -- start
2026-10-03 19:54:03.615 xcodebuild[26874:44998821] [MT] IDETestOperationsObserverDebug: 630.123 sec, +630.123 sec -- end

Test session results, code coverage, and logs:
	/Users/oculus/Library/Developer/Xcode/DerivedData/Godstone-dcsmxtfyjnmhzrerxihrahaqtdkr/Logs/Test/Test-LabMeshUI-2026.10.03_19-43-29-+0530.xcresult

Failing tests:
	LabMeshAccessibilityUITests.testGSINT001EveryEssentialControlIsReachableLabelledEnabledAndBigEnough()
	LabMeshAccessibilityUITests.testGSINT001TheRosterSurvivesDefaultScaleLTR()
	LabMeshAccessibilityUITests.testGSINT001TheRosterSurvivesDefaultScaleRTL()
	LabMeshAccessibilityUITests.testGSINT001TheRosterSurvivesLargestScaleLTR()
	LabMeshAccessibilityUITests.testGSINT001TheRosterSurvivesLargestScaleRTL()
	LabMeshUITests.testGSINT001TheEssentialRetryControlStandsAndActs()

** TEST FAILED **

Testing started
=== scheme GodstoneArchiveUI ===
Command line invocation:
    /Applications/Xcode.app/Contents/Developer/usr/bin/xcodebuild -project ios/Godstone.xcodeproj -scheme GodstoneArchiveUI -configuration LightDebug -destination "platform=iOS Simulator,name=iPhone 17 Pro Max" CODE_SIGNING_ALLOWED=NO test

Build settings from command line:
    CODE_SIGNING_ALLOWED = NO

Resolve Package Graph


Resolved source packages:
  GodstonePackages: /tmp/board1-rc15-work-final/wt_IOS-SOS-RETRY-001/ios/Godstone

ComputePackagePrebuildTargetDependencyGraph

Prepare packages

CreateBuildRequest

SendProjectDescription

CreateBuildOperation

ComputeTargetDependencyGraph
note: Building targets in dependency order
note: Target dependency graph (4 targets)
    Target 'GodstoneArchiveUITests' in project 'Godstone'
        ➜ Explicit dependency on target 'Godstone' in project 'Godstone'
    Target 'Godstone' in project 'Godstone'
        ➜ Explicit dependency on target 'GodstoneCore-product' in project 'GodstonePackages'
    Target 'GodstoneCore-product' in project 'GodstonePackages'
        ➜ Explicit dependency on target 'GodstoneCore' in project 'GodstonePackages'
    Target 'GodstoneCore' in project 'GodstonePackages' (no dependencies)

GatherProvisioningInputs

CreateBuildDescription

ClangStatCache /Applications/Xcode.app/Contents/Developer/Toolchains/XcodeDefault.xctoolchain/usr/bin/clang-stat-cache /Applications/Xcode.app/Contents/Developer/Platforms/iPhoneSimulator.platform/Developer/SDKs/iPhoneSimulator27.0.sdk /Users/oculus/Library/Developer/Xcode/DerivedData/SDKStatCaches.noindex/iphonesimulator27.0-24A430-8dc58220667be655e1bcc261a7455254.sdkstatcache
    cd /tmp/board1-rc15-work-final/wt_IOS-SOS-RETRY-001/ios/Godstone.xcodeproj
    /Applications/Xcode.app/Contents/Developer/Toolchains/XcodeDefault.xctoolchain/usr/bin/clang-stat-cache /Applications/Xcode.app/Contents/Developer/Platforms/iPhoneSimulator.platform/Developer/SDKs/iPhoneSimulator27.0.sdk -o /Users/oculus/Library/Developer/Xcode/DerivedData/SDKStatCaches.noindex/iphonesimulator27.0-24A430-8dc58220667be655e1bcc261a7455254.sdkstatcache

PruneExplicitPrecompiledModules /Users/oculus/Library/Developer/Xcode/DerivedData/Godstone-dcsmxtfyjnmhzrerxihrahaqtdkr/Build/Intermediates.noindex/ExplicitPrecompiledModules

PruneExplicitPrecompiledModules /Users/oculus/Library/Developer/Xcode/DerivedData/Godstone-dcsmxtfyjnmhzrerxihrahaqtdkr/Build/Intermediates.noindex/SwiftExplicitPrecompiledModules

PruneExplicitPrecompiledModules /Users/oculus/Library/Developer/Xcode/DerivedData/SDKExplicitPrecompiledModules

2026-10-03 19:54:07.340216+0530 GodstoneArchiveUITests-Runner[29136:45034455] [Default] Running tests...
    t =      nans Interface orientation changed to Portrait
Test Suite 'All tests' started at 2026-10-03 19:54:08.054.
Test Suite 'GodstoneArchiveUITests.xctest' started at 2026-10-03 19:54:08.054.
Test Suite 'GodstoneArchiveUITests' started at 2026-10-03 19:54:08.054.
Test Case '-[GodstoneArchiveUITests.GodstoneArchiveUITests testARCHIVEPROVAMetadataQueryFaultIsToldSanitisedAndEarnethItsRetry]' started.
    t =     0.00s Start Test at 2026-10-03 19:54:08.055
    t =     0.02s Set Up
    t =     0.05s Open io.godstone.app
    t =     0.06s     Launch io.godstone.app
2026-10-03 19:54:08.309 xcodebuild[29131:45034100] [MT] IDELaunchParametersSnapshot: debugger version lookup failed for path '<nil>': noURL
2026-10-03 19:54:08.309 xcodebuild[29131:45034100] [MT] IDELaunchParametersSnapshot: no debugger version
Resolve Package Graph

objc[29136]: Class UIAccessibilityLoaderWebShared is implemented in both /Library/Developer/CoreSimulator/Volumes/iOS_23F77/Library/Developer/CoreSimulator/Profiles/Runtimes/iOS 26.5.simruntime/Contents/Resources/RuntimeRoot/System/Library/AccessibilityBundles/WebCore.axbundle/WebCore (0x109b38310) and /Library/Developer/CoreSimulator/Volumes/iOS_23F77/Library/Developer/CoreSimulator/Profiles/Runtimes/iOS 26.5.simruntime/Contents/Resources/RuntimeRoot/System/Library/AccessibilityBundles/WebKit.axbundle/WebKit (0x108380398). This may cause spurious casting failures and mysterious crashes. One of the duplicates must be removed or renamed.
    t =     0.66s         Setting up automation session
    t =     1.32s         Wait for io.godstone.app to idle
    t =     2.77s Checking existence of `SearchField (First Match)`
    t =     2.83s Waiting 20.0s for Button (First Match) to exist
    t =     3.91s     Checking `Expect predicate `existsNoRetry == 1` for object Button (First Match)`
    t =     3.91s         Checking existence of `Button (First Match)`
    t =     3.96s Tap Button (First Match)
    t =     3.96s     Wait for io.godstone.app to idle
    t =     3.96s     Find the Button (First Match)
    t =     3.99s     Check for interrupting elements affecting "archive.document.1" Button
    t =     4.00s     Synthesize event
    t =     4.29s     Wait for io.godstone.app to idle
    t =     5.19s Waiting 20.0s for "archive.provenance.error" StaticText to exist
    t =     6.26s     Checking `Expect predicate `existsNoRetry == 1` for object "archive.provenance.error" StaticText`
    t =     6.26s         Checking existence of `"archive.provenance.error" StaticText`
    t =     6.32s Find the "archive.provenance.error" StaticText
    t =     6.34s Waiting 20.0s for StaticText (First Match) to exist
    t =     7.41s     Checking `Expect predicate `existsNoRetry == 1` for object StaticText (First Match)`
    t =     7.41s         Checking existence of `StaticText (First Match)`
    t =     7.46s Checking existence of `"Document is empty" StaticText`
    t =     7.47s Waiting 10.0s for "archive.provenance.retry" Button to exist
    t =     8.55s     Checking `Expect predicate `existsNoRetry == 1` for object "archive.provenance.retry" Button`
    t =     8.55s         Checking existence of `"archive.provenance.retry" Button`
    t =     8.58s Tap "archive.provenance.retry" Button
    t =     8.58s     Wait for io.godstone.app to idle
    t =     8.59s     Find the "archive.provenance.retry" Button
    t =     8.61s     Check for interrupting elements affecting "archive.provenance.retry" Button
    t =     8.62s     Synthesize event
    t =     8.91s     Wait for io.godstone.app to idle
    t =     8.92s Waiting 20.0s for StaticText (First Match) to exist
    t =     9.99s     Checking `Expect predicate `existsNoRetry == 1` for object StaticText (First Match)`
    t =     9.99s         Checking existence of `StaticText (First Match)`
    t =    10.04s Checking existence of `ActivityIndicator (First Match)`
    t =    10.06s Tear Down
Test Case '-[GodstoneArchiveUITests.GodstoneArchiveUITests testARCHIVEPROVAMetadataQueryFaultIsToldSanitisedAndEarnethItsRetry]' passed (10.337 seconds).
Test Case '-[GodstoneArchiveUITests.GodstoneArchiveUITests testARCHIVEPROVAresolvedCitationIsNeverToldAsAWoe]' started.
    t =     0.00s Start Test at 2026-10-03 19:54:18.394
    t =     0.03s Set Up
    t =     0.07s Open io.godstone.app
    t =     0.07s     Launch io.godstone.app
    t =     0.07s         Terminate io.godstone.app:29146
Resolve Package Graph

2026-10-03 19:54:19.546 xcodebuild[29131:45034100] [MT] IDELaunchParametersSnapshot: debugger version lookup failed for path '<nil>': noURL
2026-10-03 19:54:19.546 xcodebuild[29131:45034100] [MT] IDELaunchParametersSnapshot: no debugger version
    t =     1.37s         Setting up automation session
    t =     2.00s         Wait for io.godstone.app to idle
    t =     3.34s Checking existence of `SearchField (First Match)`
    t =     3.41s Waiting 20.0s for Button (First Match) to exist
    t =     4.48s     Checking `Expect predicate `existsNoRetry == 1` for object Button (First Match)`
    t =     4.48s         Checking existence of `Button (First Match)`
    t =     4.52s Tap Button (First Match)
    t =     4.52s     Wait for io.godstone.app to idle
    t =     4.52s     Find the Button (First Match)
    t =     4.55s     Check for interrupting elements affecting "archive.document.1" Button
    t =     4.56s     Synthesize event
    t =     4.86s     Wait for io.godstone.app to idle
    t =     5.73s Waiting 20.0s for StaticText (First Match) to exist
    t =     6.81s     Checking `Expect predicate `existsNoRetry == 1` for object StaticText (First Match)`
    t =     6.81s         Checking existence of `StaticText (First Match)`
    t =     6.84s Waiting 20.0s for "archive.provenance.line" StaticText to exist
    t =     7.91s     Checking `Expect predicate `existsNoRetry == 1` for object "archive.provenance.line" StaticText`
    t =     7.91s         Checking existence of `"archive.provenance.line" StaticText`
    t =     7.94s Checking existence of `"archive.provenance.error" StaticText`
    t =     7.96s Checking existence of `"archive.provenance.retry" Button`
    t =     7.97s Tear Down
Test Case '-[GodstoneArchiveUITests.GodstoneArchiveUITests testARCHIVEPROVAresolvedCitationIsNeverToldAsAWoe]' passed (8.202 seconds).
Test Case '-[GodstoneArchiveUITests.GodstoneArchiveUITests testARCHIVEPROVTheCitationLineRenderethTheDocumentsOwnProvenance]' started.
    t =     0.00s Start Test at 2026-10-03 19:54:26.596
    t =     0.02s Set Up
    t =     0.05s Open io.godstone.app
    t =     0.05s     Launch io.godstone.app
    t =     0.06s         Terminate io.godstone.app:29186
2026-10-03 19:54:27.729 xcodebuild[29131:45034100] [MT] IDELaunchParametersSnapshot: debugger version lookup failed for path '<nil>': noURL
2026-10-03 19:54:27.729 xcodebuild[29131:45034100] [MT] IDELaunchParametersSnapshot: no debugger version
    t =     1.34s         Setting up automation session
    t =     1.98s         Wait for io.godstone.app to idle
    t =     3.31s Checking existence of `SearchField (First Match)`
    t =     3.35s Waiting 20.0s for Button (First Match) to exist
    t =     4.42s     Checking `Expect predicate `existsNoRetry == 1` for object Button (First Match)`
    t =     4.42s         Checking existence of `Button (First Match)`
    t =     4.44s Tap Button (First Match)
    t =     4.44s     Wait for io.godstone.app to idle
    t =     4.44s     Find the Button (First Match)
    t =     4.46s     Check for interrupting elements affecting "archive.document.1" Button
    t =     4.48s     Synthesize event
    t =     4.77s     Wait for io.godstone.app to idle
    t =     5.61s Waiting 20.0s for "archive.provenance.line" StaticText to exist
    t =     6.68s     Checking `Expect predicate `existsNoRetry == 1` for object "archive.provenance.line" StaticText`
    t =     6.68s         Checking existence of `"archive.provenance.line" StaticText`
    t =     6.74s Find the "archive.provenance.line" StaticText
    t =     6.75s Checking existence of `"archive.provenance.error" StaticText`
    t =     6.77s Tear Down
Test Case '-[GodstoneArchiveUITests.GodstoneArchiveUITests testARCHIVEPROVTheCitationLineRenderethTheDocumentsOwnProvenance]' passed (7.032 seconds).
Test Case '-[GodstoneArchiveUITests.GodstoneArchiveUITests testGSA005ANonFirstSearchHitOpensItsOwnDocument]' started.
    t =     0.00s Start Test at 2026-10-03 19:54:33.629
    t =     0.03s Set Up
    t =     0.08s Open io.godstone.app
    t =     0.08s     Launch io.godstone.app
    t =     0.08s         Terminate io.godstone.app:29217
2026-10-03 19:54:34.778 xcodebuild[29131:45034100] [MT] IDELaunchParametersSnapshot: debugger version lookup failed for path '<nil>': noURL
2026-10-03 19:54:34.779 xcodebuild[29131:45034100] [MT] IDELaunchParametersSnapshot: no debugger version
    t =     1.36s         Setting up automation session
    t =     1.97s         Wait for io.godstone.app to idle
    t =     3.29s Checking existence of `SearchField (First Match)`
    t =     3.36s Waiting 20.0s for SearchField (First Match) to exist
    t =     4.43s     Checking `Expect predicate `existsNoRetry == 1` for object SearchField (First Match)`
    t =     4.43s         Checking existence of `SearchField (First Match)`
    t =     4.47s Tap SearchField (First Match)
    t =     4.47s     Wait for io.godstone.app to idle
    t =     4.48s     Find the SearchField (First Match)
    t =     4.50s     Check for interrupting elements affecting "Search every document" SearchField
    t =     4.52s     Synthesize event
    t =     4.81s     Wait for io.godstone.app to idle
    t =     5.69s Waiting 10.0s for Keyboard (First Match) to exist
    t =     6.75s     Checking `Expect predicate `existsNoRetry == 1` for object Keyboard (First Match)`
    t =     6.75s         Checking existence of `Keyboard (First Match)`
    t =     6.78s Type 'bleeding
' into "Search every document" SearchField
    t =     6.78s     Wait for io.godstone.app to idle
    t =     6.78s     Find the "Search every document" SearchField
    t =     6.84s     Check for interrupting elements affecting "Search every document" SearchField
    t =     6.86s     Synthesize event
    t =     7.20s     Wait for io.godstone.app to idle
    t =     7.79s Waiting 20.0s for "archive.search.results" StaticText to exist
    t =     8.84s     Checking `Expect predicate `existsNoRetry == 1` for object "archive.search.results" StaticText`
    t =     8.84s         Checking existence of `"archive.search.results" StaticText`
    t =     8.89s Waiting 20.0s for Button (First Match) to exist
    t =     9.96s     Checking `Expect predicate `existsNoRetry == 1` for object Button (First Match)`
    t =     9.96s         Checking existence of `Button (First Match)`
    t =    10.01s Get number of matches for: Elements matching predicate 'identifier BEGINSWITH "archive.search.hit."'
    t =    10.03s Find the Button (Element at index 1)
    t =    10.05s Tap "archive.search.hit.2" Button
    t =    10.05s     Wait for io.godstone.app to idle
    t =    10.05s     Find the "archive.search.hit.2" Button
    t =    10.06s     Check for interrupting elements affecting "archive.search.hit.2" Button
    t =    10.08s     Synthesize event
    t =    10.37s     Wait for io.godstone.app to idle
    t =    12.22s Waiting 20.0s for NavigationBar (First Match) to exist
    t =    13.29s     Checking `Expect predicate `existsNoRetry == 1` for object NavigationBar (First Match)`
    t =    13.29s         Checking existence of `NavigationBar (First Match)`
    t =    13.32s Find the NavigationBar (First Match)
    t =    13.33s Waiting 20.0s for StaticText (First Match) to exist
    t =    14.39s     Checking `Expect predicate `existsNoRetry == 1` for object StaticText (First Match)`
    t =    14.39s         Checking existence of `StaticText (First Match)`
    t =    14.41s Tear Down
Test Case '-[GodstoneArchiveUITests.GodstoneArchiveUITests testGSA005ANonFirstSearchHitOpensItsOwnDocument]' passed (14.706 seconds).
Test Case '-[GodstoneArchiveUITests.GodstoneArchiveUITests testGSA005AnOpenedDocumentOffersARenderedWayOut]' started.
    t =     0.00s Start Test at 2026-10-03 19:54:48.336
    t =     0.03s Set Up
    t =     0.08s Open io.godstone.app
    t =     0.08s     Launch io.godstone.app
    t =     0.08s         Terminate io.godstone.app:29241
2026-10-03 19:54:49.496 xcodebuild[29131:45034100] [MT] IDELaunchParametersSnapshot: debugger version lookup failed for path '<nil>': noURL
2026-10-03 19:54:49.496 xcodebuild[29131:45034100] [MT] IDELaunchParametersSnapshot: no debugger version
    t =     1.38s         Setting up automation session
    t =     2.01s         Wait for io.godstone.app to idle
    t =     3.34s Checking existence of `SearchField (First Match)`
    t =     3.41s Waiting 20.0s for Any (First Match) to exist
    t =     4.47s     Checking `Expect predicate `existsNoRetry == 1` for object Any (First Match)`
    t =     4.47s         Checking existence of `Any (First Match)`
    t =     4.51s Tap Any (First Match)
    t =     4.51s     Wait for io.godstone.app to idle
    t =     4.51s     Find the Any (First Match)
    t =     4.54s     Check for interrupting elements affecting "archive.document.1" Button
    t =     4.56s     Synthesize event
    t =     4.85s     Wait for io.godstone.app to idle
    t =     5.72s Waiting 20.0s for "archive.back" Button to exist
    t =     6.79s     Checking `Expect predicate `existsNoRetry == 1` for object "archive.back" Button`
    t =     6.79s         Checking existence of `"archive.back" Button`
    t =     6.83s Get number of matches for: Descendants matching type Keyboard
    t =     7.91s Get number of matches for: Descendants matching type Keyboard
    t =     7.94s Waiting 20.0s for "archive.back" Button to exist
    t =     8.98s     Checking `Expect predicate `existsNoRetry == 1` for object "archive.back" Button`
    t =     8.98s         Checking existence of `"archive.back" Button`
    t =     9.02s Tap "archive.back" Button
    t =     9.02s     Wait for io.godstone.app to idle
    t =     9.03s     Find the "archive.back" Button
    t =     9.04s     Check for interrupting elements affecting "archive.back" Button
    t =     9.06s     Synthesize event
    t =     9.34s     Wait for io.godstone.app to idle
    t =     9.68s Waiting 20.0s for Any (First Match) to exist
    t =    10.74s     Checking `Expect predicate `existsNoRetry == 1` for object Any (First Match)`
    t =    10.74s         Checking existence of `Any (First Match)`
    t =    10.78s Tear Down
Test Case '-[GodstoneArchiveUITests.GodstoneArchiveUITests testGSA005AnOpenedDocumentOffersARenderedWayOut]' passed (11.068 seconds).
Test Case '-[GodstoneArchiveUITests.GodstoneArchiveUITests testGSA005BrowseReturnCarriesNoFalseQuery]' started.
    t =     0.00s Start Test at 2026-10-03 19:54:59.404
    t =     0.03s Set Up
    t =     0.08s Open io.godstone.app
    t =     0.08s     Launch io.godstone.app
    t =     0.08s         Terminate io.godstone.app:29292
2026-10-03 19:55:00.555 xcodebuild[29131:45034100] [MT] IDELaunchParametersSnapshot: debugger version lookup failed for path '<nil>': noURL
2026-10-03 19:55:00.555 xcodebuild[29131:45034100] [MT] IDELaunchParametersSnapshot: no debugger version
    t =     1.37s         Setting up automation session
    t =     2.00s         Wait for io.godstone.app to idle
    t =     3.34s Checking existence of `SearchField (First Match)`
    t =     3.40s Waiting 20.0s for Button (First Match) to exist
    t =     4.46s     Checking `Expect predicate `existsNoRetry == 1` for object Button (First Match)`
    t =     4.46s         Checking existence of `Button (First Match)`
    t =     4.50s Tap Button (First Match)
    t =     4.50s     Wait for io.godstone.app to idle
    t =     4.50s     Find the Button (First Match)
    t =     4.53s     Check for interrupting elements affecting "archive.document.1" Button
    t =     4.54s     Synthesize event
    t =     4.83s     Wait for io.godstone.app to idle
    t =     6.70s Waiting 20.0s for "archive.back" Button to exist
    t =     7.77s     Checking `Expect predicate `existsNoRetry == 1` for object "archive.back" Button`
    t =     7.77s         Checking existence of `"archive.back" Button`
    t =     7.81s Tap "archive.back" Button
    t =     7.81s     Wait for io.godstone.app to idle
    t =     7.81s     Find the "archive.back" Button
    t =     7.83s     Check for interrupting elements affecting "archive.back" Button
    t =     7.85s     Synthesize event
    t =     8.14s     Wait for io.godstone.app to idle
    t =     8.48s Waiting 20.0s for Button (First Match) to exist
    t =     9.52s     Checking `Expect predicate `existsNoRetry == 1` for object Button (First Match)`
    t =     9.52s         Checking existence of `Button (First Match)`
    t =     9.56s Checking existence of `SearchField (First Match)`
    t =     9.58s Find the SearchField (First Match)
    t =     9.60s Tear Down
Test Case '-[GodstoneArchiveUITests.GodstoneArchiveUITests testGSA005BrowseReturnCarriesNoFalseQuery]' passed (9.850 seconds).
Test Case '-[GodstoneArchiveUITests.GodstoneArchiveUITests testGSA005DocumentReopensAfterCleanProcessDeath]' started.
    t =     0.00s Start Test at 2026-10-03 19:55:09.254
    t =     0.03s Set Up
    t =     0.08s Open io.godstone.app
    t =     0.08s     Launch io.godstone.app
    t =     0.08s         Terminate io.godstone.app:29331
2026-10-03 19:55:10.413 xcodebuild[29131:45034100] [MT] IDELaunchParametersSnapshot: debugger version lookup failed for path '<nil>': noURL
2026-10-03 19:55:10.413 xcodebuild[29131:45034100] [MT] IDELaunchParametersSnapshot: no debugger version
    t =     1.37s         Setting up automation session
    t =     1.96s         Wait for io.godstone.app to idle
    t =     3.28s Checking existence of `SearchField (First Match)`
    t =     3.34s Waiting 20.0s for Button (First Match) to exist
    t =     4.39s     Checking `Expect predicate `existsNoRetry == 1` for object Button (First Match)`
    t =     4.39s         Checking existence of `Button (First Match)`
    t =     4.43s Tap Button (First Match)
    t =     4.43s     Wait for io.godstone.app to idle
    t =     4.44s     Find the Button (First Match)
    t =     4.46s     Check for interrupting elements affecting "archive.document.1" Button
    t =     4.47s     Synthesize event
    t =     4.76s     Wait for io.godstone.app to idle
    t =     6.62s Waiting 20.0s for StaticText (First Match) to exist
    t =     7.70s     Checking `Expect predicate `existsNoRetry == 1` for object StaticText (First Match)`
    t =     7.70s         Checking existence of `StaticText (First Match)`
    t =     7.74s Get number of matches for: Elements matching predicate 'identifier BEGINSWITH "archive.passage."'
    t =     7.76s Pressing Home button
    t =    11.24s Terminate io.godstone.app:29370
    t =    13.39s Open io.godstone.app
    t =    13.39s     Launch io.godstone.app
2026-10-03 19:55:22.646 xcodebuild[29131:45034100] [MT] IDELaunchParametersSnapshot: debugger version lookup failed for path '<nil>': noURL
2026-10-03 19:55:22.646 xcodebuild[29131:45034100] [MT] IDELaunchParametersSnapshot: no debugger version
    t =    13.60s         Setting up automation session
    t =    14.21s         Wait for io.godstone.app to idle
    t =    15.62s Checking existence of `SearchField (First Match)`
    t =    15.68s Checking existence of `"Archive unavailable" StaticText`
    t =    15.93s Checking existence of `SearchField (First Match)`
    t =    15.97s Checking existence of `"Archive unavailable" StaticText`
    t =    16.20s Checking existence of `SearchField (First Match)`
    t =    16.24s Checking existence of `"Archive unavailable" StaticText`
    t =    16.47s Checking existence of `SearchField (First Match)`
    t =    16.51s Checking existence of `"Archive unavailable" StaticText`
    t =    16.73s Checking existence of `SearchField (First Match)`
    t =    16.78s Checking existence of `"Archive unavailable" StaticText`
    t =    17.01s Checking existence of `SearchField (First Match)`
    t =    17.05s Checking existence of `"Archive unavailable" StaticText`
    t =    17.28s Checking existence of `SearchField (First Match)`
    t =    17.32s Checking existence of `"Archive unavailable" StaticText`
    t =    17.55s Checking existence of `SearchField (First Match)`
    t =    17.59s Checking existence of `"Archive unavailable" StaticText`
    t =    17.82s Checking existence of `SearchField (First Match)`
    t =    17.86s Checking existence of `"Archive unavailable" StaticText`
    t =    18.09s Checking existence of `SearchField (First Match)`
    t =    18.13s Checking existence of `"Archive unavailable" StaticText`
    t =    18.36s Checking existence of `SearchField (First Match)`
    t =    18.41s Checking existence of `"Archive unavailable" StaticText`
    t =    18.63s Checking existence of `SearchField (First Match)`
    t =    18.68s Checking existence of `"Archive unavailable" StaticText`
    t =    18.90s Checking existence of `SearchField (First Match)`
    t =    18.95s Checking existence of `"Archive unavailable" StaticText`
    t =    19.18s Checking existence of `SearchField (First Match)`
    t =    19.23s Checking existence of `"Archive unavailable" StaticText`
    t =    19.46s Checking existence of `SearchField (First Match)`
    t =    19.48s Checking existence of `"Archive unavailable" StaticText`
    t =    19.70s Checking existence of `SearchField (First Match)`
    t =    19.75s Checking existence of `"Archive unavailable" StaticText`
    t =    19.98s Checking existence of `SearchField (First Match)`
    t =    20.02s Checking existence of `"Archive unavailable" StaticText`
    t =    20.25s Checking existence of `SearchField (First Match)`
    t =    20.29s Checking existence of `"Archive unavailable" StaticText`
    t =    20.52s Checking existence of `SearchField (First Match)`
    t =    20.56s Checking existence of `"Archive unavailable" StaticText`
    t =    20.79s Checking existence of `SearchField (First Match)`
    t =    20.84s Checking existence of `"Archive unavailable" StaticText`
    t =    21.06s Checking existence of `SearchField (First Match)`
    t =    21.11s Checking existence of `"Archive unavailable" StaticText`
    t =    21.33s Checking existence of `SearchField (First Match)`
    t =    21.38s Checking existence of `"Archive unavailable" StaticText`
    t =    21.60s Checking existence of `SearchField (First Match)`
    t =    21.64s Checking existence of `"Archive unavailable" StaticText`
    t =    21.86s Checking existence of `SearchField (First Match)`
    t =    21.91s Checking existence of `"Archive unavailable" StaticText`
    t =    22.13s Checking existence of `SearchField (First Match)`
    t =    22.18s Checking existence of `"Archive unavailable" StaticText`
    t =    22.40s Checking existence of `SearchField (First Match)`
    t =    22.42s Checking existence of `"Archive unavailable" StaticText`
    t =    22.65s Checking existence of `SearchField (First Match)`
    t =    22.67s Checking existence of `"Archive unavailable" StaticText`
    t =    22.89s Checking existence of `SearchField (First Match)`
    t =    22.91s Checking existence of `"Archive unavailable" StaticText`
    t =    23.14s Checking existence of `SearchField (First Match)`
    t =    23.18s Checking existence of `"Archive unavailable" StaticText`
    t =    23.41s Checking existence of `SearchField (First Match)`
    t =    23.45s Checking existence of `"Archive unavailable" StaticText`
    t =    23.68s Checking existence of `SearchField (First Match)`
    t =    23.72s Checking existence of `"Archive unavailable" StaticText`
    t =    23.95s Checking existence of `SearchField (First Match)`
    t =    23.99s Checking existence of `"Archive unavailable" StaticText`
    t =    24.22s Checking existence of `SearchField (First Match)`
    t =    24.28s Checking existence of `"Archive unavailable" StaticText`
    t =    24.51s Checking existence of `SearchField (First Match)`
    t =    24.55s Checking existence of `"Archive unavailable" StaticText`
    t =    24.78s Checking existence of `SearchField (First Match)`
    t =    24.82s Checking existence of `"Archive unavailable" StaticText`
    t =    25.05s Checking existence of `SearchField (First Match)`
    t =    25.09s Checking existence of `"Archive unavailable" StaticText`
    t =    25.32s Checking existence of `SearchField (First Match)`
    t =    25.36s Checking existence of `"Archive unavailable" StaticText`
    t =    25.59s Checking existence of `SearchField (First Match)`
    t =    25.63s Checking existence of `"Archive unavailable" StaticText`
    t =    25.86s Checking existence of `SearchField (First Match)`
    t =    25.90s Checking existence of `"Archive unavailable" StaticText`
    t =    26.13s Checking existence of `SearchField (First Match)`
    t =    26.17s Checking existence of `"Archive unavailable" StaticText`
    t =    26.40s Checking existence of `SearchField (First Match)`
    t =    26.44s Checking existence of `"Archive unavailable" StaticText`
    t =    26.67s Checking existence of `SearchField (First Match)`
    t =    26.71s Checking existence of `"Archive unavailable" StaticText`
    t =    26.94s Checking existence of `SearchField (First Match)`
    t =    26.98s Checking existence of `"Archive unavailable" StaticText`
    t =    27.21s Checking existence of `SearchField (First Match)`
    t =    27.25s Checking existence of `"Archive unavailable" StaticText`
    t =    27.48s Checking existence of `SearchField (First Match)`
    t =    27.52s Checking existence of `"Archive unavailable" StaticText`
    t =    27.75s Checking existence of `SearchField (First Match)`
    t =    27.80s Checking existence of `"Archive unavailable" StaticText`
    t =    28.02s Checking existence of `SearchField (First Match)`
    t =    28.06s Checking existence of `"Archive unavailable" StaticText`
    t =    28.29s Checking existence of `SearchField (First Match)`
    t =    28.34s Checking existence of `"Archive unavailable" StaticText`
    t =    28.56s Checking existence of `SearchField (First Match)`
    t =    28.60s Checking existence of `"Archive unavailable" StaticText`
    t =    28.83s Checking existence of `SearchField (First Match)`
    t =    28.88s Checking existence of `"Archive unavailable" StaticText`
    t =    29.10s Checking existence of `SearchField (First Match)`
    t =    29.15s Checking existence of `"Archive unavailable" StaticText`
    t =    29.37s Checking existence of `SearchField (First Match)`
    t =    29.42s Checking existence of `"Archive unavailable" StaticText`
    t =    29.64s Checking existence of `SearchField (First Match)`
    t =    29.67s Checking existence of `"Archive unavailable" StaticText`
    t =    29.89s Checking existence of `SearchField (First Match)`
    t =    29.93s Checking existence of `"Archive unavailable" StaticText`
    t =    30.16s Checking existence of `SearchField (First Match)`
    t =    30.21s Checking existence of `"Archive unavailable" StaticText`
    t =    30.43s Checking existence of `SearchField (First Match)`
    t =    30.48s Checking existence of `"Archive unavailable" StaticText`
    t =    30.70s Checking existence of `SearchField (First Match)`
    t =    30.75s Checking existence of `"Archive unavailable" StaticText`
    t =    30.98s Checking existence of `SearchField (First Match)`
    t =    31.02s Checking existence of `"Archive unavailable" StaticText`
    t =    31.25s Checking existence of `SearchField (First Match)`
    t =    31.29s Checking existence of `"Archive unavailable" StaticText`
    t =    31.52s Checking existence of `SearchField (First Match)`
    t =    31.57s Checking existence of `"Archive unavailable" StaticText`
    t =    31.80s Checking existence of `SearchField (First Match)`
    t =    31.83s Checking existence of `"Archive unavailable" StaticText`
    t =    32.05s Checking existence of `SearchField (First Match)`
    t =    32.09s Checking existence of `"Archive unavailable" StaticText`
    t =    32.32s Checking existence of `SearchField (First Match)`
    t =    32.37s Checking existence of `"Archive unavailable" StaticText`
    t =    32.59s Checking existence of `SearchField (First Match)`
    t =    32.61s Checking existence of `"Archive unavailable" StaticText`
    t =    32.84s Checking existence of `SearchField (First Match)`
    t =    32.86s Checking existence of `"Archive unavailable" StaticText`
    t =    33.08s Checking existence of `SearchField (First Match)`
    t =    33.11s Checking existence of `"Archive unavailable" StaticText`
    t =    33.33s Checking existence of `SearchField (First Match)`
    t =    33.37s Checking existence of `"Archive unavailable" StaticText`
    t =    33.60s Checking existence of `SearchField (First Match)`
    t =    33.65s Checking existence of `"Archive unavailable" StaticText`
    t =    33.87s Checking existence of `SearchField (First Match)`
    t =    33.92s Checking existence of `"Archive unavailable" StaticText`
    t =    34.15s Checking existence of `SearchField (First Match)`
    t =    34.19s Checking existence of `"Archive unavailable" StaticText`
    t =    34.42s Checking existence of `SearchField (First Match)`
    t =    34.46s Checking existence of `"Archive unavailable" StaticText`
    t =    34.69s Checking existence of `SearchField (First Match)`
    t =    34.73s Checking existence of `"Archive unavailable" StaticText`
    t =    34.96s Checking existence of `SearchField (First Match)`
    t =    35.01s Checking existence of `"Archive unavailable" StaticText`
    t =    35.23s Checking existence of `SearchField (First Match)`
    t =    35.28s Checking existence of `"Archive unavailable" StaticText`
    t =    35.50s Checking existence of `SearchField (First Match)`
    t =    35.55s Checking existence of `"Archive unavailable" StaticText`
    t =    35.77s Checking existence of `SearchField (First Match)`
    t =    35.82s Checking existence of `"Archive unavailable" StaticText`
    t =    36.04s Checking existence of `SearchField (First Match)`
    t =    36.09s Checking existence of `"Archive unavailable" StaticText`
    t =    36.31s Checking existence of `SearchField (First Match)`
    t =    36.34s Checking existence of `"Archive unavailable" StaticText`
    t =    36.57s Checking existence of `SearchField (First Match)`
    t =    36.61s Checking existence of `"Archive unavailable" StaticText`
    t =    36.84s Checking existence of `SearchField (First Match)`
    t =    36.88s Checking existence of `"Archive unavailable" StaticText`
    t =    37.11s Checking existence of `SearchField (First Match)`
    t =    37.16s Checking existence of `"Archive unavailable" StaticText`
    t =    37.38s Checking existence of `SearchField (First Match)`
    t =    37.43s Checking existence of `"Archive unavailable" StaticText`
    t =    37.66s Checking existence of `SearchField (First Match)`
    t =    37.70s Checking existence of `"Archive unavailable" StaticText`
    t =    37.93s Checking existence of `SearchField (First Match)`
    t =    37.97s Checking existence of `"Archive unavailable" StaticText`
    t =    38.20s Checking existence of `SearchField (First Match)`
    t =    38.24s Checking existence of `"Archive unavailable" StaticText`
    t =    38.46s Checking existence of `SearchField (First Match)`
    t =    38.51s Checking existence of `"Archive unavailable" StaticText`
    t =    38.74s Checking existence of `SearchField (First Match)`
    t =    38.78s Checking existence of `"Archive unavailable" StaticText`
    t =    39.01s Checking existence of `SearchField (First Match)`
    t =    39.05s Checking existence of `"Archive unavailable" StaticText`
    t =    39.27s Checking existence of `SearchField (First Match)`
    t =    39.32s Checking existence of `"Archive unavailable" StaticText`
    t =    39.54s Checking existence of `SearchField (First Match)`
    t =    39.59s Checking existence of `"Archive unavailable" StaticText`
    t =    39.82s Checking existence of `SearchField (First Match)`
    t =    39.84s Checking existence of `"Archive unavailable" StaticText`
    t =    40.06s Checking existence of `SearchField (First Match)`
    t =    40.11s Checking existence of `"Archive unavailable" StaticText`
    t =    40.33s Checking existence of `SearchField (First Match)`
    t =    40.38s Checking existence of `"Archive unavailable" StaticText`
    t =    40.60s Checking existence of `SearchField (First Match)`
    t =    40.65s Checking existence of `"Archive unavailable" StaticText`
    t =    40.87s Checking existence of `SearchField (First Match)`
    t =    40.91s Checking existence of `"Archive unavailable" StaticText`
    t =    41.14s Checking existence of `SearchField (First Match)`
    t =    41.19s Checking existence of `"Archive unavailable" StaticText`
    t =    41.41s Checking existence of `SearchField (First Match)`
    t =    41.46s Checking existence of `"Archive unavailable" StaticText`
    t =    41.68s Checking existence of `SearchField (First Match)`
    t =    41.72s Checking existence of `"Archive unavailable" StaticText`
    t =    41.95s Checking existence of `SearchField (First Match)`
    t =    41.98s Checking existence of `"Archive unavailable" StaticText`
    t =    42.21s Checking existence of `SearchField (First Match)`
    t =    42.25s Checking existence of `"Archive unavailable" StaticText`
    t =    42.48s Checking existence of `SearchField (First Match)`
    t =    42.52s Checking existence of `"Archive unavailable" StaticText`
    t =    42.75s Checking existence of `SearchField (First Match)`
    t =    42.77s Checking existence of `"Archive unavailable" StaticText`
    t =    43.00s Checking existence of `SearchField (First Match)`
    t =    43.02s Checking existence of `"Archive unavailable" StaticText`
    t =    43.24s Checking existence of `SearchField (First Match)`
    t =    43.27s Checking existence of `"Archive unavailable" StaticText`
    t =    43.49s Checking existence of `SearchField (First Match)`
    t =    43.54s Checking existence of `"Archive unavailable" StaticText`
    t =    43.76s Checking existence of `SearchField (First Match)`
    t =    43.81s Checking existence of `"Archive unavailable" StaticText`
    t =    44.03s Checking existence of `SearchField (First Match)`
    t =    44.08s Checking existence of `"Archive unavailable" StaticText`
    t =    44.31s Checking existence of `SearchField (First Match)`
    t =    44.35s Checking existence of `"Archive unavailable" StaticText`
    t =    44.58s Checking existence of `SearchField (First Match)`
    t =    44.62s Checking existence of `"Archive unavailable" StaticText`
    t =    44.85s Checking existence of `SearchField (First Match)`
    t =    44.89s Checking existence of `"Archive unavailable" StaticText`
    t =    45.12s Checking existence of `SearchField (First Match)`
    t =    45.17s Checking existence of `"Archive unavailable" StaticText`
    t =    45.39s Checking existence of `SearchField (First Match)`
    t =    45.44s Checking existence of `"Archive unavailable" StaticText`
    t =    45.67s Waiting 20.0s for StaticText (First Match) to exist
    t =    46.71s     Checking `Expect predicate `existsNoRetry == 1` for object StaticText (First Match)`
    t =    46.71s         Checking existence of `StaticText (First Match)`
    t =    46.74s Tear Down
Test Case '-[GodstoneArchiveUITests.GodstoneArchiveUITests testGSA005DocumentReopensAfterCleanProcessDeath]' passed (47.009 seconds).
Test Case '-[GodstoneArchiveUITests.GodstoneArchiveUITests testGSA005ScrollingRevealsALaterPassage]' started.
    t =     0.00s Start Test at 2026-10-03 19:55:56.265
    t =     0.03s Set Up
    t =     0.07s Open io.godstone.app
    t =     0.08s     Launch io.godstone.app
    t =     0.08s         Terminate io.godstone.app:29427
2026-10-03 19:55:57.399 xcodebuild[29131:45034100] [MT] IDELaunchParametersSnapshot: debugger version lookup failed for path '<nil>': noURL
2026-10-03 19:55:57.399 xcodebuild[29131:45034100] [MT] IDELaunchParametersSnapshot: no debugger version
    t =     1.35s         Setting up automation session
    t =     1.97s         Wait for io.godstone.app to idle
    t =     3.35s Checking existence of `SearchField (First Match)`
    t =     3.42s Waiting 20.0s for Button (First Match) to exist
    t =     4.45s     Checking `Expect predicate `existsNoRetry == 1` for object Button (First Match)`
    t =     4.45s         Checking existence of `Button (First Match)`
    t =     4.49s Tap Button (First Match)
    t =     4.49s     Wait for io.godstone.app to idle
    t =     4.49s     Find the Button (First Match)
    t =     4.52s     Check for interrupting elements affecting "archive.document.1" Button
    t =     4.53s     Synthesize event
    t =     4.82s     Wait for io.godstone.app to idle
    t =     6.69s Waiting 20.0s for StaticText (First Match) to exist
    t =     7.72s     Checking `Expect predicate `existsNoRetry == 1` for object StaticText (First Match)`
    t =     7.72s         Checking existence of `StaticText (First Match)`
    t =     7.77s Get number of matches for: Elements matching predicate 'identifier BEGINSWITH "archive.passage."'
    t =     7.79s Get number of matches for: Elements matching predicate 'identifier BEGINSWITH "archive.passage."'
    t =     7.80s Checking existence of `StaticText (Element at index 9)`
    t =     7.81s Find the StaticText (Element at index 9)
    t =     7.83s Swipe up Target Application 'io.godstone.app'
    t =     7.83s     Wait for io.godstone.app to idle
    t =     7.83s     Find the Target Application 'io.godstone.app'
    t =     7.84s     Check for interrupting elements affecting "Godstone" Application
    t =     7.86s     Synthesize event
    t =     8.28s     Wait for io.godstone.app to idle
    t =    10.50s Checking existence of `"archive.passage.5" StaticText`
    t =    10.53s Find the "archive.passage.5" StaticText
    t =    10.55s Tear Down
Test Case '-[GodstoneArchiveUITests.GodstoneArchiveUITests testGSA005ScrollingRevealsALaterPassage]' passed (10.806 seconds).
Test Case '-[GodstoneArchiveUITests.GodstoneArchiveUITests testGSA005SearchOpenThenBackReturnsToTheSubmittedQuery]' started.
    t =     0.00s Start Test at 2026-10-03 19:56:07.071
    t =     0.03s Set Up
    t =     0.08s Open io.godstone.app
    t =     0.08s     Launch io.godstone.app
    t =     0.08s         Terminate io.godstone.app:29530
2026-10-03 19:56:08.313 xcodebuild[29131:45034100] [MT] IDELaunchParametersSnapshot: debugger version lookup failed for path '<nil>': noURL
2026-10-03 19:56:08.313 xcodebuild[29131:45034100] [MT] IDELaunchParametersSnapshot: no debugger version
    t =     1.46s         Setting up automation session
    t =     2.02s         Wait for io.godstone.app to idle
    t =     3.33s Checking existence of `SearchField (First Match)`
    t =     3.40s Waiting 20.0s for SearchField (First Match) to exist
    t =     4.43s     Checking `Expect predicate `existsNoRetry == 1` for object SearchField (First Match)`
    t =     4.43s         Checking existence of `SearchField (First Match)`
    t =     4.47s Tap SearchField (First Match)
    t =     4.47s     Wait for io.godstone.app to idle
    t =     4.48s     Find the SearchField (First Match)
    t =     4.50s     Check for interrupting elements affecting "Search every document" SearchField
    t =     4.52s     Synthesize event
    t =     4.81s     Wait for io.godstone.app to idle
    t =     5.68s Waiting 10.0s for Keyboard (First Match) to exist
    t =     6.72s     Checking `Expect predicate `existsNoRetry == 1` for object Keyboard (First Match)`
    t =     6.72s         Checking existence of `Keyboard (First Match)`
    t =     6.75s Type 'bleeding
' into "Search every document" SearchField
    t =     6.75s     Wait for io.godstone.app to idle
    t =     6.75s     Find the "Search every document" SearchField
    t =     6.80s     Check for interrupting elements affecting "Search every document" SearchField
    t =     6.82s     Synthesize event
    t =     7.17s     Wait for io.godstone.app to idle
    t =     7.77s Waiting 20.0s for "archive.search.results" StaticText to exist
    t =     8.80s     Checking `Expect predicate `existsNoRetry == 1` for object "archive.search.results" StaticText`
    t =     8.80s         Checking existence of `"archive.search.results" StaticText`
    t =     8.85s Waiting 20.0s for Button (First Match) to exist
    t =     9.90s     Checking `Expect predicate `existsNoRetry == 1` for object Button (First Match)`
    t =     9.90s         Checking existence of `Button (First Match)`
    t =     9.95s Find the Button (First Match)
    t =     9.98s Get number of matches for: Descendants matching type Keyboard
    t =    11.03s Get number of matches for: Descendants matching type Keyboard
    t =    11.07s Tap "archive.search.hit.1" Button
    t =    11.07s     Wait for io.godstone.app to idle
    t =    11.07s     Find the "archive.search.hit.1" Button
    t =    11.10s     Check for interrupting elements affecting "archive.search.hit.1" Button
    t =    11.12s     Synthesize event
    t =    11.41s     Wait for io.godstone.app to idle
    t =    12.24s Waiting 20.0s for "archive.back" Button to exist
    t =    13.28s     Checking `Expect predicate `existsNoRetry == 1` for object "archive.back" Button`
    t =    13.28s         Checking existence of `"archive.back" Button`
    t =    13.32s Get number of matches for: Descendants matching type Keyboard
    t =    14.36s Get number of matches for: Descendants matching type Keyboard
    t =    14.39s Tap "archive.back" Button
    t =    14.39s     Wait for io.godstone.app to idle
    t =    14.40s     Find the "archive.back" Button
    t =    14.41s     Check for interrupting elements affecting "archive.back" Button
    t =    14.43s     Synthesize event
    t =    14.72s     Wait for io.godstone.app to idle
    t =    15.10s Waiting 20.0s for "archive.search.results" StaticText to exist
    t =    16.14s     Checking `Expect predicate `existsNoRetry == 1` for object "archive.search.results" StaticText`
    t =    16.14s         Checking existence of `"archive.search.results" StaticText`
    t =    16.19s Waiting 20.0s for SearchField (First Match) to exist
    t =    17.22s     Checking `Expect predicate `existsNoRetry == 1` for object SearchField (First Match)`
    t =    17.22s         Checking existence of `SearchField (First Match)`
    t =    18.31s Checking `Expect predicate `value == "bleeding"` for object SearchField (First Match)`
    t =    18.31s     Find the SearchField (First Match)
    t =    18.36s Waiting 20.0s for "archive.search.hit.1" Button to exist
    t =    19.43s     Checking `Expect predicate `existsNoRetry == 1` for object "archive.search.hit.1" Button`
    t =    19.43s         Checking existence of `"archive.search.hit.1" Button`
    t =    19.46s Tear Down
Test Case '-[GodstoneArchiveUITests.GodstoneArchiveUITests testGSA005SearchOpenThenBackReturnsToTheSubmittedQuery]' passed (19.736 seconds).
Test Case '-[GodstoneArchiveUITests.GodstoneArchiveUITests testGSFINAL006TheWholeRestorationJourneyInOneSequence]' started.
    t =     0.00s Start Test at 2026-10-03 19:56:26.808
    t =     0.02s Set Up
    t =     0.06s Open io.godstone.app
    t =     0.06s     Launch io.godstone.app
    t =     0.06s         Terminate io.godstone.app:29563
2026-10-03 19:56:27.946 xcodebuild[29131:45034100] [MT] IDELaunchParametersSnapshot: debugger version lookup failed for path '<nil>': noURL
2026-10-03 19:56:27.946 xcodebuild[29131:45034100] [MT] IDELaunchParametersSnapshot: no debugger version
    t =     1.35s         Setting up automation session
    t =     1.93s         Wait for io.godstone.app to idle
    t =     3.24s Checking existence of `SearchField (First Match)`
    t =     3.29s Waiting 20.0s for SearchField (First Match) to exist
    t =     4.35s     Checking `Expect predicate `existsNoRetry == 1` for object SearchField (First Match)`
    t =     4.35s         Checking existence of `SearchField (First Match)`
    t =     4.39s Tap SearchField (First Match)
    t =     4.39s     Wait for io.godstone.app to idle
    t =     4.39s     Find the SearchField (First Match)
    t =     4.42s     Check for interrupting elements affecting "Search every document" SearchField
    t =     4.43s     Synthesize event
    t =     4.72s     Wait for io.godstone.app to idle
    t =     5.55s Waiting 10.0s for Keyboard (First Match) to exist
    t =     6.62s     Checking `Expect predicate `existsNoRetry == 1` for object Keyboard (First Match)`
    t =     6.62s         Checking existence of `Keyboard (First Match)`
    t =     6.65s Type 'bleeding
' into "Search every document" SearchField
    t =     6.65s     Wait for io.godstone.app to idle
    t =     6.66s     Find the "Search every document" SearchField
    t =     6.71s     Check for interrupting elements affecting "Search every document" SearchField
    t =     6.73s     Synthesize event
    t =     7.08s     Wait for io.godstone.app to idle
    t =     7.68s Waiting 20.0s for "archive.search.results" StaticText to exist
    t =     8.72s     Checking `Expect predicate `existsNoRetry == 1` for object "archive.search.results" StaticText`
    t =     8.72s         Checking existence of `"archive.search.results" StaticText`
    t =     8.78s Waiting 20.0s for Button (First Match) to exist
    t =     9.84s     Checking `Expect predicate `existsNoRetry == 1` for object Button (First Match)`
    t =     9.85s         Checking existence of `Button (First Match)`
    t =     9.90s Get number of matches for: Elements matching predicate 'identifier BEGINSWITH "archive.search.hit."'
    t =     9.92s Find the Button (Element at index 1)
    t =     9.93s Get number of matches for: Descendants matching type Keyboard
    t =    10.99s Get number of matches for: Descendants matching type Keyboard
    t =    11.02s Tap "archive.search.hit.2" Button
    t =    11.02s     Wait for io.godstone.app to idle
    t =    11.02s     Find the "archive.search.hit.2" Button
    t =    11.04s     Check for interrupting elements affecting "archive.search.hit.2" Button
    t =    11.06s     Synthesize event
    t =    11.35s     Wait for io.godstone.app to idle
    t =    12.17s Waiting 20.0s for StaticText (First Match) to exist
    t =    13.23s     Checking `Expect predicate `existsNoRetry == 1` for object StaticText (First Match)`
    t =    13.23s         Checking existence of `StaticText (First Match)`
    t =    13.28s Get number of matches for: Elements matching predicate 'identifier BEGINSWITH "archive.passage."'
    t =    13.29s Get number of matches for: Elements matching predicate 'identifier BEGINSWITH "archive.passage."'
    t =    13.31s Find the StaticText (Element at index 9)
    t =    13.32s Checking existence of `"archive.passage.5" StaticText`
    t =    13.33s Find the "archive.passage.5" StaticText
    t =    13.35s Swipe up Target Application 'io.godstone.app'
    t =    13.35s     Wait for io.godstone.app to idle
    t =    13.35s     Find the Target Application 'io.godstone.app'
    t =    13.37s     Check for interrupting elements affecting "Godstone" Application
    t =    13.38s     Synthesize event
    t =    13.80s     Wait for io.godstone.app to idle
    t =    16.15s Checking existence of `"archive.passage.5" StaticText`
    t =    16.16s Find the "archive.passage.5" StaticText
    t =    16.19s Checking existence of `"archive.passage.5" StaticText`
    t =    16.20s Find the "archive.passage.5" StaticText
    t =    16.23s Checking existence of `"archive.passage.5" StaticText`
    t =    16.25s Find the "archive.passage.5" StaticText
    t =    16.27s Checking existence of `"archive.passage.5" StaticText`
    t =    16.29s Find the "archive.passage.5" StaticText
    t =    16.31s Checking existence of `"archive.passage.5" StaticText`
    t =    16.33s Find the "archive.passage.5" StaticText
    t =    16.35s Checking existence of `"archive.passage.5" StaticText`
    t =    16.37s Find the "archive.passage.5" StaticText
    t =    16.39s Checking existence of `"archive.passage.5" StaticText`
    t =    16.40s Find the "archive.passage.5" StaticText
    t =    16.42s Checking existence of `"archive.passage.5" StaticText`
    t =    16.44s Find the "archive.passage.5" StaticText
    t =    16.45s Checking existence of `"archive.passage.5" StaticText`
    t =    16.47s Find the "archive.passage.5" StaticText
    t =    16.49s Checking existence of `"archive.passage.5" StaticText`
    t =    16.50s Find the "archive.passage.5" StaticText
    t =    16.52s Checking existence of `"archive.passage.5" StaticText`
    t =    16.53s Find the "archive.passage.5" StaticText
    t =    16.55s Checking existence of `"archive.passage.5" StaticText`
    t =    16.56s Find the "archive.passage.5" StaticText
    t =    16.58s Pressing Home button
    t =    20.06s Terminate io.godstone.app:29626
    t =    22.21s Open io.godstone.app
    t =    22.22s     Launch io.godstone.app
2026-10-03 19:56:49.024 xcodebuild[29131:45034100] [MT] IDELaunchParametersSnapshot: debugger version lookup failed for path '<nil>': noURL
2026-10-03 19:56:49.025 xcodebuild[29131:45034100] [MT] IDELaunchParametersSnapshot: no debugger version
    t =    22.42s         Setting up automation session
    t =    23.05s         Wait for io.godstone.app to idle
    t =    24.46s Checking existence of `SearchField (First Match)`
    t =    24.52s Checking existence of `"Archive unavailable" StaticText`
    t =    24.76s Checking existence of `SearchField (First Match)`
    t =    24.81s Checking existence of `"Archive unavailable" StaticText`
    t =    25.04s Checking existence of `SearchField (First Match)`
    t =    25.08s Checking existence of `"Archive unavailable" StaticText`
    t =    25.31s Checking existence of `SearchField (First Match)`
    t =    25.35s Checking existence of `"Archive unavailable" StaticText`
    t =    25.58s Checking existence of `SearchField (First Match)`
    t =    25.61s Checking existence of `"Archive unavailable" StaticText`
    t =    25.83s Checking existence of `SearchField (First Match)`
    t =    25.88s Checking existence of `"Archive unavailable" StaticText`
    t =    26.10s Checking existence of `SearchField (First Match)`
    t =    26.15s Checking existence of `"Archive unavailable" StaticText`
    t =    26.38s Checking existence of `SearchField (First Match)`
    t =    26.39s Checking existence of `"Archive unavailable" StaticText`
    t =    26.62s Checking existence of `SearchField (First Match)`
    t =    26.64s Checking existence of `"Archive unavailable" StaticText`
    t =    26.86s Checking existence of `SearchField (First Match)`
    t =    26.90s Checking existence of `"Archive unavailable" StaticText`
    t =    27.13s Checking existence of `SearchField (First Match)`
    t =    27.17s Checking existence of `"Archive unavailable" StaticText`
    t =    27.40s Checking existence of `SearchField (First Match)`
    t =    27.45s Checking existence of `"Archive unavailable" StaticText`
    t =    27.67s Checking existence of `SearchField (First Match)`
    t =    27.71s Checking existence of `"Archive unavailable" StaticText`
    t =    27.94s Checking existence of `SearchField (First Match)`
    t =    27.99s Checking existence of `"Archive unavailable" StaticText`
    t =    28.21s Checking existence of `SearchField (First Match)`
    t =    28.26s Checking existence of `"Archive unavailable" StaticText`
    t =    28.48s Checking existence of `SearchField (First Match)`
    t =    28.53s Checking existence of `"Archive unavailable" StaticText`
    t =    28.75s Checking existence of `SearchField (First Match)`
    t =    28.80s Checking existence of `"Archive unavailable" StaticText`
    t =    29.03s Checking existence of `SearchField (First Match)`
    t =    29.06s Checking existence of `"Archive unavailable" StaticText`
    t =    29.29s Checking existence of `SearchField (First Match)`
    t =    29.32s Checking existence of `"Archive unavailable" StaticText`
    t =    29.54s Checking existence of `SearchField (First Match)`
    t =    29.58s Checking existence of `"Archive unavailable" StaticText`
    t =    29.80s Checking existence of `SearchField (First Match)`
    t =    29.83s Checking existence of `"Archive unavailable" StaticText`
    t =    30.05s Checking existence of `SearchField (First Match)`
    t =    30.08s Checking existence of `"Archive unavailable" StaticText`
    t =    30.30s Checking existence of `SearchField (First Match)`
    t =    30.33s Checking existence of `"Archive unavailable" StaticText`
    t =    30.54s Checking existence of `SearchField (First Match)`
    t =    30.57s Checking existence of `"Archive unavailable" StaticText`
    t =    30.79s Checking existence of `SearchField (First Match)`
    t =    30.82s Checking existence of `"Archive unavailable" StaticText`
    t =    31.05s Checking existence of `SearchField (First Match)`
    t =    31.08s Checking existence of `"Archive unavailable" StaticText`
    t =    31.30s Checking existence of `SearchField (First Match)`
    t =    31.33s Checking existence of `"Archive unavailable" StaticText`
    t =    31.55s Checking existence of `SearchField (First Match)`
    t =    31.58s Checking existence of `"Archive unavailable" StaticText`
    t =    31.80s Checking existence of `SearchField (First Match)`
    t =    31.83s Checking existence of `"Archive unavailable" StaticText`
    t =    32.05s Checking existence of `SearchField (First Match)`
    t =    32.09s Checking existence of `"Archive unavailable" StaticText`
    t =    32.32s Checking existence of `SearchField (First Match)`
    t =    32.36s Checking existence of `"Archive unavailable" StaticText`
    t =    32.59s Checking existence of `SearchField (First Match)`
    t =    32.63s Checking existence of `"Archive unavailable" StaticText`
    t =    32.86s Checking existence of `SearchField (First Match)`
    t =    32.90s Checking existence of `"Archive unavailable" StaticText`
    t =    33.13s Checking existence of `SearchField (First Match)`
    t =    33.18s Checking existence of `"Archive unavailable" StaticText`
    t =    33.40s Checking existence of `SearchField (First Match)`
    t =    33.42s Checking existence of `"Archive unavailable" StaticText`
    t =    33.64s Checking existence of `SearchField (First Match)`
    t =    33.68s Checking existence of `"Archive unavailable" StaticText`
    t =    33.91s Checking existence of `SearchField (First Match)`
    t =    33.95s Checking existence of `"Archive unavailable" StaticText`
    t =    34.18s Checking existence of `SearchField (First Match)`
    t =    34.23s Checking existence of `"Archive unavailable" StaticText`
    t =    34.45s Checking existence of `SearchField (First Match)`
    t =    34.48s Checking existence of `"Archive unavailable" StaticText`
    t =    34.71s Checking existence of `SearchField (First Match)`
    t =    34.76s Checking existence of `"Archive unavailable" StaticText`
    t =    34.98s Checking existence of `SearchField (First Match)`
    t =    35.03s Checking existence of `"Archive unavailable" StaticText`
    t =    35.25s Checking existence of `SearchField (First Match)`
    t =    35.30s Checking existence of `"Archive unavailable" StaticText`
    t =    35.53s Checking existence of `SearchField (First Match)`
    t =    35.58s Checking existence of `"Archive unavailable" StaticText`
    t =    35.80s Checking existence of `SearchField (First Match)`
    t =    35.84s Checking existence of `"Archive unavailable" StaticText`
    t =    36.06s Checking existence of `SearchField (First Match)`
    t =    36.11s Checking existence of `"Archive unavailable" StaticText`
    t =    36.33s Checking existence of `SearchField (First Match)`
    t =    36.37s Checking existence of `"Archive unavailable" StaticText`
    t =    36.60s Checking existence of `SearchField (First Match)`
    t =    36.62s Checking existence of `"Archive unavailable" StaticText`
    t =    36.84s Checking existence of `SearchField (First Match)`
    t =    36.87s Checking existence of `"Archive unavailable" StaticText`
    t =    37.09s Checking existence of `SearchField (First Match)`
    t =    37.14s Checking existence of `"Archive unavailable" StaticText`
    t =    37.36s Checking existence of `SearchField (First Match)`
    t =    37.41s Checking existence of `"Archive unavailable" StaticText`
    t =    37.64s Checking existence of `SearchField (First Match)`
    t =    37.68s Checking existence of `"Archive unavailable" StaticText`
    t =    37.91s Checking existence of `SearchField (First Match)`
    t =    37.95s Checking existence of `"Archive unavailable" StaticText`
    t =    38.18s Checking existence of `SearchField (First Match)`
    t =    38.22s Checking existence of `"Archive unavailable" StaticText`
    t =    38.45s Checking existence of `SearchField (First Match)`
    t =    38.49s Checking existence of `"Archive unavailable" StaticText`
    t =    38.72s Checking existence of `SearchField (First Match)`
    t =    38.77s Checking existence of `"Archive unavailable" StaticText`
    t =    38.99s Checking existence of `SearchField (First Match)`
    t =    39.04s Checking existence of `"Archive unavailable" StaticText`
    t =    39.27s Checking existence of `SearchField (First Match)`
    t =    39.31s Checking existence of `"Archive unavailable" StaticText`
    t =    39.53s Checking existence of `SearchField (First Match)`
    t =    39.57s Checking existence of `"Archive unavailable" StaticText`
    t =    39.80s Checking existence of `SearchField (First Match)`
    t =    39.85s Checking existence of `"Archive unavailable" StaticText`
    t =    40.07s Checking existence of `SearchField (First Match)`
    t =    40.12s Checking existence of `"Archive unavailable" StaticText`
    t =    40.35s Checking existence of `SearchField (First Match)`
    t =    40.39s Checking existence of `"Archive unavailable" StaticText`
    t =    40.61s Checking existence of `SearchField (First Match)`
    t =    40.64s Checking existence of `"Archive unavailable" StaticText`
    t =    40.87s Checking existence of `SearchField (First Match)`
    t =    40.95s Checking existence of `"Archive unavailable" StaticText`
    t =    41.18s Checking existence of `SearchField (First Match)`
    t =    41.23s Checking existence of `"Archive unavailable" StaticText`
    t =    41.46s Checking existence of `SearchField (First Match)`
    t =    41.50s Checking existence of `"Archive unavailable" StaticText`
    t =    41.73s Checking existence of `SearchField (First Match)`
    t =    41.77s Checking existence of `"Archive unavailable" StaticText`
    t =    42.00s Checking existence of `SearchField (First Match)`
    t =    42.04s Checking existence of `"Archive unavailable" StaticText`
    t =    42.27s Checking existence of `SearchField (First Match)`
    t =    42.31s Checking existence of `"Archive unavailable" StaticText`
    t =    42.54s Checking existence of `SearchField (First Match)`
    t =    42.58s Checking existence of `"Archive unavailable" StaticText`
    t =    42.81s Checking existence of `SearchField (First Match)`
    t =    42.85s Checking existence of `"Archive unavailable" StaticText`
    t =    43.08s Checking existence of `SearchField (First Match)`
    t =    43.13s Checking existence of `"Archive unavailable" StaticText`
    t =    43.36s Checking existence of `SearchField (First Match)`
    t =    43.40s Checking existence of `"Archive unavailable" StaticText`
    t =    43.63s Checking existence of `SearchField (First Match)`
    t =    43.65s Checking existence of `"Archive unavailable" StaticText`
    t =    43.87s Checking existence of `SearchField (First Match)`
    t =    43.92s Checking existence of `"Archive unavailable" StaticText`
    t =    44.15s Checking existence of `SearchField (First Match)`
    t =    44.19s Checking existence of `"Archive unavailable" StaticText`
    t =    44.41s Checking existence of `SearchField (First Match)`
    t =    44.45s Checking existence of `"Archive unavailable" StaticText`
    t =    44.68s Checking existence of `SearchField (First Match)`
    t =    44.72s Checking existence of `"Archive unavailable" StaticText`
    t =    44.95s Checking existence of `SearchField (First Match)`
    t =    45.00s Checking existence of `"Archive unavailable" StaticText`
    t =    45.23s Checking existence of `SearchField (First Match)`
    t =    45.27s Checking existence of `"Archive unavailable" StaticText`
    t =    45.50s Checking existence of `SearchField (First Match)`
    t =    45.54s Checking existence of `"Archive unavailable" StaticText`
    t =    45.77s Checking existence of `SearchField (First Match)`
    t =    45.81s Checking existence of `"Archive unavailable" StaticText`
    t =    46.04s Checking existence of `SearchField (First Match)`
    t =    46.07s Checking existence of `"Archive unavailable" StaticText`
    t =    46.29s Checking existence of `SearchField (First Match)`
    t =    46.33s Checking existence of `"Archive unavailable" StaticText`
    t =    46.56s Checking existence of `SearchField (First Match)`
    t =    46.60s Checking existence of `"Archive unavailable" StaticText`
    t =    46.83s Checking existence of `SearchField (First Match)`
    t =    46.85s Checking existence of `"Archive unavailable" StaticText`
    t =    47.08s Checking existence of `SearchField (First Match)`
    t =    47.11s Checking existence of `"Archive unavailable" StaticText`
    t =    47.34s Checking existence of `SearchField (First Match)`
    t =    47.38s Checking existence of `"Archive unavailable" StaticText`
    t =    47.61s Checking existence of `SearchField (First Match)`
    t =    47.65s Checking existence of `"Archive unavailable" StaticText`
    t =    47.88s Checking existence of `SearchField (First Match)`
    t =    47.93s Checking existence of `"Archive unavailable" StaticText`
    t =    48.16s Checking existence of `SearchField (First Match)`
    t =    48.21s Checking existence of `"Archive unavailable" StaticText`
    t =    48.43s Checking existence of `SearchField (First Match)`
    t =    48.48s Checking existence of `"Archive unavailable" StaticText`
    t =    48.71s Checking existence of `SearchField (First Match)`
    t =    48.75s Checking existence of `"Archive unavailable" StaticText`
    t =    48.97s Checking existence of `SearchField (First Match)`
    t =    49.02s Checking existence of `"Archive unavailable" StaticText`
    t =    49.25s Checking existence of `SearchField (First Match)`
    t =    49.29s Checking existence of `"Archive unavailable" StaticText`
    t =    49.51s Checking existence of `SearchField (First Match)`
    t =    49.56s Checking existence of `"Archive unavailable" StaticText`
    t =    49.78s Checking existence of `SearchField (First Match)`
    t =    49.83s Checking existence of `"Archive unavailable" StaticText`
    t =    50.06s Checking existence of `SearchField (First Match)`
    t =    50.10s Checking existence of `"Archive unavailable" StaticText`
    t =    50.33s Checking existence of `SearchField (First Match)`
    t =    50.37s Checking existence of `"Archive unavailable" StaticText`
    t =    50.60s Checking existence of `SearchField (First Match)`
    t =    50.64s Checking existence of `"Archive unavailable" StaticText`
    t =    50.87s Checking existence of `SearchField (First Match)`
    t =    50.92s Checking existence of `"Archive unavailable" StaticText`
    t =    51.14s Checking existence of `SearchField (First Match)`
    t =    51.19s Checking existence of `"Archive unavailable" StaticText`
    t =    51.41s Checking existence of `SearchField (First Match)`
    t =    51.46s Checking existence of `"Archive unavailable" StaticText`
    t =    51.68s Checking existence of `SearchField (First Match)`
    t =    51.73s Checking existence of `"Archive unavailable" StaticText`
    t =    51.95s Checking existence of `SearchField (First Match)`
    t =    52.00s Checking existence of `"Archive unavailable" StaticText`
    t =    52.23s Checking existence of `SearchField (First Match)`
    t =    52.27s Checking existence of `"Archive unavailable" StaticText`
    t =    52.50s Checking existence of `SearchField (First Match)`
    t =    52.54s Checking existence of `"Archive unavailable" StaticText`
    t =    52.77s Checking existence of `SearchField (First Match)`
    t =    52.81s Checking existence of `"Archive unavailable" StaticText`
    t =    53.04s Checking existence of `SearchField (First Match)`
    t =    53.08s Checking existence of `"Archive unavailable" StaticText`
    t =    53.31s Checking existence of `SearchField (First Match)`
    t =    53.35s Checking existence of `"Archive unavailable" StaticText`
    t =    53.58s Checking existence of `SearchField (First Match)`
    t =    53.60s Checking existence of `"Archive unavailable" StaticText`
    t =    53.83s Checking existence of `SearchField (First Match)`
    t =    53.85s Checking existence of `"Archive unavailable" StaticText`
    t =    54.08s Checking existence of `SearchField (First Match)`
    t =    54.12s Checking existence of `"Archive unavailable" StaticText`
    t =    54.35s Checking existence of `SearchField (First Match)`
    t =    54.39s Checking existence of `"Archive unavailable" StaticText`
    t =    54.62s Waiting 20.0s for StaticText (First Match) to exist
    t =    55.64s     Checking `Expect predicate `existsNoRetry == 1` for object StaticText (First Match)`
    t =    55.65s         Checking existence of `StaticText (First Match)`
    t =    55.69s Waiting 20.0s for "archive.passage.5" StaticText to exist
    t =    56.73s     Checking `Expect predicate `existsNoRetry == 1` for object "archive.passage.5" StaticText`
    t =    56.73s         Checking existence of `"archive.passage.5" StaticText`
    t =    56.77s Waiting 20.0s for "archive.back" Button to exist
    t =    57.80s     Checking `Expect predicate `existsNoRetry == 1` for object "archive.back" Button`
    t =    57.80s         Checking existence of `"archive.back" Button`
    t =    57.83s Get number of matches for: Descendants matching type Keyboard
    t =    58.87s Get number of matches for: Descendants matching type Keyboard
    t =    58.90s Tap "archive.back" Button
    t =    58.90s     Wait for io.godstone.app to idle
    t =    58.91s     Find the "archive.back" Button
    t =    58.92s     Check for interrupting elements affecting "archive.back" Button
    t =    58.94s     Synthesize event
    t =    59.23s     Wait for io.godstone.app to idle
    t =    60.02s Checking existence of `Any (First Match)`
    t =    60.06s Find the Any (First Match)
    t =    60.08s Checking existence of `StaticText (First Match)`
    t =    60.13s Waiting 20.0s for "archive.search.results" StaticText to exist
    t =    61.17s     Checking `Expect predicate `existsNoRetry == 1` for object "archive.search.results" StaticText`
    t =    61.17s         Checking existence of `"archive.search.results" StaticText`
    t =    61.22s Waiting 20.0s for "archive.search.hit.2" Button to exist
    t =    62.25s     Checking `Expect predicate `existsNoRetry == 1` for object "archive.search.hit.2" Button`
    t =    62.26s         Checking existence of `"archive.search.hit.2" Button`
    t =    62.30s Tear Down
Test Case '-[GodstoneArchiveUITests.GodstoneArchiveUITests testGSFINAL006TheWholeRestorationJourneyInOneSequence]' passed (62.668 seconds).
Test Suite 'GodstoneArchiveUITests' passed at 2026-10-03 19:57:29.475.
	 Executed 10 tests, with 0 failures (0 unexpected) in 201.412 (201.421) seconds
Test Suite 'GodstoneArchiveUITests.xctest' passed at 2026-10-03 19:57:29.476.
	 Executed 10 tests, with 0 failures (0 unexpected) in 201.412 (201.422) seconds
Test Suite 'All tests' passed at 2026-10-03 19:57:29.477.
	 Executed 10 tests, with 0 failures (0 unexpected) in 201.412 (201.423) seconds
2026-10-03 19:57:29.813 xcodebuild[29131:45034100] [MT] IDETestOperationsObserverDebug: 203.750 elapsed -- Testing started completed.
2026-10-03 19:57:29.813 xcodebuild[29131:45034100] [MT] IDETestOperationsObserverDebug: 0.000 sec, +0.000 sec -- start
2026-10-03 19:57:29.813 xcodebuild[29131:45034100] [MT] IDETestOperationsObserverDebug: 203.750 sec, +203.750 sec -- end

Test session results, code coverage, and logs:
	/Users/oculus/Library/Developer/Xcode/DerivedData/Godstone-dcsmxtfyjnmhzrerxihrahaqtdkr/Logs/Test/Test-GodstoneArchiveUI-2026.10.03_19-54-05-+0530.xcresult

** TEST SUCCEEDED **

Testing started
